held_out_cohort,rank,gene_id,n_nonzero,total_abundance,n_cohorts,prevalence,mean_abundance
FengQ_2015,1,UniRef90_A7B5X2,1231,0.47299469857,9,0.9991883116883117,0.0003839242683198052
FengQ_2015,2,UniRef90_A5KRL1,1230,0.191877002479,9,0.9983766233766234,0.0001557443201939935
FengQ_2015,3,UniRef90_A8S6F0,1230,0.164277042431,9,0.9983766233766234,0.00013334175521996752
FengQ_2015,4,UniRef90_D1KAJ3,1230,0.130628714317,9,0.9983766233766234,0.00010602980058198051
FengQ_2015,5,UniRef90_A5ZTV7,1229,0.131734281207,9,0.997564935064935,0.00010692717630438312
FengQ_2015,6,UniRef90_A0A1E3U755,1229,0.096572256952,9,0.997564935064935,7.83865722012987e-05
FengQ_2015,7,UniRef90_E9RZN0,1229,0.086885665973,9,0.997564935064935,7.052407952353896e-05
FengQ_2015,8,UniRef90_A0A329UIW4,1229,0.082964252008,9,0.997564935064935,6.734111364285715e-05
FengQ_2015,9,UniRef90_G2T0F8,1229,0.05860821421,9,0.997564935064935,4.757160244318182e-05
FengQ_2015,10,UniRef90_A0A0P6IRT9,1229,0.040024848014999996,9,0.997564935064935,3.248770131087662e-05
FengQ_2015,11,UniRef90_O52836,1229,0.0357671428531,9,0.997564935064935,2.9031771796347403e-05
FengQ_2015,12,UniRef90_A7AJP8,1228,0.8403643629655,9,0.9967532467532467,0.0006821139309784903
FengQ_2015,13,UniRef90_A7B5X1,1228,0.30080931633499997,9,0.9967532467532467,0.0002441634061160714
FengQ_2015,14,UniRef90_A5Z319,1228,0.21063542839100002,9,0.9967532467532467,0.00017097031525243508
FengQ_2015,15,UniRef90_A5Z511,1228,0.15601779634,9,0.9967532467532467,0.00012663782170454544
FengQ_2015,16,UniRef90_A0A3E5E271,1228,0.1014949073176,9,0.9967532467532467,8.238222996558442e-05
FengQ_2015,17,UniRef90_B0PBV1,1228,0.088518592501,9,0.9967532467532467,7.184950690016233e-05
FengQ_2015,18,UniRef90_A0A1C5SJL7,1228,0.046939856125,9,0.9967532467532467,3.810053256899351e-05
FengQ_2015,19,UniRef90_R9J210,1228,0.041555775976,9,0.9967532467532467,3.3730337642857145e-05
FengQ_2015,20,UniRef90_A0A2G5ZAL1,1228,0.02953579588,9,0.9967532467532467,2.397386029220779e-05
FengQ_2015,21,UniRef90_A5KR94,1227,0.076229467876,9,0.9959415584415584,6.187456808116884e-05
FengQ_2015,22,UniRef90_A0A2A7BHE3,1227,0.0371838427333,9,0.9959415584415584,3.0181690530275973e-05
FengQ_2015,23,UniRef90_P10952,1227,0.029330269812,9,0.9959415584415584,2.3807037185064938e-05
FengQ_2015,24,UniRef90_A0A373N964,1227,0.0232987352479,9,0.9959415584415584,1.8911311077840908e-05
FengQ_2015,25,UniRef90_A0A3E4HP53,1226,0.4101196604281,9,0.9951298701298701,0.0003328893347630682
FengQ_2015,26,UniRef90_A7B8Q0,1226,0.09759943674799999,9,0.9951298701298701,7.922032203571427e-05
FengQ_2015,27,UniRef90_A0A174CTY8,1226,0.04913061224,9,0.9951298701298701,3.9878743701298705e-05
FengQ_2015,28,UniRef90_B0P4F9,1226,0.04041721195,9,0.9951298701298701,3.280617853084415e-05
FengQ_2015,29,UniRef90_G8FXM5,1226,0.039150358905,9,0.9951298701298701,3.177788872159091e-05
FengQ_2015,30,UniRef90_A0A173XT59,1225,0.3653101552522,9,0.9943181818181818,0.0002965179831592533
FengQ_2015,31,UniRef90_C0BDI2,1225,0.104515031667,9,0.9943181818181818,8.483362959983767e-05
FengQ_2015,32,UniRef90_A0A176U927,1225,0.0847280980994,9,0.9943181818181818,6.877280689886364e-05
FengQ_2015,33,UniRef90_A6KYJ9,1225,0.0715605047596,9,0.9943181818181818,5.808482529188312e-05
FengQ_2015,34,UniRef90_A0A396GB52,1225,0.052663839393,9,0.9943181818181818,4.274662288392857e-05
FengQ_2015,35,UniRef90_G9RSQ0,1225,0.050419001926999996,9,0.9943181818181818,4.092451455113636e-05
FengQ_2015,36,UniRef90_A0A136WGM7,1225,0.047291801393,9,0.9943181818181818,3.838620242938312e-05
FengQ_2015,37,UniRef90_A0A0S2W775,1225,0.036852052607,9,0.9943181818181818,2.9912380362824676e-05
FengQ_2015,38,UniRef90_B6FSS6,1225,0.031693020374,9,0.9943181818181818,2.5724854199675324e-05
FengQ_2015,39,UniRef90_A0A176U5Z8,1225,0.0289822707353,9,0.9943181818181818,2.352457040202922e-05
FengQ_2015,40,UniRef90_T4C374,1225,0.0277435572006,9,0.9943181818181818,2.2519121104383116e-05
FengQ_2015,41,UniRef90_A0A0J8Z0N3,1225,0.016190424413,9,0.9943181818181818,1.3141578257305195e-05
FengQ_2015,42,UniRef90_A7V4G2,1224,2.2043897042319998,9,0.9935064935064936,0.0017892773573311687
FengQ_2015,43,UniRef90_A7UXY6,1224,0.4266257554734,9,0.9935064935064936,0.0003462871391829545
FengQ_2015,44,UniRef90_A7VD49,1224,0.042039591156,9,0.9935064935064936,3.412304476948052e-05
FengQ_2015,45,UniRef90_D4C6N2,1224,0.031856574219,9,0.9935064935064936,2.5857608943993503e-05
FengQ_2015,46,UniRef90_A8RDX0,1224,0.022533863155,9,0.9935064935064936,1.8290473340097403e-05
FengQ_2015,47,UniRef90_UPI0003B4B9B1,1224,0.0223193962357,9,0.9935064935064936,1.8116393048457792e-05
FengQ_2015,48,UniRef90_A0A2I7ZEY3,1224,0.019536897891,9,0.9935064935064936,1.5857871664772728e-05
FengQ_2015,49,UniRef90_A0A116NS82,1224,0.018398594303,9,0.9935064935064936,1.4933923947240261e-05
FengQ_2015,50,UniRef90_Q8A499,1223,0.0675667463323,9,0.9926948051948052,5.4843138256737015e-05
FengQ_2015,51,UniRef90_B0GAB5,1223,0.061086782716,9,0.9926948051948052,4.958342752922078e-05
FengQ_2015,52,UniRef90_A7AZN6,1223,0.051363898394,9,0.9926948051948052,4.1691475969155844e-05
FengQ_2015,53,UniRef90_A0A1E3AIV3,1223,0.04537701325,9,0.9926948051948052,3.683199127435065e-05
FengQ_2015,54,UniRef90_A0A174VDA7,1223,0.038846254201,9,0.9926948051948052,3.1531050487824676e-05
FengQ_2015,55,UniRef90_A0A174C1Q1,1223,0.034522265117999995,9,0.9926948051948052,2.802131908928571e-05
FengQ_2015,56,UniRef90_C7H3I9,1223,0.034212064539,9,0.9926948051948052,2.7769532905032464e-05
FengQ_2015,57,UniRef90_A0A096B5B1,1223,0.030508489304,9,0.9926948051948052,2.4763384175324673e-05
FengQ_2015,58,UniRef90_A0A0P6AFG5,1223,0.028084533016,9,0.9926948051948052,2.2795887188311688e-05
FengQ_2015,59,UniRef90_D4L0W7,1223,0.026344382564699998,9,0.9926948051948052,2.1383427406412337e-05
FengQ_2015,60,UniRef90_D4JTZ5,1223,0.025136648854,9,0.9926948051948052,2.0403124069805195e-05
FengQ_2015,61,UniRef90_A0A1V5J5Q1,1223,0.016848222992,9,0.9926948051948052,1.3675505675324675e-05
FengQ_2015,62,UniRef90_A6P024,1223,0.0166698623546,9,0.9926948051948052,1.3530732430681818e-05
FengQ_2015,63,UniRef90_A5KRI2,1222,0.10860648760899999,9,0.9918831168831169,8.815461656574675e-05
FengQ_2015,64,UniRef90_E6SR85,1222,0.087863933277,9,0.9918831168831169,7.13181276599026e-05
FengQ_2015,65,UniRef90_A6LEG9,1222,0.08538152595290001,9,0.9918831168831169,6.930318665008117e-05
FengQ_2015,66,UniRef90_A6KYH2,1222,0.0655171719754,9,0.9918831168831169,5.3179522707305194e-05
FengQ_2015,67,UniRef90_A0A173YTU2,1222,0.0389880410821,9,0.9918831168831169,3.164613724196429e-05
FengQ_2015,68,UniRef90_A0A174I2V0,1221,0.4249953659834,9,0.9910714285714286,0.0003449637710904221
FengQ_2015,69,UniRef90_D0TK99,1221,0.40852612293199997,9,0.9910714285714286,0.0003315958790032467
FengQ_2015,70,UniRef90_E2SRB6,1221,0.09175123789180001,9,0.9910714285714286,7.44734073797078e-05
FengQ_2015,71,UniRef90_Q08425,1221,0.0762969024956,9,0.9910714285714286,6.192930397370131e-05
FengQ_2015,72,UniRef90_E1YSQ9,1221,0.0712945357375,9,0.9910714285714286,5.786894134537338e-05
FengQ_2015,73,UniRef90_G2T5K3,1221,0.0665864904359999,9,0.9910714285714286,5.404747600324667e-05
FengQ_2015,74,UniRef90_A0A3E4TAH0,1221,0.0550762320118,9,0.9910714285714286,4.470473377581169e-05
FengQ_2015,75,UniRef90_C3R2Z0,1221,0.046499786324100005,9,0.9910714285714286,3.774333305527598e-05
FengQ_2015,76,UniRef90_B0N9J6,1221,0.036253051127,9,0.9910714285714286,2.9426177862824677e-05
FengQ_2015,77,UniRef90_A0A2D1TZK6,1221,0.031325782475,9,0.9910714285714286,2.5426771489448054e-05
FengQ_2015,78,UniRef90_A7AZM6,1221,0.028958942221,9,0.9910714285714286,2.3505634919642858e-05
FengQ_2015,79,UniRef90_A0A134CL89,1221,0.0232523590375,9,0.9910714285714286,1.887366804991883e-05
FengQ_2015,80,UniRef90_J7TUV6,1220,0.1951222684752,9,0.9902597402597403,0.00015837846467142857
FengQ_2015,81,UniRef90_B0NWG2,1220,0.16616100654990001,9,0.9902597402597403,0.00013487094687491885
FengQ_2015,82,UniRef90_K6AL67,1220,0.07816953513569999,9,0.9902597402597403,6.344929799975649e-05
FengQ_2015,83,UniRef90_R6MNH0,1220,0.06619027146999999,9,0.9902597402597403,5.372586969967532e-05
FengQ_2015,84,UniRef90_A0A174EV71,1220,0.065515751934,9,0.9902597402597403,5.31783700762987e-05
FengQ_2015,85,UniRef90_D4LY41,1220,0.058778979485,9,0.9902597402597403,4.771021062094156e-05
FengQ_2015,86,UniRef90_A0A173VH24,1220,0.044560551456,9,0.9902597402597403,3.6169278779220776e-05
FengQ_2015,87,UniRef90_A6P028,1220,0.0386233771599,9,0.9902597402597403,3.135014379862013e-05
FengQ_2015,88,UniRef90_A0A3E4VBF9,1220,0.033658925271,9,0.9902597402597403,2.732055622646104e-05
FengQ_2015,89,UniRef90_A0A395V457,1220,0.011014294047,9,0.9902597402597403,8.940173739448053e-06
FengQ_2015,90,UniRef90_A0A0C1R4M8,1220,0.0067689490685,9,0.9902597402597403,5.494276841314935e-06
FengQ_2015,91,UniRef90_A0A174NV69,1219,0.22327417484900003,9,0.989448051948052,0.00018122903802678575
FengQ_2015,92,UniRef90_A5Z498,1219,0.0882505580721,9,0.989448051948052,7.163194648709415e-05
FengQ_2015,93,UniRef90_A0A396E3S1,1219,0.087109957816,9,0.989448051948052,7.07061345909091e-05
FengQ_2015,94,UniRef90_A0A0N7J6W0,1219,0.07599443674,9,0.989448051948052,6.168379605519481e-05
FengQ_2015,95,UniRef90_A0A396A9Y4,1219,0.07178143139,9,0.989448051948052,5.826414885551948e-05
FengQ_2015,96,UniRef90_C4Z731,1219,0.065807368268,9,0.989448051948052,5.3415071646103895e-05
FengQ_2015,97,UniRef90_D4WHX6,1219,0.063187611188,9,0.989448051948052,5.128864544480519e-05
FengQ_2015,98,UniRef90_A9KJG8,1219,0.043929292216999996,9,0.989448051948052,3.5656893033279215e-05
FengQ_2015,99,UniRef90_D4KTF5,1219,0.037091802687,9,0.989448051948052,3.010698270048701e-05
FengQ_2015,100,UniRef90_A0A2X2VRZ5,1219,0.032224277481,9,0.989448051948052,2.615606938392857e-05
FengQ_2015,101,UniRef90_E5VKQ7,1219,0.027255273638,9,0.989448051948052,2.212278704383117e-05
FengQ_2015,102,UniRef90_A0A346FUW7,1219,0.0242661873219999,9,0.989448051948052,1.969658061850641e-05
FengQ_2015,103,UniRef90_A0A068NYL3,1219,0.02382252096471,9,0.989448051948052,1.933646182200487e-05
FengQ_2015,104,UniRef90_A0A174E4H8,1219,0.023190147121,9,0.989448051948052,1.8823171364448052e-05
FengQ_2015,105,UniRef90_A0A3A6I5M8,1219,0.0111328117421,9,0.989448051948052,9.036373167288961e-06
FengQ_2015,106,UniRef90_B5CLP5,1218,0.1226910583565,9,0.9886363636363636,9.958689801663961e-05
FengQ_2015,107,UniRef90_A8S630,1218,0.0927720686171,9,0.9886363636363636,7.53020037476461e-05
FengQ_2015,108,UniRef90_I4Z7P1,1218,0.059743415627,9,0.9886363636363636,4.849303216477273e-05
FengQ_2015,109,UniRef90_E4VR83,1218,0.056213791242,9,0.9886363636363636,4.5628077306818185e-05
FengQ_2015,110,UniRef90_A0A133PU47,1218,0.0501136188725,9,0.9886363636363636,4.067663869521104e-05
FengQ_2015,111,UniRef90_A0A3E5GAA7,1218,0.049105164712,9,0.9886363636363636,3.985808824025974e-05
FengQ_2015,112,UniRef90_R9LJ58,1218,0.045976030001,9,0.9886363636363636,3.731820616964286e-05
FengQ_2015,113,UniRef90_S0F6D4,1218,0.0410347660758,9,0.9886363636363636,3.330743999659091e-05
FengQ_2015,114,UniRef90_F7KIU0,1218,0.039198781284,9,0.9886363636363636,3.181719260064935e-05
FengQ_2015,115,UniRef90_A0A1Y3RCS7,1218,0.0274147877668,9,0.9886363636363636,2.2252262797727274e-05
FengQ_2015,116,UniRef90_D3AQS6,1218,0.0266500067951,9,0.9886363636363636,2.1631499021996753e-05
FengQ_2015,117,UniRef90_A7ACF2,1217,0.101169612915,9,0.9878246753246753,8.211819230113636e-05
FengQ_2015,118,UniRef90_A0A396DV75,1217,0.057913971549,9,0.9878246753246753,4.700809378977273e-05
FengQ_2015,119,UniRef90_Q8AAN9,1217,0.056446224577,9,0.9878246753246753,4.5816740728084416e-05
FengQ_2015,120,UniRef90_A6LEJ2,1217,0.0562301589225,9,0.9878246753246753,4.564136276176948e-05
FengQ_2015,121,UniRef90_B0PDG5,1217,0.047319154243,9,0.9878246753246753,3.840840441801948e-05
FengQ_2015,122,UniRef90_Q9AE24,1217,0.047164202131,9,0.9878246753246753,3.828263159983766e-05
FengQ_2015,123,UniRef90_W4PUR5,1217,0.045986444485,9,0.9878246753246753,3.7326659484577924e-05
FengQ_2015,124,UniRef90_E1KN21,1217,0.0437678916505,9,0.9878246753246753,3.55258860799513e-05
FengQ_2015,125,UniRef90_A0A0E9FSE3,1217,0.037116410816,9,0.9878246753246753,3.012695683116883e-05
FengQ_2015,126,UniRef90_R0CK04,1217,0.0369829031025,9,0.9878246753246753,3.001859018060065e-05
FengQ_2015,127,UniRef90_D4L1Y8,1217,0.035476102254,9,0.9878246753246753,2.8795537543831165e-05
FengQ_2015,128,UniRef90_A6NW75,1217,0.0314672173834,9,0.9878246753246753,2.5541572551461037e-05
FengQ_2015,129,UniRef90_A0A173QWR1,1217,0.023563828874,9,0.9878246753246753,1.912648447564935e-05
FengQ_2015,130,UniRef90_R9KPA6,1217,0.010961445936,9,0.9878246753246753,8.897277545454545e-06
FengQ_2015,131,UniRef90_A0A1Y4M362,1216,0.0959535172193,9,0.987012987012987,7.788434839228896e-05
FengQ_2015,132,UniRef90_Q8A480,1216,0.0903084061763,9,0.987012987012987,7.330227774050324e-05
FengQ_2015,133,UniRef90_A0A3E4USV0,1216,0.080829352407,9,0.987012987012987,6.56082405900974e-05
FengQ_2015,134,UniRef90_A0A3E5DK23,1216,0.073384057504,9,0.987012987012987,5.956498174025974e-05
FengQ_2015,135,UniRef90_K9E6V7,1216,0.0671953404925,9,0.987012987012987,5.4541672477678576e-05
FengQ_2015,136,UniRef90_A0A174TQZ1,1216,0.063067457973,9,0.987012987012987,5.1191118484577914e-05
FengQ_2015,137,UniRef90_A6BD33,1216,0.050105195549,9,0.987012987012987,4.066980158198052e-05
FengQ_2015,138,UniRef90_C4Z2U0,1216,0.042666709022,9,0.987012987012987,3.463206901136364e-05
FengQ_2015,139,UniRef90_D4VEF8,1216,0.0417850611621,9,0.987012987012987,3.391644574845779e-05
FengQ_2015,140,UniRef90_D4LWI4,1216,0.035598085736,9,0.987012987012987,2.889455011038961e-05
FengQ_2015,141,UniRef90_A0A3E4V6K6,1216,0.031906842226,9,0.987012987012987,2.5898410897727273e-05
FengQ_2015,142,UniRef90_R0BXG6,1216,0.025914395130000004,9,0.987012987012987,2.1034411631493508e-05
FengQ_2015,143,UniRef90_A0A396GFV9,1216,0.0187876965192,9,0.987012987012987,1.5249753668181817e-05
FengQ_2015,144,UniRef90_D4CI29,1216,0.016762663730000002,9,0.987012987012987,1.3606058222402598e-05
FengQ_2015,145,UniRef90_A6P025,1216,0.0123632318302,9,0.987012987012987,1.0035090771266234e-05
FengQ_2015,146,UniRef90_A5ZYU0,1215,0.3262014833681,9,0.9862012987012987,0.000264773931305276
FengQ_2015,147,UniRef90_A0A2P2F5X9,1215,0.0973973970305,9,0.9862012987012987,7.905632875852273e-05
FengQ_2015,148,UniRef90_A7B6K6,1215,0.088287568426,9,0.9862012987012987,7.166198735876623e-05
FengQ_2015,149,UniRef90_A8ST13,1215,0.0585909178854,9,0.9862012987012987,4.755756321866883e-05
FengQ_2015,150,UniRef90_C3R255,1215,0.0562342273127,9,0.9862012987012987,4.564466502654221e-05
FengQ_2015,151,UniRef90_A0A3E5DLS5,1215,0.0518931525405,9,0.9862012987012987,4.212106537378246e-05
FengQ_2015,152,UniRef90_B5D2D5,1215,0.0508472620588,9,0.9862012987012987,4.1272128294480515e-05
FengQ_2015,153,UniRef90_A0A015WBF1,1215,0.047508837802,9,0.9862012987012987,3.856236834577922e-05
FengQ_2015,154,UniRef90_B5CNA7,1215,0.045850177761,9,0.9862012987012987,3.7216053377435065e-05
FengQ_2015,155,UniRef90_D4L1Z3,1215,0.04381572525,9,0.9862012987012987,3.556471205357143e-05
FengQ_2015,156,UniRef90_A0A173X6V6,1215,0.042607211519,9,0.9862012987012987,3.4583775583603896e-05
FengQ_2015,157,UniRef90_W0ERK2,1215,0.0413979916417,9,0.9862012987012987,3.360226594293831e-05
FengQ_2015,158,UniRef90_A0A0K2HGC7,1215,0.0390069155703,9,0.9862012987012987,3.166145744342532e-05
FengQ_2015,159,UniRef90_A0A136WGK3,1215,0.0357603100655,9,0.9862012987012987,2.9026225702516233e-05
FengQ_2015,160,UniRef90_A0A174GBZ5,1215,0.0325003428,9,0.9862012987012987,2.6380148376623374e-05
FengQ_2015,161,UniRef90_U5F4Y0,1215,0.0253141956479,9,0.9862012987012987,2.054723672719156e-05
FengQ_2015,162,UniRef90_F7KHD1,1215,0.024878434699099998,9,0.9862012987012987,2.019353465836039e-05
FengQ_2015,163,UniRef90_A0A173YA79,1215,0.0201096845196,9,0.9862012987012987,1.6322795876298703e-05
FengQ_2015,164,UniRef90_H1B4Y0,1215,0.0180444124439999,9,0.9862012987012987,1.464643867207784e-05
FengQ_2015,165,UniRef90_A0A0E1X896,1214,0.4135466324036,9,0.9853896103896104,0.0003356709678600649
FengQ_2015,166,UniRef90_Q8A485,1214,0.081072084615,9,0.9853896103896104,6.580526348620129e-05
FengQ_2015,167,UniRef90_B0G8N9,1214,0.076403050007,9,0.9853896103896104,6.201546266801948e-05
FengQ_2015,168,UniRef90_Q8A490,1214,0.057066558374,9,0.9853896103896104,4.632025842045455e-05
FengQ_2015,169,UniRef90_A0A016FI57,1214,0.0546614916754,9,0.9853896103896104,4.436809389237013e-05
FengQ_2015,170,UniRef90_Q8A488,1214,0.054255233833,9,0.9853896103896104,4.403833915016234e-05
FengQ_2015,171,UniRef90_A0A3E4GX70,1214,0.0487091909523,9,0.9853896103896104,3.953668096777598e-05
FengQ_2015,172,UniRef90_P94598,1214,0.046894318318,9,0.9853896103896104,3.8063570063311685e-05
FengQ_2015,173,UniRef90_A9KRZ1,1214,0.044213258490999996,9,0.9853896103896104,3.58873851387987e-05
FengQ_2015,174,UniRef90_Q8A129,1214,0.0441696833053,9,0.9853896103896104,3.585201566988636e-05
FengQ_2015,175,UniRef90_Q8A6P8,1214,0.0437957261621,9,0.9853896103896104,3.554847902767857e-05
FengQ_2015,176,UniRef90_A0A015S3B6,1214,0.043029636378100006,9,0.9853896103896104,3.492665290430195e-05
FengQ_2015,177,UniRef90_A6KWD6,1214,0.041786570780400004,9,0.9853896103896104,3.3917671087987014e-05
FengQ_2015,178,UniRef90_Q8AA33,1214,0.0411014198911,9,0.9853896103896104,3.336154211939935e-05
FengQ_2015,179,UniRef90_A0A174Z1D1,1214,0.037960121636,9,0.9853896103896104,3.0811787042207794e-05
FengQ_2015,180,UniRef90_A0A0K6BVC0,1214,0.0377849386202,9,0.9853896103896104,3.0669593035876625e-05
FengQ_2015,181,UniRef90_A0A139SYK8,1214,0.0371529109241,9,0.9853896103896104,3.0156583542288964e-05
FengQ_2015,182,UniRef90_A7VRM9,1214,0.035855035921000006,9,0.9853896103896104,2.9103113572240265e-05
FengQ_2015,183,UniRef90_A0A174IWH6,1214,0.0352337049263,9,0.9853896103896104,2.85987864661526e-05
FengQ_2015,184,UniRef90_Q5LIX0,1214,0.030548803398,9,0.9853896103896104,2.479610665422078e-05
FengQ_2015,185,UniRef90_A0A015YJI0,1214,0.0304436385201,9,0.9853896103896104,2.471074555202922e-05
FengQ_2015,186,UniRef90_A8R8S8,1214,0.0283963629755,9,0.9853896103896104,2.304899592167208e-05
FengQ_2015,187,UniRef90_D4K6T2,1214,0.0270997687704,9,0.9853896103896104,2.199656556038961e-05
FengQ_2015,188,UniRef90_A0A0S2W8L4,1214,0.0260575300035,9,0.9853896103896104,2.1150592535308443e-05
FengQ_2015,189,UniRef90_U2R7I4,1214,0.024583238849,9,0.9853896103896104,1.9953927637175323e-05
FengQ_2015,190,UniRef90_C0CLV9,1214,0.0187532854889999,9,0.9853896103896104,1.5221822637175245e-05
FengQ_2015,191,UniRef90_F5RQN3,1214,0.013865123055000001,9,0.9853896103896104,1.1254158323863637e-05
FengQ_2015,192,UniRef90_R7KL80,1213,0.0795809530651,9,0.984577922077922,6.45949294359578e-05
FengQ_2015,193,UniRef90_Q8A466,1213,0.0603416938572,9,0.984577922077922,4.8978647611363635e-05
FengQ_2015,194,UniRef90_Q8A474,1213,0.052837719252,9,0.984577922077922,4.288775913311689e-05
FengQ_2015,195,UniRef90_A0A014AUH4,1213,0.048961049256,9,0.984577922077922,3.974111140909091e-05
FengQ_2015,196,UniRef90_F3PQ22,1213,0.0479417655678,9,0.984577922077922,3.8913770753084415e-05
FengQ_2015,197,UniRef90_A0A139L6L7,1213,0.043097749862999996,9,0.984577922077922,3.498193982386363e-05
FengQ_2015,198,UniRef90_A0A0P0M4G8,1213,0.0413691413628,9,0.984577922077922,3.357884850876623e-05
FengQ_2015,199,UniRef90_D4KYI8,1213,0.03183990669,9,0.984577922077922,2.5844080105519483e-05
FengQ_2015,200,UniRef90_C0FQ15,1213,0.0317613214451,9,0.984577922077922,2.578029338076299e-05
FengQ_2015,201,UniRef90_A0A174EIN5,1213,0.031708682414,9,0.984577922077922,2.573756689448052e-05
FengQ_2015,202,UniRef90_C7H7K4,1213,0.02650465693,9,0.984577922077922,2.151352023538961e-05
FengQ_2015,203,UniRef90_A0A174LPJ5,1213,0.020983423745,9,0.984577922077922,1.7031999793019482e-05
FengQ_2015,204,UniRef90_R0AZG5,1213,0.019189581745,9,0.984577922077922,1.5575959208603895e-05
FengQ_2015,205,UniRef90_U2ISN9,1213,0.0170732607821,9,0.984577922077922,1.3858166219237012e-05
FengQ_2015,206,UniRef90_A0A174S825,1213,0.015771112417,9,0.984577922077922,1.28012276112013e-05
FengQ_2015,207,UniRef90_A7B6K2,1212,0.283402806709,9,0.9837662337662337,0.00023003474570535714
FengQ_2015,208,UniRef90_A0A174QSW1,1212,0.243991542206,9,0.9837662337662337,0.0001980450829594156
FengQ_2015,209,UniRef90_D4CI30,1212,0.1365436312547,9,0.9837662337662337,0.00011083086952491884
FengQ_2015,210,UniRef90_A5ZYK6,1212,0.1019819964329999,9,0.9837662337662337,8.277759450730512e-05
FengQ_2015,211,UniRef90_Q8A469,1212,0.0551622624812,9,0.9837662337662337,4.477456370227273e-05
FengQ_2015,212,UniRef90_A6L1I4,1212,0.052330069087,9,0.9837662337662337,4.247570542775974e-05
FengQ_2015,213,UniRef90_Q8A4V8,1212,0.050435795197,9,0.9837662337662337,4.0938145452110385e-05
FengQ_2015,214,UniRef90_A6LFQ4,1212,0.049209184158,9,0.9837662337662337,3.994251960876623e-05
FengQ_2015,215,UniRef90_A0A139KPT2,1212,0.0484341817949,9,0.9837662337662337,3.931345924910714e-05
FengQ_2015,216,UniRef90_A0A174UG67,1212,0.0478291532459,9,0.9837662337662337,3.8822364647646105e-05
FengQ_2015,217,UniRef90_Q8A6M0,1212,0.0475519996169,9,0.9837662337662337,3.859740228644481e-05
FengQ_2015,218,UniRef90_R5K610,1212,0.043057164343,9,0.9837662337662337,3.494899703165584e-05
FengQ_2015,219,UniRef90_A0A016BWL8,1212,0.038492146871,9,0.9837662337662337,3.124362570698052e-05
FengQ_2015,220,UniRef90_R5C3D9,1212,0.037891875409,9,0.9837662337662337,3.075639237743506e-05
FengQ_2015,221,UniRef90_B0NE07,1212,0.03575368629,9,0.9837662337662337,2.902084926136364e-05
FengQ_2015,222,UniRef90_D4JB62,1212,0.033487451886999996,9,0.9837662337662337,2.7181373284902594e-05
FengQ_2015,223,UniRef90_D4L1Z7,1212,0.031014157844000002,9,0.9837662337662337,2.517382941883117e-05
FengQ_2015,224,UniRef90_A0A135YTH6,1212,0.0297029497819999,9,0.9837662337662337,2.4109537160714207e-05
FengQ_2015,225,UniRef90_A0A136Q7W4,1212,0.025390957746,9,0.9837662337662337,2.0609543625e-05
FengQ_2015,226,UniRef90_C9YMF1,1212,0.0230898878684,9,0.9837662337662337,1.8741792100974027e-05
FengQ_2015,227,UniRef90_E4M058,1212,0.023013028454000002,9,0.9837662337662337,1.867940621266234e-05
FengQ_2015,228,UniRef90_G2T0G7,1212,0.021239763983,9,0.9837662337662337,1.724006816801948e-05
FengQ_2015,229,UniRef90_F7KLV8,1212,0.016516283944,9,0.9837662337662337,1.340607462987013e-05
FengQ_2015,230,UniRef90_D4LS50,1212,0.0140666915923,9,0.9837662337662337,1.1417769149594156e-05
FengQ_2015,231,UniRef90_C5EWP5,1212,0.011730821216,9,0.9837662337662337,9.521770467532467e-06
FengQ_2015,232,UniRef90_A8SBJ8,1211,0.13967820535699998,9,0.9829545454545454,0.00011337516668587661
FengQ_2015,233,UniRef90_A5Z3S1,1211,0.1305023228650999,9,0.9829545454545454,0.0001059272101177759
FengQ_2015,234,UniRef90_A5ZLI4,1211,0.1073424893715,9,0.9829545454545454,8.712864397037337e-05
FengQ_2015,235,UniRef90_Q8A492,1211,0.0561662680588,9,0.9829545454545454,4.558950329448052e-05
FengQ_2015,236,UniRef90_D4IQJ0,1211,0.054634899837,9,0.9829545454545454,4.434650960795454e-05
FengQ_2015,237,UniRef90_A0A139JRM5,1211,0.0476171092193,9,0.9829545454545454,3.865025098969156e-05
FengQ_2015,238,UniRef90_Q8A481,1211,0.0475235656674,9,0.9829545454545454,3.857432278198052e-05
FengQ_2015,239,UniRef90_A6L227,1211,0.0422911309832,9,0.9829545454545454,3.432721670714286e-05
FengQ_2015,240,UniRef90_A6KYK2,1211,0.041069532526099996,9,0.9829545454545454,3.333565951793831e-05
FengQ_2015,241,UniRef90_A9KMW6,1211,0.036117293431,9,0.9829545454545454,2.9315984927759742e-05
FengQ_2015,242,UniRef90_A0A139JUF4,1211,0.0360291337925,9,0.9829545454545454,2.9244426779626623e-05
FengQ_2015,243,UniRef90_G2T3B2,1211,0.0198172547338,9,0.9829545454545454,1.6085434037175324e-05
FengQ_2015,244,UniRef90_A0A174TTF8,1211,0.0180715939573,9,0.9829545454545454,1.4668501588717532e-05
FengQ_2015,245,UniRef90_A0A1L5L421,1211,0.0147019371839999,9,0.9829545454545454,1.193339057142849e-05
FengQ_2015,246,UniRef90_A6KYI5,1210,0.07350918870959991,9,0.9821428571428571,5.9666549277272653e-05
FengQ_2015,247,UniRef90_Q8A493,1210,0.0573410091378,9,0.9821428571428571,4.6543026897564936e-05
FengQ_2015,248,UniRef90_R5CD91,1210,0.0489817101117,9,0.9821428571428571,3.975788158417208e-05
FengQ_2015,249,UniRef90_U7UPK0,1210,0.0476073611228,9,0.9821428571428571,3.86423385737013e-05
FengQ_2015,250,UniRef90_R5C195,1210,0.0471748625094,9,0.9821428571428571,3.8291284504383116e-05
FengQ_2015,251,UniRef90_Q8A0Z8,1210,0.0451364139977,9,0.9821428571428571,3.663669967345779e-05
FengQ_2015,252,UniRef90_A0A3E5DVA8,1210,0.0437512943507,9,0.9821428571428571,3.5512414245698055e-05
FengQ_2015,253,UniRef90_B6W2B1,1210,0.0434822391394,9,0.9821428571428571,3.529402527548701e-05
FengQ_2015,254,UniRef90_Q5L8Z8,1210,0.0424662152992,9,0.9821428571428571,3.44693306e-05
FengQ_2015,255,UniRef90_P94316,1210,0.041284666271,9,0.9821428571428571,3.3510281064123374e-05
FengQ_2015,256,UniRef90_B5CKQ6,1210,0.035954505121,9,0.9821428571428571,2.9183851559253245e-05
FengQ_2015,257,UniRef90_R6J7M6,1210,0.0326677109199,9,0.9821428571428571,2.6515999123295453e-05
FengQ_2015,258,UniRef90_R5JME6,1210,0.032516747135,9,0.9821428571428571,2.6393463583603898e-05
FengQ_2015,259,UniRef90_F3PL25,1210,0.0313890008849,9,0.9821428571428571,2.5478085133847402e-05
FengQ_2015,260,UniRef90_C7H6T9,1210,0.027433020089,9,0.9821428571428571,2.226706176055195e-05
FengQ_2015,261,UniRef90_I9KG80,1210,0.026722531851,9,0.9821428571428571,2.1690366762175325e-05
FengQ_2015,262,UniRef90_A0A285PPQ3,1210,0.0229611306505999,9,0.9821428571428571,1.863728137224018e-05
FengQ_2015,263,UniRef90_A0A346FUW5,1210,0.018972945789000002,9,0.9821428571428571,1.5400118335227276e-05
FengQ_2015,264,UniRef90_B0N9J9,1210,0.014484020545499899,9,0.9821428571428571,1.1756510183035631e-05
FengQ_2015,265,UniRef90_U5F4E0,1210,0.0144357561866,9,0.9821428571428571,1.1717334567045454e-05
FengQ_2015,266,UniRef90_A0A1L5KFG5,1210,0.0141160485628,9,0.9821428571428571,1.145783162564935e-05
FengQ_2015,267,UniRef90_B2RH62,1209,0.096709738792,9,0.9813311688311688,7.84981646038961e-05
FengQ_2015,268,UniRef90_Q650G5,1209,0.0788165325332999,9,0.9813311688311688,6.397445822508108e-05
FengQ_2015,269,UniRef90_Q8A483,1209,0.0584667493563,9,0.9813311688311688,4.745677707491883e-05
FengQ_2015,270,UniRef90_D4IQJ2,1209,0.0533332466734,9,0.9813311688311688,4.3289972949188316e-05
FengQ_2015,271,UniRef90_Q5L8B5,1209,0.0527056218202,9,0.9813311688311688,4.278053719172078e-05
FengQ_2015,272,UniRef90_R5MXZ2,1209,0.044776902489100004,9,0.9813311688311688,3.6344888384009744e-05
FengQ_2015,273,UniRef90_Q5LAX0,1209,0.0439892328121,9,0.9813311688311688,3.570554611371753e-05
FengQ_2015,274,UniRef90_A0A127SAM3,1209,0.0427665370216,9,0.9813311688311688,3.471309823181818e-05
FengQ_2015,275,UniRef90_A6KXG8,1209,0.039594135144900004,9,0.9813311688311688,3.213809670852273e-05
FengQ_2015,276,UniRef90_Q8A4A1,1209,0.038841259678,9,0.9813311688311688,3.152699649188312e-05
FengQ_2015,277,UniRef90_F7JMP3,1209,0.037647799886,9,0.9813311688311688,3.055827912824675e-05
FengQ_2015,278,UniRef90_K1FTU8,1209,0.0348709070433,9,0.9813311688311688,2.8304307665016235e-05
FengQ_2015,279,UniRef90_Q8A9S7,1209,0.033744904484,9,0.9813311688311688,2.7390344548701297e-05
FengQ_2015,280,UniRef90_A0A173SUT5,1209,0.0337166006851,9,0.9813311688311688,2.736737068595779e-05
FengQ_2015,281,UniRef90_E2SL15,1209,0.0252870078856,9,0.9813311688311688,2.0525168738311688e-05
FengQ_2015,282,UniRef90_D4JTZ6,1209,0.020960604166999998,9,0.9813311688311688,1.7013477408279218e-05
FengQ_2015,283,UniRef90_C4ZES9,1209,0.0182864079013,9,0.9813311688311688,1.4842863556250001e-05
FengQ_2015,284,UniRef90_A0A396A3N3,1209,0.017121155675,9,0.9813311688311688,1.3897041943993506e-05
FengQ_2015,285,UniRef90_A0A174IKQ7,1209,0.014411119052,9,0.9813311688311688,1.1697336892857143e-05
FengQ_2015,286,UniRef90_N9XGD7,1209,0.013591901754399999,9,0.9813311688311688,1.1032387787662337e-05
FengQ_2015,287,UniRef90_A7VEU0,1209,0.0089415038019,9,0.9813311688311688,7.257714124918831e-06
FengQ_2015,288,UniRef90_UPI000E4CFF93,1209,0.0069774249284,9,0.9813311688311688,5.663494260064935e-06
FengQ_2015,289,UniRef90_A5Z300,1208,0.0759482328721,9,0.9805194805194806,6.164629291566559e-05
FengQ_2015,290,UniRef90_Q650G6,1208,0.065638135456,9,0.9805194805194806,5.327770735064935e-05
FengQ_2015,291,UniRef90_R9HNH3,1208,0.063906022577,9,0.9805194805194806,5.1871771572240254e-05
FengQ_2015,292,UniRef90_A6L0V1,1208,0.0455163526805,9,0.9805194805194806,3.69450914614448e-05
FengQ_2015,293,UniRef90_R6JBJ8,1208,0.03904542498,9,0.9805194805194806,3.169271508116883e-05
FengQ_2015,294,UniRef90_A0A0P0L796,1208,0.037532212022300004,9,0.9805194805194806,3.0464457810308447e-05
FengQ_2015,295,UniRef90_Q8A9M2,1208,0.035889064496799995,9,0.9805194805194806,2.9130734169480517e-05
FengQ_2015,296,UniRef90_R7DWY8,1208,0.0357896862392,9,0.9805194805194806,2.905006999935065e-05
FengQ_2015,297,UniRef90_A0A3E4WLB1,1208,0.034767173044,9,0.9805194805194806,2.8220107990259744e-05
FengQ_2015,298,UniRef90_Q8A2S4,1208,0.0322544266184,9,0.9805194805194806,2.618054108636364e-05
FengQ_2015,299,UniRef90_C7H6U5,1208,0.029546253772,9,0.9805194805194806,2.3982348840909093e-05
FengQ_2015,300,UniRef90_A7LRB1,1208,0.02913078708,9,0.9805194805194806,2.3645119383116885e-05
FengQ_2015,301,UniRef90_A8SVC3,1208,0.028956282229999998,9,0.9805194805194806,2.350347583603896e-05
FengQ_2015,302,UniRef90_A8RVD6,1208,0.024174645312999902,9,0.9805194805194806,1.9622277039772646e-05
FengQ_2015,303,UniRef90_D4JTZ7,1208,0.022673033813,9,0.9805194805194806,1.8403436536525972e-05
FengQ_2015,304,UniRef90_A0A396FC19,1208,0.02220379179,9,0.9805194805194806,1.8022558271103897e-05
FengQ_2015,305,UniRef90_A0A2A7ADF2,1208,0.015023193613,9,0.9805194805194806,1.2194150659902597e-05
FengQ_2015,306,UniRef90_R9JR68,1208,0.009399215264100001,9,0.9805194805194806,7.629233168912339e-06
FengQ_2015,307,UniRef90_A8S6E9,1207,0.1576786623732,9,0.9797077922077922,0.00012798592725097403
FengQ_2015,308,UniRef90_A0A395YXK2,1207,0.10722115341300001,9,0.9797077922077922,8.703015699107144e-05
FengQ_2015,309,UniRef90_A0A174DNB1,1207,0.0668978784351,9,0.9797077922077922,5.430022600251624e-05
FengQ_2015,310,UniRef90_C0B7X5,1207,0.046392597574,9,0.9797077922077922,3.7656329199675325e-05
FengQ_2015,311,UniRef90_B0NTF1,1207,0.043806071715,9,0.9797077922077922,3.555687639204545e-05
FengQ_2015,312,UniRef90_E6SW15,1207,0.041528113924,9,0.9797077922077922,3.370788467857143e-05
FengQ_2015,313,UniRef90_A0A174XK61,1207,0.041313265571,9,0.9797077922077922,3.3533494781655845e-05
FengQ_2015,314,UniRef90_B0NR18,1207,0.0408003562085,9,0.9797077922077922,3.311717224715909e-05
FengQ_2015,315,UniRef90_A0A1Q6HB63,1207,0.0398134464276,9,0.9797077922077922,3.231610911331169e-05
FengQ_2015,316,UniRef90_A0A0P0M4R8,1207,0.039394897916,9,0.9797077922077922,3.197637817857143e-05
FengQ_2015,317,UniRef90_A0A396GCB6,1207,0.0360701579328,9,0.9797077922077922,2.92777255948052e-05
FengQ_2015,318,UniRef90_A0A3E4G4R4,1207,0.0336091809044,9,0.9797077922077922,2.728017930551948e-05
FengQ_2015,319,UniRef90_Q8A475,1207,0.0335437384845,9,0.9797077922077922,2.722706045819805e-05
FengQ_2015,320,UniRef90_R6JF12,1207,0.0286702743366,9,0.9797077922077922,2.3271326571915585e-05
FengQ_2015,321,UniRef90_Q8A9C2,1207,0.0270059541208,9,0.9797077922077922,2.1920417305844157e-05
FengQ_2015,322,UniRef90_A0A3E4WS26,1207,0.0222438666178,9,0.9797077922077922,1.8055086540422078e-05
FengQ_2015,323,UniRef90_A6BKX9,1207,0.0218423630176,9,0.9797077922077922,1.7729190761038963e-05
FengQ_2015,324,UniRef90_A0A174Z407,1207,0.018592517427,9,0.9797077922077922,1.5091329080357143e-05
FengQ_2015,325,UniRef90_D9SLI1,1207,0.014122160982,9,0.9797077922077922,1.146279300487013e-05
FengQ_2015,326,UniRef90_A0A0N7J738,1207,0.0127607804077,9,0.9797077922077922,1.0357776304951299e-05
FengQ_2015,327,UniRef90_B0G6W4,1207,0.0115859196972,9,0.9797077922077922,9.404155598376623e-06
FengQ_2015,328,UniRef90_E2SL03,1207,0.010702166716,9,0.9797077922077922,8.686823633116883e-06
FengQ_2015,329,UniRef90_UPI0009DBE405,1207,0.0061647237679,9,0.9797077922077922,5.003834227191558e-06
FengQ_2015,330,UniRef90_D4LWJ1,1206,0.061389051252,9,0.9788961038961039,4.982877536688312e-05
FengQ_2015,331,UniRef90_Q8A465,1206,0.051019194623,9,0.9788961038961039,4.141168394724026e-05
FengQ_2015,332,UniRef90_R7KG75,1206,0.043838397257,9,0.9788961038961039,3.558311465665584e-05
FengQ_2015,333,UniRef90_Q8A1F7,1206,0.04281372883,9,0.9788961038961039,3.4751403271103895e-05
FengQ_2015,334,UniRef90_A0A139LMC3,1206,0.0395770335813,9,0.9788961038961039,3.2124215569237014e-05
FengQ_2015,335,UniRef90_Q8A155,1206,0.034988641542,9,0.9788961038961039,2.839987138149351e-05
FengQ_2015,336,UniRef90_A0A0P0GDE8,1206,0.0347295237105,9,0.9788961038961039,2.8189548466314934e-05
FengQ_2015,337,UniRef90_A0A0K9NBB8,1206,0.02979286412,9,0.9788961038961039,2.4182519577922075e-05
FengQ_2015,338,UniRef90_R5VX92,1206,0.0296214933579,9,0.9788961038961039,2.404341993336039e-05
FengQ_2015,339,UniRef90_C5EWQ2,1206,0.0228124350959,9,0.9788961038961039,1.851658692849026e-05
FengQ_2015,340,UniRef90_C4ZBS3,1206,0.0226527057586999,9,0.9788961038961039,1.8386936492451217e-05
FengQ_2015,341,UniRef90_B7ANM9,1206,0.019171520879,9,0.9788961038961039,1.5561299414772725e-05
FengQ_2015,342,UniRef90_A0A078SQG7,1206,0.0121717696172,9,0.9788961038961039,9.879683130844156e-06
FengQ_2015,343,UniRef90_U5FB63,1206,0.011366894131400001,9,0.9788961038961039,9.226375106655844e-06
FengQ_2015,344,UniRef90_A5ZYV3,1205,0.7341736256720001,9,0.9780844155844156,0.0005959201507077923
FengQ_2015,345,UniRef90_Q5L8C7,1205,0.09282105101,9,0.9780844155844156,7.534176218344156e-05
FengQ_2015,346,UniRef90_D1JU46,1205,0.0794258446811,9,0.9780844155844156,6.446902977362013e-05
FengQ_2015,347,UniRef90_C7XG97,1205,0.0729203562313,9,0.9780844155844156,5.918860083709415e-05
FengQ_2015,348,UniRef90_R9HXJ2,1205,0.0532222436517,9,0.9780844155844156,4.319987309391234e-05
FengQ_2015,349,UniRef90_Q8A491,1205,0.048824073599000005,9,0.9780844155844156,3.9629929869318185e-05
FengQ_2015,350,UniRef90_A5KRL0,1205,0.048582871375,9,0.9780844155844156,3.943414884334416e-05
FengQ_2015,351,UniRef90_R6JM89,1205,0.0444472931047,9,0.9780844155844156,3.607734829926948e-05
FengQ_2015,352,UniRef90_A0A139K2S1,1205,0.035177891611399996,9,0.9780844155844156,2.8553483450811684e-05
FengQ_2015,353,UniRef90_A0A069D0K7,1205,0.034002696357,9,0.9780844155844156,2.7599591198863635e-05
FengQ_2015,354,UniRef90_Q8A525,1205,0.0322409847374,9,0.9780844155844156,2.6169630468668832e-05
FengQ_2015,355,UniRef90_W6NZG1,1205,0.0320571864607,9,0.9780844155844156,2.6020443555762986e-05
FengQ_2015,356,UniRef90_Q8AAG5,1205,0.030317357819600002,9,0.9780844155844156,2.460824498344156e-05
FengQ_2015,357,UniRef90_A0A076J2Q7,1205,0.027752209132,9,0.9780844155844156,2.2526143775974027e-05
FengQ_2015,358,UniRef90_A0A395X3P0,1205,0.027601150163,9,0.9780844155844156,2.240353097646104e-05
FengQ_2015,359,UniRef90_A0A3E2UVE4,1205,0.0149199011688999,9,0.9780844155844156,1.2110309390340829e-05
FengQ_2015,360,UniRef90_A0A174E815,1205,0.0139458309311,9,0.9780844155844156,1.1319667963555195e-05
FengQ_2015,361,UniRef90_A0A174ES80,1204,0.061570313965,9,0.9772727272727273,4.997590419237013e-05
FengQ_2015,362,UniRef90_R9HWQ8,1204,0.051878782049599996,9,0.9772727272727273,4.210940101428571e-05
FengQ_2015,363,UniRef90_I9QVV4,1204,0.050943491986000004,9,0.9772727272727273,4.135023700162338e-05
FengQ_2015,364,UniRef90_E5WY79,1204,0.0456180713737,9,0.9772727272727273,3.702765533579545e-05
FengQ_2015,365,UniRef90_A6L5E4,1204,0.039667370074,9,0.9772727272727273,3.219754064448052e-05
FengQ_2015,366,UniRef90_A0A3E2X5R4,1204,0.0372564687963,9,0.9772727272727273,3.0240640256737014e-05
FengQ_2015,367,UniRef90_A6L6L6,1204,0.03647127313,9,0.9772727272727273,2.960330611201299e-05
FengQ_2015,368,UniRef90_Q8AA38,1204,0.036322721643,9,0.9772727272727273,2.9482728606331173e-05
FengQ_2015,369,UniRef90_E4MAW9,1204,0.035307539999,9,0.9772727272727273,2.8658717531655842e-05
FengQ_2015,370,UniRef90_A5KR91,1204,0.0351440771889,9,0.9772727272727273,2.852603667930195e-05
FengQ_2015,371,UniRef90_Q89Z22,1204,0.034346189384,9,0.9772727272727273,2.787840047402597e-05
FengQ_2015,372,UniRef90_A0A395V4J0,1204,0.0316244828757,9,0.9772727272727273,2.5669223113392857e-05
FengQ_2015,373,UniRef90_R5S2B6,1204,0.0275957832167,9,0.9772727272727273,2.239917468887987e-05
FengQ_2015,374,UniRef90_C0B5T7,1204,0.025513754110000002,9,0.9772727272727273,2.0709215998376626e-05
FengQ_2015,375,UniRef90_B0N9Q2,1204,0.018691931772,9,0.9772727272727273,1.5172022542207792e-05
FengQ_2015,376,UniRef90_A0A173UXL2,1204,0.018219380304999998,9,0.9772727272727273,1.4788458039772726e-05
FengQ_2015,377,UniRef90_A0A2A6ZL80,1204,0.0155900012947,9,0.9772727272727273,1.2654221830113636e-05
FengQ_2015,378,UniRef90_A0A0J9BBM1,1204,0.0143771263992,9,0.9772727272727273,1.1669745453896104e-05
FengQ_2015,379,UniRef90_A7VCV6,1204,0.0120037527814,9,0.9772727272727273,9.743305829058441e-06
FengQ_2015,380,UniRef90_A0A0F0C8D4,1204,0.0116356447697999,9,0.9772727272727273,9.444516858603815e-06
FengQ_2015,381,UniRef90_B1BA66,1204,0.008348674363,9,0.9772727272727273,6.776521398538961e-06
FengQ_2015,382,UniRef90_I9FJM4,1203,0.063178130963,9,0.976461038961039,5.128095045698052e-05
FengQ_2015,383,UniRef90_A6KYH6,1203,0.034545048751,9,0.976461038961039,2.803981229788961e-05
FengQ_2015,384,UniRef90_D4VDF7,1203,0.033304978966300004,9,0.976461038961039,2.703326214797078e-05
FengQ_2015,385,UniRef90_A0A081TW72,1203,0.031899728518,9,0.976461038961039,2.589263678409091e-05
FengQ_2015,386,UniRef90_Q8A6P7,1203,0.030839928016000002,9,0.976461038961039,2.5032409103896105e-05
FengQ_2015,387,UniRef90_R5JUT8,1203,0.0284337667621,9,0.976461038961039,2.307935613806818e-05
FengQ_2015,388,UniRef90_A0A139LIJ9,1203,0.024471674989,9,0.976461038961039,1.986337255600649e-05
FengQ_2015,389,UniRef90_C0EVZ0,1203,0.021885678461999902,9,0.976461038961039,1.7764349400973948e-05
FengQ_2015,390,UniRef90_A0A127T6H1,1203,0.0215584941752,9,0.976461038961039,1.7498777739610392e-05
FengQ_2015,391,UniRef90_C0FW47,1203,0.0214368041784,9,0.976461038961039,1.740000339155844e-05
FengQ_2015,392,UniRef90_A0A149NF03,1203,0.0161502428829,9,0.976461038961039,1.3108963378977272e-05
FengQ_2015,393,UniRef90_B5D3F5,1203,0.0117352817946,9,0.976461038961039,9.525391067045455e-06
FengQ_2015,394,UniRef90_D4IQJ1,1202,0.052899970684,9,0.9756493506493507,4.2938287892857145e-05
FengQ_2015,395,UniRef90_A6L050,1202,0.049161290028500004,9,0.9756493506493507,3.99036445036526e-05
FengQ_2015,396,UniRef90_W4PT15,1202,0.039184207009,9,0.9756493506493507,3.180536283198052e-05
FengQ_2015,397,UniRef90_Q8A9A0,1202,0.038699333342100004,9,0.9756493506493507,3.141179654391234e-05
FengQ_2015,398,UniRef90_R7J8P5,1202,0.037591704053,9,0.9756493506493507,3.051274679626623e-05
FengQ_2015,399,UniRef90_A0A076IVA3,1202,0.033206193578000004,9,0.9756493506493507,2.695307920292208e-05
FengQ_2015,400,UniRef90_Q5L8B2,1202,0.031885472533,9,0.9756493506493507,2.5881065367694806e-05
FengQ_2015,401,UniRef90_R6JK25,1202,0.0299865540413,9,0.9756493506493507,2.4339735423133116e-05
FengQ_2015,402,UniRef90_A0A173V3I4,1202,0.028423486598,9,0.9756493506493507,2.3071011849025975e-05
FengQ_2015,403,UniRef90_C9YMF2,1202,0.025405709542799998,9,0.9756493506493507,2.062151748603896e-05
FengQ_2015,404,UniRef90_D4JTZ8,1202,0.0249937121603,9,0.9756493506493507,2.0287104026217532e-05
FengQ_2015,405,UniRef90_A0A2N5NWD5,1202,0.024222560905,9,0.9756493506493507,1.9661169565746752e-05
FengQ_2015,406,UniRef90_W4UXB0,1202,0.0238122197526,9,0.9756493506493507,1.932810044853896e-05
FengQ_2015,407,UniRef90_F7LF68,1202,0.022081509401,9,0.9756493506493507,1.7923303085227273e-05
FengQ_2015,408,UniRef90_Q8A624,1202,0.0216265368821,9,0.9756493506493507,1.755400720949675e-05
FengQ_2015,409,UniRef90_A0A396AFP6,1202,0.0207536803889999,9,0.9756493506493507,1.684551979626615e-05
FengQ_2015,410,UniRef90_C4ZEM7,1202,0.020025480718099998,9,0.9756493506493507,1.6254448634821425e-05
FengQ_2015,411,UniRef90_A0A0F5JRS5,1202,0.0160552340785,9,0.9756493506493507,1.3031845842938311e-05
FengQ_2015,412,UniRef90_A0A174I2N9,1202,0.0156668614641,9,0.9756493506493507,1.271660833125e-05
FengQ_2015,413,UniRef90_A7AZK8,1202,0.015586977501999999,9,0.9756493506493507,1.2651767452922077e-05
FengQ_2015,414,UniRef90_A0A1L5KWH2,1202,0.0084087231529,9,0.9756493506493507,6.825262299431818e-06
FengQ_2015,415,UniRef90_A0A396E717,1201,0.07215037388,9,0.9748376623376623,5.8563615162337656e-05
FengQ_2015,416,UniRef90_E2SIR4,1201,0.0500021657927,9,0.9748376623376623,4.058617353303571e-05
FengQ_2015,417,UniRef90_A0A173U4I8,1201,0.0434921627959,9,0.9748376623376623,3.5302080191477274e-05
FengQ_2015,418,UniRef90_B0NSG7,1201,0.0371407549623,9,0.9748376623376623,3.0146716690178574e-05
FengQ_2015,419,UniRef90_Q8A0Z5,1201,0.036379323626,9,0.9748376623376623,2.952867177435065e-05
FengQ_2015,420,UniRef90_Q8A9J2,1201,0.0327060606473,9,0.9748376623376623,2.6547127148782468e-05
FengQ_2015,421,UniRef90_Q8A8R5,1201,0.0314829433612,9,0.9748376623376623,2.555433714383117e-05
FengQ_2015,422,UniRef90_A6KYK4,1201,0.031166768339999998,9,0.9748376623376623,2.5297701574675323e-05
FengQ_2015,423,UniRef90_C9YME1,1201,0.0279324246916999,9,0.9748376623376623,2.26724226393668e-05
FengQ_2015,424,UniRef90_B5CNT5,1201,0.02743806461,9,0.9748376623376623,2.2271156339285716e-05
FengQ_2015,425,UniRef90_D4V9V2,1201,0.0253992541537,9,0.9748376623376623,2.061627772215909e-05
FengQ_2015,426,UniRef90_A8RRJ5,1201,0.020069226380999998,9,0.9748376623376623,1.6289956478084414e-05
FengQ_2015,427,UniRef90_C5ER71,1201,0.0145670013192,9,0.9748376623376623,1.1823864707142856e-05
FengQ_2015,428,UniRef90_A0A078RXH7,1201,0.0092492818508,9,0.9748376623376623,7.507533969805194e-06
FengQ_2015,429,UniRef90_A0A1L5KH88,1201,0.0085961562712,9,0.9748376623376623,6.977399570779221e-06
FengQ_2015,430,UniRef90_U2SJF7,1201,0.0061863295474,9,0.9748376623376623,5.021371385876624e-06
FengQ_2015,431,UniRef90_E5VPR3,1201,0.00379554638857,9,0.9748376623376623,3.080800640073052e-06
FengQ_2015,432,UniRef90_E1Z1J4,1200,0.060612714875,9,0.974025974025974,4.9198632203733766e-05
FengQ_2015,433,UniRef90_B0B4B4,1200,0.044934237747,9,0.974025974025974,3.6472595573863636e-05
FengQ_2015,434,UniRef90_W6NZ48,1200,0.04013974979,9,0.974025974025974,3.258096573863636e-05
FengQ_2015,435,UniRef90_A0A329TKY9,1200,0.0367865250816,9,0.974025974025974,2.9859192436363634e-05
FengQ_2015,436,UniRef90_A5ZNS7,1200,0.0366939391496,9,0.974025974025974,2.978404151753247e-05
FengQ_2015,437,UniRef90_A0A0P0L353,1200,0.036426989636,9,0.974025974025974,2.956736171753247e-05
FengQ_2015,438,UniRef90_D4K8L8,1200,0.0330575919485,9,0.974025974025974,2.683246099715909e-05
FengQ_2015,439,UniRef90_E2SL22,1200,0.032558160342,9,0.974025974025974,2.6427078199675325e-05
FengQ_2015,440,UniRef90_A6KYJ8,1200,0.028413104599,9,0.974025974025974,2.3062584901785714e-05
FengQ_2015,441,UniRef90_R6JI09,1200,0.028084197001,9,0.974025974025974,2.2795614448863637e-05
FengQ_2015,442,UniRef90_D4L1Y4,1200,0.02465226501,9,0.974025974025974,2.000995536525974e-05
FengQ_2015,443,UniRef90_A0A395VCF6,1200,0.0233082657504,9,0.974025974025974,1.8919046875324677e-05
FengQ_2015,444,UniRef90_A0A174SKG1,1200,0.0232591442252,9,0.974025974025974,1.8879175507467534e-05
FengQ_2015,445,UniRef90_Q8A5J0,1200,0.022289677629,9,0.974025974025974,1.809227080275974e-05
FengQ_2015,446,UniRef90_E2ZM22,1200,0.017527078024,9,0.974025974025974,1.4226524370129872e-05
FengQ_2015,447,UniRef90_A6P143,1200,0.01537964914926,9,0.974025974025974,1.248348145232143e-05
FengQ_2015,448,UniRef90_A0A396A4F3,1200,0.010624589275,9,0.974025974025974,8.623854931006494e-06
FengQ_2015,449,UniRef90_A0A174QXS4,1200,0.0090426917406,9,0.974025974025974,7.339847192045455e-06
FengQ_2015,450,UniRef90_D4JTX2,1200,0.0060224046265,9,0.974025974025974,4.888315443587662e-06
FengQ_2015,451,UniRef90_Q8A1F6,1199,0.21806121016899999,9,0.9732142857142857,0.0001769977355267857
FengQ_2015,452,UniRef90_A6KWD7,1199,0.041173103721,9,0.9732142857142857,3.3419727046266236e-05
FengQ_2015,453,UniRef90_R5JSR8,1199,0.038229409529,9,0.9732142857142857,3.103036487743507e-05
FengQ_2015,454,UniRef90_A0A173V6Z4,1199,0.0354604078852,9,0.9732142857142857,2.8782798608116885e-05
FengQ_2015,455,UniRef90_A0A174GT87,1199,0.024089502965,9,0.9732142857142857,1.9553167991071426e-05
FengQ_2015,456,UniRef90_A0A174YAF1,1199,0.0239218081594,9,0.9732142857142857,1.9417052077435064e-05
FengQ_2015,457,UniRef90_A0A174LAB2,1199,0.023471234892,9,0.9732142857142857,1.9051327022727272e-05
FengQ_2015,458,UniRef90_E5XF82,1199,0.0232352829296,9,0.9732142857142857,1.8859807572727275e-05
FengQ_2015,459,UniRef90_Q5LJ70,1199,0.0229251554776,9,0.9732142857142857,1.8608080744805196e-05
FengQ_2015,460,UniRef90_D4ML19,1199,0.019723689966,9,0.9732142857142857,1.6009488608766235e-05
FengQ_2015,461,UniRef90_A0A174EHG3,1199,0.0195903125561,9,0.9732142857142857,1.5901227724107145e-05
FengQ_2015,462,UniRef90_C0BE67,1199,0.0194696014886,9,0.9732142857142857,1.5803247961525974e-05
FengQ_2015,463,UniRef90_U2DKD6,1199,0.0187132937617999,9,0.9732142857142857,1.5189361819642775e-05
FengQ_2015,464,UniRef90_C0FW50,1199,0.016727604644,9,0.9732142857142857,1.3577601172077921e-05
FengQ_2015,465,UniRef90_B0PDJ9,1199,0.01654325145,9,0.9732142857142857,1.3427963839285716e-05
FengQ_2015,466,UniRef90_A7B8Q2,1199,0.01611797297076,9,0.9732142857142857,1.3082770268474027e-05
FengQ_2015,467,UniRef90_A0A1C6JTL5,1199,0.015234692146,9,0.9732142857142857,1.2365821547077922e-05
FengQ_2015,468,UniRef90_D4M218,1199,0.0141295446251,9,0.9732142857142857,1.1468786221672078e-05
FengQ_2015,469,UniRef90_H9CDJ3,1199,0.0114119387965,9,0.9732142857142857,9.262937334821428e-06
FengQ_2015,470,UniRef90_D1JU67,1198,0.0819531084372,9,0.9724025974025974,6.6520380225e-05
FengQ_2015,471,UniRef90_A6LE88,1198,0.045545877664,9,0.9724025974025974,3.696905654545454e-05
FengQ_2015,472,UniRef90_A0A396DXA9,1198,0.0332553998195,9,0.9724025974025974,2.6993019334009742e-05
FengQ_2015,473,UniRef90_D4WMR9,1198,0.030566700944,9,0.9724025974025974,2.4810633883116882e-05
FengQ_2015,474,UniRef90_K9EIT5,1198,0.028981671033100002,9,0.9724025974025974,2.352408363076299e-05
FengQ_2015,475,UniRef90_R5J6I6,1198,0.0271679642956,9,0.9724025974025974,2.2051919071103896e-05
FengQ_2015,476,UniRef90_E2ZN31,1198,0.0270994412152,9,0.9724025974025974,2.1996299687662335e-05
FengQ_2015,477,UniRef90_B0P655,1198,0.026703343748300003,9,0.9724025974025974,2.1674792003490263e-05
FengQ_2015,478,UniRef90_R5J0A3,1198,0.0245166500129,9,0.9724025974025974,1.9899878257224027e-05
FengQ_2015,479,UniRef90_F3PTR4,1198,0.0244541329045,9,0.9724025974025974,1.9849133851055195e-05
FengQ_2015,480,UniRef90_U2KQU1,1198,0.0219837781774,9,0.9724025974025974,1.7843975793344156e-05
FengQ_2015,481,UniRef90_A0A174UXW6,1198,0.021617075596599998,9,0.9724025974025974,1.7546327594642854e-05
FengQ_2015,482,UniRef90_W4PJH4,1198,0.021478151759,9,0.9724025974025974,1.743356473944805e-05
FengQ_2015,483,UniRef90_Q8A608,1198,0.0209054751979999,9,0.9724025974025974,1.6968729868506413e-05
FengQ_2015,484,UniRef90_F7LJ47,1198,0.0207188230029999,9,0.9724025974025974,1.6817226463473945e-05
FengQ_2015,485,UniRef90_A0A1Y4MFI1,1198,0.0161486018787999,9,0.9724025974025974,1.3107631395129788e-05
FengQ_2015,486,UniRef90_H1B4W0,1198,0.0143709772782,9,0.9724025974025974,1.1664754284253247e-05
FengQ_2015,487,UniRef90_A0A176U4A7,1198,0.012018877497999899,9,0.9724025974025974,9.755582384740177e-06
FengQ_2015,488,UniRef90_C0FQI1,1198,0.0119283567857,9,0.9724025974025974,9.682107780600649e-06
FengQ_2015,489,UniRef90_H1HWJ5,1198,0.010778758967,9,0.9724025974025974,8.748992668019481e-06
FengQ_2015,490,UniRef90_V2Y2V4,1198,0.010545919828299999,9,0.9724025974025974,8.559999860633117e-06
FengQ_2015,491,UniRef90_A8RSS0,1198,0.0099306042125,9,0.9724025974025974,8.06055536728896e-06
FengQ_2015,492,UniRef90_R6EPT0,1197,0.044717830509,9,0.9715909090909091,3.6296940348214287e-05
FengQ_2015,493,UniRef90_C4Z2U3,1197,0.0427986982598,9,0.9715909090909091,3.473920313295454e-05
FengQ_2015,494,UniRef90_D4K4J9,1197,0.034453001295,9,0.9715909090909091,2.7965098453733766e-05
FengQ_2015,495,UniRef90_D4JS14,1197,0.0311788742189999,9,0.9715909090909091,2.5307527775162258e-05
FengQ_2015,496,UniRef90_G9YL23,1197,0.0283539012738,9,0.9715909090909091,2.301453025470779e-05
FengQ_2015,497,UniRef90_A8SCH0,1197,0.0257550166472,9,0.9715909090909091,2.090504597987013e-05
FengQ_2015,498,UniRef90_Q8A2S5,1197,0.025130858758000002,9,0.9715909090909091,2.0398424316558442e-05
FengQ_2015,499,UniRef90_Q8A1A2,1197,0.0248525420355,9,0.9715909090909091,2.0172517885957794e-05
FengQ_2015,500,UniRef90_Q5LJ28,1197,0.0246213441298,9,0.9715909090909091,1.9984857248214286e-05
FengQ_2015,501,UniRef90_A0A3E4W6B3,1197,0.0240195565787,9,0.9715909090909091,1.9496393326866883e-05
FengQ_2015,502,UniRef90_A0A1Q6HIL9,1197,0.0233215743521,9,0.9715909090909091,1.892984931176948e-05
FengQ_2015,503,UniRef90_U2CWG0,1197,0.023113191539999998,9,0.9715909090909091,1.8760707418831166e-05
FengQ_2015,504,UniRef90_Q5L8L7,1197,0.0228853974708999,9,0.9715909090909091,1.8575809635470697e-05
FengQ_2015,505,UniRef90_R6K3Z5,1197,0.0228583775259,9,0.9715909090909091,1.855387786193182e-05
FengQ_2015,506,UniRef90_A0A139K309,1197,0.0212731877351,9,0.9715909090909091,1.726719783693182e-05
FengQ_2015,507,UniRef90_C7H6T3,1197,0.020893912312000003,9,0.9715909090909091,1.6959344409090912e-05
FengQ_2015,508,UniRef90_Q8A2E9,1197,0.020889434087600002,9,0.9715909090909091,1.6955709486688312e-05
FengQ_2015,509,UniRef90_Q8A9V4,1197,0.0183180411201,9,0.9715909090909091,1.4868539870211038e-05
FengQ_2015,510,UniRef90_A0A395V6C3,1197,0.018044645235,9,0.9715909090909091,1.4646627625811689e-05
FengQ_2015,511,UniRef90_Q8A255,1197,0.0176757152658,9,0.9715909090909091,1.434717148198052e-05
FengQ_2015,512,UniRef90_Q5LBQ4,1197,0.016274880845,9,0.9715909090909091,1.3210130556006492e-05
FengQ_2015,513,UniRef90_C6LH49,1197,0.0157495471407,9,0.9715909090909091,1.2783723328490258e-05
FengQ_2015,514,UniRef90_C0FQQ4,1197,0.014865959518,9,0.9715909090909091,1.2066525582792207e-05
FengQ_2015,515,UniRef90_A0A0M6WPL1,1197,0.0140111971407,9,0.9715909090909091,1.1372724951866882e-05
FengQ_2015,516,UniRef90_A0A3E2VW53,1197,0.0123909795521,9,0.9715909090909091,1.005761327280844e-05
FengQ_2015,517,UniRef90_C6LMP6,1197,0.0098736371369,9,0.9715909090909091,8.014315857873376e-06
FengQ_2015,518,UniRef90_I0R6Y6,1197,0.009731398732000001,9,0.9715909090909091,7.898862607142858e-06
FengQ_2015,519,UniRef90_UPI000E51D229,1197,0.0055047490969,9,0.9715909090909091,4.46814050073052e-06
FengQ_2015,520,UniRef90_C7HAG3,1196,0.0803686553253,9,0.9707792207792207,6.52342981536526e-05
FengQ_2015,521,UniRef90_A0A0P0M182,1196,0.0682102144715,9,0.9707792207792207,5.536543382426948e-05
FengQ_2015,522,UniRef90_R6CPJ3,1196,0.031584949009,9,0.9707792207792207,2.5637133935876626e-05
FengQ_2015,523,UniRef90_A6L7J7,1196,0.031537779914,9,0.9707792207792207,2.559884733279221e-05
FengQ_2015,524,UniRef90_R7CVM1,1196,0.030135606581,9,0.9707792207792207,2.4460719627435065e-05
FengQ_2015,525,UniRef90_F3PVG7,1196,0.028750237348,9,0.9707792207792207,2.3336231613636363e-05
FengQ_2015,526,UniRef90_A0A174EJL6,1196,0.027079080629,9,0.9707792207792207,2.1979773237824675e-05
FengQ_2015,527,UniRef90_A0A174VPV8,1196,0.025175771029800002,9,0.9707792207792207,2.0434879082629872e-05
FengQ_2015,528,UniRef90_G2T4T7,1196,0.0243735911631999,9,0.9707792207792207,1.978375906103888e-05
FengQ_2015,529,UniRef90_A6L5A6,1196,0.0242049532301,9,0.9707792207792207,1.9646877621834415e-05
FengQ_2015,530,UniRef90_R6K688,1196,0.024160930434,9,0.9707792207792207,1.961114483279221e-05
FengQ_2015,531,UniRef90_Q8A1E9,1196,0.0234915868779,9,0.9707792207792207,1.906784649180195e-05
FengQ_2015,532,UniRef90_U2PNB7,1196,0.023474133034000002,9,0.9707792207792207,1.905367941071429e-05
FengQ_2015,533,UniRef90_A0A3E4FZP2,1196,0.0228457598531,9,0.9707792207792207,1.854363624439935e-05
FengQ_2015,534,UniRef90_Q8A6N4,1196,0.022583770263,9,0.9707792207792207,1.8330982356331167e-05
FengQ_2015,535,UniRef90_Q8A0F5,1196,0.0215520052029999,9,0.9707792207792207,1.7493510716720698e-05
FengQ_2015,536,UniRef90_Q5L9Q6,1196,0.0213628871457,9,0.9707792207792207,1.734000580008117e-05
FengQ_2015,537,UniRef90_R7EI38,1196,0.0213595213282999,9,0.9707792207792207,1.7337273805438233e-05
FengQ_2015,538,UniRef90_Q5LD96,1196,0.0210901779661999,9,0.9707792207792207,1.7118650946590827e-05
FengQ_2015,539,UniRef90_A0A1Y4VD92,1196,0.020850647311,9,0.9707792207792207,1.6924226713474026e-05
FengQ_2015,540,UniRef90_R5U104,1196,0.0204959358823,9,0.9707792207792207,1.6636311592775973e-05
FengQ_2015,541,UniRef90_A0A139L5E5,1196,0.020131432044899998,9,0.9707792207792207,1.6340448088392857e-05
FengQ_2015,542,UniRef90_C7H3I1,1196,0.0198093632303,9,0.9707792207792207,1.607902859602273e-05
FengQ_2015,543,UniRef90_Q8A9S3,1196,0.0196157271895,9,0.9707792207792207,1.5921856484983764e-05
FengQ_2015,544,UniRef90_U2CGQ3,1196,0.01906224136,9,0.9707792207792207,1.5472598506493504e-05
FengQ_2015,545,UniRef90_R6VFW8,1196,0.0181205419172,9,0.9707792207792207,1.4708232075649351e-05
FengQ_2015,546,UniRef90_E7GMB4,1196,0.0172833217058,9,0.9707792207792207,1.4028670215746752e-05
FengQ_2015,547,UniRef90_W0FML8,1196,0.017043871065910002,9,0.9707792207792207,1.3834310930121755e-05
FengQ_2015,548,UniRef90_Q8A004,1196,0.0156270136224999,9,0.9707792207792207,1.2684264303977192e-05
FengQ_2015,549,UniRef90_A0A0S2W8P0,1196,0.0143324474713999,9,0.9707792207792207,1.1633480090421997e-05
FengQ_2015,550,UniRef90_D4JB63,1196,0.0138749227131,9,0.9707792207792207,1.1262112591801949e-05
FengQ_2015,551,UniRef90_E1KPU4,1196,0.0137242625313999,9,0.9707792207792207,1.113982348327914e-05
FengQ_2015,552,UniRef90_A0A1H4BVR5,1196,0.0132994373514,9,0.9707792207792207,1.0794997850162339e-05
FengQ_2015,553,UniRef90_B0NGI2,1196,0.0100142100928,9,0.9707792207792207,8.128417283116883e-06
FengQ_2015,554,UniRef90_A0A3E4GL34,1195,0.0698914479508,9,0.9699675324675324,5.673007138863637e-05
FengQ_2015,555,UniRef90_A6KYH0,1195,0.035327385983,9,0.9699675324675324,2.8674826284902594e-05
FengQ_2015,556,UniRef90_B7ARW3,1195,0.0341394919954,9,0.9699675324675324,2.7710626619642856e-05
FengQ_2015,557,UniRef90_Q8A5S7,1195,0.027565172525,9,0.9699675324675324,2.2374328348214286e-05
FengQ_2015,558,UniRef90_Q8A489,1195,0.0270964807455,9,0.9699675324675324,2.199389670900974e-05
FengQ_2015,559,UniRef90_R6X734,1195,0.0264108493886,9,0.9699675324675324,2.1437377750487013e-05
FengQ_2015,560,UniRef90_Q8A1A7,1195,0.026367154559,9,0.9699675324675324,2.140191116801948e-05
FengQ_2015,561,UniRef90_A0A3E4KLQ4,1195,0.0239225753815,9,0.9699675324675324,1.9417674822646104e-05
FengQ_2015,562,UniRef90_A0A139KHM2,1195,0.023076947834,9,0.9699675324675324,1.8731288826298704e-05
FengQ_2015,563,UniRef90_A0A174T2A6,1195,0.023027004371299998,9,0.9699675324675324,1.869075030137987e-05
FengQ_2015,564,UniRef90_A0A139KFG6,1195,0.0229124929307,9,0.9699675324675324,1.859780270349026e-05
FengQ_2015,565,UniRef90_F3PU10,1195,0.0221897471523,9,0.9699675324675324,1.801115840284091e-05
FengQ_2015,566,UniRef90_Q5LAS7,1195,0.0216143360114,9,0.9699675324675324,1.7544103905357144e-05
FengQ_2015,567,UniRef90_B6W3T5,1195,0.0199388040876,9,0.9699675324675324,1.618409422694805e-05
FengQ_2015,568,UniRef90_C6IGG8,1195,0.0198609564464,9,0.9699675324675324,1.6120906206493507e-05
FengQ_2015,569,UniRef90_Q8A015,1195,0.0198496668456,9,0.9699675324675324,1.611174256948052e-05
FengQ_2015,570,UniRef90_A0A396G6G2,1195,0.019394100179,9,0.9699675324675324,1.5741964431006492e-05
FengQ_2015,571,UniRef90_A0A1M6KEV5,1195,0.018843135972000002,9,0.9699675324675324,1.5294753224025977e-05
FengQ_2015,572,UniRef90_A0A396E1H8,1195,0.0182898883309,9,0.9699675324675324,1.4845688580275973e-05
FengQ_2015,573,UniRef90_G1VSP2,1195,0.016027195367,9,0.9699675324675324,1.3009087148538962e-05
FengQ_2015,574,UniRef90_A0A176U3W6,1195,0.0153619865239,9,0.9699675324675324,1.2469144905762987e-05
FengQ_2015,575,UniRef90_Q5LGL5,1195,0.0151965537338,9,0.9699675324675324,1.2334865043668831e-05
FengQ_2015,576,UniRef90_UPI000E553183,1195,0.009739898037,9,0.9699675324675324,7.905761393668831e-06
FengQ_2015,577,UniRef90_D5Q4B6,1195,0.00742956255759,9,0.9699675324675324,6.030489088952922e-06
FengQ_2015,578,UniRef90_A5ZI73,1194,0.1568818322192,9,0.9691558441558441,0.00012733914952857143
FengQ_2015,579,UniRef90_U2KCM5,1194,0.057059162080199996,9,0.9691558441558441,4.631425493522727e-05
FengQ_2015,580,UniRef90_C0B7X0,1194,0.051672733916,9,0.9691558441558441,4.19421541525974e-05
FengQ_2015,581,UniRef90_A5KP23,1194,0.03432118182,9,0.9691558441558441,2.7858102126623374e-05
FengQ_2015,582,UniRef90_A0A174ZJF4,1194,0.0309217877014,9,0.9691558441558441,2.5098853653733767e-05
FengQ_2015,583,UniRef90_D4J4C3,1194,0.028097233461099998,9,0.9691558441558441,2.2806195991152596e-05
FengQ_2015,584,UniRef90_A0A120A3C2,1194,0.0257367294505,9,0.9691558441558441,2.0890202476055194e-05
FengQ_2015,585,UniRef90_I8V0Z4,1194,0.0251817178219,9,0.9691558441558441,2.043970602426948e-05
FengQ_2015,586,UniRef90_R6MDY5,1194,0.023486355274800003,9,0.9691558441558441,1.9063600060714286e-05
FengQ_2015,587,UniRef90_Q8A477,1194,0.023405061761,9,0.9691558441558441,1.8997615065746755e-05
FengQ_2015,588,UniRef90_Q8A5V7,1194,0.023294553687,9,0.9691558441558441,1.890791695373377e-05
FengQ_2015,589,UniRef90_A0A1Y4P879,1194,0.0232290907555,9,0.9691558441558441,1.8854781457386362e-05
FengQ_2015,590,UniRef90_Q8A7G0,1194,0.0231935536272,9,0.9691558441558441,1.8825936385714285e-05
FengQ_2015,591,UniRef90_D1PJ38,1194,0.023138979059,9,0.9691558441558441,1.878163884659091e-05
FengQ_2015,592,UniRef90_Q5L7Z7,1194,0.022572112781,9,0.9691558441558441,1.832152011444805e-05
FengQ_2015,593,UniRef90_Q8A639,1194,0.022521131311,9,0.9691558441558441,1.8280139051136363e-05
FengQ_2015,594,UniRef90_Q8A094,1194,0.022278294364,9,0.9691558441558441,1.808303113961039e-05
FengQ_2015,595,UniRef90_A0A174ZHE4,1194,0.0218641051949999,9,0.9691558441558441,1.7746838632305113e-05
FengQ_2015,596,UniRef90_A0A139KHH7,1194,0.0217834775392,9,0.9691558441558441,1.7681394106493505e-05
FengQ_2015,597,UniRef90_Q8A468,1194,0.0217701986609999,9,0.9691558441558441,1.7670615796266154e-05
FengQ_2015,598,UniRef90_R9KD72,1194,0.0215024842148,9,0.9691558441558441,1.7453315109415585e-05
FengQ_2015,599,UniRef90_B6W3Z6,1194,0.021026107035,9,0.9691558441558441,1.7066645320616885e-05
FengQ_2015,600,UniRef90_D4ML13,1194,0.02094280412,9,0.9691558441558441,1.6999029318181818e-05
FengQ_2015,601,UniRef90_A0A173X9Q0,1194,0.019984518231,9,0.9691558441558441,1.6221199862824674e-05
FengQ_2015,602,UniRef90_R6FPH6,1194,0.0191901544674999,9,0.9691558441558441,1.5576424080762905e-05
FengQ_2015,603,UniRef90_Q8A294,1194,0.0188207429147,9,0.9691558441558441,1.5276577041152597e-05
FengQ_2015,604,UniRef90_Q8A988,1194,0.018383896492,9,0.9691558441558441,1.4921993905844155e-05
FengQ_2015,605,UniRef90_G9YLS6,1194,0.016858887589,9,0.9691558441558441,1.3684162004058443e-05
FengQ_2015,606,UniRef90_F7KMY8,1194,0.015995429576,9,0.9691558441558441,1.2983303227272727e-05
FengQ_2015,607,UniRef90_H1LZ82,1194,0.014882266537,9,0.9691558441558441,1.2079761799512987e-05
FengQ_2015,608,UniRef90_Q5L7B7,1194,0.014876360917,9,0.9691558441558441,1.2074968276785715e-05
FengQ_2015,609,UniRef90_A0A396G9A0,1194,0.0118162844811,9,0.9691558441558441,9.591140000892857e-06
FengQ_2015,610,UniRef90_A0A0J9I2L5,1194,0.011532230607,9,0.9691558441558441,9.360576791396104e-06
FengQ_2015,611,UniRef90_U5F5C0,1194,0.0109556330463,9,0.9691558441558441,8.892559290827922e-06
FengQ_2015,612,UniRef90_A0A0P6CHJ0,1194,0.0071185286471,9,0.9691558441558441,5.77802649926948e-06
FengQ_2015,613,UniRef90_R5F2A6,1194,0.00017441889428,9,0.9691558441558441,1.4157377782467533e-07
FengQ_2015,614,UniRef90_A6BKY7,1193,0.24759164565019998,9,0.9683441558441559,0.00020096724484594154
FengQ_2015,615,UniRef90_B6FT18,1193,0.053107131031,9,0.9683441558441559,4.310643752516234e-05
FengQ_2015,616,UniRef90_D4KKP9,1193,0.0295179435462,9,0.9683441558441559,2.3959369761525972e-05
FengQ_2015,617,UniRef90_Q8A476,1193,0.028034405805,9,0.9683441558441559,2.2755199517045454e-05
FengQ_2015,618,UniRef90_D4JBN5,1193,0.0278834849901,9,0.9683441558441559,2.2632698855600647e-05
FengQ_2015,619,UniRef90_C0B9Z9,1193,0.026791474561799998,9,0.9683441558441559,2.174632675470779e-05
FengQ_2015,620,UniRef90_A0A2X3W5A8,1193,0.026474555684,9,0.9683441558441559,2.1489087405844156e-05
FengQ_2015,621,UniRef90_Q8A5S6,1193,0.024868338001899998,9,0.9683441558441559,2.018533928725649e-05
FengQ_2015,622,UniRef90_A0A3E4I5X3,1193,0.0244126306793,9,0.9683441558441559,1.9815446979951298e-05
FengQ_2015,623,UniRef90_Q5LGS0,1193,0.0241740863719,9,0.9683441558441559,1.9621823353814937e-05
FengQ_2015,624,UniRef90_I8XGM3,1193,0.023053749297700002,9,0.9683441558441559,1.8712458845535718e-05
FengQ_2015,625,UniRef90_C4Z2T8,1193,0.0229666061577,9,0.9683441558441559,1.8641725777353896e-05
FengQ_2015,626,UniRef90_I9JB29,1193,0.0221878662109,9,0.9683441558441559,1.8009631664691558e-05
FengQ_2015,627,UniRef90_R5JC86,1193,0.0221548814783,9,0.9683441558441559,1.7982858342775974e-05
FengQ_2015,628,UniRef90_Q8A135,1193,0.022139315444,9,0.9683441558441559,1.7970223574675323e-05
FengQ_2015,629,UniRef90_Q8A1D5,1193,0.022013505987899997,9,0.9683441558441559,1.7868105509659087e-05
FengQ_2015,630,UniRef90_I8XN29,1193,0.021888427347,9,0.9683441558441559,1.7766580638798702e-05
FengQ_2015,631,UniRef90_C4ZFG4,1193,0.0217364658682,9,0.9683441558441559,1.7643235282629873e-05
FengQ_2015,632,UniRef90_R6J8M2,1193,0.0211433428256,9,0.9683441558441559,1.716180424155844e-05
FengQ_2015,633,UniRef90_A0A174Y9Z1,1193,0.0210548990038,9,0.9683441558441559,1.709001542516234e-05
FengQ_2015,634,UniRef90_P15623,1193,0.0194312804218,9,0.9683441558441559,1.577214319951299e-05
FengQ_2015,635,UniRef90_R6AK17,1193,0.018948135648499998,9,0.9683441558441559,1.5379980234172077e-05
FengQ_2015,636,UniRef90_R6KLK7,1193,0.0188493935058,9,0.9683441558441559,1.529983239107143e-05
FengQ_2015,637,UniRef90_Q8AAW1,1193,0.0187828984106999,9,0.9683441558441559,1.5245859099594075e-05
FengQ_2015,638,UniRef90_R6FT54,1193,0.0187521658277,9,0.9683441558441559,1.5220913821185065e-05
FengQ_2015,639,UniRef90_A0A139K7N7,1193,0.0185524902494,9,0.9683441558441559,1.5058839488149349e-05
FengQ_2015,640,UniRef90_A0A3E4IC05,1193,0.0179137476278,9,0.9683441558441559,1.4540379568019481e-05
FengQ_2015,641,UniRef90_A0A0P0GUH0,1193,0.017035792006,9,0.9683441558441559,1.3827753251623376e-05
FengQ_2015,642,UniRef90_C0EWA4,1193,0.0167849041955,9,0.9683441558441559,1.3624110548295456e-05
FengQ_2015,643,UniRef90_R6K4C9,1193,0.01585536998,9,0.9683441558441559,1.286961849025974e-05
FengQ_2015,644,UniRef90_A8SHC7,1193,0.015231899430000001,9,0.9683441558441559,1.2363554732142857e-05
FengQ_2015,645,UniRef90_A0A0P0GD67,1193,0.014952880463,9,0.9683441558441559,1.213707829788961e-05
FengQ_2015,646,UniRef90_Q5LC76,1193,0.0147493329286,9,0.9683441558441559,1.1971861143344156e-05
FengQ_2015,647,UniRef90_R7ADE8,1193,0.013035813333599999,9,0.9683441558441559,1.0581017316233765e-05
FengQ_2015,648,UniRef90_D3AK44,1192,0.0550046429251,9,0.9675324675324676,4.464662575089286e-05
FengQ_2015,649,UniRef90_A0A139K413,1192,0.046396582475,9,0.9675324675324676,3.765956369724026e-05
FengQ_2015,650,UniRef90_R7AEJ7,1192,0.029017246443499997,9,0.9675324675324676,2.355295977556818e-05
FengQ_2015,651,UniRef90_R5M1J0,1192,0.028418018110000002,9,0.9675324675324676,2.306657314123377e-05
FengQ_2015,652,UniRef90_E6SRC4,1192,0.027651644557,9,0.9675324675324676,2.2444516685876623e-05
FengQ_2015,653,UniRef90_A0A3E4IFP6,1192,0.0262244637306,9,0.9675324675324676,2.128609069042208e-05
FengQ_2015,654,UniRef90_A0A016DEW0,1192,0.024502999407,9,0.9675324675324676,1.9888798219967534e-05
FengQ_2015,655,UniRef90_U2DQ57,1192,0.024490156665000002,9,0.9675324675324676,1.9878373916396105e-05
FengQ_2015,656,UniRef90_Q5L923,1192,0.024082560472,9,0.9675324675324676,1.954753285064935e-05
FengQ_2015,657,UniRef90_A0A174KPV5,1192,0.0240337973976,9,0.9675324675324676,1.9507952433116883e-05
FengQ_2015,658,UniRef90_K9E1G2,1192,0.0228723126609999,9,0.9675324675324676,1.8565188848214203e-05
FengQ_2015,659,UniRef90_A0A3E2YA41,1192,0.022832654107,9,0.9675324675324676,1.8532998463474025e-05
FengQ_2015,660,UniRef90_A0A396G5C6,1192,0.0217545923075,9,0.9675324675324676,1.765794830154221e-05
FengQ_2015,661,UniRef90_Q8A479,1192,0.02052243241,9,0.9675324675324676,1.665781851461039e-05
FengQ_2015,662,UniRef90_A7AZP9,1192,0.01941261507,9,0.9675324675324676,1.5756992751623376e-05
FengQ_2015,663,UniRef90_C3R9X8,1192,0.0193683392736,9,0.9675324675324676,1.5721054605194804e-05
FengQ_2015,664,UniRef90_Q8A9W1,1192,0.0188431660382,9,0.9675324675324676,1.529477762840909e-05
FengQ_2015,665,UniRef90_Q89YY3,1192,0.018274129721899998,9,0.9675324675324676,1.4832897501542206e-05
FengQ_2015,666,UniRef90_R5CBB2,1192,0.0181832574924,9,0.9675324675324676,1.4759137575e-05
FengQ_2015,667,UniRef90_Q8A997,1192,0.0181107377738,9,0.9675324675324676,1.4700274167045456e-05
FengQ_2015,668,UniRef90_A0A174RP44,1192,0.0179410013564,9,0.9675324675324676,1.4562501100974028e-05
FengQ_2015,669,UniRef90_A0A174Y440,1192,0.016783748132000002,9,0.9675324675324676,1.3623172185064937e-05
FengQ_2015,670,UniRef90_C5ER84,1192,0.0166742730674,9,0.9675324675324676,1.353431255470779e-05
FengQ_2015,671,UniRef90_D7GUY4,1192,0.016460589573,9,0.9675324675324676,1.3360868159902597e-05
FengQ_2015,672,UniRef90_A0A173X477,1192,0.016209518605,9,0.9675324675324676,1.3157076789772728e-05
FengQ_2015,673,UniRef90_C9L352,1192,0.015116427702300001,9,0.9675324675324676,1.2269827680438312e-05
FengQ_2015,674,UniRef90_C7H6T0,1192,0.0131331907846,9,0.9675324675324676,1.0660057455032468e-05
FengQ_2015,675,UniRef90_W5R5G6,1192,0.0124642763718,9,0.9675324675324676,1.0117107444642857e-05
FengQ_2015,676,UniRef90_R5MCK3,1192,0.0111034730326,9,0.9675324675324676,9.012559279707793e-06
FengQ_2015,677,UniRef90_R5W4D0,1192,0.0109288974836,9,0.9675324675324676,8.870858347077922e-06
FengQ_2015,678,UniRef90_A0A174N306,1191,0.045480843399,9,0.9667207792207793,3.691626899269481e-05
FengQ_2015,679,UniRef90_C3RAI8,1191,0.0342809455331,9,0.9667207792207793,2.7825442802840912e-05
FengQ_2015,680,UniRef90_A0A174Z6W2,1191,0.0283477777218,9,0.9667207792207793,2.3009559839123376e-05
FengQ_2015,681,UniRef90_Q8A2E6,1191,0.027123349998,9,0.9667207792207793,2.2015706167207793e-05
FengQ_2015,682,UniRef90_G2T4S6,1191,0.026709320124,9,0.9667207792207793,2.167964295779221e-05
FengQ_2015,683,UniRef90_A0A174FKR7,1191,0.0261640237083,9,0.9667207792207793,2.1237032230762987e-05
FengQ_2015,684,UniRef90_A0A078PLC9,1191,0.025727270696,9,0.9667207792207793,2.0882524915584416e-05
FengQ_2015,685,UniRef90_K5ZNU4,1191,0.0256190585072,9,0.9667207792207793,2.0794690346753247e-05
FengQ_2015,686,UniRef90_Q8A4A3,1191,0.025276091644,9,0.9667207792207793,2.05163081525974e-05
FengQ_2015,687,UniRef90_C4ZEN0,1191,0.0222447680077,9,0.9667207792207793,1.8055818188068182e-05
FengQ_2015,688,UniRef90_Q8A463,1191,0.02145672757,9,0.9667207792207793,1.741617497564935e-05
FengQ_2015,689,UniRef90_P22841,1191,0.020823529772300002,9,0.9667207792207793,1.690221572426948e-05
FengQ_2015,690,UniRef90_B5D0R2,1191,0.020693815733000002,9,0.9667207792207793,1.6796928354707795e-05
FengQ_2015,691,UniRef90_A6BL09,1191,0.020002173631999902,9,0.9667207792207793,1.6235530545454465e-05
FengQ_2015,692,UniRef90_A5ZGJ8,1191,0.018922866458,9,0.9667207792207793,1.53594695275974e-05
FengQ_2015,693,UniRef90_A8SV00,1191,0.017858002794000002,9,0.9667207792207793,1.4495132137987016e-05
FengQ_2015,694,UniRef90_A0A173W0R5,1191,0.0176999913246,9,0.9667207792207793,1.4366876075162338e-05
FengQ_2015,695,UniRef90_A0A139K266,1191,0.016529375051000002,9,0.9667207792207793,1.3416700528409092e-05
FengQ_2015,696,UniRef90_U5F4R0,1191,0.0163986028494,9,0.9667207792207793,1.3310554260876624e-05
FengQ_2015,697,UniRef90_A0A396E7W7,1191,0.0157722121278,9,0.9667207792207793,1.2802120233603896e-05
FengQ_2015,698,UniRef90_Q8AA47,1191,0.0140448654413,9,0.9667207792207793,1.1400053117938312e-05
FengQ_2015,699,UniRef90_A0A0E2H2A6,1191,0.0131636763688,9,0.9667207792207793,1.0684802247402598e-05
FengQ_2015,700,UniRef90_D1PJ25,1191,0.0125410651,9,0.9667207792207793,1.0179435957792207e-05
FengQ_2015,701,UniRef90_B8QUH0,1191,0.012105549824999999,9,0.9667207792207793,9.825933299512987e-06
FengQ_2015,702,UniRef90_A0A174UTZ4,1191,0.0107072898681,9,0.9667207792207793,8.690982035795454e-06
FengQ_2015,703,UniRef90_B8QUG9,1191,0.0074842867563,9,0.9667207792207793,6.074908081412337e-06
FengQ_2015,704,UniRef90_A0A015TZE4,1191,0.0057624496853,9,0.9667207792207793,4.67731305625e-06
FengQ_2015,705,UniRef90_A0A174UML5,1190,0.032363907396,9,0.9659090909090909,2.6269405353896105e-05
FengQ_2015,706,UniRef90_B5D0K9,1190,0.0307493662338,9,0.9659090909090909,2.49589011637987e-05
FengQ_2015,707,UniRef90_A0A374QB39,1190,0.0280083310826,9,0.9659090909090909,2.2734034969642856e-05
FengQ_2015,708,UniRef90_D4L247,1190,0.027058280919599997,9,0.9659090909090909,2.196289035681818e-05
FengQ_2015,709,UniRef90_A7B4E8,1190,0.025147675056,9,0.9659090909090909,2.041207390909091e-05
FengQ_2015,710,UniRef90_C7H5A0,1190,0.023588666706999998,9,0.9659090909090909,1.9146645054383114e-05
FengQ_2015,711,UniRef90_Q64RV7,1190,0.0231234877871,9,0.9659090909090909,1.8769064762256494e-05
FengQ_2015,712,UniRef90_D6D3U5,1190,0.0230761956463,9,0.9659090909090909,1.8730678284334415e-05
FengQ_2015,713,UniRef90_Q5LI10,1190,0.0226090344839999,9,0.9659090909090909,1.8351489029220697e-05
FengQ_2015,714,UniRef90_A0A3E4IFT2,1190,0.0222538926886,9,0.9659090909090909,1.80632245849026e-05
FengQ_2015,715,UniRef90_B5D0R0,1190,0.021791528672000002,9,0.9659090909090909,1.768792911688312e-05
FengQ_2015,716,UniRef90_R6FQM5,1190,0.0214770085272,9,0.9659090909090909,1.7432636791558444e-05
FengQ_2015,717,UniRef90_A0A374NTF3,1190,0.020260769843,9,0.9659090909090909,1.644543006737013e-05
FengQ_2015,718,UniRef90_R6SZ51,1190,0.019811615655,9,0.9659090909090909,1.6080856862824674e-05
FengQ_2015,719,UniRef90_F3PFC2,1190,0.0196439597785999,9,0.9659090909090909,1.5944772547564852e-05
FengQ_2015,720,UniRef90_D4WFW2,1190,0.0191520695433,9,0.9659090909090909,1.5545510992938312e-05
FengQ_2015,721,UniRef90_C0FZS9,1190,0.018029232798999997,9,0.9659090909090909,1.4634117531655843e-05
FengQ_2015,722,UniRef90_Q5L8B9,1190,0.017733872246,9,0.9659090909090909,1.4394376823051947e-05
FengQ_2015,723,UniRef90_A0A0K6BQY7,1190,0.0161001452629,9,0.9659090909090909,1.306829972637987e-05
FengQ_2015,724,UniRef90_A0A0K6BTG9,1190,0.0156354592742,9,0.9659090909090909,1.2691119540746753e-05
FengQ_2015,725,UniRef90_UPI0009EC6804,1190,0.014999112528599999,9,0.9659090909090909,1.2174604325162336e-05
FengQ_2015,726,UniRef90_U2E1W9,1190,0.0137217883651,9,0.9659090909090909,1.1137815231412337e-05
FengQ_2015,727,UniRef90_E1WWW7,1190,0.013569940918,9,0.9659090909090909,1.1014562433441559e-05
FengQ_2015,728,UniRef90_A0A285PZB9,1190,0.0129263027076,9,0.9659090909090909,1.0492128821103896e-05
FengQ_2015,729,UniRef90_D4LFV9,1190,0.0127786741622,9,0.9659090909090909,1.037230045633117e-05
FengQ_2015,730,UniRef90_D4ML29,1190,0.011401265438300001,9,0.9659090909090909,9.254273894724028e-06
FengQ_2015,731,UniRef90_D1PJ32,1190,0.011072406568000001,9,0.9659090909090909,8.987342993506495e-06
FengQ_2015,732,UniRef90_C7GDM5,1190,0.0108836892381,9,0.9659090909090909,8.834163342613636e-06
FengQ_2015,733,UniRef90_C0D875,1190,0.0052801083927,9,0.9659090909090909,4.285802266801948e-06
FengQ_2015,734,UniRef90_T4BVE4,1189,0.792862716749,9,0.9650974025974026,0.0006435573999586039
FengQ_2015,735,UniRef90_A0A174Q9G9,1189,0.673896877811,9,0.9650974025974026,0.0005469942190024351
FengQ_2015,736,UniRef90_Q45122,1189,0.5755913270756,9,0.9650974025974026,0.0004672007524964286
FengQ_2015,737,UniRef90_A0A1C6GXE7,1189,0.0485229094277,9,0.9650974025974026,3.9385478431574675e-05
FengQ_2015,738,UniRef90_A6KYR3,1189,0.035823649543600004,9,0.9650974025974026,2.9077637616558446e-05
FengQ_2015,739,UniRef90_A0A2A7AMB7,1189,0.031888392312,9,0.9650974025974026,2.5883435318181817e-05
FengQ_2015,740,UniRef90_B3JFM7,1189,0.0309111590954,9,0.9650974025974026,2.5090226538474027e-05
FengQ_2015,741,UniRef90_A5KRH1,1189,0.030788524990500003,9,0.9650974025974026,2.499068586891234e-05
FengQ_2015,742,UniRef90_K9E0F3,1189,0.025724068733,9,0.9650974025974026,2.0879925919642856e-05
FengQ_2015,743,UniRef90_K5CBL1,1189,0.025626601202999998,9,0.9650974025974026,2.0800812664772726e-05
FengQ_2015,744,UniRef90_D4L236,1189,0.025288439490499998,9,0.9650974025974026,2.052633075527597e-05
FengQ_2015,745,UniRef90_A5ZWV4,1189,0.0238091593189,9,0.9650974025974026,1.9325616330275975e-05
FengQ_2015,746,UniRef90_A0A3E4IFI0,1189,0.0235726236529,9,0.9650974025974026,1.9133623094886364e-05
FengQ_2015,747,UniRef90_Q5LG30,1189,0.022360698002,9,0.9650974025974026,1.8149917209415585e-05
FengQ_2015,748,UniRef90_Q8A0Z3,1189,0.0222902849095,9,0.9650974025974026,1.8092763725243507e-05
FengQ_2015,749,UniRef90_W4PMK4,1189,0.0197684955479999,9,0.9650974025974026,1.6045856775973945e-05
FengQ_2015,750,UniRef90_A0A0P0G9A9,1189,0.019493488629,9,0.9650974025974026,1.5822636874188314e-05
FengQ_2015,751,UniRef90_A0A396AFS7,1189,0.019420850030999998,9,0.9650974025974026,1.5763676973214284e-05
FengQ_2015,752,UniRef90_R5JRC2,1189,0.0191715613705,9,0.9650974025974026,1.556133228125e-05
FengQ_2015,753,UniRef90_A0A3E4VXM1,1189,0.0186741048789,9,0.9650974025974026,1.5157552661444804e-05
FengQ_2015,754,UniRef90_A0A173SRB7,1189,0.018227597664,9,0.9650974025974026,1.4795127974025973e-05
FengQ_2015,755,UniRef90_C9KSE2,1189,0.0182013046004,9,0.9650974025974026,1.4773786201623375e-05
FengQ_2015,756,UniRef90_A0A173YUY9,1189,0.017817303062000002,9,0.9650974025974026,1.4462096641233768e-05
FengQ_2015,757,UniRef90_A0A173YRZ1,1189,0.0169160563934,9,0.9650974025974026,1.3730565254383116e-05
FengQ_2015,758,UniRef90_U2E3J8,1189,0.016537316404,9,0.9650974025974026,1.3423146431818182e-05
FengQ_2015,759,UniRef90_A0A396A1T1,1189,0.0147177627226,9,0.9650974025974026,1.1946235976136364e-05
FengQ_2015,760,UniRef90_A5ZS75,1189,0.01156235700396,9,0.9650974025974026,9.385030035681818e-06
FengQ_2015,761,UniRef90_Q5L883,1189,0.0104444762396,9,0.9650974025974026,8.477659285389611e-06
FengQ_2015,762,UniRef90_E6MLD9,1189,0.0103876863086,9,0.9650974025974026,8.431563562175324e-06
FengQ_2015,763,UniRef90_J6HFP1,1189,0.0079516727508,9,0.9650974025974026,6.454279830194805e-06
FengQ_2015,764,UniRef90_A0A174VPA8,1189,0.0072029594859,9,0.9650974025974026,5.84655802426948e-06
FengQ_2015,765,UniRef90_E4W393,1188,0.9345005102297,9,0.9642857142857143,0.000758523141420211
FengQ_2015,766,UniRef90_E5UU61,1188,0.053974825288,9,0.9642857142857143,4.381073481168831e-05
FengQ_2015,767,UniRef90_A6L5E5,1188,0.0432458468815,9,0.9642857142857143,3.510214844277598e-05
FengQ_2015,768,UniRef90_D3AK48,1188,0.027250923544699997,9,0.9642857142857143,2.2119256123944803e-05
FengQ_2015,769,UniRef90_R5MEZ1,1188,0.0215483699828,9,0.9642857142857143,1.7490560050974025e-05
FengQ_2015,770,UniRef90_C0FWL4,1188,0.0209361490762,9,0.9642857142857143,1.6993627496915585e-05
FengQ_2015,771,UniRef90_A0A396F3B0,1188,0.0209224913039,9,0.9642857142857143,1.6982541642775974e-05
FengQ_2015,772,UniRef90_F3PHR0,1188,0.0206640978258,9,0.9642857142857143,1.6772806676785714e-05
FengQ_2015,773,UniRef90_U6RFM9,1188,0.018944798273,9,0.9642857142857143,1.5377271325487013e-05
FengQ_2015,774,UniRef90_R7DK98,1188,0.018737887140999998,9,0.9642857142857143,1.5209323978084414e-05
FengQ_2015,775,UniRef90_R6M6L8,1188,0.0186426012965,9,0.9642857142857143,1.5131981571834416e-05
FengQ_2015,776,UniRef90_C4Z0Q6,1188,0.0180138594002,9,0.9642857142857143,1.4621639123538962e-05
FengQ_2015,777,UniRef90_U6R8L3,1188,0.017765891238,9,0.9642857142857143,1.442036626461039e-05
FengQ_2015,778,UniRef90_Q8A528,1188,0.0155582070004999,9,0.9642857142857143,1.2628414773133035e-05
FengQ_2015,779,UniRef90_A0A081TLM3,1188,0.015206794385599999,9,0.9642857142857143,1.234317726103896e-05
FengQ_2015,780,UniRef90_A0A015Y6C2,1188,0.0150373396037,9,0.9642857142857143,1.220563279521104e-05
FengQ_2015,781,UniRef90_R6VHQ2,1188,0.014086767240299999,9,0.9642857142857143,1.1434064318425324e-05
FengQ_2015,782,UniRef90_U2BWN4,1188,0.012888872988999999,9,0.9642857142857143,1.0461747556006493e-05
FengQ_2015,783,UniRef90_A0A0T8UEX8,1188,0.012740052895000001,9,0.9642857142857143,1.0340952025162339e-05
FengQ_2015,784,UniRef90_A0A3E4V1D1,1188,0.0103110565091,9,0.9642857142857143,8.369364049594157e-06
FengQ_2015,785,UniRef90_A0A1C5YWX9,1188,0.0085451899889,9,0.9642857142857143,6.936030835146104e-06
FengQ_2015,786,UniRef90_A0A1E3AP68,1188,0.008352705781000001,9,0.9642857142857143,6.779793653409092e-06
FengQ_2015,787,UniRef90_E6ST13,1187,0.1103632742120001,9,0.963474025974026,8.958057971753254e-05
FengQ_2015,788,UniRef90_A0A396G4X1,1187,0.1027109362457,9,0.963474025974026,8.336926643319806e-05
FengQ_2015,789,UniRef90_C3R328,1187,0.039089687252,9,0.963474025974026,3.172864225e-05
FengQ_2015,790,UniRef90_B0NQJ5,1187,0.0295072558734,9,0.963474025974026,2.3950694702435066e-05
FengQ_2015,791,UniRef90_E5VPG8,1187,0.027133329972999998,9,0.963474025974026,2.202380679626623e-05
FengQ_2015,792,UniRef90_A0A076J735,1187,0.0245395198914,9,0.963474025974026,1.991844147029221e-05
FengQ_2015,793,UniRef90_A0A3E5EGA0,1187,0.0229183716862,9,0.963474025974026,1.8602574420616883e-05
FengQ_2015,794,UniRef90_E5WVY3,1187,0.021455254258,9,0.963474025974026,1.741497910551948e-05
FengQ_2015,795,UniRef90_G9RNY1,1187,0.0187416196593,9,0.963474025974026,1.5212353619561689e-05
FengQ_2015,796,UniRef90_R5JD85,1187,0.0185562691983,9,0.963474025974026,1.5061906816801949e-05
FengQ_2015,797,UniRef90_W4PJV7,1187,0.0179388621369999,9,0.963474025974026,1.4560764721590828e-05
FengQ_2015,798,UniRef90_C7H6R1,1187,0.0175841828291,9,0.963474025974026,1.427287567297078e-05
FengQ_2015,799,UniRef90_Q8A9E3,1187,0.0174799877838,9,0.963474025974026,1.4188301772564935e-05
FengQ_2015,800,UniRef90_R6SKW0,1187,0.017417921388,9,0.963474025974026,1.4137923204545455e-05
FengQ_2015,801,UniRef90_Q8A4A2,1187,0.013358599319,9,0.963474025974026,1.0843018927759741e-05
FengQ_2015,802,UniRef90_F7JK95,1187,0.0112931811746,9,0.963474025974026,9.166543161201299e-06
FengQ_2015,803,UniRef90_C6LJT8,1187,0.0110264931738,9,0.963474025974026,8.950075628084416e-06
FengQ_2015,804,UniRef90_V2XJP5,1187,0.010281460559,9,0.963474025974026,8.345341362824676e-06
FengQ_2015,805,UniRef90_Q5LG64,1187,0.010225687139300001,9,0.963474025974026,8.3000707299513e-06
FengQ_2015,806,UniRef90_C4Z2R9,1187,0.008844503959,9,0.963474025974026,7.178980486201298e-06
FengQ_2015,807,UniRef90_C0FXK6,1187,0.0086542033715,9,0.963474025974026,7.0245157236201296e-06
FengQ_2015,808,UniRef90_J5UNM3,1187,0.007840744022,9,0.963474025974026,6.364240277597402e-06
FengQ_2015,809,UniRef90_A0A174HDG2,1187,0.0075430855795,9,0.963474025974026,6.122634398944805e-06
FengQ_2015,810,UniRef90_A0A373AYM4,1187,0.007230454565,9,0.963474025974026,5.868875458603896e-06
FengQ_2015,811,UniRef90_A0A3E4JIY8,1186,0.042001545649,9,0.9626623376623377,3.409216367613636e-05
FengQ_2015,812,UniRef90_A7VCS4,1186,0.02633312682438,9,0.9626623376623377,2.1374291253555195e-05
FengQ_2015,813,UniRef90_D4L188,1186,0.02549616564,9,0.9626623376623377,2.0694939642857143e-05
FengQ_2015,814,UniRef90_A0A396AE49,1186,0.025234831618,9,0.9626623376623377,2.0482817871753248e-05
FengQ_2015,815,UniRef90_A0A396C2N2,1186,0.0241004944334,9,0.9626623376623377,1.95620896375e-05
FengQ_2015,816,UniRef90_A0A0J0U668,1186,0.023938236422999998,9,0.9626623376623377,1.9430386706980516e-05
FengQ_2015,817,UniRef90_A0A173S9W5,1186,0.023810321658,9,0.9626623376623377,1.9326559787337663e-05
FengQ_2015,818,UniRef90_A5ZJL8,1186,0.023657240261,9,0.9626623376623377,1.9202305406655843e-05
FengQ_2015,819,UniRef90_A0A1E3UNY3,1186,0.023316099254,9,0.9626623376623377,1.8925405238636365e-05
FengQ_2015,820,UniRef90_Q8A012,1186,0.0212549030811999,9,0.9626623376623377,1.7252356397077842e-05
FengQ_2015,821,UniRef90_Q8AA75,1186,0.0176266190314,9,0.9626623376623377,1.430732064237013e-05
FengQ_2015,822,UniRef90_F3PQX9,1186,0.015944629608800002,9,0.9626623376623377,1.294206948766234e-05
FengQ_2015,823,UniRef90_D4WH19,1186,0.015289820507,9,0.9626623376623377,1.2410568593344156e-05
FengQ_2015,824,UniRef90_U6RJK9,1186,0.0133993318661,9,0.9626623376623377,1.0876081060146104e-05
FengQ_2015,825,UniRef90_D3AUQ8,1186,0.0118332570984,9,0.9626623376623377,9.604916475974026e-06
FengQ_2015,826,UniRef90_Q64MT2,1186,0.0110047757314,9,0.9626623376623377,8.932447833928571e-06
FengQ_2015,827,UniRef90_R5J3V8,1186,0.0102558823,9,0.9626623376623377,8.324579788961038e-06
FengQ_2015,828,UniRef90_R6J7M1,1186,0.010117500691799999,9,0.9626623376623377,8.212257055032468e-06
FengQ_2015,829,UniRef90_A0A081DUL1,1186,0.0098718277658,9,0.9626623376623377,8.0128472125e-06
FengQ_2015,830,UniRef90_A0A174SPG7,1186,0.0085222202671,9,0.9626623376623377,6.9173865804383125e-06
FengQ_2015,831,UniRef90_D4MWD7,1186,0.008428054352,9,0.9626623376623377,6.8409532077922075e-06
FengQ_2015,832,UniRef90_A0A1Y4UDK6,1186,0.005997769822,9,0.9626623376623377,4.868319660714286e-06
FengQ_2015,833,UniRef90_A0A3A8Z586,1186,0.0031768476329999996,9,0.9626623376623377,2.578610091720779e-06
FengQ_2015,834,UniRef90_C4ZER8,1185,0.1642207437618,9,0.9618506493506493,0.00013329605824821428
FengQ_2015,835,UniRef90_A7B5W7,1185,0.1295665627927,9,0.9618506493506493,0.0001051676646044643
FengQ_2015,836,UniRef90_A5Z5I8,1185,0.0472815979886,9,0.9618506493506493,3.837792044529221e-05
FengQ_2015,837,UniRef90_A6KYS7,1185,0.041661978824,9,0.9618506493506493,3.3816541253246754e-05
FengQ_2015,838,UniRef90_A5ZSE4,1185,0.0378851412898,9,0.9618506493506493,3.075092637159091e-05
FengQ_2015,839,UniRef90_B7ANN7,1185,0.024986166353699997,9,0.9618506493506493,2.0280979183198048e-05
FengQ_2015,840,UniRef90_A0A395X5F0,1185,0.0199228630663,9,0.9618506493506493,1.6171155086282468e-05
FengQ_2015,841,UniRef90_D7GUX7,1185,0.019867763761,9,0.9618506493506493,1.612643162418831e-05
FengQ_2015,842,UniRef90_A6L7P5,1185,0.0197425105359,9,0.9618506493506493,1.6024765045373377e-05
FengQ_2015,843,UniRef90_A0A329TNI2,1185,0.01846205219206,9,0.9618506493506493,1.4985431974074674e-05
FengQ_2015,844,UniRef90_U2D5N3,1185,0.0181775963027,9,0.9618506493506493,1.4754542453490261e-05
FengQ_2015,845,UniRef90_C7H6Y3,1185,0.016428375377600002,9,0.9618506493506493,1.3334720274025976e-05
FengQ_2015,846,UniRef90_Q9RQ15,1185,0.0163510888583,9,0.9618506493506493,1.3271987709659091e-05
FengQ_2015,847,UniRef90_R5VAP6,1185,0.015339835499199999,9,0.9618506493506493,1.2451165177922077e-05
FengQ_2015,848,UniRef90_A6KZW5,1185,0.014754613250699999,9,0.9618506493506493,1.1976147119074674e-05
FengQ_2015,849,UniRef90_C0CY94,1185,0.0137623947608,9,0.9618506493506493,1.1170774968181819e-05
FengQ_2015,850,UniRef90_C4ZEP3,1185,0.0112751036043,9,0.9618506493506493,9.151869808685065e-06
FengQ_2015,851,UniRef90_A0A174HSR4,1185,0.010705822533719999,9,0.9618506493506493,8.689791017629869e-06
FengQ_2015,852,UniRef90_B6FT28,1185,0.010563144172000001,9,0.9618506493506493,8.57398065909091e-06
FengQ_2015,853,UniRef90_W4PH70,1185,0.0098576339985,9,0.9618506493506493,8.001326297483767e-06
FengQ_2015,854,UniRef90_A8S470,1184,0.15676315579400002,9,0.961038961038961,0.00012724282126136364
FengQ_2015,855,UniRef90_R6DH93,1184,0.035149602789,9,0.961038961038961,2.8530521744318183e-05
FengQ_2015,856,UniRef90_D0TLK8,1184,0.033188503908599995,9,0.961038961038961,2.6938720705032463e-05
FengQ_2015,857,UniRef90_D4KN84,1184,0.027681195097,9,0.961038961038961,2.2468502513798702e-05
FengQ_2015,858,UniRef90_A0A3E4IFX0,1184,0.025095475628099998,9,0.961038961038961,2.036970424358766e-05
FengQ_2015,859,UniRef90_A0A173YQT1,1184,0.024661740695,9,0.961038961038961,2.001764666801948e-05
FengQ_2015,860,UniRef90_A0A1E3A9M3,1184,0.0235586753975999,9,0.961038961038961,1.912230145909083e-05
FengQ_2015,861,UniRef90_A0A174EAY6,1184,0.020732794960000002,9,0.961038961038961,1.682856733766234e-05
FengQ_2015,862,UniRef90_A0A0D0ZIG5,1184,0.020699570092999997,9,0.961038961038961,1.6801599101461038e-05
FengQ_2015,863,UniRef90_B6FKK1,1184,0.019259429175000002,9,0.961038961038961,1.5632653551136365e-05
FengQ_2015,864,UniRef90_G5SS34,1184,0.018901837367,9,0.961038961038961,1.5342400460227272e-05
FengQ_2015,865,UniRef90_E6SPK9,1184,0.0187340413275,9,0.961038961038961,1.5206202376217531e-05
FengQ_2015,866,UniRef90_A0A1C5Z857,1184,0.016285972487200002,9,0.961038961038961,1.3219133512337664e-05
FengQ_2015,867,UniRef90_A0A395V6Q9,1184,0.0157854756883,9,0.961038961038961,1.2812886110633117e-05
FengQ_2015,868,UniRef90_A0A173TI16,1184,0.014319985304199999,9,0.961038961038961,1.1623364694967532e-05
FengQ_2015,869,UniRef90_R9JHQ9,1184,0.011723832369,9,0.961038961038961,9.516097702110391e-06
FengQ_2015,870,UniRef90_K1GB77,1184,0.011390767862,9,0.961038961038961,9.24575313474026e-06
FengQ_2015,871,UniRef90_U2CUG5,1184,0.00677087253,9,0.961038961038961,5.4958380925324674e-06
FengQ_2015,872,UniRef90_A0A3E2V1T3,1183,0.1027135039991,9,0.9602272727272727,8.337135064862012e-05
FengQ_2015,873,UniRef90_A5ZV45,1183,0.028471085903,9,0.9602272727272727,2.3109647648538964e-05
FengQ_2015,874,UniRef90_A0A174JYK3,1183,0.0277989859475,9,0.9602272727272727,2.256411197037338e-05
FengQ_2015,875,UniRef90_B6W1I3,1183,0.0271794674973,9,0.9602272727272727,2.206125608547078e-05
FengQ_2015,876,UniRef90_A0A0P0M1Z2,1183,0.0252594850776,9,0.9602272727272727,2.0502828796753247e-05
FengQ_2015,877,UniRef90_C6LD81,1183,0.021505720351,9,0.9602272727272727,1.7455941843344155e-05
FengQ_2015,878,UniRef90_D6DLD6,1183,0.020799549871099998,9,0.9602272727272727,1.6882751518749997e-05
FengQ_2015,879,UniRef90_A0A016CI08,1183,0.020624518154099998,9,0.9602272727272727,1.6740680319886362e-05
FengQ_2015,880,UniRef90_A0A1R7JGV1,1183,0.020563835446,9,0.9602272727272727,1.6691424875e-05
FengQ_2015,881,UniRef90_A0A3E4RQI8,1183,0.01946665106497,9,0.9602272727272727,1.5800853137150973e-05
FengQ_2015,882,UniRef90_Q8A9A8,1183,0.0185649365978,9,0.9602272727272727,1.5068942043668832e-05
FengQ_2015,883,UniRef90_D4LGZ5,1183,0.018493344222,9,0.9602272727272727,1.5010831349025974e-05
FengQ_2015,884,UniRef90_Q8A293,1183,0.017884750129999998,9,0.9602272727272727,1.4516842637987011e-05
FengQ_2015,885,UniRef90_E6SVY1,1183,0.0172153524255,9,0.9602272727272727,1.3973500345373376e-05
FengQ_2015,886,UniRef90_A0A3E4WBS7,1183,0.0163721343644,9,0.9602272727272727,1.3289070100974026e-05
FengQ_2015,887,UniRef90_A0A174DTK3,1183,0.015958011046,9,0.9602272727272727,1.2952931043831169e-05
FengQ_2015,888,UniRef90_A0A0D8J402,1183,0.0152928434941,9,0.9602272727272727,1.241302231663961e-05
FengQ_2015,889,UniRef90_A0A139K6B1,1183,0.0145090821797,9,0.9602272727272727,1.1776852418587661e-05
FengQ_2015,890,UniRef90_Q8A2B1,1183,0.013383247216600001,9,0.9602272727272727,1.0863025338149352e-05
FengQ_2015,891,UniRef90_Q64MP7,1183,0.010705151651,9,0.9602272727272727,8.689246469967532e-06
FengQ_2015,892,UniRef90_Q8A2F4,1183,0.0095088643662,9,0.9602272727272727,7.718234063474026e-06
FengQ_2015,893,UniRef90_Q8A448,1183,0.0094362557608,9,0.9602272727272727,7.659298507142858e-06
FengQ_2015,894,UniRef90_A0A174QCE9,1183,0.0090264852483,9,0.9602272727272727,7.326692571672077e-06
FengQ_2015,895,UniRef90_H1LZ69,1183,0.008593638394400001,9,0.9602272727272727,6.97535583961039e-06
FengQ_2015,896,UniRef90_A0A015YD63,1183,0.0084766103969999,9,0.9602272727272727,6.880365581980439e-06
FengQ_2015,897,UniRef90_A0A0J8Z0W9,1183,0.007517942919,9,0.9602272727272727,6.102226395292208e-06
FengQ_2015,898,UniRef90_R8W025,1183,0.00354712260128,9,0.9602272727272727,2.8791579555844154e-06
FengQ_2015,899,UniRef90_C0FSN2,1182,0.15443222295,9,0.9594155844155844,0.00012535083031655844
FengQ_2015,900,UniRef90_A0A016BL47,1182,0.0277268068673,9,0.9594155844155844,2.2505525054626624e-05
FengQ_2015,901,UniRef90_A0A174DHG3,1182,0.02757466313,9,0.9594155844155844,2.2382031761363637e-05
FengQ_2015,902,UniRef90_A7AFT2,1182,0.021577800422,9,0.9594155844155844,1.7514448394480517e-05
FengQ_2015,903,UniRef90_C4ZFE2,1182,0.0209038347428999,9,0.9594155844155844,1.6967398330275894e-05
FengQ_2015,904,UniRef90_A0A069DBZ5,1182,0.019820240708000002,9,0.9594155844155844,1.608785771753247e-05
FengQ_2015,905,UniRef90_U2DZN0,1182,0.01944893073,9,0.9594155844155844,1.5786469748376625e-05
FengQ_2015,906,UniRef90_D4ML16,1182,0.018202337279,9,0.9594155844155844,1.4774624414772727e-05
FengQ_2015,907,UniRef90_A0A285PPJ6,1182,0.017560456641,9,0.9594155844155844,1.4253617403409092e-05
FengQ_2015,908,UniRef90_I9F216,1182,0.014895366746999998,9,0.9594155844155844,1.2090395086850649e-05
FengQ_2015,909,UniRef90_A0A395X463,1182,0.013932931492,9,0.9594155844155844,1.130919763961039e-05
FengQ_2015,910,UniRef90_Q9XDI7,1182,0.0137959178812,9,0.9594155844155844,1.1197985293181817e-05
FengQ_2015,911,UniRef90_A0A1G6G227,1182,0.013386314512,9,0.9594155844155844,1.0865515025974025e-05
FengQ_2015,912,UniRef90_C0CYA8,1182,0.0131938566341,9,0.9594155844155844,1.070929921599026e-05
FengQ_2015,913,UniRef90_C9LBR4,1182,0.012005014126,9,0.9594155844155844,9.744329647727272e-06
FengQ_2015,914,UniRef90_B6FNP2,1182,0.01167156320656,9,0.9594155844155844,9.473671433896103e-06
FengQ_2015,915,UniRef90_U2DMW7,1182,0.008301455982,9,0.9594155844155844,6.7381947905844155e-06
FengQ_2015,916,UniRef90_A0A077ZLA3,1182,0.005423555925,9,0.9594155844155844,4.40223695211039e-06
FengQ_2015,917,UniRef90_UPI000E5061B6,1182,0.0020707658611999,9,0.9594155844155844,1.6808164457791396e-06
FengQ_2015,918,UniRef90_A7VSA7,1181,0.054858333777,9,0.9586038961038961,4.4527868325487016e-05
FengQ_2015,919,UniRef90_C3QN54,1181,0.051513402200399995,9,0.9586038961038961,4.181282646136363e-05
FengQ_2015,920,UniRef90_B0NEY0,1181,0.0425468037163,9,0.9586038961038961,3.453474327621753e-05
FengQ_2015,921,UniRef90_A7VY07,1181,0.0378582482615,9,0.9586038961038961,3.072909761485389e-05
FengQ_2015,922,UniRef90_A0A076IVM9,1181,0.0295907571298,9,0.9586038961038961,2.4018471696266234e-05
FengQ_2015,923,UniRef90_Q8A8R2,1181,0.0281539653941,9,0.9586038961038961,2.285224463806818e-05
FengQ_2015,924,UniRef90_A0A3E2VAN0,1181,0.0203298317018,9,0.9586038961038961,1.6501486770941558e-05
FengQ_2015,925,UniRef90_A7AEL3,1181,0.0199846070985999,9,0.9586038961038961,1.62212719956168e-05
FengQ_2015,926,UniRef90_A0A0M6WEI8,1181,0.0197171720178,9,0.9586038961038961,1.6004198066396104e-05
FengQ_2015,927,UniRef90_Q5LG55,1181,0.0190836093064,9,0.9586038961038961,1.548994261883117e-05
FengQ_2015,928,UniRef90_Q8A733,1181,0.018935435875,9,0.9586038961038961,1.536967197646104e-05
FengQ_2015,929,UniRef90_B0MUR0,1181,0.0183365400519999,9,0.9586038961038961,1.4883555237012905e-05
FengQ_2015,930,UniRef90_F7KH41,1181,0.0182157122472,9,0.9586038961038961,1.478548072012987e-05
FengQ_2015,931,UniRef90_D5Q544,1181,0.018061562132,9,0.9586038961038961,1.4660358873376624e-05
FengQ_2015,932,UniRef90_F7LNS5,1181,0.0173990204687,9,0.9586038961038961,1.4122581549269481e-05
FengQ_2015,933,UniRef90_E5CB79,1181,0.0171876047249999,9,0.9586038961038961,1.3950977861201216e-05
FengQ_2015,934,UniRef90_R6JJ97,1181,0.0164207198273,9,0.9586038961038961,1.3328506353327921e-05
FengQ_2015,935,UniRef90_A9KJI7,1181,0.015890823797,9,0.9586038961038961,1.2898395939123375e-05
FengQ_2015,936,UniRef90_R6KK61,1181,0.015630814704,9,0.9586038961038961,1.2687349597402597e-05
FengQ_2015,937,UniRef90_U2E3Q3,1181,0.015255796429299999,9,0.9586038961038961,1.238295164715909e-05
FengQ_2015,938,UniRef90_B0NIC2,1181,0.015198733383,9,0.9586038961038961,1.2336634239448052e-05
FengQ_2015,939,UniRef90_A0A139LAQ7,1181,0.014503324213199999,9,0.9586038961038961,1.1772178744480519e-05
FengQ_2015,940,UniRef90_R5U546,1181,0.0139507314964,9,0.9586038961038961,1.1323645695129871e-05
FengQ_2015,941,UniRef90_B0PDJ0,1181,0.013856972832,9,0.9586038961038961,1.1247542883116883e-05
FengQ_2015,942,UniRef90_I9RLL3,1181,0.011592909173,9,0.9586038961038961,9.409828874188311e-06
FengQ_2015,943,UniRef90_C5EWQ8,1181,0.0112172807968,9,0.9586038961038961,9.104935711688313e-06
FengQ_2015,944,UniRef90_R6V5M5,1181,0.0105187998158,9,0.9586038961038961,8.537986863474025e-06
FengQ_2015,945,UniRef90_F3PJG6,1181,0.0105005308699,9,0.9586038961038961,8.52315817362013e-06
FengQ_2015,946,UniRef90_R5UAL3,1181,0.008601267666000001,9,0.9586038961038961,6.981548430194806e-06
FengQ_2015,947,UniRef90_A0A3A6HRZ2,1181,0.0037078562559000002,9,0.9586038961038961,3.0096235843344158e-06
FengQ_2015,948,UniRef90_A0A069S980,1180,0.142040544055,9,0.9577922077922078,0.0001152926493952922
FengQ_2015,949,UniRef90_A0A3E2V1V9,1180,0.0906637353332,9,0.9577922077922078,7.359069426396104e-05
FengQ_2015,950,UniRef90_E2ZLQ0,1180,0.051571800468,9,0.9577922077922078,4.1860227652597405e-05
FengQ_2015,951,UniRef90_A0A3E2XTM8,1180,0.0326074426958,9,0.9577922077922078,2.6467080110227275e-05
FengQ_2015,952,UniRef90_A0A174YT04,1180,0.0286211885856,9,0.9577922077922078,2.3231484241558444e-05
FengQ_2015,953,UniRef90_A6L012,1180,0.027682900776,9,0.9577922077922078,2.2469886993506494e-05
FengQ_2015,954,UniRef90_A0A078PVF0,1180,0.0262746233668,9,0.9577922077922078,2.1326804680844156e-05
FengQ_2015,955,UniRef90_C0F0D4,1180,0.023558223012,9,0.9577922077922078,1.9121934262987013e-05
FengQ_2015,956,UniRef90_B5CXZ6,1180,0.020319748053499998,9,0.9577922077922078,1.6493301991477272e-05
FengQ_2015,957,UniRef90_R5R936,1180,0.0175899862279,9,0.9577922077922078,1.4277586223944805e-05
FengQ_2015,958,UniRef90_Q89YW6,1180,0.017572206897000002,9,0.9577922077922078,1.4263154948863638e-05
FengQ_2015,959,UniRef90_Q5LD82,1180,0.0152270658826,9,0.9577922077922078,1.2359631398214286e-05
FengQ_2015,960,UniRef90_K1FI91,1180,0.0145546942250999,9,0.9577922077922078,1.1813875182710958e-05
FengQ_2015,961,UniRef90_D4LNK5,1180,0.0136836881529,9,0.9577922077922078,1.1106889734496753e-05
FengQ_2015,962,UniRef90_A0A0K6BPE7,1180,0.0126651909141,9,0.9577922077922078,1.0280187430275974e-05
FengQ_2015,963,UniRef90_A0A396DYQ3,1180,0.0116612035956,9,0.9577922077922078,9.465262658766234e-06
FengQ_2015,964,UniRef90_Q8A011,1180,0.0102516292016,9,0.9577922077922078,8.3211275987013e-06
FengQ_2015,965,UniRef90_U5F4H4,1180,0.0094664546137,9,0.9577922077922078,7.683810563068182e-06
FengQ_2015,966,UniRef90_U2DA10,1180,0.008568036934,9,0.9577922077922078,6.954575433441559e-06
FengQ_2015,967,UniRef90_A0A2T3FJH8,1180,0.0060517274885,9,0.9577922077922078,4.912116467938311e-06
FengQ_2015,968,UniRef90_A0A1T2WYT5,1180,0.0044965865348,9,0.9577922077922078,3.6498267327922076e-06
FengQ_2015,969,UniRef90_A0A174KZR2,1180,0.0038846159552099998,9,0.9577922077922078,3.153097366241883e-06
FengQ_2015,970,UniRef90_D1KAJ0,1179,0.0674882824087,9,0.9569805194805194,5.477945000706169e-05
FengQ_2015,971,UniRef90_F3PGU7,1179,0.026346316393999997,9,0.9569805194805194,2.1384997073051944e-05
FengQ_2015,972,UniRef90_A7VCS5,1179,0.026320723583,9,0.9569805194805194,2.13642236875e-05
FengQ_2015,973,UniRef90_A0A174K528,1179,0.0261081902722,9,0.9569805194805194,2.119171288327922e-05
FengQ_2015,974,UniRef90_A0A396A061,1179,0.0249805315666,9,0.9569805194805194,2.027640549237013e-05
FengQ_2015,975,UniRef90_K6ADG5,1179,0.0243618895155,9,0.9569805194805194,1.9774260970373377e-05
FengQ_2015,976,UniRef90_Q8A276,1179,0.023835398176,9,0.9569805194805194,1.9346914103896103e-05
FengQ_2015,977,UniRef90_A6L171,1179,0.0233040833355,9,0.9569805194805194,1.8915652058035714e-05
FengQ_2015,978,UniRef90_D4JD40,1179,0.0231832793154,9,0.9569805194805194,1.8817596846915582e-05
FengQ_2015,979,UniRef90_Q8A9V0,1179,0.020143151616,9,0.9569805194805194,1.6349960727272726e-05
FengQ_2015,980,UniRef90_C4Z2T4,1179,0.0198431217606,9,0.9569805194805194,1.6106430000487014e-05
FengQ_2015,981,UniRef90_R5DDM8,1179,0.0190816286922,9,0.9569805194805194,1.5488334977435064e-05
FengQ_2015,982,UniRef90_R5CDC3,1179,0.0190796701268,9,0.9569805194805194,1.5486745232792208e-05
FengQ_2015,983,UniRef90_K0XH44,1179,0.016723336648,9,0.9569805194805194,1.357413688961039e-05
FengQ_2015,984,UniRef90_A0A139LGH0,1179,0.0162513183537,9,0.9569805194805194,1.3191005157224026e-05
FengQ_2015,985,UniRef90_A0A139K4H4,1179,0.0161347037487,9,0.9569805194805194,1.3096350445373378e-05
FengQ_2015,986,UniRef90_A0A2N5NXW5,1179,0.015876783313999998,9,0.9569805194805194,1.2886999443181817e-05
FengQ_2015,987,UniRef90_C5ERC1,1179,0.014896384478,9,0.9569805194805194,1.2091221167207791e-05
FengQ_2015,988,UniRef90_I3WHK0,1179,0.0147690917692,9,0.9569805194805194,1.1987899163311689e-05
FengQ_2015,989,UniRef90_K5ZL89,1179,0.0142841066803,9,0.9569805194805194,1.1594242435308441e-05
FengQ_2015,990,UniRef90_D4CFG5,1179,0.012471343877499999,9,0.9569805194805194,1.0122844056412336e-05
FengQ_2015,991,UniRef90_R6J4W1,1179,0.0122198753408,9,0.9569805194805194,9.918729984415584e-06
FengQ_2015,992,UniRef90_B0G4Z3,1179,0.0120420124344,9,0.9569805194805194,9.774360742207792e-06
FengQ_2015,993,UniRef90_A5ZQA7,1179,0.0114741166526,9,0.9569805194805194,9.313406373863635e-06
FengQ_2015,994,UniRef90_A0A069CY06,1179,0.0101984901632,9,0.9569805194805194,8.277995262337661e-06
FengQ_2015,995,UniRef90_F3PIA3,1179,0.009117329293499999,9,0.9569805194805194,7.400429621347402e-06
FengQ_2015,996,UniRef90_Q8A602,1179,0.0088415522928,9,0.9569805194805194,7.1765846532467536e-06
FengQ_2015,997,UniRef90_R6JJT9,1179,0.008437785845899999,9,0.9569805194805194,6.848852147646103e-06
FengQ_2015,998,UniRef90_A5KM54,1179,0.0083650012225,9,0.9569805194805194,6.789773719561688e-06
FengQ_2015,999,UniRef90_R6JIG2,1179,0.0082648093740999,9,0.9569805194805194,6.70844916728888e-06
FengQ_2015,1000,UniRef90_Q5LES4,1179,0.0074589865537,9,0.9569805194805194,6.054372202678571e-06
FengQ_2015,1001,UniRef90_T4BXP0,1178,0.964116936041,9,0.9561688311688312,0.0007825624480852273
FengQ_2015,1002,UniRef90_A0A139KBM3,1178,0.0364911212163,9,0.9561688311688312,2.9619416571672077e-05
FengQ_2015,1003,UniRef90_A0A395VQC8,1178,0.028600759719,9,0.9561688311688312,2.3214902369318182e-05
FengQ_2015,1004,UniRef90_B0NQA3,1178,0.0282748934473,9,0.9561688311688312,2.2950400525405846e-05
FengQ_2015,1005,UniRef90_E4VQT4,1178,0.025614868704700002,9,0.9561688311688312,2.0791289533035715e-05
FengQ_2015,1006,UniRef90_A0A0P0M2Y9,1178,0.0251316676488,9,0.9561688311688312,2.0399080883766233e-05
FengQ_2015,1007,UniRef90_Q8AAP0,1178,0.024412531759,9,0.9561688311688312,1.98153666875e-05
FengQ_2015,1008,UniRef90_A0A2M9V0X8,1178,0.0223189205533,9,0.9561688311688312,1.8116006942613636e-05
FengQ_2015,1009,UniRef90_A0A076J5N7,1178,0.0221382990023,9,0.9561688311688312,1.7969398540827924e-05
FengQ_2015,1010,UniRef90_C0BCB8,1178,0.019349962103,9,0.9561688311688312,1.5706138070616882e-05
FengQ_2015,1011,UniRef90_A0A139KSY9,1178,0.0173192048109,9,0.9561688311688312,1.4057796112743508e-05
FengQ_2015,1012,UniRef90_Q5L7M0,1178,0.0159534667833,9,0.9561688311688312,1.2949242518912339e-05
FengQ_2015,1013,UniRef90_A0A396E540,1178,0.01476377621734,9,0.9561688311688312,1.1983584591996752e-05
FengQ_2015,1014,UniRef90_I9SJ02,1178,0.0101819422651,9,0.9561688311688312,8.264563526866883e-06
FengQ_2015,1015,UniRef90_A7B542,1178,0.009324103531,9,0.9561688311688312,7.568265853084415e-06
FengQ_2015,1016,UniRef90_A6P1U3,1178,0.008904300645,9,0.9561688311688312,7.227516757305195e-06
FengQ_2015,1017,UniRef90_W4PLW4,1178,0.0088197515898,9,0.9561688311688312,7.158889277435064e-06
FengQ_2015,1018,UniRef90_G9YL28,1178,0.008266462228,9,0.9561688311688312,6.709790769480519e-06
FengQ_2015,1019,UniRef90_A0A174XTX0,1178,0.0076819795453,9,0.9561688311688312,6.235373007548701e-06
FengQ_2015,1020,UniRef90_A0A174J0A9,1178,0.0075652616569,9,0.9561688311688312,6.140634461769481e-06
FengQ_2015,1021,UniRef90_B7C9C8,1177,0.0609414937841,9,0.9553571428571429,4.946549820137987e-05
FengQ_2015,1022,UniRef90_Q5LI34,1177,0.038389374439499996,9,0.9553571428571429,3.116020652556818e-05
FengQ_2015,1023,UniRef90_A0A0P0M0G9,1177,0.030352433164999998,9,0.9553571428571429,2.4636715231331168e-05
FengQ_2015,1024,UniRef90_A0A1Y3ZEQ7,1177,0.0274630008534,9,0.9553571428571429,2.229139679659091e-05
FengQ_2015,1025,UniRef90_A0A1T4IYC5,1177,0.026641347021000003,9,0.9553571428571429,2.1624469984577926e-05
FengQ_2015,1026,UniRef90_A0A396EYX8,1177,0.025161266061,9,0.9553571428571429,2.0423105568993506e-05
FengQ_2015,1027,UniRef90_A0A174ARQ5,1177,0.024088732364000002,9,0.9553571428571429,1.9552542503246754e-05
FengQ_2015,1028,UniRef90_A0A0P0L0E5,1177,0.023244369677999997,9,0.9553571428571429,1.8867183180194802e-05
FengQ_2015,1029,UniRef90_A0A174H8K5,1177,0.0190729716069999,9,0.9553571428571429,1.5481308122564853e-05
FengQ_2015,1030,UniRef90_A0A318N1V3,1177,0.018235200989,9,0.9553571428571429,1.4801299504058442e-05
FengQ_2015,1031,UniRef90_A0A174X753,1177,0.018074258925900002,9,0.9553571428571429,1.467066471258117e-05
FengQ_2015,1032,UniRef90_R7E8Y2,1177,0.017422233906999998,9,0.9553571428571429,1.4141423625811687e-05
FengQ_2015,1033,UniRef90_U2NZJ4,1177,0.0170028032511,9,0.9553571428571429,1.3800976664853895e-05
FengQ_2015,1034,UniRef90_A0A174MWG0,1177,0.01682663063,9,0.9553571428571429,1.3657979407467532e-05
FengQ_2015,1035,UniRef90_C4ZEP4,1177,0.016736532026,9,0.9553571428571429,1.3584847423701297e-05
FengQ_2015,1036,UniRef90_C4ZBU3,1177,0.0161223076028,9,0.9553571428571429,1.3086288638636363e-05
FengQ_2015,1037,UniRef90_A0A174FVH6,1177,0.0155604081089,9,0.9553571428571429,1.2630201387094156e-05
FengQ_2015,1038,UniRef90_A0A374NP07,1177,0.0155299331473,9,0.9553571428571429,1.2605465216964285e-05
FengQ_2015,1039,UniRef90_C0FQS4,1177,0.0149219464732,9,0.9553571428571429,1.2111969539935066e-05
FengQ_2015,1040,UniRef90_B5CM70,1177,0.014154009329480001,9,0.9553571428571429,1.1488643936266235e-05
FengQ_2015,1041,UniRef90_C4Z9Z8,1177,0.0133709432653,9,0.9553571428571429,1.0853038364691558e-05
FengQ_2015,1042,UniRef90_D4MQQ2,1177,0.0126388666699,9,0.9553571428571429,1.0258820348944805e-05
FengQ_2015,1043,UniRef90_R9HIX9,1177,0.0125889289387,9,0.9553571428571429,1.0218286476217532e-05
FengQ_2015,1044,UniRef90_B6FN01,1177,0.011536298391,9,0.9553571428571429,9.363878564123377e-06
FengQ_2015,1045,UniRef90_A0A180F5X8,1177,0.011100772009800001,9,0.9553571428571429,9.01036689107143e-06
FengQ_2015,1046,UniRef90_R6JRX9,1177,0.0099870777498,9,0.9553571428571429,8.106394277435065e-06
FengQ_2015,1047,UniRef90_I8XT52,1177,0.0099345825591,9,0.9553571428571429,8.063784544724026e-06
FengQ_2015,1048,UniRef90_G2T4T0,1177,0.00978135730583,9,0.9553571428571429,7.939413397589286e-06
FengQ_2015,1049,UniRef90_A0A0P0EVF9,1177,0.008787133921,9,0.9553571428571429,7.1324138969155834e-06
FengQ_2015,1050,UniRef90_R5JBY8,1177,0.008490113646,9,0.9553571428571429,6.891326011363637e-06
FengQ_2015,1051,UniRef90_A0A174AYK4,1177,0.0080308461545,9,0.9553571428571429,6.5185439565746756e-06
FengQ_2015,1052,UniRef90_A0A174UX70,1177,0.0077027853752,9,0.9553571428571429,6.2522608564935065e-06
FengQ_2015,1053,UniRef90_C4Z2R6,1177,0.0053468169280999995,9,0.9553571428571429,4.339948805275974e-06
FengQ_2015,1054,UniRef90_E7GME2,1177,0.004607732212,9,0.9553571428571429,3.7400423798701297e-06
FengQ_2015,1055,UniRef90_D3ACI7,1177,0.0043752295312,9,0.9553571428571429,3.5513226714285715e-06
FengQ_2015,1056,UniRef90_R7JTG9,1177,0.0023347320366,9,0.9553571428571429,1.8950747050324675e-06
FengQ_2015,1057,UniRef90_A0A174PPU0,1176,0.022760979385,9,0.9545454545454546,1.847482092938312e-05
FengQ_2015,1058,UniRef90_A0A3E4IFW9,1176,0.018806173106600002,9,0.9545454545454546,1.5264750898214286e-05
FengQ_2015,1059,UniRef90_A0A396EL10,1176,0.0185264558869999,9,0.9545454545454546,1.5037707700486933e-05
FengQ_2015,1060,UniRef90_R6LNI9,1176,0.0174022378977,9,0.9545454545454546,1.4125193098782467e-05
FengQ_2015,1061,UniRef90_A0A173T960,1176,0.0155267460359,9,0.9545454545454546,1.2602878275892857e-05
FengQ_2015,1062,UniRef90_F4XGQ5,1176,0.0146860618129,9,0.9545454545454546,1.1920504718262987e-05
FengQ_2015,1063,UniRef90_R6DFW9,1176,0.0128792621919,9,0.9545454545454546,1.0453946584334416e-05
FengQ_2015,1064,UniRef90_R6K8X7,1176,0.0128592712182,9,0.9545454545454546,1.0437720144642858e-05
FengQ_2015,1065,UniRef90_A0A174KMD6,1176,0.012411594673999899,9,0.9545454545454546,1.007434632629862e-05
FengQ_2015,1066,UniRef90_A0A0M6WYS7,1176,0.012309662434200001,9,0.9545454545454546,9.991609118668832e-06
FengQ_2015,1067,UniRef90_A7AZM9,1176,0.0119175077313,9,0.9545454545454546,9.673301729951298e-06
FengQ_2015,1068,UniRef90_Q8A7V7,1176,0.0112784673002,9,0.9545454545454546,9.154600081331169e-06
FengQ_2015,1069,UniRef90_E4VUQ7,1176,0.009101019551000001,9,0.9545454545454546,7.387191193993507e-06
FengQ_2015,1070,UniRef90_Q8A137,1176,0.0090995088128,9,0.9545454545454546,7.385964945454545e-06
FengQ_2015,1071,UniRef90_Q8A756,1176,0.0090540294728,9,0.9545454545454546,7.349049896753247e-06
FengQ_2015,1072,UniRef90_K1GFZ0,1176,0.008893733388,9,0.9545454545454546,7.2189394383116875e-06
FengQ_2015,1073,UniRef90_I8XU31,1176,0.008874918672599999,9,0.9545454545454546,7.2036677537337656e-06
FengQ_2015,1074,UniRef90_Q8A519,1176,0.0086431007359,9,0.9545454545454546,7.015503844074675e-06
FengQ_2015,1075,UniRef90_A0A173VRE8,1176,0.007973233662300001,9,0.9545454545454546,6.471780570048702e-06
FengQ_2015,1076,UniRef90_G5GJ65,1176,0.0079068787912,9,0.9545454545454546,6.417921096753247e-06
FengQ_2015,1077,UniRef90_K7ZQ45,1175,0.4476039920326,9,0.9537337662337663,0.0003633149285978896
FengQ_2015,1078,UniRef90_R6KAH4,1175,0.0296145936319,9,0.9537337662337663,2.4037819506412336e-05
FengQ_2015,1079,UniRef90_A0A0P0L6M5,1175,0.0251552663772,9,0.9537337662337663,2.041823569577922e-05
FengQ_2015,1080,UniRef90_Q89Z59,1175,0.0187058478711,9,0.9537337662337663,1.5183318077191558e-05
FengQ_2015,1081,UniRef90_B3CC93,1175,0.017668135849,9,0.9537337662337663,1.4341019357954545e-05
FengQ_2015,1082,UniRef90_Q5L925,1175,0.0169544152842,9,0.9537337662337663,1.3761700717694807e-05
FengQ_2015,1083,UniRef90_A8RVT9,1175,0.016451371229,9,0.9537337662337663,1.3353385737824675e-05
FengQ_2015,1084,UniRef90_A0A173TP98,1175,0.0163468190432,9,0.9537337662337663,1.3268521950649352e-05
FengQ_2015,1085,UniRef90_F3PXE5,1175,0.0162686018169,9,0.9537337662337663,1.3205033942288961e-05
FengQ_2015,1086,UniRef90_A0A2A7AHW3,1175,0.013177311889,9,0.9537337662337663,1.0695870039772727e-05
FengQ_2015,1087,UniRef90_U2BT73,1175,0.0122800786019,9,0.9537337662337663,9.967596267775975e-06
FengQ_2015,1088,UniRef90_U2PTN3,1175,0.0122685179306,9,0.9537337662337663,9.958212606006493e-06
FengQ_2015,1089,UniRef90_A0A367FUA1,1175,0.0108542244887,9,0.9537337662337663,8.81024714991883e-06
FengQ_2015,1090,UniRef90_W6P8M8,1175,0.0088854226493,9,0.9537337662337663,7.212193708847402e-06
FengQ_2015,1091,UniRef90_R6MHE2,1175,0.0088202336119,9,0.9537337662337663,7.15928052913961e-06
FengQ_2015,1092,UniRef90_R6E8V6,1175,0.0085611670269,9,0.9537337662337663,6.948999210146103e-06
FengQ_2015,1093,UniRef90_A0A139T3R5,1175,0.0084121884835999,9,0.9537337662337663,6.828075067857062e-06
FengQ_2015,1094,UniRef90_A0A1Q6HGU0,1175,0.0083705087626,9,0.9537337662337663,6.7942441254870126e-06
FengQ_2015,1095,UniRef90_A5ZNW4,1175,0.0080995139923,9,0.9537337662337663,6.574280837905844e-06
FengQ_2015,1096,UniRef90_A0A174LGV6,1175,0.0076182291756000005,9,0.9537337662337663,6.183627577597403e-06
FengQ_2015,1097,UniRef90_Q8AAP2,1175,0.0073806851831,9,0.9537337662337663,5.990815895373376e-06
FengQ_2015,1098,UniRef90_C6IHF7,1175,0.0071702503604,9,0.9537337662337663,5.8200084094155845e-06
FengQ_2015,1099,UniRef90_R6GP05,1175,0.0065107017178,9,0.9537337662337663,5.284660485227273e-06
FengQ_2015,1100,UniRef90_A0A173SLK3,1175,0.0050779042962999996,9,0.9537337662337663,4.121675565178571e-06
FengQ_2015,1101,UniRef90_A0A292RKG4,1175,0.0019128549711000002,9,0.9537337662337663,1.5526420219967535e-06
FengQ_2015,1102,UniRef90_A5ZYV6,1174,0.0212688561779999,9,0.952922077922078,1.7263681962662255e-05
FengQ_2015,1103,UniRef90_A5ZAM4,1174,0.0199161354298,9,0.952922077922078,1.6165694342370128e-05
FengQ_2015,1104,UniRef90_F4XGS3,1174,0.019129343343,9,0.952922077922078,1.5527064401785715e-05
FengQ_2015,1105,UniRef90_A0A016BP93,1174,0.018560155919999998,9,0.952922077922078,1.5065061623376622e-05
FengQ_2015,1106,UniRef90_G2T376,1174,0.0163474802813,9,0.952922077922078,1.3269058669886365e-05
FengQ_2015,1107,UniRef90_Q64XR8,1174,0.0151016067597,9,0.952922077922078,1.2257797694561687e-05
FengQ_2015,1108,UniRef90_B0GA48,1174,0.013648184899999999,9,0.952922077922078,1.1078072159090909e-05
FengQ_2015,1109,UniRef90_D4JEF1,1174,0.0128238446,9,0.952922077922078,1.0408964772727273e-05
FengQ_2015,1110,UniRef90_Q5LHC9,1174,0.0125622168903,9,0.952922077922078,1.019660461875e-05
FengQ_2015,1111,UniRef90_F7V2H7,1174,0.012093945318,9,0.952922077922078,9.816514056818182e-06
FengQ_2015,1112,UniRef90_A5Z5E6,1174,0.011737385209,9,0.952922077922078,9.527098383928571e-06
FengQ_2015,1113,UniRef90_A0A174FN26,1174,0.0116980993966,9,0.952922077922078,9.495210549188312e-06
FengQ_2015,1114,UniRef90_Q64ZS4,1174,0.011368393455,9,0.952922077922078,9.227592090097403e-06
FengQ_2015,1115,UniRef90_C7H6R0,1174,0.0112909664622,9,0.952922077922078,9.164745505032468e-06
FengQ_2015,1116,UniRef90_Q8A6N7,1174,0.0112227710303,9,0.952922077922078,9.1093920700487e-06
FengQ_2015,1117,UniRef90_A0A139TCP8,1174,0.0103722639189,9,0.952922077922078,8.419045388717533e-06
FengQ_2015,1118,UniRef90_A0A174T7I9,1174,0.00989015687,9,0.952922077922078,8.027724732142857e-06
FengQ_2015,1119,UniRef90_Q5LDK8,1174,0.0086939436853,9,0.952922077922078,7.056772471834415e-06
FengQ_2015,1120,UniRef90_A0A174LXZ3,1174,0.008382833749,9,0.952922077922078,6.804248172889611e-06
FengQ_2015,1121,UniRef90_R5U6R9,1174,0.0082694385103,9,0.952922077922078,6.712206583035715e-06
FengQ_2015,1122,UniRef90_R6VFX7,1174,0.0079560321337,9,0.952922077922078,6.45781829034091e-06
FengQ_2015,1123,UniRef90_A0A139L5M6,1174,0.0077080441374,9,0.952922077922078,6.256529332305195e-06
FengQ_2015,1124,UniRef90_A0A3E5GMU6,1174,0.0076806097894,9,0.952922077922078,6.2342611926948055e-06
FengQ_2015,1125,UniRef90_Q8A883,1174,0.0071711426062,9,0.952922077922078,5.820732634902597e-06
FengQ_2015,1126,UniRef90_A0A174GI01,1174,0.0069793622968,9,0.952922077922078,5.665066799350649e-06
FengQ_2015,1127,UniRef90_A0A173U645,1174,0.0069594353535,9,0.952922077922078,5.648892332386364e-06
FengQ_2015,1128,UniRef90_UPI000E509EF5,1174,0.0063643297023000004,9,0.952922077922078,5.165852031087663e-06
FengQ_2015,1129,UniRef90_R5FW49,1174,0.0036577229292,9,0.952922077922078,2.968930949025974e-06
FengQ_2015,1130,UniRef90_E1YPF1,1173,0.0460471920071,9,0.9521103896103896,3.7375967538230524e-05
FengQ_2015,1131,UniRef90_A0A076IUR5,1173,0.0270095065047,9,0.9521103896103896,2.1923300734334415e-05
FengQ_2015,1132,UniRef90_R6CW89,1173,0.0266831809043,9,0.9521103896103896,2.1658426058685065e-05
FengQ_2015,1133,UniRef90_A5KRK4,1173,0.0242552770627,9,0.9521103896103896,1.9687724888555194e-05
FengQ_2015,1134,UniRef90_E6SR13,1173,0.0167949034799,9,0.9521103896103896,1.3632226850568182e-05
FengQ_2015,1135,UniRef90_D4M0W3,1173,0.0159760063143,9,0.9521103896103896,1.2967537592775974e-05
FengQ_2015,1136,UniRef90_F3PR87,1173,0.014402250989,9,0.9521103896103896,1.1690138789772728e-05
FengQ_2015,1137,UniRef90_E7GQ64,1173,0.0140296247257,9,0.9521103896103896,1.1387682407224025e-05
FengQ_2015,1138,UniRef90_B6VYU5,1173,0.0138510923822,9,0.9521103896103896,1.1242769790746753e-05
FengQ_2015,1139,UniRef90_A0A0K6BZ65,1173,0.010314689931200001,9,0.9521103896103896,8.372313255844157e-06
FengQ_2015,1140,UniRef90_R6JHC6,1173,0.009358645296,9,0.9521103896103896,7.5963029999999995e-06
FengQ_2015,1141,UniRef90_A0A175A4P5,1173,0.0092663699171,9,0.9521103896103896,7.52140415349026e-06
FengQ_2015,1142,UniRef90_U2CMW0,1173,0.0091142284741,9,0.9521103896103896,7.397912722483767e-06
FengQ_2015,1143,UniRef90_C9KZP5,1173,0.0087409387897,9,0.9521103896103896,7.094917848782468e-06
FengQ_2015,1144,UniRef90_I9UMJ5,1173,0.008612749296500001,9,0.9521103896103896,6.99086793547078e-06
FengQ_2015,1145,UniRef90_R6VCA7,1173,0.0082587069677,9,0.9521103896103896,6.703495915340909e-06
FengQ_2015,1146,UniRef90_R6J3N3,1173,0.0081679262141,9,0.9521103896103896,6.629810238717533e-06
FengQ_2015,1147,UniRef90_A0A139KQF5,1173,0.007752580185,9,0.9521103896103896,6.292678721590909e-06
FengQ_2015,1148,UniRef90_Q8A251,1173,0.007726733167099999,9,0.9521103896103896,6.27169899926948e-06
FengQ_2015,1149,UniRef90_D4JG11,1173,0.0076348741012,9,0.9521103896103896,6.197138069155844e-06
FengQ_2015,1150,UniRef90_A7AYC2,1173,0.007202740979,9,0.9521103896103896,5.846380664772728e-06
FengQ_2015,1151,UniRef90_K5BRS5,1173,0.0067309693298999995,9,0.9521103896103896,5.463449131412337e-06
FengQ_2015,1152,UniRef90_U2D4U5,1173,0.0063840267304,9,0.9521103896103896,5.181839878571429e-06
FengQ_2015,1153,UniRef90_E2N7L5,1172,0.4152683229844,9,0.9512987012987013,0.00033706844398084416
FengQ_2015,1154,UniRef90_A0A175AB67,1172,0.0712886347742,9,0.9512987012987013,5.786415160243507e-05
FengQ_2015,1155,UniRef90_A0A395UGL2,1172,0.0470667100033,9,0.9512987012987013,3.8203498379301946e-05
FengQ_2015,1156,UniRef90_A0A3E4IG89,1172,0.040155871940400004,9,0.9512987012987013,3.2594051899675326e-05
FengQ_2015,1157,UniRef90_G2SWG8,1172,0.0334402433846,9,0.9512987012987013,2.7143054695292208e-05
FengQ_2015,1158,UniRef90_D7GUX9,1172,0.025450517719,9,0.9512987012987013,2.0657887758928573e-05
FengQ_2015,1159,UniRef90_C7GI03,1172,0.025010011204,9,0.9512987012987013,2.0300333769480518e-05
FengQ_2015,1160,UniRef90_A0A3E2UG38,1172,0.0223331746229,9,0.9512987012987013,1.8127576804301948e-05
FengQ_2015,1161,UniRef90_A0A3E4TMC8,1172,0.016669212045,9,0.9512987012987013,1.353020458198052e-05
FengQ_2015,1162,UniRef90_A0A395WC15,1172,0.015556552741,9,0.9512987012987013,1.2627072030032468e-05
FengQ_2015,1163,UniRef90_R6K7C9,1172,0.015540892607,9,0.9512987012987013,1.2614360882305195e-05
FengQ_2015,1164,UniRef90_C7H2T7,1172,0.0148799188063,9,0.9512987012987013,1.2077856173944805e-05
FengQ_2015,1165,UniRef90_A0A174EZQ4,1172,0.0145220680323,9,0.9512987012987013,1.178739288336039e-05
FengQ_2015,1166,UniRef90_A0A3D6ASL7,1172,0.014406107861799999,9,0.9512987012987013,1.1693269368344155e-05
FengQ_2015,1167,UniRef90_F3PGB6,1172,0.014326210565,9,0.9512987012987013,1.1628417666396104e-05
FengQ_2015,1168,UniRef90_A0A0K6BWP1,1172,0.014039557520199999,9,0.9512987012987013,1.1395744740422077e-05
FengQ_2015,1169,UniRef90_A0A2A7A133,1172,0.0138351722195,9,0.9512987012987013,1.1229847580762986e-05
FengQ_2015,1170,UniRef90_D4JMB0,1172,0.0137778050961,9,0.9512987012987013,1.1183283357224026e-05
FengQ_2015,1171,UniRef90_A0A174PVT9,1172,0.013687987390499999,9,0.9512987012987013,1.1110379375405843e-05
FengQ_2015,1172,UniRef90_A0A174FJF4,1172,0.0124241506633,9,0.9512987012987013,1.0084537876055196e-05
FengQ_2015,1173,UniRef90_R5JBH5,1172,0.0121064930801,9,0.9512987012987013,9.826698928652598e-06
FengQ_2015,1174,UniRef90_D9QZM2,1172,0.0118809027117,9,0.9512987012987013,9.643589863392857e-06
FengQ_2015,1175,UniRef90_F7V8I3,1172,0.011776975109,9,0.9512987012987013,9.55923304301948e-06
FengQ_2015,1176,UniRef90_A0A0M6WL63,1172,0.0096367034847,9,0.9512987012987013,7.821999581737013e-06
FengQ_2015,1177,UniRef90_Q5LIJ5,1172,0.0092078052745,9,0.9512987012987013,7.4738679176136365e-06
FengQ_2015,1178,UniRef90_K5D7J9,1172,0.0090339656106,9,0.9512987012987013,7.332764294318183e-06
FengQ_2015,1179,UniRef90_A0A139JTK6,1172,0.008921791425,9,0.9512987012987013,7.2417138189935065e-06
FengQ_2015,1180,UniRef90_A5ZJX9,1172,0.008582788635,9,0.9512987012987013,6.966549216720779e-06
FengQ_2015,1181,UniRef90_A0A0P0FAE2,1172,0.00843592325,9,0.9512987012987013,6.847340300324675e-06
FengQ_2015,1182,UniRef90_A0A0P0F982,1172,0.0079716610118,9,0.9512987012987013,6.47050406801948e-06
FengQ_2015,1183,UniRef90_A0A0P0EV66,1172,0.0079646019255,9,0.9512987012987013,6.464774290178571e-06
FengQ_2015,1184,UniRef90_Q8A2T6,1172,0.0075280514593,9,0.9512987012987013,6.110431379301948e-06
FengQ_2015,1185,UniRef90_A0A0K6BS94,1172,0.0070552134479,9,0.9512987012987013,5.726634292126624e-06
FengQ_2015,1186,UniRef90_Q8A5W4,1172,0.006707479218,9,0.9512987012987013,5.444382482142857e-06
FengQ_2015,1187,UniRef90_A0A174WU36,1172,0.0052789316472,9,0.9512987012987013,4.284847116233766e-06
FengQ_2015,1188,UniRef90_F7KLS3,1172,0.00220678994981,9,0.9512987012987013,1.7912256086120129e-06
FengQ_2015,1189,UniRef90_S0J749,1172,0.0021862713057,9,0.9512987012987013,1.7745708650162338e-06
FengQ_2015,1190,UniRef90_C0B5S4,1172,0.0004823725286,9,0.9512987012987013,3.9153614334415585e-07
FengQ_2015,1191,UniRef90_J7SHX6,1171,0.0970688952453,9,0.950487012987013,7.878968769910714e-05
FengQ_2015,1192,UniRef90_E5UT40,1171,0.0284058721981,9,0.950487012987013,2.305671444650974e-05
FengQ_2015,1193,UniRef90_A0A2A7BD22,1171,0.0277886824465,9,0.950487012987013,2.2555748739042206e-05
FengQ_2015,1194,UniRef90_A6L8S9,1171,0.0243892544724,9,0.950487012987013,1.979647278603896e-05
FengQ_2015,1195,UniRef90_C0BCE2,1171,0.020492131654,9,0.950487012987013,1.663322374512987e-05
FengQ_2015,1196,UniRef90_A0A396FMH1,1171,0.0178809111415,9,0.950487012987013,1.4513726575892857e-05
FengQ_2015,1197,UniRef90_A6L4U5,1171,0.017277109702299998,9,0.950487012987013,1.4023628005113635e-05
FengQ_2015,1198,UniRef90_A0A2A6ZB54,1171,0.0171327277165,9,0.950487012987013,1.3906434834821427e-05
FengQ_2015,1199,UniRef90_R7N2R9,1171,0.015219857766599999,9,0.950487012987013,1.2353780654707791e-05
FengQ_2015,1200,UniRef90_A7V331,1171,0.0143759095858,9,0.950487012987013,1.1668757780681817e-05
FengQ_2015,1201,UniRef90_B0NZ62,1171,0.013703299294,9,0.950487012987013,1.1122807868506493e-05
FengQ_2015,1202,UniRef90_C7H736,1171,0.0135515528471999,9,0.950487012987013,1.0999637051298621e-05
FengQ_2015,1203,UniRef90_A0A329TP94,1171,0.0134723303206,9,0.950487012987013,1.0935333052435065e-05
FengQ_2015,1204,UniRef90_F3AB87,1171,0.0122781427119,9,0.950487012987013,9.966024928490259e-06
FengQ_2015,1205,UniRef90_A0A396FKF2,1171,0.0122204106242,9,0.950487012987013,9.919164467694805e-06
FengQ_2015,1206,UniRef90_A0A1E3U5G4,1171,0.011755442529,9,0.950487012987013,9.541755299512987e-06
FengQ_2015,1207,UniRef90_Q8A245,1171,0.011468011342,9,0.950487012987013,9.30845076461039e-06
FengQ_2015,1208,UniRef90_C0CL71,1171,0.0110908759841,9,0.950487012987013,9.00233440267857e-06
FengQ_2015,1209,UniRef90_A0A139LFI4,1171,0.010341865858399999,9,0.950487012987013,8.394371638311687e-06
FengQ_2015,1210,UniRef90_A7B028,1171,0.0097767656804,9,0.950487012987013,7.935686428896105e-06
FengQ_2015,1211,UniRef90_R6JB78,1171,0.009730281361000001,9,0.950487012987013,7.89795565016234e-06
FengQ_2015,1212,UniRef90_R6JN61,1171,0.0096667155069,9,0.950487012987013,7.846359989366884e-06
FengQ_2015,1213,UniRef90_A0A174P957,1171,0.009291249389,9,0.950487012987013,7.541598530032468e-06
FengQ_2015,1214,UniRef90_A0A3E2Y7W5,1171,0.009221487202,9,0.950487012987013,7.4849733782467535e-06
FengQ_2015,1215,UniRef90_W8YEK8,1171,0.0084916620807,9,0.950487012987013,6.892582857711038e-06
FengQ_2015,1216,UniRef90_Q8A0M6,1171,0.00755363125,9,0.950487012987013,6.131194196428571e-06
FengQ_2015,1217,UniRef90_UPI000A310AE9,1171,0.0068399918761,9,0.950487012987013,5.551941457873377e-06
FengQ_2015,1218,UniRef90_A0A0S2W734,1171,0.006283051361,9,0.950487012987013,5.0998793514610394e-06
FengQ_2015,1219,UniRef90_A0A143WWX7,1171,0.0050736597387,9,0.950487012987013,4.118230307386364e-06
FengQ_2015,1220,UniRef90_D9R3T4,1171,0.0045548721671,9,0.950487012987013,3.6971364992694807e-06
FengQ_2015,1221,UniRef90_I3YIY6,1170,0.0427793394876,9,0.9496753246753247,3.472348984383117e-05
FengQ_2015,1222,UniRef90_A6BKX8,1170,0.0252813786823,9,0.9496753246753247,2.0520599579788962e-05
FengQ_2015,1223,UniRef90_A0A396GCE4,1170,0.0214868474000999,9,0.9496753246753247,1.744062288969148e-05
FengQ_2015,1224,UniRef90_R6J5Q7,1170,0.0201503255242,9,0.9496753246753247,1.635578370470779e-05
FengQ_2015,1225,UniRef90_A0A3E2TPS1,1170,0.0187375503537,9,0.9496753246753247,1.520905061176948e-05
FengQ_2015,1226,UniRef90_A0A076ITW3,1170,0.018690710479200002,9,0.9496753246753247,1.5171031233116885e-05
FengQ_2015,1227,UniRef90_F7KH42,1170,0.0166737842001,9,0.9496753246753247,1.3533915746834415e-05
FengQ_2015,1228,UniRef90_H1AL83,1170,0.015986250540900002,9,0.9496753246753247,1.2975852711769483e-05
FengQ_2015,1229,UniRef90_A0A3E4IFW0,1170,0.015551903977,9,0.9496753246753247,1.262329868262987e-05
FengQ_2015,1230,UniRef90_A0A174GXS8,1170,0.0152401433009,9,0.9496753246753247,1.2370246185795455e-05
FengQ_2015,1231,UniRef90_A0A174XP28,1170,0.015065398191599999,9,0.9496753246753247,1.2228407623051948e-05
FengQ_2015,1232,UniRef90_A0A0K6BWB8,1170,0.014211234093699999,9,0.9496753246753247,1.1535092608522727e-05
FengQ_2015,1233,UniRef90_A7VCV5,1170,0.01357048229816,9,0.9496753246753247,1.1015001865389611e-05
FengQ_2015,1234,UniRef90_A0A173Y905,1170,0.013496073546,9,0.9496753246753247,1.0954605150974025e-05
FengQ_2015,1235,UniRef90_D4JEF3,1170,0.0127387815563,9,0.9496753246753247,1.033992009439935e-05
FengQ_2015,1236,UniRef90_D4CBB3,1170,0.0121829507413,9,0.9496753246753247,9.888758718587663e-06
FengQ_2015,1237,UniRef90_A0A174F2R6,1170,0.012090083359,9,0.9496753246753247,9.813379349837663e-06
FengQ_2015,1238,UniRef90_A0A174QRB9,1170,0.0116780623705,9,0.9496753246753247,9.478946729301948e-06
FengQ_2015,1239,UniRef90_A0A069D6V6,1170,0.011264135473899999,9,0.9496753246753247,9.14296710543831e-06
FengQ_2015,1240,UniRef90_C5ER99,1170,0.01106918145,9,0.9496753246753247,8.984725202922078e-06
FengQ_2015,1241,UniRef90_A0A158T0E6,1170,0.010615594639100001,9,0.9496753246753247,8.616554090178572e-06
FengQ_2015,1242,UniRef90_C9L7F6,1170,0.0102092037901,9,0.9496753246753247,8.28669138806818e-06
FengQ_2015,1243,UniRef90_R6JN51,1170,0.009437259317,9,0.9496753246753247,7.66011308198052e-06
FengQ_2015,1244,UniRef90_A0A174M6D1,1170,0.0092399940626,9,0.9496753246753247,7.4999951806818175e-06
FengQ_2015,1245,UniRef90_C4Z2R0,1170,0.0091628437103,9,0.9496753246753247,7.437373141477273e-06
FengQ_2015,1246,UniRef90_F7R0D4,1170,0.0076899042123,9,0.9496753246753247,6.241805367126623e-06
FengQ_2015,1247,UniRef90_R6D9C9,1170,0.0073186780275,9,0.9496753246753247,5.940485411931818e-06
FengQ_2015,1248,UniRef90_A0A3E5CUU0,1170,0.007226695834,9,0.9496753246753247,5.865824540584416e-06
FengQ_2015,1249,UniRef90_D7IXY2,1170,0.0071924673495,9,0.9496753246753247,5.838041679788961e-06
FengQ_2015,1250,UniRef90_R5DD49,1170,0.0060059130065,9,0.9496753246753247,4.874929388392857e-06
FengQ_2015,1251,UniRef90_A0A173VE53,1170,0.0024060339575800002,9,0.9496753246753247,1.9529496408928575e-06
FengQ_2015,1252,UniRef90_A0A174JH13,1169,0.0297709074286,9,0.9488636363636364,2.416469758814935e-05
FengQ_2015,1253,UniRef90_A0A396ECZ7,1169,0.024734195980199998,9,0.9488636363636364,2.0076457776136363e-05
FengQ_2015,1254,UniRef90_A0A329U187,1169,0.0223796619692,9,0.9488636363636364,1.8165310039935063e-05
FengQ_2015,1255,UniRef90_A6L5I2,1169,0.019737525648,9,0.9488636363636364,1.602071887012987e-05
FengQ_2015,1256,UniRef90_C6JCC1,1169,0.01928149239571,9,0.9488636363636364,1.565056200950487e-05
FengQ_2015,1257,UniRef90_A0A0K6BYK2,1169,0.0175057136356,9,0.9488636363636364,1.420918314577922e-05
FengQ_2015,1258,UniRef90_R5CHH0,1169,0.017435953246599998,9,0.9488636363636364,1.415255945340909e-05
FengQ_2015,1259,UniRef90_A0A076J838,1169,0.0161371876097,9,0.9488636363636364,1.3098366566314934e-05
FengQ_2015,1260,UniRef90_D4L2I7,1169,0.013791714145100002,9,0.9488636363636364,1.1194573169724028e-05
FengQ_2015,1261,UniRef90_Q8ABD1,1169,0.0131234805109,9,0.9488636363636364,1.0652175739366882e-05
FengQ_2015,1262,UniRef90_R5S2S8,1169,0.01302995193,9,0.9488636363636364,1.057625968344156e-05
FengQ_2015,1263,UniRef90_Q5LBZ8,1169,0.012768494251900001,9,0.9488636363636364,1.0364037542126625e-05
FengQ_2015,1264,UniRef90_A0A176UAD5,1169,0.012624831468,9,0.9488636363636364,1.0247428139610389e-05
FengQ_2015,1265,UniRef90_Q8A9J0,1169,0.0110532477055,9,0.9488636363636364,8.971791968750001e-06
FengQ_2015,1266,UniRef90_R5RZY6,1169,0.010118136978,9,0.9488636363636364,8.212773521103897e-06
FengQ_2015,1267,UniRef90_R5JK61,1169,0.0096965640275,9,0.9488636363636364,7.870587684659091e-06
FengQ_2015,1268,UniRef90_A0A174CV89,1169,0.009368142172,9,0.9488636363636364,7.604011503246754e-06
FengQ_2015,1269,UniRef90_D6D3P6,1169,0.009084814412,9,0.9488636363636364,7.374037672077922e-06
FengQ_2015,1270,UniRef90_A0A0P0FEI0,1169,0.008751331367000001,9,0.9488636363636364,7.103353382305195e-06
FengQ_2015,1271,UniRef90_A0A0K6BQC8,1169,0.008437475101,9,0.9488636363636364,6.848599919642857e-06
FengQ_2015,1272,UniRef90_Q8A1F3,1169,0.008352239479700001,9,0.9488636363636364,6.779415162094157e-06
FengQ_2015,1273,UniRef90_A0A174BG28,1169,0.008328871147,9,0.9488636363636364,6.760447359577922e-06
FengQ_2015,1274,UniRef90_A0A0E2AWP1,1169,0.0082031258159999,9,0.9488636363636364,6.658381344155763e-06
FengQ_2015,1275,UniRef90_Q8A0U0,1169,0.0081428521267,9,0.9488636363636364,6.609457895048701e-06
FengQ_2015,1276,UniRef90_Q8A7Z7,1169,0.0081276841606,9,0.9488636363636364,6.5971462342532465e-06
FengQ_2015,1277,UniRef90_R6S019,1169,0.0080425953802,9,0.9488636363636364,6.528080665746753e-06
FengQ_2015,1278,UniRef90_Q8A9S8,1169,0.007011058932,9,0.9488636363636364,5.690794587662338e-06
FengQ_2015,1279,UniRef90_A0A0E2AK40,1169,0.0065469087742,9,0.9488636363636364,5.314049329707792e-06
FengQ_2015,1280,UniRef90_E7GGY5,1169,0.00060144969789,9,0.9488636363636364,4.881896898457792e-07
FengQ_2015,1281,UniRef90_D4JQL3,1168,0.034912338689799996,9,0.948051948051948,2.8337937248214284e-05
FengQ_2015,1282,UniRef90_A0A120A0G9,1168,0.0327650049058,9,0.948051948051948,2.6594971514448052e-05
FengQ_2015,1283,UniRef90_A6KYJ5,1168,0.027656350259,9,0.948051948051948,2.2448336249188313e-05
FengQ_2015,1284,UniRef90_B7B4Y7,1168,0.026695460005,9,0.948051948051948,2.16683928612013e-05
FengQ_2015,1285,UniRef90_A6BIC0,1168,0.025783162443,9,0.948051948051948,2.0927891593344156e-05
FengQ_2015,1286,UniRef90_D3AQT2,1168,0.0254926761267,9,0.948051948051948,2.069210724569805e-05
FengQ_2015,1287,UniRef90_A0A174LFC4,1168,0.0229635682649,9,0.948051948051948,1.8639259955275976e-05
FengQ_2015,1288,UniRef90_A0A076IKJ6,1168,0.022467380911,9,0.948051948051948,1.8236510479707794e-05
FengQ_2015,1289,UniRef90_A8RVU7,1168,0.017624590849399997,9,0.948051948051948,1.430567439074675e-05
FengQ_2015,1290,UniRef90_R6A6S0,1168,0.0160419816437999,9,0.948051948051948,1.3021088996590828e-05
FengQ_2015,1291,UniRef90_Q5L9P3,1168,0.0145193861669,9,0.948051948051948,1.1785216044561687e-05
FengQ_2015,1292,UniRef90_R8W662,1168,0.0134605287628,9,0.948051948051948,1.0925753865909091e-05
FengQ_2015,1293,UniRef90_Q5L9E3,1168,0.0132699273622,9,0.948051948051948,1.077104493685065e-05
FengQ_2015,1294,UniRef90_A0A174XLP9,1168,0.0097004457062,9,0.948051948051948,7.87373839788961e-06
FengQ_2015,1295,UniRef90_B0NZ71,1168,0.008766992149,9,0.948051948051948,7.116065056006493e-06
FengQ_2015,1296,UniRef90_A0A149NGX3,1168,0.008543024889,9,0.948051948051948,6.9342734488636366e-06
FengQ_2015,1297,UniRef90_R6RZS6,1168,0.0078387416851,9,0.948051948051948,6.362615004139611e-06
FengQ_2015,1298,UniRef90_R5REJ2,1168,0.0077126019589,9,0.948051948051948,6.2602288627435066e-06
FengQ_2015,1299,UniRef90_R5S3R9,1168,0.0075047617022,9,0.948051948051948,6.091527355681818e-06
FengQ_2015,1300,UniRef90_A0A0P0FKD2,1168,0.0072104490992,9,0.948051948051948,5.852637255844155e-06
FengQ_2015,1301,UniRef90_A0A173SXT0,1168,0.0071953161131,9,0.948051948051948,5.840353987905844e-06
FengQ_2015,1302,UniRef90_R6KC09,1168,0.007142002694099999,9,0.948051948051948,5.7970801088474025e-06
FengQ_2015,1303,UniRef90_R6J8N2,1168,0.0071160906736,9,0.948051948051948,5.776047624675324e-06
FengQ_2015,1304,UniRef90_A0A1Y4VL05,1168,0.0070699581309,9,0.948051948051948,5.738602378977273e-06
FengQ_2015,1305,UniRef90_Q8A7Z6,1168,0.0070698731850000005,9,0.948051948051948,5.7385334293831175e-06
FengQ_2015,1306,UniRef90_A0A1H7TVK1,1168,0.0070616241594,9,0.948051948051948,5.73183779172078e-06
FengQ_2015,1307,UniRef90_Q8AA95,1168,0.0069390909414,9,0.948051948051948,5.6323790108766236e-06
FengQ_2015,1308,UniRef90_A0A0S2W3X4,1168,0.0069343947403,9,0.948051948051948,5.628567159334416e-06
FengQ_2015,1309,UniRef90_A0A133YP09,1168,0.0067983008784,9,0.948051948051948,5.518101362337662e-06
FengQ_2015,1310,UniRef90_R6K753,1168,0.0066983445009999995,9,0.948051948051948,5.436967939123376e-06
FengQ_2015,1311,UniRef90_A0A077ZLM0,1168,0.0066939006002,9,0.948051948051948,5.433360876785714e-06
FengQ_2015,1312,UniRef90_C9KVB5,1168,0.0066682515003,9,0.948051948051948,5.412541802191558e-06
FengQ_2015,1313,UniRef90_Q89ZV6,1168,0.006624528649,9,0.948051948051948,5.377052474837662e-06
FengQ_2015,1314,UniRef90_C5EWP7,1168,0.0044960359198,9,0.948051948051948,3.6493798050324673e-06
FengQ_2015,1315,UniRef90_A0A3F3K6N7,1168,0.0029306613947,9,0.948051948051948,2.378783599594156e-06
FengQ_2015,1316,UniRef90_UPI0009DE99A3,1168,0.0022706625249,9,0.948051948051948,1.84307023125e-06
FengQ_2015,1317,UniRef90_A0A3D2YDV6,1168,0.0002079732731300001,9,0.948051948051948,1.6880947494318192e-07
FengQ_2015,1318,UniRef90_A0A396E773,1167,0.0748971468766,9,0.9472402597402597,6.079313869853896e-05
FengQ_2015,1319,UniRef90_B6W4E8,1167,0.0371445606136,9,0.9472402597402597,3.014980569285714e-05
FengQ_2015,1320,UniRef90_A0A174DC02,1167,0.032468860645,9,0.9472402597402597,2.6354594679383118e-05
FengQ_2015,1321,UniRef90_A6KYI2,1167,0.0278291146362,9,0.9472402597402597,2.2588567074837664e-05
FengQ_2015,1322,UniRef90_A0A2A7A3Q8,1167,0.027624637924200002,9,0.9472402597402597,2.2422595717694808e-05
FengQ_2015,1323,UniRef90_Q8A484,1167,0.0264817888576,9,0.9472402597402597,2.1494958488311687e-05
FengQ_2015,1324,UniRef90_S0F753,1167,0.022938953507500002,9,0.9472402597402597,1.861928044439935e-05
FengQ_2015,1325,UniRef90_A0A173UNL4,1167,0.0215454552798,9,0.9472402597402597,1.7488194220616883e-05
FengQ_2015,1326,UniRef90_A0A174RDH8,1167,0.0184331496089,9,0.9472402597402597,1.4961972085146103e-05
FengQ_2015,1327,UniRef90_A0A173T603,1167,0.0165707532138,9,0.9472402597402597,1.3450286699512987e-05
FengQ_2015,1328,UniRef90_A0A0A2FLK3,1167,0.0164389404899999,9,0.9472402597402597,1.3343295852272647e-05
FengQ_2015,1329,UniRef90_E6SR39,1167,0.0162033036079,9,0.9472402597402597,1.315203214926948e-05
FengQ_2015,1330,UniRef90_A6L5J9,1167,0.016125688072599998,9,0.9472402597402597,1.3089032526461037e-05
FengQ_2015,1331,UniRef90_U2R7H4,1167,0.0160449058259,9,0.9472402597402597,1.3023462521022727e-05
FengQ_2015,1332,UniRef90_A0A397WFR9,1167,0.015062069157,9,0.9472402597402597,1.2225705484577923e-05
FengQ_2015,1333,UniRef90_A0A139KHA8,1167,0.014560394395,9,0.9472402597402597,1.1818501943993507e-05
FengQ_2015,1334,UniRef90_E8LCS8,1167,0.0138894043701,9,0.9472402597402597,1.1273867183522728e-05
FengQ_2015,1335,UniRef90_A0A3E2UBM5,1167,0.0118315721471,9,0.9472402597402597,9.603548820698053e-06
FengQ_2015,1336,UniRef90_A0A173VFD7,1167,0.010197015775,9,0.9472402597402597,8.27679851866883e-06
FengQ_2015,1337,UniRef90_A0A0P0GTV9,1167,0.009602786964699999,9,0.9472402597402597,7.794469938879869e-06
FengQ_2015,1338,UniRef90_C0FW27,1167,0.0093656356164,9,0.9472402597402597,7.6019769613636355e-06
FengQ_2015,1339,UniRef90_A0A096B8Q8,1167,0.0082001728935,9,0.9472402597402597,6.655984491477273e-06
FengQ_2015,1340,UniRef90_Q5LGG9,1167,0.0081731286225,9,0.9472402597402597,6.634032972808441e-06
FengQ_2015,1341,UniRef90_R5MR56,1167,0.0077704263083999995,9,0.9472402597402597,6.307164211363636e-06
FengQ_2015,1342,UniRef90_K5BSG4,1167,0.0070058895403999994,9,0.9472402597402597,5.686598652922077e-06
FengQ_2015,1343,UniRef90_Q8A0F7,1167,0.0063324089689999995,9,0.9472402597402597,5.139942344967532e-06
FengQ_2015,1344,UniRef90_A0A2A7BGS1,1167,0.0061661720481,9,0.9472402597402597,5.005009779301948e-06
FengQ_2015,1345,UniRef90_A0A395ZZQ9,1167,0.006043182421600001,9,0.9472402597402597,4.905180537012988e-06
FengQ_2015,1346,UniRef90_A0A2S9I3B8,1167,0.0051026526338,9,0.9472402597402597,4.1417635014610395e-06
FengQ_2015,1347,UniRef90_A0A174UIU3,1167,0.0049279378916,9,0.9472402597402597,3.999949587337662e-06
FengQ_2015,1348,UniRef90_A7V4G3,1166,0.195055290726,9,0.9464285714285714,0.00015832409961525975
FengQ_2015,1349,UniRef90_A7V4G0,1166,0.060131056875,9,0.9464285714285714,4.8807676034902594e-05
FengQ_2015,1350,UniRef90_A7VSA4,1166,0.058968315005,9,0.9464285714285714,4.7863892049512985e-05
FengQ_2015,1351,UniRef90_A0A396F0F1,1166,0.051766960314,9,0.9464285714285714,4.20186366185065e-05
FengQ_2015,1352,UniRef90_A0A173VNX7,1166,0.0446559238073,9,0.9464285714285714,3.624669140202922e-05
FengQ_2015,1353,UniRef90_A0A2A6ZA84,1166,0.0321861052492,9,0.9464285714285714,2.6125085429545455e-05
FengQ_2015,1354,UniRef90_A6KXK3,1166,0.028628167604300002,9,0.9464285714285714,2.3237149029464287e-05
FengQ_2015,1355,UniRef90_A6KWR4,1166,0.0247264824211,9,0.9464285714285714,2.0070196770373378e-05
FengQ_2015,1356,UniRef90_A6KXL0,1166,0.0200692655655,9,0.9464285714285714,1.6289988283685065e-05
FengQ_2015,1357,UniRef90_R6CPE5,1166,0.0195297319394,9,0.9464285714285714,1.5852055145616884e-05
FengQ_2015,1358,UniRef90_A6L585,1166,0.01929086849,9,0.9464285714285714,1.565817247564935e-05
FengQ_2015,1359,UniRef90_E1WKS3,1166,0.0190024520116,9,0.9464285714285714,1.5424068191233764e-05
FengQ_2015,1360,UniRef90_A0A174MWS7,1166,0.0186759934829999,9,0.9464285714285714,1.51590856193181e-05
FengQ_2015,1361,UniRef90_A0A0P0L8X9,1166,0.0184735180412,9,0.9464285714285714,1.4994738669805194e-05
FengQ_2015,1362,UniRef90_A0A381I6B5,1166,0.018408660932,9,0.9464285714285714,1.494209491233766e-05
FengQ_2015,1363,UniRef90_E6SVL0,1166,0.017747042958899898,9,0.9464285714285714,1.4405067336769399e-05
FengQ_2015,1364,UniRef90_Q8A487,1166,0.017355407716,9,0.9464285714285714,1.4087181587662337e-05
FengQ_2015,1365,UniRef90_A6BEX3,1166,0.0162239328163,9,0.9464285714285714,1.3168776636607143e-05
FengQ_2015,1366,UniRef90_A0A329TZU2,1166,0.0159630262774,9,0.9464285714285714,1.295700184853896e-05
FengQ_2015,1367,UniRef90_K1FSS9,1166,0.0135494967387,9,0.9464285714285714,1.0997968132061689e-05
FengQ_2015,1368,UniRef90_A0A3E5F7G1,1166,0.0128290023457,9,0.9464285714285714,1.0413151254626623e-05
FengQ_2015,1369,UniRef90_A0A2A7A8I5,1166,0.0120126936693,9,0.9464285714285714,9.750563043262987e-06
FengQ_2015,1370,UniRef90_B6FQE1,1166,0.011644041642099999,9,0.9464285714285714,9.451332501704545e-06
FengQ_2015,1371,UniRef90_A8RVW4,1166,0.010614000128,9,0.9464285714285714,8.615259844155844e-06
FengQ_2015,1372,UniRef90_R7KMK5,1166,0.0097356790672,9,0.9464285714285714,7.902336905194804e-06
FengQ_2015,1373,UniRef90_R7KZ69,1166,0.009618633344,9,0.9464285714285714,7.80733225974026e-06
FengQ_2015,1374,UniRef90_Q8A2N8,1166,0.0089816524477,9,0.9464285714285714,7.290302311444805e-06
FengQ_2015,1375,UniRef90_A8RCH3,1166,0.0087058674987,9,0.9464285714285714,7.066450891801949e-06
FengQ_2015,1376,UniRef90_Q8A5V6,1166,0.00866751783,9,0.9464285714285714,7.035322913961039e-06
FengQ_2015,1377,UniRef90_Q5L7Q8,1166,0.008297748357499999,9,0.9464285714285714,6.735185355113635e-06
FengQ_2015,1378,UniRef90_R5U4U4,1166,0.007736414705100001,9,0.9464285714285714,6.2795573905032475e-06
FengQ_2015,1379,UniRef90_R6JF82,1166,0.0075161440927,9,0.9464285714285714,6.100766309009741e-06
FengQ_2015,1380,UniRef90_A0A1L5KW01,1166,0.0073085425433,9,0.9464285714285714,5.932258557873377e-06
FengQ_2015,1381,UniRef90_D4WK38,1166,0.0072138668834,9,0.9464285714285714,5.855411431331169e-06
FengQ_2015,1382,UniRef90_Q8A5W2,1166,0.0071608918986,9,0.9464285714285714,5.812412255357143e-06
FengQ_2015,1383,UniRef90_A0A174XIH1,1166,0.007031011621700001,9,0.9464285714285714,5.706989952678572e-06
FengQ_2015,1384,UniRef90_F4XHR2,1166,0.0063785955218,9,0.9464285714285714,5.177431430032467e-06
FengQ_2015,1385,UniRef90_A0A373ZU51,1166,0.0060000384877,9,0.9464285714285714,4.870161110146104e-06
FengQ_2015,1386,UniRef90_G1VJV9,1166,0.0059047099523,9,0.9464285714285714,4.7927840521915585e-06
FengQ_2015,1387,UniRef90_A0A285PUH3,1166,0.0046819700647,9,0.9464285714285714,3.8003003771915585e-06
FengQ_2015,1388,UniRef90_C7GEU3,1166,0.00406739093402,9,0.9464285714285714,3.301453680211039e-06
FengQ_2015,1389,UniRef90_A6L1X1,1165,0.030671421392100003,9,0.9456168831168831,2.489563424683442e-05
FengQ_2015,1390,UniRef90_U6RCV6,1165,0.0263941298127,9,0.9456168831168831,2.1423806666152598e-05
FengQ_2015,1391,UniRef90_R6Y9C3,1165,0.026303290742,9,0.9456168831168831,2.1350073654220778e-05
FengQ_2015,1392,UniRef90_B0G6W6,1165,0.0262365907606,9,0.9456168831168831,2.129593405892857e-05
FengQ_2015,1393,UniRef90_A6L0E8,1165,0.0261827798937,9,0.9456168831168831,2.1252256407224025e-05
FengQ_2015,1394,UniRef90_A0A076J1F4,1165,0.0218276506884,9,0.9456168831168831,1.7717248935389612e-05
FengQ_2015,1395,UniRef90_R6JHJ8,1165,0.0185611292065,9,0.9456168831168831,1.5065851628652597e-05
FengQ_2015,1396,UniRef90_A0A0P0LJL5,1165,0.017992663203,9,0.9456168831168831,1.4604434418019482e-05
FengQ_2015,1397,UniRef90_A0A395V4X9,1165,0.017300215116,9,0.9456168831168831,1.4042382399350648e-05
FengQ_2015,1398,UniRef90_R5M766,1165,0.015535914881,9,0.9456168831168831,1.2610320520292207e-05
FengQ_2015,1399,UniRef90_C0BE66,1165,0.014663413939,9,0.9456168831168831,1.1902121703733766e-05
FengQ_2015,1400,UniRef90_C5ERC2,1165,0.0116809886709999,9,0.9456168831168831,9.481321973214205e-06
FengQ_2015,1401,UniRef90_A0A2A7ACC7,1165,0.011604984164,9,0.9456168831168831,9.419630003246753e-06
FengQ_2015,1402,UniRef90_D3AFY1,1165,0.01141767521912,9,0.9456168831168831,9.267593522012987e-06
FengQ_2015,1403,UniRef90_A0A329TLD1,1165,0.0114155845921,9,0.9456168831168831,9.265896584496753e-06
FengQ_2015,1404,UniRef90_D4M219,1165,0.0107958464504,9,0.9456168831168831,8.762862378571428e-06
FengQ_2015,1405,UniRef90_D4JBK8,1165,0.0105366839678,9,0.9456168831168831,8.552503220616883e-06
FengQ_2015,1406,UniRef90_A0A0D8J3P3,1165,0.0103548947631,9,0.9456168831168831,8.40494704797078e-06
FengQ_2015,1407,UniRef90_Q8A0X7,1165,0.0088531469091,9,0.9456168831168831,7.1859958677759735e-06
FengQ_2015,1408,UniRef90_I9RZU0,1165,0.0083114090668,9,0.9456168831168831,6.7462735931818185e-06
FengQ_2015,1409,UniRef90_B0MI66,1165,0.007860120311,9,0.9456168831168831,6.379967784902597e-06
FengQ_2015,1410,UniRef90_A0A2M9V7Z4,1165,0.0078520354809,9,0.9456168831168831,6.373405422808442e-06
FengQ_2015,1411,UniRef90_A0A174HCN0,1165,0.0077793513796,9,0.9456168831168831,6.314408587337663e-06
FengQ_2015,1412,UniRef90_R6EJZ1,1165,0.0077759686141,9,0.9456168831168831,6.31166283612013e-06
FengQ_2015,1413,UniRef90_W4V0L2,1165,0.0073932209451,9,0.9456168831168831,6.000991026866883e-06
FengQ_2015,1414,UniRef90_Q8A1G8,1165,0.00737625798,9,0.9456168831168831,5.987222386363637e-06
FengQ_2015,1415,UniRef90_R6UUN2,1165,0.0071120672791,9,0.9456168831168831,5.772781882386363e-06
FengQ_2015,1416,UniRef90_Q8A8D8,1165,0.0070294311934,9,0.9456168831168831,5.7057071375e-06
FengQ_2015,1417,UniRef90_Q8A2N7,1165,0.006857294237,9,0.9456168831168831,5.56598558198052e-06
FengQ_2015,1418,UniRef90_Q8A7U2,1165,0.0067199624101,9,0.9456168831168831,5.454514943262987e-06
FengQ_2015,1419,UniRef90_D6CWC8,1165,0.0065933219475,9,0.9456168831168831,5.351722359983766e-06
FengQ_2015,1420,UniRef90_A0A086ZXH7,1165,0.0058039169819,9,0.9456168831168831,4.710971576217532e-06
FengQ_2015,1421,UniRef90_G5FA78,1165,0.0057130590092,9,0.9456168831168831,4.637223221753247e-06
FengQ_2015,1422,UniRef90_R5GA69,1165,0.004789863185700001,9,0.9456168831168831,3.887875962418832e-06
FengQ_2015,1423,UniRef90_A0A3E5G3Y1,1164,0.0641524810793,9,0.9448051948051948,5.2071819057873374e-05
FengQ_2015,1424,UniRef90_A0A174E0F2,1164,0.0311364533785,9,0.9448051948051948,2.5273095274756495e-05
FengQ_2015,1425,UniRef90_Q64RV1,1164,0.027874674658,9,0.9448051948051948,2.2625547612012988e-05
FengQ_2015,1426,UniRef90_S0F7Y5,1164,0.0253859307461,9,0.9448051948051948,2.060546326793831e-05
FengQ_2015,1427,UniRef90_E8LH06,1164,0.0226168357485,9,0.9448051948051948,1.8357821224431818e-05
FengQ_2015,1428,UniRef90_A6L3E7,1164,0.021303454433,9,0.9448051948051948,1.729176496185065e-05
FengQ_2015,1429,UniRef90_A0A1Y3V2S0,1164,0.0154839021648,9,0.9448051948051948,1.2568102406493506e-05
FengQ_2015,1430,UniRef90_A0A174VVK3,1164,0.0143653093838,9,0.9448051948051948,1.1660153720616884e-05
FengQ_2015,1431,UniRef90_F7LTX8,1164,0.0137957969646999,9,0.9448051948051948,1.1197887146671998e-05
FengQ_2015,1432,UniRef90_C4ZBD3,1164,0.013297375997,9,0.9448051948051948,1.079332467288961e-05
FengQ_2015,1433,UniRef90_Q5LCA5,1164,0.0128479779689,9,0.9448051948051948,1.0428553546185064e-05
FengQ_2015,1434,UniRef90_R7R1N4,1164,0.0115232184109,9,0.9448051948051948,9.35326169715909e-06
FengQ_2015,1435,UniRef90_D3AFU1,1164,0.0109408068429,9,0.9448051948051948,8.880525034821429e-06
FengQ_2015,1436,UniRef90_A0A374P2G6,1164,0.0108059656861,9,0.9448051948051948,8.771076043912339e-06
FengQ_2015,1437,UniRef90_A0A174ZW36,1164,0.0105995513628,9,0.9448051948051948,8.603531950324676e-06
FengQ_2015,1438,UniRef90_U5FBZ1,1164,0.0091292124027,9,0.9448051948051948,7.410075002191558e-06
FengQ_2015,1439,UniRef90_Q64RX9,1164,0.0090753780739999,9,0.9448051948051948,7.366378306818101e-06
FengQ_2015,1440,UniRef90_A0A174ZI62,1164,0.0085337986092,9,0.9448051948051948,6.92678458538961e-06
FengQ_2015,1441,UniRef90_A0A174Z481,1164,0.0080738098706,9,0.9448051948051948,6.55341710275974e-06
FengQ_2015,1442,UniRef90_A0A0P0FW93,1164,0.007872707708,9,0.9448051948051948,6.390184827922078e-06
FengQ_2015,1443,UniRef90_D4ML28,1164,0.0078647549623,9,0.9448051948051948,6.3837296771915586e-06
FengQ_2015,1444,UniRef90_C0C172,1164,0.007737498542,9,0.9448051948051948,6.2804371282467534e-06
FengQ_2015,1445,UniRef90_E5C9H3,1164,0.007594975778399999,9,0.9448051948051948,6.164753066883116e-06
FengQ_2015,1446,UniRef90_A0A395WK13,1164,0.0074625977855,9,0.9448051948051948,6.057303397321429e-06
FengQ_2015,1447,UniRef90_A0A0K6BUJ4,1164,0.0073851966981,9,0.9448051948051948,5.994477839366883e-06
FengQ_2015,1448,UniRef90_A0A139KPR0,1164,0.0071628843145,9,0.9448051948051948,5.814029476055195e-06
FengQ_2015,1449,UniRef90_C3QRX1,1164,0.0070528793164,9,0.9448051948051948,5.7247397048701295e-06
FengQ_2015,1450,UniRef90_A0A139LCL3,1164,0.0070487523634,9,0.9448051948051948,5.721389905357143e-06
FengQ_2015,1451,UniRef90_R6JL47,1164,0.006981952987,9,0.9448051948051948,5.667169632305195e-06
FengQ_2015,1452,UniRef90_A0A1Y4MUD3,1164,0.006769372563,9,0.9448051948051948,5.49462058685065e-06
FengQ_2015,1453,UniRef90_R6JSF5,1164,0.0066890911482,9,0.9448051948051948,5.429457100811689e-06
FengQ_2015,1454,UniRef90_D4VLF6,1164,0.0065813730149,9,0.9448051948051948,5.342023551055195e-06
FengQ_2015,1455,UniRef90_A0A1Q6H8U9,1164,0.0064027788527000005,9,0.9448051948051948,5.197060757061689e-06
FengQ_2015,1456,UniRef90_A0A0P0EPF0,1164,0.0061671828904999995,9,0.9448051948051948,5.0058302682629865e-06
FengQ_2015,1457,UniRef90_C9KW68,1164,0.0061140889665,9,0.9448051948051948,4.9627345507305194e-06
FengQ_2015,1458,UniRef90_W4V082,1164,0.0060722563549,9,0.9448051948051948,4.928779508847402e-06
FengQ_2015,1459,UniRef90_T0NDH0,1164,0.0058784745478,9,0.9448051948051948,4.771489081006493e-06
FengQ_2015,1460,UniRef90_V8C6H4,1164,0.0045440279671,9,0.9448051948051948,3.68833438887987e-06
FengQ_2015,1461,UniRef90_A0A016JHV3,1163,0.0970678712077,9,0.9439935064935064,7.878885649975649e-05
FengQ_2015,1462,UniRef90_B8QUG6,1163,0.0403567222763,9,0.9439935064935064,3.275707976972403e-05
FengQ_2015,1463,UniRef90_S0F6E1,1163,0.024983983312,9,0.9439935064935064,2.0279207233766233e-05
FengQ_2015,1464,UniRef90_A0A0P0LFD2,1163,0.021620326973699998,9,0.9439935064935064,1.7548966699431816e-05
FengQ_2015,1465,UniRef90_R6YQA7,1163,0.021458075158,9,0.9439935064935064,1.741726879707792e-05
FengQ_2015,1466,UniRef90_D6CZF8,1163,0.021350357457,9,0.9439935064935064,1.7329835598214285e-05
FengQ_2015,1467,UniRef90_R6ZMG2,1163,0.0209778241619,9,0.9439935064935064,1.702745467686688e-05
FengQ_2015,1468,UniRef90_A0A076IRH5,1163,0.020624041096000002,9,0.9439935064935064,1.67402930974026e-05
FengQ_2015,1469,UniRef90_B6VYI2,1163,0.020408182759399998,9,0.9439935064935064,1.6565083408603895e-05
FengQ_2015,1470,UniRef90_R5W221,1163,0.019291149493699998,9,0.9439935064935064,1.565840056306818e-05
FengQ_2015,1471,UniRef90_A0A173T7G7,1163,0.0185664939777,9,0.9439935064935064,1.507020615073052e-05
FengQ_2015,1472,UniRef90_F3PN06,1163,0.0173722587949999,9,0.9439935064935064,1.4100859411525894e-05
FengQ_2015,1473,UniRef90_A0A396CIN6,1163,0.0170370542965,9,0.9439935064935064,1.3828777838068182e-05
FengQ_2015,1474,UniRef90_A0A173T3I9,1163,0.0162742909633,9,0.9439935064935064,1.3209651755925324e-05
FengQ_2015,1475,UniRef90_C5ERB0,1163,0.0159394648423,9,0.9439935064935064,1.2937877307061689e-05
FengQ_2015,1476,UniRef90_Q8A473,1163,0.0152693190044,9,0.9439935064935064,1.2393927763311688e-05
FengQ_2015,1477,UniRef90_A7V7L5,1163,0.0149883641749,9,0.9439935064935064,1.2165880012094155e-05
FengQ_2015,1478,UniRef90_D4LFM2,1163,0.0143970165514,9,0.9439935064935064,1.1685890057954545e-05
FengQ_2015,1479,UniRef90_I8VZL5,1163,0.0134696963485,9,0.9439935064935064,1.093319508806818e-05
FengQ_2015,1480,UniRef90_A0A139K449,1163,0.0130146472232999,9,0.9439935064935064,1.056383703189927e-05
FengQ_2015,1481,UniRef90_C9L7G1,1163,0.012350110676,9,0.9439935064935064,1.0024440483766233e-05
FengQ_2015,1482,UniRef90_F7M6E4,1163,0.011314748752,9,0.9439935064935064,9.184049311688312e-06
FengQ_2015,1483,UniRef90_A0A174D2X7,1163,0.0109894758279,9,0.9439935064935064,8.920029081087662e-06
FengQ_2015,1484,UniRef90_A0A176UAE5,1163,0.010148383607199999,9,0.9439935064935064,8.237324356493507e-06
FengQ_2015,1485,UniRef90_Q64XS0,1163,0.0090197434963,9,0.9439935064935064,7.321220370373377e-06
FengQ_2015,1486,UniRef90_A0A174XCS7,1163,0.0088931788578,9,0.9439935064935064,7.218489332629869e-06
FengQ_2015,1487,UniRef90_C5ER76,1163,0.008883539256600001,9,0.9439935064935064,7.210664981006494e-06
FengQ_2015,1488,UniRef90_A0A0P0GPJ3,1163,0.007819855150099999,9,0.9439935064935064,6.3472850244318175e-06
FengQ_2015,1489,UniRef90_A5ZEZ9,1163,0.007791199688,9,0.9439935064935064,6.324025720779221e-06
FengQ_2015,1490,UniRef90_P53638,1163,0.0073295453610000005,9,0.9439935064935064,5.949306299512988e-06
FengQ_2015,1491,UniRef90_R5U8M7,1163,0.007303818448,9,0.9439935064935064,5.928424064935065e-06
FengQ_2015,1492,UniRef90_R5V0P0,1163,0.0071437762915999995,9,0.9439935064935064,5.7985197172077915e-06
FengQ_2015,1493,UniRef90_R5J413,1163,0.0070494905365,9,0.9439935064935064,5.721989071834416e-06
FengQ_2015,1494,UniRef90_C9L0N2,1163,0.0070457924275,9,0.9439935064935064,5.718987359983766e-06
FengQ_2015,1495,UniRef90_E1WU23,1163,0.0070372881877999996,9,0.9439935064935064,5.71208456801948e-06
FengQ_2015,1496,UniRef90_A0A1G6GC65,1163,0.0069886283378,9,0.9439935064935064,5.672587936525974e-06
FengQ_2015,1497,UniRef90_R6SVV9,1163,0.006766793377,9,0.9439935064935064,5.492527091720779e-06
FengQ_2015,1498,UniRef90_A0A0N7IAG8,1163,0.0066378051769,9,0.9439935064935064,5.387828877353896e-06
FengQ_2015,1499,UniRef90_UPI0009C14AC7,1163,0.00253509945888,9,0.9439935064935064,2.0577105997402596e-06
FengQ_2015,1500,UniRef90_R7QWE6,1163,0.00026477057455,9,0.9439935064935064,2.1491118064123377e-07
FengQ_2015,1501,UniRef90_A0A125MEP7,1162,0.0527489608626,9,0.9431818181818182,4.2815714985876625e-05
FengQ_2015,1502,UniRef90_A6KXL2,1162,0.0248754149688,9,0.9431818181818182,2.019108357857143e-05
FengQ_2015,1503,UniRef90_F3PNR1,1162,0.023668961561,9,0.9431818181818182,1.9211819448863636e-05
FengQ_2015,1504,UniRef90_R6CIY6,1162,0.0231109382348,9,0.9431818181818182,1.8758878437337663e-05
FengQ_2015,1505,UniRef90_K6A127,1162,0.0222443568018,9,0.9431818181818182,1.8055484417045457e-05
FengQ_2015,1506,UniRef90_B0NL04,1162,0.0220548887169,9,0.9431818181818182,1.7901695387094157e-05
FengQ_2015,1507,UniRef90_A7LT12,1162,0.021548011769699997,9,0.9431818181818182,1.749026929358766e-05
FengQ_2015,1508,UniRef90_A0A0K2HQB2,1162,0.0213222680291,9,0.9431818181818182,1.730703573790584e-05
FengQ_2015,1509,UniRef90_A0A174N272,1162,0.021145018342,9,0.9431818181818182,1.7163164238636364e-05
FengQ_2015,1510,UniRef90_A6L074,1162,0.020379945253000003,9,0.9431818181818182,1.6542163354707794e-05
FengQ_2015,1511,UniRef90_R7A7S8,1162,0.0191300838439,9,0.9431818181818182,1.552766545771104e-05
FengQ_2015,1512,UniRef90_B0NQW3,1162,0.018556721333,9,0.9431818181818182,1.5062273809253248e-05
FengQ_2015,1513,UniRef90_A0A0K2HL51,1162,0.0167524827844,9,0.9431818181818182,1.3597794467857141e-05
FengQ_2015,1514,UniRef90_D4J494,1162,0.0154814871091,9,0.9431818181818182,1.256614213400974e-05
FengQ_2015,1515,UniRef90_E6SUB0,1162,0.015138758039,9,0.9431818181818182,1.2287952953733766e-05
FengQ_2015,1516,UniRef90_A0A174U258,1162,0.0134244774159,9,0.9431818181818182,1.089649140900974e-05
FengQ_2015,1517,UniRef90_D6DKS0,1162,0.013256998939,9,0.9431818181818182,1.076055108685065e-05
FengQ_2015,1518,UniRef90_A0A3E3DDI7,1162,0.0121506274618,9,0.9431818181818182,9.862522290422078e-06
FengQ_2015,1519,UniRef90_A0A2A7A0J8,1162,0.0108997013826,9,0.9431818181818182,8.84716021314935e-06
FengQ_2015,1520,UniRef90_F7L9J0,1162,0.0100318196418,9,0.9431818181818182,8.142710748214285e-06
FengQ_2015,1521,UniRef90_D4M5W4,1162,0.009772451638499999,9,0.9431818181818182,7.93218477150974e-06
FengQ_2015,1522,UniRef90_R6JMG6,1162,0.008459413175,9,0.9431818181818182,6.86640679788961e-06
FengQ_2015,1523,UniRef90_A0A174D9D2,1162,0.0082069716495,9,0.9431818181818182,6.661502962256493e-06
FengQ_2015,1524,UniRef90_R6JIX7,1162,0.0080346066852,9,0.9431818181818182,6.521596335389611e-06
FengQ_2015,1525,UniRef90_R6J924,1162,0.0079562865535,9,0.9431818181818182,6.4580247999188305e-06
FengQ_2015,1526,UniRef90_R5U2V5,1162,0.0077605346212999,9,0.9431818181818182,6.299135244561607e-06
FengQ_2015,1527,UniRef90_C9L0L0,1162,0.007494186053599999,9,0.9431818181818182,6.082943225324675e-06
FengQ_2015,1528,UniRef90_Q8A0Y7,1162,0.0073139777988,9,0.9431818181818182,5.936670291233766e-06
FengQ_2015,1529,UniRef90_A0A139KV96,1162,0.0072826944738,9,0.9431818181818182,5.9112779819805195e-06
FengQ_2015,1530,UniRef90_A0A069D8W9,1162,0.007257678825000001,9,0.9431818181818182,5.890973072240261e-06
FengQ_2015,1531,UniRef90_D7J823,1162,0.0071428871283,9,0.9431818181818182,5.79779799375e-06
FengQ_2015,1532,UniRef90_A0A396A1S7,1162,0.0069411036843,9,0.9431818181818182,5.634012730762987e-06
FengQ_2015,1533,UniRef90_Q8A5Z4,1162,0.00675000801,9,0.9431818181818182,5.4789026055194804e-06
FengQ_2015,1534,UniRef90_R6KA18,1162,0.006608741239700001,9,0.9431818181818182,5.3642380192370136e-06
FengQ_2015,1535,UniRef90_C4Z1I4,1162,0.0049899531641,9,0.9431818181818182,4.050286659172078e-06
FengQ_2015,1536,UniRef90_R5HQ51,1162,0.0043030165555,9,0.9431818181818182,3.4927082431006495e-06
FengQ_2015,1537,UniRef90_A0A329U2X5,1162,0.00384938253657,9,0.9431818181818182,3.124498812150974e-06
FengQ_2015,1538,UniRef90_D4M217,1162,0.0037697431540199998,9,0.9431818181818182,3.0598564561850646e-06
FengQ_2015,1539,UniRef90_A0A396MKB4,1162,0.0031317552101,9,0.9431818181818182,2.542009099107143e-06
FengQ_2015,1540,UniRef90_D6DDN4,1162,0.002262674324,9,0.9431818181818182,1.836586301948052e-06
FengQ_2015,1541,UniRef90_R7GE19,1162,0.00033939265093,9,0.9431818181818182,2.754810478327922e-07
FengQ_2015,1542,UniRef90_E2N7L9,1161,0.4478049222876,9,0.9423701298701299,0.00036347802133733764
FengQ_2015,1543,UniRef90_P10738,1161,0.02873192031,9,0.9423701298701299,2.3321363887987013e-05
FengQ_2015,1544,UniRef90_S0F7I4,1161,0.0261084331115,9,0.9423701298701299,2.119190999310065e-05
FengQ_2015,1545,UniRef90_A6KZ38,1161,0.0235182543176,9,0.9423701298701299,1.9089492140909093e-05
FengQ_2015,1546,UniRef90_R6YYK5,1161,0.022139481761,9,0.9423701298701299,1.7970358572240262e-05
FengQ_2015,1547,UniRef90_S0F522,1161,0.0190171446566,9,0.9423701298701299,1.5435994039448052e-05
FengQ_2015,1548,UniRef90_A0A0P0L628,1161,0.0183279366142,9,0.9423701298701299,1.487657192711039e-05
FengQ_2015,1549,UniRef90_F4XGR7,1161,0.0172364668735,9,0.9423701298701299,1.3990638696022728e-05
FengQ_2015,1550,UniRef90_A0A396A2D2,1161,0.0158018534153,9,0.9423701298701299,1.282617972021104e-05
FengQ_2015,1551,UniRef90_C0FQS1,1161,0.015081397381199999,9,0.9423701298701299,1.2241393978246752e-05
FengQ_2015,1552,UniRef90_A0A396ACA8,1161,0.014280758794900001,9,0.9423701298701299,1.159152499586039e-05
FengQ_2015,1553,UniRef90_Q5LFT6,1161,0.013567232722799999,9,0.9423701298701299,1.1012364223051947e-05
FengQ_2015,1554,UniRef90_Q64YB4,1161,0.0130957014941,9,0.9423701298701299,1.062962783612013e-05
FengQ_2015,1555,UniRef90_A0A1E3AZP4,1161,0.011946342132,9,0.9423701298701299,9.696706275974025e-06
FengQ_2015,1556,UniRef90_Q5LGR5,1161,0.010747837073,9,0.9423701298701299,8.723893728084416e-06
FengQ_2015,1557,UniRef90_A0A2N5NPS1,1161,0.0104581525241,9,0.9423701298701299,8.488760165665583e-06
FengQ_2015,1558,UniRef90_A5KRF0,1161,0.0102233716398,9,0.9423701298701299,8.298191266071428e-06
FengQ_2015,1559,UniRef90_R5IPI6,1161,0.0100395840486,9,0.9423701298701299,8.149013026461038e-06
FengQ_2015,1560,UniRef90_A6P1V0,1161,0.0099538673235,9,0.9423701298701299,8.079437762581168e-06
FengQ_2015,1561,UniRef90_A0A0K9NB76,1161,0.009436583609100001,9,0.9423701298701299,7.659564617775976e-06
FengQ_2015,1562,UniRef90_Q8AAN7,1161,0.0083282505756,9,0.9423701298701299,6.759943649025975e-06
FengQ_2015,1563,UniRef90_A0A0P0F0D5,1161,0.0081553359143,9,0.9423701298701299,6.619590839529221e-06
FengQ_2015,1564,UniRef90_U2DPW0,1161,0.008131618839,9,0.9423701298701299,6.600339966720779e-06
FengQ_2015,1565,UniRef90_A0A1Q6HIR5,1161,0.00776151354,9,0.9423701298701299,6.299929821428572e-06
FengQ_2015,1566,UniRef90_R5MMU2,1161,0.0073989099108,9,0.9423701298701299,6.005608693831169e-06
FengQ_2015,1567,UniRef90_F7M291,1161,0.0073944067903,9,0.9423701298701299,6.001953563555195e-06
FengQ_2015,1568,UniRef90_D6D803,1161,0.0073508664589,9,0.9423701298701299,5.966612385470779e-06
FengQ_2015,1569,UniRef90_Q8A5U5,1161,0.007162887549600001,9,0.9423701298701299,5.814032101948053e-06
FengQ_2015,1570,UniRef90_R6J5K4,1161,0.0070747023887,9,0.9423701298701299,5.742453237581169e-06
FengQ_2015,1571,UniRef90_R7KSD4,1161,0.0070565089968,9,0.9423701298701299,5.727685874025974e-06
FengQ_2015,1572,UniRef90_R6J9C5,1161,0.0070303221959000005,9,0.9423701298701299,5.706430353814936e-06
FengQ_2015,1573,UniRef90_Q8A5G4,1161,0.0069014604713,9,0.9423701298701299,5.601834798133117e-06
FengQ_2015,1574,UniRef90_Q8A0F6,1161,0.006789713915,9,0.9423701298701299,5.511131424512987e-06
FengQ_2015,1575,UniRef90_R6JD81,1161,0.0067068690203,9,0.9423701298701299,5.443887191801948e-06
FengQ_2015,1576,UniRef90_Q8A4T0,1161,0.0065263062596999,9,0.9423701298701299,5.297326509496673e-06
FengQ_2015,1577,UniRef90_Q8A606,1161,0.0062095873532,9,0.9423701298701299,5.0402494750000005e-06
FengQ_2015,1578,UniRef90_D6D138,1161,0.006131766744,9,0.9423701298701299,4.977083396103896e-06
FengQ_2015,1579,UniRef90_A5ZC85,1161,0.0059327187199,9,0.9423701298701299,4.815518441477273e-06
FengQ_2015,1580,UniRef90_R5IR36,1161,0.0020449448942,9,0.9423701298701299,1.6598578686688312e-06
FengQ_2015,1581,UniRef90_A0A396ABW1,1160,0.03525391923,9,0.9415584415584416,2.8615194180194805e-05
FengQ_2015,1582,UniRef90_A7AE90,1160,0.0345693864442,9,0.9415584415584416,2.8059566918993504e-05
FengQ_2015,1583,UniRef90_A0A140JXE0,1160,0.0339577167984,9,0.9415584415584416,2.7563081816883116e-05
FengQ_2015,1584,UniRef90_A0A132GMG5,1160,0.0273531836172,9,0.9415584415584416,2.2202259429545455e-05
FengQ_2015,1585,UniRef90_A6KYI4,1160,0.0245159064688,9,0.9415584415584416,1.989927473116883e-05
FengQ_2015,1586,UniRef90_A0A076IWP2,1160,0.022349497399200002,9,0.9415584415584416,1.8140825811038962e-05
FengQ_2015,1587,UniRef90_A0A076IZ41,1160,0.021376221823,9,0.9415584415584416,1.7350829401785714e-05
FengQ_2015,1588,UniRef90_A0A076IP18,1160,0.021164246136,9,0.9415584415584416,1.7178771214285715e-05
FengQ_2015,1589,UniRef90_A6L7Q8,1160,0.0199938388166,9,0.9415584415584416,1.6228765273214286e-05
FengQ_2015,1590,UniRef90_I9GA39,1160,0.018545719007,9,0.9415584415584416,1.5053343349837663e-05
FengQ_2015,1591,UniRef90_G1WU35,1160,0.0174850601324,9,0.9415584415584416,1.4192418938636365e-05
FengQ_2015,1592,UniRef90_F4XGN6,1160,0.016900861588,9,0.9415584415584416,1.3718231808441557e-05
FengQ_2015,1593,UniRef90_A0A174BZU8,1160,0.016025904921300002,9,0.9415584415584416,1.3008039708847404e-05
FengQ_2015,1594,UniRef90_G2T0E6,1160,0.0146283604063,9,0.9415584415584416,1.1873669160957793e-05
FengQ_2015,1595,UniRef90_A0A2A6ZIF3,1160,0.0125302310961,9,0.9415584415584416,1.0170642123457793e-05
FengQ_2015,1596,UniRef90_B0PI29,1160,0.011243679038,9,0.9415584415584416,9.126362855519481e-06
FengQ_2015,1597,UniRef90_D4M3M3,1160,0.011047769415,9,0.9415584415584416,8.967345304383117e-06
FengQ_2015,1598,UniRef90_R5S5D3,1160,0.009872946355199998,9,0.9415584415584416,8.013755158441558e-06
FengQ_2015,1599,UniRef90_A0A3E5EAC3,1160,0.009806330528,9,0.9415584415584416,7.95968387012987e-06
FengQ_2015,1600,UniRef90_A0A1L5KJJ8,1160,0.008929649092000001,9,0.9415584415584416,7.248091795454546e-06
FengQ_2015,1601,UniRef90_Q84F56,1160,0.008516883957,9,0.9415584415584416,6.913055159902597e-06
FengQ_2015,1602,UniRef90_Q8A2U2,1160,0.007848815088,9,0.9415584415584416,6.3707914675324675e-06
FengQ_2015,1603,UniRef90_R5RSP5,1160,0.0077559460876,9,0.9415584415584416,6.29541078538961e-06
FengQ_2015,1604,UniRef90_Q8A2N9,1160,0.007734627105,9,0.9415584415584416,6.278106416396104e-06
FengQ_2015,1605,UniRef90_A0A2N5NP30,1160,0.0076105881072,9,0.9415584415584416,6.177425411688312e-06
FengQ_2015,1606,UniRef90_I9PNE5,1160,0.0075447462912,9,0.9415584415584416,6.123982379220779e-06
FengQ_2015,1607,UniRef90_R6J7H7,1160,0.0074967504219,9,0.9415584415584416,6.085024693100649e-06
FengQ_2015,1608,UniRef90_A0A1E3UA98,1160,0.007477588714,9,0.9415584415584416,6.069471358766234e-06
FengQ_2015,1609,UniRef90_A0A1Y4Q1C3,1160,0.0072802046681,9,0.9415584415584416,5.909257035795454e-06
FengQ_2015,1610,UniRef90_R6JKD1,1160,0.0071700966049,9,0.9415584415584416,5.819883607873377e-06
FengQ_2015,1611,UniRef90_R6JCE0,1160,0.0070347597821,9,0.9415584415584416,5.7100322906655845e-06
FengQ_2015,1612,UniRef90_A0A174IZD9,1160,0.0069201549566,9,0.9415584415584416,5.617008893344156e-06
FengQ_2015,1613,UniRef90_A0A139KC75,1160,0.0068829218891,9,0.9415584415584416,5.5867872476461045e-06
FengQ_2015,1614,UniRef90_A0A069D0E5,1160,0.0067765040115,9,0.9415584415584416,5.500409100243506e-06
FengQ_2015,1615,UniRef90_A0A1Y4PP26,1160,0.0067593878091,9,0.9415584415584416,5.4865160788149355e-06
FengQ_2015,1616,UniRef90_R6SDV6,1160,0.0066254438481,9,0.9415584415584416,5.37779533125e-06
FengQ_2015,1617,UniRef90_R6URI8,1160,0.0065584083172,9,0.9415584415584416,5.323383374350649e-06
FengQ_2015,1618,UniRef90_A0A0P0EUX2,1160,0.0064518331035,9,0.9415584415584416,5.236877519074675e-06
FengQ_2015,1619,UniRef90_R5LCI4,1160,0.0062642725428,9,0.9415584415584416,5.084636804220779e-06
FengQ_2015,1620,UniRef90_R5U3S3,1160,0.006208978975099999,9,0.9415584415584416,5.039755661607143e-06
FengQ_2015,1621,UniRef90_D4VQH3,1160,0.006153282139400001,9,0.9415584415584416,4.994547191071429e-06
FengQ_2015,1622,UniRef90_K5BVK6,1160,0.0057393513961,9,0.9415584415584416,4.658564444886364e-06
FengQ_2015,1623,UniRef90_A0A3E5ECT0,1159,0.049019327359,9,0.9407467532467533,3.978841506412338e-05
FengQ_2015,1624,UniRef90_A7V130,1159,0.0384436377703,9,0.9407467532467533,3.120425143693182e-05
FengQ_2015,1625,UniRef90_R5MR58,1159,0.026303242456799998,9,0.9407467532467533,2.1350034461688312e-05
FengQ_2015,1626,UniRef90_W4UWH2,1159,0.0251917941972,9,0.9407467532467533,2.0447884900324676e-05
FengQ_2015,1627,UniRef90_A6L2W9,1159,0.0249707414783,9,0.9407467532467533,2.0268458992126624e-05
FengQ_2015,1628,UniRef90_A0A174LZM2,1159,0.023982999421,9,0.9407467532467533,1.9466720309253246e-05
FengQ_2015,1629,UniRef90_C3RAS0,1159,0.023050709289,9,0.9407467532467533,1.8709991306006493e-05
FengQ_2015,1630,UniRef90_A6KZP0,1159,0.0208523914001,9,0.9407467532467533,1.6925642370211038e-05
FengQ_2015,1631,UniRef90_A6KXK1,1159,0.0208479310474,9,0.9407467532467533,1.6922021954058442e-05
FengQ_2015,1632,UniRef90_S0FAP6,1159,0.0199941376223,9,0.9407467532467533,1.622900781030844e-05
FengQ_2015,1633,UniRef90_A6KYG9,1159,0.0170318652839999,9,0.9407467532467533,1.3824565977272646e-05
FengQ_2015,1634,UniRef90_A6KZL1,1159,0.0149822028036,9,0.9407467532467533,1.2160878899025975e-05
FengQ_2015,1635,UniRef90_A0A139K7N6,1159,0.0136460617093,9,0.9407467532467533,1.1076348790016235e-05
FengQ_2015,1636,UniRef90_R7PKN9,1159,0.0128382468208,9,0.9407467532467533,1.0420654887012988e-05
FengQ_2015,1637,UniRef90_F9ZAU7,1159,0.012594694807,9,0.9407467532467533,1.0222966564123376e-05
FengQ_2015,1638,UniRef90_R6FRP1,1159,0.0120009453534,9,0.9407467532467533,9.741027072564934e-06
FengQ_2015,1639,UniRef90_A0A374P2P0,1159,0.0119401136847,9,0.9407467532467533,9.691650718100649e-06
FengQ_2015,1640,UniRef90_A6L4L7,1159,0.011481920867000001,9,0.9407467532467533,9.319740963474027e-06
FengQ_2015,1641,UniRef90_A0A0E2H733,1159,0.0110396772641,9,0.9407467532467533,8.960777000081169e-06
FengQ_2015,1642,UniRef90_B0PGG6,1159,0.0109311371949,9,0.9407467532467533,8.872676294561687e-06
FengQ_2015,1643,UniRef90_Q8A2P0,1159,0.0092517244844,9,0.9407467532467533,7.5095166269480524e-06
FengQ_2015,1644,UniRef90_A0A174F446,1159,0.0087373597104,9,0.9407467532467533,7.092012751948051e-06
FengQ_2015,1645,UniRef90_B0G4M0,1159,0.008372143754599999,9,0.9407467532467533,6.795571229383116e-06
FengQ_2015,1646,UniRef90_A0A174KK60,1159,0.0079399543126,9,0.9407467532467533,6.4447681108766235e-06
FengQ_2015,1647,UniRef90_A0A0K6BRB2,1159,0.007767092313,9,0.9407467532467533,6.3044580462662335e-06
FengQ_2015,1648,UniRef90_A0A174MTR7,1159,0.007743568920000001,9,0.9407467532467533,6.285364383116884e-06
FengQ_2015,1649,UniRef90_Q8A0B5,1159,0.0076774381486,9,0.9407467532467533,6.231686808928571e-06
FengQ_2015,1650,UniRef90_A0A174XKF4,1159,0.0076500753311,9,0.9407467532467533,6.209476729788961e-06
FengQ_2015,1651,UniRef90_A0A174ZPX3,1159,0.007413802992,9,0.9407467532467533,6.017697233766234e-06
FengQ_2015,1652,UniRef90_R6JJ34,1159,0.0071868540714,9,0.9407467532467533,5.833485447564935e-06
FengQ_2015,1653,UniRef90_A0A396E4B5,1159,0.0071570339109,9,0.9407467532467533,5.809280771834415e-06
FengQ_2015,1654,UniRef90_A0A0P0EPP4,1159,0.0071504616421,9,0.9407467532467533,5.803946138068182e-06
FengQ_2015,1655,UniRef90_U2DVT8,1159,0.007099000187,9,0.9407467532467533,5.762175476461039e-06
FengQ_2015,1656,UniRef90_A0A0P0FJV2,1159,0.007066847955,9,0.9407467532467533,5.736077885551948e-06
FengQ_2015,1657,UniRef90_A0A0N7IAS3,1159,0.0069911019588,9,0.9407467532467533,5.67459574577922e-06
FengQ_2015,1658,UniRef90_R6JMP0,1159,0.006953429529,9,0.9407467532467533,5.644017474837662e-06
FengQ_2015,1659,UniRef90_A0A371A8L1,1159,0.0067960641126,9,0.9407467532467533,5.5162858056818176e-06
FengQ_2015,1660,UniRef90_A0A1I5CTC2,1159,0.0066891256,9,0.9407467532467533,5.4294850649350645e-06
FengQ_2015,1661,UniRef90_A0A174GQN8,1159,0.0066481547438,9,0.9407467532467533,5.396229499837662e-06
FengQ_2015,1662,UniRef90_R6JB05,1159,0.006615029762,9,0.9407467532467533,5.369342339285714e-06
FengQ_2015,1663,UniRef90_R6K4Z0,1159,0.0065033898778,9,0.9407467532467533,5.278725550162338e-06
FengQ_2015,1664,UniRef90_C3QX97,1159,0.006419350868,9,0.9407467532467533,5.210512068181818e-06
FengQ_2015,1665,UniRef90_A0A396E160,1159,0.006389698759,9,0.9407467532467533,5.18644379788961e-06
FengQ_2015,1666,UniRef90_A0A139L0W7,1159,0.0063508093618,9,0.9407467532467533,5.154877728733767e-06
FengQ_2015,1667,UniRef90_E5CFD6,1159,0.0058170867027,9,0.9407467532467533,4.7216612846590905e-06
FengQ_2015,1668,UniRef90_A0A173Z243,1159,0.0057959595017,9,0.9407467532467533,4.704512582548701e-06
FengQ_2015,1669,UniRef90_A0A2A7B7W5,1159,0.005587292689,9,0.9407467532467533,4.535140169642857e-06
FengQ_2015,1670,UniRef90_A0A1Y4PQJ2,1159,0.0052610489579,9,0.9407467532467533,4.270331946347402e-06
FengQ_2015,1671,UniRef90_A0A3E4LN05,1159,0.00398137539903,9,0.9407467532467533,3.231635875836039e-06
FengQ_2015,1672,UniRef90_C0C3G6,1159,0.0033152991505999998,9,0.9407467532467533,2.6909895702922075e-06
FengQ_2015,1673,UniRef90_A0A351UX12,1159,0.0005312466898,9,0.9407467532467533,4.312067287337662e-07
FengQ_2015,1674,UniRef90_A0A0P0L3X2,1158,0.06327832727,9,0.939935064935065,5.136227862824676e-05
FengQ_2015,1675,UniRef90_A0A176U4K1,1158,0.0393232010005,9,0.939935064935065,3.1918182630275976e-05
FengQ_2015,1676,UniRef90_E4W3C2,1158,0.0335729199104,9,0.939935064935065,2.725074668051948e-05
FengQ_2015,1677,UniRef90_R5W667,1158,0.024718284452700003,9,0.939935064935065,2.0063542575243507e-05
FengQ_2015,1678,UniRef90_A0A076J5A3,1158,0.023865606535,9,0.939935064935065,1.9371433875811687e-05
FengQ_2015,1679,UniRef90_A0A174MZL4,1158,0.02146858024,9,0.939935064935065,1.7425795649350648e-05
FengQ_2015,1680,UniRef90_B0P5G9,1158,0.021067325481299998,9,0.939935064935065,1.7100101851704543e-05
FengQ_2015,1681,UniRef90_D4V4N2,1158,0.0190219154577,9,0.939935064935065,1.543986644293831e-05
FengQ_2015,1682,UniRef90_A6L686,1158,0.0188823665867,9,0.939935064935065,1.5326596255438312e-05
FengQ_2015,1683,UniRef90_F4XGR4,1158,0.018574692434,9,0.939935064935065,1.5076860741883116e-05
FengQ_2015,1684,UniRef90_A6L0A5,1158,0.0175329951588,9,0.939935064935065,1.4231327239285714e-05
FengQ_2015,1685,UniRef90_A0A395US25,1158,0.016541342516,9,0.939935064935065,1.342641437987013e-05
FengQ_2015,1686,UniRef90_C4ZB99,1158,0.0163065173132,9,0.939935064935065,1.3235809507467533e-05
FengQ_2015,1687,UniRef90_K5DFH8,1158,0.015540091649,9,0.939935064935065,1.2613710754058442e-05
FengQ_2015,1688,UniRef90_Q89ZR3,1158,0.0131155840966,9,0.939935064935065,1.0645766312175325e-05
FengQ_2015,1689,UniRef90_A0A076J7V9,1158,0.0123725317028,9,0.939935064935065,1.0042639369155843e-05
FengQ_2015,1690,UniRef90_B9Y986,1158,0.012069525538,9,0.939935064935065,9.796692806818181e-06
FengQ_2015,1691,UniRef90_A0A0P0F9L4,1158,0.0097455710752,9,0.939935064935065,7.910366132467533e-06
FengQ_2015,1692,UniRef90_A0A395ZZS6,1158,0.00966141159791,9,0.939935064935065,7.842054868433441e-06
FengQ_2015,1693,UniRef90_E5VHU2,1158,0.009583348937,9,0.939935064935065,7.778692318993506e-06
FengQ_2015,1694,UniRef90_D4JA34,1158,0.0095669126578,9,0.939935064935065,7.765351183279222e-06
FengQ_2015,1695,UniRef90_A0A2A7BEA2,1158,0.0085585964976,9,0.939935064935065,6.946912741558441e-06
FengQ_2015,1696,UniRef90_Q8A287,1158,0.008305336378,9,0.939935064935065,6.741344462662337e-06
FengQ_2015,1697,UniRef90_R6KA80,1158,0.008033817284000001,9,0.939935064935065,6.520955587662338e-06
FengQ_2015,1698,UniRef90_W6P901,1158,0.0078147440178,9,0.939935064935065,6.343136378084415e-06
FengQ_2015,1699,UniRef90_A0A174KAJ0,1158,0.0077364339026,9,0.939935064935065,6.2795729728896105e-06
FengQ_2015,1700,UniRef90_A0A069DBF6,1158,0.0074244664157,9,0.939935064935065,6.026352610146104e-06
FengQ_2015,1701,UniRef90_R6J6S5,1158,0.007349983057,9,0.939935064935065,5.9658953384740265e-06
FengQ_2015,1702,UniRef90_A0A174QXJ7,1158,0.0073090537246,9,0.939935064935065,5.9326734777597405e-06
FengQ_2015,1703,UniRef90_A0A139L6D5,1158,0.007272736580400001,9,0.939935064935065,5.903195276298702e-06
FengQ_2015,1704,UniRef90_R6KA29,1158,0.0070546240253,9,0.939935064935065,5.726155864691558e-06
FengQ_2015,1705,UniRef90_A0A0P0EX92,1158,0.0070009964219,9,0.939935064935065,5.682626965827922e-06
FengQ_2015,1706,UniRef90_F7V8Z5,1158,0.006913985236900001,9,0.939935064935065,5.612001003977273e-06
FengQ_2015,1707,UniRef90_D6CXV5,1158,0.0068633504587000006,9,0.939935064935065,5.570901346347403e-06
FengQ_2015,1708,UniRef90_A0A0P0FKE6,1158,0.0068027667852,9,0.939935064935065,5.5217262866883115e-06
FengQ_2015,1709,UniRef90_A0A139JTX3,1158,0.0066598857433000005,9,0.939935064935065,5.405751415016234e-06
FengQ_2015,1710,UniRef90_D0TNB9,1158,0.0066039525897,9,0.939935064935065,5.360351128003247e-06
FengQ_2015,1711,UniRef90_A0A1Y4P8Z9,1158,0.0065457376331,9,0.939935064935065,5.313098728165584e-06
FengQ_2015,1712,UniRef90_R5UWM0,1158,0.0064925795749,9,0.939935064935065,5.269950953652597e-06
FengQ_2015,1713,UniRef90_A5ZGB6,1158,0.0064161023243,9,0.939935064935065,5.2078752632305195e-06
FengQ_2015,1714,UniRef90_A0A174GTZ8,1158,0.0063643498623000005,9,0.939935064935065,5.165868394724026e-06
FengQ_2015,1715,UniRef90_Q8A9C3,1158,0.0061797899189,9,0.939935064935065,5.0160632458603895e-06
FengQ_2015,1716,UniRef90_A0A139L6J7,1158,0.0060812634643,9,0.939935064935065,4.936090474269481e-06
FengQ_2015,1717,UniRef90_A0A174IDF9,1158,0.0059789190169,9,0.939935064935065,4.853018682548701e-06
FengQ_2015,1718,UniRef90_Q8A681,1158,0.0059433650334,9,0.939935064935065,4.824159929707792e-06
FengQ_2015,1719,UniRef90_R7H386,1158,0.0058305143671,9,0.939935064935065,4.732560362905844e-06
FengQ_2015,1720,UniRef90_R6JRP7,1158,0.0052923618908,9,0.939935064935065,4.295748287987013e-06
FengQ_2015,1721,UniRef90_A0A134CL94,1158,0.0049375742501,9,0.939935064935065,4.007771306899351e-06
FengQ_2015,1722,UniRef90_J6HNG2,1158,0.0042880003485,9,0.939935064935065,3.480519763392857e-06
FengQ_2015,1723,UniRef90_A0A317FX43,1158,0.0027522627489000003,9,0.939935064935065,2.233979503977273e-06
FengQ_2015,1724,UniRef90_A0A1X9I1X8,1158,0.00264808529819,9,0.939935064935065,2.1494198848944806e-06
FengQ_2015,1725,UniRef90_UPI000A2F3926,1158,0.0010046051523,9,0.939935064935065,8.154262599837663e-07
FengQ_2015,1726,UniRef90_U2AZI4,1157,0.038016404382800004,9,0.9391233766233766,3.0857471089935066e-05
FengQ_2015,1727,UniRef90_A0A076IX78,1157,0.0249592445878,9,0.9391233766233766,2.0259127100487013e-05
FengQ_2015,1728,UniRef90_B7ANN6,1157,0.024709244013,9,0.9391233766233766,2.005620455600649e-05
FengQ_2015,1729,UniRef90_C4ZD95,1157,0.023135833094,9,0.9391233766233766,1.8779085303571428e-05
FengQ_2015,1730,UniRef90_A0A076INU9,1157,0.0214356092697,9,0.9391233766233766,1.7399033498133118e-05
FengQ_2015,1731,UniRef90_R7A3V8,1157,0.0207863742315,9,0.9391233766233766,1.6872057006087663e-05
FengQ_2015,1732,UniRef90_C7H3J4,1157,0.0207352686674,9,0.9391233766233766,1.6830575217045456e-05
FengQ_2015,1733,UniRef90_D4V9Y7,1157,0.020404284494,9,0.9391233766233766,1.6561919232142857e-05
FengQ_2015,1734,UniRef90_B0PDH4,1157,0.0200242901453,9,0.9391233766233766,1.6253482260795454e-05
FengQ_2015,1735,UniRef90_D4VA65,1157,0.0197434000488,9,0.9391233766233766,1.6025487052597404e-05
FengQ_2015,1736,UniRef90_U6RJ00,1157,0.01972573713,9,0.9391233766233766,1.6011150267857144e-05
FengQ_2015,1737,UniRef90_A0A2A7A419,1157,0.0187997766217999,9,0.9391233766233766,1.5259558946266154e-05
FengQ_2015,1738,UniRef90_A0A329TPK5,1157,0.0182366053514,9,0.9391233766233766,1.4802439408603895e-05
FengQ_2015,1739,UniRef90_A0A2A6ZAU5,1157,0.0171847469229,9,0.9391233766233766,1.394865821663961e-05
FengQ_2015,1740,UniRef90_A0A0K2HI92,1157,0.016731902569799898,9,0.9391233766233766,1.3581089748214204e-05
FengQ_2015,1741,UniRef90_A0A285PS72,1157,0.016177495151,9,0.9391233766233766,1.313108372646104e-05
FengQ_2015,1742,UniRef90_F4XGQ0,1157,0.0161624148804,9,0.9391233766233766,1.3118843247077921e-05
FengQ_2015,1743,UniRef90_A0A174SJJ8,1157,0.0160693172307,9,0.9391233766233766,1.304327697297078e-05
FengQ_2015,1744,UniRef90_A0A396CMV9,1157,0.0159496881157,9,0.9391233766233766,1.2946175418587663e-05
FengQ_2015,1745,UniRef90_V8C7B4,1157,0.01593920162,9,0.9391233766233766,1.2937663652597402e-05
FengQ_2015,1746,UniRef90_A0A1Q6I606,1157,0.0158743277224,9,0.9391233766233766,1.288500626818182e-05
FengQ_2015,1747,UniRef90_A0A0P0M5Y2,1157,0.0156647450642,9,0.9391233766233766,1.2714890474188312e-05
FengQ_2015,1748,UniRef90_F4XGQ7,1157,0.015360238847,9,0.9391233766233766,1.246772633685065e-05
FengQ_2015,1749,UniRef90_A7VFZ9,1157,0.014517226083,9,0.9391233766233766,1.1783462729707792e-05
FengQ_2015,1750,UniRef90_A0A396AK15,1157,0.0142421508478,9,0.9391233766233766,1.156018737646104e-05
FengQ_2015,1751,UniRef90_C4ZEQ8,1157,0.01317340208,9,0.9391233766233766,1.0692696493506494e-05
FengQ_2015,1752,UniRef90_D4LFQ1,1157,0.012820272403200002,9,0.9391233766233766,1.0406065262337664e-05
FengQ_2015,1753,UniRef90_A0A133YAI6,1157,0.0120271254986,9,0.9391233766233766,9.762277190422077e-06
FengQ_2015,1754,UniRef90_E8LH28,1157,0.0115666228496,9,0.9391233766233766,9.388492572727273e-06
FengQ_2015,1755,UniRef90_A0A2A7B7T6,1157,0.0106029981508,9,0.9391233766233766,8.606329667857143e-06
FengQ_2015,1756,UniRef90_A0A2X2UK29,1157,0.0102872675877,9,0.9391233766233766,8.350054860146104e-06
FengQ_2015,1757,UniRef90_I9S795,1157,0.01000048637,9,0.9391233766233766,8.117277897727273e-06
FengQ_2015,1758,UniRef90_W6P7T2,1157,0.0094764050101,9,0.9391233766233766,7.691887183522727e-06
FengQ_2015,1759,UniRef90_A0A174E3N9,1157,0.00925643374584,9,0.9391233766233766,7.5133390794155846e-06
FengQ_2015,1760,UniRef90_Q8A250,1157,0.008679043885,9,0.9391233766233766,7.044678478084415e-06
FengQ_2015,1761,UniRef90_R6JE84,1157,0.0084362326171,9,0.9391233766233766,6.847591409983766e-06
FengQ_2015,1762,UniRef90_A0A1Y4VQ01,1157,0.007606798848299999,9,0.9391233766233766,6.17434971452922e-06
FengQ_2015,1763,UniRef90_R6V1F1,1157,0.007546600022,9,0.9391233766233766,6.125487030844155e-06
FengQ_2015,1764,UniRef90_Q8A3H9,1157,0.007304387083,9,0.9391233766233766,5.928885619318182e-06
FengQ_2015,1765,UniRef90_D7J066,1157,0.007279772001,9,0.9391233766233766,5.908905844967533e-06
FengQ_2015,1766,UniRef90_C3Q9Z8,1157,0.0072521619236,9,0.9391233766233766,5.8864950678571434e-06
FengQ_2015,1767,UniRef90_Q8A1A4,1157,0.0071936399227000005,9,0.9391233766233766,5.838993443750001e-06
FengQ_2015,1768,UniRef90_F7LC31,1157,0.0070900537864,9,0.9391233766233766,5.754913787662337e-06
FengQ_2015,1769,UniRef90_A0A139JZ01,1157,0.0069367759222,9,0.9391233766233766,5.630499936850649e-06
FengQ_2015,1770,UniRef90_R5U4M6,1157,0.006869790466299999,9,0.9391233766233766,5.576128625243506e-06
FengQ_2015,1771,UniRef90_A0A1G8QHE7,1157,0.0067994507831,9,0.9391233766233766,5.519034726542208e-06
FengQ_2015,1772,UniRef90_A5ZK94,1157,0.0067505097942,9,0.9391233766233766,5.479309897889611e-06
FengQ_2015,1773,UniRef90_D4KAT9,1157,0.0067451682152,9,0.9391233766233766,5.474974200649351e-06
FengQ_2015,1774,UniRef90_Q8A0V3,1157,0.0067330876175999005,9,0.9391233766233766,5.46516852077914e-06
FengQ_2015,1775,UniRef90_A0A0K6BQI8,1157,0.0067232215374,9,0.9391233766233766,5.457160338798701e-06
FengQ_2015,1776,UniRef90_A5ZBD6,1157,0.0066964469777,9,0.9391233766233766,5.43542774163961e-06
FengQ_2015,1777,UniRef90_A0A173V552,1157,0.006676139523,9,0.9391233766233766,5.418944418019481e-06
FengQ_2015,1778,UniRef90_R6JCC1,1157,0.0066315076109,9,0.9391233766233766,5.382717216639611e-06
FengQ_2015,1779,UniRef90_Q8A5I9,1157,0.006477160683,9,0.9391233766233766,5.257435619318182e-06
FengQ_2015,1780,UniRef90_K5CAD5,1157,0.0062475473244,9,0.9391233766233766,5.071061139935065e-06
FengQ_2015,1781,UniRef90_R6KAS7,1157,0.0062325142534,9,0.9391233766233766,5.0588589719155845e-06
FengQ_2015,1782,UniRef90_A0A174DCX9,1157,0.0062031841327,9,0.9391233766233766,5.035052055762987e-06
FengQ_2015,1783,UniRef90_R6D817,1157,0.0061186282472,9,0.9391233766233766,4.966419031818182e-06
FengQ_2015,1784,UniRef90_Q8AB53,1157,0.0061016480312,9,0.9391233766233766,4.9526363889610394e-06
FengQ_2015,1785,UniRef90_R6RU84,1157,0.0053962894154,9,0.9391233766233766,4.3801050449675326e-06
FengQ_2015,1786,UniRef90_R6JP09,1157,0.0051428137772,9,0.9391233766233766,4.174361832142857e-06
FengQ_2015,1787,UniRef90_C6LJE9,1157,0.0048342091971,9,0.9391233766233766,3.923871101542208e-06
FengQ_2015,1788,UniRef90_A0A3E2W7G5,1156,0.1526981998611,9,0.9383116883116883,0.00012394334404310065
FengQ_2015,1789,UniRef90_U2Z4S8,1156,0.060859603912799994,9,0.9383116883116883,4.939902914999999e-05
FengQ_2015,1790,UniRef90_D4MYD8,1156,0.03910117099718,9,0.9383116883116883,3.1737963471737015e-05
FengQ_2015,1791,UniRef90_A7ALY3,1156,0.0356992756782,9,0.9383116883116883,2.8976684803733764e-05
FengQ_2015,1792,UniRef90_A0A3E2XRS1,1156,0.030523949245,9,0.9383116883116883,2.4775932828733768e-05
FengQ_2015,1793,UniRef90_A6LH06,1156,0.0279449609309,9,0.9383116883116883,2.2682598158198053e-05
FengQ_2015,1794,UniRef90_A0A380Z6K4,1156,0.0258074753806,9,0.9383116883116883,2.0947626120616882e-05
FengQ_2015,1795,UniRef90_A6KZH6,1156,0.0209707094045,9,0.9383116883116883,1.7021679711444805e-05
FengQ_2015,1796,UniRef90_R5MTI9,1156,0.0208594041273,9,0.9383116883116883,1.6931334518912338e-05
FengQ_2015,1797,UniRef90_A0A076J215,1156,0.020510116228,9,0.9383116883116883,1.6647821613636364e-05
FengQ_2015,1798,UniRef90_A0A3E4W1C5,1156,0.020336633079,9,0.9383116883116883,1.650700736931818e-05
FengQ_2015,1799,UniRef90_I8W962,1156,0.020262402491800002,9,0.9383116883116883,1.6446755269318185e-05
FengQ_2015,1800,UniRef90_F4XGS0,1156,0.020065879744,9,0.9383116883116883,1.628724005194805e-05
FengQ_2015,1801,UniRef90_D1K8S5,1156,0.019553649068,9,0.9383116883116883,1.587146839935065e-05
FengQ_2015,1802,UniRef90_A0A076IXB1,1156,0.01914470292,9,0.9383116883116883,1.553953159090909e-05
FengQ_2015,1803,UniRef90_A6L168,1156,0.018646932844799898,9,0.9383116883116883,1.5135497438960957e-05
FengQ_2015,1804,UniRef90_U2KW29,1156,0.01799187212692,9,0.9383116883116883,1.460379231081169e-05
FengQ_2015,1805,UniRef90_C9L7J1,1156,0.0176533304249,9,0.9383116883116883,1.4329001968262987e-05
FengQ_2015,1806,UniRef90_A0A139K4G6,1156,0.0175781213017,9,0.9383116883116883,1.4267955602029221e-05
FengQ_2015,1807,UniRef90_A0A395YWN9,1156,0.01749215518,9,0.9383116883116883,1.4198177905844155e-05
FengQ_2015,1808,UniRef90_A0A2V2C600,1156,0.0168678350513,9,0.9383116883116883,1.3691424554626623e-05
FengQ_2015,1809,UniRef90_E2ZJN6,1156,0.0163303130001,9,0.9383116883116883,1.3255124188392857e-05
FengQ_2015,1810,UniRef90_D4S2D0,1156,0.0162101236372,9,0.9383116883116883,1.3157567887337664e-05
FengQ_2015,1811,UniRef90_B7AWN4,1156,0.015803068798,9,0.9383116883116883,1.2827166232142857e-05
FengQ_2015,1812,UniRef90_A0A396ER74,1156,0.0153462530065,9,0.9383116883116883,1.2456374193587663e-05
FengQ_2015,1813,UniRef90_A0A3E4XQG6,1156,0.015340393307499998,9,0.9383116883116883,1.245161794439935e-05
FengQ_2015,1814,UniRef90_Q64YL9,1156,0.0145620899932,9,0.9383116883116883,1.1819878241233767e-05
FengQ_2015,1815,UniRef90_V8CFS4,1156,0.0141747390019,9,0.9383116883116883,1.1505469969074674e-05
FengQ_2015,1816,UniRef90_A0A173Y2D2,1156,0.013560585220999899,9,0.9383116883116883,1.1006968523538878e-05
FengQ_2015,1817,UniRef90_A0A174HPN2,1156,0.013139096964,9,0.9383116883116883,1.0664851431818182e-05
FengQ_2015,1818,UniRef90_A0A076INX5,1156,0.0129565114482,9,0.9383116883116883,1.0516648902759741e-05
FengQ_2015,1819,UniRef90_Q8AAB1,1156,0.012537107871500001,9,0.9383116883116883,1.0176223921672078e-05
FengQ_2015,1820,UniRef90_B0GAD4,1156,0.0113035880824,9,0.9383116883116883,9.174990326623376e-06
FengQ_2015,1821,UniRef90_B0P2Y8,1156,0.010422825503,9,0.9383116883116883,8.460085635551947e-06
FengQ_2015,1822,UniRef90_H1BBI7,1156,0.0096224043056,9,0.9383116883116883,7.810393105194805e-06
FengQ_2015,1823,UniRef90_D4ML18,1156,0.0096197482757,9,0.9383116883116883,7.80823723676948e-06
FengQ_2015,1824,UniRef90_A0A2A7ACZ7,1156,0.0083617309914,9,0.9383116883116883,6.787119311201298e-06
FengQ_2015,1825,UniRef90_A0A0N7IAX7,1156,0.0082600278726,9,0.9383116883116883,6.704568078409091e-06
FengQ_2015,1826,UniRef90_A5ZJR5,1156,0.007942118154,9,0.9383116883116883,6.446524475649351e-06
FengQ_2015,1827,UniRef90_D4LWI0,1156,0.007927217597,9,0.9383116883116883,6.434429867694806e-06
FengQ_2015,1828,UniRef90_A0A174TIN9,1156,0.007896943662,9,0.9383116883116883,6.4098568685064936e-06
FengQ_2015,1829,UniRef90_A0A1C7H237,1156,0.0075733960153,9,0.9383116883116883,6.147237025405844e-06
FengQ_2015,1830,UniRef90_A0A3E4V167,1156,0.0075270452359000005,9,0.9383116883116883,6.109614639529221e-06
FengQ_2015,1831,UniRef90_R6DPV0,1156,0.0074337100269,9,0.9383116883116883,6.033855541314935e-06
FengQ_2015,1832,UniRef90_A0A1R7P295,1156,0.0072390048863,9,0.9383116883116883,5.875815654464286e-06
FengQ_2015,1833,UniRef90_Q8A4M8,1156,0.0072108132422,9,0.9383116883116883,5.852932826461039e-06
FengQ_2015,1834,UniRef90_A0A1G6GC26,1156,0.007154522929,9,0.9383116883116883,5.8072426371753244e-06
FengQ_2015,1835,UniRef90_R6J8P1,1156,0.006968251151999999,9,0.9383116883116883,5.656048012987013e-06
FengQ_2015,1836,UniRef90_Q8A260,1156,0.006740158908,9,0.9383116883116883,5.470908204545455e-06
FengQ_2015,1837,UniRef90_R6JR19,1156,0.006683464272,9,0.9383116883116883,5.424889831168831e-06
FengQ_2015,1838,UniRef90_R6J7T6,1156,0.006678978407,9,0.9383116883116883,5.4212487069805196e-06
FengQ_2015,1839,UniRef90_A0A0P0F5A8,1156,0.006562536256999999,9,0.9383116883116883,5.326733974837662e-06
FengQ_2015,1840,UniRef90_A7M5T6,1156,0.0065617184477,9,0.9383116883116883,5.326070168587662e-06
FengQ_2015,1841,UniRef90_R6K8Z3,1156,0.0065051871434,9,0.9383116883116883,5.280184369642858e-06
FengQ_2015,1842,UniRef90_A0A371A4J5,1156,0.00645848937,9,0.9383116883116883,5.242280332792208e-06
FengQ_2015,1843,UniRef90_A0A395VTL6,1156,0.0064187504369,9,0.9383116883116883,5.210024705275974e-06
FengQ_2015,1844,UniRef90_R7KUM4,1156,0.0064151570928,9,0.9383116883116883,5.20710802987013e-06
FengQ_2015,1845,UniRef90_A0A0P0FB50,1156,0.0064149034555,9,0.9383116883116883,5.206902155438312e-06
FengQ_2015,1846,UniRef90_A0A0P0F8B5,1156,0.006364443559,9,0.9383116883116883,5.16594444724026e-06
FengQ_2015,1847,UniRef90_C3QSV7,1156,0.0063549159262,9,0.9383116883116883,5.158210979058442e-06
FengQ_2015,1848,UniRef90_Q8A120,1156,0.0063227826943,9,0.9383116883116883,5.132128810308442e-06
FengQ_2015,1849,UniRef90_R6US12,1156,0.0062448382802,9,0.9383116883116883,5.068862240422078e-06
FengQ_2015,1850,UniRef90_R6J9F9,1156,0.0060288773819000005,9,0.9383116883116883,4.89356930349026e-06
FengQ_2015,1851,UniRef90_R5HFR6,1156,0.0057317371753,9,0.9383116883116883,4.6523840708603895e-06
FengQ_2015,1852,UniRef90_E6LJT6,1156,0.0057078740958,9,0.9383116883116883,4.633014688149351e-06
FengQ_2015,1853,UniRef90_R6K519,1156,0.0054873717625,9,0.9383116883116883,4.454035521509741e-06
FengQ_2015,1854,UniRef90_B1C1N3,1156,0.0049623861532,9,0.9383116883116883,4.027910838636364e-06
FengQ_2015,1855,UniRef90_R5UQ08,1156,0.0049604436810999995,9,0.9383116883116883,4.026334156737012e-06
FengQ_2015,1856,UniRef90_C5EVN8,1156,0.0031738145863,9,0.9383116883116883,2.576148203165584e-06
FengQ_2015,1857,UniRef90_A0A076IXF3,1155,0.044566305725000005,9,0.9375,3.617394945211039e-05
FengQ_2015,1858,UniRef90_A0A3E4NAQ1,1155,0.0373890438079,9,0.9375,3.0348249844074677e-05
FengQ_2015,1859,UniRef90_A7VSA5,1155,0.027877373815599998,9,0.9375,2.262773848668831e-05
FengQ_2015,1860,UniRef90_A0A0K2HFR8,1155,0.023966417256700002,9,0.9375,1.945326076030844e-05
FengQ_2015,1861,UniRef90_A0A076IYU9,1155,0.0213432853842,9,0.9375,1.7324095279383117e-05
FengQ_2015,1862,UniRef90_A7LT91,1155,0.0212223597398,9,0.9375,1.7225941347240258e-05
FengQ_2015,1863,UniRef90_S0F674,1155,0.021045401286,9,0.9375,1.7082306238636365e-05
FengQ_2015,1864,UniRef90_A0A0P0M697,1155,0.0206073555673,9,0.9375,1.6726749648782468e-05
FengQ_2015,1865,UniRef90_E5UNE1,1155,0.0202294343484,9,0.9375,1.6419995412662338e-05
FengQ_2015,1866,UniRef90_A0A0P0M1Y5,1155,0.0195655221858,9,0.9375,1.5881105670292208e-05
FengQ_2015,1867,UniRef90_A0A0K2HG79,1155,0.019070206678,9,0.9375,1.5479063862012987e-05
FengQ_2015,1868,UniRef90_G5SSK1,1155,0.018984824430299998,9,0.9375,1.5409760089529218e-05
FengQ_2015,1869,UniRef90_A0A173ZUR1,1155,0.0184061287584,9,0.9375,1.4940039576623377e-05
FengQ_2015,1870,UniRef90_A0A0K2HJE7,1155,0.0166461658814,9,0.9375,1.3511498280357142e-05
FengQ_2015,1871,UniRef90_C7H6C0,1155,0.0164949966387,9,0.9375,1.338879597297078e-05
FengQ_2015,1872,UniRef90_G2SYN9,1155,0.016223351775,9,0.9375,1.3168305012175324e-05
FengQ_2015,1873,UniRef90_F4XGQ3,1155,0.0153640530176,9,0.9375,1.2470822254545455e-05
FengQ_2015,1874,UniRef90_UPI000DE4AA75,1155,0.0150611857825999,9,0.9375,1.2224988459902515e-05
FengQ_2015,1875,UniRef90_C6Z1D5,1155,0.0148462461494,9,0.9375,1.2050524471915584e-05
FengQ_2015,1876,UniRef90_A0A3E4JRE0,1155,0.014192421442,9,0.9375,1.1519822599025974e-05
FengQ_2015,1877,UniRef90_C4Z954,1155,0.0134770604963,9,0.9375,1.0939172480762987e-05
FengQ_2015,1878,UniRef90_A8RVW8,1155,0.013159965642,9,0.9375,1.0681790293831168e-05
FengQ_2015,1879,UniRef90_A0A395ZXE4,1155,0.012768419862,9,0.9375,1.0363977160714286e-05
FengQ_2015,1880,UniRef90_R6QJQ5,1155,0.0108626204468,9,0.9375,8.817062050974026e-06
FengQ_2015,1881,UniRef90_Q5LHS7,1155,0.0101956016429,9,0.9375,8.275650684172077e-06
FengQ_2015,1882,UniRef90_F3PKY2,1155,0.0089096393151,9,0.9375,7.231850093425325e-06
FengQ_2015,1883,UniRef90_A0A139L9V6,1155,0.008680929477800001,9,0.9375,7.046208991720781e-06
FengQ_2015,1884,UniRef90_D4WMF0,1155,0.0078365867016,9,0.9375,6.360865829220779e-06
FengQ_2015,1885,UniRef90_Q8AA27,1155,0.007722519082,9,0.9375,6.268278475649351e-06
FengQ_2015,1886,UniRef90_D5Q4D4,1155,0.0074377596453,9,0.9375,6.0371425692370124e-06
FengQ_2015,1887,UniRef90_A0A3E5HHK3,1155,0.0073792012821,9,0.9375,5.989611430275974e-06
FengQ_2015,1888,UniRef90_C9KVX0,1155,0.007341935388,9,0.9375,5.95936313961039e-06
FengQ_2015,1889,UniRef90_I8XUF5,1155,0.007159717759,9,0.9375,5.8114592199675324e-06
FengQ_2015,1890,UniRef90_D4WEZ7,1155,0.0071293399901,9,0.9375,5.786801940016234e-06
FengQ_2015,1891,UniRef90_C9KYC3,1155,0.0069970801881,9,0.9375,5.679448204626623e-06
FengQ_2015,1892,UniRef90_K5CB73,1155,0.006951206745999999,9,0.9375,5.642213267857142e-06
FengQ_2015,1893,UniRef90_W4P588,1155,0.006888653668999999,9,0.9375,5.591439666396103e-06
FengQ_2015,1894,UniRef90_R6JF89,1155,0.006881369043,9,0.9375,5.5855268206168835e-06
FengQ_2015,1895,UniRef90_A0A174XQ94,1155,0.0067926847086,9,0.9375,5.513542782954545e-06
FengQ_2015,1896,UniRef90_R6VG54,1155,0.0067507494844000005,9,0.9375,5.479504451623377e-06
FengQ_2015,1897,UniRef90_Q8A8Y4,1155,0.0067433148568,9,0.9375,5.473469851298701e-06
FengQ_2015,1898,UniRef90_A0A149NIV9,1155,0.0067229175356,9,0.9375,5.456913584090909e-06
FengQ_2015,1899,UniRef90_Q8A0Y3,1155,0.0067109711427,9,0.9375,5.447216836607143e-06
FengQ_2015,1900,UniRef90_R6D936,1155,0.0066919371304,9,0.9375,5.431767151298701e-06
FengQ_2015,1901,UniRef90_R6UV36,1155,0.006630498034300001,9,0.9375,5.381897755113637e-06
FengQ_2015,1902,UniRef90_A0A3E5HZ02,1155,0.0066107650689,9,0.9375,5.3658807377435065e-06
FengQ_2015,1903,UniRef90_A5KQF4,1155,0.0066091410992999994,9,0.9375,5.3645625806006485e-06
FengQ_2015,1904,UniRef90_D7J3H2,1155,0.006323486306,9,0.9375,5.132699923701299e-06
FengQ_2015,1905,UniRef90_U2CNA2,1155,0.0061815103215000005,9,0.9375,5.017459676542208e-06
FengQ_2015,1906,UniRef90_R6V7A7,1155,0.0061534551048,9,0.9375,4.994687585064935e-06
FengQ_2015,1907,UniRef90_R6JK76,1155,0.0061021551097,9,0.9375,4.953047978652597e-06
FengQ_2015,1908,UniRef90_E1WRK2,1155,0.0060133851365,9,0.9375,4.880994428977273e-06
FengQ_2015,1909,UniRef90_R7KXS5,1155,0.005941289235200001,9,0.9375,4.822475028571429e-06
FengQ_2015,1910,UniRef90_A0A174UIJ5,1155,0.005913929140500001,9,0.9375,4.800267159496754e-06
FengQ_2015,1911,UniRef90_R6JH80,1155,0.0058566202556,9,0.9375,4.753750207467533e-06
FengQ_2015,1912,UniRef90_A0A139KRU2,1155,0.005727437668,9,0.9375,4.648894211038961e-06
FengQ_2015,1913,UniRef90_R6D7Z6,1155,0.0056054297264,9,0.9375,4.549861790909092e-06
FengQ_2015,1914,UniRef90_R6DNC6,1155,0.0055490663964,9,0.9375,4.504112334740259e-06
FengQ_2015,1915,UniRef90_R5XHX7,1155,0.0049217381192,9,0.9375,3.994917304545454e-06
FengQ_2015,1916,UniRef90_B0NFF2,1155,0.0043408165723,9,0.9375,3.523390074918831e-06
FengQ_2015,1917,UniRef90_A8S466,1155,0.0041094939436,9,0.9375,3.3356282009740257e-06
FengQ_2015,1918,UniRef90_A0A352T742,1155,0.00023064007146,9,0.9375,1.8720785021103895e-07
FengQ_2015,1919,UniRef90_F0R8V1,1154,0.042490269312,9,0.9366883116883117,3.448885496103896e-05
FengQ_2015,1920,UniRef90_A0A076IZE7,1154,0.0249151327628,9,0.9366883116883117,2.022332204772727e-05
FengQ_2015,1921,UniRef90_F4XGQ2,1154,0.024417946060099997,9,0.9366883116883117,1.981976141241883e-05
FengQ_2015,1922,UniRef90_A0A076IL10,1154,0.0225955211854,9,0.9366883116883117,1.8340520442694807e-05
FengQ_2015,1923,UniRef90_Q8RM73,1154,0.0216866881135,9,0.9366883116883117,1.760283126095779e-05
FengQ_2015,1924,UniRef90_A0A069SE00,1154,0.021104971588999998,9,0.9366883116883117,1.7130658757305192e-05
FengQ_2015,1925,UniRef90_A0A2A6ZB02,1154,0.019891361179000002,9,0.9366883116883117,1.6145585372564937e-05
FengQ_2015,1926,UniRef90_A0A076J0M3,1154,0.0197402814372,9,0.9366883116883117,1.6022955712012988e-05
FengQ_2015,1927,UniRef90_A0A396BMU7,1154,0.0197050107123,9,0.9366883116883117,1.5994326876866882e-05
FengQ_2015,1928,UniRef90_D1JZG9,1154,0.0189496561758999,9,0.9366883116883117,1.538121442849018e-05
FengQ_2015,1929,UniRef90_A0A0P0LFY4,1154,0.0187817873435,9,0.9366883116883117,1.5244957259334415e-05
FengQ_2015,1930,UniRef90_A0A0P0LDV8,1154,0.018781517234,9,0.9366883116883117,1.524473801461039e-05
FengQ_2015,1931,UniRef90_A6KXA6,1154,0.018698755193999998,9,0.9366883116883117,1.5177561034090908e-05
FengQ_2015,1932,UniRef90_A0A0P0M677,1154,0.018301858927000002,9,0.9366883116883117,1.4855404973214288e-05
FengQ_2015,1933,UniRef90_C0CKE3,1154,0.0170488235315,9,0.9366883116883117,1.3838330788555197e-05
FengQ_2015,1934,UniRef90_A0A1Q6J7F6,1154,0.0168094309581,9,0.9366883116883117,1.3644018634821427e-05
FengQ_2015,1935,UniRef90_A0A0K2HHB7,1154,0.0162990525351,9,0.9366883116883117,1.3229750434334416e-05
FengQ_2015,1936,UniRef90_A0A0K2HL46,1154,0.0159522133725,9,0.9366883116883117,1.2948225140016233e-05
FengQ_2015,1937,UniRef90_I8WGA2,1154,0.0154722687636,9,0.9366883116883117,1.2558659710714285e-05
FengQ_2015,1938,UniRef90_A0A3E5H739,1154,0.0151875236568,9,0.9366883116883117,1.2327535435714286e-05
FengQ_2015,1939,UniRef90_E6SPC1,1154,0.0139106244705,9,0.9366883116883117,1.129109129099026e-05
FengQ_2015,1940,UniRef90_A0A136Q5S8,1154,0.013770294005299999,9,0.9366883116883117,1.1177186692613635e-05
FengQ_2015,1941,UniRef90_H1AL91,1154,0.013583114511899901,9,0.9366883116883117,1.1025255285633036e-05
FengQ_2015,1942,UniRef90_A6L5E2,1154,0.0129444118726,9,0.9366883116883117,1.0506827818668832e-05
FengQ_2015,1943,UniRef90_R6Y875,1154,0.0121900095329999,9,0.9366883116883117,9.894488257305113e-06
FengQ_2015,1944,UniRef90_G9RUW2,1154,0.011998588965000001,9,0.9366883116883117,9.739114419642858e-06
FengQ_2015,1945,UniRef90_D1JNY5,1154,0.0110439210566,9,0.9366883116883117,8.96422163685065e-06
FengQ_2015,1946,UniRef90_A0A396ADT9,1154,0.010088372684,9,0.9366883116883117,8.188614191558442e-06
FengQ_2015,1947,UniRef90_A7B154,1154,0.0099528238539,9,0.9366883116883117,8.078590790503248e-06
FengQ_2015,1948,UniRef90_A7VCU8,1154,0.0093376947203,9,0.9366883116883117,7.579297662581169e-06
FengQ_2015,1949,UniRef90_A0A0N7IAY5,1154,0.009132340277,9,0.9366883116883117,7.412613861201299e-06
FengQ_2015,1950,UniRef90_Q8A3C0,1154,0.0084868860672,9,0.9366883116883117,6.888706223376623e-06
FengQ_2015,1951,UniRef90_R6J2H3,1154,0.0082406352857,9,0.9366883116883117,6.688827342288961e-06
FengQ_2015,1952,UniRef90_A5ZF89,1154,0.0076408300627,9,0.9366883116883117,6.20197245349026e-06
FengQ_2015,1953,UniRef90_D6D691,1154,0.007640044966,9,0.9366883116883117,6.201335199675325e-06
FengQ_2015,1954,UniRef90_A0A1G8DID3,1154,0.007516016568,9,0.9366883116883117,6.100662798701298e-06
FengQ_2015,1955,UniRef90_A0A0P0FFT5,1154,0.0074941382359999,9,0.9366883116883117,6.082904412337582e-06
FengQ_2015,1956,UniRef90_R6J5D1,1154,0.0071967829664,9,0.9366883116883117,5.841544615584415e-06
FengQ_2015,1957,UniRef90_A0A174LZD1,1154,0.0071732085210000004,9,0.9366883116883117,5.822409513798702e-06
FengQ_2015,1958,UniRef90_A0A0P0FEG3,1154,0.0071645326882,9,0.9366883116883117,5.8153674417207795e-06
FengQ_2015,1959,UniRef90_R5USW4,1154,0.0069772358534,9,0.9366883116883117,5.6633407900974024e-06
FengQ_2015,1960,UniRef90_A0A396DHI3,1154,0.006882980972,9,0.9366883116883117,5.586835204545454e-06
FengQ_2015,1961,UniRef90_Q8A1A0,1154,0.006835604306,9,0.9366883116883117,5.548380118506494e-06
FengQ_2015,1962,UniRef90_A0A3D2LNR6,1154,0.0067687596374,9,0.9366883116883117,5.4941230823051946e-06
FengQ_2015,1963,UniRef90_A0A1C7H1W6,1154,0.0067507338896,9,0.9366883116883117,5.4794917935064935e-06
FengQ_2015,1964,UniRef90_C6IJN2,1154,0.0067204405244,9,0.9366883116883117,5.454903023051948e-06
FengQ_2015,1965,UniRef90_A0A0N7IAV0,1154,0.0066261863200000005,9,0.9366883116883117,5.378397987012987e-06
FengQ_2015,1966,UniRef90_C3QSV5,1154,0.006592212298,9,0.9366883116883117,5.3508216704545455e-06
FengQ_2015,1967,UniRef90_A0A395W731,1154,0.0064224799158999,9,0.9366883116883117,5.2130518797888805e-06
FengQ_2015,1968,UniRef90_Q8A005,1154,0.0063238182034,9,0.9366883116883117,5.132969320941559e-06
FengQ_2015,1969,UniRef90_A0A0P0FR62,1154,0.0063096342664,9,0.9366883116883117,5.121456385064935e-06
FengQ_2015,1970,UniRef90_D7K6U8,1154,0.0062593354672,9,0.9366883116883117,5.0806294376623375e-06
FengQ_2015,1971,UniRef90_A7A9G6,1154,0.0062557327493,9,0.9366883116883117,5.0777051536525974e-06
FengQ_2015,1972,UniRef90_R6JKV6,1154,0.006166004173100001,9,0.9366883116883117,5.0048735171266235e-06
FengQ_2015,1973,UniRef90_A0A1G8HGB8,1154,0.0060352210491,9,0.9366883116883117,4.89871838400974e-06
FengQ_2015,1974,UniRef90_C9KVK2,1154,0.006012688835,9,0.9366883116883117,4.880429249188312e-06
FengQ_2015,1975,UniRef90_A0A0P0FDR7,1154,0.0060037742161,9,0.9366883116883117,4.8731933572240255e-06
FengQ_2015,1976,UniRef90_R6J2G1,1154,0.0059820972068,9,0.9366883116883117,4.855598382142857e-06
FengQ_2015,1977,UniRef90_A0A174H1H3,1154,0.0059751435309,9,0.9366883116883117,4.849954164691559e-06
FengQ_2015,1978,UniRef90_A0A173YQS4,1154,0.0059566133766,9,0.9366883116883117,4.834913455032467e-06
FengQ_2015,1979,UniRef90_Q8A753,1154,0.0058924368851,9,0.9366883116883117,4.7828221469967535e-06
FengQ_2015,1980,UniRef90_Q8A9P4,1154,0.0058742624900000005,9,0.9366883116883117,4.768070202922079e-06
FengQ_2015,1981,UniRef90_I9JFK4,1154,0.0058523044598,9,0.9366883116883117,4.750247126461039e-06
FengQ_2015,1982,UniRef90_D7J3P2,1154,0.005656882008,9,0.9366883116883117,4.5916250064935065e-06
FengQ_2015,1983,UniRef90_R6JHH8,1154,0.005565998052,9,0.9366883116883117,4.517855561688311e-06
FengQ_2015,1984,UniRef90_R7KY52,1154,0.0055634573593,9,0.9366883116883117,4.5157933111201305e-06
FengQ_2015,1985,UniRef90_A0A0P0ESC2,1154,0.0053814639736999995,9,0.9366883116883117,4.368071407224026e-06
FengQ_2015,1986,UniRef90_Q8A8D9,1154,0.005071372244,9,0.9366883116883117,4.116373574675325e-06
FengQ_2015,1987,UniRef90_E5CE90,1154,0.0048769060477,9,0.9366883116883117,3.95852763612013e-06
FengQ_2015,1988,UniRef90_A0A174RNU0,1154,0.0038090954726000006,9,0.9366883116883117,3.091798273214286e-06
FengQ_2015,1989,UniRef90_J7TNS4,1153,0.0415916529809,9,0.9358766233766234,3.375945858839286e-05
FengQ_2015,1990,UniRef90_A0A140JXE1,1153,0.03686875745139,9,0.9358766233766234,2.992593948976461e-05
FengQ_2015,1991,UniRef90_A0A2N5P2T7,1153,0.029894364546,9,0.9358766233766234,2.426490628733766e-05
FengQ_2015,1992,UniRef90_A0A397WFB7,1153,0.0246647688001,9,0.9358766233766234,2.0020104545535716e-05
FengQ_2015,1993,UniRef90_A6KXA1,1153,0.022954270045,9,0.9358766233766234,1.8631712698863635e-05
FengQ_2015,1994,UniRef90_A0A076IMH5,1153,0.020622215563,9,0.9358766233766234,1.6738811333603896e-05
FengQ_2015,1995,UniRef90_A0A0P0LBA0,1153,0.0199466244196,9,0.9358766233766234,1.6190441899025973e-05
FengQ_2015,1996,UniRef90_D4VAA1,1153,0.0190601656965,9,0.9358766233766234,1.5470913714691557e-05
FengQ_2015,1997,UniRef90_A0A0P0M5Q5,1153,0.0190458363013,9,0.9358766233766234,1.5459282712094155e-05
FengQ_2015,1998,UniRef90_A0A076IVK6,1153,0.018993855123999998,9,0.9358766233766234,1.5417090198051947e-05
FengQ_2015,1999,UniRef90_A6KZK8,1153,0.018686815527,9,0.9358766233766234,1.516786974594156e-05
FengQ_2015,2000,UniRef90_A0A0N7J6V1,1153,0.0181975990744,9,0.9358766233766234,1.4770778469480517e-05
FengQ_2015,2001,UniRef90_A0A076IXK9,1153,0.0181071306540999,9,0.9358766233766234,1.4697346310146021e-05
FengQ_2015,2002,UniRef90_A0A076IYA4,1153,0.0179732942053,9,0.9358766233766234,1.4588712828977272e-05
FengQ_2015,2003,UniRef90_A6L048,1153,0.0178867393897,9,0.9358766233766234,1.4518457296834416e-05
FengQ_2015,2004,UniRef90_A6KYJ4,1153,0.0178683362830999,9,0.9358766233766234,1.450351971030836e-05
FengQ_2015,2005,UniRef90_A0A0N7J6K9,1153,0.017838853399,9,0.9358766233766234,1.4479588797889612e-05
FengQ_2015,2006,UniRef90_A0A0K2HH17,1153,0.0172053754753,9,0.9358766233766234,1.3965402171509739e-05
FengQ_2015,2007,UniRef90_A0A0P0L4N1,1153,0.0167281794966,9,0.9358766233766234,1.3578067773214286e-05
FengQ_2015,2008,UniRef90_A0A139KJE5,1153,0.016567347806,9,0.9358766233766234,1.3447522569805194e-05
FengQ_2015,2009,UniRef90_A6KWL1,1153,0.016096301698199998,9,0.9358766233766234,1.306517994983766e-05
FengQ_2015,2010,UniRef90_A0A0P0M5K0,1153,0.015704196341,9,0.9358766233766234,1.2746912614448052e-05
FengQ_2015,2011,UniRef90_C0FVR2,1153,0.0156314209145,9,0.9358766233766234,1.2687841651379871e-05
FengQ_2015,2012,UniRef90_C3RDJ2,1153,0.015339089614800001,9,0.9358766233766234,1.2450559752272729e-05
FengQ_2015,2013,UniRef90_A6L1V8,1153,0.0147268251372,9,0.9358766233766234,1.1953591832142857e-05
FengQ_2015,2014,UniRef90_D4V6M4,1153,0.0147180964358,9,0.9358766233766234,1.194650684724026e-05
FengQ_2015,2015,UniRef90_D4LWP0,1153,0.0128641764165,9,0.9358766233766234,1.044170163676948e-05
FengQ_2015,2016,UniRef90_A0A3E4W3S1,1153,0.012447233913,9,0.9358766233766234,1.0103274280032468e-05
FengQ_2015,2017,UniRef90_A0A395ZWL7,1153,0.01207021899,9,0.9358766233766234,9.797255673701297e-06
FengQ_2015,2018,UniRef90_R6KJM9,1153,0.011835299257,9,0.9358766233766234,9.60657407224026e-06
FengQ_2015,2019,UniRef90_A0A0K6BWG7,1153,0.011176691435,9,0.9358766233766234,9.071989801136364e-06
FengQ_2015,2020,UniRef90_R6V8F2,1153,0.010727234278800001,9,0.9358766233766234,8.707170680844156e-06
FengQ_2015,2021,UniRef90_E1WS50,1153,0.0075961407048,9,0.9358766233766234,6.165698624025974e-06
FengQ_2015,2022,UniRef90_R6JPW2,1153,0.0075466419502,9,0.9358766233766234,6.125521063474026e-06
FengQ_2015,2023,UniRef90_U2CRZ1,1153,0.0074890156375,9,0.9358766233766234,6.07874645900974e-06
FengQ_2015,2024,UniRef90_R5UY19,1153,0.00748826053,9,0.9358766233766234,6.078133547077922e-06
FengQ_2015,2025,UniRef90_R5UTQ0,1153,0.0073890558717,9,0.9358766233766234,5.997610285470779e-06
FengQ_2015,2026,UniRef90_R7KPA1,1153,0.0073835971784,9,0.9358766233766234,5.993179527922078e-06
FengQ_2015,2027,UniRef90_Q8A9S4,1153,0.007368339653,9,0.9358766233766234,5.98079517288961e-06
FengQ_2015,2028,UniRef90_A6P027,1153,0.0072837410548,9,0.9358766233766234,5.9121274795454544e-06
FengQ_2015,2029,UniRef90_A0A1G8H0C8,1153,0.0072450296703000005,9,0.9358766233766234,5.880705901217533e-06
FengQ_2015,2030,UniRef90_D7IZR9,1153,0.0071492928365,9,0.9358766233766234,5.802997432224026e-06
FengQ_2015,2031,UniRef90_A0A3E5HGG9,1153,0.0069746682613,9,0.9358766233766234,5.661256705600649e-06
FengQ_2015,2032,UniRef90_A0A139K1U4,1153,0.00696764122,9,0.9358766233766234,5.6555529383116885e-06
FengQ_2015,2033,UniRef90_R5U178,1153,0.0067495390603,9,0.9358766233766234,5.478521964529221e-06
FengQ_2015,2034,UniRef90_R6RVC0,1153,0.006725154758,9,0.9358766233766234,5.458729511363636e-06
FengQ_2015,2035,UniRef90_D4WA76,1153,0.006635426972699999,9,0.9358766233766234,5.385898516801948e-06
FengQ_2015,2036,UniRef90_Q8A2A1,1153,0.0065500750597,9,0.9358766233766234,5.31661936663961e-06
FengQ_2015,2037,UniRef90_R6JDG8,1153,0.006511431427699999,9,0.9358766233766234,5.285252782224026e-06
FengQ_2015,2038,UniRef90_R6VDS6,1153,0.0064491819867999,9,0.9358766233766234,5.234725638636282e-06
FengQ_2015,2039,UniRef90_Q8A018,1153,0.006428138991,9,0.9358766233766234,5.217645284902598e-06
FengQ_2015,2040,UniRef90_R6J594,1153,0.0063257216122,9,0.9358766233766234,5.1345142956168835e-06
FengQ_2015,2041,UniRef90_A5ZKA2,1153,0.0063180106893000005,9,0.9358766233766234,5.128255429626624e-06
FengQ_2015,2042,UniRef90_Q8A258,1153,0.006248641583,9,0.9358766233766234,5.07194933685065e-06
FengQ_2015,2043,UniRef90_D6D111,1153,0.0062366115679,9,0.9358766233766234,5.0621847142045456e-06
FengQ_2015,2044,UniRef90_A0A139KJ02,1153,0.0061888122227,9,0.9358766233766234,5.023386544399351e-06
FengQ_2015,2045,UniRef90_R6JC60,1153,0.006095205376,9,0.9358766233766234,4.9474069610389606e-06
FengQ_2015,2046,UniRef90_Q8A878,1153,0.0060919497196,9,0.9358766233766234,4.944764382792208e-06
FengQ_2015,2047,UniRef90_A0A395VPC1,1153,0.006012780276,9,0.9358766233766234,4.880503470779221e-06
FengQ_2015,2048,UniRef90_I8YC47,1153,0.0059822313415,9,0.9358766233766234,4.85570725771104e-06
FengQ_2015,2049,UniRef90_A0A396EAS3,1153,0.0057625205852,9,0.9358766233766234,4.67737060487013e-06
FengQ_2015,2050,UniRef90_C9KZU0,1153,0.0057551523328,9,0.9358766233766234,4.671389880519481e-06
FengQ_2015,2051,UniRef90_A0A1H7PS86,1153,0.005654341042,9,0.9358766233766234,4.589562534090909e-06
FengQ_2015,2052,UniRef90_A0A1C7H2T5,1153,0.0055954894623,9,0.9358766233766234,4.541793394724026e-06
FengQ_2015,2053,UniRef90_Q8A9B8,1153,0.0055134367271,9,0.9358766233766234,4.47519214862013e-06
FengQ_2015,2054,UniRef90_A0A1G8E5E6,1153,0.0053832270849,9,0.9358766233766234,4.369502503977273e-06
FengQ_2015,2055,UniRef90_A0A139L108,1153,0.0053175936667,9,0.9358766233766234,4.3162286255681815e-06
FengQ_2015,2056,UniRef90_A0A396DXZ4,1153,0.0053065244329999995,9,0.9358766233766234,4.307243857954545e-06
FengQ_2015,2057,UniRef90_Q8AA14,1153,0.0051593578597,9,0.9358766233766234,4.187790470535715e-06
FengQ_2015,2058,UniRef90_R7GRF1,1153,0.004746978853,9,0.9358766233766234,3.853067250811689e-06
FengQ_2015,2059,UniRef90_D7GUT5,1153,0.0046626720718000005,9,0.9358766233766234,3.7846364219155846e-06
FengQ_2015,2060,UniRef90_A0A242EL51,1153,0.0033240403064,9,0.9358766233766234,2.6980846642857143e-06
FengQ_2015,2061,UniRef90_A0A353MUX0,1153,0.0030501240649,9,0.9358766233766234,2.4757500526785714e-06
FengQ_2015,2062,UniRef90_R6EF19,1153,0.00024365862331,9,0.9358766233766234,1.977748565827922e-07
FengQ_2015,2063,UniRef90_A6KZN9,1152,0.0235982999937,9,0.935064935064935,1.915446428060065e-05
FengQ_2015,2064,UniRef90_D1PNJ1,1152,0.0221991273389999,9,0.935064935064935,1.801877219074667e-05
FengQ_2015,2065,UniRef90_A0A395UQZ5,1152,0.021774886915,9,0.935064935064935,1.767442119724026e-05
FengQ_2015,2066,UniRef90_B6VSH7,1152,0.021152141891,9,0.935064935064935,1.7168946340097403e-05
FengQ_2015,2067,UniRef90_A6L013,1152,0.0206269851417,9,0.935064935064935,1.6742682744886363e-05
FengQ_2015,2068,UniRef90_E5UNU5,1152,0.020371770504,9,0.935064935064935,1.6535528006493505e-05
FengQ_2015,2069,UniRef90_A0A0M1VZG1,1152,0.0200180153179,9,0.935064935064935,1.6248389056737013e-05
FengQ_2015,2070,UniRef90_A0A0N7J6N2,1152,0.0196984296697,9,0.935064935064935,1.598898512150974e-05
FengQ_2015,2071,UniRef90_C3R800,1152,0.0195490358628999,9,0.935064935064935,1.5867723914691476e-05
FengQ_2015,2072,UniRef90_A6L0V6,1152,0.0194848005059,9,0.935064935064935,1.581558482621753e-05
FengQ_2015,2073,UniRef90_A0A076J2S5,1152,0.019170556942,9,0.935064935064935,1.5560516998376625e-05
FengQ_2015,2074,UniRef90_G5SSJ3,1152,0.019019883046,9,0.935064935064935,1.5438216758116884e-05
FengQ_2015,2075,UniRef90_A6L0W8,1152,0.0189974230074,9,0.935064935064935,1.5419986207305195e-05
FengQ_2015,2076,UniRef90_A0A1Q6JPX4,1152,0.0189715612493999,9,0.935064935064935,1.5398994520616803e-05
FengQ_2015,2077,UniRef90_A6KYS6,1152,0.018958252528400003,9,0.935064935064935,1.5388191987337665e-05
FengQ_2015,2078,UniRef90_A6KYN9,1152,0.018759508473,9,0.935064935064935,1.522687376055195e-05
FengQ_2015,2079,UniRef90_A0A0K2HHG8,1152,0.0186081052806,9,0.935064935064935,1.5103981558928573e-05
FengQ_2015,2080,UniRef90_D4VCM7,1152,0.0184540596921999,9,0.935064935064935,1.4978944555357062e-05
FengQ_2015,2081,UniRef90_A6L170,1152,0.018444036783799998,9,0.935064935064935,1.4970809077759739e-05
FengQ_2015,2082,UniRef90_A0A174VSZ2,1152,0.0183799754545,9,0.935064935064935,1.4918811245535714e-05
FengQ_2015,2083,UniRef90_A0A1Y4PGW2,1152,0.0180407407756,9,0.935064935064935,1.4643458421753247e-05
FengQ_2015,2084,UniRef90_A6KXM3,1152,0.0179275399187999,9,0.935064935064935,1.4551574609415503e-05
FengQ_2015,2085,UniRef90_A6L100,1152,0.0176912204414,9,0.935064935064935,1.4359756851785714e-05
FengQ_2015,2086,UniRef90_A0A076J1R5,1152,0.01765082455,9,0.935064935064935,1.4326967978896104e-05
FengQ_2015,2087,UniRef90_A6KXY5,1152,0.017555133974500002,9,0.935064935064935,1.4249297057224027e-05
FengQ_2015,2088,UniRef90_A0A076IHX2,1152,0.0174192836124,9,0.935064935064935,1.4139028906168832e-05
FengQ_2015,2089,UniRef90_A0A0N7J806,1152,0.017100051347800002,9,0.935064935064935,1.3879911808279222e-05
FengQ_2015,2090,UniRef90_A0A0K2HE63,1152,0.0168122421291,9,0.935064935064935,1.3646300429464285e-05
FengQ_2015,2091,UniRef90_A0A395ULW4,1152,0.016774242452999997,9,0.935064935064935,1.3615456536525971e-05
FengQ_2015,2092,UniRef90_A0A076IXG6,1152,0.0166566920176,9,0.935064935064935,1.3520042222077921e-05
FengQ_2015,2093,UniRef90_A6L1L8,1152,0.016594192943399998,9,0.935064935064935,1.346931245405844e-05
FengQ_2015,2094,UniRef90_A0A076JBZ1,1152,0.016484807639,9,0.935064935064935,1.3380525681006494e-05
FengQ_2015,2095,UniRef90_U6RSF2,1152,0.0162228061229,9,0.935064935064935,1.3167862112743505e-05
FengQ_2015,2096,UniRef90_A0A174GDC6,1152,0.016136199918,9,0.935064935064935,1.3097564868506492e-05
FengQ_2015,2097,UniRef90_A6KZJ2,1152,0.015795092465,9,0.935064935064935,1.2820691935876623e-05
FengQ_2015,2098,UniRef90_R7CY82,1152,0.0156596562337,9,0.935064935064935,1.27107599299513e-05
FengQ_2015,2099,UniRef90_A6KZM1,1152,0.015644367978,9,0.935064935064935,1.2698350631493506e-05
FengQ_2015,2100,UniRef90_A0A173VFV9,1152,0.015218560047,9,0.935064935064935,1.2352727310876623e-05
FengQ_2015,2101,UniRef90_B7ARS8,1152,0.015148278729,9,0.935064935064935,1.2295680786525974e-05
FengQ_2015,2102,UniRef90_A0A174DZC8,1152,0.015080138459000001,9,0.935064935064935,1.224037212581169e-05
FengQ_2015,2103,UniRef90_D4L1G6,1152,0.01499237219767,9,0.935064935064935,1.2169133277329546e-05
FengQ_2015,2104,UniRef90_D4JBI5,1152,0.0149791941841,9,0.935064935064935,1.2158436837743507e-05
FengQ_2015,2105,UniRef90_A0A076J8H6,1152,0.014731875333000001,9,0.935064935064935,1.1957691017045455e-05
FengQ_2015,2106,UniRef90_D4LFS2,1152,0.0145961238319999,9,0.935064935064935,1.184750311038953e-05
FengQ_2015,2107,UniRef90_A0A0P0LPD3,1152,0.014319154009,9,0.935064935064935,1.1622689942370129e-05
FengQ_2015,2108,UniRef90_A0A397WMH6,1152,0.014254011482,9,0.935064935064935,1.1569814514610389e-05
FengQ_2015,2109,UniRef90_U6RK63,1152,0.014076215555999999,9,0.935064935064935,1.1425499639610389e-05
FengQ_2015,2110,UniRef90_A0A2A6ZA74,1152,0.0140675245993,9,0.935064935064935,1.141844529163961e-05
FengQ_2015,2111,UniRef90_A0A076J2D4,1152,0.0136027370638999,9,0.935064935064935,1.1041182681736932e-05
FengQ_2015,2112,UniRef90_A0A173XFH4,1152,0.0133892167612,9,0.935064935064935,1.0867870747727273e-05
FengQ_2015,2113,UniRef90_A0A095XNF2,1152,0.0130669236076,9,0.935064935064935,1.0606269162012987e-05
FengQ_2015,2114,UniRef90_A5ZTH3,1152,0.0130646946239,9,0.935064935064935,1.0604459921996753e-05
FengQ_2015,2115,UniRef90_B0P879,1152,0.0127263506615,9,0.935064935064935,1.0329830082386364e-05
FengQ_2015,2116,UniRef90_H1ALC6,1152,0.0123245239023,9,0.935064935064935,1.000367199862013e-05
FengQ_2015,2117,UniRef90_A0A1E3UBT2,1152,0.011976432373299999,9,0.935064935064935,9.721130173133116e-06
FengQ_2015,2118,UniRef90_A5Z5F1,1152,0.011086557213,9,0.935064935064935,8.998828906655845e-06
FengQ_2015,2119,UniRef90_A0A174Q0V3,1152,0.009992477481,9,0.935064935064935,8.110777176136364e-06
FengQ_2015,2120,UniRef90_U2B939,1152,0.009851270573,9,0.935064935064935,7.996161179383118e-06
FengQ_2015,2121,UniRef90_A0A3E4N5Q3,1152,0.009641326531000001,9,0.935064935064935,7.825752054383118e-06
FengQ_2015,2122,UniRef90_R6JNQ9,1152,0.009084780981,9,0.935064935064935,7.3740105365259746e-06
FengQ_2015,2123,UniRef90_D4CI50,1152,0.008768845655,9,0.935064935064935,7.117569525162337e-06
FengQ_2015,2124,UniRef90_D4K2K9,1152,0.0076346773066,9,0.935064935064935,6.196978333279221e-06
FengQ_2015,2125,UniRef90_R6DPA8,1152,0.0076293070291,9,0.935064935064935,6.192619341801948e-06
FengQ_2015,2126,UniRef90_A0A139LB70,1152,0.0071211759818,9,0.935064935064935,5.780175309902598e-06
FengQ_2015,2127,UniRef90_A0A0P0FSS5,1152,0.00685327835,9,0.935064935064935,5.562725933441558e-06
FengQ_2015,2128,UniRef90_A0A139L6L8,1152,0.0068299671215,9,0.935064935064935,5.543804481737013e-06
FengQ_2015,2129,UniRef90_A0A396BUW3,1152,0.006794807268999999,9,0.935064935064935,5.515265640422078e-06
FengQ_2015,2130,UniRef90_A0A0P0FIE6,1152,0.0067312839944,9,0.935064935064935,5.463704540909091e-06
FengQ_2015,2131,UniRef90_A0A3E5H1C2,1152,0.0065166871147999995,9,0.935064935064935,5.289518762012987e-06
FengQ_2015,2132,UniRef90_A5ZL41,1152,0.006488514888,9,0.935064935064935,5.266651694805195e-06
FengQ_2015,2133,UniRef90_R6RT43,1152,0.0064684391467999995,9,0.935064935064935,5.250356450324675e-06
FengQ_2015,2134,UniRef90_R6J4C8,1152,0.0063377550445999995,9,0.935064935064935,5.1442816920454544e-06
FengQ_2015,2135,UniRef90_A0A174G5R7,1152,0.0063256682227,9,0.935064935064935,5.134470959983767e-06
FengQ_2015,2136,UniRef90_A0A0P0FMY7,1152,0.0062226703781000006,9,0.935064935064935,5.050868813392858e-06
FengQ_2015,2137,UniRef90_C4ZB96,1152,0.006137839639899999,9,0.935064935064935,4.9820126947240256e-06
FengQ_2015,2138,UniRef90_D6CXE1,1152,0.0061117897663,9,0.935064935064935,4.960868316801948e-06
FengQ_2015,2139,UniRef90_I9SG70,1152,0.0060831885781,9,0.935064935064935,4.937653066639611e-06
FengQ_2015,2140,UniRef90_A0A1Q6HDL7,1152,0.006003181543,9,0.935064935064935,4.872712291396104e-06
FengQ_2015,2141,UniRef90_Q8AAP9,1152,0.0059521508175,9,0.935064935064935,4.831291247970779e-06
FengQ_2015,2142,UniRef90_A0A139KKC1,1152,0.0058533577684,9,0.935064935064935,4.75110208474026e-06
FengQ_2015,2143,UniRef90_A0A174CHW0,1152,0.005708289363599999,9,0.935064935064935,4.63335175616883e-06
FengQ_2015,2144,UniRef90_R5UYF6,1152,0.0056599100982,9,0.935064935064935,4.594082871915584e-06
FengQ_2015,2145,UniRef90_A0A1Q6H874,1152,0.0054122315993,9,0.935064935064935,4.3930451293019484e-06
FengQ_2015,2146,UniRef90_A0A174BXG5,1152,0.0053229311248,9,0.935064935064935,4.3205609779220775e-06
FengQ_2015,2147,UniRef90_A0A139K7B2,1152,0.0051885998479,9,0.935064935064935,4.211525850568182e-06
FengQ_2015,2148,UniRef90_R5UFV8,1152,0.0049795729464,9,0.935064935064935,4.041861157792208e-06
FengQ_2015,2149,UniRef90_A0A3A9BPA8,1152,0.0046407691978,9,0.935064935064935,3.7668581150974025e-06
FengQ_2015,2150,UniRef90_A0A3E3DIA9,1152,0.0042841467632,9,0.935064935064935,3.477391853246753e-06
FengQ_2015,2151,UniRef90_C0CVE1,1152,0.0037352513668999997,9,0.935064935064935,3.0318598757305193e-06
FengQ_2015,2152,UniRef90_A0A174BUL0,1152,0.00282738613804,9,0.935064935064935,2.2949562808766235e-06
FengQ_2015,2153,UniRef90_A0A3E2W8H8,1151,0.1074406448182,9,0.9342532467532467,8.720831559918831e-05
FengQ_2015,2154,UniRef90_A0A3E4TBP1,1151,0.033866606373,9,0.9342532467532467,2.7489128549512988e-05
FengQ_2015,2155,UniRef90_D4JD93,1151,0.024696076645,9,0.9342532467532467,2.0045516757305192e-05
FengQ_2015,2156,UniRef90_A0A174NH79,1151,0.022626337775,9,0.9342532467532467,1.8365533908279222e-05
FengQ_2015,2157,UniRef90_A6KZJ8,1151,0.021480401253000003,9,0.9342532467532467,1.7435390627435067e-05
FengQ_2015,2158,UniRef90_E5UND7,1151,0.0212578727014,9,0.9342532467532467,1.7254766803084416e-05
FengQ_2015,2159,UniRef90_I9R3P9,1151,0.0207034487445,9,0.9342532467532467,1.68047473575487e-05
FengQ_2015,2160,UniRef90_A0A076IXT1,1151,0.0204598224447,9,0.9342532467532467,1.660699873758117e-05
FengQ_2015,2161,UniRef90_A6KZL8,1151,0.020139177260000002,9,0.9342532467532467,1.634673478896104e-05
FengQ_2015,2162,UniRef90_A0A1Y4PSH3,1151,0.0198538331149,9,0.9342532467532467,1.6115124281574677e-05
FengQ_2015,2163,UniRef90_A0A0K2HFR2,1151,0.0195251349781,9,0.9342532467532467,1.584832384586039e-05
FengQ_2015,2164,UniRef90_C9KY34,1151,0.019339636796000002,9,0.9342532467532467,1.5697757139610393e-05
FengQ_2015,2165,UniRef90_A6L0V2,1151,0.0193020146166,9,0.9342532467532467,1.5667219656331167e-05
FengQ_2015,2166,UniRef90_C3R9H8,1151,0.0192850708946,9,0.9342532467532467,1.5653466635227272e-05
FengQ_2015,2167,UniRef90_A0A076IMG8,1151,0.0190732064718,9,0.9342532467532467,1.5481498759577922e-05
FengQ_2015,2168,UniRef90_A0A0P0LLB5,1151,0.0188897687219,9,0.9342532467532467,1.5332604482061687e-05
FengQ_2015,2169,UniRef90_A0A076J1I5,1151,0.0187801043119,9,0.9342532467532467,1.5243591162256494e-05
FengQ_2015,2170,UniRef90_A0A076ILV8,1151,0.018329122669,9,0.9342532467532467,1.4877534633928573e-05
FengQ_2015,2171,UniRef90_A0A0P0M1X4,1151,0.0181621295042,9,0.9342532467532467,1.4741988233928571e-05
FengQ_2015,2172,UniRef90_A0A174GGQ3,1151,0.0180080980518,9,0.9342532467532467,1.4616962704383116e-05
FengQ_2015,2173,UniRef90_A6KWL3,1151,0.017902539652,9,0.9342532467532467,1.4531282185064935e-05
FengQ_2015,2174,UniRef90_A0A076ISV7,1151,0.017842765877099997,9,0.9342532467532467,1.4482764510633114e-05
FengQ_2015,2175,UniRef90_D1K3W1,1151,0.017680912792,9,0.9342532467532467,1.4351390253246753e-05
FengQ_2015,2176,UniRef90_A0A174L6I2,1151,0.0175535606777,9,0.9342532467532467,1.4248020030600649e-05
FengQ_2015,2177,UniRef90_A0A0K2HFA0,1151,0.017506785825,9,0.9342532467532467,1.4210053429383116e-05
FengQ_2015,2178,UniRef90_A0A0K2HG48,1151,0.0174966678608,9,0.9342532467532467,1.4201840796103897e-05
FengQ_2015,2179,UniRef90_A6L175,1151,0.0173449433039999,9,0.9342532467532467,1.4078687746753165e-05
FengQ_2015,2180,UniRef90_A0A0K2HFX1,1151,0.0172711709147999,9,0.9342532467532467,1.4018807560714206e-05
FengQ_2015,2181,UniRef90_A6KZA8,1151,0.0172598255585,9,0.9342532467532467,1.4009598667613636e-05
FengQ_2015,2182,UniRef90_A0A396F406,1151,0.017238547985999997,9,0.9342532467532467,1.3992327910714284e-05
FengQ_2015,2183,UniRef90_A0A396F0Z1,1151,0.0170696046208,9,0.9342532467532467,1.3855198555844155e-05
FengQ_2015,2184,UniRef90_A0A076IVU9,1151,0.0169176068574,9,0.9342532467532467,1.373182374788961e-05
FengQ_2015,2185,UniRef90_A0A078QY88,1151,0.016777531307,9,0.9342532467532467,1.3618126060876624e-05
FengQ_2015,2186,UniRef90_B6VX34,1151,0.0166602290223,9,0.9342532467532467,1.35229131674513e-05
FengQ_2015,2187,UniRef90_B6VYD3,1151,0.0166117703364,9,0.9342532467532467,1.3483579818506494e-05
FengQ_2015,2188,UniRef90_C3RFG5,1151,0.016526329618,9,0.9342532467532467,1.3414228586038961e-05
FengQ_2015,2189,UniRef90_A0A0P0M4D2,1151,0.016372199606,9,0.9342532467532467,1.3289123056818183e-05
FengQ_2015,2190,UniRef90_A0A076IZD8,1151,0.0162626762258,9,0.9342532467532467,1.3200224209253247e-05
FengQ_2015,2191,UniRef90_A0A076J192,1151,0.016176788839799998,9,0.9342532467532467,1.3130510421915583e-05
FengQ_2015,2192,UniRef90_A0A1Y4PH92,1151,0.0161188920279,9,0.9342532467532467,1.3083516256412338e-05
FengQ_2015,2193,UniRef90_A0A396FF91,1151,0.0156411171258,9,0.9342532467532467,1.2695711952759738e-05
FengQ_2015,2194,UniRef90_A0A3E5DY27,1151,0.0155200129709,9,0.9342532467532467,1.259741312573052e-05
FengQ_2015,2195,UniRef90_A0A076IME4,1151,0.015264065143,9,0.9342532467532467,1.2389663265422077e-05
FengQ_2015,2196,UniRef90_A0A0P0L0J3,1151,0.0152527862956,9,0.9342532467532467,1.2380508356818182e-05
FengQ_2015,2197,UniRef90_A6KZV1,1151,0.0151943123463,9,0.9342532467532467,1.2333045735633117e-05
FengQ_2015,2198,UniRef90_A0A0P0L9Z5,1151,0.015192377726,9,0.9342532467532467,1.2331475426948052e-05
FengQ_2015,2199,UniRef90_A0A174IM38,1151,0.0140960645677,9,0.9342532467532467,1.1441610850405844e-05
FengQ_2015,2200,UniRef90_D4JT21,1151,0.014091491379399999,9,0.9342532467532467,1.1437898846915583e-05
FengQ_2015,2201,UniRef90_A0A076IQV2,1151,0.013070269158,9,0.9342532467532467,1.0608984706168831e-05
FengQ_2015,2202,UniRef90_A0A076ISC1,1151,0.012954494633,9,0.9342532467532467,1.0515011877435066e-05
FengQ_2015,2203,UniRef90_C5ERC9,1151,0.0126364846567,9,0.9342532467532467,1.0256886896672078e-05
FengQ_2015,2204,UniRef90_A7V5M4,1151,0.0124993578805,9,0.9342532467532467,1.0145582695211039e-05
FengQ_2015,2205,UniRef90_D4K3M5,1151,0.0124575600274,9,0.9342532467532467,1.0111655866396104e-05
FengQ_2015,2206,UniRef90_A0A173W4W5,1151,0.012372243851100001,9,0.9342532467532467,1.0042405723295455e-05
FengQ_2015,2207,UniRef90_E5XEG2,1151,0.012212263752,9,0.9342532467532467,9.912551746753247e-06
FengQ_2015,2208,UniRef90_A6L3G1,1151,0.0121430993876,9,0.9342532467532467,9.856411840584415e-06
FengQ_2015,2209,UniRef90_A0A076IQA4,1151,0.011897043466,9,0.9342532467532467,9.656691125e-06
FengQ_2015,2210,UniRef90_C6JDK2,1151,0.0116701021958,9,0.9342532467532467,9.47248554853896e-06
FengQ_2015,2211,UniRef90_A0A174TSL2,1151,0.009996749318,9,0.9342532467532467,8.114244576298701e-06
FengQ_2015,2212,UniRef90_A0A1Y4DBS3,1151,0.0081772708641,9,0.9342532467532467,6.637395181899351e-06
FengQ_2015,2213,UniRef90_A0A174B5D6,1151,0.0079003932722,9,0.9342532467532467,6.412656876785715e-06
FengQ_2015,2214,UniRef90_A0A0K6BRZ6,1151,0.0078345978225,9,0.9342532467532467,6.359251479301949e-06
FengQ_2015,2215,UniRef90_R6JGD7,1151,0.0070061793980999995,9,0.9342532467532467,5.68683392702922e-06
FengQ_2015,2216,UniRef90_C9KYU1,1151,0.006860626987,9,0.9342532467532467,5.568690736201298e-06
FengQ_2015,2217,UniRef90_R5UNF5,1151,0.0068450479883,9,0.9342532467532467,5.556045445048701e-06
FengQ_2015,2218,UniRef90_R6UYX3,1151,0.006738286781199999,9,0.9342532467532467,5.469388621103895e-06
FengQ_2015,2219,UniRef90_A5ZM74,1151,0.0066955442596,9,0.9342532467532467,5.434695015909091e-06
FengQ_2015,2220,UniRef90_D6D8A6,1151,0.0065654352374,9,0.9342532467532467,5.329087043344156e-06
FengQ_2015,2221,UniRef90_A0A139L0K4,1151,0.0065264098413,9,0.9342532467532467,5.297410585470779e-06
FengQ_2015,2222,UniRef90_A7M4T4,1151,0.0065148997837,9,0.9342532467532467,5.28806800625e-06
FengQ_2015,2223,UniRef90_A0A396E6P1,1151,0.0064090109066999995,9,0.9342532467532467,5.202119242451298e-06
FengQ_2015,2224,UniRef90_A0A0P0FC22,1151,0.0063700508703,9,0.9342532467532467,5.170495836282467e-06
FengQ_2015,2225,UniRef90_A0A0N7I9N0,1151,0.006184896824,9,0.9342532467532467,5.020208461038961e-06
FengQ_2015,2226,UniRef90_Q8A767,1151,0.0061756613891,9,0.9342532467532467,5.012712166477273e-06
FengQ_2015,2227,UniRef90_Q89ZK3,1151,0.006166126597999999,9,0.9342532467532467,5.004972887987013e-06
FengQ_2015,2228,UniRef90_A0A3E4NPF6,1151,0.006108741168,9,0.9342532467532467,4.958393805194805e-06
FengQ_2015,2229,UniRef90_A0A1G6FZQ8,1151,0.0060817120498999995,9,0.9342532467532467,4.936454585957792e-06
FengQ_2015,2230,UniRef90_Q5LGN1,1151,0.0060260265707,9,0.9342532467532467,4.891255333360389e-06
FengQ_2015,2231,UniRef90_Q8A874,1151,0.0059714467177,9,0.9342532467532467,4.846953504626623e-06
FengQ_2015,2232,UniRef90_A0A174RWZ0,1151,0.005969075826,9,0.9342532467532467,4.845029079545455e-06
FengQ_2015,2233,UniRef90_R6K6B8,1151,0.0059302173133,9,0.9342532467532467,4.813488078977273e-06
FengQ_2015,2234,UniRef90_A0A1Y4VV50,1151,0.0059195285362000005,9,0.9342532467532467,4.804812123538961e-06
FengQ_2015,2235,UniRef90_R6DCF0,1151,0.0058888143339000006,9,0.9342532467532467,4.779881764529221e-06
FengQ_2015,2236,UniRef90_Q8AA76,1151,0.005881101429,9,0.9342532467532467,4.773621289772728e-06
FengQ_2015,2237,UniRef90_R6V702,1151,0.0058538135222999995,9,0.9342532467532467,4.751472014853896e-06
FengQ_2015,2238,UniRef90_A0A174TPC8,1151,0.0058488853428,9,0.9342532467532467,4.747471869155844e-06
FengQ_2015,2239,UniRef90_A5ZI36,1151,0.0058105780679,9,0.9342532467532467,4.716378301866883e-06
FengQ_2015,2240,UniRef90_Q8A7Z5,1151,0.005769296561,9,0.9342532467532467,4.6828705852272725e-06
FengQ_2015,2241,UniRef90_A0A077ZKY0,1151,0.005759844866,9,0.9342532467532467,4.67519875487013e-06
FengQ_2015,2242,UniRef90_R6JGF3,1151,0.0056883259463,9,0.9342532467532467,4.6171476836850655e-06
FengQ_2015,2243,UniRef90_A0A174QYI7,1151,0.0056850717574,9,0.9342532467532467,4.614506296590909e-06
FengQ_2015,2244,UniRef90_R6JN49,1151,0.0056674465087,9,0.9342532467532467,4.60020008823052e-06
FengQ_2015,2245,UniRef90_R6DC63,1151,0.0056474020097,9,0.9342532467532467,4.583930202678571e-06
FengQ_2015,2246,UniRef90_A0A1L5KQG6,1151,0.005592159644099999,9,0.9342532467532467,4.539090620211038e-06
FengQ_2015,2247,UniRef90_R5V0A8,1151,0.0055913094509,9,0.9342532467532467,4.538400528327922e-06
FengQ_2015,2248,UniRef90_A0A395VXT0,1151,0.0055730817805,9,0.9342532467532467,4.523605341314935e-06
FengQ_2015,2249,UniRef90_Q8A9K9,1151,0.0054830496835,9,0.9342532467532467,4.4505273405032465e-06
FengQ_2015,2250,UniRef90_B5CRJ4,1151,0.0053751595784,9,0.9342532467532467,4.362954203246753e-06
FengQ_2015,2251,UniRef90_A0A0P0FA60,1151,0.0052419725065,9,0.9342532467532467,4.254847813717533e-06
FengQ_2015,2252,UniRef90_D4LN41,1151,0.0050590316098,9,0.9342532467532467,4.106356826136364e-06
FengQ_2015,2253,UniRef90_A0A139T5J6,1151,0.0050387893854,9,0.9342532467532467,4.089926449188312e-06
FengQ_2015,2254,UniRef90_A0A316AJ69,1151,0.0049927425717,9,0.9342532467532467,4.052550788717532e-06
FengQ_2015,2255,UniRef90_N9ZZN8,1151,0.001508575366,9,0.9342532467532467,1.2244929918831167e-06
FengQ_2015,2256,UniRef90_A0A3E2ESS1,1151,0.0002487169201,9,0.9342532467532467,2.0188061696428572e-07
FengQ_2015,2257,UniRef90_A0A2I1K572,1150,0.29488126098462,9,0.9334415584415584,0.0002393516728771266
FengQ_2015,2258,UniRef90_A6KYL2,1150,0.0267165879028,9,0.9334415584415584,2.1685542128896106e-05
FengQ_2015,2259,UniRef90_E6SNS4,1150,0.024625515536,9,0.9334415584415584,1.9988243129870128e-05
FengQ_2015,2260,UniRef90_A0A076IYQ2,1150,0.022232970159,9,0.9334415584415584,1.8046242012175324e-05
FengQ_2015,2261,UniRef90_U6R7V5,1150,0.0221481220872,9,0.9334415584415584,1.7977371824025973e-05
FengQ_2015,2262,UniRef90_A0A076IZ64,1150,0.0220060420879,9,0.9334415584415584,1.786204714926948e-05
FengQ_2015,2263,UniRef90_C3RAI4,1150,0.021139860646500003,9,0.9334415584415584,1.715897779748377e-05
FengQ_2015,2264,UniRef90_A6KZ78,1150,0.0208128841406,9,0.9334415584415584,1.6893574789448052e-05
FengQ_2015,2265,UniRef90_I8WFL2,1150,0.0207924865459,9,0.9334415584415584,1.6877018300243507e-05
FengQ_2015,2266,UniRef90_A0A0P0LMG6,1150,0.02014031749,9,0.9334415584415584,1.6347660300324676e-05
FengQ_2015,2267,UniRef90_A0A076IZY4,1150,0.0193991923156999,9,0.9334415584415584,1.5746097658847322e-05
FengQ_2015,2268,UniRef90_A0A0P0LKS4,1150,0.019387672719,9,0.9334415584415584,1.573674733685065e-05
FengQ_2015,2269,UniRef90_H1ALD3,1150,0.0193510438655,9,0.9334415584415584,1.5707016124594157e-05
FengQ_2015,2270,UniRef90_U2DV50,1150,0.0192298778157,9,0.9334415584415584,1.5608667058198053e-05
FengQ_2015,2271,UniRef90_A0A397WKY4,1150,0.0190456675126,9,0.9334415584415584,1.545914570827922e-05
FengQ_2015,2272,UniRef90_C6ZAD5,1150,0.018887199531,9,0.9334415584415584,1.5330519099837663e-05
FengQ_2015,2273,UniRef90_A0A2M9V267,1150,0.0187616227247,9,0.9334415584415584,1.5228589873944805e-05
FengQ_2015,2274,UniRef90_A6L079,1150,0.0187504042249,9,0.9334415584415584,1.5219483948782467e-05
FengQ_2015,2275,UniRef90_A0A0P0LLF0,1150,0.018669372681,9,0.9334415584415584,1.5153711591720778e-05
FengQ_2015,2276,UniRef90_A6L1J5,1150,0.018422439291,9,0.9334415584415584,1.4953278645292208e-05
FengQ_2015,2277,UniRef90_A0A076ILW1,1150,0.0183215931606,9,0.9334415584415584,1.4871423019967532e-05
FengQ_2015,2278,UniRef90_D4K0T9,1150,0.0182789286957,9,0.9334415584415584,1.4836792772483766e-05
FengQ_2015,2279,UniRef90_A0A0K2HGY5,1150,0.0182634829513,9,0.9334415584415584,1.4824255642288963e-05
FengQ_2015,2280,UniRef90_A0A076IV18,1150,0.0182254486729999,9,0.9334415584415584,1.479338366314927e-05
FengQ_2015,2281,UniRef90_B6VXC1,1150,0.0180843605723,9,0.9334415584415584,1.4678864100892857e-05
FengQ_2015,2282,UniRef90_W6PAK5,1150,0.018040182107,9,0.9334415584415584,1.464300495698052e-05
FengQ_2015,2283,UniRef90_A0A076IWC0,1150,0.0179294317166,9,0.9334415584415584,1.4553110159577923e-05
FengQ_2015,2284,UniRef90_E5UP80,1150,0.0177433845357,9,0.9334415584415584,1.4402097837418831e-05
FengQ_2015,2285,UniRef90_A0A0N7J6U8,1150,0.0176432966113,9,0.9334415584415584,1.4320857639042207e-05
FengQ_2015,2286,UniRef90_Q64WK3,1150,0.0176033123981,9,0.9334415584415584,1.4288402920535714e-05
FengQ_2015,2287,UniRef90_A0A076IUY6,1150,0.0176025627333999,9,0.9334415584415584,1.4287794426460956e-05
FengQ_2015,2288,UniRef90_A0A1Y3ZJ45,1150,0.0175254798395,9,0.9334415584415584,1.42252271424513e-05
FengQ_2015,2289,UniRef90_A0A0K2HIK9,1150,0.017285845343,9,0.9334415584415584,1.4030718622564936e-05
FengQ_2015,2290,UniRef90_A0A076J3P7,1150,0.0170149677262,9,0.9334415584415584,1.3810850427110389e-05
FengQ_2015,2291,UniRef90_A0A0N7J6V0,1150,0.016973477597000002,9,0.9334415584415584,1.3777173374188314e-05
FengQ_2015,2292,UniRef90_D4VC12,1150,0.0169688134007,9,0.9334415584415584,1.3773387500568181e-05
FengQ_2015,2293,UniRef90_A6L1Q8,1150,0.0168777168945,9,0.9334415584415584,1.3699445531249999e-05
FengQ_2015,2294,UniRef90_A0A076J627,1150,0.0168552984173,9,0.9334415584415584,1.368124871534091e-05
FengQ_2015,2295,UniRef90_B6VV90,1150,0.0168464526201,9,0.9334415584415584,1.3674068685146104e-05
FengQ_2015,2296,UniRef90_A0A0K2HI22,1150,0.0167471277832,9,0.9334415584415584,1.3593447875974025e-05
FengQ_2015,2297,UniRef90_I9FTG5,1150,0.0165492075195,9,0.9334415584415584,1.3432798311282466e-05
FengQ_2015,2298,UniRef90_A0A0M1W5V2,1150,0.016497086390399998,9,0.9334415584415584,1.3390492199999998e-05
FengQ_2015,2299,UniRef90_C3RFD0,1150,0.0161043117327,9,0.9334415584415584,1.3071681601217534e-05
FengQ_2015,2300,UniRef90_A0A0P0M5V4,1150,0.0160764798785,9,0.9334415584415584,1.304909081047078e-05
FengQ_2015,2301,UniRef90_C6Z4I1,1150,0.0158268837292,9,0.9334415584415584,1.2846496533441557e-05
FengQ_2015,2302,UniRef90_A0A0P0M5C6,1150,0.0157643295136,9,0.9334415584415584,1.2795722007792207e-05
FengQ_2015,2303,UniRef90_U6RRN0,1150,0.0155898122191,9,0.9334415584415584,1.265406835965909e-05
FengQ_2015,2304,UniRef90_A0A076IXL6,1150,0.015434554422,9,0.9334415584415584,1.2528047420454546e-05
FengQ_2015,2305,UniRef90_C3RCN9,1150,0.015211894410299999,9,0.9334415584415584,1.2347316891477272e-05
FengQ_2015,2306,UniRef90_A0A174KKF4,1150,0.0151938906154,9,0.9334415584415584,1.233270342159091e-05
FengQ_2015,2307,UniRef90_B6VU62,1150,0.0151505091103,9,0.9334415584415584,1.2297491160957792e-05
FengQ_2015,2308,UniRef90_A0A174W463,1150,0.0149643208798,9,0.9334415584415584,1.2146364350487013e-05
FengQ_2015,2309,UniRef90_A0A174JG35,1150,0.014673936099100001,9,0.9334415584415584,1.191066241810065e-05
FengQ_2015,2310,UniRef90_U6RCA1,1150,0.014355592577,9,0.9334415584415584,1.165226670211039e-05
FengQ_2015,2311,UniRef90_A6LEJ4,1150,0.0142888152536,9,0.9334415584415584,1.159806432922078e-05
FengQ_2015,2312,UniRef90_R6B5N2,1150,0.014225479925399999,9,0.9334415584415584,1.1546655783603896e-05
FengQ_2015,2313,UniRef90_A0A076IV89,1150,0.0141952538419,9,0.9334415584415584,1.1522121624918832e-05
FengQ_2015,2314,UniRef90_A0A0P0M531,1150,0.0141727765323,9,0.9334415584415584,1.1503877055438312e-05
FengQ_2015,2315,UniRef90_A0A396FE59,1150,0.0141376099515,9,0.9334415584415584,1.147533275284091e-05
FengQ_2015,2316,UniRef90_A0A173X1S7,1150,0.0141092135387,9,0.9334415584415584,1.1452283716477273e-05
FengQ_2015,2317,UniRef90_D6DZU4,1150,0.0140860655574,9,0.9334415584415584,1.1433494770616882e-05
FengQ_2015,2318,UniRef90_R0BV64,1150,0.013532850132,9,0.9334415584415584,1.0984456275974026e-05
FengQ_2015,2319,UniRef90_A0A076IUQ2,1150,0.0134167277336,9,0.9334415584415584,1.0890201082467533e-05
FengQ_2015,2320,UniRef90_A0A076J8B0,1150,0.0132384728699999,9,0.9334415584415584,1.0745513693181736e-05
FengQ_2015,2321,UniRef90_R9HY48,1150,0.01292540062721,9,0.9334415584415584,1.049139661299513e-05
FengQ_2015,2322,UniRef90_C0FXH0,1150,0.0128421671554,9,0.9334415584415584,1.0423836976785715e-05
FengQ_2015,2323,UniRef90_A6L404,1150,0.0120125720005,9,0.9334415584415584,9.75046428612013e-06
FengQ_2015,2324,UniRef90_I9S826,1150,0.0116720216729,9,0.9334415584415584,9.474043565665586e-06
FengQ_2015,2325,UniRef90_A0A0P0GVF8,1150,0.0115913993062,9,0.9334415584415584,9.408603332954545e-06
FengQ_2015,2326,UniRef90_A0A076IKX3,1150,0.0114111503572,9,0.9334415584415584,9.262297367857144e-06
FengQ_2015,2327,UniRef90_R6DCI9,1150,0.011392536000600001,9,0.9334415584415584,9.247188312175325e-06
FengQ_2015,2328,UniRef90_A0A174GWM5,1150,0.0108566774402999,9,0.9334415584415584,8.812238182061606e-06
FengQ_2015,2329,UniRef90_U5JE20,1150,0.0105375221589,9,0.9334415584415584,8.553183570535714e-06
FengQ_2015,2330,UniRef90_A0A0A2FIM1,1150,0.0101510123827,9,0.9334415584415584,8.23945810284091e-06
FengQ_2015,2331,UniRef90_A0A173VIH1,1150,0.009130735375,9,0.9334415584415584,7.4113111810064945e-06
FengQ_2015,2332,UniRef90_R6H258,1150,0.0086325428231,9,0.9334415584415584,7.0069341096590905e-06
FengQ_2015,2333,UniRef90_A0A1C7H6K2,1150,0.008461326344,9,0.9334415584415584,6.867959694805195e-06
FengQ_2015,2334,UniRef90_A0A3E2UBK5,1150,0.008395433988,9,0.9334415584415584,6.81447563961039e-06
FengQ_2015,2335,UniRef90_Q8A495,1150,0.0083402821048,9,0.9334415584415584,6.769709500649351e-06
FengQ_2015,2336,UniRef90_A0A174M8I9,1150,0.0081717157482,9,0.9334415584415584,6.632886159253247e-06
FengQ_2015,2337,UniRef90_B0G8T0,1150,0.0076180707745,9,0.9334415584415584,6.183499005275974e-06
FengQ_2015,2338,UniRef90_U2E0C4,1150,0.0075887832383,9,0.9334415584415584,6.159726654464286e-06
FengQ_2015,2339,UniRef90_Q8A1M1,1150,0.0072752712091,9,0.9334415584415584,5.905252604788961e-06
FengQ_2015,2340,UniRef90_R6JLS8,1150,0.0072443890367,9,0.9334415584415584,5.880185906412338e-06
FengQ_2015,2341,UniRef90_R5UUF2,1150,0.007015541997,9,0.9334415584415584,5.694433439123377e-06
FengQ_2015,2342,UniRef90_A0A0P0FCM3,1150,0.0069458027127,9,0.9334415584415584,5.637826877191559e-06
FengQ_2015,2343,UniRef90_A0A0P0FDZ6,1150,0.0067861662884,9,0.9334415584415584,5.508251857467532e-06
FengQ_2015,2344,UniRef90_A0A173UXA9,1150,0.0067620929181,9,0.9334415584415584,5.488711784172077e-06
FengQ_2015,2345,UniRef90_A0A3E5HYY4,1150,0.0065181934464,9,0.9334415584415584,5.2907414337662335e-06
FengQ_2015,2346,UniRef90_A5ZF58,1150,0.006514116165599999,9,0.9334415584415584,5.2874319525974024e-06
FengQ_2015,2347,UniRef90_A0A139JYJ5,1150,0.0064827240136,9,0.9334415584415584,5.2619513097402594e-06
FengQ_2015,2348,UniRef90_B6FQM2,1150,0.0064519272372,9,0.9334415584415584,5.236953926298701e-06
FengQ_2015,2349,UniRef90_A0A1Y4PT47,1150,0.0064051031629999994,9,0.9334415584415584,5.198947372564934e-06
FengQ_2015,2350,UniRef90_A0A0P0F8X5,1150,0.0062370309731,9,0.9334415584415584,5.062525140503247e-06
FengQ_2015,2351,UniRef90_A0A139JTR1,1150,0.0061420536954,9,0.9334415584415584,4.9854331943181825e-06
FengQ_2015,2352,UniRef90_C6IPI8,1150,0.0059983713778,9,0.9334415584415584,4.868807936525974e-06
FengQ_2015,2353,UniRef90_A0A1G6FZN5,1150,0.0059600621991,9,0.9334415584415584,4.837712823944805e-06
FengQ_2015,2354,UniRef90_Q8A861,1150,0.0059431930703000005,9,0.9334415584415584,4.824020349269481e-06
FengQ_2015,2355,UniRef90_A0A0P0EUJ1,1150,0.0058643634087,9,0.9334415584415584,4.760035234334415e-06
FengQ_2015,2356,UniRef90_Q8AAD5,1150,0.0058404539107,9,0.9334415584415584,4.74062817426948e-06
FengQ_2015,2357,UniRef90_A0A396E9M3,1150,0.005814171177,9,0.9334415584415584,4.719294786525974e-06
FengQ_2015,2358,UniRef90_A5ZDC5,1150,0.0058126209561000005,9,0.9334415584415584,4.718036490340909e-06
FengQ_2015,2359,UniRef90_R6JD59,1150,0.0057907736712,9,0.9334415584415584,4.700303304545454e-06
FengQ_2015,2360,UniRef90_I9UZ55,1150,0.0057260152096,9,0.9334415584415584,4.647739618181818e-06
FengQ_2015,2361,UniRef90_R6DJE2,1150,0.0056171459575,9,0.9334415584415584,4.55937171875e-06
FengQ_2015,2362,UniRef90_R6JDC9,1150,0.0055014750259000005,9,0.9334415584415584,4.4654829755681825e-06
FengQ_2015,2363,UniRef90_A0A174DRY8,1150,0.0053341771798,9,0.9334415584415584,4.329689269318182e-06
FengQ_2015,2364,UniRef90_R6D7F0,1150,0.0052963891356,9,0.9334415584415584,4.2990171555194806e-06
FengQ_2015,2365,UniRef90_R6K531,1150,0.0050599458724,9,0.9334415584415584,4.1070989224025974e-06
FengQ_2015,2366,UniRef90_C3QHA8,1150,0.004839274453,9,0.9334415584415584,3.927982510551948e-06
FengQ_2015,2367,UniRef90_A6BCK7,1149,0.1989381481089,9,0.9326298701298701,0.00016147576956891235
FengQ_2015,2368,UniRef90_C3R2Y6,1149,0.143701730206,9,0.9326298701298701,0.0001166410147775974
FengQ_2015,2369,UniRef90_A7V4G1,1149,0.0829504304277,9,0.9326298701298701,6.732989482767858e-05
FengQ_2015,2370,UniRef90_U6RAZ3,1149,0.0284560541649,9,0.9326298701298701,2.309744656241883e-05
FengQ_2015,2371,UniRef90_A0A0K2Y5T8,1149,0.024023020462,9,0.9326298701298701,1.9499204920454545e-05
FengQ_2015,2372,UniRef90_C3RE11,1149,0.022579845659,9,0.9326298701298701,1.8327796801136365e-05
FengQ_2015,2373,UniRef90_U6R7Y1,1149,0.022178426714999998,9,0.9326298701298701,1.80019697362013e-05
FengQ_2015,2374,UniRef90_B6VSP0,1149,0.0216459955894,9,0.9326298701298701,1.7569801614772727e-05
FengQ_2015,2375,UniRef90_A0A076IQU9,1149,0.0215640717446,9,0.9326298701298701,1.75033049875e-05
FengQ_2015,2376,UniRef90_A6KZN7,1149,0.0204118724473,9,0.9326298701298701,1.6568078285146104e-05
FengQ_2015,2377,UniRef90_A6KXY8,1149,0.0199435798722,9,0.9326298701298701,1.6187970675487013e-05
FengQ_2015,2378,UniRef90_A6KZK0,1149,0.019939705212899998,9,0.9326298701298701,1.6184825659821427e-05
FengQ_2015,2379,UniRef90_D4V870,1149,0.019548982303,9,0.9326298701298701,1.5867680440746753e-05
FengQ_2015,2380,UniRef90_U6RDV1,1149,0.0194180466509,9,0.9326298701298701,1.5761401502353896e-05
FengQ_2015,2381,UniRef90_A0A076ISR6,1149,0.0193985946552,9,0.9326298701298701,1.5745612544805195e-05
FengQ_2015,2382,UniRef90_A0A0P0M0V8,1149,0.0193297394295,9,0.9326298701298701,1.5689723562905845e-05
FengQ_2015,2383,UniRef90_Q64WK9,1149,0.019258819339,9,0.9326298701298701,1.563215855438312e-05
FengQ_2015,2384,UniRef90_A0A076J323,1149,0.0190292186399999,9,0.9326298701298701,1.544579435064927e-05
FengQ_2015,2385,UniRef90_A0A0K2HHP6,1149,0.01897199575,9,0.9326298701298701,1.5399347199675327e-05
FengQ_2015,2386,UniRef90_A0A076J0X0,1149,0.018898245451000002,9,0.9326298701298701,1.5339484943993507e-05
FengQ_2015,2387,UniRef90_U6RBT0,1149,0.018894349275,9,0.9326298701298701,1.5336322463474024e-05
FengQ_2015,2388,UniRef90_C3R9E8,1149,0.018799928620700002,9,0.9326298701298701,1.5259682321996756e-05
FengQ_2015,2389,UniRef90_A0A0K2HGW7,1149,0.0187349840563,9,0.9326298701298701,1.5206967578165584e-05
FengQ_2015,2390,UniRef90_A0A1Y4PFU1,1149,0.0185029136152999,9,0.9326298701298701,1.5018598713717453e-05
FengQ_2015,2391,UniRef90_D1K3W2,1149,0.018438066637,9,0.9326298701298701,1.4965963179383117e-05
FengQ_2015,2392,UniRef90_A0A076J0R2,1149,0.018401061868199998,9,0.9326298701298701,1.4935926841071428e-05
FengQ_2015,2393,UniRef90_A0A076IPE8,1149,0.0182621468931,9,0.9326298701298701,1.4823171179464285e-05
FengQ_2015,2394,UniRef90_A6L1H7,1149,0.0181585520573,9,0.9326298701298701,1.4739084462094156e-05
FengQ_2015,2395,UniRef90_A0A076J0W8,1149,0.018131838172000002,9,0.9326298701298701,1.4717401113636365e-05
FengQ_2015,2396,UniRef90_A6KYS3,1149,0.0180584079271,9,0.9326298701298701,1.4657798642126623e-05
FengQ_2015,2397,UniRef90_A0A076J5E7,1149,0.01800134678,9,0.9326298701298701,1.4611482775974027e-05
FengQ_2015,2398,UniRef90_A0A0M1W019,1149,0.0179611148939999,9,0.9326298701298701,1.4578827024350566e-05
FengQ_2015,2399,UniRef90_A6KZZ5,1149,0.0178748435936,9,0.9326298701298701,1.4508801618181818e-05
FengQ_2015,2400,UniRef90_B6W0U2,1149,0.0178130773541,9,0.9326298701298701,1.4458666683522727e-05
FengQ_2015,2401,UniRef90_A0A076IHJ6,1149,0.0177445511967,9,0.9326298701298701,1.4403044802516234e-05
FengQ_2015,2402,UniRef90_A0A3E4WY27,1149,0.017670823172,9,0.9326298701298701,1.4343200626623377e-05
FengQ_2015,2403,UniRef90_A0A3E4Q9G5,1149,0.017643985114099998,9,0.9326298701298701,1.4321416488717531e-05
FengQ_2015,2404,UniRef90_A6KYP1,1149,0.0176379933951,9,0.9326298701298701,1.431655308043831e-05
FengQ_2015,2405,UniRef90_A0A3E5E4K1,1149,0.0175699330051,9,0.9326298701298701,1.4261309257386363e-05
FengQ_2015,2406,UniRef90_A0A076IY52,1149,0.0174529474749,9,0.9326298701298701,1.4166353469886364e-05
FengQ_2015,2407,UniRef90_A0A0P0M116,1149,0.0174406813391,9,0.9326298701298701,1.4156397190827923e-05
FengQ_2015,2408,UniRef90_A0A396FCJ5,1149,0.0173016674959,9,0.9326298701298701,1.4043561279139612e-05
FengQ_2015,2409,UniRef90_A0A0K2HHI5,1149,0.017155900675499998,9,0.9326298701298701,1.392524405478896e-05
FengQ_2015,2410,UniRef90_A6L2J2,1149,0.0171057302274,9,0.9326298701298701,1.3884521288474028e-05
FengQ_2015,2411,UniRef90_U6RCW1,1149,0.0170958881905,9,0.9326298701298701,1.3876532622159092e-05
FengQ_2015,2412,UniRef90_A0A397WK36,1149,0.0170617106786,9,0.9326298701298701,1.3848791135227272e-05
FengQ_2015,2413,UniRef90_C3RBU8,1149,0.0169530465297,9,0.9326298701298701,1.3760589715665582e-05
FengQ_2015,2414,UniRef90_A0A0K2HE91,1149,0.0169373536143999,9,0.9326298701298701,1.374785195974018e-05
FengQ_2015,2415,UniRef90_A0A174P3Q3,1149,0.016895897658399998,9,0.9326298701298701,1.3714202644805194e-05
FengQ_2015,2416,UniRef90_A6KXG9,1149,0.0168384770929999,9,0.9326298701298701,1.36675950430194e-05
FengQ_2015,2417,UniRef90_A6L0Y0,1149,0.0167948214940999,9,0.9326298701298701,1.3632160303652518e-05
FengQ_2015,2418,UniRef90_A0A076IJE6,1149,0.016719642824,9,0.9326298701298701,1.3571138655844155e-05
FengQ_2015,2419,UniRef90_A0A1Y3ZLI2,1149,0.016719369478599998,9,0.9326298701298701,1.357091678457792e-05
FengQ_2015,2420,UniRef90_A0A0K2HIR4,1149,0.0165887082343,9,0.9326298701298701,1.3464860579788961e-05
FengQ_2015,2421,UniRef90_A0A076J1C9,1149,0.0165135097196,9,0.9326298701298701,1.3403822824350649e-05
FengQ_2015,2422,UniRef90_A6L078,1149,0.0164649980184,9,0.9326298701298701,1.3364446443506491e-05
FengQ_2015,2423,UniRef90_A0A076IZX2,1149,0.016448254856,9,0.9326298701298701,1.3350856214285713e-05
FengQ_2015,2424,UniRef90_A6L3M9,1149,0.01642805979,9,0.9326298701298701,1.3334464115259741e-05
FengQ_2015,2425,UniRef90_C3R9N0,1149,0.0162388182306,9,0.9326298701298701,1.318085895340909e-05
FengQ_2015,2426,UniRef90_A6L2N4,1149,0.0162347009549,9,0.9326298701298701,1.3177517008847403e-05
FengQ_2015,2427,UniRef90_A6KXU8,1149,0.0162135680107,9,0.9326298701298701,1.3160363645048702e-05
FengQ_2015,2428,UniRef90_A0A076ITT2,1149,0.016188543425,9,0.9326298701298701,1.3140051481331169e-05
FengQ_2015,2429,UniRef90_D4V5T2,1149,0.0161468090338999,9,0.9326298701298701,1.3106176163879787e-05
FengQ_2015,2430,UniRef90_A0A0K2HJ19,1149,0.0161428550558,9,0.9326298701298701,1.3102966766071429e-05
FengQ_2015,2431,UniRef90_D4V3T8,1149,0.0161220865748,9,0.9326298701298701,1.3086109232792207e-05
FengQ_2015,2432,UniRef90_A0A0P0M1D2,1149,0.016012063131,9,0.9326298701298701,1.2996804489448051e-05
FengQ_2015,2433,UniRef90_U6RRN7,1149,0.0158349692267,9,0.9326298701298701,1.2853059437256493e-05
FengQ_2015,2434,UniRef90_A0A076J0R4,1149,0.0158317800827,9,0.9326298701298701,1.2850470846347402e-05
FengQ_2015,2435,UniRef90_A0A076J5J6,1149,0.0157550414779,9,0.9326298701298701,1.2788183017775975e-05
FengQ_2015,2436,UniRef90_A0A0M1VZA8,1149,0.0157252462484,9,0.9326298701298701,1.2763998578246753e-05
FengQ_2015,2437,UniRef90_A6L1R7,1149,0.015715754465300002,9,0.9326298701298701,1.2756294208847403e-05
FengQ_2015,2438,UniRef90_A6L7E4,1149,0.015625260821999998,9,0.9326298701298701,1.26828415762987e-05
FengQ_2015,2439,UniRef90_A0A076IWX0,1149,0.015575610422299999,9,0.9326298701298701,1.2642540927191557e-05
FengQ_2015,2440,UniRef90_D4VAJ0,1149,0.0155572856119999,9,0.9326298701298701,1.2627666892857062e-05
FengQ_2015,2441,UniRef90_A6L3Y2,1149,0.0155039050894,9,0.9326298701298701,1.258433854659091e-05
FengQ_2015,2442,UniRef90_A0A0P0M4X5,1149,0.0154860623427,9,0.9326298701298701,1.2569855797646105e-05
FengQ_2015,2443,UniRef90_A0A076ITY4,1149,0.015427804576499999,9,0.9326298701298701,1.2522568649756492e-05
FengQ_2015,2444,UniRef90_A0A076IWJ1,1149,0.0153566183319999,9,0.9326298701298701,1.2464787607142777e-05
FengQ_2015,2445,UniRef90_A0A0K2HHQ4,1149,0.015252447766400001,9,0.9326298701298701,1.2380233576623378e-05
FengQ_2015,2446,UniRef90_A6L239,1149,0.0151631756145999,9,0.9326298701298701,1.230777241444797e-05
FengQ_2015,2447,UniRef90_D1K6J6,1149,0.015125706054,9,0.9326298701298701,1.2277358810064935e-05
FengQ_2015,2448,UniRef90_A6L7T5,1149,0.015063888177,9,0.9326298701298701,1.222718196185065e-05
FengQ_2015,2449,UniRef90_A0A1Y3ZLJ2,1149,0.014917237723,9,0.9326298701298701,1.2108147502435066e-05
FengQ_2015,2450,UniRef90_C3R8E0,1149,0.0149098272509999,9,0.9326298701298701,1.210213250892849e-05
FengQ_2015,2451,UniRef90_A6L0W2,1149,0.0148754808527,9,0.9326298701298701,1.2074253938879871e-05
FengQ_2015,2452,UniRef90_A0A076ILB2,1149,0.0147881709607999,9,0.9326298701298701,1.2003385520129788e-05
FengQ_2015,2453,UniRef90_A0A0P0M4J7,1149,0.0147433337329,9,0.9326298701298701,1.1966991666314935e-05
FengQ_2015,2454,UniRef90_A0A0M1W407,1149,0.014739653856,9,0.9326298701298701,1.1964004753246754e-05
FengQ_2015,2455,UniRef90_A0A076J0N2,1149,0.0146383400822,9,0.9326298701298701,1.188176954724026e-05
FengQ_2015,2456,UniRef90_A0A0P0M597,1149,0.0145678344017,9,0.9326298701298701,1.182454091047078e-05
FengQ_2015,2457,UniRef90_I9FSV4,1149,0.014509835227,9,0.9326298701298701,1.1777463658279221e-05
FengQ_2015,2458,UniRef90_I9R6K6,1149,0.0142679858664,9,0.9326298701298701,1.158115735909091e-05
FengQ_2015,2459,UniRef90_U6RP94,1149,0.0141541849769999,9,0.9326298701298701,1.1488786507305113e-05
FengQ_2015,2460,UniRef90_A0A173XN64,1149,0.0137393901184,9,0.9326298701298701,1.115210236883117e-05
FengQ_2015,2461,UniRef90_A0A174V7J3,1149,0.013723432481,9,0.9326298701298701,1.1139149741071428e-05
FengQ_2015,2462,UniRef90_A0A396ATB7,1149,0.0133799615725,9,0.9326298701298701,1.0860358419237013e-05
FengQ_2015,2463,UniRef90_A7VAS8,1149,0.013334089339,9,0.9326298701298701,1.0823124463474027e-05
FengQ_2015,2464,UniRef90_A0A0N7J7R7,1149,0.013213736589,9,0.9326298701298701,1.072543554301948e-05
FengQ_2015,2465,UniRef90_A0A076IQH5,1149,0.0130669081109999,9,0.9326298701298701,1.0606256583603815e-05
FengQ_2015,2466,UniRef90_H1B749,1149,0.0129816142511,9,0.9326298701298701,1.0537024554464286e-05
FengQ_2015,2467,UniRef90_A0A0P0M440,1149,0.012356345396,9,0.9326298701298701,1.0029501133116883e-05
FengQ_2015,2468,UniRef90_K9DY17,1149,0.011972743929,9,0.9326298701298701,9.718136306006493e-06
FengQ_2015,2469,UniRef90_A0A076IV24,1149,0.011887325276,9,0.9326298701298701,9.648802983766234e-06
FengQ_2015,2470,UniRef90_G2T370,1149,0.0117966750214,9,0.9326298701298701,9.575223231655844e-06
FengQ_2015,2471,UniRef90_Q64YN3,1149,0.0115730836326,9,0.9326298701298701,9.393736714772726e-06
FengQ_2015,2472,UniRef90_A0A173T5U8,1149,0.0108329748713,9,0.9326298701298701,8.792999083847403e-06
FengQ_2015,2473,UniRef90_R5UQI8,1149,0.010755539558400001,9,0.9326298701298701,8.730145745454547e-06
FengQ_2015,2474,UniRef90_A0A076JAP0,1149,0.0107550327105,9,0.9326298701298701,8.729734342938312e-06
FengQ_2015,2475,UniRef90_A0A395ZUR8,1149,0.0105148027176,9,0.9326298701298701,8.534742465584415e-06
FengQ_2015,2476,UniRef90_D7J831,1149,0.010189714165,9,0.9326298701298701,8.270871887175326e-06
FengQ_2015,2477,UniRef90_C4ZI84,1149,0.0101648533888,9,0.9326298701298701,8.250692685714286e-06
FengQ_2015,2478,UniRef90_A7B522,1149,0.0099829832398999,9,0.9326298701298701,8.103070811607061e-06
FengQ_2015,2479,UniRef90_K6AKG6,1149,0.0094090005108,9,0.9326298701298701,7.637175739285715e-06
FengQ_2015,2480,UniRef90_A0A015P063,1149,0.0094014358802,9,0.9326298701298701,7.631035617045455e-06
FengQ_2015,2481,UniRef90_C9KR75,1149,0.0085167279899,9,0.9326298701298701,6.91292856323052e-06
FengQ_2015,2482,UniRef90_R6JN28,1149,0.007871626752,9,0.9326298701298701,6.389307428571429e-06
FengQ_2015,2483,UniRef90_A0A174B4R7,1149,0.00745900038,9,0.9326298701298701,6.054383425324675e-06
FengQ_2015,2484,UniRef90_Q8A029,1149,0.007127116437,9,0.9326298701298701,5.7849971079545454e-06
FengQ_2015,2485,UniRef90_R6KE15,1149,0.0071005411911,9,0.9326298701298701,5.763426291477272e-06
FengQ_2015,2486,UniRef90_D7K408,1149,0.0068893737291,9,0.9326298701298701,5.592024130762987e-06
FengQ_2015,2487,UniRef90_A0A174HQM1,1149,0.0068289099030000005,9,0.9326298701298701,5.5429463498376624e-06
FengQ_2015,2488,UniRef90_R6JLZ0,1149,0.0067378611700999996,9,0.9326298701298701,5.4690431575487006e-06
FengQ_2015,2489,UniRef90_R6J894,1149,0.0066616833334,9,0.9326298701298701,5.407210497889611e-06
FengQ_2015,2490,UniRef90_R6D259,1149,0.006561664605,9,0.9326298701298701,5.326026465097402e-06
FengQ_2015,2491,UniRef90_Q89YZ2,1149,0.006524234352000001,9,0.9326298701298701,5.295644766233766e-06
FengQ_2015,2492,UniRef90_R6UXY8,1149,0.0064536322759,9,0.9326298701298701,5.238337886282468e-06
FengQ_2015,2493,UniRef90_D4ML25,1149,0.0064428072089,9,0.9326298701298701,5.229551305925325e-06
FengQ_2015,2494,UniRef90_A0A0P0FT99,1149,0.0064379557949,9,0.9326298701298701,5.225613469886364e-06
FengQ_2015,2495,UniRef90_R6K4K3,1149,0.0064343046757,9,0.9326298701298701,5.222649899107143e-06
FengQ_2015,2496,UniRef90_R6DFU0,1149,0.0063947656903999995,9,0.9326298701298701,5.190556566883117e-06
FengQ_2015,2497,UniRef90_R5ULY2,1149,0.0063555595179999,9,0.9326298701298701,5.1587333749999186e-06
FengQ_2015,2498,UniRef90_A0A139LFB9,1149,0.0062772052509999995,9,0.9326298701298701,5.095134132305195e-06
FengQ_2015,2499,UniRef90_A0A139LIY2,1149,0.0062007310968999994,9,0.9326298701298701,5.0330609552759736e-06
FengQ_2015,2500,UniRef90_R6JPH7,1149,0.006150104666,9,0.9326298701298701,4.991968073051948e-06
FengQ_2015,2501,UniRef90_A0A139KPY1,1149,0.0058985508528000006,9,0.9326298701298701,4.7877847831168834e-06
FengQ_2015,2502,UniRef90_A0A3E2TWX9,1149,0.0058710709652,9,0.9326298701298701,4.7654796795454545e-06
FengQ_2015,2503,UniRef90_Q8ABA7,1149,0.0057435767101,9,0.9326298701298701,4.6619940828733764e-06
FengQ_2015,2504,UniRef90_D6D8E5,1149,0.0057196919911999995,9,0.9326298701298701,4.6426071357142855e-06
FengQ_2015,2505,UniRef90_D7J772,1149,0.0057102789473,9,0.9326298701298701,4.634966678003247e-06
FengQ_2015,2506,UniRef90_A0A0P0ESN7,1149,0.0057013806704,9,0.9326298701298701,4.627744050649351e-06
FengQ_2015,2507,UniRef90_A0A139KAQ5,1149,0.0056730194699,9,0.9326298701298701,4.604723595698052e-06
FengQ_2015,2508,UniRef90_Q8AAQ1,1149,0.0056367952003000005,9,0.9326298701298701,4.575320779464286e-06
FengQ_2015,2509,UniRef90_W6PH87,1149,0.005596515246,9,0.9326298701298701,4.542626011363636e-06
FengQ_2015,2510,UniRef90_R5UHH3,1149,0.005580419102,9,0.9326298701298701,4.529560959415584e-06
FengQ_2015,2511,UniRef90_C9L2Y2,1149,0.0055749726055,9,0.9326298701298701,4.525140101866883e-06
FengQ_2015,2512,UniRef90_A0A1Q6H8R2,1149,0.0055739071554,9,0.9326298701298701,4.524275288474026e-06
FengQ_2015,2513,UniRef90_C9KYI7,1149,0.0054650522731,9,0.9326298701298701,4.435919052840909e-06
FengQ_2015,2514,UniRef90_A0A174QL76,1149,0.0053892098353,9,0.9326298701298701,4.374358632548701e-06
FengQ_2015,2515,UniRef90_A0A0P0F0H3,1149,0.0053276573467,9,0.9326298701298701,4.324397196996753e-06
FengQ_2015,2516,UniRef90_A0A1C7GZ20,1149,0.005075573421500001,9,0.9326298701298701,4.1197836213474035e-06
FengQ_2015,2517,UniRef90_C0D874,1149,0.0043316964721,9,0.9326298701298701,3.515987396185065e-06
FengQ_2015,2518,UniRef90_R6JHI4,1149,0.0041314878268,9,0.9326298701298701,3.3534803788961036e-06
FengQ_2015,2519,UniRef90_R5APM6,1149,0.0036170462905,9,0.9326298701298701,2.9359141968344155e-06
FengQ_2015,2520,UniRef90_R5J6B6,1149,0.0028933370445,9,0.9326298701298701,2.3484878607954546e-06
FengQ_2015,2521,UniRef90_C5EW14,1149,0.0026316782408,9,0.9326298701298701,2.136102468181818e-06
FengQ_2015,2522,UniRef90_D7GQW1,1149,0.0023227928985999997,9,0.9326298701298701,1.8853838462662335e-06
FengQ_2015,2523,UniRef90_A0A352P4K7,1149,0.00029969948740000003,9,0.9326298701298701,2.4326257094155846e-07
FengQ_2015,2524,UniRef90_A0A0E2H0J4,1148,0.041221945016199996,9,0.9318181818181818,3.345937095470779e-05
FengQ_2015,2525,UniRef90_D4LUC8,1148,0.038978200173300004,9,0.9318181818181818,3.163814949131494e-05
FengQ_2015,2526,UniRef90_A7VSA3,1148,0.030608224822600002,9,0.9318181818181818,2.484433833003247e-05
FengQ_2015,2527,UniRef90_A6L064,1148,0.024251232299899998,9,0.9318181818181818,1.968444180186688e-05
FengQ_2015,2528,UniRef90_A0A076J4A7,1148,0.022466652421400002,9,0.9318181818181818,1.823591917321429e-05
FengQ_2015,2529,UniRef90_U6R9G9,1148,0.022401563943,9,0.9318181818181818,1.818308761607143e-05
FengQ_2015,2530,UniRef90_A5ZTV6,1148,0.0221528841869,9,0.9318181818181818,1.7981237164691558e-05
FengQ_2015,2531,UniRef90_A6L091,1148,0.0220180049285,9,0.9318181818181818,1.787175724715909e-05
FengQ_2015,2532,UniRef90_A0A0P0LNX3,1148,0.021427168659,9,0.9318181818181818,1.7392182353084417e-05
FengQ_2015,2533,UniRef90_A0A076ITS7,1148,0.0209062411695,9,0.9318181818181818,1.696935159862013e-05
FengQ_2015,2534,UniRef90_B6VXB6,1148,0.020717094465100002,9,0.9318181818181818,1.6815823429464287e-05
FengQ_2015,2535,UniRef90_A6KZR2,1148,0.0205253405398,9,0.9318181818181818,1.6660179009577923e-05
FengQ_2015,2536,UniRef90_A0A076J4P5,1148,0.0204517400075,9,0.9318181818181818,1.6600438317775976e-05
FengQ_2015,2537,UniRef90_A0A0P0LLV2,1148,0.020320941760899998,9,0.9318181818181818,1.6494270909821426e-05
FengQ_2015,2538,UniRef90_A0A076IP72,1148,0.019880264760000002,9,0.9318181818181818,1.613657853896104e-05
FengQ_2015,2539,UniRef90_A0A076J3M3,1148,0.0198539076087,9,0.9318181818181818,1.611518474732143e-05
FengQ_2015,2540,UniRef90_D4VA04,1148,0.019436701888,9,0.9318181818181818,1.577654374025974e-05
FengQ_2015,2541,UniRef90_D1K3L5,1148,0.0194180826645,9,0.9318181818181818,1.576143073417208e-05
FengQ_2015,2542,UniRef90_U6RBJ5,1148,0.01928171398,9,0.9318181818181818,1.5650741866883118e-05
FengQ_2015,2543,UniRef90_G5SL22,1148,0.019246514705699998,9,0.9318181818181818,1.5622171027353894e-05
FengQ_2015,2544,UniRef90_A0A069SD51,1148,0.0190929204592,9,0.9318181818181818,1.5497500372727272e-05
FengQ_2015,2545,UniRef90_C3RA93,1148,0.0190862077972,9,0.9318181818181818,1.549205178344156e-05
FengQ_2015,2546,UniRef90_A0A076IPH6,1148,0.0189721637766,9,0.9318181818181818,1.5399483584902597e-05
FengQ_2015,2547,UniRef90_A6L028,1148,0.0189636101996,9,0.9318181818181818,1.539254074642857e-05
FengQ_2015,2548,UniRef90_D4V591,1148,0.018758842263,9,0.9318181818181818,1.522633300568182e-05
FengQ_2015,2549,UniRef90_A0A1Y4PSG1,1148,0.018727535923,9,0.9318181818181818,1.5200922015422077e-05
FengQ_2015,2550,UniRef90_A0A0P0M6D2,1148,0.0187226901932999,9,0.9318181818181818,1.5196988793262907e-05
FengQ_2015,2551,UniRef90_U6RSC0,1148,0.0186760157239999,9,0.9318181818181818,1.515910367207784e-05
FengQ_2015,2552,UniRef90_A0A329TH38,1148,0.0186414649489999,9,0.9318181818181818,1.5131059211850568e-05
FengQ_2015,2553,UniRef90_A0A0K2HIB7,1148,0.018627230351,9,0.9318181818181818,1.511950515503247e-05
FengQ_2015,2554,UniRef90_A0A076IJU7,1148,0.018601373395,9,0.9318181818181818,1.5098517366071427e-05
FengQ_2015,2555,UniRef90_A0A174CF54,1148,0.0184935147263,9,0.9318181818181818,1.5010969745373375e-05
FengQ_2015,2556,UniRef90_A0A0K2HGD6,1148,0.0184866466606,9,0.9318181818181818,1.500539501672078e-05
FengQ_2015,2557,UniRef90_A0A076J5W7,1148,0.018454935994500002,9,0.9318181818181818,1.497965583969156e-05
FengQ_2015,2558,UniRef90_H1ALD0,1148,0.018414786185,9,0.9318181818181818,1.4947066708603896e-05
FengQ_2015,2559,UniRef90_E5UQ30,1148,0.0183984658677,9,0.9318181818181818,1.4933819697808442e-05
FengQ_2015,2560,UniRef90_A0A1Q6JA31,1148,0.018347528367,9,0.9318181818181818,1.4892474323863638e-05
FengQ_2015,2561,UniRef90_C3RE72,1148,0.0181381949358,9,0.9318181818181818,1.4722560824512987e-05
FengQ_2015,2562,UniRef90_A0A076INP2,1148,0.018078492255,9,0.9318181818181818,1.4674100856331167e-05
FengQ_2015,2563,UniRef90_A0A1Y4PSQ4,1148,0.018061157664,9,0.9318181818181818,1.4660030571428571e-05
FengQ_2015,2564,UniRef90_A0A1Q6JRH3,1148,0.017974309695,9,0.9318181818181818,1.4589537090097401e-05
FengQ_2015,2565,UniRef90_A0A174WY71,1148,0.017960617478200002,9,0.9318181818181818,1.4578423277759742e-05
FengQ_2015,2566,UniRef90_A0A0K2HGW6,1148,0.017805283587,9,0.9318181818181818,1.4452340573863636e-05
FengQ_2015,2567,UniRef90_E5UPC0,1148,0.0178002818725999,9,0.9318181818181818,1.4448280740746672e-05
FengQ_2015,2568,UniRef90_I9R2L8,1148,0.017679091299,9,0.9318181818181818,1.434991176866883e-05
FengQ_2015,2569,UniRef90_A0A0P0LHJ3,1148,0.0176414886142,9,0.9318181818181818,1.4319390108928572e-05
FengQ_2015,2570,UniRef90_A0A0K2HE86,1148,0.017595397992299998,9,0.9318181818181818,1.4281978889853895e-05
FengQ_2015,2571,UniRef90_D4V3P4,1148,0.017565579828,9,0.9318181818181818,1.4257775834415584e-05
FengQ_2015,2572,UniRef90_A0A174KXL6,1148,0.0175036356109,9,0.9318181818181818,1.4207496437418832e-05
FengQ_2015,2573,UniRef90_D1K2T2,1148,0.0174393641384,9,0.9318181818181818,1.4155328034415584e-05
FengQ_2015,2574,UniRef90_A0A174BXN0,1148,0.017341411119499998,9,0.9318181818181818,1.4075820713879869e-05
FengQ_2015,2575,UniRef90_D1K6S8,1148,0.0172977074658,9,0.9318181818181818,1.4040346968993507e-05
FengQ_2015,2576,UniRef90_A0A076IQ12,1148,0.0172645630935,9,0.9318181818181818,1.401344406939935e-05
FengQ_2015,2577,UniRef90_A0A396B8P2,1148,0.017264203478,9,0.9318181818181818,1.4013152173701298e-05
FengQ_2015,2578,UniRef90_A0A076J0Y1,1148,0.0172168364531,9,0.9318181818181818,1.397470491323052e-05
FengQ_2015,2579,UniRef90_A0A0K2HGZ3,1148,0.0171670631934,9,0.9318181818181818,1.3934304540097403e-05
FengQ_2015,2580,UniRef90_A6KX17,1148,0.0170182840324,9,0.9318181818181818,1.381354223409091e-05
FengQ_2015,2581,UniRef90_A0A076J288,1148,0.0170069622629999,9,0.9318181818181818,1.3804352486201218e-05
FengQ_2015,2582,UniRef90_A0A396B8R5,1148,0.016945171284,9,0.9318181818181818,1.375419747077922e-05
FengQ_2015,2583,UniRef90_A0A174M1S7,1148,0.0169439718986,9,0.9318181818181818,1.375322394366883e-05
FengQ_2015,2584,UniRef90_D1K6P6,1148,0.0169433489143999,9,0.9318181818181818,1.3752718274675243e-05
FengQ_2015,2585,UniRef90_A0A076J2W3,1148,0.016918853238,9,0.9318181818181818,1.3732835420454545e-05
FengQ_2015,2586,UniRef90_A0A0N7J704,1148,0.0169135645734,9,0.9318181818181818,1.3728542673214286e-05
FengQ_2015,2587,UniRef90_A0A076IRA3,1148,0.0169080382264,9,0.9318181818181818,1.3724057001948052e-05
FengQ_2015,2588,UniRef90_A0A397WKL3,1148,0.0168839521387,9,0.9318181818181818,1.3704506606087663e-05
FengQ_2015,2589,UniRef90_D1K3A1,1148,0.016870092224200002,9,0.9318181818181818,1.3693256675487015e-05
FengQ_2015,2590,UniRef90_A0A076IP97,1148,0.0168459220251,9,0.9318181818181818,1.3673638007386364e-05
FengQ_2015,2591,UniRef90_A6L1Z3,1148,0.0168425955151,9,0.9318181818181818,1.3670937918100649e-05
FengQ_2015,2592,UniRef90_A0A076IVX3,1148,0.016817095986199997,9,0.9318181818181818,1.3650240248538958e-05
FengQ_2015,2593,UniRef90_A0A076IRX9,1148,0.0167809874018999,9,0.9318181818181818,1.3620931332710957e-05
FengQ_2015,2594,UniRef90_A0A0N7J804,1148,0.0166823308307999,9,0.9318181818181818,1.3540852947077841e-05
FengQ_2015,2595,UniRef90_A0A076IWJ8,1148,0.0166559532422,9,0.9318181818181818,1.351944256672078e-05
FengQ_2015,2596,UniRef90_A0A076IZD5,1148,0.016609149335,9,0.9318181818181818,1.3481452382305195e-05
FengQ_2015,2597,UniRef90_A0A076J0Q5,1148,0.0166082592362999,9,0.9318181818181818,1.3480729899594075e-05
FengQ_2015,2598,UniRef90_I8WFG7,1148,0.016584133365,9,0.9318181818181818,1.3461147211850649e-05
FengQ_2015,2599,UniRef90_A0A0K2HE35,1148,0.016567320136999998,9,0.9318181818181818,1.3447500111201297e-05
FengQ_2015,2600,UniRef90_D4V869,1148,0.016378421900499998,9,0.9318181818181818,1.3294173620535712e-05
FengQ_2015,2601,UniRef90_A0A380ZJI0,1148,0.016350908398,9,0.9318181818181818,1.3271841232142857e-05
FengQ_2015,2602,UniRef90_B6W150,1148,0.0162842629739,9,0.9318181818181818,1.3217745920373377e-05
FengQ_2015,2603,UniRef90_I9FHZ1,1148,0.016271641166,9,0.9318181818181818,1.320750094642857e-05
FengQ_2015,2604,UniRef90_A0A0M1W0Y9,1148,0.016255702036,9,0.9318181818181818,1.319456334090909e-05
FengQ_2015,2605,UniRef90_A0A076J137,1148,0.0162423283198,9,0.9318181818181818,1.3183708051785713e-05
FengQ_2015,2606,UniRef90_A6L6X1,1148,0.016234069259,9,0.9318181818181818,1.317700426866883e-05
FengQ_2015,2607,UniRef90_A0A076IY48,1148,0.0161375327199999,9,0.9318181818181818,1.3098646688311607e-05
FengQ_2015,2608,UniRef90_A0A174M183,1148,0.0161307079806,9,0.9318181818181818,1.3093107127110391e-05
FengQ_2015,2609,UniRef90_A0A076IVD2,1148,0.016113543052,9,0.9318181818181818,1.3079174555194805e-05
FengQ_2015,2610,UniRef90_A0A076J0P7,1148,0.0160515297635,9,0.9318181818181818,1.3028839093750001e-05
FengQ_2015,2611,UniRef90_A0A076IV90,1148,0.016027649504500002,9,0.9318181818181818,1.3009455766639612e-05
FengQ_2015,2612,UniRef90_A0A0K2HGY1,1148,0.016021386478,9,0.9318181818181818,1.3004372141233766e-05
FengQ_2015,2613,UniRef90_A6L2I3,1148,0.0160060563363,9,0.9318181818181818,1.299192884439935e-05
FengQ_2015,2614,UniRef90_A0A076IZ47,1148,0.016001938538999998,9,0.9318181818181818,1.2988586476461037e-05
FengQ_2015,2615,UniRef90_A0A076ILG1,1148,0.015980627437999998,9,0.9318181818181818,1.2971288504870129e-05
FengQ_2015,2616,UniRef90_A0A0P0LHQ9,1148,0.015956893143299903,9,0.9318181818181818,1.2952023655275894e-05
FengQ_2015,2617,UniRef90_A6L011,1148,0.015934816359,9,0.9318181818181818,1.29341041875e-05
FengQ_2015,2618,UniRef90_C6YZH3,1148,0.0158068035077,9,0.9318181818181818,1.2830197652353898e-05
FengQ_2015,2619,UniRef90_A0A0P0M145,1148,0.0156903124824,9,0.9318181818181818,1.2735643248701299e-05
FengQ_2015,2620,UniRef90_A0A076J5Z3,1148,0.0156878459689,9,0.9318181818181818,1.2733641208522729e-05
FengQ_2015,2621,UniRef90_A0A076IZC5,1148,0.0156754664428,9,0.9318181818181818,1.2723592891883118e-05
FengQ_2015,2622,UniRef90_C3RET8,1148,0.0155720692672,9,0.9318181818181818,1.2639666612987014e-05
FengQ_2015,2623,UniRef90_C7G920,1148,0.0154463232007,9,0.9318181818181818,1.2537600000568181e-05
FengQ_2015,2624,UniRef90_A5ZN05,1148,0.0153796275528,9,0.9318181818181818,1.2483463922727273e-05
FengQ_2015,2625,UniRef90_B6VTR7,1148,0.0153658788024,9,0.9318181818181818,1.2472304222727273e-05
FengQ_2015,2626,UniRef90_C6Z4N4,1148,0.015362364358000001,9,0.9318181818181818,1.2469451589285715e-05
FengQ_2015,2627,UniRef90_A0A076IMG9,1148,0.0153048452898,9,0.9318181818181818,1.2422764033928571e-05
FengQ_2015,2628,UniRef90_A0A0K2HLL0,1148,0.0152786475492,9,0.9318181818181818,1.240149963409091e-05
FengQ_2015,2629,UniRef90_A0A1Y4PDW8,1148,0.0151652522857,9,0.9318181818181818,1.2309458024107144e-05
FengQ_2015,2630,UniRef90_A0A3E5H8P0,1148,0.015118475252,9,0.9318181818181818,1.2271489652597402e-05
FengQ_2015,2631,UniRef90_C6Z9D8,1148,0.0150767534028,9,0.9318181818181818,1.223762451525974e-05
FengQ_2015,2632,UniRef90_A0A076IR62,1148,0.0150547592679,9,0.9318181818181818,1.2219772133035714e-05
FengQ_2015,2633,UniRef90_A0A076IXM6,1148,0.0150008206842,9,0.9318181818181818,1.2175990815097402e-05
FengQ_2015,2634,UniRef90_A0A076IR94,1148,0.014958212678,9,0.9318181818181818,1.214140639448052e-05
FengQ_2015,2635,UniRef90_A6KWL7,1148,0.0149107520541,9,0.9318181818181818,1.2102883160795455e-05
FengQ_2015,2636,UniRef90_A0A0K2HDL8,1148,0.0148743824147,9,0.9318181818181818,1.2073362349594156e-05
FengQ_2015,2637,UniRef90_D1K0L2,1148,0.0147781659037,9,0.9318181818181818,1.1995264532224026e-05
FengQ_2015,2638,UniRef90_A6L1Z2,1148,0.014751907998,9,0.9318181818181818,1.1973951297077923e-05
FengQ_2015,2639,UniRef90_A0A076IQ49,1148,0.0147238493539999,9,0.9318181818181818,1.1951176423701218e-05
FengQ_2015,2640,UniRef90_A0A397WIJ8,1148,0.014689090542,9,0.9318181818181818,1.1922963102272728e-05
FengQ_2015,2641,UniRef90_C3R7A7,1148,0.0145829685242,9,0.9318181818181818,1.1836825100811688e-05
FengQ_2015,2642,UniRef90_A0A076IQX5,1148,0.0145781405324,9,0.9318181818181818,1.1832906276298701e-05
FengQ_2015,2643,UniRef90_A0A076J588,1148,0.014502071641,9,0.9318181818181818,1.1771162046266233e-05
FengQ_2015,2644,UniRef90_A0A0K2HG11,1148,0.0142189751815,9,0.9318181818181818,1.1541375959009742e-05
FengQ_2015,2645,UniRef90_I9RD05,1148,0.014148017882599999,9,0.9318181818181818,1.1483780748863635e-05
FengQ_2015,2646,UniRef90_A0A076IXS5,1148,0.0141411658212,9,0.9318181818181818,1.1478219010714286e-05
FengQ_2015,2647,UniRef90_A0A015ZD93,1148,0.0139511316346,9,0.9318181818181818,1.132397048262987e-05
FengQ_2015,2648,UniRef90_A0A2A6ZAW7,1148,0.0139369707872,9,0.9318181818181818,1.1312476288311689e-05
FengQ_2015,2649,UniRef90_A0A396BJT2,1148,0.0138281247922,9,0.9318181818181818,1.1224127266396104e-05
FengQ_2015,2650,UniRef90_I8W5V7,1148,0.0138250070896999,9,0.9318181818181818,1.1221596663717452e-05
FengQ_2015,2651,UniRef90_A0A0P0M550,1148,0.0137889857771,9,0.9318181818181818,1.1192358585308442e-05
FengQ_2015,2652,UniRef90_A0A076IPG1,1148,0.0136976261152,9,0.9318181818181818,1.1118203015584415e-05
FengQ_2015,2653,UniRef90_A0A076IPR0,1148,0.013669701753899999,9,0.9318181818181818,1.1095537137905843e-05
FengQ_2015,2654,UniRef90_B0NVF6,1148,0.013600063034400001,9,0.9318181818181818,1.1039012203246753e-05
FengQ_2015,2655,UniRef90_A0A395X5I7,1148,0.0135686423159,9,0.9318181818181818,1.1013508373295454e-05
FengQ_2015,2656,UniRef90_I9R7Z9,1148,0.013522131315,9,0.9318181818181818,1.0975755937499999e-05
FengQ_2015,2657,UniRef90_I8VLN7,1148,0.013488227336,9,0.9318181818181818,1.0948236474025975e-05
FengQ_2015,2658,UniRef90_A0A076IYY0,1148,0.0133905692305,9,0.9318181818181818,1.086896853125e-05
FengQ_2015,2659,UniRef90_A0A0K2HN45,1148,0.013338849333,9,0.9318181818181818,1.0826988094967534e-05
FengQ_2015,2660,UniRef90_D4V9H7,1148,0.0130718838128,9,0.9318181818181818,1.0610295302597403e-05
FengQ_2015,2661,UniRef90_I9F7V4,1148,0.013046082045700002,9,0.9318181818181818,1.058935230982143e-05
FengQ_2015,2662,UniRef90_C4ZBT1,1148,0.013042054569399998,9,0.9318181818181818,1.0586083254383115e-05
FengQ_2015,2663,UniRef90_I9R8R7,1148,0.0127916170826,9,0.9318181818181818,1.0382806073538961e-05
FengQ_2015,2664,UniRef90_A0A076IRW4,1148,0.012715758424,9,0.9318181818181818,1.0321232487012987e-05
FengQ_2015,2665,UniRef90_D4VDC5,1148,0.0125832315089,9,0.9318181818181818,1.0213661939042208e-05
FengQ_2015,2666,UniRef90_A0A0P0M4W7,1148,0.0124356417776,9,0.9318181818181818,1.009386507922078e-05
FengQ_2015,2667,UniRef90_A6L4M4,1148,0.0122916077465,9,0.9318181818181818,9.97695433969156e-06
FengQ_2015,2668,UniRef90_D4M5W8,1148,0.012155672416,9,0.9318181818181818,9.86661722077922e-06
FengQ_2015,2669,UniRef90_A0A076J8I9,1148,0.0120272643102,9,0.9318181818181818,9.762389862175325e-06
FengQ_2015,2670,UniRef90_Q64ZA1,1148,0.0115381076798,9,0.9318181818181818,9.365347142694804e-06
FengQ_2015,2671,UniRef90_G2T390,1148,0.0115178141178999,9,0.9318181818181818,9.34887509569797e-06
FengQ_2015,2672,UniRef90_A0A396FFH9,1148,0.0109357595510999,9,0.9318181818181818,8.876428207061607e-06
FengQ_2015,2673,UniRef90_A0A174N765,1148,0.0108893958853,9,0.9318181818181818,8.838795361444805e-06
FengQ_2015,2674,UniRef90_A0A174SEG5,1148,0.0106357885813,9,0.9318181818181818,8.63294527702922e-06
FengQ_2015,2675,UniRef90_A0A0J8Z099,1148,0.0096583269877,9,0.9318181818181818,7.83955112637987e-06
FengQ_2015,2676,UniRef90_A0A076IRS7,1148,0.00957097395,9,0.9318181818181818,7.768647686688312e-06
FengQ_2015,2677,UniRef90_A0A174E206,1148,0.0094426383166,9,0.9318181818181818,7.664479153084415e-06
FengQ_2015,2678,UniRef90_A0A252F3H1,1148,0.0091037267562,9,0.9318181818181818,7.389388600811688e-06
FengQ_2015,2679,UniRef90_D4LXM4,1148,0.0090956013924,9,0.9318181818181818,7.3827933379870125e-06
FengQ_2015,2680,UniRef90_D9QZK9,1148,0.0090921090057,9,0.9318181818181818,7.379958608522728e-06
FengQ_2015,2681,UniRef90_Q8A275,1148,0.0070095528345,9,0.9318181818181818,5.689572105925325e-06
FengQ_2015,2682,UniRef90_Q8A5K8,1148,0.006993444138900001,9,0.9318181818181818,5.67649686599026e-06
FengQ_2015,2683,UniRef90_R5U3I7,1148,0.0069279778531,9,0.9318181818181818,5.623358646996753e-06
FengQ_2015,2684,UniRef90_C0B6G4,1148,0.00686260334,9,0.9318181818181818,5.570294918831168e-06
FengQ_2015,2685,UniRef90_A0A174NNM9,1148,0.0067510166877,9,0.9318181818181818,5.479721337418831e-06
FengQ_2015,2686,UniRef90_A0A396ECJ0,1148,0.0065908635155,9,0.9318181818181818,5.3497268794642854e-06
FengQ_2015,2687,UniRef90_A0A139JSL8,1148,0.0064216151228,9,0.9318181818181818,5.212349937337662e-06
FengQ_2015,2688,UniRef90_U2E397,1148,0.0063874673206000005,9,0.9318181818181818,5.184632565422078e-06
FengQ_2015,2689,UniRef90_A0A174KPR6,1148,0.006223262937,9,0.9318181818181818,5.051349786525975e-06
FengQ_2015,2690,UniRef90_A0A1G8C9V6,1148,0.006200561718200001,9,0.9318181818181818,5.0329234725649355e-06
FengQ_2015,2691,UniRef90_A0A139TAG2,1148,0.0062003776137,9,0.9318181818181818,5.032774037094155e-06
FengQ_2015,2692,UniRef90_A0A173UDN6,1148,0.0061474615818,9,0.9318181818181818,4.9898227125e-06
FengQ_2015,2693,UniRef90_F7MAB4,1148,0.0061147778356,9,0.9318181818181818,4.9632936977272725e-06
FengQ_2015,2694,UniRef90_R6JLR1,1148,0.0060545763239,9,0.9318181818181818,4.9144288343344155e-06
FengQ_2015,2695,UniRef90_R6VA38,1148,0.006015464248000001,9,0.9318181818181818,4.88268201948052e-06
FengQ_2015,2696,UniRef90_A0A0P0F343,1148,0.0058611913717,9,0.9318181818181818,4.7574605289772725e-06
FengQ_2015,2697,UniRef90_Q8ABA5,1148,0.0057662979193,9,0.9318181818181818,4.6804366228084415e-06
FengQ_2015,2698,UniRef90_A0A3E5HN35,1148,0.0057015560335,9,0.9318181818181818,4.6278863908279215e-06
FengQ_2015,2699,UniRef90_D7JB39,1148,0.0055878589778,9,0.9318181818181818,4.535599819642857e-06
FengQ_2015,2700,UniRef90_R6K765,1148,0.0055476441718000005,9,0.9318181818181818,4.502957931655845e-06
FengQ_2015,2701,UniRef90_R6JKQ6,1148,0.005527717693200001,9,0.9318181818181818,4.4867838418831175e-06
FengQ_2015,2702,UniRef90_Q89ZR8,1148,0.0055199280282,9,0.9318181818181818,4.48046106185065e-06
FengQ_2015,2703,UniRef90_Q89ZW6,1148,0.0054419933307,9,0.9318181818181818,4.417202378814935e-06
FengQ_2015,2704,UniRef90_UPI000E432686,1148,0.00534343485409,9,0.9318181818181818,4.337203615332792e-06
FengQ_2015,2705,UniRef90_Q02550,1148,0.0053367762351,9,0.9318181818181818,4.331798892126623e-06
FengQ_2015,2706,UniRef90_D7J9K3,1148,0.0052689294263,9,0.9318181818181818,4.276728430438312e-06
FengQ_2015,2707,UniRef90_A0A174XEX4,1148,0.005245824328,9,0.9318181818181818,4.2579742922077925e-06
FengQ_2015,2708,UniRef90_A0A149NB16,1148,0.0052438387616,9,0.9318181818181818,4.256362631168831e-06
FengQ_2015,2709,UniRef90_Q8A800,1148,0.0049721335143,9,0.9318181818181818,4.035822657711039e-06
FengQ_2015,2710,UniRef90_A7B8B9,1148,0.004851839909,9,0.9318181818181818,3.9381817443181825e-06
FengQ_2015,2711,UniRef90_B0P9F6,1148,0.0045043068838,9,0.9318181818181818,3.6560932498376622e-06
FengQ_2015,2712,UniRef90_A0A2V1JT56,1148,0.0021700528042,9,0.9318181818181818,1.7614064969155844e-06
FengQ_2015,2713,UniRef90_R5GU90,1148,0.0012736128885999,9,0.9318181818181818,1.0337766952921266e-06
FengQ_2015,2714,UniRef90_B0NU50,1147,0.1282170196761,9,0.9310064935064936,0.00010407225623060065
FengQ_2015,2715,UniRef90_W6PL08,1147,0.0997799902209,9,0.9310064935064936,8.099025180267857e-05
FengQ_2015,2716,UniRef90_F3QKQ8,1147,0.0286809332324,9,0.9310064935064936,2.3279978273051947e-05
FengQ_2015,2717,UniRef90_A0A0P0M2E3,1147,0.0242730252139,9,0.9310064935064936,1.970213085543831e-05
FengQ_2015,2718,UniRef90_A0A174SXL5,1147,0.022684305291,9,0.9310064935064936,1.8412585463474026e-05
FengQ_2015,2719,UniRef90_A0A0P0LCY3,1147,0.0214187440726,9,0.9310064935064936,1.7385344214772727e-05
FengQ_2015,2720,UniRef90_U6RCF6,1147,0.0208030058678,9,0.9310064935064936,1.6885556710876625e-05
FengQ_2015,2721,UniRef90_A0A3E4HLD6,1147,0.020035934275,9,0.9310064935064936,1.6262933664772728e-05
FengQ_2015,2722,UniRef90_A0A0P0M1T8,1147,0.0200244358948,9,0.9310064935064936,1.625360056396104e-05
FengQ_2015,2723,UniRef90_U6RBY3,1147,0.019277101881,9,0.9310064935064936,1.5646998280032466e-05
FengQ_2015,2724,UniRef90_A0A0P0LLV8,1147,0.019171877731,9,0.9310064935064936,1.556158906737013e-05
FengQ_2015,2725,UniRef90_A6KZ28,1147,0.0191510696026,9,0.9310064935064936,1.554469935275974e-05
FengQ_2015,2726,UniRef90_A6L075,1147,0.018660905252,9,0.9310064935064936,1.5146838678571427e-05
FengQ_2015,2727,UniRef90_A0A076J0A5,1147,0.0186372113247,9,0.9310064935064936,1.5127606594724027e-05
FengQ_2015,2728,UniRef90_A0A0P0LDE8,1147,0.018625030687,9,0.9310064935064936,1.5117719713474025e-05
FengQ_2015,2729,UniRef90_A0A1Y4PPY7,1147,0.0185089222419999,9,0.9310064935064936,1.502347584577914e-05
FengQ_2015,2730,UniRef90_A0A076J0N4,1147,0.0185020518515,9,0.9310064935064936,1.5017899230113637e-05
FengQ_2015,2731,UniRef90_A0A0K2HG23,1147,0.018419006619999997,9,0.9310064935064936,1.4950492386363635e-05
FengQ_2015,2732,UniRef90_A6KYS2,1147,0.018390925585,9,0.9310064935064936,1.4927699338474025e-05
FengQ_2015,2733,UniRef90_A6KZJ9,1147,0.0183589871839,9,0.9310064935064936,1.4901775311607143e-05
FengQ_2015,2734,UniRef90_A0A076INJ7,1147,0.0183080021467,9,0.9310064935064936,1.4860391352840908e-05
FengQ_2015,2735,UniRef90_D1K2M1,1147,0.0182498085935,9,0.9310064935064936,1.4813156325892855e-05
FengQ_2015,2736,UniRef90_A6L169,1147,0.018148842923,9,0.9310064935064936,1.4731203671266235e-05
FengQ_2015,2737,UniRef90_A0A076IY21,1147,0.018127605037199998,9,0.9310064935064936,1.4713965127597402e-05
FengQ_2015,2738,UniRef90_A0A076IWD1,1147,0.018107532528,9,0.9310064935064936,1.4697672506493507e-05
FengQ_2015,2739,UniRef90_D4V5U2,1147,0.0180220501613,9,0.9310064935064936,1.4628287468587662e-05
FengQ_2015,2740,UniRef90_D4VA78,1147,0.0179848988996999,9,0.9310064935064936,1.4598132223782387e-05
FengQ_2015,2741,UniRef90_A0A076IV02,1147,0.017978072432,9,0.9310064935064936,1.459259125974026e-05
FengQ_2015,2742,UniRef90_D1K6Y4,1147,0.017957063272,9,0.9310064935064936,1.4575538370129871e-05
FengQ_2015,2743,UniRef90_A0A076J1V0,1147,0.0179491555857,9,0.9310064935064936,1.4569119793587663e-05
FengQ_2015,2744,UniRef90_A0A076IHK2,1147,0.0179273529725999,9,0.9310064935064936,1.4551422867370049e-05
FengQ_2015,2745,UniRef90_A0A0P0L9V7,1147,0.017890244385,9,0.9310064935064936,1.4521302260551949e-05
FengQ_2015,2746,UniRef90_A0A076J5J0,1147,0.017786766092,9,0.9310064935064936,1.443731013961039e-05
FengQ_2015,2747,UniRef90_A0A076INK8,1147,0.0177862747896,9,0.9310064935064936,1.4436911355194807e-05
FengQ_2015,2748,UniRef90_A0A0K2HG35,1147,0.017746953035,9,0.9310064935064936,1.4404994346590909e-05
FengQ_2015,2749,UniRef90_A0A0P0LGD0,1147,0.017663575352999998,9,0.9310064935064936,1.4337317656655842e-05
FengQ_2015,2750,UniRef90_A0A076J5M4,1147,0.017659308745,9,0.9310064935064936,1.4333854500811689e-05
FengQ_2015,2751,UniRef90_R7NWM3,1147,0.01765902189,9,0.9310064935064936,1.433362166396104e-05
FengQ_2015,2752,UniRef90_A0A076IXU4,1147,0.017576892982,9,0.9310064935064936,1.4266958589285713e-05
FengQ_2015,2753,UniRef90_A0A076IYT9,1147,0.0174419204813,9,0.9310064935064936,1.4157402988068182e-05
FengQ_2015,2754,UniRef90_A0A0K2HPR1,1147,0.017386117005,9,0.9310064935064936,1.4112107958603896e-05
FengQ_2015,2755,UniRef90_A0A076IXE2,1147,0.017384280289900002,9,0.9310064935064936,1.4110617118425326e-05
FengQ_2015,2756,UniRef90_A6KXL8,1147,0.017381622960999998,9,0.9310064935064936,1.4108460195616882e-05
FengQ_2015,2757,UniRef90_A0A0P0LHJ6,1147,0.0173456615488,9,0.9310064935064936,1.4079270737662337e-05
FengQ_2015,2758,UniRef90_A0A076J355,1147,0.0172852174675,9,0.9310064935064936,1.403020898336039e-05
FengQ_2015,2759,UniRef90_A0A076II47,1147,0.017219615146,9,0.9310064935064936,1.3976960345779221e-05
FengQ_2015,2760,UniRef90_A0A076J5W5,1147,0.0172064273557,9,0.9310064935064936,1.3966255970535715e-05
FengQ_2015,2761,UniRef90_I9RBI9,1147,0.0171954881112,9,0.9310064935064936,1.3957376713636363e-05
FengQ_2015,2762,UniRef90_A0A0P0L1W7,1147,0.0171716729960999,9,0.9310064935064936,1.39380462630681e-05
FengQ_2015,2763,UniRef90_A0A0P0M157,1147,0.0171658879584,9,0.9310064935064936,1.3933350615584416e-05
FengQ_2015,2764,UniRef90_A0A076IYC1,1147,0.0171391105769,9,0.9310064935064936,1.3911615728003246e-05
FengQ_2015,2765,UniRef90_D4V565,1147,0.0171098328354,9,0.9310064935064936,1.3887851327435066e-05
FengQ_2015,2766,UniRef90_A0A174CBR2,1147,0.017106987474,9,0.9310064935064936,1.3885541780844156e-05
FengQ_2015,2767,UniRef90_A6L070,1147,0.0170913618508,9,0.9310064935064936,1.387285864512987e-05
FengQ_2015,2768,UniRef90_A0A076IMM1,1147,0.017084787857100003,9,0.9310064935064936,1.3867522611282469e-05
FengQ_2015,2769,UniRef90_D1K3Q6,1147,0.0170759011185,9,0.9310064935064936,1.3860309349431817e-05
FengQ_2015,2770,UniRef90_A0A0P0LPA8,1147,0.0170056300731,9,0.9310064935064936,1.380327116323052e-05
FengQ_2015,2771,UniRef90_A0A076IJP2,1147,0.0169986414245,9,0.9310064935064936,1.3797598558847403e-05
FengQ_2015,2772,UniRef90_I9FSY7,1147,0.016986703972,9,0.9310064935064936,1.3787909068181819e-05
FengQ_2015,2773,UniRef90_D4V8H5,1147,0.0169331828336,9,0.9310064935064936,1.3744466585714285e-05
FengQ_2015,2774,UniRef90_A6KXF7,1147,0.016899689613,9,0.9310064935064936,1.3717280530032468e-05
FengQ_2015,2775,UniRef90_A0A076J6J3,1147,0.0168613964808,9,0.9310064935064936,1.3686198442207793e-05
FengQ_2015,2776,UniRef90_A0A0K2HH15,1147,0.016839949379399997,9,0.9310064935064936,1.3668790080681816e-05
FengQ_2015,2777,UniRef90_A0A0P0L8N9,1147,0.0168373980442,9,0.9310064935064936,1.366671919172078e-05
FengQ_2015,2778,UniRef90_A0A076IZW3,1147,0.016820039182,9,0.9310064935064936,1.3652629206168832e-05
FengQ_2015,2779,UniRef90_B6VV56,1147,0.016811813925000002,9,0.9310064935064936,1.3645952861201301e-05
FengQ_2015,2780,UniRef90_D4V3D2,1147,0.016744854687,9,0.9310064935064936,1.3591602830357141e-05
FengQ_2015,2781,UniRef90_A0A0K2HG58,1147,0.016687850713600003,9,0.9310064935064936,1.3545333371428573e-05
FengQ_2015,2782,UniRef90_A0A076J0P5,1147,0.016685543650000002,9,0.9310064935064936,1.3543460754870132e-05
FengQ_2015,2783,UniRef90_A0A0P0L4L9,1147,0.01665775382,9,0.9310064935064936,1.3520904074675325e-05
FengQ_2015,2784,UniRef90_A0A076J279,1147,0.0166499642649,9,0.9310064935064936,1.3514581383847404e-05
FengQ_2015,2785,UniRef90_A0A0K2HJD8,1147,0.0165522555058,9,0.9310064935064936,1.3435272326136365e-05
FengQ_2015,2786,UniRef90_I8VF16,1147,0.0165413059585,9,0.9310064935064936,1.3426384706574676e-05
FengQ_2015,2787,UniRef90_D4VAL2,1147,0.0165076018069,9,0.9310064935064936,1.3399027440665583e-05
FengQ_2015,2788,UniRef90_C3RAI9,1147,0.0165019010661,9,0.9310064935064936,1.3394400215990259e-05
FengQ_2015,2789,UniRef90_A6L3C5,1147,0.0164612027754,9,0.9310064935064936,1.3361365889123376e-05
FengQ_2015,2790,UniRef90_A0A076J3T7,1147,0.016418978649,9,0.9310064935064936,1.3327093059253247e-05
FengQ_2015,2791,UniRef90_D4V563,1147,0.016418835605,9,0.9310064935064936,1.332697695211039e-05
FengQ_2015,2792,UniRef90_A0A076ISY7,1147,0.0163981697237,9,0.9310064935064936,1.3310202697808441e-05
FengQ_2015,2793,UniRef90_A0A076J626,1147,0.016385041091799998,9,0.9310064935064936,1.3299546340746751e-05
FengQ_2015,2794,UniRef90_A0A076J0Q9,1147,0.01634911937,9,0.9310064935064936,1.3270389099025976e-05
FengQ_2015,2795,UniRef90_A0A397WLY9,1147,0.01629247442,9,0.9310064935064936,1.3224411055194807e-05
FengQ_2015,2796,UniRef90_A0A076IPU3,1147,0.016260401718799902,9,0.9310064935064936,1.3198378018506415e-05
FengQ_2015,2797,UniRef90_A0A0P0M0Y1,1147,0.016225936391,9,0.9310064935064936,1.3170402914772727e-05
FengQ_2015,2798,UniRef90_A0A3E4I9U8,1147,0.0162092954424,9,0.9310064935064936,1.3156895651298703e-05
FengQ_2015,2799,UniRef90_A0A173XA66,1147,0.0161857064279,9,0.9310064935064936,1.3137748723944805e-05
FengQ_2015,2800,UniRef90_A6KXS0,1147,0.0160431931788,9,0.9310064935064936,1.302207238538961e-05
FengQ_2015,2801,UniRef90_A0A076IIM7,1147,0.0160324287782,9,0.9310064935064936,1.301333504724026e-05
FengQ_2015,2802,UniRef90_A0A0N7J790,1147,0.0160023108257999,9,0.9310064935064936,1.2988888657305113e-05
FengQ_2015,2803,UniRef90_A0A076ITJ7,1147,0.0159956683414,9,0.9310064935064936,1.2983497030357143e-05
FengQ_2015,2804,UniRef90_R6KLQ9,1147,0.015932454887900002,9,0.9310064935064936,1.2932187409009743e-05
FengQ_2015,2805,UniRef90_A0A396ATC5,1147,0.0159227707754,9,0.9310064935064936,1.2924326928084416e-05
FengQ_2015,2806,UniRef90_A0A076IYN8,1147,0.0159081245384,9,0.9310064935064936,1.29124387487013e-05
FengQ_2015,2807,UniRef90_I9R1F7,1147,0.015875281958,9,0.9310064935064936,1.2885780810064936e-05
FengQ_2015,2808,UniRef90_U6R9D3,1147,0.01578685782,9,0.9310064935064936,1.281400797077922e-05
FengQ_2015,2809,UniRef90_A0A076JBD8,1147,0.0157707551361999,9,0.9310064935064936,1.2800937610551866e-05
FengQ_2015,2810,UniRef90_C3RCX1,1147,0.015751754104800002,9,0.9310064935064936,1.2785514695454546e-05
FengQ_2015,2811,UniRef90_A6L3C0,1147,0.015719816722699998,9,0.9310064935064936,1.275959149569805e-05
FengQ_2015,2812,UniRef90_D4V5T3,1147,0.0157072944782999,9,0.9310064935064936,1.2749427336282386e-05
FengQ_2015,2813,UniRef90_A0A076J1G9,1147,0.0156319054809,9,0.9310064935064936,1.2688234968262986e-05
FengQ_2015,2814,UniRef90_A0A076JC04,1147,0.015627147238600002,9,0.9310064935064936,1.2684372758603897e-05
FengQ_2015,2815,UniRef90_A0A1Y3ZJY6,1147,0.015615374069000001,9,0.9310064935064936,1.2674816614448054e-05
FengQ_2015,2816,UniRef90_C3RFD1,1147,0.015548786875300001,9,0.9310064935064936,1.2620768567613638e-05
FengQ_2015,2817,UniRef90_A0A1Y3ZL52,1147,0.0155187112309,9,0.9310064935064936,1.2596356518587662e-05
FengQ_2015,2818,UniRef90_C3R9Z5,1147,0.0154996266091,9,0.9310064935064936,1.258086575413961e-05
FengQ_2015,2819,UniRef90_A6L1P6,1147,0.0154281798519,9,0.9310064935064936,1.2522873256412338e-05
FengQ_2015,2820,UniRef90_A0A076IQP9,1147,0.0154231581253,9,0.9310064935064936,1.2518797179626624e-05
FengQ_2015,2821,UniRef90_C3R9S9,1147,0.0153824662596,9,0.9310064935064936,1.2485768067857143e-05
FengQ_2015,2822,UniRef90_U6RM83,1147,0.015354594352999901,9,0.9310064935064936,1.2463144767045374e-05
FengQ_2015,2823,UniRef90_A0A0K2HDJ6,1147,0.0152159520406,9,0.9310064935064936,1.2350610422564936e-05
FengQ_2015,2824,UniRef90_A0A0P0M3X3,1147,0.0151608625018,9,0.9310064935064936,1.2305894887824675e-05
FengQ_2015,2825,UniRef90_A0A174J5J5,1147,0.015151416491999999,9,0.9310064935064936,1.2298227672077922e-05
FengQ_2015,2826,UniRef90_I8WHI1,1147,0.015148402984,9,0.9310064935064936,1.2295781642857142e-05
FengQ_2015,2827,UniRef90_I9F0V9,1147,0.0151309285937,9,0.9310064935064936,1.2281597884496753e-05
FengQ_2015,2828,UniRef90_A0A1Y4PR89,1147,0.015117953916400001,9,0.9310064935064936,1.2271066490584416e-05
FengQ_2015,2829,UniRef90_A0A0K2HE02,1147,0.0151039182888,9,0.9310064935064936,1.2259673935714286e-05
FengQ_2015,2830,UniRef90_D1K217,1147,0.015049332936,9,0.9310064935064936,1.2215367642857142e-05
FengQ_2015,2831,UniRef90_A0A0K2HKE1,1147,0.0150243010307,9,0.9310064935064936,1.2195049537905844e-05
FengQ_2015,2832,UniRef90_A6L7J9,1147,0.014871133476,9,0.9310064935064936,1.2070725224025974e-05
FengQ_2015,2833,UniRef90_A0A0K2HIG7,1147,0.0148224759884,9,0.9310064935064936,1.2031230510064936e-05
FengQ_2015,2834,UniRef90_A0A076J5Y0,1147,0.014813412859,9,0.9310064935064936,1.2023874073863635e-05
FengQ_2015,2835,UniRef90_A0A076J0L0,1147,0.014737234347799999,9,0.9310064935064936,1.1962040866720779e-05
FengQ_2015,2836,UniRef90_A0A174NTU2,1147,0.0146555877703,9,0.9310064935064936,1.1895769294074675e-05
FengQ_2015,2837,UniRef90_A0A0P0M4K2,1147,0.0146234164018,9,0.9310064935064936,1.1869656170292207e-05
FengQ_2015,2838,UniRef90_A0A076J3J8,1147,0.014619633727,9,0.9310064935064936,1.186658581737013e-05
FengQ_2015,2839,UniRef90_I9QH96,1147,0.014522221826,9,0.9310064935064936,1.1787517715909091e-05
FengQ_2015,2840,UniRef90_C3R4D9,1147,0.0144912029423,9,0.9310064935064936,1.1762340050568182e-05
FengQ_2015,2841,UniRef90_A0A076IUI7,1147,0.0144778009033,9,0.9310064935064936,1.1751461772159091e-05
FengQ_2015,2842,UniRef90_A0A076IND8,1147,0.0144734519482,9,0.9310064935064936,1.1747931776136364e-05
FengQ_2015,2843,UniRef90_A0A0P0M392,1147,0.0144572259933,9,0.9310064935064936,1.1734761358198053e-05
FengQ_2015,2844,UniRef90_A0A173RQY0,1147,0.0144255836593,9,0.9310064935064936,1.1709077645535715e-05
FengQ_2015,2845,UniRef90_D4VBS8,1147,0.0143679904671,9,0.9310064935064936,1.1662329924594156e-05
FengQ_2015,2846,UniRef90_D4V3P6,1147,0.014291530816999999,9,0.9310064935064936,1.1600268520292208e-05
FengQ_2015,2847,UniRef90_A0A076IQ71,1147,0.014212503509,9,0.9310064935064936,1.1536122978084416e-05
FengQ_2015,2848,UniRef90_I8WCZ9,1147,0.014208390964900001,9,0.9310064935064936,1.1532784874107144e-05
FengQ_2015,2849,UniRef90_A0A076IL88,1147,0.0142035473805,9,0.9310064935064936,1.1528853393262986e-05
FengQ_2015,2850,UniRef90_A6KWS3,1147,0.0141884638744,9,0.9310064935064936,1.1516610287662338e-05
FengQ_2015,2851,UniRef90_A0A174LCJ3,1147,0.014116873119000001,9,0.9310064935064936,1.1458500908279222e-05
FengQ_2015,2852,UniRef90_A6L313,1147,0.0141062755138,9,0.9310064935064936,1.1449898956006494e-05
FengQ_2015,2853,UniRef90_A6L2I1,1147,0.0140879552431,9,0.9310064935064936,1.1435028606412337e-05
FengQ_2015,2854,UniRef90_A0A0M1VZ43,1147,0.014038211545,9,0.9310064935064936,1.1394652228084416e-05
FengQ_2015,2855,UniRef90_A0A174W8K2,1147,0.0139167422845,9,0.9310064935064936,1.1296057049107143e-05
FengQ_2015,2856,UniRef90_A6L1M6,1147,0.0138617181605,9,0.9310064935064936,1.1251394610795456e-05
FengQ_2015,2857,UniRef90_U6RBZ2,1147,0.0138414724417,9,0.9310064935064936,1.1234961397483766e-05
FengQ_2015,2858,UniRef90_A0A076INL3,1147,0.0138013802657,9,0.9310064935064936,1.1202419046834417e-05
FengQ_2015,2859,UniRef90_I9Q8N6,1147,0.0137931670827,9,0.9310064935064936,1.1195752502191558e-05
FengQ_2015,2860,UniRef90_A0A396FAB6,1147,0.0137845734372,9,0.9310064935064936,1.1188777140584415e-05
FengQ_2015,2861,UniRef90_D1K1H5,1147,0.013778879888,9,0.9310064935064936,1.1184155753246755e-05
FengQ_2015,2862,UniRef90_A6L2M8,1147,0.013774886957899999,9,0.9310064935064936,1.1180914738555194e-05
FengQ_2015,2863,UniRef90_A0A076J5L2,1147,0.013773854913,9,0.9310064935064936,1.1180077039772727e-05
FengQ_2015,2864,UniRef90_D1K3G9,1147,0.0137257329605,9,0.9310064935064936,1.1141017013392857e-05
FengQ_2015,2865,UniRef90_A0A076IQT6,1147,0.01371277314,9,0.9310064935064936,1.113049767857143e-05
FengQ_2015,2866,UniRef90_A0A076IP71,1147,0.013704140842000001,9,0.9310064935064936,1.112349094318182e-05
FengQ_2015,2867,UniRef90_B6W1I5,1147,0.0136185143858,9,0.9310064935064936,1.1053988949512987e-05
FengQ_2015,2868,UniRef90_H1CB27,1147,0.0135069143289,9,0.9310064935064936,1.0963404487743506e-05
FengQ_2015,2869,UniRef90_A0A076INE6,1147,0.0134158535824,9,0.9310064935064936,1.0889491544155844e-05
FengQ_2015,2870,UniRef90_A0A076J5Q5,1147,0.013195044009,9,0.9310064935064936,1.0710262994318181e-05
FengQ_2015,2871,UniRef90_A0A0P0M3H2,1147,0.0131133185131,9,0.9310064935064936,1.0643927364529222e-05
FengQ_2015,2872,UniRef90_U6RGT5,1147,0.0130496353848,9,0.9310064935064936,1.0592236513636363e-05
FengQ_2015,2873,UniRef90_A0A2A7BB71,1147,0.0128322625557,9,0.9310064935064936,1.0415797528977273e-05
FengQ_2015,2874,UniRef90_A0A076J4J6,1147,0.012764332479099999,9,0.9310064935064936,1.036065947978896e-05
FengQ_2015,2875,UniRef90_A0A076J7X0,1147,0.0127374013126,9,0.9310064935064936,1.0338799766720779e-05
FengQ_2015,2876,UniRef90_D1JY47,1147,0.012678250568499999,9,0.9310064935064936,1.0290787799107141e-05
FengQ_2015,2877,UniRef90_A0A0K2HMH3,1147,0.012435419571,9,0.9310064935064936,1.009368471672078e-05
FengQ_2015,2878,UniRef90_A0A1Y4PS38,1147,0.0123865974587,9,0.9310064935064936,1.0054056378814935e-05
FengQ_2015,2879,UniRef90_A0A076IMT3,1147,0.0120661452609,9,0.9310064935064936,9.793949075405845e-06
FengQ_2015,2880,UniRef90_I8WNH5,1147,0.0120654328047,9,0.9310064935064936,9.793370783035715e-06
FengQ_2015,2881,UniRef90_A0A174P1L0,1147,0.0118944010252,9,0.9310064935064936,9.654546286688313e-06
FengQ_2015,2882,UniRef90_A0A174GYP3,1147,0.0116116645249,9,0.9310064935064936,9.425052374107142e-06
FengQ_2015,2883,UniRef90_D1JXS4,1147,0.0114440034294999,9,0.9310064935064936,9.288963822646022e-06
FengQ_2015,2884,UniRef90_A0A076INP5,1147,0.0110935212468,9,0.9310064935064936,9.004481531493508e-06
FengQ_2015,2885,UniRef90_A6L5D2,1147,0.0110134704462,9,0.9310064935064936,8.939505232305194e-06
FengQ_2015,2886,UniRef90_A0A0D8IXC8,1147,0.010703601284,9,0.9310064935064936,8.687988055194806e-06
FengQ_2015,2887,UniRef90_A0A3E2VXJ0,1147,0.009998129140000001,9,0.9310064935064936,8.115364561688312e-06
FengQ_2015,2888,UniRef90_A0A174HBL1,1147,0.0099304020502,9,0.9310064935064936,8.060391274512987e-06
FengQ_2015,2889,UniRef90_A0A174J8H6,1147,0.008975470289,9,0.9310064935064936,7.285284325487014e-06
FengQ_2015,2890,UniRef90_A0A0P0F2C2,1147,0.008487364876199999,9,0.9310064935064936,6.8890948670454534e-06
FengQ_2015,2891,UniRef90_A0A0J1IXH8,1147,0.0082934780837,9,0.9310064935064936,6.731719223782467e-06
FengQ_2015,2892,UniRef90_Q8A4S8,1147,0.00799841698,9,0.9310064935064936,6.492221574675325e-06
FengQ_2015,2893,UniRef90_A0A174D169,1147,0.0077371588757,9,0.9310064935064936,6.280161425081169e-06
FengQ_2015,2894,UniRef90_D4WIM8,1147,0.0068665717779,9,0.9310064935064936,5.57351605349026e-06
FengQ_2015,2895,UniRef90_A0A373IE87,1147,0.0066399019685,9,0.9310064935064936,5.3895308185876626e-06
FengQ_2015,2896,UniRef90_R6JPJ0,1147,0.0066107620531,9,0.9310064935064936,5.3658782898538965e-06
FengQ_2015,2897,UniRef90_Q8A749,1147,0.006576047869,9,0.9310064935064936,5.33770119237013e-06
FengQ_2015,2898,UniRef90_R6JDF1,1147,0.0065706497081,9,0.9310064935064936,5.333319568262987e-06
FengQ_2015,2899,UniRef90_R6JHC9,1147,0.0064846020191,9,0.9310064935064936,5.263475664853896e-06
FengQ_2015,2900,UniRef90_A0A0K6BT56,1147,0.0063839014221,9,0.9310064935064936,5.181738167288961e-06
FengQ_2015,2901,UniRef90_Q8AAP4,1147,0.0062641181371,9,0.9310064935064936,5.084511474918831e-06
FengQ_2015,2902,UniRef90_A0A016DE32,1147,0.0062050785015000005,9,0.9310064935064936,5.036589692775974e-06
FengQ_2015,2903,UniRef90_A7LZM2,1147,0.0061785542612999,9,0.9310064935064936,5.01506027702914e-06
FengQ_2015,2904,UniRef90_R6KB72,1147,0.0061401497212,9,0.9310064935064936,4.9838877607142854e-06
FengQ_2015,2905,UniRef90_Q89ZK5,1147,0.0060538719674,9,0.9310064935064936,4.913857116396104e-06
FengQ_2015,2906,UniRef90_Q8AAB8,1147,0.0059460953126,9,0.9310064935064936,4.826376065422078e-06
FengQ_2015,2907,UniRef90_A0A0P0F0M4,1147,0.0059267850043,9,0.9310064935064936,4.81070211387987e-06
FengQ_2015,2908,UniRef90_R6VF67,1147,0.0059208050992,9,0.9310064935064936,4.805848294805195e-06
FengQ_2015,2909,UniRef90_A0A139K806,1147,0.0058778491685999995,9,0.9310064935064936,4.77098146801948e-06
FengQ_2015,2910,UniRef90_R6JCH8,1147,0.0058216157368,9,0.9310064935064936,4.725337448701299e-06
FengQ_2015,2911,UniRef90_A0A0P0FMX5,1147,0.005746344433,9,0.9310064935064936,4.6642406112012984e-06
FengQ_2015,2912,UniRef90_A0A174XAE3,1147,0.005669408753,9,0.9310064935064936,4.601792818993507e-06
FengQ_2015,2913,UniRef90_D4WKY2,1147,0.0056324729885,9,0.9310064935064936,4.571812490665584e-06
FengQ_2015,2914,UniRef90_A0A174E6X3,1147,0.0052889248165,9,0.9310064935064936,4.292958454951299e-06
FengQ_2015,2915,UniRef90_Q8A9S9,1147,0.005255926614,9,0.9310064935064936,4.266174199675325e-06
FengQ_2015,2916,UniRef90_A0A174U8D5,1147,0.0051546461655,9,0.9310064935064936,4.183966043425325e-06
FengQ_2015,2917,UniRef90_Q8AA15,1147,0.0051528938442,9,0.9310064935064936,4.182543704707792e-06
FengQ_2015,2918,UniRef90_U2E905,1147,0.0050594315217999,9,0.9310064935064936,4.106681430032386e-06
FengQ_2015,2919,UniRef90_R6JLB4,1147,0.0049166159,9,0.9310064935064936,3.990759659090909e-06
FengQ_2015,2920,UniRef90_Q8AAD2,1147,0.0048217711353,9,0.9310064935064936,3.913775272159091e-06
FengQ_2015,2921,UniRef90_D7GUS1,1147,0.0048184206351,9,0.9310064935064936,3.911055710308441e-06
FengQ_2015,2922,UniRef90_R6WBX7,1147,0.0039010355203,9,0.9310064935064936,3.1664249353084413e-06
FengQ_2015,2923,UniRef90_A0A173Y9J3,1147,0.0034979077936,9,0.9310064935064936,2.8392108714285716e-06
FengQ_2015,2924,UniRef90_C5EFI0,1147,0.0030664653808,9,0.9310064935064936,2.4890141077922077e-06
FengQ_2015,2925,UniRef90_A9KJI4,1147,0.0028194163948,9,0.9310064935064936,2.2884873334415586e-06
FengQ_2015,2926,UniRef90_R7PGJ6,1147,0.0022493971025,9,0.9310064935064936,1.825809336444805e-06
FengQ_2015,2927,UniRef90_D4MRJ0,1147,0.0008860250593,9,0.9310064935064936,7.191761844967533e-07
FengQ_2015,2928,UniRef90_A0A174SGS4,1146,0.054741655478,9,0.9301948051948052,4.443316191396104e-05
FengQ_2015,2929,UniRef90_G2T525,1146,0.0387773759452,9,0.9301948051948052,3.147514281266234e-05
FengQ_2015,2930,UniRef90_K1FAD2,1146,0.0352848990572,9,0.9301948051948052,2.8640340143831172e-05
FengQ_2015,2931,UniRef90_U6RQI7,1146,0.025197736135,9,0.9301948051948052,2.0452707901785713e-05
FengQ_2015,2932,UniRef90_A0A0P0LMZ4,1146,0.0209880285768,9,0.9301948051948052,1.703573748116883e-05
FengQ_2015,2933,UniRef90_A0A174N9V0,1146,0.0206498086816,9,0.9301948051948052,1.6761208345454547e-05
FengQ_2015,2934,UniRef90_A0A0M1W6F3,1146,0.020366895503300002,9,0.9301948051948052,1.6531571025405845e-05
FengQ_2015,2935,UniRef90_I8WCF1,1146,0.0198654782686,9,0.9301948051948052,1.612457651672078e-05
FengQ_2015,2936,UniRef90_A0A076J541,1146,0.019782731828,9,0.9301948051948052,1.605741219805195e-05
FengQ_2015,2937,UniRef90_A0A0P0M689,1146,0.01976167111,9,0.9301948051948052,1.6040317459415586e-05
FengQ_2015,2938,UniRef90_A0A076J1H5,1146,0.019167973546800002,9,0.9301948051948052,1.5558420086688314e-05
FengQ_2015,2939,UniRef90_A0A076IWE5,1146,0.019066066774,9,0.9301948051948052,1.5475703550324675e-05
FengQ_2015,2940,UniRef90_A0A076IJZ0,1146,0.01887180115,9,0.9301948051948052,1.5318020413961037e-05
FengQ_2015,2941,UniRef90_A0A174ME99,1146,0.018605301289,9,0.9301948051948052,1.5101705591720778e-05
FengQ_2015,2942,UniRef90_A0A0K2HH56,1146,0.018568516575200002,9,0.9301948051948052,1.5071847869480522e-05
FengQ_2015,2943,UniRef90_A0A076IHG6,1146,0.018499999260500003,9,0.9301948051948052,1.5016233165990262e-05
FengQ_2015,2944,UniRef90_A0A076IMR9,1146,0.0182966921706,9,0.9301948051948052,1.4851211177435064e-05
FengQ_2015,2945,UniRef90_U6RB05,1146,0.0179328069809,9,0.9301948051948052,1.455584982215909e-05
FengQ_2015,2946,UniRef90_A0A076J0D7,1146,0.017781620089,9,0.9301948051948052,1.4433133189123376e-05
FengQ_2015,2947,UniRef90_A0A3E4KCP7,1146,0.0177167582469999,9,0.9301948051948052,1.438048559009732e-05
FengQ_2015,2948,UniRef90_A0A174NEN4,1146,0.017575862563,9,0.9301948051948052,1.4266122210227271e-05
FengQ_2015,2949,UniRef90_A0A0P0LCH8,1146,0.0174535155974,9,0.9301948051948052,1.4166814608279221e-05
FengQ_2015,2950,UniRef90_A6L1J0,1146,0.0174524193219,9,0.9301948051948052,1.416592477426948e-05
FengQ_2015,2951,UniRef90_A0A396F0S3,1146,0.0173821262524,9,0.9301948051948052,1.4108868711363638e-05
FengQ_2015,2952,UniRef90_U6RE60,1146,0.0172935791024,9,0.9301948051948052,1.4036996024675325e-05
FengQ_2015,2953,UniRef90_A0A076IQP1,1146,0.017292246983,9,0.9301948051948052,1.4035914758928572e-05
FengQ_2015,2954,UniRef90_A0A076IZG2,1146,0.0172171480557,9,0.9301948051948052,1.3974957837418832e-05
FengQ_2015,2955,UniRef90_A0A0K2HH52,1146,0.0172120001419999,9,0.9301948051948052,1.397077933603888e-05
FengQ_2015,2956,UniRef90_A0A076J770,1146,0.017177239601999898,9,0.9301948051948052,1.3942564612012905e-05
FengQ_2015,2957,UniRef90_A0A0N7J6V2,1146,0.0171421017329,9,0.9301948051948052,1.3914043614366883e-05
FengQ_2015,2958,UniRef90_A0A076IX63,1146,0.0170926708643,9,0.9301948051948052,1.3873921156087662e-05
FengQ_2015,2959,UniRef90_A0A0K2HFV0,1146,0.017074619555,9,0.9301948051948052,1.3859269119318182e-05
FengQ_2015,2960,UniRef90_A0A076J5U1,1146,0.0170383416132,9,0.9301948051948052,1.3829822737987013e-05
FengQ_2015,2961,UniRef90_A0A0P0M668,1146,0.016782335100099903,9,0.9301948051948052,1.3622025243587583e-05
FengQ_2015,2962,UniRef90_A0A076IMQ8,1146,0.01674513088,9,0.9301948051948052,1.3591827012987014e-05
FengQ_2015,2963,UniRef90_A0A1Y4PG73,1146,0.0166973640079,9,0.9301948051948052,1.3553055201217533e-05
FengQ_2015,2964,UniRef90_A0A0P0M5G4,1146,0.0166766022425,9,0.9301948051948052,1.3536203118912339e-05
FengQ_2015,2965,UniRef90_A6L1U8,1146,0.0166502874779999,9,0.9301948051948052,1.3514843732142776e-05
FengQ_2015,2966,UniRef90_R7P1E3,1146,0.0166463835876,9,0.9301948051948052,1.3511674989935065e-05
FengQ_2015,2967,UniRef90_A0A0P0M6J9,1146,0.016425213595899997,9,0.9301948051948052,1.3332153892775971e-05
FengQ_2015,2968,UniRef90_A0A1Y4PC68,1146,0.0163961012434,9,0.9301948051948052,1.3308523736525976e-05
FengQ_2015,2969,UniRef90_A0A076ISP7,1146,0.0163561244724,9,0.9301948051948052,1.3276075058766234e-05
FengQ_2015,2970,UniRef90_A0A0M1W8D4,1146,0.0163336616095,9,0.9301948051948052,1.3257842215503246e-05
FengQ_2015,2971,UniRef90_I9R4C5,1146,0.0162895776859,9,0.9301948051948052,1.3222059809983766e-05
FengQ_2015,2972,UniRef90_D4VAI3,1146,0.016285965544,9,0.9301948051948052,1.3219127876623377e-05
FengQ_2015,2973,UniRef90_A0A0K2HFM8,1146,0.016232044579000002,9,0.9301948051948052,1.3175360859577923e-05
FengQ_2015,2974,UniRef90_A0A0N7J791,1146,0.0161941705736,9,0.9301948051948052,1.3144618972077923e-05
FengQ_2015,2975,UniRef90_A0A380ZGG4,1146,0.0161633966303,9,0.9301948051948052,1.3119640121996753e-05
FengQ_2015,2976,UniRef90_A0A0P0LPT7,1146,0.0161591293572,9,0.9301948051948052,1.3116176426298702e-05
FengQ_2015,2977,UniRef90_A6L2J9,1146,0.0161497567469999,9,0.9301948051948052,1.310856878814927e-05
FengQ_2015,2978,UniRef90_C3RC30,1146,0.0161210534946,9,0.9301948051948052,1.3085270693668831e-05
FengQ_2015,2979,UniRef90_A0A076ILK4,1146,0.0161009748939,9,0.9301948051948052,1.3068973128165584e-05
FengQ_2015,2980,UniRef90_A6L7M5,1146,0.0160683898193999,9,0.9301948051948052,1.3042524204058362e-05
FengQ_2015,2981,UniRef90_U6RCK6,1146,0.016060267207,9,0.9301948051948052,1.3035931174512987e-05
FengQ_2015,2982,UniRef90_A0A0K2HET7,1146,0.0160424089651,9,0.9301948051948052,1.3021435848295456e-05
FengQ_2015,2983,UniRef90_A0A076IK62,1146,0.015945453804700003,9,0.9301948051948052,1.2942738477840911e-05
FengQ_2015,2984,UniRef90_A0A076J0P2,1146,0.015939299262899997,9,0.9301948051948052,1.293774290819805e-05
FengQ_2015,2985,UniRef90_A0A076IWI5,1146,0.015929096073699998,9,0.9301948051948052,1.2929461098782465e-05
FengQ_2015,2986,UniRef90_A0A076IUD8,1146,0.0157573074461,9,0.9301948051948052,1.279002227767857e-05
FengQ_2015,2987,UniRef90_A0A0P0M5V5,1146,0.015750628859,9,0.9301948051948052,1.2784601346590909e-05
FengQ_2015,2988,UniRef90_A6KYN3,1146,0.015742107683100002,9,0.9301948051948052,1.2777684807711041e-05
FengQ_2015,2989,UniRef90_A6L2V6,1146,0.0157400325326,9,0.9301948051948052,1.2776000432305195e-05
FengQ_2015,2990,UniRef90_A0A076J3A1,1146,0.0157150392786,9,0.9301948051948052,1.2755713700162338e-05
FengQ_2015,2991,UniRef90_A0A174P3J6,1146,0.0157113292417999,9,0.9301948051948052,1.2752702306655762e-05
FengQ_2015,2992,UniRef90_A0A076J0B4,1146,0.0156940160119,9,0.9301948051948052,1.2738649360308442e-05
FengQ_2015,2993,UniRef90_A0A076J490,1146,0.0156919519738,9,0.9301948051948052,1.2736974004707793e-05
FengQ_2015,2994,UniRef90_A6KX96,1146,0.0156303090156,9,0.9301948051948052,1.268693913603896e-05
FengQ_2015,2995,UniRef90_A6KX92,1146,0.015469943904,9,0.9301948051948052,1.255677264935065e-05
FengQ_2015,2996,UniRef90_A0A076IZR6,1146,0.0154234996008,9,0.9301948051948052,1.2519074351298701e-05
FengQ_2015,2997,UniRef90_D1JZJ4,1146,0.015415346594,9,0.9301948051948052,1.2512456650974026e-05
FengQ_2015,2998,UniRef90_A0A076INQ7,1146,0.0154133954214,9,0.9301948051948052,1.2510872906980519e-05
FengQ_2015,2999,UniRef90_A0A1Y3ZE18,1146,0.0154015291202,9,0.9301948051948052,1.2501241168993507e-05
FengQ_2015,3000,UniRef90_A0A076J0X1,1146,0.0153752247148,9,0.9301948051948052,1.2479890190584415e-05
FengQ_2015,3001,UniRef90_A0A0M1W8W3,1146,0.0153711002006,9,0.9301948051948052,1.2476542370616884e-05
FengQ_2015,3002,UniRef90_A0A396F791,1146,0.0153650158631,9,0.9301948051948052,1.2471603784983766e-05
FengQ_2015,3003,UniRef90_I8ZBR2,1146,0.0153368264564,9,0.9301948051948052,1.2448722773051948e-05
FengQ_2015,3004,UniRef90_A0A0P0M0U6,1146,0.015323192776,9,0.9301948051948052,1.2437656474025974e-05
FengQ_2015,3005,UniRef90_A0A076IWR4,1146,0.0152644980982,9,0.9301948051948052,1.2390014690097402e-05
FengQ_2015,3006,UniRef90_D1K6M2,1146,0.0152242621471,9,0.9301948051948052,1.2357355638879869e-05
FengQ_2015,3007,UniRef90_A0A076J422,1146,0.015187376087699999,9,0.9301948051948052,1.232741565560065e-05
FengQ_2015,3008,UniRef90_I8VKZ2,1146,0.0151342968415,9,0.9301948051948052,1.2284331851866883e-05
FengQ_2015,3009,UniRef90_A0A076IS96,1146,0.01508679603,9,0.9301948051948052,1.2245775998376624e-05
FengQ_2015,3010,UniRef90_A0A0P0M1N4,1146,0.0150737169189999,9,0.9301948051948052,1.2235159836850568e-05
FengQ_2015,3011,UniRef90_A0A076IZ80,1146,0.0150317426027,9,0.9301948051948052,1.2201089774918831e-05
FengQ_2015,3012,UniRef90_A6KXH3,1146,0.0149669671032,9,0.9301948051948052,1.2148512259090909e-05
FengQ_2015,3013,UniRef90_A0A0K2HIG2,1146,0.014951568412,9,0.9301948051948052,1.2136013321428572e-05
FengQ_2015,3014,UniRef90_R6KF85,1146,0.0148871471219999,9,0.9301948051948052,1.2083723313311608e-05
FengQ_2015,3015,UniRef90_A0A0M1VZR4,1146,0.0147815733287,9,0.9301948051948052,1.1998030299269481e-05
FengQ_2015,3016,UniRef90_A0A076IXF0,1146,0.0147093654922,9,0.9301948051948052,1.1939420042370129e-05
FengQ_2015,3017,UniRef90_A0A076INX8,1146,0.014688973489,9,0.9301948051948052,1.192286809172078e-05
FengQ_2015,3018,UniRef90_A0A1Y3ZPT6,1146,0.014662953639500001,9,0.9301948051948052,1.190174808400974e-05
FengQ_2015,3019,UniRef90_U3KUV1,1146,0.014583812950999999,9,0.9301948051948052,1.1837510512175325e-05
FengQ_2015,3020,UniRef90_A0A0P0M5A3,1146,0.0145616396007999,9,0.9301948051948052,1.1819512662986932e-05
FengQ_2015,3021,UniRef90_B6VVH6,1146,0.0145583837016,9,0.9301948051948052,1.1816869887662337e-05
FengQ_2015,3022,UniRef90_A0A076J793,1146,0.0144251862881,9,0.9301948051948052,1.1708755103977273e-05
FengQ_2015,3023,UniRef90_F3PWG3,1146,0.0143751416566,9,0.9301948051948052,1.1668134461525973e-05
FengQ_2015,3024,UniRef90_A0A0M1W022,1146,0.014371149736999999,9,0.9301948051948052,1.1664894267045454e-05
FengQ_2015,3025,UniRef90_C3RED9,1146,0.0143667982435,9,0.9301948051948052,1.1661362210633117e-05
FengQ_2015,3026,UniRef90_A0A076IX80,1146,0.014339159436600002,9,0.9301948051948052,1.1638928114123378e-05
FengQ_2015,3027,UniRef90_A0A078R7V5,1146,0.0143084857371,9,0.9301948051948052,1.1614030630762987e-05
FengQ_2015,3028,UniRef90_D1K623,1146,0.014279901581900002,9,0.9301948051948052,1.1590829206087663e-05
FengQ_2015,3029,UniRef90_A0A0K2HDD4,1146,0.0142128013963,9,0.9301948051948052,1.1536364769724027e-05
FengQ_2015,3030,UniRef90_A0A0P0M2S1,1146,0.0140898282015,9,0.9301948051948052,1.1436548864853896e-05
FengQ_2015,3031,UniRef90_A0A076J710,1146,0.013910406031000001,9,0.9301948051948052,1.12909139862013e-05
FengQ_2015,3032,UniRef90_A0A076INR1,1146,0.013770705556,9,0.9301948051948052,1.1177520743506494e-05
FengQ_2015,3033,UniRef90_A0A076IN03,1146,0.0137705951327,9,0.9301948051948052,1.1177431114204547e-05
FengQ_2015,3034,UniRef90_A0A396ALF5,1146,0.0136053556325,9,0.9301948051948052,1.1043308143262987e-05
FengQ_2015,3035,UniRef90_A0A2A6ZAV3,1146,0.0135838866271,9,0.9301948051948052,1.1025882002516235e-05
FengQ_2015,3036,UniRef90_A0A3E5H4U5,1146,0.0135705670515,9,0.9301948051948052,1.1015070658685065e-05
FengQ_2015,3037,UniRef90_A6L5G7,1146,0.0135250669032,9,0.9301948051948052,1.097813872012987e-05
FengQ_2015,3038,UniRef90_A6L4P0,1146,0.0134425871265,9,0.9301948051948052,1.0911190849431818e-05
FengQ_2015,3039,UniRef90_A0A0K2HDL7,1146,0.013442272745,9,0.9301948051948052,1.0910935669642857e-05
FengQ_2015,3040,UniRef90_A0A076IUA3,1146,0.013438479005700001,9,0.9301948051948052,1.0907856335795455e-05
FengQ_2015,3041,UniRef90_C3R516,1146,0.013334243991500001,9,0.9301948051948052,1.082324999310065e-05
FengQ_2015,3042,UniRef90_A0A0P0M4G2,1146,0.013317355621,9,0.9301948051948052,1.0809541900162338e-05
FengQ_2015,3043,UniRef90_U6RJB2,1146,0.0132160040093,9,0.9301948051948052,1.0727275981574676e-05
FengQ_2015,3044,UniRef90_A6L3H3,1146,0.0131313909173,9,0.9301948051948052,1.0658596523782468e-05
FengQ_2015,3045,UniRef90_A6KWB9,1146,0.0131305874632,9,0.9301948051948052,1.0657944369480519e-05
FengQ_2015,3046,UniRef90_A0A174XDM2,1146,0.013019166998,9,0.9301948051948052,1.0567505680194806e-05
FengQ_2015,3047,UniRef90_D4V6U7,1146,0.0128510813327,9,0.9301948051948052,1.043107251030844e-05
FengQ_2015,3048,UniRef90_A0A076IPA6,1146,0.012848323052599999,9,0.9301948051948052,1.0428833646590909e-05
FengQ_2015,3049,UniRef90_A0A076INX0,1146,0.012621849481,9,0.9301948051948052,1.0245007695616882e-05
FengQ_2015,3050,UniRef90_B6VU21,1146,0.012600648344,9,0.9301948051948052,1.022779898051948e-05
FengQ_2015,3051,UniRef90_I8WRV6,1146,0.012522196237,9,0.9301948051948052,1.016412032224026e-05
FengQ_2015,3052,UniRef90_A0A076JA10,1146,0.012432603563299999,9,0.9301948051948052,1.0091398996185064e-05
FengQ_2015,3053,UniRef90_A0A174DBD0,1146,0.0121312073,9,0.9301948051948052,9.846759172077923e-06
FengQ_2015,3054,UniRef90_D4LFQ4,1146,0.0118536365015,9,0.9301948051948052,9.62145819926948e-06
FengQ_2015,3055,UniRef90_B6VSB1,1146,0.0116457260796,9,0.9301948051948052,9.452699739935066e-06
FengQ_2015,3056,UniRef90_C3R4D7,1146,0.0115262498508,9,0.9301948051948052,9.355722281493507e-06
FengQ_2015,3057,UniRef90_A0A076J404,1146,0.01146607494,9,0.9301948051948052,9.306879009740259e-06
FengQ_2015,3058,UniRef90_D4L465,1146,0.011312228909,9,0.9301948051948052,9.182003984577923e-06
FengQ_2015,3059,UniRef90_A8RVR6,1146,0.0111799246332,9,0.9301948051948052,9.074614150324675e-06
FengQ_2015,3060,UniRef90_R6NI67,1146,0.011092956717999999,9,0.9301948051948052,9.004023310064935e-06
FengQ_2015,3061,UniRef90_C0BDJ2,1146,0.010940128068,9,0.9301948051948052,8.879974081168831e-06
FengQ_2015,3062,UniRef90_D4VDD7,1146,0.0108779496311,9,0.9301948051948052,8.829504570698052e-06
FengQ_2015,3063,UniRef90_D1K8S2,1146,0.0106463139401,9,0.9301948051948052,8.641488587743506e-06
FengQ_2015,3064,UniRef90_C9L7J4,1146,0.010275358459300001,9,0.9301948051948052,8.340388359821428e-06
FengQ_2015,3065,UniRef90_A0A0K2HDS4,1146,0.010266499765,9,0.9301948051948052,8.333197861201298e-06
FengQ_2015,3066,UniRef90_A0A395V8D4,1146,0.0102108379621,9,0.9301948051948052,8.28801782637987e-06
FengQ_2015,3067,UniRef90_A0A395WMA6,1146,0.010062723162100001,9,0.9301948051948052,8.167794774431819e-06
FengQ_2015,3068,UniRef90_A0A069S4Z5,1146,0.009796097637,9,0.9301948051948052,7.95137795211039e-06
FengQ_2015,3069,UniRef90_A0A174UTQ0,1146,0.0094362057747,9,0.9301948051948052,7.65925793400974e-06
FengQ_2015,3070,UniRef90_A0A3E4V165,1146,0.0089707009908,9,0.9301948051948052,7.281413141883116e-06
FengQ_2015,3071,UniRef90_A0A3F3DV56,1146,0.0088219012431,9,0.9301948051948052,7.160634125892857e-06
FengQ_2015,3072,UniRef90_B0MGK2,1146,0.008597648507999999,9,0.9301948051948052,6.978610801948051e-06
FengQ_2015,3073,UniRef90_A0A3E2B0H7,1146,0.008537003798,9,0.9301948051948052,6.9293861996753255e-06
FengQ_2015,3074,UniRef90_A0A3E2U0M3,1146,0.0081263697239,9,0.9301948051948052,6.596079321347403e-06
FengQ_2015,3075,UniRef90_A0A396G099,1146,0.007507223674599901,9,0.9301948051948052,6.093525709902516e-06
FengQ_2015,3076,UniRef90_A0A0N7IA61,1146,0.006486724256,9,0.9301948051948052,5.26519825974026e-06
FengQ_2015,3077,UniRef90_A0A139KTK1,1146,0.0062998059250000005,9,0.9301948051948052,5.113478835227273e-06
FengQ_2015,3078,UniRef90_R7KG98,1146,0.0058942626276000006,9,0.9301948051948052,4.784304080844156e-06
FengQ_2015,3079,UniRef90_R6RV23,1146,0.0058338769101,9,0.9301948051948052,4.735289699756493e-06
FengQ_2015,3080,UniRef90_Q8G9D9,1146,0.0057757717583,9,0.9301948051948052,4.6881264271915585e-06
FengQ_2015,3081,UniRef90_D4WCV0,1146,0.0057499311369,9,0.9301948051948052,4.6671518968344155e-06
FengQ_2015,3082,UniRef90_A0A395W259,1146,0.0056892670897000005,9,0.9301948051948052,4.617911598782468e-06
FengQ_2015,3083,UniRef90_A0A1G8KJS7,1146,0.0056595240754,9,0.9301948051948052,4.593769541720779e-06
FengQ_2015,3084,UniRef90_A0A0P0FFB4,1146,0.0053641803145,9,0.9301948051948052,4.3540424630681825e-06
FengQ_2015,3085,UniRef90_Q8A9C1,1146,0.0051756577297,9,0.9301948051948052,4.2010208844967535e-06
FengQ_2015,3086,UniRef90_A0A134CL11,1146,0.0044959693641,9,0.9301948051948052,3.6493257825487012e-06
FengQ_2015,3087,UniRef90_A5KQA4,1146,0.0040846115244,9,0.9301948051948052,3.3154314321428573e-06
FengQ_2015,3088,UniRef90_C6LJ77,1146,0.004012350716,9,0.9301948051948052,3.256778178571429e-06
FengQ_2015,3089,UniRef90_A0A0F0C824,1146,0.0022632666218,9,0.9301948051948052,1.8370670631493506e-06
FengQ_2015,3090,UniRef90_UPI000931CA6F,1146,0.0019693457922,9,0.9301948051948052,1.5984949612012987e-06
FengQ_2015,3091,UniRef90_A7AE91,1145,0.052430425243,9,0.9293831168831169,4.2557163346590905e-05
FengQ_2015,3092,UniRef90_D4IJC6,1145,0.0343951651195,9,0.9293831168831169,2.7918153506087662e-05
FengQ_2015,3093,UniRef90_D1K2U9,1145,0.02550386977,9,0.9293831168831169,2.070119299512987e-05
FengQ_2015,3094,UniRef90_R7NWF7,1145,0.0240962828522,9,0.9293831168831169,1.9558671146266236e-05
FengQ_2015,3095,UniRef90_A0A0M1W8Y4,1145,0.0240956637076,9,0.9293831168831169,1.9558168593831168e-05
FengQ_2015,3096,UniRef90_A0A140JXE2,1145,0.021974534118600002,9,0.9293831168831169,1.7836472498863637e-05
FengQ_2015,3097,UniRef90_U6REJ0,1145,0.021623366169,9,0.9293831168831169,1.7551433578733767e-05
FengQ_2015,3098,UniRef90_A0A076IUE9,1145,0.0213141477601,9,0.9293831168831169,1.730044461047078e-05
FengQ_2015,3099,UniRef90_B5CXN6,1145,0.0207891654616,9,0.9293831168831169,1.6874322614935063e-05
FengQ_2015,3100,UniRef90_A6L005,1145,0.020736596134,9,0.9293831168831169,1.6831652706168833e-05
FengQ_2015,3101,UniRef90_A0A076J0A3,1145,0.020675553445,9,0.9293831168831169,1.6782105068993507e-05
FengQ_2015,3102,UniRef90_D4VAF8,1145,0.020357442319900002,9,0.9293831168831169,1.652389798693182e-05
FengQ_2015,3103,UniRef90_A0A076IJK7,1145,0.020345153614,9,0.9293831168831169,1.6513923387987013e-05
FengQ_2015,3104,UniRef90_A0A076J199,1145,0.0202619602652,9,0.9293831168831169,1.6446396319155843e-05
FengQ_2015,3105,UniRef90_D4VAJ8,1145,0.019899845359,9,0.9293831168831169,1.6152471882305194e-05
FengQ_2015,3106,UniRef90_A0A076IZB5,1145,0.019317663048,9,0.9293831168831169,1.5679921305194803e-05
FengQ_2015,3107,UniRef90_D4VAB7,1145,0.018636052713,9,0.9293831168831169,1.512666616314935e-05
FengQ_2015,3108,UniRef90_A0A076IYJ2,1145,0.018570891366,9,0.9293831168831169,1.5073775459415584e-05
FengQ_2015,3109,UniRef90_A0A076J3D4,1145,0.0185241601237,9,0.9293831168831169,1.5035844256249999e-05
FengQ_2015,3110,UniRef90_A6L046,1145,0.018453162374,9,0.9293831168831169,1.4978216212662338e-05
FengQ_2015,3111,UniRef90_A0A0M1VZJ5,1145,0.0184085100305,9,0.9293831168831169,1.4941972427353897e-05
FengQ_2015,3112,UniRef90_B6VXN1,1145,0.0183787196805,9,0.9293831168831169,1.491779194845779e-05
FengQ_2015,3113,UniRef90_A0A0P0M153,1145,0.018237701539800002,9,0.9293831168831169,1.4803329171915586e-05
FengQ_2015,3114,UniRef90_A0A0P0LLI9,1145,0.0181867461767,9,0.9293831168831169,1.476196929926948e-05
FengQ_2015,3115,UniRef90_D4VC11,1145,0.0180001056712,9,0.9293831168831169,1.4610475382467533e-05
FengQ_2015,3116,UniRef90_D1JYH4,1145,0.01795771949,9,0.9293831168831169,1.457607101461039e-05
FengQ_2015,3117,UniRef90_D4V569,1145,0.0178077802483,9,0.9293831168831169,1.4454367084659091e-05
FengQ_2015,3118,UniRef90_A6KZT2,1145,0.0177841916552999,9,0.9293831168831169,1.4435220499431735e-05
FengQ_2015,3119,UniRef90_I9FTZ4,1145,0.0173810107472,9,0.9293831168831169,1.4107963268831168e-05
FengQ_2015,3120,UniRef90_A0A174L9Z9,1145,0.017362895780000002,9,0.9293831168831169,1.4093259561688314e-05
FengQ_2015,3121,UniRef90_D1K3M3,1145,0.017199581875999903,9,0.9293831168831169,1.3960699574675247e-05
FengQ_2015,3122,UniRef90_A0A0K2HHK6,1145,0.017178264254,9,0.9293831168831169,1.3943396310064935e-05
FengQ_2015,3123,UniRef90_A0A3E4JP05,1145,0.017099589422,9,0.9293831168831169,1.3879536868506493e-05
FengQ_2015,3124,UniRef90_A0A076J5W2,1145,0.0170045044555,9,0.9293831168831169,1.3802357512581167e-05
FengQ_2015,3125,UniRef90_A6L0S5,1145,0.016932888725,9,0.9293831168831169,1.37442278612013e-05
FengQ_2015,3126,UniRef90_A0A3E4JUF7,1145,0.0167979754677,9,0.9293831168831169,1.3634720347159091e-05
FengQ_2015,3127,UniRef90_A7V4H6,1145,0.0167541707114,9,0.9293831168831169,1.3599164538474027e-05
FengQ_2015,3128,UniRef90_A0A076J005,1145,0.0166802537277,9,0.9293831168831169,1.3539166986769481e-05
FengQ_2015,3129,UniRef90_C3R9T7,1145,0.016667376625,9,0.9293831168831169,1.352871479301948e-05
FengQ_2015,3130,UniRef90_A0A076ILN2,1145,0.016647994761999997,9,0.9293831168831169,1.3512982761363633e-05
FengQ_2015,3131,UniRef90_C3RE95,1145,0.016611698095,9,0.9293831168831169,1.3483521181006492e-05
FengQ_2015,3132,UniRef90_A0A3E5HCD5,1145,0.0165579256808,9,0.9293831168831169,1.3439874740909091e-05
FengQ_2015,3133,UniRef90_A0A076J094,1145,0.016480450591,9,0.9293831168831169,1.3376989116071428e-05
FengQ_2015,3134,UniRef90_A0A076J2P1,1145,0.01645119942,9,0.9293831168831169,1.3353246282467533e-05
FengQ_2015,3135,UniRef90_A0A396F1C0,1145,0.0164467284567,9,0.9293831168831169,1.3349617253814937e-05
FengQ_2015,3136,UniRef90_A0A076J147,1145,0.0164266558375,9,0.9293831168831169,1.3333324543425326e-05
FengQ_2015,3137,UniRef90_A6L1K4,1145,0.0164039627266,9,0.9293831168831169,1.3314904810551947e-05
FengQ_2015,3138,UniRef90_A0A0K2HGQ5,1145,0.016395222656299998,9,0.9293831168831169,1.3307810597646102e-05
FengQ_2015,3139,UniRef90_A0A0M1W6U2,1145,0.016341320382,9,0.9293831168831169,1.3264058751623377e-05
FengQ_2015,3140,UniRef90_A0A076IW64,1145,0.016310475026000002,9,0.9293831168831169,1.3239021936688314e-05
FengQ_2015,3141,UniRef90_D1K2J1,1145,0.0162572757011,9,0.9293831168831169,1.3195840666477272e-05
FengQ_2015,3142,UniRef90_A0A0M1W7B1,1145,0.016246102702599997,9,0.9293831168831169,1.318677167418831e-05
FengQ_2015,3143,UniRef90_A6KXB3,1145,0.0162343255745,9,0.9293831168831169,1.3177212316964287e-05
FengQ_2015,3144,UniRef90_A0A076IZZ3,1145,0.016204487589,9,0.9293831168831169,1.3152993172889611e-05
FengQ_2015,3145,UniRef90_D4V697,1145,0.0161869846921999,9,0.9293831168831169,1.3138786276136282e-05
FengQ_2015,3146,UniRef90_A0A0P0M5P7,1145,0.0161650429826,9,0.9293831168831169,1.3120976446915584e-05
FengQ_2015,3147,UniRef90_A0A076J0P3,1145,0.0161607002,9,0.9293831168831169,1.3117451461038961e-05
FengQ_2015,3148,UniRef90_A6L030,1145,0.016160166003,9,0.9293831168831169,1.3117017859577922e-05
FengQ_2015,3149,UniRef90_A0A076ISS9,1145,0.0161274682177,9,0.9293831168831169,1.3090477449431818e-05
FengQ_2015,3150,UniRef90_A0A397WKW9,1145,0.0160467932,9,0.9293831168831169,1.302499448051948e-05
FengQ_2015,3151,UniRef90_A0A076IRY5,1145,0.0160401544471999,9,0.9293831168831169,1.3019605882467451e-05
FengQ_2015,3152,UniRef90_C3RAF2,1145,0.015996413751,9,0.9293831168831169,1.2984102070616883e-05
FengQ_2015,3153,UniRef90_U6RNF0,1145,0.015976078386,9,0.9293831168831169,1.2967596092532468e-05
FengQ_2015,3154,UniRef90_A6KXB4,1145,0.015949546992,9,0.9293831168831169,1.294606087012987e-05
FengQ_2015,3155,UniRef90_A0A1Y4PN26,1145,0.015892748162,9,0.9293831168831169,1.2899957923701297e-05
FengQ_2015,3156,UniRef90_A0A174G281,1145,0.015862621297,9,0.9293831168831169,1.2875504299512988e-05
FengQ_2015,3157,UniRef90_A0A076J1L6,1145,0.0158495849597,9,0.9293831168831169,1.2864922856899351e-05
FengQ_2015,3158,UniRef90_I8VUT9,1145,0.0158010552855,9,0.9293831168831169,1.282553188758117e-05
FengQ_2015,3159,UniRef90_A0A076IV27,1145,0.0157853622913,9,0.9293831168831169,1.2812794067613635e-05
FengQ_2015,3160,UniRef90_A0A0K2HIZ8,1145,0.015688515758,9,0.9293831168831169,1.2734184868506493e-05
FengQ_2015,3161,UniRef90_A0A1Q6JDM7,1145,0.0156680493159,9,0.9293831168831169,1.2717572496672078e-05
FengQ_2015,3162,UniRef90_U6REW2,1145,0.0155986277629,9,0.9293831168831169,1.2661223833522727e-05
FengQ_2015,3163,UniRef90_C3RGN1,1145,0.015588012308,9,0.9293831168831169,1.2652607392857143e-05
FengQ_2015,3164,UniRef90_D1K7E8,1145,0.015578517524,9,0.9293831168831169,1.2644900587662338e-05
FengQ_2015,3165,UniRef90_A0A076IYL7,1145,0.015492565214,9,0.9293831168831169,1.2575134102272727e-05
FengQ_2015,3166,UniRef90_A8SFP0,1145,0.0154788773570999,9,0.9293831168831169,1.2564023828814854e-05
FengQ_2015,3167,UniRef90_A6KXH6,1145,0.0152948484138,9,0.9293831168831169,1.2414649686525974e-05
FengQ_2015,3168,UniRef90_A0A0P0L8B7,1145,0.0152294059048,9,0.9293831168831169,1.2361530766883118e-05
FengQ_2015,3169,UniRef90_D1K3C3,1145,0.0152169271894999,9,0.9293831168831169,1.235140193952914e-05
FengQ_2015,3170,UniRef90_I9QDW0,1145,0.015201511286099999,9,0.9293831168831169,1.2338889030925323e-05
FengQ_2015,3171,UniRef90_A0A0P0M0N3,1145,0.0151887491438,9,0.9293831168831169,1.232853014918831e-05
FengQ_2015,3172,UniRef90_A0A396BD07,1145,0.0151421375073,9,0.9293831168831169,1.2290696028652599e-05
FengQ_2015,3173,UniRef90_A0A0M1W9N1,1145,0.015075273648000001,9,0.9293831168831169,1.2236423415584417e-05
FengQ_2015,3174,UniRef90_A0A1Q6JIG9,1145,0.0150620716353,9,0.9293831168831169,1.2225707496185065e-05
FengQ_2015,3175,UniRef90_C3RAC5,1145,0.0150598363177,9,0.9293831168831169,1.2223893115016233e-05
FengQ_2015,3176,UniRef90_A0A0P0M3C9,1145,0.014955885871,9,0.9293831168831169,1.2139517752435065e-05
FengQ_2015,3177,UniRef90_A0A174NN75,1145,0.014922209270800001,9,0.9293831168831169,1.2112182849675326e-05
FengQ_2015,3178,UniRef90_B6W235,1145,0.0149072083039,9,0.9293831168831169,1.2100006740178571e-05
FengQ_2015,3179,UniRef90_A0A174WM95,1145,0.014903829197,9,0.9293831168831169,1.2097263958603896e-05
FengQ_2015,3180,UniRef90_A0A380ZKV5,1145,0.0149014260041,9,0.9293831168831169,1.2095313315016234e-05
FengQ_2015,3181,UniRef90_D1K210,1145,0.014875770526,9,0.9293831168831169,1.2074489063311689e-05
FengQ_2015,3182,UniRef90_A0A076J1P1,1145,0.0148586502087,9,0.9293831168831169,1.2060592701866883e-05
FengQ_2015,3183,UniRef90_U6RES5,1145,0.014858180594900001,9,0.9293831168831169,1.2060211521834417e-05
FengQ_2015,3184,UniRef90_A0A0P0M4S5,1145,0.014827353267899999,9,0.9293831168831169,1.203518934082792e-05
FengQ_2015,3185,UniRef90_A0A076IUW0,1145,0.0148051899788,9,0.9293831168831169,1.2017199658116883e-05
FengQ_2015,3186,UniRef90_A0A0N7J7Z4,1145,0.014792872457900001,9,0.9293831168831169,1.2007201670373378e-05
FengQ_2015,3187,UniRef90_A0A076IY28,1145,0.0147577920999,9,0.9293831168831169,1.1978727353814935e-05
FengQ_2015,3188,UniRef90_D4V4U7,1145,0.014734452428999999,9,0.9293831168831169,1.1959782815746753e-05
FengQ_2015,3189,UniRef90_A0A174KD57,1145,0.0147269257112,9,0.9293831168831169,1.1953673466883117e-05
FengQ_2015,3190,UniRef90_D4V935,1145,0.0146674772213,9,0.9293831168831169,1.1905419822483767e-05
FengQ_2015,3191,UniRef90_A6KZ74,1145,0.0146423822625,9,0.9293831168831169,1.1885050537743506e-05
FengQ_2015,3192,UniRef90_A0A076J1I2,1145,0.014578276383000001,9,0.9293831168831169,1.1833016544642858e-05
FengQ_2015,3193,UniRef90_A0A0K2HKR8,1145,0.014532426337999999,9,0.9293831168831169,1.1795800599025973e-05
FengQ_2015,3194,UniRef90_A0A0P0LBB2,1145,0.0145234467642,9,0.9293831168831169,1.1788511983928572e-05
FengQ_2015,3195,UniRef90_A0A076IJZ7,1145,0.0145182084716,9,0.9293831168831169,1.1784260123051948e-05
FengQ_2015,3196,UniRef90_A0A076IV00,1145,0.0145148627401,9,0.9293831168831169,1.1781544431899351e-05
FengQ_2015,3197,UniRef90_A6KWC4,1145,0.0144628687759,9,0.9293831168831169,1.173934153887987e-05
FengQ_2015,3198,UniRef90_A0A076IYX7,1145,0.014305821401900001,9,0.9293831168831169,1.1611868021022728e-05
FengQ_2015,3199,UniRef90_A0A0K2HNW9,1145,0.0142852752418,9,0.9293831168831169,1.1595190943019481e-05
FengQ_2015,3200,UniRef90_A6L1V0,1145,0.0142621487995,9,0.9293831168831169,1.1576419480113636e-05
FengQ_2015,3201,UniRef90_A0A173WIK6,1145,0.0142552465447,9,0.9293831168831169,1.1570817000568182e-05
FengQ_2015,3202,UniRef90_A0A1H7GCU0,1145,0.0141921673284,9,0.9293831168831169,1.1519616337987013e-05
FengQ_2015,3203,UniRef90_D4V960,1145,0.014107667844,9,0.9293831168831169,1.1451029094155844e-05
FengQ_2015,3204,UniRef90_A0A076IQQ9,1145,0.014081387845,9,0.9293831168831169,1.1429697926136363e-05
FengQ_2015,3205,UniRef90_A0A0P0M2T2,1145,0.0140588730448,9,0.9293831168831169,1.1411422925974027e-05
FengQ_2015,3206,UniRef90_A0A174IEJ1,1145,0.0140319983937,9,0.9293831168831169,1.1389609085795455e-05
FengQ_2015,3207,UniRef90_A0A139KDS5,1145,0.0140193533375,9,0.9293831168831169,1.1379345241477273e-05
FengQ_2015,3208,UniRef90_A0A0P0M572,1145,0.0140085406937,9,0.9293831168831169,1.1370568744886364e-05
FengQ_2015,3209,UniRef90_A0A174TTD6,1145,0.0140001491782,9,0.9293831168831169,1.1363757449837662e-05
FengQ_2015,3210,UniRef90_A0A396BKE4,1145,0.013988288184,9,0.9293831168831169,1.135413001948052e-05
FengQ_2015,3211,UniRef90_D4V7E2,1145,0.0139808939498,9,0.9293831168831169,1.1348128206006494e-05
FengQ_2015,3212,UniRef90_A6L6X5,1145,0.0139430296516999,9,0.9293831168831169,1.131739419780836e-05
FengQ_2015,3213,UniRef90_A0A076IUA4,1145,0.0139100308183,9,0.9293831168831169,1.1290609430438311e-05
FengQ_2015,3214,UniRef90_B6VVN3,1145,0.0138301337805999,9,0.9293831168831169,1.122575793879862e-05
FengQ_2015,3215,UniRef90_D4V3D6,1145,0.013814103498,9,0.9293831168831169,1.1212746345779221e-05
FengQ_2015,3216,UniRef90_A0A076ITY2,1145,0.0137628263445,9,0.9293831168831169,1.1171125279626624e-05
FengQ_2015,3217,UniRef90_A0A396EYV4,1145,0.013732554825099899,9,0.9293831168831169,1.1146554241152515e-05
FengQ_2015,3218,UniRef90_C3R6I8,1145,0.0137219782789999,9,0.9293831168831169,1.1137969382305115e-05
FengQ_2015,3219,UniRef90_A0A076IUN9,1145,0.013622693318,9,0.9293831168831169,1.1057380939935064e-05
FengQ_2015,3220,UniRef90_A0A0P0M3X7,1145,0.0135581006705,9,0.9293831168831169,1.1004951842938312e-05
FengQ_2015,3221,UniRef90_A0A0K2HKE3,1145,0.0135400689235,9,0.9293831168831169,1.0990315684659091e-05
FengQ_2015,3222,UniRef90_A0A1Q6J500,1145,0.013522401178399899,9,0.9293831168831169,1.0975974982467451e-05
FengQ_2015,3223,UniRef90_A0A174KLT1,1145,0.0135008588385,9,0.9293831168831169,1.0958489316964286e-05
FengQ_2015,3224,UniRef90_C5ERA7,1145,0.013490442722,9,0.9293831168831169,1.0950034676948052e-05
FengQ_2015,3225,UniRef90_A0A0P0M5U0,1145,0.013484931039,9,0.9293831168831169,1.0945560908279221e-05
FengQ_2015,3226,UniRef90_I8W7V3,1145,0.013455852973,9,0.9293831168831169,1.092195858198052e-05
FengQ_2015,3227,UniRef90_C3R7G8,1145,0.013454822932,9,0.9293831168831169,1.092112250974026e-05
FengQ_2015,3228,UniRef90_I8W803,1145,0.0134200420303,9,0.9293831168831169,1.089289125836039e-05
FengQ_2015,3229,UniRef90_I8WT81,1145,0.013395141351,9,0.9293831168831169,1.087267966801948e-05
FengQ_2015,3230,UniRef90_A0A1Y4PRU5,1145,0.0133807176955,9,0.9293831168831169,1.0860972155438311e-05
FengQ_2015,3231,UniRef90_A0A1H7LWE0,1145,0.0133236053879,9,0.9293831168831169,1.0814614762905845e-05
FengQ_2015,3232,UniRef90_C3R6B4,1145,0.013315323801,9,0.9293831168831169,1.0807892695616882e-05
FengQ_2015,3233,UniRef90_A0A0P0LCX4,1145,0.0132994588105,9,0.9293831168831169,1.0795015268262987e-05
FengQ_2015,3234,UniRef90_A0A076J5N3,1145,0.0132918721626,9,0.9293831168831169,1.0788857274837661e-05
FengQ_2015,3235,UniRef90_D4V6V9,1145,0.0132283152926999,9,0.9293831168831169,1.0737268906412256e-05
FengQ_2015,3236,UniRef90_I9R9Q1,1145,0.0131596081955,9,0.9293831168831169,1.0681500158685064e-05
FengQ_2015,3237,UniRef90_R7P2H8,1145,0.0131557823435,9,0.9293831168831169,1.0678394759334416e-05
FengQ_2015,3238,UniRef90_A0A076IRM7,1145,0.0131079305454,9,0.9293831168831169,1.0639554014123376e-05
FengQ_2015,3239,UniRef90_D4VCR9,1145,0.013091674405200001,9,0.9293831168831169,1.062635909512987e-05
FengQ_2015,3240,UniRef90_B6VVT2,1145,0.0127887747792,9,0.9293831168831169,1.038049900909091e-05
FengQ_2015,3241,UniRef90_A0A0K2HIZ4,1145,0.0127195236512999,9,0.9293831168831169,1.0324288678003165e-05
FengQ_2015,3242,UniRef90_A0A076JAM0,1145,0.0127063584419,9,0.9293831168831169,1.0313602631412338e-05
FengQ_2015,3243,UniRef90_A0A1Q6JDV0,1145,0.0126569541715,9,0.9293831168831169,1.0273501762581169e-05
FengQ_2015,3244,UniRef90_A0A076ITU8,1145,0.0126496029857,9,0.9293831168831169,1.026753489099026e-05
FengQ_2015,3245,UniRef90_A0A076INQ1,1145,0.0125260199629,9,0.9293831168831169,1.016722399586039e-05
FengQ_2015,3246,UniRef90_D4LPV8,1145,0.0123742990875,9,0.9293831168831169,1.004407393465909e-05
FengQ_2015,3247,UniRef90_A0A076J024,1145,0.012281705241,9,0.9293831168831169,9.968916591720779e-06
FengQ_2015,3248,UniRef90_A0A0K2HM13,1145,0.0121770307092,9,0.9293831168831169,9.883953497727272e-06
FengQ_2015,3249,UniRef90_A0A3E5FA48,1145,0.01213876423,9,0.9293831168831169,9.85289304383117e-06
FengQ_2015,3250,UniRef90_A0A174K6X2,1145,0.0121272206135,9,0.9293831168831169,9.843523225243507e-06
FengQ_2015,3251,UniRef90_A0A1Y3ZI32,1145,0.0121173578369,9,0.9293831168831169,9.835517724756493e-06
FengQ_2015,3252,UniRef90_C7H6Y4,1145,0.01196694614119,9,0.9293831168831169,9.713430309407468e-06
FengQ_2015,3253,UniRef90_A6KY23,1145,0.0118636914551,9,0.9293831168831169,9.629619687581169e-06
FengQ_2015,3254,UniRef90_A0A076J543,1145,0.0118388842574,9,0.9293831168831169,9.609483975162337e-06
FengQ_2015,3255,UniRef90_D4VDH2,1145,0.011710136516000001,9,0.9293831168831169,9.50498093831169e-06
FengQ_2015,3256,UniRef90_I9G4N3,1145,0.011578494542,9,0.9293831168831169,9.398128686688312e-06
FengQ_2015,3257,UniRef90_A0A0M1W1V6,1145,0.011505379586,9,0.9293831168831169,9.338782131493507e-06
FengQ_2015,3258,UniRef90_A0A076J4G2,1145,0.0110955092522,9,0.9293831168831169,9.00609517224026e-06
FengQ_2015,3259,UniRef90_G2T3B6,1145,0.0109246951338,9,0.9293831168831169,8.867447348863638e-06
FengQ_2015,3260,UniRef90_A0A076J1X6,1145,0.0103107713528,9,0.9293831168831169,8.369132591558442e-06
FengQ_2015,3261,UniRef90_A0A0M6WQV4,1145,0.0093209141366,9,0.9293831168831169,7.5656770589285716e-06
FengQ_2015,3262,UniRef90_I9F208,1145,0.0086390552093,9,0.9293831168831169,7.012220137418832e-06
FengQ_2015,3263,UniRef90_Q8A0F4,1145,0.0074314627661,9,0.9293831168831169,6.0320314659902596e-06
FengQ_2015,3264,UniRef90_A0A3E4X4E9,1145,0.0068095421471,9,0.9293831168831169,5.52722576875e-06
FengQ_2015,3265,UniRef90_R9MM87,1145,0.0066316582066,9,0.9293831168831169,5.382839453409091e-06
FengQ_2015,3266,UniRef90_Q11QA8,1145,0.0065928014171,9,0.9293831168831169,5.351299851542208e-06
FengQ_2015,3267,UniRef90_R6K4B6,1145,0.0063984221804000005,9,0.9293831168831169,5.1935244970779225e-06
FengQ_2015,3268,UniRef90_A0A3E5HFG8,1145,0.0063965712243,9,0.9293831168831169,5.192022097646104e-06
FengQ_2015,3269,UniRef90_C3QR20,1145,0.0063299739436,9,0.9293831168831169,5.137965863311689e-06
FengQ_2015,3270,UniRef90_Q8A6A7,1145,0.00616899674,9,0.9293831168831169,5.007302548701299e-06
FengQ_2015,3271,UniRef90_A0A173Z050,1145,0.006162906344,9,0.9293831168831169,5.002359045454545e-06
FengQ_2015,3272,UniRef90_A0A078Q447,1145,0.0061503989415,9,0.9293831168831169,4.992206933035714e-06
FengQ_2015,3273,UniRef90_K5CDW4,1145,0.0060465881414999995,9,0.9293831168831169,4.9079449200487005e-06
FengQ_2015,3274,UniRef90_R6KAT3,1145,0.0060107301509999995,9,0.9293831168831169,4.878839408279221e-06
FengQ_2015,3275,UniRef90_R6JDG0,1145,0.0057908810806,9,0.9293831168831169,4.7003904875e-06
FengQ_2015,3276,UniRef90_R7KGK8,1145,0.0057821067501,9,0.9293831168831169,4.693268465990259e-06
FengQ_2015,3277,UniRef90_Q89Z26,1145,0.0057197357974,9,0.9293831168831169,4.6426426926948056e-06
FengQ_2015,3278,UniRef90_A0A2Z5TND2,1145,0.0057031536173,9,0.9293831168831169,4.629183130925325e-06
FengQ_2015,3279,UniRef90_R6JNQ2,1145,0.0056984529867,9,0.9293831168831169,4.62536768400974e-06
FengQ_2015,3280,UniRef90_R7KJB9,1145,0.00564573366,9,0.9293831168831169,4.582576022727273e-06
FengQ_2015,3281,UniRef90_A0A1Q6HKH0,1145,0.0056445373269,9,0.9293831168831169,4.581604973133117e-06
FengQ_2015,3282,UniRef90_Q8AB57,1145,0.005522374722,9,0.9293831168831169,4.482447014610389e-06
FengQ_2015,3283,UniRef90_C9L249,1145,0.0054413316076999995,9,0.9293831168831169,4.4166652659902595e-06
FengQ_2015,3284,UniRef90_R6J9A5,1145,0.0052066674962,9,0.9293831168831169,4.226191149512987e-06
FengQ_2015,3285,UniRef90_A7M1I8,1145,0.0051914852323999994,9,0.9293831168831169,4.213867883441558e-06
FengQ_2015,3286,UniRef90_Q8A7T2,1145,0.0051493299448,9,0.9293831168831169,4.179650929220779e-06
FengQ_2015,3287,UniRef90_B5CQK2,1145,0.0050940988563,9,0.9293831168831169,4.134820500243506e-06
FengQ_2015,3288,UniRef90_B0N9K7,1145,0.00352153386024,9,0.9293831168831169,2.8583878735714287e-06
FengQ_2015,3289,UniRef90_A6NXF7,1145,0.0033903985897,9,0.9293831168831169,2.751946907224026e-06
FengQ_2015,3290,UniRef90_A8RPB9,1145,0.0029817269065,9,0.9293831168831169,2.4202328786525976e-06
FengQ_2015,3291,UniRef90_A0A0F0CL13,1145,0.002309290045,9,0.9293831168831169,1.8744237378246753e-06
FengQ_2015,3292,UniRef90_R5IJG8,1145,0.0016020063764,9,0.9293831168831169,1.300329850974026e-06
FengQ_2015,3293,UniRef90_A0A396EWA6,1144,0.3971199509739,9,0.9285714285714286,0.00032233762254375
FengQ_2015,3294,UniRef90_E5UQD5,1144,0.023375935724799998,9,0.9285714285714286,1.89739738025974e-05
FengQ_2015,3295,UniRef90_D4VAL7,1144,0.022181646419,9,0.9285714285714286,1.8004583132305195e-05
FengQ_2015,3296,UniRef90_A0A0K2HFZ2,1144,0.020040763497,9,0.9285714285714286,1.6266853487824675e-05
FengQ_2015,3297,UniRef90_A0A076IRJ0,1144,0.01988100599,9,0.9285714285714286,1.6137180186688312e-05
FengQ_2015,3298,UniRef90_A0A0P0L7V7,1144,0.019816034229999998,9,0.9285714285714286,1.608444336850649e-05
FengQ_2015,3299,UniRef90_A0A0K2HGJ5,1144,0.0197834636168,9,0.9285714285714286,1.6058006182467533e-05
FengQ_2015,3300,UniRef90_A0A0K2HIA2,1144,0.019622300349,9,0.9285714285714286,1.592719184172078e-05
FengQ_2015,3301,UniRef90_A6L083,1144,0.0190063083604,9,0.9285714285714286,1.5427198344480522e-05
FengQ_2015,3302,UniRef90_A0A0P0LGR6,1144,0.0190024780177,9,0.9285714285714286,1.542408930008117e-05
FengQ_2015,3303,UniRef90_A0A076J0A0,1144,0.0189801409352,9,0.9285714285714286,1.54059585512987e-05
FengQ_2015,3304,UniRef90_A0A396F6U5,1144,0.018978568427,9,0.9285714285714286,1.5404682164772725e-05
FengQ_2015,3305,UniRef90_A0A0K2HFG2,1144,0.018863052977,9,0.9285714285714286,1.531091962418831e-05
FengQ_2015,3306,UniRef90_A0A076J532,1144,0.018671133195599997,9,0.9285714285714286,1.5155140580844154e-05
FengQ_2015,3307,UniRef90_A0A397WDD1,1144,0.018668642748,9,0.9285714285714286,1.5153119113636364e-05
FengQ_2015,3308,UniRef90_D1K3N9,1144,0.0185921086773,9,0.9285714285714286,1.5090997303003247e-05
FengQ_2015,3309,UniRef90_A0A076J096,1144,0.0184575185845,9,0.9285714285714286,1.4981752097808441e-05
FengQ_2015,3310,UniRef90_A0A0K2HGU4,1144,0.018395657964,9,0.9285714285714286,1.4931540555194807e-05
FengQ_2015,3311,UniRef90_A0A0K2HHR7,1144,0.018389963914700002,9,0.9285714285714286,1.492691876193182e-05
FengQ_2015,3312,UniRef90_I8VF80,1144,0.018192266244,9,0.9285714285714286,1.4766449873376623e-05
FengQ_2015,3313,UniRef90_A0A0K2HHT7,1144,0.0180996529818999,9,0.9285714285714286,1.4691276771022645e-05
FengQ_2015,3314,UniRef90_C3RCP9,1144,0.0180466900238,9,0.9285714285714286,1.464828735698052e-05
FengQ_2015,3315,UniRef90_B6W0S8,1144,0.0179844533115,9,0.9285714285714286,1.4597770545048702e-05
FengQ_2015,3316,UniRef90_A0A076J0T5,1144,0.0178490278103,9,0.9285714285714286,1.448784724862013e-05
FengQ_2015,3317,UniRef90_A0A0K2HI27,1144,0.017828900559,9,0.9285714285714286,1.4471510193993507e-05
FengQ_2015,3318,UniRef90_A0A076IH76,1144,0.0174170489912,9,0.9285714285714286,1.4137215090259741e-05
FengQ_2015,3319,UniRef90_A0A076J2S9,1144,0.017405440571299998,9,0.9285714285714286,1.4127792671509738e-05
FengQ_2015,3320,UniRef90_A0A076IYH9,1144,0.017388178134,9,0.9285714285714286,1.4113780952922076e-05
FengQ_2015,3321,UniRef90_D1K2M7,1144,0.0173483163329999,9,0.9285714285714286,1.4081425594967452e-05
FengQ_2015,3322,UniRef90_A0A0P0LBY8,1144,0.017166186717,9,0.9285714285714286,1.3933593114448053e-05
FengQ_2015,3323,UniRef90_A0A076IU82,1144,0.0170904955271,9,0.9285714285714286,1.3872155460308442e-05
FengQ_2015,3324,UniRef90_A0A076IL73,1144,0.017039566744300003,9,0.9285714285714286,1.383081716258117e-05
FengQ_2015,3325,UniRef90_A6KY05,1144,0.0170095132578,9,0.9285714285714286,1.3806423098863638e-05
FengQ_2015,3326,UniRef90_D1KA78,1144,0.016881538042,9,0.9285714285714286,1.3702547112012985e-05
FengQ_2015,3327,UniRef90_B6W5B3,1144,0.0168028374077,9,0.9285714285714286,1.3638666727029221e-05
FengQ_2015,3328,UniRef90_A6L089,1144,0.0167840073391,9,0.9285714285714286,1.3623382580438312e-05
FengQ_2015,3329,UniRef90_A0A076IUS6,1144,0.016735654149,9,0.9285714285714286,1.3584134861201298e-05
FengQ_2015,3330,UniRef90_A0A174M9P4,1144,0.0163822944242,9,0.9285714285714286,1.329731690275974e-05
FengQ_2015,3331,UniRef90_A0A174U119,1144,0.016347620152,9,0.9285714285714286,1.3269172201298701e-05
FengQ_2015,3332,UniRef90_A0A078QXB4,1144,0.0163068776836,9,0.9285714285714286,1.323610201590909e-05
FengQ_2015,3333,UniRef90_A0A076IZZ7,1144,0.0162600360002,9,0.9285714285714286,1.3198081168993505e-05
FengQ_2015,3334,UniRef90_B6VS61,1144,0.0161553866012,9,0.9285714285714286,1.3113138475e-05
FengQ_2015,3335,UniRef90_A0A0K2HEQ9,1144,0.016143536708,9,0.9285714285714286,1.3103520055194804e-05
FengQ_2015,3336,UniRef90_A0A0K2HFN2,1144,0.0160446549657,9,0.9285714285714286,1.3023258900730521e-05
FengQ_2015,3337,UniRef90_A0A0P0M0P6,1144,0.0160127605,9,0.9285714285714286,1.2997370535714287e-05
FengQ_2015,3338,UniRef90_I9QUC3,1144,0.0160074433549,9,0.9285714285714286,1.2993054671185065e-05
FengQ_2015,3339,UniRef90_C3RGM9,1144,0.0159204160126,9,0.9285714285714286,1.2922415594642858e-05
FengQ_2015,3340,UniRef90_A0A0P0M2V7,1144,0.01589276618,9,0.9285714285714286,1.28999725487013e-05
FengQ_2015,3341,UniRef90_A6L6X0,1144,0.01585029293,9,0.9285714285714286,1.2865497508116882e-05
FengQ_2015,3342,UniRef90_D1K6D2,1144,0.015801517888,9,0.9285714285714286,1.2825907376623377e-05
FengQ_2015,3343,UniRef90_R7NVI7,1144,0.01577511445,9,0.9285714285714286,1.2804476014610388e-05
FengQ_2015,3344,UniRef90_A6L3K7,1144,0.0157487225827,9,0.9285714285714286,1.278305404439935e-05
FengQ_2015,3345,UniRef90_A0A076IST5,1144,0.015730778229,9,0.9285714285714286,1.276848882224026e-05
FengQ_2015,3346,UniRef90_A0A076J4I6,1144,0.0155171788905,9,0.9285714285714286,1.2595112735795455e-05
FengQ_2015,3347,UniRef90_A0A076JBK6,1144,0.015501584591,9,0.9285714285714286,1.2582455025162337e-05
FengQ_2015,3348,UniRef90_A0A076JB01,1144,0.015496816448,9,0.9285714285714286,1.2578584779220778e-05
FengQ_2015,3349,UniRef90_A0A0M1W7K5,1144,0.015399235503299899,9,0.9285714285714286,1.2499379466964204e-05
FengQ_2015,3350,UniRef90_A0A076J1K6,1144,0.0153907922826,9,0.9285714285714286,1.2492526203409091e-05
FengQ_2015,3351,UniRef90_B6VS10,1144,0.015339910195,9,0.9285714285714286,1.2451225807629871e-05
FengQ_2015,3352,UniRef90_A0A076IZ89,1144,0.015285657812200001,9,0.9285714285714286,1.2407189782629871e-05
FengQ_2015,3353,UniRef90_A0A076ITR7,1144,0.015157359955,9,0.9285714285714286,1.2303051911525973e-05
FengQ_2015,3354,UniRef90_I9QFA9,1144,0.0151540869212,9,0.9285714285714286,1.2300395228246754e-05
FengQ_2015,3355,UniRef90_A6L1N4,1144,0.015136065442,9,0.9285714285714286,1.2285767404220778e-05
FengQ_2015,3356,UniRef90_A6L4N0,1144,0.014957144351,9,0.9285714285714286,1.214053924594156e-05
FengQ_2015,3357,UniRef90_A0A1H7JIB2,1144,0.0149385470073,9,0.9285714285714286,1.2125443999431818e-05
FengQ_2015,3358,UniRef90_A6L1D9,1144,0.0149326641924,9,0.9285714285714286,1.2120668987337663e-05
FengQ_2015,3359,UniRef90_I9R7E1,1144,0.0149081141604,9,0.9285714285714286,1.210074201331169e-05
FengQ_2015,3360,UniRef90_D4VCP4,1144,0.0149026487983,9,0.9285714285714286,1.2096305842775975e-05
FengQ_2015,3361,UniRef90_A0A174JI66,1144,0.014867997546,9,0.9285714285714286,1.20681798262987e-05
FengQ_2015,3362,UniRef90_A0A076J0F5,1144,0.014845075282199999,9,0.9285714285714286,1.2049574092694804e-05
FengQ_2015,3363,UniRef90_A0A3E4T160,1144,0.0148450559143,9,0.9285714285714286,1.2049558371996752e-05
FengQ_2015,3364,UniRef90_A0A076IIN4,1144,0.014722458081,9,0.9285714285714286,1.195004714366883e-05
FengQ_2015,3365,UniRef90_C3R760,1144,0.0147147448972,9,0.9285714285714286,1.1943786442532467e-05
FengQ_2015,3366,UniRef90_A0A3E5FA08,1144,0.0146837903653,9,0.9285714285714286,1.1918661010795455e-05
FengQ_2015,3367,UniRef90_A0A396FF80,1144,0.014621050967,9,0.9285714285714286,1.1867736174512987e-05
FengQ_2015,3368,UniRef90_A0A076IRZ4,1144,0.0145960543356,9,0.9285714285714286,1.1847446700974025e-05
FengQ_2015,3369,UniRef90_A0A174J4M7,1144,0.014580456060400001,9,0.9285714285714286,1.1834785763311689e-05
FengQ_2015,3370,UniRef90_A0A076IUP8,1144,0.0145792230012,9,0.9285714285714286,1.1833784903571429e-05
FengQ_2015,3371,UniRef90_A0A0M1VYI6,1144,0.014469444595,9,0.9285714285714286,1.1744679054383117e-05
FengQ_2015,3372,UniRef90_B6VVH5,1144,0.014456298871,9,0.9285714285714286,1.1734008823863637e-05
FengQ_2015,3373,UniRef90_D4VB42,1144,0.014456277380999999,9,0.9285714285714286,1.1733991380681818e-05
FengQ_2015,3374,UniRef90_A0A076IUY2,1144,0.014422900812199999,9,0.9285714285714286,1.1706900009902596e-05
FengQ_2015,3375,UniRef90_A0A397WCV4,1144,0.014418560742,9,0.9285714285714286,1.1703377225649351e-05
FengQ_2015,3376,UniRef90_E5UNL8,1144,0.0143901252619,9,0.9285714285714286,1.1680296478814935e-05
FengQ_2015,3377,UniRef90_B6VTH0,1144,0.0143487795392,9,0.9285714285714286,1.1646736638961038e-05
FengQ_2015,3378,UniRef90_A0A0P0M185,1144,0.014323801217,9,0.9285714285714286,1.1626462026785715e-05
FengQ_2015,3379,UniRef90_A6L6Z1,1144,0.0141792223854,9,0.9285714285714286,1.1509109079058441e-05
FengQ_2015,3380,UniRef90_A0A0P0LC42,1144,0.0141504194895,9,0.9285714285714286,1.1485730105113637e-05
FengQ_2015,3381,UniRef90_A0A076IV47,1144,0.0141385595664,9,0.9285714285714286,1.1476103544155844e-05
FengQ_2015,3382,UniRef90_A0A0P0L494,1144,0.0141362462449999,9,0.9285714285714286,1.1474225848214205e-05
FengQ_2015,3383,UniRef90_D4VEG6,1144,0.014126282414,9,0.9285714285714286,1.1466138323051948e-05
FengQ_2015,3384,UniRef90_A0A1Y4PSZ0,1144,0.0140925786147,9,0.9285714285714286,1.143878134310065e-05
FengQ_2015,3385,UniRef90_D1K675,1144,0.013967300418200001,9,0.9285714285714286,1.1337094495292208e-05
FengQ_2015,3386,UniRef90_A0A396APU8,1144,0.0139514490755999,9,0.9285714285714286,1.132422814577914e-05
FengQ_2015,3387,UniRef90_B6W208,1144,0.013950029547,9,0.9285714285714286,1.1323075931006494e-05
FengQ_2015,3388,UniRef90_A0A0K2HJQ5,1144,0.013922316585999999,9,0.9285714285714286,1.1300581644480518e-05
FengQ_2015,3389,UniRef90_A0A076IV16,1144,0.0138885721134,9,0.9285714285714286,1.1273191650487013e-05
FengQ_2015,3390,UniRef90_I8W726,1144,0.013838582296499998,9,0.9285714285714286,1.1232615500405843e-05
FengQ_2015,3391,UniRef90_A0A076J7U9,1144,0.0138380004716,9,0.9285714285714286,1.1232143239935065e-05
FengQ_2015,3392,UniRef90_C3R528,1144,0.0137905736434,9,0.9285714285714286,1.1193647437824675e-05
FengQ_2015,3393,UniRef90_D1JZT6,1144,0.0137715093504,9,0.9285714285714286,1.1178173174025974e-05
FengQ_2015,3394,UniRef90_A0A0K2HHX2,1144,0.013735640491,9,0.9285714285714286,1.1149058840097402e-05
FengQ_2015,3395,UniRef90_I9QEJ7,1144,0.0136872500922,9,0.9285714285714286,1.1109780918993506e-05
FengQ_2015,3396,UniRef90_A0A076IQD9,1144,0.0136858926441,9,0.9285714285714286,1.1108679094237013e-05
FengQ_2015,3397,UniRef90_A0A076IRD8,1144,0.013637460199100001,9,0.9285714285714286,1.1069367044724027e-05
FengQ_2015,3398,UniRef90_A0A380ZJN2,1144,0.0136190331835,9,0.9285714285714286,1.1054410051542208e-05
FengQ_2015,3399,UniRef90_A0A0M1W4C5,1144,0.013507301807,9,0.9285714285714286,1.096371899918831e-05
FengQ_2015,3400,UniRef90_A0A396BH28,1144,0.013412705192,9,0.9285714285714286,1.0886936032467533e-05
FengQ_2015,3401,UniRef90_A0A076IMD0,1144,0.013373562448999999,9,0.9285714285714286,1.0855164325487012e-05
FengQ_2015,3402,UniRef90_A0A0P0M328,1144,0.0133685352569,9,0.9285714285714286,1.0851083812418831e-05
FengQ_2015,3403,UniRef90_A6KWK5,1144,0.0133457310155,9,0.9285714285714286,1.0832573876217533e-05
FengQ_2015,3404,UniRef90_V2YBM4,1144,0.013208755276799999,9,0.9285714285714286,1.072139227012987e-05
FengQ_2015,3405,UniRef90_A0A076IL07,1144,0.013202606754999999,9,0.9285714285714286,1.0716401586850649e-05
FengQ_2015,3406,UniRef90_D1JZ37,1144,0.0131381936391,9,0.9285714285714286,1.0664118213555195e-05
FengQ_2015,3407,UniRef90_A0A395UTD2,1144,0.0131202233823,9,0.9285714285714286,1.0649531966152597e-05
FengQ_2015,3408,UniRef90_A0A076ILN7,1144,0.013064602518,9,0.9285714285714286,1.0604385160714287e-05
FengQ_2015,3409,UniRef90_A6L7P7,1144,0.0130439462435,9,0.9285714285714286,1.0587618704139612e-05
FengQ_2015,3410,UniRef90_I8WPU3,1144,0.0130286318924,9,0.9285714285714286,1.057518822435065e-05
FengQ_2015,3411,UniRef90_A0A076IQ37,1144,0.0129970114568,9,0.9285714285714286,1.0549522286363636e-05
FengQ_2015,3412,UniRef90_A0A0M1W2G8,1144,0.012977889947,9,0.9285714285714286,1.0534001580357143e-05
FengQ_2015,3413,UniRef90_A0A397WCU5,1144,0.012969669858,9,0.9285714285714286,1.0527329430194806e-05
FengQ_2015,3414,UniRef90_A0A0M1VYB5,1144,0.0129011240734,9,0.9285714285714286,1.047169161801948e-05
FengQ_2015,3415,UniRef90_A6L5E7,1144,0.0128954951104,9,0.9285714285714286,1.0467122654545454e-05
FengQ_2015,3416,UniRef90_D4V4K2,1144,0.0128513760341,9,0.9285714285714286,1.043131171599026e-05
FengQ_2015,3417,UniRef90_A0A076JB70,1144,0.0128325796048,9,0.9285714285714286,1.0416054874025974e-05
FengQ_2015,3418,UniRef90_S3YUW5,1144,0.0127935032183,9,0.9285714285714286,1.038433702784091e-05
FengQ_2015,3419,UniRef90_A0A076IMA1,1144,0.0127755047569998,9,0.9285714285714286,1.0369727887175162e-05
FengQ_2015,3420,UniRef90_I8WL05,1144,0.01271380393,9,0.9285714285714286,1.0319646047077921e-05
FengQ_2015,3421,UniRef90_B6W5T8,1144,0.012651334933,9,0.9285714285714286,1.026894069237013e-05
FengQ_2015,3422,UniRef90_A0A076IK43,1144,0.012649069279,9,0.9285714285714286,1.02671016875e-05
FengQ_2015,3423,UniRef90_A0A0K2HM02,1144,0.012601751985200001,9,0.9285714285714286,1.0228694793181819e-05
FengQ_2015,3424,UniRef90_D4V6Q3,1144,0.0125902798068,9,0.9285714285714286,1.0219382960064935e-05
FengQ_2015,3425,UniRef90_A0A0P0M350,1144,0.0124995733704,9,0.9285714285714286,1.0145757605844157e-05
FengQ_2015,3426,UniRef90_D4V4A4,1144,0.0124887212595,9,0.9285714285714286,1.013694907426948e-05
FengQ_2015,3427,UniRef90_B6VTE1,1144,0.0124736099882,9,0.9285714285714286,1.012468343198052e-05
FengQ_2015,3428,UniRef90_D1K0J3,1144,0.0124552890449,9,0.9285714285714286,1.0109812536444806e-05
FengQ_2015,3429,UniRef90_A0A0N7J7K5,1144,0.012451994466,9,0.9285714285714286,1.010713836525974e-05
FengQ_2015,3430,UniRef90_A6L4C4,1144,0.0124021898836,9,0.9285714285714286,1.0066712567857143e-05
FengQ_2015,3431,UniRef90_A0A076IW30,1144,0.0124018885236,9,0.9285714285714286,1.0066467957467533e-05
FengQ_2015,3432,UniRef90_A0A173WWK6,1144,0.0123003435631,9,0.9285714285714286,9.984045099918832e-06
FengQ_2015,3433,UniRef90_A0A174LZ35,1144,0.012243539327,9,0.9285714285714286,9.937937765422078e-06
FengQ_2015,3434,UniRef90_A0A076ISL1,1144,0.012188436145,9,0.9285714285714286,9.893211156655844e-06
FengQ_2015,3435,UniRef90_A0A076JAA0,1144,0.0121684510844,9,0.9285714285714286,9.87698951655844e-06
FengQ_2015,3436,UniRef90_I9RAW5,1144,0.012108858011,9,0.9285714285714286,9.828618515422078e-06
FengQ_2015,3437,UniRef90_B6VS38,1144,0.012077358759300001,9,0.9285714285714286,9.80305094099026e-06
FengQ_2015,3438,UniRef90_A0A076J3B4,1144,0.0119187829224,9,0.9285714285714286,9.674336787662338e-06
FengQ_2015,3439,UniRef90_A0A0K2HN30,1144,0.011915774761499999,9,0.9285714285714286,9.671895098620128e-06
FengQ_2015,3440,UniRef90_A6L4R8,1144,0.0118499538787,9,0.9285714285714286,9.618469057386363e-06
FengQ_2015,3441,UniRef90_A0A076IL48,1144,0.011802162049500001,9,0.9285714285714286,9.57967698823052e-06
FengQ_2015,3442,UniRef90_A0A0E2H6G8,1144,0.011753492630000001,9,0.9285714285714286,9.540172589285715e-06
FengQ_2015,3443,UniRef90_A0A0M1W3B9,1144,0.01174243084,9,0.9285714285714286,9.531193863636364e-06
FengQ_2015,3444,UniRef90_A0A0P0M407,1144,0.0117090781139,9,0.9285714285714286,9.504121845698052e-06
FengQ_2015,3445,UniRef90_A0A174L5N2,1144,0.0116577944915,9,0.9285714285714286,9.462495528814935e-06
FengQ_2015,3446,UniRef90_C3RG84,1144,0.0115799076168,9,0.9285714285714286,9.399275662987013e-06
FengQ_2015,3447,UniRef90_A0A076J4Z8,1144,0.011572546971,9,0.9285714285714286,9.393301112824677e-06
FengQ_2015,3448,UniRef90_D4V9B6,1144,0.0115528844638,9,0.9285714285714286,9.377341285551948e-06
FengQ_2015,3449,UniRef90_I8VTE5,1144,0.0113994852429,9,0.9285714285714286,9.252828930925324e-06
FengQ_2015,3450,UniRef90_E5V8X4,1144,0.011326161262299999,9,0.9285714285714286,9.193312712905843e-06
FengQ_2015,3451,UniRef90_E5UWH3,1144,0.0111333088252999,9,0.9285714285714286,9.036776643912257e-06
FengQ_2015,3452,UniRef90_A0A0M1W7Q9,1144,0.011122904261,9,0.9285714285714286,9.028331380681819e-06
FengQ_2015,3453,UniRef90_D4V7E6,1144,0.010724446755800001,9,0.9285714285714286,8.704908081006494e-06
FengQ_2015,3454,UniRef90_R5YLH6,1144,0.0099847925439,9,0.9285714285714286,8.104539402516235e-06
FengQ_2015,3455,UniRef90_R6DI84,1144,0.009679467035,9,0.9285714285714286,7.856710255681818e-06
FengQ_2015,3456,UniRef90_R6VDK6,1144,0.009359806134,9,0.9285714285714286,7.597245238636364e-06
FengQ_2015,3457,UniRef90_A0A395XD11,1144,0.0092668323569,9,0.9285714285714286,7.521779510470779e-06
FengQ_2015,3458,UniRef90_D5Q4S0,1144,0.009169806266800001,9,0.9285714285714286,7.443024567207794e-06
FengQ_2015,3459,UniRef90_A0A095XLP0,1144,0.0085497800244,9,0.9285714285714286,6.939756513311688e-06
FengQ_2015,3460,UniRef90_D4M3U2,1144,0.0085114715419,9,0.9285714285714286,6.908661965827923e-06
FengQ_2015,3461,UniRef90_A0A3A9BM21,1144,0.007870750244,9,0.9285714285714286,6.388595977272727e-06
FengQ_2015,3462,UniRef90_B0G892,1144,0.0076948441659,9,0.9285714285714286,6.245815069724026e-06
FengQ_2015,3463,UniRef90_R7KMM3,1144,0.0073621618526,9,0.9285714285714286,5.975780724512987e-06
FengQ_2015,3464,UniRef90_A0A3A9BZ67,1144,0.0072543015264,9,0.9285714285714286,5.888231758441558e-06
FengQ_2015,3465,UniRef90_A0A374NNH8,1144,0.007078971468,9,0.9285714285714286,5.7459183993506495e-06
FengQ_2015,3466,UniRef90_Q8A9U9,1144,0.0064934850171999995,9,0.9285714285714286,5.270685890584415e-06
FengQ_2015,3467,UniRef90_R5UAI5,1144,0.006282269662200001,9,0.9285714285714286,5.099244855681818e-06
FengQ_2015,3468,UniRef90_A0A174MIC0,1144,0.0060553536724999996,9,0.9285714285714286,4.915059799107142e-06
FengQ_2015,3469,UniRef90_V8C6R3,1144,0.0060277635899,9,0.9285714285714286,4.892665251542208e-06
FengQ_2015,3470,UniRef90_Q8A7Z4,1144,0.0059785227923,9,0.9285714285714286,4.852697071672078e-06
FengQ_2015,3471,UniRef90_A0A174QQT5,1144,0.0059023417287,9,0.9285714285714286,4.790861792775974e-06
FengQ_2015,3472,UniRef90_A0A0P0FLX7,1144,0.005893326093000001,9,0.9285714285714286,4.783543906655845e-06
FengQ_2015,3473,UniRef90_A0A174L4C6,1144,0.0057884672043,9,0.9285714285714286,4.6984311723214284e-06
FengQ_2015,3474,UniRef90_C9KVU8,1144,0.0057003558271,9,0.9285714285714286,4.6269121973214285e-06
FengQ_2015,3475,UniRef90_E5C6S6,1144,0.0056677347303,9,0.9285714285714286,4.600434034334416e-06
FengQ_2015,3476,UniRef90_Q8A7F8,1144,0.005656245007400001,9,0.9285714285714286,4.591107960551949e-06
FengQ_2015,3477,UniRef90_A0A0P0F8T8,1144,0.0055890546184,9,0.9285714285714286,4.536570307142857e-06
FengQ_2015,3478,UniRef90_Q8A9A2,1144,0.0055882744985,9,0.9285714285714286,4.535937092938311e-06
FengQ_2015,3479,UniRef90_R6JPB2,1144,0.005371570574,9,0.9285714285714286,4.360041050324676e-06
FengQ_2015,3480,UniRef90_A0A0P0FFX2,1144,0.005305392349,9,0.9285714285714286,4.306324958603896e-06
FengQ_2015,3481,UniRef90_I9T295,1144,0.005187963436,9,0.9285714285714286,4.211009282467533e-06
FengQ_2015,3482,UniRef90_D6D093,1144,0.0049635341753999996,9,0.9285714285714286,4.028842674837662e-06
FengQ_2015,3483,UniRef90_UPI000931B22C,1144,0.0048934189347,9,0.9285714285714286,3.971930953490259e-06
FengQ_2015,3484,UniRef90_A9KMF6,1144,0.0047074017603,9,0.9285714285714286,3.820942987256494e-06
FengQ_2015,3485,UniRef90_A0A3E2VU96,1143,0.0254586664627,9,0.9277597402597403,2.0664501998944808e-05
FengQ_2015,3486,UniRef90_A0A174CRA0,1143,0.0233972088984,9,0.9277597402597403,1.8991240988961037e-05
FengQ_2015,3487,UniRef90_A0A0P0LP13,1143,0.023030033518799998,9,0.9277597402597403,1.8693209025e-05
FengQ_2015,3488,UniRef90_D1PNJ6,1143,0.022734042234999998,9,0.9277597402597403,1.845295635957792e-05
FengQ_2015,3489,UniRef90_A0A1V0QD60,1143,0.022661515349500002,9,0.9277597402597403,1.8394087134334416e-05
FengQ_2015,3490,UniRef90_A0A069SL80,1143,0.0224405112888,9,0.9277597402597403,1.8214700721428573e-05
FengQ_2015,3491,UniRef90_U6RRE7,1143,0.0216065347041,9,0.9277597402597403,1.7537771675405845e-05
FengQ_2015,3492,UniRef90_A6KZP3,1143,0.02142849137,9,0.9277597402597403,1.7393255982142856e-05
FengQ_2015,3493,UniRef90_A0A176UA43,1143,0.021355454742,9,0.9277597402597403,1.7333973004870128e-05
FengQ_2015,3494,UniRef90_A0A0P0M190,1143,0.0208948190494,9,0.9277597402597403,1.696008039724026e-05
FengQ_2015,3495,UniRef90_A0A1Y3ZJR2,1143,0.020558996283,9,0.9277597402597403,1.6687496982954547e-05
FengQ_2015,3496,UniRef90_D4VAV8,1143,0.020240758485,9,0.9277597402597403,1.642918708198052e-05
FengQ_2015,3497,UniRef90_A0A076IXA0,1143,0.0202192534017,9,0.9277597402597403,1.6411731657224027e-05
FengQ_2015,3498,UniRef90_U6RDY1,1143,0.019072946199,9,0.9277597402597403,1.548128749918831e-05
FengQ_2015,3499,UniRef90_A0A396ART5,1143,0.018942863219600002,9,0.9277597402597403,1.537570066525974e-05
FengQ_2015,3500,UniRef90_A0A396F4S8,1143,0.0186933944881,9,0.9277597402597403,1.517320981176948e-05
FengQ_2015,3501,UniRef90_B6VXQ9,1143,0.018283500326000002,9,0.9277597402597403,1.4840503511363639e-05
FengQ_2015,3502,UniRef90_A0A1Y4PDH7,1143,0.018274626665199998,9,0.9277597402597403,1.4833300864610388e-05
FengQ_2015,3503,UniRef90_I9FL95,1143,0.0182038760662,9,0.9277597402597403,1.4775873430357144e-05
FengQ_2015,3504,UniRef90_A0A1Y4PS77,1143,0.017981273798199998,9,0.9277597402597403,1.4595189771266232e-05
FengQ_2015,3505,UniRef90_A6L065,1143,0.017976612598,9,0.9277597402597403,1.4591406329545455e-05
FengQ_2015,3506,UniRef90_A6L0X5,1143,0.0179014346753,9,0.9277597402597403,1.4530385288392858e-05
FengQ_2015,3507,UniRef90_A0A076INL4,1143,0.01773115535,9,0.9277597402597403,1.4392171550324675e-05
FengQ_2015,3508,UniRef90_A0A076J531,1143,0.017604786128,9,0.9277597402597403,1.428959912987013e-05
FengQ_2015,3509,UniRef90_D1K421,1143,0.0175859419945,9,0.9277597402597403,1.4274303566964286e-05
FengQ_2015,3510,UniRef90_A0A076IZK1,1143,0.017562929103,9,0.9277597402597403,1.4255624271915584e-05
FengQ_2015,3511,UniRef90_A0A0K2HHI4,1143,0.017478556257999902,9,0.9277597402597403,1.4187139819805116e-05
FengQ_2015,3512,UniRef90_A0A174P1Q8,1143,0.017166025862999902,9,0.9277597402597403,1.3933462551136284e-05
FengQ_2015,3513,UniRef90_A0A076J249,1143,0.0171474864333,9,0.9277597402597403,1.3918414312743506e-05
FengQ_2015,3514,UniRef90_A0A076J092,1143,0.017055869396,9,0.9277597402597403,1.3844049834415586e-05
FengQ_2015,3515,UniRef90_A0A0P0L3R3,1143,0.01687427026,9,0.9277597402597403,1.369664793831169e-05
FengQ_2015,3516,UniRef90_A0A0P0M0M0,1143,0.016683506275,9,0.9277597402597403,1.3541807041396103e-05
FengQ_2015,3517,UniRef90_A0A2A6ZAF7,1143,0.0165273466651,9,0.9277597402597403,1.341505411128247e-05
FengQ_2015,3518,UniRef90_A0A076IZT0,1143,0.016307603394,9,0.9277597402597403,1.3236691066558441e-05
FengQ_2015,3519,UniRef90_A0A076IR48,1143,0.0162595907236,9,0.9277597402597403,1.3197719743181818e-05
FengQ_2015,3520,UniRef90_A0A174R7U9,1143,0.0162361863927,9,0.9277597402597403,1.3178722721347403e-05
FengQ_2015,3521,UniRef90_A0A0P0L5P9,1143,0.016204097828,9,0.9277597402597403,1.3152676808441558e-05
FengQ_2015,3522,UniRef90_A6L7M8,1143,0.016171679198,9,0.9277597402597403,1.312636298538961e-05
FengQ_2015,3523,UniRef90_A0A0K2HF93,1143,0.01613870549,9,0.9277597402597403,1.3099598612012985e-05
FengQ_2015,3524,UniRef90_A0A0P0LNZ1,1143,0.016120261668000003,9,0.9277597402597403,1.308462797727273e-05
FengQ_2015,3525,UniRef90_A0A0M1W0Z2,1143,0.0160119533222,9,0.9277597402597403,1.2996715358928573e-05
FengQ_2015,3526,UniRef90_A0A076IYE2,1143,0.016002380847,9,0.9277597402597403,1.2988945492694806e-05
FengQ_2015,3527,UniRef90_A0A1Y4PJZ1,1143,0.0159520190267,9,0.9277597402597403,1.294806739180195e-05
FengQ_2015,3528,UniRef90_A0A076INK3,1143,0.0158898480306,9,0.9277597402597403,1.2897603920941559e-05
FengQ_2015,3529,UniRef90_A0A076IZ32,1143,0.015843398275,9,0.9277597402597403,1.285990119724026e-05
FengQ_2015,3530,UniRef90_A0A076IXI4,1143,0.0158355467697,9,0.9277597402597403,1.2853528222159091e-05
FengQ_2015,3531,UniRef90_A0A0M1W7E9,1143,0.015823236329000002,9,0.9277597402597403,1.284353598133117e-05
FengQ_2015,3532,UniRef90_A0A0N7J7U7,1143,0.0157239914341,9,0.9277597402597403,1.2762980060146104e-05
FengQ_2015,3533,UniRef90_A6KXW6,1143,0.0156740376836,9,0.9277597402597403,1.2722433184740262e-05
FengQ_2015,3534,UniRef90_F4XGN4,1143,0.0156236752183,9,0.9277597402597403,1.268155456030844e-05
FengQ_2015,3535,UniRef90_A0A076IX87,1143,0.015520293764100001,9,0.9277597402597403,1.2597641042288962e-05
FengQ_2015,3536,UniRef90_A0A1Y4PI28,1143,0.0155124128527,9,0.9277597402597403,1.259124419862013e-05
FengQ_2015,3537,UniRef90_B6VSS7,1143,0.0154496063049,9,0.9277597402597403,1.2540264857873377e-05
FengQ_2015,3538,UniRef90_B6VS45,1143,0.015439790246300001,9,0.9277597402597403,1.253229727784091e-05
FengQ_2015,3539,UniRef90_A0A076IRU4,1143,0.015400752965899999,9,0.9277597402597403,1.250061117362013e-05
FengQ_2015,3540,UniRef90_A0A076IWM1,1143,0.015375722932000001,9,0.9277597402597403,1.2480294587662338e-05
FengQ_2015,3541,UniRef90_I9G0G1,1143,0.01535577692,9,0.9277597402597403,1.2464104642857142e-05
FengQ_2015,3542,UniRef90_B6W251,1143,0.015307658897,9,0.9277597402597403,1.2425047806006494e-05
FengQ_2015,3543,UniRef90_A0A396ANJ6,1143,0.015254858413,9,0.9277597402597403,1.2382190270292207e-05
FengQ_2015,3544,UniRef90_A0A1Y3ZFT3,1143,0.0152518612454,9,0.9277597402597403,1.2379757504383116e-05
FengQ_2015,3545,UniRef90_U6RSA3,1143,0.015242287047,9,0.9277597402597403,1.2371986239448052e-05
FengQ_2015,3546,UniRef90_A0A0K2HEY0,1143,0.0151919635019999,9,0.9277597402597403,1.2331139206168749e-05
FengQ_2015,3547,UniRef90_D4VEE0,1143,0.0151427712707,9,0.9277597402597403,1.2291210446996753e-05
FengQ_2015,3548,UniRef90_A0A076J4S2,1143,0.0151292124812,9,0.9277597402597403,1.228020493603896e-05
FengQ_2015,3549,UniRef90_A0A0K2HE60,1143,0.015012203294699999,9,0.9277597402597403,1.2185229946996753e-05
FengQ_2015,3550,UniRef90_A0A076IRU0,1143,0.014943339326,9,0.9277597402597403,1.2129333868506492e-05
FengQ_2015,3551,UniRef90_C3R645,1143,0.0149338441606,9,0.9277597402597403,1.2121626753733766e-05
FengQ_2015,3552,UniRef90_A0A076ILU2,1143,0.01483285183,9,0.9277597402597403,1.2039652459415585e-05
FengQ_2015,3553,UniRef90_A0A1Y3ZJC6,1143,0.0147718819587,9,0.9277597402597403,1.1990163927516234e-05
FengQ_2015,3554,UniRef90_A6KWC5,1143,0.014736109269,9,0.9277597402597403,1.1961127653409091e-05
FengQ_2015,3555,UniRef90_A6L330,1143,0.0147316893861,9,0.9277597402597403,1.195754008612013e-05
FengQ_2015,3556,UniRef90_B6VUL0,1143,0.0147059179291,9,0.9277597402597403,1.1936621695698052e-05
FengQ_2015,3557,UniRef90_A0A076J1Q0,1143,0.014703172383999999,9,0.9277597402597403,1.1934393168831167e-05
FengQ_2015,3558,UniRef90_A0A076IP68,1143,0.01469659066,9,0.9277597402597403,1.192905086038961e-05
FengQ_2015,3559,UniRef90_A0A076J3F4,1143,0.014681309399,9,0.9277597402597403,1.1916647239448051e-05
FengQ_2015,3560,UniRef90_A0A076ISS3,1143,0.0146734768341,9,0.9277597402597403,1.1910289638068183e-05
FengQ_2015,3561,UniRef90_A0A076J654,1143,0.014605336586999999,9,0.9277597402597403,1.1854980995941557e-05
FengQ_2015,3562,UniRef90_A0A1Y4PNI8,1143,0.014577254332,9,0.9277597402597403,1.1832186957792207e-05
FengQ_2015,3563,UniRef90_A0A076J1V1,1143,0.014572934372000001,9,0.9277597402597403,1.1828680496753247e-05
FengQ_2015,3564,UniRef90_A0A076IT69,1143,0.0145465371625,9,0.9277597402597403,1.180725419034091e-05
FengQ_2015,3565,UniRef90_D5AGI1,1143,0.0144960566741,9,0.9277597402597403,1.1766279767938312e-05
FengQ_2015,3566,UniRef90_A0A0M1VYD5,1143,0.0143241203898,9,0.9277597402597403,1.1626721095616883e-05
FengQ_2015,3567,UniRef90_A0A1Y3ZLX9,1143,0.014309023265,9,0.9277597402597403,1.1614466935876623e-05
FengQ_2015,3568,UniRef90_A0A396B9B1,1143,0.0143058713343,9,0.9277597402597403,1.1611908550568182e-05
FengQ_2015,3569,UniRef90_A0A0K2HJ37,1143,0.014290724595999999,9,0.9277597402597403,1.159961412012987e-05
FengQ_2015,3570,UniRef90_C3REY9,1143,0.0142693013212,9,0.9277597402597403,1.1582225098376623e-05
FengQ_2015,3571,UniRef90_A0A1Y4PCJ7,1143,0.0142550741574,9,0.9277597402597403,1.1570677075811688e-05
FengQ_2015,3572,UniRef90_C3RFJ5,1143,0.0142528881196,9,0.9277597402597403,1.156890269448052e-05
FengQ_2015,3573,UniRef90_A0A076ITD9,1143,0.014237808684,9,0.9277597402597403,1.1556662892857143e-05
FengQ_2015,3574,UniRef90_A0A076II75,1143,0.014182949787,9,0.9277597402597403,1.151213456737013e-05
FengQ_2015,3575,UniRef90_A0A0P0LJQ7,1143,0.0141725248961,9,0.9277597402597403,1.1503672805275974e-05
FengQ_2015,3576,UniRef90_D1K074,1143,0.0141420823085,9,0.9277597402597403,1.1478962912743506e-05
FengQ_2015,3577,UniRef90_D1PM75,1143,0.0141369078735,9,0.9277597402597403,1.1474762884334417e-05
FengQ_2015,3578,UniRef90_D4V8P7,1143,0.014101648585000001,9,0.9277597402597403,1.1446143331980521e-05
FengQ_2015,3579,UniRef90_A0A076J2E9,1143,0.014006606990799999,9,0.9277597402597403,1.1368999180844155e-05
FengQ_2015,3580,UniRef90_A0A076INS8,1143,0.013988249804,9,0.9277597402597403,1.1354098866883117e-05
FengQ_2015,3581,UniRef90_A6KWQ7,1143,0.0139486351335,9,0.9277597402597403,1.1321944101866884e-05
FengQ_2015,3582,UniRef90_E5V055,1143,0.0139413006023,9,0.9277597402597403,1.131599074862013e-05
FengQ_2015,3583,UniRef90_A0A076J170,1143,0.013931762918099999,9,0.9277597402597403,1.1308249121834414e-05
FengQ_2015,3584,UniRef90_D1K925,1143,0.01388968607,9,0.9277597402597403,1.1274095836038962e-05
FengQ_2015,3585,UniRef90_A0A380ZIQ0,1143,0.013847783816000001,9,0.9277597402597403,1.1240084266233767e-05
FengQ_2015,3586,UniRef90_I9IHY3,1143,0.013844978651,9,0.9277597402597403,1.1237807346590908e-05
FengQ_2015,3587,UniRef90_A0A076J5E4,1143,0.0138205687237,9,0.9277597402597403,1.1217994093912337e-05
FengQ_2015,3588,UniRef90_A0A076ITR9,1143,0.0137655101508999,9,0.9277597402597403,1.1173303693912257e-05
FengQ_2015,3589,UniRef90_A0A0P0M574,1143,0.01375447933,9,0.9277597402597403,1.116435010551948e-05
FengQ_2015,3590,UniRef90_A0A076IQ72,1143,0.01372361076,9,0.9277597402597403,1.1139294448051947e-05
FengQ_2015,3591,UniRef90_A0A395UP83,1143,0.013682350459,9,0.9277597402597403,1.1105803943993506e-05
FengQ_2015,3592,UniRef90_A0A076J1J4,1143,0.0136715207227,9,0.9277597402597403,1.109701357362013e-05
FengQ_2015,3593,UniRef90_A0A0P0M520,1143,0.0136709656265,9,0.9277597402597403,1.1096563008522727e-05
FengQ_2015,3594,UniRef90_A0A076IJA2,1143,0.013638975153099999,9,0.9277597402597403,1.107059671517857e-05
FengQ_2015,3595,UniRef90_D1K0J9,1143,0.013597818797,9,0.9277597402597403,1.103719058198052e-05
FengQ_2015,3596,UniRef90_A0A076J4G7,1143,0.013594290842,9,0.9277597402597403,1.1034326982142857e-05
FengQ_2015,3597,UniRef90_A0A076JA37,1143,0.0135772951858,9,0.9277597402597403,1.1020531806655844e-05
FengQ_2015,3598,UniRef90_A0A0K2HP99,1143,0.0135198737831,9,0.9277597402597403,1.0973923525243506e-05
FengQ_2015,3599,UniRef90_A0A076ISH7,1143,0.013511000257500001,9,0.9277597402597403,1.096672098823052e-05
FengQ_2015,3600,UniRef90_A0A0M1W2N0,1143,0.0134270514505,9,0.9277597402597403,1.0898580722808442e-05
FengQ_2015,3601,UniRef90_A0A174VX83,1143,0.0133538450424999,9,0.9277597402597403,1.0839159937094075e-05
FengQ_2015,3602,UniRef90_A0A076J6F3,1143,0.0132974735438,9,0.9277597402597403,1.0793403850487013e-05
FengQ_2015,3603,UniRef90_D4V707,1143,0.013264664479,9,0.9277597402597403,1.0766773116071428e-05
FengQ_2015,3604,UniRef90_A6L710,1143,0.0132589481489999,9,0.9277597402597403,1.0762133237824595e-05
FengQ_2015,3605,UniRef90_A0A395UUT7,1143,0.0132277743907,9,0.9277597402597403,1.0736829862581168e-05
FengQ_2015,3606,UniRef90_A0A076J865,1143,0.013208310965,9,0.9277597402597403,1.0721031627435064e-05
FengQ_2015,3607,UniRef90_A0A076ISC0,1143,0.013197888502,9,0.9277597402597403,1.0712571836038961e-05
FengQ_2015,3608,UniRef90_A0A076INY1,1143,0.013138554431499999,9,0.9277597402597403,1.066441106452922e-05
FengQ_2015,3609,UniRef90_A0A174ILV5,1143,0.013136865331299999,9,0.9277597402597403,1.066304004163961e-05
FengQ_2015,3610,UniRef90_A0A076JAP5,1143,0.013084301472000001,9,0.9277597402597403,1.0620374571428572e-05
FengQ_2015,3611,UniRef90_A0A076IPN1,1143,0.012988834052,9,0.9277597402597403,1.0542884782467532e-05
FengQ_2015,3612,UniRef90_D1K1D7,1143,0.012984004028,9,0.9277597402597403,1.0538964308441559e-05
FengQ_2015,3613,UniRef90_A0A396EWW7,1143,0.0129695178509,9,0.9277597402597403,1.0527206047808441e-05
FengQ_2015,3614,UniRef90_A0A395VKE8,1143,0.0128974911177,9,0.9277597402597403,1.0468742790340909e-05
FengQ_2015,3615,UniRef90_A0A076J9W6,1143,0.012860345031599999,9,0.9277597402597403,1.0438591746428571e-05
FengQ_2015,3616,UniRef90_I9SDA2,1143,0.012844944026399999,9,0.9277597402597403,1.042609093051948e-05
FengQ_2015,3617,UniRef90_A0A076IV82,1143,0.01281670149,9,0.9277597402597403,1.040316679383117e-05
FengQ_2015,3618,UniRef90_A0A174T8J2,1143,0.012813365014,9,0.9277597402597403,1.040045861525974e-05
FengQ_2015,3619,UniRef90_A0A076IMV5,1143,0.0127365803691,9,0.9277597402597403,1.0338133416477273e-05
FengQ_2015,3620,UniRef90_A0A076IRR9,1143,0.012736163713,9,0.9277597402597403,1.0337795221590908e-05
FengQ_2015,3621,UniRef90_D1K1Z1,1143,0.0127027364078,9,0.9277597402597403,1.031066266866883e-05
FengQ_2015,3622,UniRef90_A0A0K2HMX0,1143,0.012693562145,9,0.9277597402597403,1.0303216026785715e-05
FengQ_2015,3623,UniRef90_A0A0P0LIG2,1143,0.012618046915,9,0.9277597402597403,1.024192119724026e-05
FengQ_2015,3624,UniRef90_A0A078QX48,1143,0.012573703416999999,9,0.9277597402597403,1.0205928098214285e-05
FengQ_2015,3625,UniRef90_A0A396AKD0,1143,0.012547547909,9,0.9277597402597403,1.0184697978084415e-05
FengQ_2015,3626,UniRef90_E5UWS7,1143,0.0125359393029,9,0.9277597402597403,1.0175275408198051e-05
FengQ_2015,3627,UniRef90_B6VZN9,1143,0.0123427414866,9,0.9277597402597403,1.0018458998863638e-05
FengQ_2015,3628,UniRef90_A0A076IWJ5,1143,0.0123016471695,9,0.9277597402597403,9.985103221996753e-06
FengQ_2015,3629,UniRef90_A6L6A9,1143,0.0122820784851,9,0.9277597402597403,9.969219549594156e-06
FengQ_2015,3630,UniRef90_A0A1Y4PMS5,1143,0.0122565133852,9,0.9277597402597403,9.948468656818183e-06
FengQ_2015,3631,UniRef90_A0A0P0M3Y6,1143,0.01225151555,9,0.9277597402597403,9.944411972402598e-06
FengQ_2015,3632,UniRef90_C7H2N7,1143,0.012214703948799999,9,0.9277597402597403,9.914532425974025e-06
FengQ_2015,3633,UniRef90_A0A0P0LHW5,1143,0.0121904128691,9,0.9277597402597403,9.894815640503247e-06
FengQ_2015,3634,UniRef90_A0A076ITM0,1143,0.0121356778121,9,0.9277597402597403,9.850387834496752e-06
FengQ_2015,3635,UniRef90_D4V530,1143,0.012091080879,9,0.9277597402597403,9.814189025162338e-06
FengQ_2015,3636,UniRef90_B6W305,1143,0.01209048025,9,0.9277597402597403,9.813701501623377e-06
FengQ_2015,3637,UniRef90_A0A0N7J7N4,1143,0.012023277117,9,0.9277597402597403,9.759153504058442e-06
FengQ_2015,3638,UniRef90_C3RBJ7,1143,0.012014557774,9,0.9277597402597403,9.75207611525974e-06
FengQ_2015,3639,UniRef90_A0A0M1W1C3,1143,0.0119520553784,9,0.9277597402597403,9.701343651298701e-06
FengQ_2015,3640,UniRef90_B6VVC8,1143,0.011944615274,9,0.9277597402597403,9.695304605519481e-06
FengQ_2015,3641,UniRef90_A0A0N7J7M4,1143,0.0119441509292,9,0.9277597402597403,9.694927702272728e-06
FengQ_2015,3642,UniRef90_A0A076J6K5,1143,0.011858336802300001,9,0.9277597402597403,9.62527337849026e-06
FengQ_2015,3643,UniRef90_A0A0P0M491,1143,0.011850023767,9,0.9277597402597403,9.618525784902597e-06
FengQ_2015,3644,UniRef90_C3RG82,1143,0.0118007829951,9,0.9277597402597403,9.578557625892857e-06
FengQ_2015,3645,UniRef90_A0A076IR60,1143,0.011780913039799999,9,0.9277597402597403,9.562429415422077e-06
FengQ_2015,3646,UniRef90_A6L743,1143,0.011745413045,9,0.9277597402597403,9.533614484577921e-06
FengQ_2015,3647,UniRef90_A0A0N7J6N3,1143,0.0117401261692,9,0.9277597402597403,9.529323189285714e-06
FengQ_2015,3648,UniRef90_A0A0M1W4C1,1143,0.011652725475999999,9,0.9277597402597403,9.458381068181818e-06
FengQ_2015,3649,UniRef90_A0A174SRX7,1143,0.011613663235500001,9,0.9277597402597403,9.426674704139612e-06
FengQ_2015,3650,UniRef90_A0A0M1W1R8,1143,0.011563496549,9,0.9277597402597403,9.385954991071429e-06
FengQ_2015,3651,UniRef90_A0A076IXQ3,1143,0.0112773981268,9,0.9277597402597403,9.153732245779221e-06
FengQ_2015,3652,UniRef90_A0A076J8B4,1143,0.011245464901,9,0.9277597402597403,9.127812419642857e-06
FengQ_2015,3653,UniRef90_D4L499,1143,0.011166438983,9,0.9277597402597403,9.063668005681817e-06
FengQ_2015,3654,UniRef90_F3PPZ9,1143,0.011155429467199999,9,0.9277597402597403,9.054731710389609e-06
FengQ_2015,3655,UniRef90_A0A0P0LI34,1143,0.011092154967799901,9,0.9277597402597403,9.003372538798621e-06
FengQ_2015,3656,UniRef90_C4ZEP6,1143,0.0108951822135,9,0.9277597402597403,8.843492056412337e-06
FengQ_2015,3657,UniRef90_D4VCT1,1143,0.010778469815900001,9,0.9277597402597403,8.748757967451299e-06
FengQ_2015,3658,UniRef90_A0A0M1W4C3,1143,0.0107770759413,9,0.9277597402597403,8.74762657573052e-06
FengQ_2015,3659,UniRef90_A6L3K9,1143,0.0107386166098999,9,0.9277597402597403,8.716409585957711e-06
FengQ_2015,3660,UniRef90_A0A076IUP2,1143,0.010698556518899999,9,0.9277597402597403,8.68389327832792e-06
FengQ_2015,3661,UniRef90_A0A076IKT1,1143,0.0101205434239,9,0.9277597402597403,8.214726805113636e-06
FengQ_2015,3662,UniRef90_A0A174J2T5,1143,0.010106141234,9,0.9277597402597403,8.203036715909092e-06
FengQ_2015,3663,UniRef90_A0A076IT92,1143,0.010027503731,9,0.9277597402597403,8.139207573863637e-06
FengQ_2015,3664,UniRef90_A0A397WP29,1143,0.0100120813581,9,0.9277597402597403,8.126689414042208e-06
FengQ_2015,3665,UniRef90_C8ZZG9,1143,0.00990556593968,9,0.9277597402597403,8.040232093896105e-06
FengQ_2015,3666,UniRef90_A0A174PQ98,1143,0.008931676687,9,0.9277597402597403,7.249737570616883e-06
FengQ_2015,3667,UniRef90_R6J3J6,1143,0.0086552517117,9,0.9277597402597403,7.025366649107143e-06
FengQ_2015,3668,UniRef90_A0A173VAN3,1143,0.0085589554197,9,0.9277597402597403,6.9472040744318186e-06
FengQ_2015,3669,UniRef90_R5WZT6,1143,0.0070917632459,9,0.9277597402597403,5.756301335957792e-06
FengQ_2015,3670,UniRef90_A0A3D2LTE3,1143,0.0068811503672,9,0.9277597402597403,5.585349324025975e-06
FengQ_2015,3671,UniRef90_Q8AAP5,1143,0.0068051671687,9,0.9277597402597403,5.523674649918832e-06
FengQ_2015,3672,UniRef90_K5CIT4,1143,0.0067358679279,9,0.9277597402597403,5.4674252661525976e-06
FengQ_2015,3673,UniRef90_R6JAN0,1143,0.006628198458,9,0.9277597402597403,5.380031215909091e-06
FengQ_2015,3674,UniRef90_R5U995,1143,0.0062502396509,9,0.9277597402597403,5.073246469886364e-06
FengQ_2015,3675,UniRef90_A0A3E4XS79,1143,0.00620282486067,9,0.9277597402597403,5.034760438855519e-06
FengQ_2015,3676,UniRef90_Q8A375,1143,0.0061710157751,9,0.9277597402597403,5.008941375892857e-06
FengQ_2015,3677,UniRef90_A0A0P0FHX0,1143,0.006059228604,9,0.9277597402597403,4.9182050357142854e-06
FengQ_2015,3678,UniRef90_A0A0P0FB01,1143,0.0059135768563,9,0.9277597402597403,4.799981214529221e-06
FengQ_2015,3679,UniRef90_A0A174WP84,1143,0.0058674469150499994,9,0.9277597402597403,4.762538080397727e-06
FengQ_2015,3680,UniRef90_A0A173YN42,1143,0.0058659557273,9,0.9277597402597403,4.761327700730519e-06
FengQ_2015,3681,UniRef90_C0CK36,1143,0.0054241345919,9,0.9277597402597403,4.40270664926948e-06
FengQ_2015,3682,UniRef90_Q8A9N9,1143,0.0053265744688,9,0.9277597402597403,4.323518237662338e-06
FengQ_2015,3683,UniRef90_A0A396DXP6,1143,0.0051946904677,9,0.9277597402597403,4.2164695354707796e-06
FengQ_2015,3684,UniRef90_D4WDP4,1143,0.005184396845,9,0.9277597402597403,4.20811432224026e-06
FengQ_2015,3685,UniRef90_R7GY78,1143,0.0048279547235,9,0.9277597402597403,3.918794418425324e-06
FengQ_2015,3686,UniRef90_U2DJP4,1143,0.0047156089235,9,0.9277597402597403,3.827604645698052e-06
FengQ_2015,3687,UniRef90_A0A174AR61,1142,0.039799666363,9,0.926948051948052,3.230492399594156e-05
FengQ_2015,3688,UniRef90_R6Q0Q6,1142,0.0310718693034,9,0.926948051948052,2.5220673135876624e-05
FengQ_2015,3689,UniRef90_A6KZL6,1142,0.029866915,9,0.926948051948052,2.424262581168831e-05
FengQ_2015,3690,UniRef90_A0A1Y4PSS9,1142,0.026734839086299998,9,0.926948051948052,2.170035640121753e-05
FengQ_2015,3691,UniRef90_A0A0K2HI64,1142,0.025817760446,9,0.926948051948052,2.0955974387987012e-05
FengQ_2015,3692,UniRef90_A0A076IHV0,1142,0.023860118367700002,9,0.926948051948052,1.936697919456169e-05
FengQ_2015,3693,UniRef90_A0A076J0M1,1142,0.022721575323999998,9,0.926948051948052,1.844283711363636e-05
FengQ_2015,3694,UniRef90_A0A069SLM8,1142,0.0196762597409,9,0.926948051948052,1.597099004943182e-05
FengQ_2015,3695,UniRef90_A0A076J784,1142,0.0194903534381,9,0.926948051948052,1.582009207637987e-05
FengQ_2015,3696,UniRef90_B6VTI6,1142,0.0191619752563,9,0.926948051948052,1.555355134439935e-05
FengQ_2015,3697,UniRef90_A6L0W6,1142,0.019054559090000003,9,0.926948051948052,1.5466362897727274e-05
FengQ_2015,3698,UniRef90_A0A174NCV0,1142,0.018886494820000002,9,0.926948051948052,1.5329947094155846e-05
FengQ_2015,3699,UniRef90_A0A076IX96,1142,0.0188588172771,9,0.926948051948052,1.530748155608766e-05
FengQ_2015,3700,UniRef90_A0A0M1VZB7,1142,0.0178828614103,9,0.926948051948052,1.4515309586282466e-05
FengQ_2015,3701,UniRef90_A0A076ILU1,1142,0.017732788407,9,0.926948051948052,1.4393497083603896e-05
FengQ_2015,3702,UniRef90_B6W049,1142,0.017606880199599998,9,0.926948051948052,1.4291298863311687e-05
FengQ_2015,3703,UniRef90_A0A076J569,1142,0.017592754577,9,0.926948051948052,1.4279833260551946e-05
FengQ_2015,3704,UniRef90_A0A0D8IZW9,1142,0.0175473502853,9,0.926948051948052,1.424297912767857e-05
FengQ_2015,3705,UniRef90_A0A076IYL4,1142,0.017519131526,9,0.926948051948052,1.4220074290584416e-05
FengQ_2015,3706,UniRef90_A0A076IVP1,1142,0.0172634158231,9,0.926948051948052,1.4012512843425323e-05
FengQ_2015,3707,UniRef90_A0A0P0M1B5,1142,0.017261373586,9,0.926948051948052,1.4010855183441558e-05
FengQ_2015,3708,UniRef90_A0A076J4R7,1142,0.017214787426,9,0.926948051948052,1.3973041741883118e-05
FengQ_2015,3709,UniRef90_A0A1Y4PBJ5,1142,0.0171850511717,9,0.926948051948052,1.3948905171834416e-05
FengQ_2015,3710,UniRef90_A0A0K2HHQ5,1142,0.0170628338092,9,0.926948051948052,1.3849702767207794e-05
FengQ_2015,3711,UniRef90_A0A0K2HQ24,1142,0.0168508709138,9,0.926948051948052,1.3677654962500001e-05
FengQ_2015,3712,UniRef90_C3RAI3,1142,0.0168275712728,9,0.926948051948052,1.3658742916233767e-05
FengQ_2015,3713,UniRef90_D4V874,1142,0.016815219659900002,9,0.926948051948052,1.364871725641234e-05
FengQ_2015,3714,UniRef90_B6VX38,1142,0.016681521702999903,9,0.926948051948052,1.3540196187499922e-05
FengQ_2015,3715,UniRef90_D4VEG4,1142,0.0165722512199999,9,0.926948051948052,1.3451502613636282e-05
FengQ_2015,3716,UniRef90_I8WGC1,1142,0.016540475825,9,0.926948051948052,1.3425710896915585e-05
FengQ_2015,3717,UniRef90_A0A076J0R6,1142,0.0164957493538,9,0.926948051948052,1.338940694301948e-05
FengQ_2015,3718,UniRef90_I8ZQ06,1142,0.0162955422069,9,0.926948051948052,1.3226901141964285e-05
FengQ_2015,3719,UniRef90_A0A0K2HFG6,1142,0.015952319042,9,0.926948051948052,1.2948310910714285e-05
FengQ_2015,3720,UniRef90_A0A0K2HIF6,1142,0.015941135186,9,0.926948051948052,1.293923310551948e-05
FengQ_2015,3721,UniRef90_A0A076IPI2,1142,0.0158167817701,9,0.926948051948052,1.2838296891314935e-05
FengQ_2015,3722,UniRef90_D4V5S7,1142,0.015803896666999998,9,0.926948051948052,1.2827838203733765e-05
FengQ_2015,3723,UniRef90_A0A173YBA3,1142,0.0153973981099,9,0.926948051948052,1.2497888076217532e-05
FengQ_2015,3724,UniRef90_A0A0N7J7E1,1142,0.015382319517,9,0.926948051948052,1.2485648958603896e-05
FengQ_2015,3725,UniRef90_A0A0P0M667,1142,0.0153514777627,9,0.926948051948052,1.2460615067126622e-05
FengQ_2015,3726,UniRef90_D4V5A7,1142,0.0153277485457,9,0.926948051948052,1.2441354339042208e-05
FengQ_2015,3727,UniRef90_A0A076INV9,1142,0.0152557569221,9,0.926948051948052,1.2382919579626623e-05
FengQ_2015,3728,UniRef90_A0A0P0M5K5,1142,0.0152236915776,9,0.926948051948052,1.2356892514285715e-05
FengQ_2015,3729,UniRef90_A0A3E2TWW7,1142,0.0152188300279,9,0.926948051948052,1.2352946451217532e-05
FengQ_2015,3730,UniRef90_C6Z7F9,1142,0.0151777514798,9,0.926948051948052,1.2319603473863636e-05
FengQ_2015,3731,UniRef90_A0A1L5KG17,1142,0.015176557505,9,0.926948051948052,1.2318634338474026e-05
FengQ_2015,3732,UniRef90_A0A0K2HHM4,1142,0.0150773222287,9,0.926948051948052,1.2238086224594156e-05
FengQ_2015,3733,UniRef90_A0A076IVN9,1142,0.0150156316300999,9,0.926948051948052,1.21880126867694e-05
FengQ_2015,3734,UniRef90_A0A076ITZ9,1142,0.014974486671899899,9,0.926948051948052,1.2154615805113554e-05
FengQ_2015,3735,UniRef90_A0A076J2N4,1142,0.014956254066,9,0.926948051948052,1.2139816612012986e-05
FengQ_2015,3736,UniRef90_K9EIH7,1142,0.0149394374013,9,0.926948051948052,1.2126166721834416e-05
FengQ_2015,3737,UniRef90_A0A076IS76,1142,0.0148743351524,9,0.926948051948052,1.2073323987337661e-05
FengQ_2015,3738,UniRef90_A0A174V479,1142,0.014807513823,9,0.926948051948052,1.2019085895292208e-05
FengQ_2015,3739,UniRef90_A0A0P0M242,1142,0.0147838823301,9,0.926948051948052,1.1999904488717532e-05
FengQ_2015,3740,UniRef90_D1K0K1,1142,0.014743767648,9,0.926948051948052,1.1967343870129871e-05
FengQ_2015,3741,UniRef90_A0A076J6R5,1142,0.0146729185201,9,0.926948051948052,1.190983646112013e-05
FengQ_2015,3742,UniRef90_A0A0P0LI08,1142,0.014567750988999999,9,0.926948051948052,1.1824473205357142e-05
FengQ_2015,3743,UniRef90_A0A076IQV4,1142,0.014556379502,9,0.926948051948052,1.1815243102272728e-05
FengQ_2015,3744,UniRef90_A0A0P0LMU7,1142,0.014544072671,9,0.926948051948052,1.1805253791396105e-05
FengQ_2015,3745,UniRef90_A0A174YSV0,1142,0.014483441541,9,0.926948051948052,1.175604021185065e-05
FengQ_2015,3746,UniRef90_A0A076IUP9,1142,0.014368926559,9,0.926948051948052,1.1663089739448052e-05
FengQ_2015,3747,UniRef90_A0A076J8S0,1142,0.014348073815000001,9,0.926948051948052,1.1646163810876623e-05
FengQ_2015,3748,UniRef90_A0A174VN96,1142,0.0143192105324,9,0.926948051948052,1.1622735821753246e-05
FengQ_2015,3749,UniRef90_R6M820,1142,0.014317530132099899,9,0.926948051948052,1.1621371860470697e-05
FengQ_2015,3750,UniRef90_I8WJY7,1142,0.0142859578940999,9,0.926948051948052,1.1595745043912256e-05
FengQ_2015,3751,UniRef90_A0A076J593,1142,0.014165395497,9,0.926948051948052,1.1497885955357143e-05
FengQ_2015,3752,UniRef90_A0A076J6I8,1142,0.0141152399308,9,0.926948051948052,1.1457175268506492e-05
FengQ_2015,3753,UniRef90_A0A076IN53,1142,0.0140881324189,9,0.926948051948052,1.1435172417938311e-05
FengQ_2015,3754,UniRef90_A0A076J8S3,1142,0.0140829965184,9,0.926948051948052,1.1431003667532467e-05
FengQ_2015,3755,UniRef90_A0A076IW88,1142,0.0140362968512,9,0.926948051948052,1.1393098093506494e-05
FengQ_2015,3756,UniRef90_A0A329U2G8,1142,0.0139815547336,9,0.926948051948052,1.1348664556493506e-05
FengQ_2015,3757,UniRef90_A0A076INI7,1142,0.013978226831399999,9,0.926948051948052,1.1345963337175324e-05
FengQ_2015,3758,UniRef90_A6L3D0,1142,0.013952667075,9,0.926948051948052,1.1325216781655844e-05
FengQ_2015,3759,UniRef90_A0A076IYY7,1142,0.013927788227,9,0.926948051948052,1.1305022911525974e-05
FengQ_2015,3760,UniRef90_A0A076IK37,1142,0.013888919266,9,0.926948051948052,1.1273473430194804e-05
FengQ_2015,3761,UniRef90_A0A076IQC8,1142,0.013884465121,9,0.926948051948052,1.1269858052759741e-05
FengQ_2015,3762,UniRef90_F3PJ22,1142,0.0138808785579,9,0.926948051948052,1.1266946881412337e-05
FengQ_2015,3763,UniRef90_A0A076IKG2,1142,0.013861417683000001,9,0.926948051948052,1.125115071672078e-05
FengQ_2015,3764,UniRef90_D1JXT2,1142,0.0137931319142,9,0.926948051948052,1.119572395633117e-05
FengQ_2015,3765,UniRef90_E5UXH4,1142,0.0137712954259,9,0.926948051948052,1.117799953400974e-05
FengQ_2015,3766,UniRef90_A0A396B4Z9,1142,0.013692171174699999,9,0.926948051948052,1.111377530413961e-05
FengQ_2015,3767,UniRef90_I9FYW9,1142,0.013680012649,9,0.926948051948052,1.1103906370941559e-05
FengQ_2015,3768,UniRef90_A0A0K2HLD7,1142,0.0136568494419,9,0.926948051948052,1.1085105066477272e-05
FengQ_2015,3769,UniRef90_D4V4L9,1142,0.0135490821949999,9,0.926948051948052,1.0997631651785633e-05
FengQ_2015,3770,UniRef90_A0A396F4P6,1142,0.013527797266,9,0.926948051948052,1.0980354923701298e-05
FengQ_2015,3771,UniRef90_A0A174L9N7,1142,0.0135070998023,9,0.926948051948052,1.0963555034334416e-05
FengQ_2015,3772,UniRef90_B6VSZ1,1142,0.013504823766800001,9,0.926948051948052,1.0961707602922078e-05
FengQ_2015,3773,UniRef90_A0A1Q6J016,1142,0.013400974251,9,0.926948051948052,1.0877414164772727e-05
FengQ_2015,3774,UniRef90_A0A076IK90,1142,0.0133555632174,9,0.926948051948052,1.0840554559577922e-05
FengQ_2015,3775,UniRef90_A0A396EZE9,1142,0.013339662418,9,0.926948051948052,1.0827648066558442e-05
FengQ_2015,3776,UniRef90_A0A1Y4PKT0,1142,0.013330358911500001,9,0.926948051948052,1.0820096519074676e-05
FengQ_2015,3777,UniRef90_E5UYI2,1142,0.0132796608157,9,0.926948051948052,1.077894546728896e-05
FengQ_2015,3778,UniRef90_A0A076J4A1,1142,0.013242080644,9,0.926948051948052,1.0748442081168831e-05
FengQ_2015,3779,UniRef90_A0A076IQS3,1142,0.013239965517299999,9,0.926948051948052,1.07467252575487e-05
FengQ_2015,3780,UniRef90_A0A1Y3ZLJ5,1142,0.0132370008244,9,0.926948051948052,1.0744318850974026e-05
FengQ_2015,3781,UniRef90_I9QT74,1142,0.0132288606300999,9,0.926948051948052,1.0737711550405762e-05
FengQ_2015,3782,UniRef90_A0A174RMW0,1142,0.013215838152000002,9,0.926948051948052,1.0727141357142858e-05
FengQ_2015,3783,UniRef90_D4V6R4,1142,0.0131993363932,9,0.926948051948052,1.0713747072402597e-05
FengQ_2015,3784,UniRef90_A0A076IN50,1142,0.0131877080168,9,0.926948051948052,1.0704308455194805e-05
FengQ_2015,3785,UniRef90_A0A0M1VYI5,1142,0.0131490245729999,9,0.926948051948052,1.0672909556006411e-05
FengQ_2015,3786,UniRef90_A0A139KLM2,1142,0.013098396527,9,0.926948051948052,1.0631815362824674e-05
FengQ_2015,3787,UniRef90_A0A174QUM5,1142,0.013058649954,9,0.926948051948052,1.059955353409091e-05
FengQ_2015,3788,UniRef90_A0A0P0M2C5,1142,0.0130360024701,9,0.926948051948052,1.058117083612013e-05
FengQ_2015,3789,UniRef90_D1K4C5,1142,0.013034964119,9,0.926948051948052,1.058032801866883e-05
FengQ_2015,3790,UniRef90_A0A076IT13,1142,0.0130348697054,9,0.926948051948052,1.0580251384253246e-05
FengQ_2015,3791,UniRef90_U6RGU2,1142,0.013034027747,9,0.926948051948052,1.057956797646104e-05
FengQ_2015,3792,UniRef90_A0A076IW76,1142,0.0130193065457,9,0.926948051948052,1.0567618949431819e-05
FengQ_2015,3793,UniRef90_A0A1Y4PI76,1142,0.012975079236200001,9,0.926948051948052,1.0531720159253247e-05
FengQ_2015,3794,UniRef90_A0A174THN8,1142,0.012974997827,9,0.926948051948052,1.0531654080357144e-05
FengQ_2015,3795,UniRef90_A0A0K2HNE0,1142,0.0129547881952,9,0.926948051948052,1.0515250158441559e-05
FengQ_2015,3796,UniRef90_A0A076J7B1,1142,0.012890946856,9,0.926948051948052,1.046343088961039e-05
FengQ_2015,3797,UniRef90_A6L4G3,1142,0.0128904704311,9,0.926948051948052,1.0463044181087663e-05
FengQ_2015,3798,UniRef90_C3RD31,1142,0.012857513022,9,0.926948051948052,1.0436293037337662e-05
FengQ_2015,3799,UniRef90_A0A076JBC9,1142,0.0128436593396,9,0.926948051948052,1.042504816525974e-05
FengQ_2015,3800,UniRef90_A0A0P0M2M0,1142,0.0128397508128,9,0.926948051948052,1.042187565974026e-05
FengQ_2015,3801,UniRef90_A0A076IRD1,1142,0.0128187468555,9,0.926948051948052,1.0404826993100649e-05
FengQ_2015,3802,UniRef90_A0A0M1W1W1,1142,0.012798101735,9,0.926948051948052,1.0388069590097402e-05
FengQ_2015,3803,UniRef90_A0A0N7J7P1,1142,0.012668179054,9,0.926948051948052,1.0282612868506494e-05
FengQ_2015,3804,UniRef90_C3RC03,1142,0.0126274648411,9,0.926948051948052,1.0249565617775974e-05
FengQ_2015,3805,UniRef90_C3R520,1142,0.0126183779262,9,0.926948051948052,1.0242189875162339e-05
FengQ_2015,3806,UniRef90_A6L4C6,1142,0.012582668419399999,9,0.926948051948052,1.0213204885876623e-05
FengQ_2015,3807,UniRef90_A0A0K2HML4,1142,0.0125590274581,9,0.926948051948052,1.0194015793912337e-05
FengQ_2015,3808,UniRef90_A0A076JB61,1142,0.0124070772502,9,0.926948051948052,1.0070679586201298e-05
FengQ_2015,3809,UniRef90_A0A0P0M3N9,1142,0.0123334385826,9,0.926948051948052,1.0010907940422077e-05
FengQ_2015,3810,UniRef90_A0A076IMP9,1142,0.012302631881999999,9,0.926948051948052,9.985902501623375e-06
FengQ_2015,3811,UniRef90_A0A173WTQ6,1142,0.0122368539098,9,0.926948051948052,9.932511290422078e-06
FengQ_2015,3812,UniRef90_B6W4G0,1142,0.012194645911,9,0.926948051948052,9.898251551136364e-06
FengQ_2015,3813,UniRef90_I9FAM5,1142,0.012160765946399999,9,0.926948051948052,9.87075157987013e-06
FengQ_2015,3814,UniRef90_A0A076IS17,1142,0.0121588723414,9,0.926948051948052,9.869214562824674e-06
FengQ_2015,3815,UniRef90_C6Z8Z0,1142,0.012152587891,9,0.926948051948052,9.864113547889611e-06
FengQ_2015,3816,UniRef90_A6L5J0,1142,0.0121216976865,9,0.926948051948052,9.839040329951298e-06
FengQ_2015,3817,UniRef90_I9RF72,1142,0.012112436799,9,0.926948051948052,9.831523375811688e-06
FengQ_2015,3818,UniRef90_C3RG91,1142,0.012106038438,9,0.926948051948052,9.826329900974027e-06
FengQ_2015,3819,UniRef90_A0A1Y3ZIK0,1142,0.012100000364,9,0.926948051948052,9.821428866883117e-06
FengQ_2015,3820,UniRef90_A0A0M1W4F3,1142,0.0120986504668,9,0.926948051948052,9.820333171103896e-06
FengQ_2015,3821,UniRef90_C3R4H6,1142,0.0120630550629,9,0.926948051948052,9.791440797808443e-06
FengQ_2015,3822,UniRef90_A0A0M1W2B1,1142,0.0119797501333,9,0.926948051948052,9.723823160146105e-06
FengQ_2015,3823,UniRef90_A7VI75,1142,0.0119753103416,9,0.926948051948052,9.720219433116883e-06
FengQ_2015,3824,UniRef90_A0A1Y4P963,1142,0.011949952842,9,0.926948051948052,9.699637047077922e-06
FengQ_2015,3825,UniRef90_A0A174PHW9,1142,0.0119495476973,9,0.926948051948052,9.69930819586039e-06
FengQ_2015,3826,UniRef90_A6L3M0,1142,0.0119098004501,9,0.926948051948052,9.667045819886363e-06
FengQ_2015,3827,UniRef90_A0A0K2HMJ5,1142,0.011843683549,9,0.926948051948052,9.613379504058442e-06
FengQ_2015,3828,UniRef90_A6L6E8,1142,0.0117949921652,9,0.926948051948052,9.573857276948051e-06
FengQ_2015,3829,UniRef90_A0A0M1W1V7,1142,0.0117897331849,9,0.926948051948052,9.569588624107143e-06
FengQ_2015,3830,UniRef90_B6W1K0,1142,0.011721550991000002,9,0.926948051948052,9.514245934253249e-06
FengQ_2015,3831,UniRef90_I9FMQ5,1142,0.011672975758,9,0.926948051948052,9.47481798538961e-06
FengQ_2015,3832,UniRef90_A0A174R4F0,1142,0.011670707609,9,0.926948051948052,9.472976955357143e-06
FengQ_2015,3833,UniRef90_A0A076INP0,1142,0.0116488880672,9,0.926948051948052,9.455266288311688e-06
FengQ_2015,3834,UniRef90_C3R7G4,1142,0.0116072689706,9,0.926948051948052,9.421484554058441e-06
FengQ_2015,3835,UniRef90_A0A174PZ91,1142,0.0114748484976,9,0.926948051948052,9.314000403896105e-06
FengQ_2015,3836,UniRef90_A0A396BBP9,1142,0.011409812648,9,0.926948051948052,9.261211564935064e-06
FengQ_2015,3837,UniRef90_A0A174QHI7,1142,0.0113854716565,9,0.926948051948052,9.24145426663961e-06
FengQ_2015,3838,UniRef90_A0A0P0M475,1142,0.0111888271124,9,0.926948051948052,9.081840188636363e-06
FengQ_2015,3839,UniRef90_A0A0P0LJ92,1142,0.011164895138,9,0.926948051948052,9.06241488474026e-06
FengQ_2015,3840,UniRef90_A0A1H7F8J7,1142,0.0111594086899,9,0.926948051948052,9.057961598944805e-06
FengQ_2015,3841,UniRef90_A0A076IPM6,1142,0.0108319964711,9,0.926948051948052,8.792204927840908e-06
FengQ_2015,3842,UniRef90_A0A397WJL7,1142,0.010603419282199999,9,0.926948051948052,8.606671495292207e-06
FengQ_2015,3843,UniRef90_D1JY20,1142,0.010601579346,9,0.926948051948052,8.605178040584415e-06
FengQ_2015,3844,UniRef90_B6VS41,1142,0.010600179212499899,9,0.926948051948052,8.604041568587581e-06
FengQ_2015,3845,UniRef90_A0A174Q8M0,1142,0.010311144796,9,0.926948051948052,8.36943571103896e-06
FengQ_2015,3846,UniRef90_A0A174GEG1,1142,0.010118258516,9,0.926948051948052,8.212872172077922e-06
FengQ_2015,3847,UniRef90_A0A0K2HP71,1142,0.0100156086989999,9,0.926948051948052,8.129552515421998e-06
FengQ_2015,3848,UniRef90_A0A0M6WF48,1142,0.009485368631,9,0.926948051948052,7.699162849837662e-06
FengQ_2015,3849,UniRef90_A0A076ISN8,1142,0.0089484952883,9,0.926948051948052,7.263389032711038e-06
FengQ_2015,3850,UniRef90_A0A396FMV1,1142,0.00815957425,9,0.926948051948052,6.6230310470779215e-06
FengQ_2015,3851,UniRef90_A0A1C7GWV7,1142,0.0080609673004,9,0.926948051948052,6.542992938636364e-06
FengQ_2015,3852,UniRef90_R5RCI1,1142,0.0077556582751,9,0.926948051948052,6.295177171347403e-06
FengQ_2015,3853,UniRef90_V8CGP7,1142,0.00705781130896,9,0.926948051948052,5.728742945584416e-06
FengQ_2015,3854,UniRef90_A0A0P0FD19,1142,0.0069467870645,9,0.926948051948052,5.638625864042208e-06
FengQ_2015,3855,UniRef90_J9GA88,1142,0.00639425171,9,0.926948051948052,5.190139375e-06
FengQ_2015,3856,UniRef90_R6SB02,1142,0.0059541711443,9,0.926948051948052,4.83293112362013e-06
FengQ_2015,3857,UniRef90_Q8A2B0,1142,0.0059359585624999996,9,0.926948051948052,4.818148183847402e-06
FengQ_2015,3858,UniRef90_R6T2Y9,1142,0.005879578886999999,9,0.926948051948052,4.772385460227272e-06
FengQ_2015,3859,UniRef90_I9URV1,1142,0.0057411244121,9,0.926948051948052,4.6600035812500005e-06
FengQ_2015,3860,UniRef90_A7M2L9,1142,0.005609294067,9,0.926948051948052,4.5529984310064936e-06
FengQ_2015,3861,UniRef90_Q8A8C3,1142,0.0055366071,9,0.926948051948052,4.4939992694805195e-06
FengQ_2015,3862,UniRef90_R6JNB1,1142,0.0054254191102,9,0.926948051948052,4.40374927775974e-06
FengQ_2015,3863,UniRef90_R6W1P0,1142,0.0052874675650000005,9,0.926948051948052,4.291775620941559e-06
FengQ_2015,3864,UniRef90_C6IIK9,1142,0.0050916342750000005,9,0.926948051948052,4.132820028409091e-06
FengQ_2015,3865,UniRef90_C7H719,1142,0.00500876872,9,0.926948051948052,4.065559025974026e-06
FengQ_2015,3866,UniRef90_B7ATA7,1142,0.0038287587291,9,0.926948051948052,3.107758708685065e-06
FengQ_2015,3867,UniRef90_A0A0F0CD99,1142,0.0024938351877999997,9,0.926948051948052,2.0242168732142855e-06
FengQ_2015,3868,UniRef90_A0A330I026,1142,0.0005858160676,9,0.926948051948052,4.7550005487012987e-07
FengQ_2015,3869,UniRef90_A0A127SMK3,1141,0.0408231700879,9,0.9261363636363636,3.313569000641234e-05
FengQ_2015,3870,UniRef90_A0A174FKB5,1141,0.035215147396699994,9,0.9261363636363636,2.8583723536282463e-05
FengQ_2015,3871,UniRef90_A0A3A6A667,1141,0.0231167873997,9,0.9261363636363636,1.8763626136120128e-05
FengQ_2015,3872,UniRef90_A0A076J2W0,1141,0.022848884344,9,0.9261363636363636,1.8546172357142855e-05
FengQ_2015,3873,UniRef90_A0A076IYY6,1141,0.022525110612,9,0.9261363636363636,1.8283369003246752e-05
FengQ_2015,3874,UniRef90_A0A076IYU5,1141,0.019710605816,9,0.9261363636363636,1.5998868357142856e-05
FengQ_2015,3875,UniRef90_A0A076J3Z5,1141,0.0196014575959,9,0.9261363636363636,1.59102740226461e-05
FengQ_2015,3876,UniRef90_A0A396BMS3,1141,0.018867269681199998,9,0.9261363636363636,1.5314342273701297e-05
FengQ_2015,3877,UniRef90_A0A0K2HNU9,1141,0.0185520686297,9,0.9261363636363636,1.5058497264366882e-05
FengQ_2015,3878,UniRef90_A0A0P0L443,1141,0.018311372687,9,0.9261363636363636,1.4863127181006494e-05
FengQ_2015,3879,UniRef90_A6L0V0,1141,0.0174250138341,9,0.9261363636363636,1.4143680060146104e-05
FengQ_2015,3880,UniRef90_A0A076IYV9,1141,0.017126330492000002,9,0.9261363636363636,1.3901242282467534e-05
FengQ_2015,3881,UniRef90_A6L0Z9,1141,0.017016433219,9,0.9261363636363636,1.3812039950487013e-05
FengQ_2015,3882,UniRef90_A0A0K2HHJ7,1141,0.016800019859,9,0.9261363636363636,1.3636379755681817e-05
FengQ_2015,3883,UniRef90_A0A076J0I1,1141,0.0167852801871,9,0.9261363636363636,1.3624415736282467e-05
FengQ_2015,3884,UniRef90_A0A174GEG8,1141,0.016746306089,9,0.9261363636363636,1.3592780916396104e-05
FengQ_2015,3885,UniRef90_A0A174S0N9,1141,0.016600885338699998,9,0.9261363636363636,1.3474744593100647e-05
FengQ_2015,3886,UniRef90_A6KZ76,1141,0.0163252024691,9,0.9261363636363636,1.3250976030113636e-05
FengQ_2015,3887,UniRef90_D1K8F0,1141,0.016295450280100002,9,0.9261363636363636,1.3226826526055197e-05
FengQ_2015,3888,UniRef90_A0A076IPH3,1141,0.016295119498,9,0.9261363636363636,1.322655803409091e-05
FengQ_2015,3889,UniRef90_I9R5T1,1141,0.016129229554,9,0.9261363636363636,1.3091907105519482e-05
FengQ_2015,3890,UniRef90_A6KZP5,1141,0.01611486266,9,0.9261363636363636,1.3080245665584416e-05
FengQ_2015,3891,UniRef90_C3R9H3,1141,0.015846828861,9,0.9261363636363636,1.2862685763798703e-05
FengQ_2015,3892,UniRef90_D1K632,1141,0.0157323535322,9,0.9261363636363636,1.2769767477435065e-05
FengQ_2015,3893,UniRef90_D4V8Q9,1141,0.015600723467,9,0.9261363636363636,1.2662924892045455e-05
FengQ_2015,3894,UniRef90_A0A076IXB5,1141,0.015595185119899999,9,0.9261363636363636,1.265842948043831e-05
FengQ_2015,3895,UniRef90_A0A076IW16,1141,0.015548257263899998,9,0.9261363636363636,1.2620338688230518e-05
FengQ_2015,3896,UniRef90_A0A076IQ44,1141,0.015348140336,9,0.9261363636363636,1.2457906116883118e-05
FengQ_2015,3897,UniRef90_I9FPK5,1141,0.0153366359695,9,0.9261363636363636,1.244856815706169e-05
FengQ_2015,3898,UniRef90_A0A076J5R5,1141,0.015233881708399899,9,0.9261363636363636,1.2365163724350567e-05
FengQ_2015,3899,UniRef90_A6L6Z8,1141,0.0151179718989999,9,0.9261363636363636,1.2271081086850567e-05
FengQ_2015,3900,UniRef90_E5UQX1,1141,0.0150808514992,9,0.9261363636363636,1.2240950892207793e-05
FengQ_2015,3901,UniRef90_D1JYS5,1141,0.015003806641,9,0.9261363636363636,1.2178414481331168e-05
FengQ_2015,3902,UniRef90_A0A0M1W4Y2,1141,0.014782874618,9,0.9261363636363636,1.1999086540584416e-05
FengQ_2015,3903,UniRef90_C3RE45,1141,0.014748086278,9,0.9261363636363636,1.1970849251623376e-05
FengQ_2015,3904,UniRef90_A6L071,1141,0.014585343269,9,0.9261363636363636,1.183875265340909e-05
FengQ_2015,3905,UniRef90_A6L5H1,1141,0.014572842535,9,0.9261363636363636,1.1828605953733766e-05
FengQ_2015,3906,UniRef90_A0A076J997,1141,0.01452579742,9,0.9261363636363636,1.1790419983766234e-05
FengQ_2015,3907,UniRef90_A0A0P0LCQ4,1141,0.0145242131422,9,0.9261363636363636,1.1789134043993506e-05
FengQ_2015,3908,UniRef90_B6W1L6,1141,0.014458862575600001,9,0.9261363636363636,1.1736089752922079e-05
FengQ_2015,3909,UniRef90_A0A1Y3ZIE4,1141,0.0144516971696,9,0.9261363636363636,1.1730273676623377e-05
FengQ_2015,3910,UniRef90_A0A0M1W7M2,1141,0.014369249833,9,0.9261363636363636,1.1663352137175323e-05
FengQ_2015,3911,UniRef90_A6L4J6,1141,0.0143149623989999,9,0.9261363636363636,1.1619287661525893e-05
FengQ_2015,3912,UniRef90_U6RN91,1141,0.014267512844200001,9,0.9261363636363636,1.1580773412500001e-05
FengQ_2015,3913,UniRef90_A0A174IFZ3,1141,0.014252624383300001,9,0.9261363636363636,1.1568688622808442e-05
FengQ_2015,3914,UniRef90_A0A076IRA9,1141,0.014208144783,9,0.9261363636363636,1.1532585051136364e-05
FengQ_2015,3915,UniRef90_A0A076J730,1141,0.0141324126258999,9,0.9261363636363636,1.1471114144399269e-05
FengQ_2015,3916,UniRef90_A0A076J1S5,1141,0.014072983621600001,9,0.9261363636363636,1.1422876316233767e-05
FengQ_2015,3917,UniRef90_A0A0K2HKI6,1141,0.014069268838,9,0.9261363636363636,1.1419861069805195e-05
FengQ_2015,3918,UniRef90_A0A076IKY2,1141,0.014014519537,9,0.9261363636363636,1.137542170211039e-05
FengQ_2015,3919,UniRef90_A0A174IJS8,1141,0.0140051654591999,9,0.9261363636363636,1.1367829106493425e-05
FengQ_2015,3920,UniRef90_R5JPG2,1141,0.0140034022551,9,0.9261363636363636,1.1366397934334416e-05
FengQ_2015,3921,UniRef90_A0A0M1W816,1141,0.013980369930799999,9,0.9261363636363636,1.134770286590909e-05
FengQ_2015,3922,UniRef90_D4VEH1,1141,0.0139515116613,9,0.9261363636363636,1.132427894586039e-05
FengQ_2015,3923,UniRef90_A0A0M1W1Y5,1141,0.013946486163,9,0.9261363636363636,1.132019980762987e-05
FengQ_2015,3924,UniRef90_A6KXT0,1141,0.0139083398753,9,0.9261363636363636,1.128923691176948e-05
FengQ_2015,3925,UniRef90_A0A076IW46,1141,0.0139012842495,9,0.9261363636363636,1.1283509942775974e-05
FengQ_2015,3926,UniRef90_A0A076IWS9,1141,0.013877700432,9,0.9261363636363636,1.1264367233766233e-05
FengQ_2015,3927,UniRef90_A0A076J6H3,1141,0.0138488055727,9,0.9261363636363636,1.1240913614204546e-05
FengQ_2015,3928,UniRef90_A0A076J3D2,1141,0.013841310528999999,9,0.9261363636363636,1.1234829974837661e-05
FengQ_2015,3929,UniRef90_A0A076IKK6,1141,0.013829184460000001,9,0.9261363636363636,1.1224987386363638e-05
FengQ_2015,3930,UniRef90_C6Z107,1141,0.013825852713,9,0.9261363636363636,1.1222283046266235e-05
FengQ_2015,3931,UniRef90_A0A078R728,1141,0.013638471987000002,9,0.9261363636363636,1.1070188301136366e-05
FengQ_2015,3932,UniRef90_A0A1Y3ZRH0,1141,0.0135881735438,9,0.9261363636363636,1.1029361642694805e-05
FengQ_2015,3933,UniRef90_A0A0M1VYD7,1141,0.0135687005921,9,0.9261363636363636,1.1013555675405845e-05
FengQ_2015,3934,UniRef90_A6L2V8,1141,0.013545127887,9,0.9261363636363636,1.0994421986201299e-05
FengQ_2015,3935,UniRef90_A0A0K2HN88,1141,0.013517108056000001,9,0.9261363636363636,1.0971678616883118e-05
FengQ_2015,3936,UniRef90_E5UX46,1141,0.013491087458,9,0.9261363636363636,1.0950558001623376e-05
FengQ_2015,3937,UniRef90_A0A076IXB7,1141,0.013477648545,9,0.9261363636363636,1.093964979301948e-05
FengQ_2015,3938,UniRef90_A0A0K2HKK7,1141,0.013464335427,9,0.9261363636363636,1.0928843690746753e-05
FengQ_2015,3939,UniRef90_A0A0M1VYH5,1141,0.0134249010457,9,0.9261363636363636,1.0896835264366883e-05
FengQ_2015,3940,UniRef90_A0A3E4JRG9,1141,0.013424745808,9,0.9261363636363636,1.089670925974026e-05
FengQ_2015,3941,UniRef90_I9RA95,1141,0.013401585903100002,9,0.9261363636363636,1.0877910635633118e-05
FengQ_2015,3942,UniRef90_A0A0K2HLX7,1141,0.01339529548,9,0.9261363636363636,1.0872804772727273e-05
FengQ_2015,3943,UniRef90_A0A0P0LPD1,1141,0.013358092053,9,0.9261363636363636,1.0842607185876624e-05
FengQ_2015,3944,UniRef90_A0A174FJI5,1141,0.013306257289,9,0.9261363636363636,1.0800533513798701e-05
FengQ_2015,3945,UniRef90_E5UQ06,1141,0.0132698378893,9,0.9261363636363636,1.0770972312743506e-05
FengQ_2015,3946,UniRef90_A6L5L6,1141,0.013193317627,9,0.9261363636363636,1.0708861710227272e-05
FengQ_2015,3947,UniRef90_A0A076IXV9,1141,0.0131510047808,9,0.9261363636363636,1.0674516867532467e-05
FengQ_2015,3948,UniRef90_A0A076ITU9,1141,0.0130934166909,9,0.9261363636363636,1.0627773288068182e-05
FengQ_2015,3949,UniRef90_H1CH32,1141,0.013079337479,9,0.9261363636363636,1.0616345356331169e-05
FengQ_2015,3950,UniRef90_A0A076INF6,1141,0.013055710779500001,9,0.9261363636363636,1.0597167840503247e-05
FengQ_2015,3951,UniRef90_A0A0P0M332,1141,0.0130153055668,9,0.9261363636363636,1.0564371401623376e-05
FengQ_2015,3952,UniRef90_I9FXU5,1141,0.013003953291,9,0.9261363636363636,1.0555156892045455e-05
FengQ_2015,3953,UniRef90_A0A076J986,1141,0.0129659922903,9,0.9261363636363636,1.0524344391477273e-05
FengQ_2015,3954,UniRef90_E5UX07,1141,0.012934595619,9,0.9261363636363636,1.0498860080357144e-05
FengQ_2015,3955,UniRef90_A0A395VGI5,1141,0.0129223046259,9,0.9261363636363636,1.048888362491883e-05
FengQ_2015,3956,UniRef90_A0A076IMS7,1141,0.0128782711659999,9,0.9261363636363636,1.0453142180194724e-05
FengQ_2015,3957,UniRef90_C3RFI9,1141,0.0128398725191,9,0.9261363636363636,1.0421974447321428e-05
FengQ_2015,3958,UniRef90_A0A3E4T1A0,1141,0.012808047255,9,0.9261363636363636,1.0396142252435065e-05
FengQ_2015,3959,UniRef90_A0A0M1VZN2,1141,0.012800632888,9,0.9261363636363636,1.0390124097402597e-05
FengQ_2015,3960,UniRef90_A0A1Y4PGP9,1141,0.012729471225,9,0.9261363636363636,1.0332363007305195e-05
FengQ_2015,3961,UniRef90_F3PYH1,1141,0.0127252327382,9,0.9261363636363636,1.032892267711039e-05
FengQ_2015,3962,UniRef90_A0A3E4JLW8,1141,0.0126840452455,9,0.9261363636363636,1.0295491270698052e-05
FengQ_2015,3963,UniRef90_A0A0M1VXT7,1141,0.012626947394,9,0.9261363636363636,1.0249145612012988e-05
FengQ_2015,3964,UniRef90_A0A0M1W7J8,1141,0.012576828488,9,0.9261363636363636,1.0208464681818182e-05
FengQ_2015,3965,UniRef90_A0A076IQ15,1141,0.0125523317167,9,0.9261363636363636,1.018858093887987e-05
FengQ_2015,3966,UniRef90_A0A076IPW2,1141,0.0125426661496,9,0.9261363636363636,1.0180735511038961e-05
FengQ_2015,3967,UniRef90_A0A076IN10,1141,0.012536663907499999,9,0.9261363636363636,1.0175863561282467e-05
FengQ_2015,3968,UniRef90_A0A0K2HNV8,1141,0.012519786071,9,0.9261363636363636,1.0162164018668832e-05
FengQ_2015,3969,UniRef90_A0A396F7I8,1141,0.0124973545157,9,0.9261363636363636,1.0143956587418832e-05
FengQ_2015,3970,UniRef90_C3R900,1141,0.0124902601765,9,0.9261363636363636,1.0138198195211038e-05
FengQ_2015,3971,UniRef90_A0A0P0LJZ6,1141,0.0123216209058,9,0.9261363636363636,1.0001315670292207e-05
FengQ_2015,3972,UniRef90_A0A076IQ11,1141,0.0123156860015,9,0.9261363636363636,9.99649837784091e-06
FengQ_2015,3973,UniRef90_A6L3Y9,1141,0.012175468747999999,9,0.9261363636363636,9.882685672077921e-06
FengQ_2015,3974,UniRef90_U6RMP2,1141,0.0120659541339,9,0.9261363636363636,9.793793939853896e-06
FengQ_2015,3975,UniRef90_A0A0P0LAG0,1141,0.012031651010500001,9,0.9261363636363636,9.765950495535715e-06
FengQ_2015,3976,UniRef90_A0A076J4I9,1141,0.012013388242400001,9,0.9261363636363636,9.751126820129871e-06
FengQ_2015,3977,UniRef90_C3R4J3,1141,0.0119960005371999,9,0.9261363636363636,9.737013423051867e-06
FengQ_2015,3978,UniRef90_A0A1Y3ZMI5,1141,0.0119726787729,9,0.9261363636363636,9.718083419561688e-06
FengQ_2015,3979,UniRef90_A0A0P0L7S8,1141,0.0119451707578,9,0.9261363636363636,9.695755485227272e-06
FengQ_2015,3980,UniRef90_A0A1Y4PNJ2,1141,0.011932591285999999,9,0.9261363636363636,9.685544875e-06
FengQ_2015,3981,UniRef90_A0A076IUD6,1141,0.0119258612674,9,0.9261363636363636,9.680082197564936e-06
FengQ_2015,3982,UniRef90_A0A0K2HMS0,1141,0.011917303143,9,0.9261363636363636,9.673135668019481e-06
FengQ_2015,3983,UniRef90_D1JYT5,1141,0.0118452917081,9,0.9261363636363636,9.614684828003247e-06
FengQ_2015,3984,UniRef90_A0A174MDI8,1141,0.011827109666,9,0.9261363636363636,9.599926676948053e-06
FengQ_2015,3985,UniRef90_A0A0P0M4U0,1141,0.0117742570373,9,0.9261363636363636,9.55702681599026e-06
FengQ_2015,3986,UniRef90_D4V8N7,1141,0.0117486818406,9,0.9261363636363636,9.53626772775974e-06
FengQ_2015,3987,UniRef90_A0A1Q6ISJ5,1141,0.011678161825,9,0.9261363636363636,9.479027455357143e-06
FengQ_2015,3988,UniRef90_D4V8N8,1141,0.0116496889732,9,0.9261363636363636,9.455916374350649e-06
FengQ_2015,3989,UniRef90_A0A076J8I6,1141,0.0115874297966,9,0.9261363636363636,9.40538132840909e-06
FengQ_2015,3990,UniRef90_I8VUX9,1141,0.0115867101883999,9,0.9261363636363636,9.404797230844075e-06
FengQ_2015,3991,UniRef90_A0A076INA9,1141,0.011536455131600001,9,0.9261363636363636,9.364005788636364e-06
FengQ_2015,3992,UniRef90_A0A396BCG2,1141,0.0115187863414,9,0.9261363636363636,9.34966423814935e-06
FengQ_2015,3993,UniRef90_I8WR86,1141,0.0115088970805,9,0.9261363636363636,9.341637240665584e-06
FengQ_2015,3994,UniRef90_E5UYG4,1141,0.01142278143,9,0.9261363636363636,9.2717381737013e-06
FengQ_2015,3995,UniRef90_E5UR91,1141,0.0113114383414,9,0.9261363636363636,9.181362290097403e-06
FengQ_2015,3996,UniRef90_A0A174HR35,1141,0.0113039169751999,9,0.9261363636363636,9.175257285064855e-06
FengQ_2015,3997,UniRef90_A0A076IXA3,1141,0.01130310045,9,0.9261363636363636,9.174594521103897e-06
FengQ_2015,3998,UniRef90_B6VUA6,1141,0.0112351982157,9,0.9261363636363636,9.119479071185065e-06
FengQ_2015,3999,UniRef90_I9RAR8,1141,0.0112237259113,9,0.9261363636363636,9.110167135795454e-06
FengQ_2015,4000,UniRef90_A0A0K2HM03,1141,0.0110720895094,9,0.9261363636363636,8.987085640746753e-06
FengQ_2015,4001,UniRef90_A6L3I9,1141,0.0105559477186,9,0.9261363636363636,8.56813938198052e-06
FengQ_2015,4002,UniRef90_I9FIN4,1141,0.010485400615000001,9,0.9261363636363636,8.510877122564936e-06
FengQ_2015,4003,UniRef90_A0A0P0M3U2,1141,0.010345643370199999,9,0.9261363636363636,8.397437800487013e-06
FengQ_2015,4004,UniRef90_D1JXE2,1141,0.010339304156,9,0.9261363636363636,8.392292334415584e-06
FengQ_2015,4005,UniRef90_D4V5Z4,1141,0.0101979528029,9,0.9261363636363636,8.277559093262988e-06
FengQ_2015,4006,UniRef90_G2T375,1141,0.0101426208634,9,0.9261363636363636,8.232646804707792e-06
FengQ_2015,4007,UniRef90_C0B613,1141,0.010114540550500001,9,0.9261363636363636,8.209854342938312e-06
FengQ_2015,4008,UniRef90_A8RVS5,1141,0.0098822488012,9,0.9261363636363636,8.02130584512987e-06
FengQ_2015,4009,UniRef90_A0A076IWW7,1141,0.009682466434,9,0.9261363636363636,7.859144832792207e-06
FengQ_2015,4010,UniRef90_R5C7N3,1141,0.0092100931246,9,0.9261363636363636,7.475724938798701e-06
FengQ_2015,4011,UniRef90_B0NLV0,1141,0.0088068040082,9,0.9261363636363636,7.148379876785714e-06
FengQ_2015,4012,UniRef90_R6JIU4,1141,0.008761501728,9,0.9261363636363636,7.111608545454546e-06
FengQ_2015,4013,UniRef90_C7H2R2,1141,0.008733532476,9,0.9261363636363636,7.088906230519481e-06
FengQ_2015,4014,UniRef90_A0A015SJR6,1141,0.008716295488999999,9,0.9261363636363636,7.074915169642857e-06
FengQ_2015,4015,UniRef90_F3AAH7,1141,0.0079488296612,9,0.9261363636363636,6.451972127597403e-06
FengQ_2015,4016,UniRef90_C5EWQ1,1141,0.0068637966854,9,0.9261363636363636,5.571263543344156e-06
FengQ_2015,4017,UniRef90_A0A0P0FL43,1141,0.0062199852760999996,9,0.9261363636363636,5.048689347483766e-06
FengQ_2015,4018,UniRef90_D4VQ03,1141,0.0058856761796999,9,0.9261363636363636,4.777334561444724e-06
FengQ_2015,4019,UniRef90_D7GQX9,1141,0.0057127993942,9,0.9261363636363636,4.637012495292208e-06
FengQ_2015,4020,UniRef90_D6CYU4,1141,0.0056724074276,9,0.9261363636363636,4.604226808116883e-06
FengQ_2015,4021,UniRef90_R6K799,1141,0.0056541657988,9,0.9261363636363636,4.589420291233766e-06
FengQ_2015,4022,UniRef90_Q8A765,1141,0.0056465164438,9,0.9261363636363636,4.5832113991883115e-06
FengQ_2015,4023,UniRef90_A0A396EGB2,1141,0.0055993823028,9,0.9261363636363636,4.544953167857143e-06
FengQ_2015,4024,UniRef90_B0NEZ3,1141,0.0053648367395999,9,0.9261363636363636,4.354575275649269e-06
FengQ_2015,4025,UniRef90_G8JZS4,1141,0.0053547891113,9,0.9261363636363636,4.346419733198052e-06
FengQ_2015,4026,UniRef90_R6RQF5,1141,0.0053091577158,9,0.9261363636363636,4.309381262824675e-06
FengQ_2015,4027,UniRef90_R5UBS5,1141,0.0052964579885,9,0.9261363636363636,4.299073042613636e-06
FengQ_2015,4028,UniRef90_D4J5V6,1141,0.0052583541593,9,0.9261363636363636,4.268144609821429e-06
FengQ_2015,4029,UniRef90_Q8ABB0,1141,0.0051645831031,9,0.9261363636363636,4.192031739529221e-06
FengQ_2015,4030,UniRef90_A0A174XA77,1141,0.0048667909297,9,0.9261363636363636,3.9503173130681825e-06
FengQ_2015,4031,UniRef90_A0A0P0FQ33,1141,0.0047333771957,9,0.9261363636363636,3.842026944561688e-06
FengQ_2015,4032,UniRef90_A0A174ISL4,1141,0.0046340773216000004,9,0.9261363636363636,3.7614263974025978e-06
FengQ_2015,4033,UniRef90_A0A078Q4X5,1141,0.0046119514507,9,0.9261363636363636,3.743467086607143e-06
FengQ_2015,4034,UniRef90_R5UHF3,1141,0.0043802333512,9,0.9261363636363636,3.555384213636364e-06
FengQ_2015,4035,UniRef90_R5C1U7,1141,0.0037657802632999997,9,0.9261363636363636,3.0566398241071426e-06
FengQ_2015,4036,UniRef90_A7VCW4,1141,0.00158277009279,9,0.9261363636363636,1.2847159844074674e-06
FengQ_2015,4037,UniRef90_A0A3B8UPW3,1141,0.00038399084739999996,9,0.9261363636363636,3.116808826298701e-07
FengQ_2015,4038,UniRef90_K0WTB3,1140,0.067395729555,9,0.9253246753246753,5.47043259375e-05
FengQ_2015,4039,UniRef90_D4LVI9,1140,0.0594115435713,9,0.9253246753246753,4.8223655496185064e-05
FengQ_2015,4040,UniRef90_C4Z5E3,1140,0.05556028817,9,0.9253246753246753,4.509763650162338e-05
FengQ_2015,4041,UniRef90_I9UBB8,1140,0.047328972246,9,0.9253246753246753,3.84163735762987e-05
FengQ_2015,4042,UniRef90_C3R6N1,1140,0.043795504305599996,9,0.9253246753246753,3.5548298949350645e-05
FengQ_2015,4043,UniRef90_A0A076IZR8,1140,0.0388024422555,9,0.9253246753246753,3.149548884375e-05
FengQ_2015,4044,UniRef90_A0A174S4Z5,1140,0.0290233225747,9,0.9253246753246753,2.3557891700243505e-05
FengQ_2015,4045,UniRef90_A0A076IW80,1140,0.0247515531509,9,0.9253246753246753,2.0090546388717534e-05
FengQ_2015,4046,UniRef90_B6VXE2,1140,0.0198992595816,9,0.9253246753246753,1.6151996413636362e-05
FengQ_2015,4047,UniRef90_A0A395UP43,1140,0.019298571107,9,0.9253246753246753,1.566442459983766e-05
FengQ_2015,4048,UniRef90_A0A0P0LJQ9,1140,0.018811179649,9,0.9253246753246753,1.5268814650162338e-05
FengQ_2015,4049,UniRef90_A0A076J4H3,1140,0.018426931309,9,0.9253246753246753,1.49569247637987e-05
FengQ_2015,4050,UniRef90_A0A0P0M1U1,1140,0.0183732801739,9,0.9253246753246753,1.4913376764529222e-05
FengQ_2015,4051,UniRef90_D1PNI7,1140,0.0182014803749,9,0.9253246753246753,1.477392887573052e-05
FengQ_2015,4052,UniRef90_A0A0K2HGN0,1140,0.0180863886949,9,0.9253246753246753,1.4680510304301948e-05
FengQ_2015,4053,UniRef90_A0A0M1W198,1140,0.017937967864,9,0.9253246753246753,1.456003885064935e-05
FengQ_2015,4054,UniRef90_A0A395UW56,1140,0.017919167895,9,0.9253246753246753,1.4544779135551949e-05
FengQ_2015,4055,UniRef90_A0A076IXN5,1140,0.017800486775000002,9,0.9253246753246753,1.4448447057629873e-05
FengQ_2015,4056,UniRef90_A0A0M1W9G7,1140,0.017736381032400002,9,0.9253246753246753,1.4396413175649352e-05
FengQ_2015,4057,UniRef90_B6VY40,1140,0.0170167868899999,9,0.9253246753246753,1.3812327021103814e-05
FengQ_2015,4058,UniRef90_A0A076IVI1,1140,0.016987391997,9,0.9253246753246753,1.3788467530032468e-05
FengQ_2015,4059,UniRef90_C4ZFJ3,1140,0.016935489381,9,0.9253246753246753,1.3746338783279222e-05
FengQ_2015,4060,UniRef90_A0A0K2HL71,1140,0.016273563253,9,0.9253246753246753,1.320906108198052e-05
FengQ_2015,4061,UniRef90_I8W766,1140,0.016229805617,9,0.9253246753246753,1.3173543520292208e-05
FengQ_2015,4062,UniRef90_A6KWD5,1140,0.016122541907,9,0.9253246753246753,1.3086478820616884e-05
FengQ_2015,4063,UniRef90_A0A076IZ77,1140,0.015989929207,9,0.9253246753246753,1.2978838642045456e-05
FengQ_2015,4064,UniRef90_U6RNZ2,1140,0.0157481145803999,9,0.9253246753246753,1.2782560536038879e-05
FengQ_2015,4065,UniRef90_A0A3E4FXA9,1140,0.015652989938600002,9,0.9253246753246753,1.2705348976136365e-05
FengQ_2015,4066,UniRef90_A0A076IXX9,1140,0.015649370855,9,0.9253246753246753,1.270241140827922e-05
FengQ_2015,4067,UniRef90_A0A0K2HEM0,1140,0.0156138669446,9,0.9253246753246753,1.2673593299188311e-05
FengQ_2015,4068,UniRef90_A0A076IP67,1140,0.0156043163092,9,0.9253246753246753,1.2665841160064936e-05
FengQ_2015,4069,UniRef90_A0A076IWM8,1140,0.0155970260876,9,0.9253246753246753,1.2659923772402597e-05
FengQ_2015,4070,UniRef90_A0A174NVL6,1140,0.0155317677537,9,0.9253246753246753,1.2606954345535714e-05
FengQ_2015,4071,UniRef90_A0A076IM12,1140,0.015178989459,9,0.9253246753246753,1.232060832711039e-05
FengQ_2015,4072,UniRef90_A0A076II33,1140,0.015162101300999901,9,0.9253246753246753,1.2306900406655763e-05
FengQ_2015,4073,UniRef90_A6KXU3,1140,0.015118578344000001,9,0.9253246753246753,1.2271573331168833e-05
FengQ_2015,4074,UniRef90_A6L1E7,1140,0.0149987788219,9,0.9253246753246753,1.2174333459334415e-05
FengQ_2015,4075,UniRef90_A0A076IWH6,1140,0.014981317558,9,0.9253246753246753,1.216016035551948e-05
FengQ_2015,4076,UniRef90_A0A0K2HIB0,1140,0.014877729906,9,0.9253246753246753,1.2076079469155844e-05
FengQ_2015,4077,UniRef90_A0A1Q6IXL9,1140,0.0148230648428,9,0.9253246753246753,1.2031708476298702e-05
FengQ_2015,4078,UniRef90_A0A1H7IN38,1140,0.014793400183,9,0.9253246753246753,1.2007630018668832e-05
FengQ_2015,4079,UniRef90_A0A0K2HH20,1140,0.014773692818199999,9,0.9253246753246753,1.1991633781006493e-05
FengQ_2015,4080,UniRef90_A0A397WA18,1140,0.014680735095000001,9,0.9253246753246753,1.1916181083603898e-05
FengQ_2015,4081,UniRef90_A0A0P0M688,1140,0.014610784386000001,9,0.9253246753246753,1.1859402910714286e-05
FengQ_2015,4082,UniRef90_A0A076JCE9,1140,0.0145461965617,9,0.9253246753246753,1.1806977728652598e-05
FengQ_2015,4083,UniRef90_A0A078R9V4,1140,0.014518815613,9,0.9253246753246753,1.178475293262987e-05
FengQ_2015,4084,UniRef90_D4JMN8,1140,0.014498837520999999,9,0.9253246753246753,1.1768536948863635e-05
FengQ_2015,4085,UniRef90_A6KXG4,1140,0.014488863300500001,9,0.9253246753246753,1.1760440990665586e-05
FengQ_2015,4086,UniRef90_C3R519,1140,0.0144707823807,9,0.9253246753246753,1.1745764919399351e-05
FengQ_2015,4087,UniRef90_A6L391,1140,0.014453916503899999,9,0.9253246753246753,1.1732075084334414e-05
FengQ_2015,4088,UniRef90_A0A0P0LQC2,1140,0.0144365601553,9,0.9253246753246753,1.1717987139042208e-05
FengQ_2015,4089,UniRef90_A0A076IXK3,1140,0.0144225974011999,9,0.9253246753246753,1.1706653734740179e-05
FengQ_2015,4090,UniRef90_D1K3F5,1140,0.014409871335000001,9,0.9253246753246753,1.1696324135551949e-05
FengQ_2015,4091,UniRef90_A0A396F2S3,1140,0.014396439486,9,0.9253246753246753,1.1685421660714285e-05
FengQ_2015,4092,UniRef90_A0A174N5L7,1140,0.0143489851171,9,0.9253246753246753,1.164690350413961e-05
FengQ_2015,4093,UniRef90_A0A0P0M351,1140,0.014323466042,9,0.9253246753246753,1.1626189969155844e-05
FengQ_2015,4094,UniRef90_A0A174JT31,1140,0.014294075195399901,9,0.9253246753246753,1.1602333762499919e-05
FengQ_2015,4095,UniRef90_A0A076J6G0,1140,0.014220938669999999,9,0.9253246753246753,1.1542969699675323e-05
FengQ_2015,4096,UniRef90_D1JZ97,1140,0.0142087946505,9,0.9253246753246753,1.153311254099026e-05
FengQ_2015,4097,UniRef90_A0A076J9M5,1140,0.0141395198035,9,0.9253246753246753,1.1476882957386364e-05
FengQ_2015,4098,UniRef90_C3R6U6,1140,0.0141149459708,9,0.9253246753246753,1.145693666461039e-05
FengQ_2015,4099,UniRef90_C3R4F4,1140,0.014046486802,9,0.9253246753246753,1.1401369157467532e-05
FengQ_2015,4100,UniRef90_A0A076IM56,1140,0.0139849362544,9,0.9253246753246753,1.1351409297402596e-05
FengQ_2015,4101,UniRef90_A0A396EWP3,1140,0.013971382597299999,9,0.9253246753246753,1.1340407952353895e-05
FengQ_2015,4102,UniRef90_A0A076IL23,1140,0.0139662029188,9,0.9253246753246753,1.1336203667857142e-05
FengQ_2015,4103,UniRef90_A0A0K2HKB4,1140,0.013854127202,9,0.9253246753246753,1.1245233118506495e-05
FengQ_2015,4104,UniRef90_A0A076JCH8,1140,0.013818580324,9,0.9253246753246753,1.1216380133116883e-05
FengQ_2015,4105,UniRef90_D1JYP7,1140,0.013769655141999999,9,0.9253246753246753,1.1176668134740258e-05
FengQ_2015,4106,UniRef90_A6L4M2,1140,0.013748839969,9,0.9253246753246753,1.115977270211039e-05
FengQ_2015,4107,UniRef90_A6L6Z2,1140,0.013720343373,9,0.9253246753246753,1.1136642348214285e-05
FengQ_2015,4108,UniRef90_A0A174J8G7,1140,0.013714107524999901,9,0.9253246753246753,1.1131580783279141e-05
FengQ_2015,4109,UniRef90_C3RDD6,1140,0.013678773685,9,0.9253246753246753,1.1102900718344155e-05
FengQ_2015,4110,UniRef90_A0A076ITA9,1140,0.013612081992000001,9,0.9253246753246753,1.104876785064935e-05
FengQ_2015,4111,UniRef90_A0A0P0M5B6,1140,0.013528602689199901,9,0.9253246753246753,1.098100867629862e-05
FengQ_2015,4112,UniRef90_A0A076J743,1140,0.0135176793813,9,0.9253246753246753,1.0972142354951299e-05
FengQ_2015,4113,UniRef90_A0A0P0LCG0,1140,0.0133938946104,9,0.9253246753246753,1.0871667703246752e-05
FengQ_2015,4114,UniRef90_A0A076IMX4,1140,0.013387790681999998,9,0.9253246753246753,1.0866713215909089e-05
FengQ_2015,4115,UniRef90_A6L2J8,1140,0.0133716714594,9,0.9253246753246753,1.0853629431331169e-05
FengQ_2015,4116,UniRef90_A0A0K2HNK2,1140,0.013330619295,9,0.9253246753246753,1.0820307869318182e-05
FengQ_2015,4117,UniRef90_A0A076IPF6,1140,0.0132297340147,9,0.9253246753246753,1.0738420466477273e-05
FengQ_2015,4118,UniRef90_E6SQA1,1140,0.0132132980682,9,0.9253246753246753,1.0725079600811689e-05
FengQ_2015,4119,UniRef90_A0A076J8N9,1140,0.013080431778,9,0.9253246753246753,1.0617233586038961e-05
FengQ_2015,4120,UniRef90_A0A076IPV4,1140,0.013052137246999999,9,0.9253246753246753,1.0594267245941557e-05
FengQ_2015,4121,UniRef90_A0A076ISM4,1140,0.013041160491,9,0.9253246753246753,1.0585357541396105e-05
FengQ_2015,4122,UniRef90_A0A396BKZ3,1140,0.0130385175415,9,0.9253246753246753,1.0583212290178572e-05
FengQ_2015,4123,UniRef90_A0A0P0L8U5,1140,0.0129991624328,9,0.9253246753246753,1.0551268208441558e-05
FengQ_2015,4124,UniRef90_A0A174QTU0,1140,0.012994596727900001,9,0.9253246753246753,1.0547562279139611e-05
FengQ_2015,4125,UniRef90_A0A139LFQ4,1140,0.0129908377518999,9,0.9253246753246753,1.0544511162256412e-05
FengQ_2015,4126,UniRef90_A0A1Y4PL60,1140,0.0129598826577,9,0.9253246753246753,1.0519385274107143e-05
FengQ_2015,4127,UniRef90_D4V9S8,1140,0.0129290637778,9,0.9253246753246753,1.0494369949512988e-05
FengQ_2015,4128,UniRef90_U6RJ74,1140,0.012864748427,9,0.9253246753246753,1.0442165931006493e-05
FengQ_2015,4129,UniRef90_D4LZV1,1140,0.012847040048999999,9,0.9253246753246753,1.0427792247564934e-05
FengQ_2015,4130,UniRef90_A0A174NXR6,1140,0.0128438747978,9,0.9253246753246753,1.0425223050162337e-05
FengQ_2015,4131,UniRef90_A0A0P0LCJ9,1140,0.0128152556621,9,0.9253246753246753,1.0401993232224026e-05
FengQ_2015,4132,UniRef90_B6W4P0,1140,0.012724851879,9,0.9253246753246753,1.032861353814935e-05
FengQ_2015,4133,UniRef90_A0A395US62,1140,0.0127168638295,9,0.9253246753246753,1.0322129731737013e-05
FengQ_2015,4134,UniRef90_A6L4C3,1140,0.0127157002993,9,0.9253246753246753,1.0321185307873377e-05
FengQ_2015,4135,UniRef90_E5UQL1,1140,0.0127149023404,9,0.9253246753246753,1.0320537613961039e-05
FengQ_2015,4136,UniRef90_I8ZDF3,1140,0.0126892802525,9,0.9253246753246753,1.0299740464691558e-05
FengQ_2015,4137,UniRef90_R6LH10,1140,0.0126333183522,9,0.9253246753246753,1.0254316844318181e-05
FengQ_2015,4138,UniRef90_A6L162,1140,0.0125261863631,9,0.9253246753246753,1.0167359060957791e-05
FengQ_2015,4139,UniRef90_B6W1B9,1140,0.012524742401199999,9,0.9253246753246753,1.0166187013961038e-05
FengQ_2015,4140,UniRef90_A0A076J475,1140,0.012503570059300001,9,0.9253246753246753,1.0149001671509741e-05
FengQ_2015,4141,UniRef90_A0A1Y4PGR9,1140,0.0124754274622,9,0.9253246753246753,1.0126158654383116e-05
FengQ_2015,4142,UniRef90_U6RKH5,1140,0.012364871970999999,9,0.9253246753246753,1.0036422054383116e-05
FengQ_2015,4143,UniRef90_A0A0N7J7H2,1140,0.01229426602,9,0.9253246753246753,9.979112029220779e-06
FengQ_2015,4144,UniRef90_A0A0N7J7J7,1140,0.012281820785,9,0.9253246753246753,9.969010377435065e-06
FengQ_2015,4145,UniRef90_A0A076INE9,1140,0.0122396922765,9,0.9253246753246753,9.934815159496752e-06
FengQ_2015,4146,UniRef90_I9QLY8,1140,0.012203529646,9,0.9253246753246753,9.905462375e-06
FengQ_2015,4147,UniRef90_A0A0K2HP50,1140,0.0120075817522,9,0.9253246753246753,9.746413759902597e-06
FengQ_2015,4148,UniRef90_A6L518,1140,0.011915204381,9,0.9253246753246753,9.671432127435065e-06
FengQ_2015,4149,UniRef90_C3RCZ2,1140,0.0118812785271,9,0.9253246753246753,9.643894908360389e-06
FengQ_2015,4150,UniRef90_C3R7E6,1140,0.0118793688453,9,0.9253246753246753,9.642344841964285e-06
FengQ_2015,4151,UniRef90_A0A076IMV9,1140,0.0118061689828,9,0.9253246753246753,9.582929369155844e-06
FengQ_2015,4152,UniRef90_D4V6X7,1140,0.0117681319799999,9,0.9253246753246753,9.552055178571347e-06
FengQ_2015,4153,UniRef90_A0A076J4I8,1140,0.0115718187275,9,0.9253246753246753,9.392710006087663e-06
FengQ_2015,4154,UniRef90_A0A0K2HMI6,1140,0.011511625965,9,0.9253246753246753,9.34385224431818e-06
FengQ_2015,4155,UniRef90_A0A076ITS9,1140,0.011373348674,9,0.9253246753246753,9.23161418344156e-06
FengQ_2015,4156,UniRef90_A0A076ITC1,1140,0.0113149227815,9,0.9253246753246753,9.18419056939935e-06
FengQ_2015,4157,UniRef90_A0A0M1W7H8,1140,0.011307661710799999,9,0.9253246753246753,9.178296843181818e-06
FengQ_2015,4158,UniRef90_D1K4H1,1140,0.0112603500015,9,0.9253246753246753,9.139894481737013e-06
FengQ_2015,4159,UniRef90_A6L5X6,1140,0.0112521568984999,9,0.9253246753246753,9.133244235795373e-06
FengQ_2015,4160,UniRef90_A6L5G8,1140,0.011248991388,9,0.9253246753246753,9.130674827922077e-06
FengQ_2015,4161,UniRef90_A0A174FLN9,1140,0.0111874738962999,9,0.9253246753246753,9.080741798944725e-06
FengQ_2015,4162,UniRef90_B6W2B2,1140,0.0109707771697,9,0.9253246753246753,8.904851598782467e-06
FengQ_2015,4163,UniRef90_A0A076IVW3,1140,0.0109426321402,9,0.9253246753246753,8.882006607305195e-06
FengQ_2015,4164,UniRef90_A0A0M1VYU8,1140,0.0108852684872,9,0.9253246753246753,8.835445200649352e-06
FengQ_2015,4165,UniRef90_A0A0P0M2A2,1140,0.0108840227178,9,0.9253246753246753,8.834434024188313e-06
FengQ_2015,4166,UniRef90_A0A0K2HLT7,1140,0.0106175546656,9,0.9253246753246753,8.61814502077922e-06
FengQ_2015,4167,UniRef90_B6VS16,1140,0.010616707465699999,9,0.9253246753246753,8.617457358522727e-06
FengQ_2015,4168,UniRef90_C0B8U6,1140,0.0105890205393,9,0.9253246753246753,8.594984203977273e-06
FengQ_2015,4169,UniRef90_D1JNY9,1140,0.0105467513752,9,0.9253246753246753,8.560674817532467e-06
FengQ_2015,4170,UniRef90_I9FYB2,1140,0.010444653064699999,9,0.9253246753246753,8.477802812256493e-06
FengQ_2015,4171,UniRef90_A0A0P0M577,1140,0.0096015174183,9,0.9253246753246753,7.793439462905844e-06
FengQ_2015,4172,UniRef90_A0A0N7J7F4,1140,0.0093803124429,9,0.9253246753246753,7.613889969886364e-06
FengQ_2015,4173,UniRef90_C6Z108,1140,0.0093745048646,9,0.9253246753246753,7.609176026461039e-06
FengQ_2015,4174,UniRef90_R6DPK5,1140,0.0093097078523,9,0.9253246753246753,7.556581048944806e-06
FengQ_2015,4175,UniRef90_A0A174W082,1140,0.0092729724583,9,0.9253246753246753,7.5267633590097394e-06
FengQ_2015,4176,UniRef90_C6Z9I2,1140,0.0092068836263,9,0.9253246753246753,7.473119826542208e-06
FengQ_2015,4177,UniRef90_A0A076J562,1140,0.0086769077682,9,0.9253246753246753,7.042944617045454e-06
FengQ_2015,4178,UniRef90_A6L3U8,1140,0.0086404881023,9,0.9253246753246753,7.013383199918831e-06
FengQ_2015,4179,UniRef90_R6DQF6,1140,0.0073732073796,9,0.9253246753246753,5.984746249675325e-06
FengQ_2015,4180,UniRef90_A0A1L5KWS6,1140,0.0068026770359,9,0.9253246753246753,5.52165343823052e-06
FengQ_2015,4181,UniRef90_R7DCF9,1140,0.006520837689,9,0.9253246753246753,5.2928877345779225e-06
FengQ_2015,4182,UniRef90_R6JM94,1140,0.0065022762437,9,0.9253246753246753,5.27782162637987e-06
FengQ_2015,4183,UniRef90_A0A174CFB9,1140,0.0064493884518,9,0.9253246753246753,5.234893223863636e-06
FengQ_2015,4184,UniRef90_C6J9G1,1140,0.0062239594785,9,0.9253246753246753,5.05191516112013e-06
FengQ_2015,4185,UniRef90_R6W9Z5,1140,0.0062062359241,9,0.9253246753246753,5.037529159172077e-06
FengQ_2015,4186,UniRef90_R6JAK6,1140,0.0061013618223,9,0.9253246753246753,4.952404076542208e-06
FengQ_2015,4187,UniRef90_A5ZPH7,1140,0.0058583099161,9,0.9253246753246753,4.755121685146103e-06
FengQ_2015,4188,UniRef90_B5CST0,1140,0.0055940710914,9,0.9253246753246753,4.5406421196428576e-06
FengQ_2015,4189,UniRef90_R6JDS5,1140,0.0055293721247,9,0.9253246753246753,4.488126724594156e-06
FengQ_2015,4190,UniRef90_R6BQV5,1140,0.0054933691022,9,0.9253246753246753,4.4589034920454545e-06
FengQ_2015,4191,UniRef90_R6J2G5,1140,0.0054348619397,9,0.9253246753246753,4.411413912094156e-06
FengQ_2015,4192,UniRef90_D4WLI4,1140,0.0053190679527,9,0.9253246753246753,4.317425286282468e-06
FengQ_2015,4193,UniRef90_C6IG29,1140,0.005316775968999999,9,0.9253246753246753,4.315564909902597e-06
FengQ_2015,4194,UniRef90_E5CDB8,1140,0.0051874761562,9,0.9253246753246753,4.2106137631493506e-06
FengQ_2015,4195,UniRef90_A0A174FN05,1140,0.0049715610303,9,0.9253246753246753,4.03535797913961e-06
FengQ_2015,4196,UniRef90_R6KBI0,1140,0.0049696476177,9,0.9253246753246753,4.033804884496753e-06
FengQ_2015,4197,UniRef90_A0A3E5HWN9,1140,0.0046024579067,9,0.9253246753246753,3.735761287905844e-06
FengQ_2015,4198,UniRef90_A5ZUN9,1140,0.0037527271458,9,0.9253246753246753,3.046044761201299e-06
FengQ_2015,4199,UniRef90_T5RX12,1140,0.0023752590825,9,0.9253246753246753,1.9279700344967534e-06
FengQ_2015,4200,UniRef90_F4XGK8,1140,0.0068597653769,8,0.9253246753246753,5.5679913773538966e-06
FengQ_2015,4201,UniRef90_G2SZ75,1139,0.0967056644198,9,0.924512987012987,7.84948574836039e-05
FengQ_2015,4202,UniRef90_B6VSL9,1139,0.0298203693772,9,0.924512987012987,2.4204845273701298e-05
FengQ_2015,4203,UniRef90_D4IJC7,1139,0.0258529298929,9,0.924512987012987,2.0984521016964287e-05
FengQ_2015,4204,UniRef90_A0A076J1Q2,1139,0.024786478382000002,9,0.924512987012987,2.0118894790584417e-05
FengQ_2015,4205,UniRef90_A0A3E2SXG9,1139,0.0235037903639,9,0.924512987012987,1.9077751918750002e-05
FengQ_2015,4206,UniRef90_A0A174IYR9,1139,0.023271676847,9,0.924512987012987,1.88893480900974e-05
FengQ_2015,4207,UniRef90_A0A396AHV1,1139,0.0229400713612,9,0.924512987012987,1.8620187793181817e-05
FengQ_2015,4208,UniRef90_B6VYG9,1139,0.0221159196574,9,0.924512987012987,1.7951233488149352e-05
FengQ_2015,4209,UniRef90_A0A2A7BB99,1139,0.0212913804497,9,0.924512987012987,1.728196465073052e-05
FengQ_2015,4210,UniRef90_A0A0K2HIQ6,1139,0.0204920645514,9,0.924512987012987,1.6633169278733766e-05
FengQ_2015,4211,UniRef90_A0A0P0M112,1139,0.0204647291508,9,0.924512987012987,1.6610981453571427e-05
FengQ_2015,4212,UniRef90_UPI0009E190BF,1139,0.019745378868600002,9,0.924512987012987,1.60270932375e-05
FengQ_2015,4213,UniRef90_A6L2J6,1139,0.019142412775,9,0.924512987012987,1.553767270698052e-05
FengQ_2015,4214,UniRef90_A0A397WEF1,1139,0.0187002363575,9,0.924512987012987,1.5178763277191559e-05
FengQ_2015,4215,UniRef90_A0A0M6W9J4,1139,0.018664686356500003,9,0.924512987012987,1.5149907756899353e-05
FengQ_2015,4216,UniRef90_A0A076ILA9,1139,0.0185782868275,9,0.924512987012987,1.5079778269074673e-05
FengQ_2015,4217,UniRef90_E2ZNI5,1139,0.0184975955202,9,0.924512987012987,1.5014282078084415e-05
FengQ_2015,4218,UniRef90_R8W1C5,1139,0.0184778878175,9,0.924512987012987,1.4998285566152598e-05
FengQ_2015,4219,UniRef90_A0A0K2HJC0,1139,0.0183896200654,9,0.924512987012987,1.4926639663474027e-05
FengQ_2015,4220,UniRef90_A0A076J496,1139,0.018166051525,9,0.924512987012987,1.474517169237013e-05
FengQ_2015,4221,UniRef90_D1K0E5,1139,0.017059345213,9,0.924512987012987,1.3846871114448051e-05
FengQ_2015,4222,UniRef90_A0A076IXU3,1139,0.016582381262,9,0.924512987012987,1.3459725050324675e-05
FengQ_2015,4223,UniRef90_A0A174FZ57,1139,0.016308796055,9,0.924512987012987,1.323765913555195e-05
FengQ_2015,4224,UniRef90_A0A3E4VZR9,1139,0.0162999698299,9,0.924512987012987,1.3230494991801949e-05
FengQ_2015,4225,UniRef90_A6L4T6,1139,0.016242634252999898,9,0.924512987012987,1.3183956374188228e-05
FengQ_2015,4226,UniRef90_E5UN25,1139,0.0161835549011,9,0.924512987012987,1.313600235478896e-05
FengQ_2015,4227,UniRef90_D4VCL4,1139,0.0161417245799999,9,0.924512987012987,1.310204917207784e-05
FengQ_2015,4228,UniRef90_D1K216,1139,0.015923465757,9,0.924512987012987,1.2924891036525973e-05
FengQ_2015,4229,UniRef90_A0A076J0X2,1139,0.0159156924721,9,0.924512987012987,1.291858155202922e-05
FengQ_2015,4230,UniRef90_A6KYC8,1139,0.01567360527,9,0.924512987012987,1.2722082199675326e-05
FengQ_2015,4231,UniRef90_I8WIS4,1139,0.015628667314599998,9,0.924512987012987,1.2685606586525973e-05
FengQ_2015,4232,UniRef90_A0A3F3K7G2,1139,0.015554216654,9,0.924512987012987,1.262517585551948e-05
FengQ_2015,4233,UniRef90_A0A0P0M0Q1,1139,0.0152677684589,9,0.924512987012987,1.2392669203652598e-05
FengQ_2015,4234,UniRef90_A0A0M1W6C7,1139,0.0152280341872,9,0.924512987012987,1.236041735974026e-05
FengQ_2015,4235,UniRef90_C3RBW6,1139,0.015055995439599899,9,0.924512987012987,1.2220775519155762e-05
FengQ_2015,4236,UniRef90_I8V4S7,1139,0.015051060195,9,0.924512987012987,1.2216769638798701e-05
FengQ_2015,4237,UniRef90_C3RD22,1139,0.01467247852,9,0.924512987012987,1.1909479318181819e-05
FengQ_2015,4238,UniRef90_R5S6M9,1139,0.0145986790358,9,0.924512987012987,1.1849577139448052e-05
FengQ_2015,4239,UniRef90_A0A076INP4,1139,0.0145747996733,9,0.924512987012987,1.1830194540016234e-05
FengQ_2015,4240,UniRef90_A0A1Q6J9J1,1139,0.0144869453572,9,0.924512987012987,1.1758884218506494e-05
FengQ_2015,4241,UniRef90_A0A076IL49,1139,0.0144247129353,9,0.924512987012987,1.1708370889042208e-05
FengQ_2015,4242,UniRef90_B6FM15,1139,0.0143210980193,9,0.924512987012987,1.1624267872808442e-05
FengQ_2015,4243,UniRef90_A0A0P0L9E5,1139,0.0143096892225,9,0.924512987012987,1.1615007485795454e-05
FengQ_2015,4244,UniRef90_A6L3D5,1139,0.01407825122,9,0.924512987012987,1.1427151964285715e-05
FengQ_2015,4245,UniRef90_B0NSF5,1139,0.0139737715031,9,0.924512987012987,1.1342346999269482e-05
FengQ_2015,4246,UniRef90_U3KUT8,1139,0.0138618921835,9,0.924512987012987,1.1251535863230519e-05
FengQ_2015,4247,UniRef90_A0A076ILQ2,1139,0.013847445388,9,0.924512987012987,1.1239809568181819e-05
FengQ_2015,4248,UniRef90_A0A0P0M4N6,1139,0.013836515519999999,9,0.924512987012987,1.123093792207792e-05
FengQ_2015,4249,UniRef90_A0A380ZS86,1139,0.0138131752279,9,0.924512987012987,1.121199287978896e-05
FengQ_2015,4250,UniRef90_A0A076IR50,1139,0.013794768179100001,9,0.924512987012987,1.1197052093425325e-05
FengQ_2015,4251,UniRef90_A0A076IWX9,1139,0.0137793466906,9,0.924512987012987,1.118453465146104e-05
FengQ_2015,4252,UniRef90_A0A0M1W857,1139,0.013778793457000001,9,0.924512987012987,1.1184085598214287e-05
FengQ_2015,4253,UniRef90_A6KX13,1139,0.0136325607347999,9,0.924512987012987,1.10653902068181e-05
FengQ_2015,4254,UniRef90_A0A0N7J7B1,1139,0.013565865526999999,9,0.924512987012987,1.1011254486201298e-05
FengQ_2015,4255,UniRef90_A6KXV1,1139,0.0135449475898,9,0.924512987012987,1.0994275641071429e-05
FengQ_2015,4256,UniRef90_A0A076J7L9,1139,0.013395768128,9,0.924512987012987,1.0873188415584415e-05
FengQ_2015,4257,UniRef90_A0A1Q6J4T3,1139,0.013250157549,9,0.924512987012987,1.0754998010551948e-05
FengQ_2015,4258,UniRef90_A0A076ITM9,1139,0.0132269950043,9,0.924512987012987,1.073619724375e-05
FengQ_2015,4259,UniRef90_A0A076IPI4,1139,0.013175912251,9,0.924512987012987,1.0694733969967533e-05
FengQ_2015,4260,UniRef90_A0A076IVE7,1139,0.0131460171511,9,0.924512987012987,1.0670468466801947e-05
FengQ_2015,4261,UniRef90_D4V472,1139,0.01312273276,9,0.924512987012987,1.0651568798701299e-05
FengQ_2015,4262,UniRef90_A0A174MZJ7,1139,0.0131167236596,9,0.924512987012987,1.0646691282142858e-05
FengQ_2015,4263,UniRef90_A0A076INR7,1139,0.013058895388,9,0.924512987012987,1.0599752749999999e-05
FengQ_2015,4264,UniRef90_A0A0M1W865,1139,0.0130569115923,9,0.924512987012987,1.0598142526217532e-05
FengQ_2015,4265,UniRef90_A0A174LKA3,1139,0.013025555102,9,0.924512987012987,1.0572690829545455e-05
FengQ_2015,4266,UniRef90_A0A0P0M3F3,1139,0.0129886502362,9,0.924512987012987,1.0542735581331169e-05
FengQ_2015,4267,UniRef90_A0A076IV42,1139,0.0128978969789,9,0.924512987012987,1.0469072223133116e-05
FengQ_2015,4268,UniRef90_A0A076IN26,1139,0.0128640910379999,9,0.924512987012987,1.044163233603888e-05
FengQ_2015,4269,UniRef90_A0A076IR57,1139,0.0128546568784,9,0.924512987012987,1.0433974738961038e-05
FengQ_2015,4270,UniRef90_A0A076JA16,1139,0.0128546196096999,9,0.924512987012987,1.0433944488392776e-05
FengQ_2015,4271,UniRef90_A0A076ITK2,1139,0.012818846988,9,0.924512987012987,1.040490826948052e-05
FengQ_2015,4272,UniRef90_A0A0P0M4B8,1139,0.012772712745000001,9,0.924512987012987,1.0367461643668833e-05
FengQ_2015,4273,UniRef90_A0A0P0L774,1139,0.0127038829686,9,0.924512987012987,1.0311593318668832e-05
FengQ_2015,4274,UniRef90_I9QJ00,1139,0.0126177329182,9,0.924512987012987,1.0241666329707792e-05
FengQ_2015,4275,UniRef90_D4JA60,1139,0.0126072140820999,9,0.924512987012987,1.0233128313392777e-05
FengQ_2015,4276,UniRef90_A0A396F3X2,1139,0.012528020001000001,9,0.924512987012987,1.0168847403409092e-05
FengQ_2015,4277,UniRef90_A0A0P0M403,1139,0.012389934844,9,0.924512987012987,1.0056765295454546e-05
FengQ_2015,4278,UniRef90_A0A0P0M425,1139,0.0122312191372,9,0.924512987012987,9.927937611363636e-06
FengQ_2015,4279,UniRef90_A0A0P0L737,1139,0.012228765645999999,9,0.924512987012987,9.925946141233766e-06
FengQ_2015,4280,UniRef90_A0A0M1W813,1139,0.012220814212000001,9,0.924512987012987,9.919492055194807e-06
FengQ_2015,4281,UniRef90_A0A0K2HJ78,1139,0.012162099572800001,9,0.924512987012987,9.87183406883117e-06
FengQ_2015,4282,UniRef90_D4VDR7,1139,0.0121343126014,9,0.924512987012987,9.849279708928572e-06
FengQ_2015,4283,UniRef90_A0A374P4M0,1139,0.012101213904000001,9,0.924512987012987,9.822413883116884e-06
FengQ_2015,4284,UniRef90_A0A380Z4H9,1139,0.012050355148699999,9,0.924512987012987,9.781132425892856e-06
FengQ_2015,4285,UniRef90_A0A076ING0,1139,0.0119914544179999,9,0.924512987012987,9.733323391233685e-06
FengQ_2015,4286,UniRef90_A0A0P0M3F9,1139,0.0119893998822,9,0.924512987012987,9.73165574853896e-06
FengQ_2015,4287,UniRef90_A0A174K035,1139,0.0119872458448,9,0.924512987012987,9.72990734155844e-06
FengQ_2015,4288,UniRef90_A0A076J819,1139,0.0119291864589999,9,0.924512987012987,9.682781216720697e-06
FengQ_2015,4289,UniRef90_A0A076IRT8,1139,0.011873806008199999,9,0.924512987012987,9.637829552110389e-06
FengQ_2015,4290,UniRef90_A0A076J1L5,1139,0.011801006219,9,0.924512987012987,9.578738814123377e-06
FengQ_2015,4291,UniRef90_A0A397WGQ8,1139,0.011763164393799999,9,0.924512987012987,9.548023046915583e-06
FengQ_2015,4292,UniRef90_D4VDD1,1139,0.0117529402596,9,0.924512987012987,9.53972423668831e-06
FengQ_2015,4293,UniRef90_A0A0P0M5D9,1139,0.0117514011782,9,0.924512987012987,9.538474982305194e-06
FengQ_2015,4294,UniRef90_D4V7Q6,1139,0.011668073902,9,0.924512987012987,9.470839206168832e-06
FengQ_2015,4295,UniRef90_A0A076IS09,1139,0.0116524306923,9,0.924512987012987,9.458141795698052e-06
FengQ_2015,4296,UniRef90_D4VC87,1139,0.011629531721300001,9,0.924512987012987,9.439554968587663e-06
FengQ_2015,4297,UniRef90_A0A076ISH2,1139,0.011617671323,9,0.924512987012987,9.429928021915584e-06
FengQ_2015,4298,UniRef90_D1JXH0,1139,0.0116076721807,9,0.924512987012987,9.421811834983767e-06
FengQ_2015,4299,UniRef90_A0A0P0M5C7,1139,0.0115212997209999,9,0.924512987012987,9.351704318993424e-06
FengQ_2015,4300,UniRef90_D1K0U1,1139,0.01151023487,9,0.924512987012987,9.342723108766234e-06
FengQ_2015,4301,UniRef90_A0A076IPZ4,1139,0.0114959708241,9,0.924512987012987,9.331145149431817e-06
FengQ_2015,4302,UniRef90_A0A0P0M4G1,1139,0.0114914658482,9,0.924512987012987,9.32748851314935e-06
FengQ_2015,4303,UniRef90_A0A174ANF9,1139,0.0114243772374,9,0.924512987012987,9.273033471915585e-06
FengQ_2015,4304,UniRef90_A0A0K2HQD0,1139,0.011375377428,9,0.924512987012987,9.23326089935065e-06
FengQ_2015,4305,UniRef90_D4V4E9,1139,0.0113068009844,9,0.924512987012987,9.177598201623377e-06
FengQ_2015,4306,UniRef90_I9R5N6,1139,0.0112541524653,9,0.924512987012987,9.134864014042208e-06
FengQ_2015,4307,UniRef90_R9HEY4,1139,0.0112511765816,9,0.924512987012987,9.132448524025975e-06
FengQ_2015,4308,UniRef90_I8WIR9,1139,0.0112451971511,9,0.924512987012987,9.127595090178572e-06
FengQ_2015,4309,UniRef90_A0A076IJS3,1139,0.011231751902,9,0.924512987012987,9.116681738636364e-06
FengQ_2015,4310,UniRef90_A0A395UL30,1139,0.011200840985,9,0.924512987012987,9.091591708603896e-06
FengQ_2015,4311,UniRef90_A6L4Y5,1139,0.011131832018099901,9,0.924512987012987,9.0355779367694e-06
FengQ_2015,4312,UniRef90_A0A0P0M3T5,1139,0.010962049676699899,9,0.924512987012987,8.897767594723944e-06
FengQ_2015,4313,UniRef90_C3RAZ4,1139,0.0108531916787,9,0.924512987012987,8.809408830113636e-06
FengQ_2015,4314,UniRef90_A6L4M5,1139,0.010850400725,9,0.924512987012987,8.807143445616883e-06
FengQ_2015,4315,UniRef90_A0A2J4JLE3,1139,0.0106765281647999,9,0.924512987012987,8.66601312077914e-06
FengQ_2015,4316,UniRef90_A0A174L0U6,1139,0.010513428776999999,9,0.924512987012987,8.53362725405844e-06
FengQ_2015,4317,UniRef90_A0A0M1W9X4,1139,0.010462407985,9,0.924512987012987,8.492214273538961e-06
FengQ_2015,4318,UniRef90_A0A076JAR5,1139,0.0104376214917,9,0.924512987012987,8.47209536663961e-06
FengQ_2015,4319,UniRef90_A0A174M2H9,1139,0.01008057608,9,0.924512987012987,8.182285779220779e-06
FengQ_2015,4320,UniRef90_A0A076ISD5,1139,0.010015513093,9,0.924512987012987,8.12947491314935e-06
FengQ_2015,4321,UniRef90_A0A0K2HL40,1139,0.009956820779,9,0.924512987012987,8.08183504788961e-06
FengQ_2015,4322,UniRef90_A6L677,1139,0.0098466084558,9,0.924512987012987,7.992376993344156e-06
FengQ_2015,4323,UniRef90_A8RVT1,1139,0.0090716593129,9,0.924512987012987,7.363359831899351e-06
FengQ_2015,4324,UniRef90_A0A396BB01,1139,0.009058890963,9,0.924512987012987,7.352995911525973e-06
FengQ_2015,4325,UniRef90_A0A1H7Q5C6,1139,0.0088941485123,9,0.924512987012987,7.219276389853897e-06
FengQ_2015,4326,UniRef90_R7P4C3,1139,0.0076165927199,9,0.924512987012987,6.182299285633117e-06
FengQ_2015,4327,UniRef90_A0A0M6WTZ4,1139,0.0072807351345,9,0.924512987012987,5.909687609172078e-06
FengQ_2015,4328,UniRef90_F7K2D4,1139,0.0070692309780000006,9,0.924512987012987,5.738012157467533e-06
FengQ_2015,4329,UniRef90_A0A0P0FFV4,1139,0.0065054442391,9,0.924512987012987,5.280393051217532e-06
FengQ_2015,4330,UniRef90_A0A174J813,1139,0.0064810792216,9,0.924512987012987,5.260616251298702e-06
FengQ_2015,4331,UniRef90_A0A1B2YSN9,1139,0.0061814667286,9,0.924512987012987,5.017424292694805e-06
FengQ_2015,4332,UniRef90_A0A174KDC3,1139,0.0061493707867,9,0.924512987012987,4.991372391801948e-06
FengQ_2015,4333,UniRef90_A0A0P0ES25,1139,0.005781437201,9,0.924512987012987,4.692725000811688e-06
FengQ_2015,4334,UniRef90_A0A0N7IAI2,1139,0.005730855071599999,9,0.924512987012987,4.651668077597402e-06
FengQ_2015,4335,UniRef90_A0A0N7I9W7,1139,0.0055927758953,9,0.924512987012987,4.539590824107143e-06
FengQ_2015,4336,UniRef90_A0A174AX96,1139,0.0053455270976,9,0.924512987012987,4.338901864935065e-06
FengQ_2015,4337,UniRef90_R7KST8,1139,0.0053258165553,9,0.924512987012987,4.322903048133117e-06
FengQ_2015,4338,UniRef90_A5ZH03,1139,0.0052495200745999995,9,0.924512987012987,4.260974086525973e-06
FengQ_2015,4339,UniRef90_D6D0Y6,1139,0.0052441734146,9,0.924512987012987,4.256634265097402e-06
FengQ_2015,4340,UniRef90_Q8AAD8,1139,0.0052129874033,9,0.924512987012987,4.231320944237013e-06
FengQ_2015,4341,UniRef90_A7B4S8,1139,0.0050251291410000004,9,0.924512987012987,4.078838588474026e-06
FengQ_2015,4342,UniRef90_R6KE75,1139,0.0049826793524,9,0.924512987012987,4.0443825912337665e-06
FengQ_2015,4343,UniRef90_C3R0E9,1139,0.004867489031,9,0.924512987012987,3.950883953733766e-06
FengQ_2015,4344,UniRef90_E9RY24,1139,0.0048545285093,9,0.924512987012987,3.9403640497564935e-06
FengQ_2015,4345,UniRef90_A7V9H1,1139,0.0047190512035,9,0.924512987012987,3.830398704139611e-06
FengQ_2015,4346,UniRef90_A0A139KMF8,1139,0.004663399972399999,9,0.924512987012987,3.7852272503246747e-06
FengQ_2015,4347,UniRef90_A0A174RK11,1139,0.0042619408513,9,0.924512987012987,3.4593675741071427e-06
FengQ_2015,4348,UniRef90_A0A373B287,1139,0.0041364557144,9,0.924512987012987,3.357512755194805e-06
FengQ_2015,4349,UniRef90_A0A1C7FPL6,1139,0.0031015971375999997,9,0.924512987012987,2.517530144155844e-06
FengQ_2015,4350,UniRef90_C4ZFG5,1138,0.2413060919374,9,0.9237012987012987,0.00019586533436477272
FengQ_2015,4351,UniRef90_Q8ABX0,1138,0.0349937045775,9,0.9237012987012987,2.840398098823052e-05
FengQ_2015,4352,UniRef90_E5X3T8,1138,0.03175877058,9,0.9237012987012987,2.577822287337662e-05
FengQ_2015,4353,UniRef90_A0A396EX22,1138,0.0183663869320999,9,0.9237012987012987,1.4907781600730438e-05
FengQ_2015,4354,UniRef90_A0A0P0LBV1,1138,0.0182633344861,9,0.9237012987012987,1.4824135134821428e-05
FengQ_2015,4355,UniRef90_A0A0P0M2T8,1138,0.017885755376,9,0.9237012987012987,1.4517658584415586e-05
FengQ_2015,4356,UniRef90_A0A076IJV6,1138,0.017548331813,9,0.9237012987012987,1.4243775822240261e-05
FengQ_2015,4357,UniRef90_A0A076IRG9,1138,0.017063006531999998,9,0.9237012987012987,1.3849842964285713e-05
FengQ_2015,4358,UniRef90_A0A0K2HQZ4,1138,0.016897800049200003,9,0.9237012987012987,1.371574679318182e-05
FengQ_2015,4359,UniRef90_A0A174SX28,1138,0.0167301041772,9,0.9237012987012987,1.357963001396104e-05
FengQ_2015,4360,UniRef90_R7NZ21,1138,0.0163703724326,9,0.9237012987012987,1.3287639961525974e-05
FengQ_2015,4361,UniRef90_A0A076J1G0,1138,0.0160985496282,9,0.9237012987012987,1.3067004568344155e-05
FengQ_2015,4362,UniRef90_E6SND0,1138,0.01561114063,9,0.9237012987012987,1.2671380381493508e-05
FengQ_2015,4363,UniRef90_A0A076J1I8,1138,0.015580074934,9,0.9237012987012987,1.2646164719155844e-05
FengQ_2015,4364,UniRef90_A0A076IV35,1138,0.015329571420899999,9,0.9237012987012987,1.2442833945535714e-05
FengQ_2015,4365,UniRef90_A0A076J290,1138,0.0153273150049,9,0.9237012987012987,1.2441002439042209e-05
FengQ_2015,4366,UniRef90_A6KZV8,1138,0.015291156881,9,0.9237012987012987,1.24116533125e-05
FengQ_2015,4367,UniRef90_A0A397WL89,1138,0.0152843278831,9,0.9237012987012987,1.2406110294724025e-05
FengQ_2015,4368,UniRef90_A0A1Y3Z230,1138,0.015238753636799999,9,0.9237012987012987,1.236911821168831e-05
FengQ_2015,4369,UniRef90_B0GA91,1138,0.015049135275,9,0.9237012987012987,1.2215207203733766e-05
FengQ_2015,4370,UniRef90_R9HJ27,1138,0.014793707167600001,9,0.9237012987012987,1.2007879194480521e-05
FengQ_2015,4371,UniRef90_A0A076ITA4,1138,0.014646760098,9,0.9237012987012987,1.188860397564935e-05
FengQ_2015,4372,UniRef90_I9FBR0,1138,0.0144151387499999,9,0.9237012987012987,1.1700599634740178e-05
FengQ_2015,4373,UniRef90_A0A076JAM2,1138,0.0142992314034,9,0.9237012987012987,1.1606518996266233e-05
FengQ_2015,4374,UniRef90_C6JHS6,1138,0.014273699019999999,9,0.9237012987012987,1.1585794659090909e-05
FengQ_2015,4375,UniRef90_D4V5G9,1138,0.0141748293465,9,0.9237012987012987,1.150554330073052e-05
FengQ_2015,4376,UniRef90_A0A108TCH3,1138,0.0141382443698,9,0.9237012987012987,1.1475847702759741e-05
FengQ_2015,4377,UniRef90_A6L4J3,1138,0.014135794466000001,9,0.9237012987012987,1.147385914448052e-05
FengQ_2015,4378,UniRef90_A0A076ILM0,1138,0.0141174439599,9,0.9237012987012987,1.1458964253165584e-05
FengQ_2015,4379,UniRef90_A0A076ISH9,1138,0.013908051337999999,9,0.9237012987012987,1.1289002709415584e-05
FengQ_2015,4380,UniRef90_R6FCY4,1138,0.0138858012577,9,0.9237012987012987,1.1270942579301947e-05
FengQ_2015,4381,UniRef90_A0A076J7N0,1138,0.0138008218522,9,0.9237012987012987,1.1201965789123376e-05
FengQ_2015,4382,UniRef90_A6L5J5,1138,0.013658084612999999,9,0.9237012987012987,1.1086107640422077e-05
FengQ_2015,4383,UniRef90_D1K9E6,1138,0.0135925478363999,9,0.9237012987012987,1.103291220487005e-05
FengQ_2015,4384,UniRef90_I9FWU9,1138,0.013508338904,9,0.9237012987012987,1.0964560798701299e-05
FengQ_2015,4385,UniRef90_A0A076IJH7,1138,0.013488235184,9,0.9237012987012987,1.0948242844155845e-05
FengQ_2015,4386,UniRef90_A0A076J478,1138,0.013451859518,9,0.9237012987012987,1.0918717141233766e-05
FengQ_2015,4387,UniRef90_A0A076J5K2,1138,0.013412124401,9,0.9237012987012987,1.0886464611201299e-05
FengQ_2015,4388,UniRef90_E6SQH5,1138,0.0132804251820999,9,0.9237012987012987,1.0779565894561608e-05
FengQ_2015,4389,UniRef90_D4LGY3,1138,0.013215808113,9,0.9237012987012987,1.0727116974837662e-05
FengQ_2015,4390,UniRef90_A0A076ISU9,1138,0.0131941912249,9,0.9237012987012987,1.070957079943182e-05
FengQ_2015,4391,UniRef90_A0A174UQ44,1138,0.013152408372,9,0.9237012987012987,1.0675656146103896e-05
FengQ_2015,4392,UniRef90_A0A076IST7,1138,0.013015758391499899,9,0.9237012987012987,1.0564738954139528e-05
FengQ_2015,4393,UniRef90_A0A076J2Q9,1138,0.0129957845953,9,0.9237012987012987,1.0548526457224026e-05
FengQ_2015,4394,UniRef90_C6Z9G6,1138,0.0128025082643999,9,0.9237012987012987,1.0391646318506412e-05
FengQ_2015,4395,UniRef90_A0A174PD41,1138,0.0127090359281,9,0.9237012987012987,1.0315775915665584e-05
FengQ_2015,4396,UniRef90_A0A0K2HLJ3,1138,0.0126756054072,9,0.9237012987012987,1.0288640752597403e-05
FengQ_2015,4397,UniRef90_A0A076IWQ2,1138,0.012657145727999902,9,0.9237012987012987,1.0273657246753166e-05
FengQ_2015,4398,UniRef90_A0A076JBG3,1138,0.01264828748,9,0.9237012987012987,1.026646711038961e-05
FengQ_2015,4399,UniRef90_D4V8P6,1138,0.0125637016661,9,0.9237012987012987,1.0197809793912337e-05
FengQ_2015,4400,UniRef90_A0A076IM21,1138,0.012476558645,9,0.9237012987012987,1.012707682224026e-05
FengQ_2015,4401,UniRef90_D4VD09,1138,0.0124401951442,9,0.9237012987012987,1.0097560993668832e-05
FengQ_2015,4402,UniRef90_A0A0P0M416,1138,0.0124217194862,9,0.9237012987012987,1.0082564518019481e-05
FengQ_2015,4403,UniRef90_A0A076IX93,1138,0.012355633877,9,0.9237012987012987,1.002892360146104e-05
FengQ_2015,4404,UniRef90_A0A0K2HLI9,1138,0.012336276698,9,0.9237012987012987,1.001321160551948e-05
FengQ_2015,4405,UniRef90_A0A076IRW6,1138,0.0123316111978,9,0.9237012987012987,1.0009424673538961e-05
FengQ_2015,4406,UniRef90_A0A0K2HKG3,1138,0.0122879247896,9,0.9237012987012987,9.973964926623376e-06
FengQ_2015,4407,UniRef90_A0A0K2HLS7,1138,0.012253453503,9,0.9237012987012987,9.9459849862013e-06
FengQ_2015,4408,UniRef90_A0A076J8U5,1138,0.012238065331399999,9,0.9237012987012987,9.933494587175324e-06
FengQ_2015,4409,UniRef90_I9RCV7,1138,0.012237450428,9,0.9237012987012987,9.932995477272728e-06
FengQ_2015,4410,UniRef90_A0A076ILZ8,1138,0.012216769893099999,9,0.9237012987012987,9.916209328814934e-06
FengQ_2015,4411,UniRef90_A0A3E4JQ51,1138,0.012154474883,9,0.9237012987012987,9.865645197240259e-06
FengQ_2015,4412,UniRef90_A6L683,1138,0.0121187821774,9,0.9237012987012987,9.836673845292208e-06
FengQ_2015,4413,UniRef90_A0A0P0LBG8,1138,0.012093689634,9,0.9237012987012987,9.816306521103896e-06
FengQ_2015,4414,UniRef90_A0A076J5H7,1138,0.011777947438000001,9,0.9237012987012987,9.560022271103898e-06
FengQ_2015,4415,UniRef90_G2T378,1138,0.011724775802000001,9,0.9237012987012987,9.516863475649352e-06
FengQ_2015,4416,UniRef90_A0A0P0LIQ9,1138,0.011660675747,9,0.9237012987012987,9.464834210227273e-06
FengQ_2015,4417,UniRef90_A0A174PV06,1138,0.011605148647,9,0.9237012987012987,9.419763512175324e-06
FengQ_2015,4418,UniRef90_A0A076IT49,1138,0.011544986085,9,0.9237012987012987,9.370930263798702e-06
FengQ_2015,4419,UniRef90_A0A173X1R1,1138,0.011541243214,9,0.9237012987012987,9.367892219155843e-06
FengQ_2015,4420,UniRef90_A0A0P0L7F8,1138,0.01142999334,9,0.9237012987012987,9.277591996753247e-06
FengQ_2015,4421,UniRef90_A0A395UNU1,1138,0.011413651627000001,9,0.9237012987012987,9.264327619318183e-06
FengQ_2015,4422,UniRef90_A0A1Y3ZDY4,1138,0.011282315584,9,0.9237012987012987,9.157723688311689e-06
FengQ_2015,4423,UniRef90_A0A076INV6,1138,0.011093624818,9,0.9237012987012987,9.004565599025974e-06
FengQ_2015,4424,UniRef90_I8WVC1,1138,0.0110799842168,9,0.9237012987012987,8.993493682467531e-06
FengQ_2015,4425,UniRef90_A0A076J7X9,1138,0.011013918300000002,9,0.9237012987012987,8.939868750000002e-06
FengQ_2015,4426,UniRef90_A0A076J4N6,1138,0.0109024105348,9,0.9237012987012987,8.849359200324676e-06
FengQ_2015,4427,UniRef90_A0A174UVX5,1138,0.0107145627027,9,0.9237012987012987,8.696885310633116e-06
FengQ_2015,4428,UniRef90_A0A0K2HM55,1138,0.010591965124000001,9,0.9237012987012987,8.59737428896104e-06
FengQ_2015,4429,UniRef90_A0A397WKX4,1138,0.0105672773248,9,0.9237012987012987,8.57733549090909e-06
FengQ_2015,4430,UniRef90_A0A076IQL8,1138,0.0104789642203,9,0.9237012987012987,8.505652776217533e-06
FengQ_2015,4431,UniRef90_A0A174SF86,1138,0.01038324935,9,0.9237012987012987,8.427962134740259e-06
FengQ_2015,4432,UniRef90_A0A0P0M3Y1,1138,0.010352757346500001,9,0.9237012987012987,8.403212131899351e-06
FengQ_2015,4433,UniRef90_A0A0P0M486,1138,0.0102806944601,9,0.9237012987012987,8.344719529301948e-06
FengQ_2015,4434,UniRef90_A0A076J5A1,1138,0.01017376693,9,0.9237012987012987,8.257927702922078e-06
FengQ_2015,4435,UniRef90_A0A076IQL9,1138,0.010173371386,9,0.9237012987012987,8.257606644480519e-06
FengQ_2015,4436,UniRef90_A0A3E4E7J9,1138,0.0098381997016,9,0.9237012987012987,7.985551705844155e-06
FengQ_2015,4437,UniRef90_E4MEM1,1138,0.0097033731664999,9,0.9237012987012987,7.87611458319797e-06
FengQ_2015,4438,UniRef90_U2R804,1138,0.0095661748307,9,0.9237012987012987,7.764752297646105e-06
FengQ_2015,4439,UniRef90_A0A0D8IWR5,1138,0.0093607775185,9,0.9237012987012987,7.598033700081169e-06
FengQ_2015,4440,UniRef90_A0A078R1I0,1138,0.0092219192101,9,0.9237012987012987,7.485324034172078e-06
FengQ_2015,4441,UniRef90_A0A076J6F2,1138,0.0089656579869,9,0.9237012987012987,7.277319794561688e-06
FengQ_2015,4442,UniRef90_B0NMZ8,1138,0.0084615046291,9,0.9237012987012987,6.868104406737012e-06
FengQ_2015,4443,UniRef90_I8WJA0,1138,0.007397418375900001,9,0.9237012987012987,6.004398032386364e-06
FengQ_2015,4444,UniRef90_U2QN46,1138,0.007322787141,9,0.9237012987012987,5.943820731331168e-06
FengQ_2015,4445,UniRef90_A0A174RYU9,1138,0.0065634659136000004,9,0.9237012987012987,5.327488566233766e-06
FengQ_2015,4446,UniRef90_R9HAE0,1138,0.0065079206625000005,9,0.9237012987012987,5.282403135146104e-06
FengQ_2015,4447,UniRef90_A0A0N7I9Y3,1138,0.0062720572185,9,0.9237012987012987,5.090955534496753e-06
FengQ_2015,4448,UniRef90_K5CDR6,1138,0.0060416947181,9,0.9237012987012987,4.903972985470779e-06
FengQ_2015,4449,UniRef90_Q8A185,1138,0.0060215324577,9,0.9237012987012987,4.887607514366883e-06
FengQ_2015,4450,UniRef90_A0A139KZX2,1138,0.0058880309642,9,0.9237012987012987,4.7792459125e-06
FengQ_2015,4451,UniRef90_R6J8P9,1138,0.005846917282,9,0.9237012987012987,4.745874417207792e-06
FengQ_2015,4452,UniRef90_A0A0P0FCX6,1138,0.0056961282176000005,9,0.9237012987012987,4.623480696103896e-06
FengQ_2015,4453,UniRef90_Q8ABA8,1138,0.0054595426132,9,0.9237012987012987,4.431446926298701e-06
FengQ_2015,4454,UniRef90_R5U7X9,1138,0.0053778852702,9,0.9237012987012987,4.365166615422078e-06
FengQ_2015,4455,UniRef90_Q8A684,1138,0.0051674946024,9,0.9237012987012987,4.194394969480519e-06
FengQ_2015,4456,UniRef90_A0A174ETM1,1138,0.0050958656475999994,9,0.9237012987012987,4.136254584090909e-06
FengQ_2015,4457,UniRef90_C7H649,1138,0.0050532835698,9,0.9237012987012987,4.1016912092532466e-06
FengQ_2015,4458,UniRef90_R6D9I2,1138,0.0047829481259,9,0.9237012987012987,3.882263089204545e-06
FengQ_2015,4459,UniRef90_A0A0P0FFF5,1138,0.0047595754473,9,0.9237012987012987,3.863291759172078e-06
FengQ_2015,4460,UniRef90_C3R2G1,1138,0.0044204768563,9,0.9237012987012987,3.5880493963474028e-06
FengQ_2015,4461,UniRef90_Q8A9U7,1138,0.0043896270617,9,0.9237012987012987,3.5630089786525976e-06
FengQ_2015,4462,UniRef90_R6RPI2,1138,0.0043207385663,9,0.9237012987012987,3.5070929921266236e-06
FengQ_2015,4463,UniRef90_R5U113,1138,0.0042162483553,9,0.9237012987012987,3.422279509172078e-06
FengQ_2015,4464,UniRef90_R6UYY9,1138,0.003986315284500001,9,0.9237012987012987,3.2356455231331172e-06
FengQ_2015,4465,UniRef90_R7PJB9,1138,0.0012247569613000001,9,0.9237012987012987,9.94120910146104e-07
FengQ_2015,4466,UniRef90_A0A069S655,1137,0.06507286883760001,9,0.9228896103896104,5.28188870435065e-05
FengQ_2015,4467,UniRef90_A0A015TGA7,1137,0.023851395456999998,9,0.9228896103896104,1.9359898909902594e-05
FengQ_2015,4468,UniRef90_A0A076IXD0,1137,0.0235046171994,9,0.9228896103896104,1.907842305146104e-05
FengQ_2015,4469,UniRef90_A0A174FPR0,1137,0.019704208914,9,0.9228896103896104,1.5993676066558443e-05
FengQ_2015,4470,UniRef90_A0A076IYZ0,1137,0.0190132732538,9,0.9228896103896104,1.5432851667045455e-05
FengQ_2015,4471,UniRef90_A6L7N5,1137,0.018857391335,9,0.9228896103896104,1.5306324135551948e-05
FengQ_2015,4472,UniRef90_A0A3E2UKI3,1137,0.0184395365046,9,0.9228896103896104,1.4967156253733767e-05
FengQ_2015,4473,UniRef90_A0A396ALX3,1137,0.01819724304,9,0.9228896103896104,1.4770489480519482e-05
FengQ_2015,4474,UniRef90_E5UNN5,1137,0.0181311851777,9,0.9228896103896104,1.4716871085795456e-05
FengQ_2015,4475,UniRef90_A0A076IQQ4,1137,0.017286101669999998,9,0.9228896103896104,1.4030926680194803e-05
FengQ_2015,4476,UniRef90_D4L103,1137,0.016111533387799998,9,0.9228896103896104,1.3077543334253245e-05
FengQ_2015,4477,UniRef90_A0A076J7A4,1137,0.0158286015381,9,0.9228896103896104,1.2847890858847402e-05
FengQ_2015,4478,UniRef90_C3RGN9,1137,0.015631239769,9,0.9228896103896104,1.2687694617694805e-05
FengQ_2015,4479,UniRef90_R6L9G3,1137,0.015165058819,9,0.9228896103896104,1.2309300989448052e-05
FengQ_2015,4480,UniRef90_A0A0K2HJI4,1137,0.0150310240074,9,0.9228896103896104,1.2200506499512987e-05
FengQ_2015,4481,UniRef90_A0A076IXG0,1137,0.0147623016944999,9,0.9228896103896104,1.1982387739042127e-05
FengQ_2015,4482,UniRef90_R7KJT9,1137,0.01461762208036,9,0.9228896103896104,1.1864952987305194e-05
FengQ_2015,4483,UniRef90_D4LVL6,1137,0.0146013203811,9,0.9228896103896104,1.1851721088555195e-05
FengQ_2015,4484,UniRef90_S3YF09,1137,0.0145700873444,9,0.9228896103896104,1.1826369597727272e-05
FengQ_2015,4485,UniRef90_A0A076IQK0,1137,0.01439102326,9,0.9228896103896104,1.1681025373376623e-05
FengQ_2015,4486,UniRef90_A0A076J905,1137,0.014186356857,9,0.9228896103896104,1.1514900046266233e-05
FengQ_2015,4487,UniRef90_A0A076INR0,1137,0.014142910373,9,0.9228896103896104,1.147963504301948e-05
FengQ_2015,4488,UniRef90_D1PLZ5,1137,0.01411888718192,9,0.9228896103896104,1.146013569961039e-05
FengQ_2015,4489,UniRef90_U6RHA5,1137,0.0140089470565,9,0.9228896103896104,1.1370898584821428e-05
FengQ_2015,4490,UniRef90_A6L7K0,1137,0.014002778236,9,0.9228896103896104,1.1365891425324675e-05
FengQ_2015,4491,UniRef90_R6AJF3,1137,0.0139822539287,9,0.9228896103896104,1.1349232084983767e-05
FengQ_2015,4492,UniRef90_A0A139KEU4,1137,0.0139308427542,9,0.9228896103896104,1.1307502235551948e-05
FengQ_2015,4493,UniRef90_D4VDN7,1137,0.013910309974300001,9,0.9228896103896104,1.129083601810065e-05
FengQ_2015,4494,UniRef90_A0A076IQ53,1137,0.013862556649000001,9,0.9228896103896104,1.1252075202110391e-05
FengQ_2015,4495,UniRef90_A0A0K2HND2,1137,0.0138007686951,9,0.9228896103896104,1.1201922642126623e-05
FengQ_2015,4496,UniRef90_E6SV56,1137,0.0135848958209,9,0.9228896103896104,1.1026701153327922e-05
FengQ_2015,4497,UniRef90_A0A076IKH5,1137,0.013510476328599901,9,0.9228896103896104,1.0966295721266154e-05
FengQ_2015,4498,UniRef90_C0BCA8,1137,0.0133127978939,9,0.9228896103896104,1.0805842446347402e-05
FengQ_2015,4499,UniRef90_E5UR02,1137,0.013258292365,9,0.9228896103896104,1.0761600945616883e-05
FengQ_2015,4500,UniRef90_R6M7Y6,1137,0.013255065023299999,9,0.9228896103896104,1.0758981350081168e-05
FengQ_2015,4501,UniRef90_A0A076J5F6,1137,0.0132028149928,9,0.9228896103896104,1.0716570611038961e-05
FengQ_2015,4502,UniRef90_A0A076J3P1,1137,0.013153069176599998,9,0.9228896103896104,1.0676192513474025e-05
FengQ_2015,4503,UniRef90_A0A0K2HL32,1137,0.013137845878,9,0.9228896103896104,1.0663835939935064e-05
FengQ_2015,4504,UniRef90_I8WPD5,1137,0.0131287686221,9,0.9228896103896104,1.0656468037418832e-05
FengQ_2015,4505,UniRef90_C9L7G4,1137,0.013013580141,9,0.9228896103896104,1.0562970893668831e-05
FengQ_2015,4506,UniRef90_A0A3E4TRJ7,1137,0.012951056591300001,9,0.9228896103896104,1.0512221259172078e-05
FengQ_2015,4507,UniRef90_A0A076IR24,1137,0.012826463654,9,0.9228896103896104,1.0411090628246753e-05
FengQ_2015,4508,UniRef90_A0A139KHD5,1137,0.012674216569,9,0.9228896103896104,1.0287513448863636e-05
FengQ_2015,4509,UniRef90_D1K4U8,1137,0.012602509593,9,0.9228896103896104,1.022930973457792e-05
FengQ_2015,4510,UniRef90_R5K3J5,1137,0.0126003049513,9,0.9228896103896104,1.0227520252678571e-05
FengQ_2015,4511,UniRef90_A0A076J5C7,1137,0.012572796542,9,0.9228896103896104,1.0205191998376622e-05
FengQ_2015,4512,UniRef90_A0A076J405,1137,0.0125676140474,9,0.9228896103896104,1.0200985428084416e-05
FengQ_2015,4513,UniRef90_A0A076J0V1,1137,0.0122367573027,9,0.9228896103896104,9.932432875568182e-06
FengQ_2015,4514,UniRef90_A0A0M1W2F8,1137,0.0120868861632999,9,0.9228896103896104,9.81078422345771e-06
FengQ_2015,4515,UniRef90_R6KBC2,1137,0.012054558189399999,9,0.9228896103896104,9.784543984902596e-06
FengQ_2015,4516,UniRef90_A0A0K2HN34,1137,0.0119932590584,9,0.9228896103896104,9.734788196753246e-06
FengQ_2015,4517,UniRef90_A0A076IUM6,1137,0.0119008003046,9,0.9228896103896104,9.65974050698052e-06
FengQ_2015,4518,UniRef90_R7E6D1,1137,0.0118758975497,9,0.9228896103896104,9.63952723189935e-06
FengQ_2015,4519,UniRef90_I9R9Q7,1137,0.0117735685707999,9,0.9228896103896104,9.55646799577914e-06
FengQ_2015,4520,UniRef90_D1K9Z0,1137,0.011756275007,9,0.9228896103896104,9.542431012175325e-06
FengQ_2015,4521,UniRef90_I8VXQ4,1137,0.011736012452,9,0.9228896103896104,9.525984133116884e-06
FengQ_2015,4522,UniRef90_A6L7B8,1137,0.0116888933697,9,0.9228896103896104,9.487738124756494e-06
FengQ_2015,4523,UniRef90_A0A076JB69,1137,0.0116874872978,9,0.9228896103896104,9.48659683262987e-06
FengQ_2015,4524,UniRef90_A6L4M3,1137,0.011427122389599899,9,0.9228896103896104,9.275261679870047e-06
FengQ_2015,4525,UniRef90_A0A0P0L7H2,1137,0.011354497729,9,0.9228896103896104,9.21631309172078e-06
FengQ_2015,4526,UniRef90_A6L532,1137,0.0110440854389999,9,0.9228896103896104,8.964355064123295e-06
FengQ_2015,4527,UniRef90_B6VZW4,1137,0.0110216469246,9,0.9228896103896104,8.946141984253246e-06
FengQ_2015,4528,UniRef90_R7E322,1137,0.0110029913888,9,0.9228896103896104,8.930999503896103e-06
FengQ_2015,4529,UniRef90_A0A0M1W1W9,1137,0.010976868580999999,9,0.9228896103896104,8.909795926136363e-06
FengQ_2015,4530,UniRef90_A0A076IS79,1137,0.010949129842,9,0.9228896103896104,8.88728071590909e-06
FengQ_2015,4531,UniRef90_A0A0M1W5H6,1137,0.0109132604406,9,0.9228896103896104,8.858165942045455e-06
FengQ_2015,4532,UniRef90_A0A174Q8H0,1137,0.010874718847,9,0.9228896103896104,8.826882181006493e-06
FengQ_2015,4533,UniRef90_A0A076IMR7,1137,0.010670030831999999,9,0.9228896103896104,8.66073931168831e-06
FengQ_2015,4534,UniRef90_A6L4J4,1137,0.010473580632,9,0.9228896103896104,8.501282980519482e-06
FengQ_2015,4535,UniRef90_A0A0P0LI21,1137,0.0104281802943,9,0.9228896103896104,8.464432057061688e-06
FengQ_2015,4536,UniRef90_A0A0M1W3E3,1137,0.0104210520404,9,0.9228896103896104,8.458646136688312e-06
FengQ_2015,4537,UniRef90_E2ZN33,1137,0.0103082900836,9,0.9228896103896104,8.367118574350648e-06
FengQ_2015,4538,UniRef90_C3R5X5,1137,0.0101776209077,9,0.9228896103896104,8.261055931574675e-06
FengQ_2015,4539,UniRef90_A0A174IY16,1137,0.010033542313,9,0.9228896103896104,8.144109020292208e-06
FengQ_2015,4540,UniRef90_A0A395VD40,1137,0.0097113743816,9,0.9228896103896104,7.882609075974027e-06
FengQ_2015,4541,UniRef90_A0A076J860,1137,0.009562740049999999,9,0.9228896103896104,7.7619643262987e-06
FengQ_2015,4542,UniRef90_A0A0K2HKV3,1137,0.009556571325,9,0.9228896103896104,7.756957244318183e-06
FengQ_2015,4543,UniRef90_A0A139K7R2,1137,0.009150733359900002,9,0.9228896103896104,7.4275433116071445e-06
FengQ_2015,4544,UniRef90_A0A076IPH4,1137,0.0083348729157,9,0.9228896103896104,6.765318925081169e-06
FengQ_2015,4545,UniRef90_A0A139JTB0,1137,0.008288177575,9,0.9228896103896104,6.727416862824675e-06
FengQ_2015,4546,UniRef90_U2QWF3,1137,0.0076360819196999,9,0.9228896103896104,6.1981184413148535e-06
FengQ_2015,4547,UniRef90_A0A396FS59,1137,0.0071071193248,9,0.9228896103896104,5.768765685714286e-06
FengQ_2015,4548,UniRef90_A0A3E5HXZ2,1137,0.0070372419955,9,0.9228896103896104,5.71204707426948e-06
FengQ_2015,4549,UniRef90_D7J733,1137,0.0066217166465,9,0.9228896103896104,5.374770005275974e-06
FengQ_2015,4550,UniRef90_R6JQY3,1137,0.0063987352501,9,0.9228896103896104,5.193778612094155e-06
FengQ_2015,4551,UniRef90_A0A1G8DPD0,1137,0.006304961667399999,9,0.9228896103896104,5.1176636910714284e-06
FengQ_2015,4552,UniRef90_A0A396E4J3,1137,0.005974890547,9,0.9228896103896104,4.849748820616883e-06
FengQ_2015,4553,UniRef90_D4LI56,1137,0.0059330780234,9,0.9228896103896104,4.815810083928572e-06
FengQ_2015,4554,UniRef90_C7H6S9,1137,0.005918695111100001,9,0.9228896103896104,4.804135642126624e-06
FengQ_2015,4555,UniRef90_R5F5H7,1137,0.0056375917455,9,0.9228896103896104,4.575967325892857e-06
FengQ_2015,4556,UniRef90_Q89ZJ0,1137,0.0056084805895,9,0.9228896103896104,4.552338140827922e-06
FengQ_2015,4557,UniRef90_A0A139KWK0,1137,0.0055950990828000004,9,0.9228896103896104,4.5414765282467534e-06
FengQ_2015,4558,UniRef90_C9L3A2,1137,0.0055255464885,9,0.9228896103896104,4.485021500405844e-06
FengQ_2015,4559,UniRef90_A0A174J5R8,1137,0.0054558425264,9,0.9228896103896104,4.428443609090909e-06
FengQ_2015,4560,UniRef90_D7IZL7,1137,0.0053373411036,9,0.9228896103896104,4.332257389285714e-06
FengQ_2015,4561,UniRef90_D7K244,1137,0.0053219692897,9,0.9228896103896104,4.319780267613637e-06
FengQ_2015,4562,UniRef90_R6J6L1,1137,0.0052879329377000005,9,0.9228896103896104,4.2921533585227275e-06
FengQ_2015,4563,UniRef90_F3ABX3,1137,0.0052348307787,9,0.9228896103896104,4.249050956737013e-06
FengQ_2015,4564,UniRef90_F7M5Z6,1137,0.0049410072014999,9,0.9228896103896104,4.0105577934252434e-06
FengQ_2015,4565,UniRef90_R5UUL4,1137,0.0047870106021,9,0.9228896103896104,3.8855605536525974e-06
FengQ_2015,4566,UniRef90_U2DMU3,1137,0.0042330185926,9,0.9228896103896104,3.435891714772727e-06
FengQ_2015,4567,UniRef90_D3ATF1,1137,0.0041487817918,9,0.9228896103896104,3.367517688149351e-06
FengQ_2015,4568,UniRef90_A8RQQ0,1137,0.0018566396232999,9,0.9228896103896104,1.5070126812499188e-06
FengQ_2015,4569,UniRef90_A0A3E5DKV8,1136,0.1226445544166,9,0.922077922077922,9.954915131217532e-05
FengQ_2015,4570,UniRef90_A0A015QIN6,1136,0.0845385219507,9,0.922077922077922,6.861893015478895e-05
FengQ_2015,4571,UniRef90_A0A3E4IMU5,1136,0.06801247358,9,0.922077922077922,5.52049298538961e-05
FengQ_2015,4572,UniRef90_E0X5I3,1136,0.035470657559900004,9,0.922077922077922,2.8791118149269484e-05
FengQ_2015,4573,UniRef90_A0A1Y4P7Q6,1136,0.026576266957,9,0.922077922077922,2.1571645257305196e-05
FengQ_2015,4574,UniRef90_B6VYA5,1136,0.025710134997,9,0.922077922077922,2.0868616068993506e-05
FengQ_2015,4575,UniRef90_C7H716,1136,0.024409153394499998,9,0.922077922077922,1.9812624508522725e-05
FengQ_2015,4576,UniRef90_C4Z7L0,1136,0.0222549327731,9,0.922077922077922,1.8064068809334416e-05
FengQ_2015,4577,UniRef90_Q56VG1,1136,0.0200146006061,9,0.922077922077922,1.624561737508117e-05
FengQ_2015,4578,UniRef90_A0A1Y3ZEW4,1136,0.019359566019,9,0.922077922077922,1.5713933456980522e-05
FengQ_2015,4579,UniRef90_I8WQD5,1136,0.018203660773,9,0.922077922077922,1.4775698679383117e-05
FengQ_2015,4580,UniRef90_R7P3J6,1136,0.017766453668239902,9,0.922077922077922,1.4420822782662258e-05
FengQ_2015,4581,UniRef90_A0A174UB30,1136,0.01752659599,9,0.922077922077922,1.4226133108766235e-05
FengQ_2015,4582,UniRef90_A0A076IWM7,1136,0.016981359967999897,9,0.922077922077922,1.3783571402597318e-05
FengQ_2015,4583,UniRef90_A0A0P0LM59,1136,0.016486081605,9,0.922077922077922,1.3381559744318183e-05
FengQ_2015,4584,UniRef90_R7NYX4,1136,0.016410221547,9,0.922077922077922,1.3319985021915585e-05
FengQ_2015,4585,UniRef90_A6L2T0,1136,0.016255496233999998,9,0.922077922077922,1.3194396293831167e-05
FengQ_2015,4586,UniRef90_A0A139LDE6,1136,0.01609418112,9,0.922077922077922,1.30634587012987e-05
FengQ_2015,4587,UniRef90_C3R5Y5,1136,0.0159955651333999,9,0.922077922077922,1.2983413257629788e-05
FengQ_2015,4588,UniRef90_I8WJT5,1136,0.015783356106,9,0.922077922077922,1.2811165670454545e-05
FengQ_2015,4589,UniRef90_A0A0M1W874,1136,0.0157520362119999,9,0.922077922077922,1.2785743678571348e-05
FengQ_2015,4590,UniRef90_A0A0M1W5A4,1136,0.015693696362000003,9,0.922077922077922,1.2738389904220781e-05
FengQ_2015,4591,UniRef90_A0A396B769,1136,0.0153821805759,9,0.922077922077922,1.2485536181737014e-05
FengQ_2015,4592,UniRef90_A0A076INV0,1136,0.0152546999769,9,0.922077922077922,1.2382061669561689e-05
FengQ_2015,4593,UniRef90_R6AJ99,1136,0.015051111421000001,9,0.922077922077922,1.2216811218344157e-05
FengQ_2015,4594,UniRef90_A0A395V2L8,1136,0.014867527463300001,9,0.922077922077922,1.2067798265665585e-05
FengQ_2015,4595,UniRef90_A0A174JW95,1136,0.0147129048409999,9,0.922077922077922,1.1942292890421997e-05
FengQ_2015,4596,UniRef90_A0A076J0F2,1136,0.014538705572,9,0.922077922077922,1.180089737987013e-05
FengQ_2015,4597,UniRef90_B5CXI4,1136,0.0145163200356,9,0.922077922077922,1.1782727301623376e-05
FengQ_2015,4598,UniRef90_A8S8F3,1136,0.0143508655344999,9,0.922077922077922,1.1648429816964204e-05
FengQ_2015,4599,UniRef90_A0A3A9B4B0,1136,0.0143336577177,9,0.922077922077922,1.1634462433198051e-05
FengQ_2015,4600,UniRef90_A6L3G7,1136,0.014242720947499999,9,0.922077922077922,1.1560650119724025e-05
FengQ_2015,4601,UniRef90_A0A076IPP3,1136,0.014216586532299999,9,0.922077922077922,1.1539437120373376e-05
FengQ_2015,4602,UniRef90_A0A139K8I3,1136,0.0142141498834,9,0.922077922077922,1.1537459320941558e-05
FengQ_2015,4603,UniRef90_A0A076J021,1136,0.01377743437,9,0.922077922077922,1.1182982443181818e-05
FengQ_2015,4604,UniRef90_A0A0K2HNB1,1136,0.0135634984195,9,0.922077922077922,1.1009333132711039e-05
FengQ_2015,4605,UniRef90_R5S4K0,1136,0.0135618263917,9,0.922077922077922,1.1007975967288961e-05
FengQ_2015,4606,UniRef90_A0A076IRX3,1136,0.0134892834502,9,0.922077922077922,1.0949093709577922e-05
FengQ_2015,4607,UniRef90_R6LLM3,1136,0.0134858472222,9,0.922077922077922,1.0946304563474026e-05
FengQ_2015,4608,UniRef90_E5VB30,1136,0.0132596147897,9,0.922077922077922,1.076267434228896e-05
FengQ_2015,4609,UniRef90_A0A076J5P1,1136,0.0132237597159,9,0.922077922077922,1.0733571197970779e-05
FengQ_2015,4610,UniRef90_A0A139K3M5,1136,0.013184044302999999,9,0.922077922077922,1.0701334661525973e-05
FengQ_2015,4611,UniRef90_C7H1C9,1136,0.0131065063083,9,0.922077922077922,1.0638397977516235e-05
FengQ_2015,4612,UniRef90_C3R5V5,1136,0.0129781826371,9,0.922077922077922,1.0534239153490261e-05
FengQ_2015,4613,UniRef90_R6G829,1136,0.012932113402000001,9,0.922077922077922,1.049684529383117e-05
FengQ_2015,4614,UniRef90_A0A174I7X5,1136,0.0127693370451,9,0.922077922077922,1.0364721627516234e-05
FengQ_2015,4615,UniRef90_A0A0M1W292,1136,0.01259708708,9,0.922077922077922,1.0224908344155844e-05
FengQ_2015,4616,UniRef90_A0A076J245,1136,0.012502721264,9,0.922077922077922,1.0148312714285715e-05
FengQ_2015,4617,UniRef90_B0NTN7,1136,0.0124424534567,9,0.922077922077922,1.009939403952922e-05
FengQ_2015,4618,UniRef90_A0A3E4W5Y8,1136,0.0123647426879999,9,0.922077922077922,1.0036317116883036e-05
FengQ_2015,4619,UniRef90_A0A0K2HKF7,1136,0.012277884344000001,9,0.922077922077922,9.965815214285715e-06
FengQ_2015,4620,UniRef90_A0A0K2HNC8,1136,0.012237680786,9,0.922077922077922,9.93318245616883e-06
FengQ_2015,4621,UniRef90_A0A1H7IC77,1136,0.0121681912198,9,0.922077922077922,9.876778587499999e-06
FengQ_2015,4622,UniRef90_A0A395UMF8,1136,0.012118277567000001,9,0.922077922077922,9.836264258928572e-06
FengQ_2015,4623,UniRef90_C3RF48,1136,0.0119560555393,9,0.922077922077922,9.704590535146105e-06
FengQ_2015,4624,UniRef90_A0A0N7J7V8,1136,0.0118427960682,9,0.922077922077922,9.612659146266234e-06
FengQ_2015,4625,UniRef90_I8WGG1,1136,0.0118182655215,9,0.922077922077922,9.59274798823052e-06
FengQ_2015,4626,UniRef90_A0A1Q6I5Z4,1136,0.011724616229499999,9,0.922077922077922,9.516733952516234e-06
FengQ_2015,4627,UniRef90_D4V9F3,1136,0.011487546676999999,9,0.922077922077922,9.324307367694804e-06
FengQ_2015,4628,UniRef90_A0A396FDY8,1136,0.011391876658999999,9,0.922077922077922,9.246653132305193e-06
FengQ_2015,4629,UniRef90_B7ARS6,1136,0.0113847875213,9,0.922077922077922,9.240898962094156e-06
FengQ_2015,4630,UniRef90_A0A076IL18,1136,0.011276167502299999,9,0.922077922077922,9.152733362256493e-06
FengQ_2015,4631,UniRef90_A6L4P5,1136,0.0112588699367,9,0.922077922077922,9.138693130438312e-06
FengQ_2015,4632,UniRef90_A0A0M1W1L7,1136,0.011257206407,9,0.922077922077922,9.137342862824675e-06
FengQ_2015,4633,UniRef90_A0A076ISJ7,1136,0.0112093584382,9,0.922077922077922,9.098505225811689e-06
FengQ_2015,4634,UniRef90_A0A174GXR6,1136,0.0112046957847,9,0.922077922077922,9.094720604464286e-06
FengQ_2015,4635,UniRef90_A0A076IV07,1136,0.0111946806811,9,0.922077922077922,9.086591461931817e-06
FengQ_2015,4636,UniRef90_A0A173VHU5,1136,0.011143994437,9,0.922077922077922,9.045450030032468e-06
FengQ_2015,4637,UniRef90_I8W5T6,1136,0.0111262922664,9,0.922077922077922,9.031081385064936e-06
FengQ_2015,4638,UniRef90_A0A076J277,1136,0.011040238026,9,0.922077922077922,8.961232163961039e-06
FengQ_2015,4639,UniRef90_A0A0N7J7J5,1136,0.0109559081457,9,0.922077922077922,8.892782585795453e-06
FengQ_2015,4640,UniRef90_A0A0M1VYZ4,1136,0.0109453792947,9,0.922077922077922,8.884236440503247e-06
FengQ_2015,4641,UniRef90_A0A3E4JG31,1136,0.010840306788300001,9,0.922077922077922,8.798950315178573e-06
FengQ_2015,4642,UniRef90_A0A076IQZ6,1136,0.0107306709611,9,0.922077922077922,8.709960195698052e-06
FengQ_2015,4643,UniRef90_A0A0P0LIZ0,1136,0.0105934340883,9,0.922077922077922,8.598566630113637e-06
FengQ_2015,4644,UniRef90_B6VSF6,1136,0.010493439797000001,9,0.922077922077922,8.51740243262987e-06
FengQ_2015,4645,UniRef90_I8WKC8,1136,0.010350422907199999,9,0.922077922077922,8.401317294805194e-06
FengQ_2015,4646,UniRef90_A0A076IKJ9,1136,0.01024522307,9,0.922077922077922,8.315927816558442e-06
FengQ_2015,4647,UniRef90_C3R4T4,1136,0.0101989438328,9,0.922077922077922,8.27836350064935e-06
FengQ_2015,4648,UniRef90_A0A1Y4U4C4,1136,0.0100177282098,9,0.922077922077922,8.131272897564935e-06
FengQ_2015,4649,UniRef90_A0A396B8Y3,1136,0.0099881081949,9,0.922077922077922,8.107230677678572e-06
FengQ_2015,4650,UniRef90_A6L4T5,1136,0.0099089579465,9,0.922077922077922,8.042985346185064e-06
FengQ_2015,4651,UniRef90_A0A381KK71,1136,0.0097872918255,9,0.922077922077922,7.94423037784091e-06
FengQ_2015,4652,UniRef90_A0A3E4WLN1,1136,0.009754426819599999,9,0.922077922077922,7.917554236688311e-06
FengQ_2015,4653,UniRef90_D4VB21,1136,0.0097114598638,9,0.922077922077922,7.882678460876623e-06
FengQ_2015,4654,UniRef90_A0A0K2HN16,1136,0.009641589934,9,0.922077922077922,7.82596585551948e-06
FengQ_2015,4655,UniRef90_A0A174P9B8,1136,0.0095502814044,9,0.922077922077922,7.751851789285714e-06
FengQ_2015,4656,UniRef90_A0A076J9D6,1136,0.009508735103,9,0.922077922077922,7.718129142045454e-06
FengQ_2015,4657,UniRef90_A0A0P0LBC5,1136,0.0094780388686,9,0.922077922077922,7.69321336737013e-06
FengQ_2015,4658,UniRef90_D4V5I8,1136,0.0089077668291,9,0.922077922077922,7.230330218425324e-06
FengQ_2015,4659,UniRef90_A0A174PDT1,1136,0.0088791345496,9,0.922077922077922,7.2070897318181814e-06
FengQ_2015,4660,UniRef90_A0A078RA74,1136,0.008769948817,9,0.922077922077922,7.1184649488636365e-06
FengQ_2015,4661,UniRef90_B6FJD7,1136,0.00821084607211,9,0.922077922077922,6.6646477858035705e-06
FengQ_2015,4662,UniRef90_A0A173TXT3,1136,0.0079908902507,9,0.922077922077922,6.4861122164772725e-06
FengQ_2015,4663,UniRef90_U6RIA8,1136,0.0079252986722,9,0.922077922077922,6.432872298863636e-06
FengQ_2015,4664,UniRef90_A8RK53,1136,0.007409850717,9,0.922077922077922,6.014489218344156e-06
FengQ_2015,4665,UniRef90_A0A3E5H1E2,1136,0.0061517668034000005,9,0.922077922077922,4.993317210551948e-06
FengQ_2015,4666,UniRef90_A0A174JW29,1136,0.0058592116316,9,0.922077922077922,4.7558535970779226e-06
FengQ_2015,4667,UniRef90_Q5LIJ3,1136,0.0055721104844,9,0.922077922077922,4.522816951623377e-06
FengQ_2015,4668,UniRef90_A7LT54,1136,0.0054958367953,9,0.922077922077922,4.4609064896915584e-06
FengQ_2015,4669,UniRef90_U2EFC2,1136,0.0053269074073,9,0.922077922077922,4.323788479951299e-06
FengQ_2015,4670,UniRef90_C3QNR5,1136,0.005322275074,9,0.922077922077922,4.320028469155844e-06
FengQ_2015,4671,UniRef90_R6JJR7,1136,0.005317221152,9,0.922077922077922,4.3159262597402595e-06
FengQ_2015,4672,UniRef90_R6JPZ0,1136,0.005241742787,9,0.922077922077922,4.254661353084415e-06
FengQ_2015,4673,UniRef90_A0A174QQF0,1136,0.0051996802807,9,0.922077922077922,4.220519708360389e-06
FengQ_2015,4674,UniRef90_R5U8C5,1136,0.0050876720876,9,0.922077922077922,4.129603967207792e-06
FengQ_2015,4675,UniRef90_Q89YS4,1136,0.0050650884822,9,0.922077922077922,4.111273118668832e-06
FengQ_2015,4676,UniRef90_A0A139LCY0,1136,0.0050578074329,9,0.922077922077922,4.105363176055194e-06
FengQ_2015,4677,UniRef90_R7KYW9,1136,0.0050019358716,9,0.922077922077922,4.060012882792208e-06
FengQ_2015,4678,UniRef90_A0A174V1G2,1136,0.004938447342,9,0.922077922077922,4.00847998538961e-06
FengQ_2015,4679,UniRef90_A0A0P0F0P7,1136,0.0049124546869000005,9,0.922077922077922,3.9873820510551956e-06
FengQ_2015,4680,UniRef90_D1K8H7,1136,0.0047683274746,9,0.922077922077922,3.870395677435065e-06
FengQ_2015,4681,UniRef90_A0A174LYQ7,1136,0.0043151673918,9,0.922077922077922,3.502570934902598e-06
FengQ_2015,4682,UniRef90_A0A174A317,1136,0.0040356370924,9,0.922077922077922,3.275679458116883e-06
FengQ_2015,4683,UniRef90_B5CLF9,1136,0.0039454808789,9,0.922077922077922,3.202500713392857e-06
FengQ_2015,4684,UniRef90_B0NHL1,1136,0.0039240496265,9,0.922077922077922,3.185105216314935e-06
FengQ_2015,4685,UniRef90_D4KA57,1136,0.0037549641862000003,9,0.922077922077922,3.0478605407467536e-06
FengQ_2015,4686,UniRef90_UPI000570F4B8,1136,0.0033615137975,9,0.922077922077922,2.72850145900974e-06
FengQ_2015,4687,UniRef90_B0P977,1136,0.0033528884005,9,0.922077922077922,2.721500325081169e-06
FengQ_2015,4688,UniRef90_A0A1C5KIX3,1136,0.0012232964164999999,9,0.922077922077922,9.929354030032467e-07
FengQ_2015,4689,UniRef90_T4C1L2,1135,1.7500348882013,9,0.9212662337662337,0.0014204828637997564
FengQ_2015,4690,UniRef90_D4K2L3,1135,0.0366463038144,9,0.9212662337662337,2.974537647272727e-05
FengQ_2015,4691,UniRef90_A0A173W330,1135,0.033056557827,9,0.9212662337662337,2.683162161282467e-05
FengQ_2015,4692,UniRef90_R9HLX9,1135,0.021049058619,9,0.9212662337662337,1.7085274853084414e-05
FengQ_2015,4693,UniRef90_A0A139K2N8,1135,0.018808912278200002,9,0.9212662337662337,1.5266974251785714e-05
FengQ_2015,4694,UniRef90_A0A174I6U2,1135,0.0184903852618999,9,0.9212662337662337,1.500842959569797e-05
FengQ_2015,4695,UniRef90_A0A076JAY8,1135,0.018053132188,9,0.9212662337662337,1.4653516386363637e-05
FengQ_2015,4696,UniRef90_A0A174HVY2,1135,0.0178268634616,9,0.9212662337662337,1.4469856705844156e-05
FengQ_2015,4697,UniRef90_A0A0P0M1G4,1135,0.0174851365407,9,0.9212662337662337,1.419248095836039e-05
FengQ_2015,4698,UniRef90_A0A0P0LII2,1135,0.0173683492312,9,0.9212662337662337,1.4097686064285714e-05
FengQ_2015,4699,UniRef90_A0A076J6J2,1135,0.015967642474,9,0.9212662337662337,1.2960748761363636e-05
FengQ_2015,4700,UniRef90_A0A076IQK4,1135,0.015583094603000001,9,0.9212662337662337,1.2648615749188313e-05
FengQ_2015,4701,UniRef90_A0A076IPA4,1135,0.0155455222418,9,0.9212662337662337,1.261811870275974e-05
FengQ_2015,4702,UniRef90_F3PS25,1135,0.015287259623499999,9,0.9212662337662337,1.240848995413961e-05
FengQ_2015,4703,UniRef90_A6L6D2,1135,0.015210982058999999,9,0.9212662337662337,1.2346576346590909e-05
FengQ_2015,4704,UniRef90_A0A0P0M4I6,1135,0.0150996629164,9,0.9212662337662337,1.2256219899675325e-05
FengQ_2015,4705,UniRef90_A0A1Y4P8U0,1135,0.0150104528926,9,0.9212662337662337,1.2183809166071427e-05
FengQ_2015,4706,UniRef90_A0A076IVW9,1135,0.014855925102200001,9,0.9212662337662337,1.2058380764772728e-05
FengQ_2015,4707,UniRef90_A0A174VCZ8,1135,0.014571609287000001,9,0.9212662337662337,1.1827604940746754e-05
FengQ_2015,4708,UniRef90_A0A139KGR8,1135,0.0145625371803,9,0.9212662337662337,1.1820241217775973e-05
FengQ_2015,4709,UniRef90_A0A396A9Z6,1135,0.0144958580588,9,0.9212662337662337,1.176611855422078e-05
FengQ_2015,4710,UniRef90_D1JXJ2,1135,0.014003498152,9,0.9212662337662337,1.1366475772727274e-05
FengQ_2015,4711,UniRef90_A0A139KJ68,1135,0.0139041821817,9,0.9212662337662337,1.1285862160470779e-05
FengQ_2015,4712,UniRef90_A0A076J7Y1,1135,0.013818052072999899,9,0.9212662337662337,1.1215951357954463e-05
FengQ_2015,4713,UniRef90_R6LCQ1,1135,0.013517186785899998,9,0.9212662337662337,1.0971742521022726e-05
FengQ_2015,4714,UniRef90_K9EA01,1135,0.0133973323506,9,0.9212662337662337,1.0874458076785714e-05
FengQ_2015,4715,UniRef90_C9L7J3,1135,0.0132519693205,9,0.9212662337662337,1.0756468604301948e-05
FengQ_2015,4716,UniRef90_A0A174H4Q0,1135,0.013108661687999899,9,0.9212662337662337,1.0640147474025892e-05
FengQ_2015,4717,UniRef90_E6SQD6,1135,0.0130530718068,9,0.9212662337662337,1.0595025817207792e-05
FengQ_2015,4718,UniRef90_A0A0P0M4Y3,1135,0.012797420637,9,0.9212662337662337,1.0387516750811689e-05
FengQ_2015,4719,UniRef90_A6KXK6,1135,0.0127317153657,9,0.9212662337662337,1.0334184550081168e-05
FengQ_2015,4720,UniRef90_A0A3E4GE68,1135,0.012538475338599999,9,0.9212662337662337,1.0177333878733765e-05
FengQ_2015,4721,UniRef90_A0A0M1W4E7,1135,0.0124753822823,9,0.9212662337662337,1.0126121982386363e-05
FengQ_2015,4722,UniRef90_A0A1Y4PZV5,1135,0.0124465497964,9,0.9212662337662337,1.0102718990584415e-05
FengQ_2015,4723,UniRef90_F3PR83,1135,0.012388998428,9,0.9212662337662337,1.0056005217532467e-05
FengQ_2015,4724,UniRef90_A0A076IWV9,1135,0.0123810735725,9,0.9212662337662337,1.0049572704951298e-05
FengQ_2015,4725,UniRef90_E5UTH1,1135,0.012284084930000001,9,0.9212662337662337,9.970848157467534e-06
FengQ_2015,4726,UniRef90_A0A0M1W597,1135,0.0121470286229,9,0.9212662337662337,9.859601154951299e-06
FengQ_2015,4727,UniRef90_G2T386,1135,0.0121321530138,9,0.9212662337662337,9.847526796915585e-06
FengQ_2015,4728,UniRef90_A0A0P0M3I1,1135,0.0120969979168,9,0.9212662337662337,9.818991815584415e-06
FengQ_2015,4729,UniRef90_A0A076IWJ9,1135,0.0120761138452,9,0.9212662337662337,9.802040458766234e-06
FengQ_2015,4730,UniRef90_B0NUR5,1135,0.0120443477355,9,0.9212662337662337,9.776256278814935e-06
FengQ_2015,4731,UniRef90_A0A076IRR2,1135,0.01200336228,9,0.9212662337662337,9.742988863636364e-06
FengQ_2015,4732,UniRef90_A0A1H7F9G0,1135,0.0118787711701,9,0.9212662337662337,9.64185971599026e-06
FengQ_2015,4733,UniRef90_A6L3F8,1135,0.0118410444299,9,0.9212662337662337,9.611237361931818e-06
FengQ_2015,4734,UniRef90_A0A076JBH0,1135,0.011745974858,9,0.9212662337662337,9.534070501623376e-06
FengQ_2015,4735,UniRef90_A0A139KHM5,1135,0.011708628037700002,9,0.9212662337662337,9.503756524107144e-06
FengQ_2015,4736,UniRef90_A0A1Y3ZDV8,1135,0.0114474141243,9,0.9212662337662337,9.29173224375e-06
FengQ_2015,4737,UniRef90_I9RFL3,1135,0.011256369315,9,0.9212662337662337,9.136663405032469e-06
FengQ_2015,4738,UniRef90_A0A076J4Y3,1135,0.011247908436,9,0.9212662337662337,9.129795808441559e-06
FengQ_2015,4739,UniRef90_D4V7H1,1135,0.011153973309,9,0.9212662337662337,9.053549763798702e-06
FengQ_2015,4740,UniRef90_R6KPU8,1135,0.0110310672752,9,0.9212662337662337,8.953788372727273e-06
FengQ_2015,4741,UniRef90_A0A0P0M4Y9,1135,0.0109812953239999,9,0.9212662337662337,8.91338906168823e-06
FengQ_2015,4742,UniRef90_G2T382,1135,0.010688244342900001,9,0.9212662337662337,8.675523005600651e-06
FengQ_2015,4743,UniRef90_A6L645,1135,0.0106754916723,9,0.9212662337662337,8.665171811931818e-06
FengQ_2015,4744,UniRef90_A0A076IPV8,1135,0.0105441040437,9,0.9212662337662337,8.558526009496754e-06
FengQ_2015,4745,UniRef90_A0A076IRI0,1135,0.0105436892998,9,0.9212662337662337,8.558189366720779e-06
FengQ_2015,4746,UniRef90_D4V968,1135,0.010276462894999899,9,0.9212662337662337,8.341284817370047e-06
FengQ_2015,4747,UniRef90_R8VU34,1135,0.010192328437,9,0.9212662337662337,8.272993861201297e-06
FengQ_2015,4748,UniRef90_A6L6X6,1135,0.0101465429249999,9,0.9212662337662337,8.235830296266152e-06
FengQ_2015,4749,UniRef90_C3RBF3,1135,0.010124613328,9,0.9212662337662337,8.218030298701299e-06
FengQ_2015,4750,UniRef90_A0A396FE52,1135,0.010041747538599998,9,0.9212662337662337,8.150769106006492e-06
FengQ_2015,4751,UniRef90_A0A174W0W0,1135,0.010011423403,9,0.9212662337662337,8.126155359577923e-06
FengQ_2015,4752,UniRef90_C0ESU0,1135,0.009983899234000001,9,0.9212662337662337,8.103814313311689e-06
FengQ_2015,4753,UniRef90_S3Y961,1135,0.0097527128967,9,0.9212662337662337,7.916163065503246e-06
FengQ_2015,4754,UniRef90_I9VT34,1135,0.0096647193431,9,0.9212662337662337,7.844739726542209e-06
FengQ_2015,4755,UniRef90_R9HML6,1135,0.00894273456,9,0.9212662337662337,7.258713116883117e-06
FengQ_2015,4756,UniRef90_B6W4I8,1135,0.008913464434,9,0.9212662337662337,7.234954897727273e-06
FengQ_2015,4757,UniRef90_A0A0K2HN31,1135,0.008479042034999999,9,0.9212662337662337,6.882339314123376e-06
FengQ_2015,4758,UniRef90_A0A374NP55,1135,0.0079202102158,9,0.9212662337662337,6.428742058279221e-06
FengQ_2015,4759,UniRef90_A0A176U8T2,1135,0.007674263479,9,0.9212662337662337,6.2291099667207795e-06
FengQ_2015,4760,UniRef90_U2EKC9,1135,0.0071612517513,9,0.9212662337662337,5.812704343587663e-06
FengQ_2015,4761,UniRef90_A0A1H4HBE3,1135,0.00695238924,9,0.9212662337662337,5.643173084415584e-06
FengQ_2015,4762,UniRef90_R6DHP0,1135,0.0068086909456,9,0.9212662337662337,5.526534858441559e-06
FengQ_2015,4763,UniRef90_A0A174D4E5,1135,0.006642804808999999,9,0.9212662337662337,5.391887020292208e-06
FengQ_2015,4764,UniRef90_A0A0P0FRI9,1135,0.0062592406228,9,0.9212662337662337,5.080552453571428e-06
FengQ_2015,4765,UniRef90_U2DJP5,1135,0.0060078301367,9,0.9212662337662337,4.876485500568181e-06
FengQ_2015,4766,UniRef90_A5ZCD5,1135,0.005689024858,9,0.9212662337662337,4.617714982142857e-06
FengQ_2015,4767,UniRef90_A0A173U5W5,1135,0.0055850835115,9,0.9212662337662337,4.533347006087662e-06
FengQ_2015,4768,UniRef90_R5UY23,1135,0.0052228947088,9,0.9212662337662337,4.2393625883116885e-06
FengQ_2015,4769,UniRef90_D6D5Z8,1135,0.0051541711091,9,0.9212662337662337,4.183580445698052e-06
FengQ_2015,4770,UniRef90_A0A173ZHT6,1135,0.0049158306959,9,0.9212662337662337,3.9901223181006495e-06
FengQ_2015,4771,UniRef90_Q59219,1135,0.0048688116631,9,0.9212662337662337,3.95195751875e-06
FengQ_2015,4772,UniRef90_C7GGX5,1135,0.0048413589367,9,0.9212662337662337,3.929674461607143e-06
FengQ_2015,4773,UniRef90_A0A173VGD4,1135,0.0047074970016,9,0.9212662337662337,3.821020293506494e-06
FengQ_2015,4774,UniRef90_D7JAI5,1135,0.0045284196753000005,9,0.9212662337662337,3.67566532086039e-06
FengQ_2015,4775,UniRef90_B0G2U7,1135,0.0043431469234,9,0.9212662337662337,3.5252815936688307e-06
FengQ_2015,4776,UniRef90_A0A0K0YN19,1135,0.0031837834984599998,9,0.9212662337662337,2.5842398526461035e-06
FengQ_2015,4777,UniRef90_C0CX31,1135,0.0015391747736,9,0.9212662337662337,1.2493301733766234e-06
FengQ_2015,4778,UniRef90_A0A076IZY5,1134,0.024350538688000002,9,0.9204545454545454,1.976504763636364e-05
FengQ_2015,4779,UniRef90_A0A076J7L7,1134,0.0216193231308,9,0.9204545454545454,1.7548151891883117e-05
FengQ_2015,4780,UniRef90_A0A076J661,1134,0.0184371565183,9,0.9204545454545454,1.4965224446672079e-05
FengQ_2015,4781,UniRef90_A0A076J9W2,1134,0.0173480056148,9,0.9204545454545454,1.4081173388636363e-05
FengQ_2015,4782,UniRef90_C7H8M1,1134,0.0169856671341999,9,0.9204545454545454,1.378706747905836e-05
FengQ_2015,4783,UniRef90_A0A076ISA0,1134,0.016547041754,9,0.9204545454545454,1.3431040384740259e-05
FengQ_2015,4784,UniRef90_Q8VRK6,1134,0.0161699906839999,9,0.9204545454545454,1.3124992438311607e-05
FengQ_2015,4785,UniRef90_A0A076IZM6,1134,0.016038618936,9,0.9204545454545454,1.3018359525974026e-05
FengQ_2015,4786,UniRef90_F3PNG5,1134,0.0157268535917,9,0.9204545454545454,1.2765303240016235e-05
FengQ_2015,4787,UniRef90_A0A076IXT0,1134,0.015476337768,9,0.9204545454545454,1.2561962474025974e-05
FengQ_2015,4788,UniRef90_A0A076J7K4,1134,0.0154646954569999,9,0.9204545454545454,1.2552512546266152e-05
FengQ_2015,4789,UniRef90_A0A076IXG4,1134,0.015014988398,9,0.9204545454545454,1.2187490582792208e-05
FengQ_2015,4790,UniRef90_A0A076IK57,1134,0.0144855841996,9,0.9204545454545454,1.1757779382792209e-05
FengQ_2015,4791,UniRef90_I8WP17,1134,0.0140576863231,9,0.9204545454545454,1.141045967784091e-05
FengQ_2015,4792,UniRef90_A0A395V8Q2,1134,0.0139802789132,9,0.9204545454545454,1.1347628987987013e-05
FengQ_2015,4793,UniRef90_B0N074,1134,0.0139782935731,9,0.9204545454545454,1.1346017510633117e-05
FengQ_2015,4794,UniRef90_C3RFJ4,1134,0.0137438382755999,9,0.9204545454545454,1.115571288603888e-05
FengQ_2015,4795,UniRef90_A0A076J3A5,1134,0.0137420978198,9,0.9204545454545454,1.1154300178409092e-05
FengQ_2015,4796,UniRef90_B6W1Z9,1134,0.013646297746,9,0.9204545454545454,1.1076540378246753e-05
FengQ_2015,4797,UniRef90_E6SNW0,1134,0.013611521905,9,0.9204545454545454,1.1048313234577922e-05
FengQ_2015,4798,UniRef90_A0A0N7IEZ3,1134,0.0133792480553999,9,0.9204545454545454,1.0859779265746672e-05
FengQ_2015,4799,UniRef90_A0A076J2M1,1134,0.013201325594,9,0.9204545454545454,1.0715361683441558e-05
FengQ_2015,4800,UniRef90_A0A076J443,1134,0.0131390953332,9,0.9204545454545454,1.0664850108116883e-05
FengQ_2015,4801,UniRef90_C5EWQ0,1134,0.0130267761386,9,0.9204545454545454,1.0573681930681818e-05
FengQ_2015,4802,UniRef90_F7JS59,1134,0.0129791983169,9,0.9204545454545454,1.0535063568912338e-05
FengQ_2015,4803,UniRef90_A0A076ITG9,1134,0.0129147784217,9,0.9204545454545454,1.048277469293831e-05
FengQ_2015,4804,UniRef90_A0A3E5EV35,1134,0.0127420495516,9,0.9204545454545454,1.0342572687987012e-05
FengQ_2015,4805,UniRef90_B0NZ42,1134,0.012562318489,9,0.9204545454545454,1.0196687085227272e-05
FengQ_2015,4806,UniRef90_R5LX64,1134,0.0124739270169,9,0.9204545454545454,1.0124940760470779e-05
FengQ_2015,4807,UniRef90_A0A0K2HKM5,1134,0.0124655849354,9,0.9204545454545454,1.0118169590422079e-05
FengQ_2015,4808,UniRef90_A0A076IZ17,1134,0.012413907766799999,9,0.9204545454545454,1.007622383668831e-05
FengQ_2015,4809,UniRef90_A0A076J9K7,1134,0.012385498451,9,0.9204545454545454,1.005316432711039e-05
FengQ_2015,4810,UniRef90_A0A076IQI3,1134,0.012186019322,9,0.9204545454545454,9.891249449675325e-06
FengQ_2015,4811,UniRef90_A0A076IQW0,1134,0.012136778168999999,9,0.9204545454545454,9.851280981331168e-06
FengQ_2015,4812,UniRef90_E5UPS6,1134,0.0120971855167999,9,0.9204545454545454,9.819144088311607e-06
FengQ_2015,4813,UniRef90_F3PQG5,1134,0.0120778255298,9,0.9204545454545454,9.80342981314935e-06
FengQ_2015,4814,UniRef90_A0A396AU89,1134,0.011942481389,9,0.9204545454545454,9.693572556006494e-06
FengQ_2015,4815,UniRef90_A0A1Q6JR32,1134,0.011834788575,9,0.9204545454545454,9.606159557629869e-06
FengQ_2015,4816,UniRef90_A0A076IMC2,1134,0.011792775259999999,9,0.9204545454545454,9.57205784090909e-06
FengQ_2015,4817,UniRef90_F3PY60,1134,0.0117827588011,9,0.9204545454545454,9.563927598295455e-06
FengQ_2015,4818,UniRef90_A0A076IQZ0,1134,0.011759603474,9,0.9204545454545454,9.545132689935065e-06
FengQ_2015,4819,UniRef90_B3CF06,1134,0.0117254744529,9,0.9204545454545454,9.517430562418832e-06
FengQ_2015,4820,UniRef90_A0A174N4U7,1134,0.0116500070457,9,0.9204545454545454,9.456174550081168e-06
FengQ_2015,4821,UniRef90_D4V9S9,1134,0.011647097186,9,0.9204545454545454,9.453812650974026e-06
FengQ_2015,4822,UniRef90_A0A076ISQ4,1134,0.011544106262600001,9,0.9204545454545454,9.37021612224026e-06
FengQ_2015,4823,UniRef90_I9QNI3,1134,0.011386042481099999,9,0.9204545454545454,9.241917598295454e-06
FengQ_2015,4824,UniRef90_A0A1D6XS85,1134,0.011325196572,9,0.9204545454545454,9.192529685064935e-06
FengQ_2015,4825,UniRef90_A0A0K2HMI3,1134,0.0109779735303,9,0.9204545454545454,8.910692800568181e-06
FengQ_2015,4826,UniRef90_A0A076IM34,1134,0.0109606494371,9,0.9204545454545454,8.896631036607143e-06
FengQ_2015,4827,UniRef90_A0A0K2HFT6,1134,0.010849531572999999,9,0.9204545454545454,8.806437965097402e-06
FengQ_2015,4828,UniRef90_B0NPD4,1134,0.010797524334800001,9,0.9204545454545454,8.764224297727274e-06
FengQ_2015,4829,UniRef90_U2R5B2,1134,0.0107825723607,9,0.9204545454545454,8.752087955113636e-06
FengQ_2015,4830,UniRef90_U6R8X8,1134,0.010743153025999999,9,0.9204545454545454,8.720091741883116e-06
FengQ_2015,4831,UniRef90_A0A1Y3ZH60,1134,0.0105310937515998,9,0.9204545454545454,8.54796570746737e-06
FengQ_2015,4832,UniRef90_B6VVP4,1134,0.010352644458,9,0.9204545454545454,8.403120501623376e-06
FengQ_2015,4833,UniRef90_I9QW28,1134,0.010276002146000001,9,0.9204545454545454,8.340910832792208e-06
FengQ_2015,4834,UniRef90_C3QN29,1134,0.0101048697919999,9,0.9204545454545454,8.202004701298621e-06
FengQ_2015,4835,UniRef90_F7LVW4,1134,0.009986458319799999,9,0.9204545454545454,8.105891493344156e-06
FengQ_2015,4836,UniRef90_A0A076J702,1134,0.009889156067699901,9,0.9204545454545454,8.026912392613556e-06
FengQ_2015,4837,UniRef90_A0A3E5A271,1134,0.009806348549200001,9,0.9204545454545454,7.959698497727274e-06
FengQ_2015,4838,UniRef90_I9RCA8,1134,0.0090857533607,9,0.9204545454545454,7.374799805762987e-06
FengQ_2015,4839,UniRef90_A0A174CV30,1134,0.0087997173781,9,0.9204545454545454,7.142627741964285e-06
FengQ_2015,4840,UniRef90_A0A2N5NEU8,1134,0.0085316205899,9,0.9204545454545454,6.925016712581169e-06
FengQ_2015,4841,UniRef90_I8XKV0,1134,0.0084457165399,9,0.9204545454545454,6.855289399269481e-06
FengQ_2015,4842,UniRef90_A0A1H7GFY0,1134,0.0079773402587,9,0.9204545454545454,6.475113846347403e-06
FengQ_2015,4843,UniRef90_A0A0P6CMA7,1134,0.0071283317633,9,0.9204545454545454,5.785983574107143e-06
FengQ_2015,4844,UniRef90_R0BG18,1134,0.0069162755612,9,0.9204545454545454,5.613860033441558e-06
FengQ_2015,4845,UniRef90_R7KQA0,1134,0.0064716066282,9,0.9204545454545454,5.252927457954545e-06
FengQ_2015,4846,UniRef90_A7VCV0,1134,0.006368370581,9,0.9204545454545454,5.169131965097402e-06
FengQ_2015,4847,UniRef90_D7I8I4,1134,0.006303398978099999,9,0.9204545454545454,5.116395274431818e-06
FengQ_2015,4848,UniRef90_D6D658,1134,0.0062167161342,9,0.9204545454545454,5.0460358232142854e-06
FengQ_2015,4849,UniRef90_UPI000E41DC59,1134,0.00615917982829,9,0.9204545454545454,4.999334276209415e-06
FengQ_2015,4850,UniRef90_A0A395XF01,1134,0.005934138919,9,0.9204545454545454,4.816671200487012e-06
FengQ_2015,4851,UniRef90_D4VE65,1134,0.0055433308328,9,0.9204545454545454,4.499456844805195e-06
FengQ_2015,4852,UniRef90_A0A174VTD2,1134,0.0052398823347,9,0.9204545454545454,4.253151245698052e-06
FengQ_2015,4853,UniRef90_A0A1C5Z997,1134,0.00522482438221,9,0.9204545454545454,4.240928881663961e-06
FengQ_2015,4854,UniRef90_R6W651,1134,0.0051018909935,9,0.9204545454545454,4.141145286931818e-06
FengQ_2015,4855,UniRef90_A0A0P0FEV6,1134,0.0048222305097,9,0.9204545454545454,3.91414814099026e-06
FengQ_2015,4856,UniRef90_A0A174VHN2,1134,0.0047941879903,9,0.9204545454545454,3.891386355762987e-06
FengQ_2015,4857,UniRef90_R6V8I0,1134,0.0047070645972,9,0.9204545454545454,3.820669315909091e-06
FengQ_2015,4858,UniRef90_A0A174XLQ3,1134,0.0046436040279999,9,0.9204545454545454,3.7691591136362828e-06
FengQ_2015,4859,UniRef90_R0AMJ6,1134,0.004519210627899999,9,0.9204545454545454,3.6681904447240255e-06
FengQ_2015,4860,UniRef90_A0A173YIN8,1134,0.0034608967154999997,9,0.9204545454545454,2.809169411931818e-06
FengQ_2015,4861,UniRef90_A8S5Y0,1134,0.0027762676368999002,9,0.9204545454545454,2.2534639909901787e-06
FengQ_2015,4862,UniRef90_A0A0F0CCM0,1134,0.00127863885,9,0.9204545454545454,1.0378562094155843e-06
FengQ_2015,4863,UniRef90_A0A174I7T3,1134,0.0010535554991,9,0.9204545454545454,8.551586843344155e-07
FengQ_2015,4864,UniRef90_A0A076J2G1,1133,0.019500132857200002,9,0.9196428571428571,1.5828029916558442e-05
FengQ_2015,4865,UniRef90_A0A076IPH7,1133,0.0192199116936,9,0.9196428571428571,1.5600577673376622e-05
FengQ_2015,4866,UniRef90_A0A0M1VZE5,1133,0.0188387438182,9,0.9196428571428571,1.5291188164123375e-05
FengQ_2015,4867,UniRef90_A0A081TLD1,1133,0.0184036215813,9,0.9196428571428571,1.4938004530275974e-05
FengQ_2015,4868,UniRef90_A0A0P0L2N8,1133,0.0174065889860999,9,0.9196428571428571,1.4128724826379788e-05
FengQ_2015,4869,UniRef90_A0A0K2HIJ2,1133,0.0162990710582999,9,0.9196428571428571,1.322976546939927e-05
FengQ_2015,4870,UniRef90_A0A3E4UNS3,1133,0.016236945811,9,0.9196428571428571,1.3179339132305194e-05
FengQ_2015,4871,UniRef90_A0A0K2HKA7,1133,0.016167915177999998,9,0.9196428571428571,1.3123307774350649e-05
FengQ_2015,4872,UniRef90_E2ZNH2,1133,0.016119061706,9,0.9196428571428571,1.3083653982142855e-05
FengQ_2015,4873,UniRef90_E6ST21,1133,0.015321642941300001,9,0.9196428571428571,1.2436398491314937e-05
FengQ_2015,4874,UniRef90_A0A0P0LF51,1133,0.015308838805299999,9,0.9196428571428571,1.2426005523782467e-05
FengQ_2015,4875,UniRef90_A0A076J4M9,1133,0.014595025214299999,9,0.9196428571428571,1.1846611375243506e-05
FengQ_2015,4876,UniRef90_A0A0P0GT23,1133,0.0145838870734,9,0.9196428571428571,1.1837570676461038e-05
FengQ_2015,4877,UniRef90_A0A076J1E4,1133,0.0143053456,9,0.9196428571428571,1.1611481818181818e-05
FengQ_2015,4878,UniRef90_A0A0P0M547,1133,0.013915708975,9,0.9196428571428571,1.1295218323863636e-05
FengQ_2015,4879,UniRef90_A0A0P0M663,1133,0.0138731633838,9,0.9196428571428571,1.1260684564772728e-05
FengQ_2015,4880,UniRef90_D1K1G9,1133,0.013701862,9,0.9196428571428571,1.1121641233766234e-05
FengQ_2015,4881,UniRef90_A0A076INM5,1133,0.0136430949157,9,0.9196428571428571,1.1073940678327922e-05
FengQ_2015,4882,UniRef90_R5C2Q1,1133,0.0136091624834,9,0.9196428571428571,1.1046398119642858e-05
FengQ_2015,4883,UniRef90_I8WST4,1133,0.0135912848168,9,0.9196428571428571,1.1031887026623377e-05
FengQ_2015,4884,UniRef90_K9EMB0,1133,0.0134896191622,9,0.9196428571428571,1.0949366203084415e-05
FengQ_2015,4885,UniRef90_A0A076IN39,1133,0.0134427478779,9,0.9196428571428571,1.0911321329464286e-05
FengQ_2015,4886,UniRef90_D4V9H2,1133,0.013272668269,9,0.9196428571428571,1.0773269698863636e-05
FengQ_2015,4887,UniRef90_A0A0K2HJK7,1133,0.0129334499538,9,0.9196428571428571,1.0497930157305194e-05
FengQ_2015,4888,UniRef90_A0A174Q2Y9,1133,0.012891109558,9,0.9196428571428571,1.0463562952922078e-05
FengQ_2015,4889,UniRef90_A0A0P0M4K7,1133,0.012848798274,9,0.9196428571428571,1.0429219378246752e-05
FengQ_2015,4890,UniRef90_A0A076J644,1133,0.012718538881,9,0.9196428571428571,1.032348935146104e-05
FengQ_2015,4891,UniRef90_A0A076IPY5,1133,0.0126251656903,9,0.9196428571428571,1.0247699423944805e-05
FengQ_2015,4892,UniRef90_R9HNU4,1133,0.0126128269057,9,0.9196428571428571,1.0237684176704546e-05
FengQ_2015,4893,UniRef90_A0A0P0GTX7,1133,0.0123752496051,9,0.9196428571428571,1.0044845458685064e-05
FengQ_2015,4894,UniRef90_A0A374Q300,1133,0.0122454798923,9,0.9196428571428571,9.939512899594155e-06
FengQ_2015,4895,UniRef90_A0A076IMG5,1133,0.0121328795786,9,0.9196428571428571,9.848116541071428e-06
FengQ_2015,4896,UniRef90_U2PGG5,1133,0.0120234814934,9,0.9196428571428571,9.759319393993506e-06
FengQ_2015,4897,UniRef90_R6FLL0,1133,0.0119636349332,9,0.9196428571428571,9.710742640584416e-06
FengQ_2015,4898,UniRef90_A0A396D185,1133,0.0113911860831,9,0.9196428571428571,9.246092599918831e-06
FengQ_2015,4899,UniRef90_I8VW45,1133,0.01076510104,9,0.9196428571428571,8.737906688311688e-06
FengQ_2015,4900,UniRef90_A0A0P0GYG0,1133,0.0105440011232,9,0.9196428571428571,8.55844247012987e-06
FengQ_2015,4901,UniRef90_F7JS50,1133,0.0104316609802,9,0.9196428571428571,8.467257289123377e-06
FengQ_2015,4902,UniRef90_D1JYI7,1133,0.0103779236690999,9,0.9196428571428571,8.423639341801867e-06
FengQ_2015,4903,UniRef90_C3R4C6,1133,0.010208285786999999,9,0.9196428571428571,8.285946255681817e-06
FengQ_2015,4904,UniRef90_R5RC53,1133,0.0099683209098,9,0.9196428571428571,8.091169569642857e-06
FengQ_2015,4905,UniRef90_A0A1Y4MKN9,1133,0.009965973292,9,0.9196428571428571,8.089264035714286e-06
FengQ_2015,4906,UniRef90_A0A2X2UGW3,1133,0.0099429350872,9,0.9196428571428571,8.070564194155845e-06
FengQ_2015,4907,UniRef90_A0A174VSS1,1133,0.0098600275522,9,0.9196428571428571,8.003269117045454e-06
FengQ_2015,4908,UniRef90_A0A0F0CGD5,1133,0.0098006860849,9,0.9196428571428571,7.955102341639611e-06
FengQ_2015,4909,UniRef90_A0A0P0M2A7,1133,0.009767630861799999,9,0.9196428571428571,7.92827180340909e-06
FengQ_2015,4910,UniRef90_A0A0K2HLE7,1133,0.009438992237,9,0.9196428571428571,7.66151967288961e-06
FengQ_2015,4911,UniRef90_A0A0M1W2M7,1133,0.0094272848367,9,0.9196428571428571,7.652016912905845e-06
FengQ_2015,4912,UniRef90_C0EYC7,1133,0.009089860289,9,0.9196428571428571,7.3781333514610384e-06
FengQ_2015,4913,UniRef90_E4LUK0,1133,0.0085061434207,9,0.9196428571428571,6.904337192126623e-06
FengQ_2015,4914,UniRef90_A0A1E3UDK7,1133,0.0083874988802,9,0.9196428571428571,6.808034805357143e-06
FengQ_2015,4915,UniRef90_A0A329U1V1,1133,0.0082841941091,9,0.9196428571428571,6.724183530113636e-06
FengQ_2015,4916,UniRef90_R6JPR8,1133,0.008234245271699999,9,0.9196428571428571,6.683640642613635e-06
FengQ_2015,4917,UniRef90_A5ZWU1,1133,0.008118847523399999,9,0.9196428571428571,6.589973639123376e-06
FengQ_2015,4918,UniRef90_A0A3E4UJ57,1133,0.0076837196953,9,0.9196428571428571,6.236785466964286e-06
FengQ_2015,4919,UniRef90_R6JDA7,1133,0.007407213446599999,9,0.9196428571428571,6.012348576785714e-06
FengQ_2015,4920,UniRef90_A8SQS2,1133,0.0070881081492,9,0.9196428571428571,5.753334536688311e-06
FengQ_2015,4921,UniRef90_A0A174WXJ6,1133,0.0068656644965999995,9,0.9196428571428571,5.572779623863636e-06
FengQ_2015,4922,UniRef90_R5U9N3,1133,0.0065914522887,9,0.9196428571428571,5.350204779788961e-06
FengQ_2015,4923,UniRef90_A0A0N7I9T5,1133,0.0061305559564,9,0.9196428571428571,4.9761006139610394e-06
FengQ_2015,4924,UniRef90_Q8A1E7,1133,0.0057138741059999994,9,0.9196428571428571,4.637884826298701e-06
FengQ_2015,4925,UniRef90_D4LMM9,1133,0.0057007064285,9,0.9196428571428571,4.62719677637987e-06
FengQ_2015,4926,UniRef90_R5UTP4,1133,0.0056643851672,9,0.9196428571428571,4.597715233116883e-06
FengQ_2015,4927,UniRef90_R5XQS7,1133,0.0056285244954,9,0.9196428571428571,4.568607544967533e-06
FengQ_2015,4928,UniRef90_A0A0P0F527,1133,0.0055702468231999995,9,0.9196428571428571,4.521304239610389e-06
FengQ_2015,4929,UniRef90_A0A174XPU3,1133,0.0055038440524,9,0.9196428571428571,4.467405886688312e-06
FengQ_2015,4930,UniRef90_A0A1C7GZB3,1133,0.0054810972048,9,0.9196428571428571,4.448942536363636e-06
FengQ_2015,4931,UniRef90_D4LP03,1133,0.0053932099035,9,0.9196428571428571,4.377605441152597e-06
FengQ_2015,4932,UniRef90_A0A174AXE4,1133,0.005315744122099999,9,0.9196428571428571,4.314727371834415e-06
FengQ_2015,4933,UniRef90_A0A174DAE2,1133,0.0051243178873,9,0.9196428571428571,4.159348934496753e-06
FengQ_2015,4934,UniRef90_A0A1H4GNZ4,1133,0.0051210276295,9,0.9196428571428571,4.156678270698052e-06
FengQ_2015,4935,UniRef90_Q89ZN1,1133,0.0050587099558,9,0.9196428571428571,4.106095743344155e-06
FengQ_2015,4936,UniRef90_F7MAQ3,1133,0.0050339942522999994,9,0.9196428571428571,4.086034295698052e-06
FengQ_2015,4937,UniRef90_A0A0P0FGJ8,1133,0.0050232840154,9,0.9196428571428571,4.077340921590909e-06
FengQ_2015,4938,UniRef90_R6WWI4,1133,0.0050176497616,9,0.9196428571428571,4.0727676636363635e-06
FengQ_2015,4939,UniRef90_Q8A4B1,1133,0.0049059966253,9,0.9196428571428571,3.982140117938312e-06
FengQ_2015,4940,UniRef90_Q8A0H8,1133,0.004638625825,9,0.9196428571428571,3.765118364448052e-06
FengQ_2015,4941,UniRef90_A0A3E5HI59,1133,0.0045727204629,9,0.9196428571428571,3.7116237523538962e-06
FengQ_2015,4942,UniRef90_D7K1M0,1133,0.0045362427998,9,0.9196428571428571,3.682015259577922e-06
FengQ_2015,4943,UniRef90_R6RYV8,1133,0.004448373927,9,0.9196428571428571,3.610693122564935e-06
FengQ_2015,4944,UniRef90_A0A3E5HIL8,1133,0.0043870657694,9,0.9196428571428571,3.5609300076298704e-06
FengQ_2015,4945,UniRef90_A0A174W374,1133,0.0038483126391,9,0.9196428571428571,3.12363038887987e-06
FengQ_2015,4946,UniRef90_C5EVP1,1133,0.0034951970448,9,0.9196428571428571,2.837010588311688e-06
FengQ_2015,4947,UniRef90_C5EQF6,1133,0.0011604187266,9,0.9196428571428571,9.418983170454546e-07
FengQ_2015,4948,UniRef90_U2QX48,1133,0.0008111630304500001,9,0.9196428571428571,6.584115506899351e-07
FengQ_2015,4949,UniRef90_A7AJP9,1132,0.3332864571068,9,0.9188311688311688,0.0002705247216775974
FengQ_2015,4950,UniRef90_A0A396DWV5,1132,0.0367701767782,9,0.9188311688311688,2.9845922709577923e-05
FengQ_2015,4951,UniRef90_D1KAD0,1132,0.033430672083400004,9,0.9188311688311688,2.7135285781980522e-05
FengQ_2015,4952,UniRef90_C5EDJ4,1132,0.0315740670717,9,0.9188311688311688,2.5628301194561685e-05
FengQ_2015,4953,UniRef90_R9H3Z8,1132,0.027465973938599998,9,0.9188311688311688,2.22938100150974e-05
FengQ_2015,4954,UniRef90_A0A076J8V4,1132,0.025756896314,9,0.9188311688311688,2.090657168344156e-05
FengQ_2015,4955,UniRef90_A0A1Y4PF56,1132,0.0250037740174,9,0.9188311688311688,2.0295271118019482e-05
FengQ_2015,4956,UniRef90_H1HSA2,1132,0.023603063498,9,0.9188311688311688,1.9158330761363636e-05
FengQ_2015,4957,UniRef90_A0A076IWK0,1132,0.0168570566149999,9,0.9188311688311688,1.3682675823863556e-05
FengQ_2015,4958,UniRef90_A0A076IWA2,1132,0.0159108652319999,9,0.9188311688311688,1.2914663337662258e-05
FengQ_2015,4959,UniRef90_D1K5Z5,1132,0.015444895152499999,9,0.9188311688311688,1.2536440870535713e-05
FengQ_2015,4960,UniRef90_A0A076ITW7,1132,0.014769476866000001,9,0.9188311688311688,1.1988211741883117e-05
FengQ_2015,4961,UniRef90_C3R9T2,1132,0.0146558663185999,9,0.9188311688311688,1.1895995388473945e-05
FengQ_2015,4962,UniRef90_E6SSK5,1132,0.014604493957,9,0.9188311688311688,1.185429704301948e-05
FengQ_2015,4963,UniRef90_A0A173WDH9,1132,0.014450539213,9,0.9188311688311688,1.1729333776785715e-05
FengQ_2015,4964,UniRef90_R6LBT6,1132,0.0143894087609,9,0.9188311688311688,1.1679714903327922e-05
FengQ_2015,4965,UniRef90_A0A1E3U585,1132,0.014315146273,9,0.9188311688311688,1.1619436909902598e-05
FengQ_2015,4966,UniRef90_A0A0K2HE84,1132,0.0142938421328,9,0.9188311688311688,1.1602144588311688e-05
FengQ_2015,4967,UniRef90_E5UVP4,1132,0.014072392692,9,0.9188311688311688,1.1422396665584416e-05
FengQ_2015,4968,UniRef90_A0A329U315,1132,0.0137598120557,9,0.9188311688311688,1.116867861663961e-05
FengQ_2015,4969,UniRef90_A0A3A9BDB1,1132,0.0135401833982,9,0.9188311688311688,1.0990408602435064e-05
FengQ_2015,4970,UniRef90_A0A076J7N1,1132,0.0134858173658,9,0.9188311688311688,1.0946280329383118e-05
FengQ_2015,4971,UniRef90_F3PK62,1132,0.0134639085778,9,0.9188311688311688,1.092849722224026e-05
FengQ_2015,4972,UniRef90_A0A3E4G8J9,1132,0.0133386718283,9,0.9188311688311688,1.0826844016477272e-05
FengQ_2015,4973,UniRef90_A0A076IR58,1132,0.013301788219,9,0.9188311688311688,1.0796906021915585e-05
FengQ_2015,4974,UniRef90_E6SRV5,1132,0.013268974038600001,9,0.9188311688311688,1.0770271135227273e-05
FengQ_2015,4975,UniRef90_A0A076IKV4,1132,0.013218710269000001,9,0.9188311688311688,1.0729472620941559e-05
FengQ_2015,4976,UniRef90_A0A174R5R0,1132,0.013068223525,9,0.9188311688311688,1.0607324289772727e-05
FengQ_2015,4977,UniRef90_A0A076IRK4,1132,0.0129274580771,9,0.9188311688311688,1.0493066621022727e-05
FengQ_2015,4978,UniRef90_D1K9A0,1132,0.012903955966,9,0.9188311688311688,1.0473990232142858e-05
FengQ_2015,4979,UniRef90_A0A396G0I2,1132,0.0125545214924,9,0.9188311688311688,1.019035835422078e-05
FengQ_2015,4980,UniRef90_A0A0K2HI29,1132,0.012507627936999999,9,0.9188311688311688,1.015229540340909e-05
FengQ_2015,4981,UniRef90_A0A329U974,1132,0.011815926131000002,9,0.9188311688311688,9.590849132305197e-06
FengQ_2015,4982,UniRef90_A0A076IS10,1132,0.011799575688,9,0.9188311688311688,9.57757766883117e-06
FengQ_2015,4983,UniRef90_R6L778,1132,0.0112882335168,9,0.9188311688311688,9.162527205194805e-06
FengQ_2015,4984,UniRef90_A0A1Q6JNB2,1132,0.0112672077196,9,0.9188311688311688,9.145460811363637e-06
FengQ_2015,4985,UniRef90_B6VZ21,1132,0.011250695994,9,0.9188311688311688,9.132058436688312e-06
FengQ_2015,4986,UniRef90_C7H604,1132,0.0109002647373,9,0.9188311688311688,8.847617481574676e-06
FengQ_2015,4987,UniRef90_A0A174ANM6,1132,0.0104663315778,9,0.9188311688311688,8.495399007954545e-06
FengQ_2015,4988,UniRef90_A6L7J6,1132,0.0104188780782,9,0.9188311688311688,8.45688155698052e-06
FengQ_2015,4989,UniRef90_A0A076J5X6,1132,0.010398822341,9,0.9188311688311688,8.440602549512986e-06
FengQ_2015,4990,UniRef90_A0A076J902,1132,0.0100869422244,9,0.9188311688311688,8.18745310422078e-06
FengQ_2015,4991,UniRef90_A0A077ZNL9,1132,0.009157958668,9,0.9188311688311688,7.43340800974026e-06
FengQ_2015,4992,UniRef90_A0A0K2HNR0,1132,0.008926844849999898,9,0.9188311688311688,7.245815624999917e-06
FengQ_2015,4993,UniRef90_A0A174XZM4,1132,0.0089168803468,9,0.9188311688311688,7.23772755422078e-06
FengQ_2015,4994,UniRef90_B6W2W6,1132,0.008889367494399999,9,0.9188311688311688,7.215395693506493e-06
FengQ_2015,4995,UniRef90_D4K8F3,1132,0.0087915694249,9,0.9188311688311688,7.136014143587662e-06
FengQ_2015,4996,UniRef90_A0A3E2U1R8,1132,0.0087783389811,9,0.9188311688311688,7.125275146996753e-06
FengQ_2015,4997,UniRef90_A0A1L5KYT7,1132,0.0084551903689,9,0.9188311688311688,6.862979195535715e-06
FengQ_2015,4998,UniRef90_A0A174ZPP6,1132,0.0082687991003,9,0.9188311688311688,6.7116875814123375e-06
FengQ_2015,4999,UniRef90_A0A3E2WMI2,1132,0.0080860702995,9,0.9188311688311688,6.563368749594156e-06
FengQ_2015,5000,UniRef90_D4V3X9,1132,0.008044185224899999,9,0.9188311688311688,6.529371124107142e-06
