held_out_cohort,rank,gene_id,n_nonzero,total_abundance,n_cohorts,prevalence,mean_abundance
GuptaA_2019,1,UniRef90_A7B5X2,1278,0.5274641583699999,9,0.9992181391712275,0.000412403564010946
GuptaA_2019,2,UniRef90_A5KRL1,1278,0.213983322359,9,0.9992181391712275,0.00016730517776309618
GuptaA_2019,3,UniRef90_A8S6F0,1277,0.179352659264,9,0.9984362783424551,0.00014022881881469896
GuptaA_2019,4,UniRef90_A0A1E3U755,1277,0.108060708657,9,0.9984362783424551,8.448843522830336e-05
GuptaA_2019,5,UniRef90_E9RZN0,1277,0.10114730611,9,0.9984362783424551,7.908311658326817e-05
GuptaA_2019,6,UniRef90_A0A2G5ZAL1,1277,0.03100069987,9,0.9984362783424551,2.4238232892885065e-05
GuptaA_2019,7,UniRef90_A0A1V5J5Q1,1277,0.017860537606999998,9,0.9984362783424551,1.3964454735731038e-05
GuptaA_2019,8,UniRef90_A7B5X1,1276,0.338249261575,9,0.9976544175136826,0.0002644638479867084
GuptaA_2019,9,UniRef90_A5Z319,1276,0.241791063869,9,0.9976544175136826,0.00018904696158639564
GuptaA_2019,10,UniRef90_A5ZTV7,1276,0.158920368727,9,0.9976544175136826,0.0001242536112017201
GuptaA_2019,11,UniRef90_A0A329UIW4,1276,0.088927431124,9,0.9976544175136826,6.952887499921814e-05
GuptaA_2019,12,UniRef90_G2T0F8,1276,0.064969419761,9,0.9976544175136826,5.0797044379202504e-05
GuptaA_2019,13,UniRef90_A0A1C5SJL7,1276,0.058652988529,9,0.9976544175136826,4.585847422126661e-05
GuptaA_2019,14,UniRef90_G9RSQ0,1276,0.05684611533,9,0.9976544175136826,4.44457508444097e-05
GuptaA_2019,15,UniRef90_B0P4F9,1276,0.0493206542,9,0.9976544175136826,3.856188756841282e-05
GuptaA_2019,16,UniRef90_O52836,1276,0.0380887358001,9,0.9976544175136826,2.9780090539562158e-05
GuptaA_2019,17,UniRef90_A0A2X2VRZ5,1276,0.035244590927000004,9,0.9976544175136826,2.75563650719312e-05
GuptaA_2019,18,UniRef90_A0A373N964,1276,0.028056307746,9,0.9976544175136826,2.193612802658327e-05
GuptaA_2019,19,UniRef90_A5Z511,1275,0.167734751834,9,0.99687255668491,0.00013114523208287724
GuptaA_2019,20,UniRef90_A5ZYK6,1275,0.1314148762839999,9,0.99687255668491,0.00010274814408444088
GuptaA_2019,21,UniRef90_A0A3E5E271,1275,0.1098028717636,9,0.99687255668491,8.585056431868648e-05
GuptaA_2019,22,UniRef90_A7B8Q0,1275,0.1053500981,9,0.99687255668491,8.236911501172791e-05
GuptaA_2019,23,UniRef90_B0PBV1,1275,0.098251032445,9,0.99687255668491,7.681863365519938e-05
GuptaA_2019,24,UniRef90_R9J210,1275,0.048999129360999996,9,0.99687255668491,3.831049989132134e-05
GuptaA_2019,25,UniRef90_G8FXM5,1275,0.041074150611000004,9,0.99687255668491,3.2114269437842064e-05
GuptaA_2019,26,UniRef90_P10952,1275,0.032889652823,9,0.99687255668491,2.5715131214229867e-05
GuptaA_2019,27,UniRef90_C7H7K4,1275,0.029045215274999998,9,0.99687255668491,2.270931608678655e-05
GuptaA_2019,28,UniRef90_UPI0003B4B9B1,1275,0.0245132383387,9,0.99687255668491,1.9165940843393275e-05
GuptaA_2019,29,UniRef90_A7AZK8,1275,0.017076461584,9,0.99687255668491,1.335141640656763e-05
GuptaA_2019,30,UniRef90_D1KAJ3,1274,0.12665004993099999,9,0.9960906958561376,9.902271300312743e-05
GuptaA_2019,31,UniRef90_C0BDI2,1274,0.113790484217,9,0.9960906958561376,8.896832229632525e-05
GuptaA_2019,32,UniRef90_A5KR94,1274,0.086563928859,9,0.9960906958561376,6.76809451594996e-05
GuptaA_2019,33,UniRef90_B0GAB5,1274,0.06835997819299999,9,0.9960906958561376,5.344798920484753e-05
GuptaA_2019,34,UniRef90_E2SIR4,1274,0.0574104558297,9,0.9960906958561376,4.488698657521501e-05
GuptaA_2019,35,UniRef90_A0A174CTY8,1274,0.054519970046,9,0.9960906958561376,4.262702896481627e-05
GuptaA_2019,36,UniRef90_A9KJG8,1274,0.051380409397999996,9,0.9960906958561376,4.017232947458952e-05
GuptaA_2019,37,UniRef90_A7VD49,1274,0.044338792296,9,0.9960906958561376,3.4666764891321345e-05
GuptaA_2019,38,UniRef90_A0A174Z1D1,1274,0.041498100552999996,9,0.9960906958561376,3.244573929085222e-05
GuptaA_2019,39,UniRef90_A0A2A7BHE3,1274,0.0405960210673,9,0.9960906958561376,3.174043867654418e-05
GuptaA_2019,40,UniRef90_C7H3I9,1274,0.037826729012,9,0.9960906958561376,2.9575237695074277e-05
GuptaA_2019,41,UniRef90_B6FSS6,1274,0.036675989893,9,0.9960906958561376,2.8675519853792025e-05
GuptaA_2019,42,UniRef90_D4C6N2,1274,0.03576487009,9,0.9960906958561376,2.7963150969507427e-05
GuptaA_2019,43,UniRef90_A7AZM6,1274,0.032320039454,9,0.9960906958561376,2.5269772833463642e-05
GuptaA_2019,44,UniRef90_A0A2N5NWD5,1274,0.027023757128,9,0.9960906958561376,2.1128817144644252e-05
GuptaA_2019,45,UniRef90_U2R7I4,1274,0.026827244599,9,0.9960906958561376,2.0975171695856136e-05
GuptaA_2019,46,UniRef90_C0CLV9,1274,0.0229183676999999,9,0.9960906958561376,1.7918973964034325e-05
GuptaA_2019,47,UniRef90_A0A116NS82,1274,0.02062222374,9,0.9960906958561376,1.612370894448788e-05
GuptaA_2019,48,UniRef90_D4CI29,1274,0.018345071684,9,0.9960906958561376,1.4343292950742767e-05
GuptaA_2019,49,UniRef90_A0A176U927,1273,0.0935889288964,9,0.9953088350273651,7.317351751086786e-05
GuptaA_2019,50,UniRef90_A0A396GB52,1273,0.057497627481,9,0.9953088350273651,4.49551426747459e-05
GuptaA_2019,51,UniRef90_A0A173VH24,1273,0.051892138114,9,0.9953088350273651,4.057243011258796e-05
GuptaA_2019,52,UniRef90_A0A136WGM7,1273,0.051763866516,9,0.9953088350273651,4.047213957466771e-05
GuptaA_2019,53,UniRef90_A9KRZ1,1273,0.051012381727,9,0.9953088350273651,3.9884583054730256e-05
GuptaA_2019,54,UniRef90_C4Z2U0,1273,0.048492406325,9,0.9953088350273651,3.791431299843628e-05
GuptaA_2019,55,UniRef90_A0A174VDA7,1273,0.042851434824,9,0.9953088350273651,3.3503858345582485e-05
GuptaA_2019,56,UniRef90_R0CK04,1273,0.0414179697385,9,0.9953088350273651,3.2383088145817046e-05
GuptaA_2019,57,UniRef90_A6P028,1273,0.0412047889689,9,0.9953088350273651,3.221641045261924e-05
GuptaA_2019,58,UniRef90_D4KTF5,1273,0.040754656548,9,0.9953088350273651,3.1864469544957e-05
GuptaA_2019,59,UniRef90_A0A0P6IRT9,1273,0.03933467568,9,0.9953088350273651,3.075424212666146e-05
GuptaA_2019,60,UniRef90_A0A0S2W775,1273,0.038591518918,9,0.9953088350273651,3.0173196964816263e-05
GuptaA_2019,61,UniRef90_A0A176U5Z8,1273,0.0321663879163,9,0.9953088350273651,2.5149638714855354e-05
GuptaA_2019,62,UniRef90_D4L0W7,1273,0.0288871299397,9,0.9953088350273651,2.258571535551212e-05
GuptaA_2019,63,UniRef90_D4JTZ5,1273,0.028205691968,9,0.9953088350273651,2.2052925698201722e-05
GuptaA_2019,64,UniRef90_A8RVD6,1273,0.0268950628539999,9,0.9953088350273651,2.1028196132916263e-05
GuptaA_2019,65,UniRef90_A0A173QWR1,1273,0.026657146141999998,9,0.9953088350273651,2.0842178375293195e-05
GuptaA_2019,66,UniRef90_A0A174E4H8,1273,0.026470140463,9,0.9953088350273651,2.0695965960125097e-05
GuptaA_2019,67,UniRef90_A0A174ZHE4,1273,0.0258457607509999,9,0.9953088350273651,2.020778792103198e-05
GuptaA_2019,68,UniRef90_A0A396AFS7,1273,0.0231200217,9,0.9953088350273651,1.8076639327599688e-05
GuptaA_2019,69,UniRef90_A0A2I7ZEY3,1273,0.021639890643000002,9,0.9953088350273651,1.6919382832681783e-05
GuptaA_2019,70,UniRef90_A0A0J8Z0N3,1273,0.016836068478,9,0.9953088350273651,1.3163462453479281e-05
GuptaA_2019,71,UniRef90_A0A174IKQ7,1273,0.015911797371,9,0.9953088350273651,1.2440811079749805e-05
GuptaA_2019,72,UniRef90_A0A3A6I5M8,1273,0.012077914112500001,9,0.9953088350273651,9.443247937842065e-06
GuptaA_2019,73,UniRef90_A0A0C1R4M8,1273,0.0071554846077,9,0.9953088350273651,5.594593125645035e-06
GuptaA_2019,74,UniRef90_D4JTX2,1273,0.006669925603599999,9,0.9953088350273651,5.214953560281469e-06
GuptaA_2019,75,UniRef90_A0A173XT59,1272,0.3519537360159,9,0.9945269741985927,0.0002751788397309617
GuptaA_2019,76,UniRef90_A7B6K6,1272,0.096544758831,9,0.9945269741985927,7.548456515324472e-05
GuptaA_2019,77,UniRef90_A7AZN6,1272,0.057665543619000004,9,0.9945269741985927,4.508642972556685e-05
GuptaA_2019,78,UniRef90_B0PDG5,1272,0.050713556138,9,0.9945269741985927,3.9650943032056295e-05
GuptaA_2019,79,UniRef90_A0A1E3AIV3,1272,0.049783858107,9,0.9945269741985927,3.892404855903049e-05
GuptaA_2019,80,UniRef90_F7JMP3,1272,0.043195370588,9,0.9945269741985927,3.377276824706802e-05
GuptaA_2019,81,UniRef90_A0A173YTU2,1272,0.0426713557271,9,0.9945269741985927,3.3363061553635655e-05
GuptaA_2019,82,UniRef90_A0A174C1Q1,1272,0.039215878278,9,0.9945269741985927,3.066135909147772e-05
GuptaA_2019,83,UniRef90_B0N9J6,1272,0.039075186628,9,0.9945269741985927,3.0551357801407344e-05
GuptaA_2019,84,UniRef90_A0A174GBZ5,1272,0.037769784868,9,0.9945269741985927,2.9530715299452696e-05
GuptaA_2019,85,UniRef90_C7H6T9,1272,0.032265809839,9,0.9945269741985927,2.522737282173573e-05
GuptaA_2019,86,UniRef90_E5VPG8,1272,0.031037407458999997,9,0.9945269741985927,2.4266933118842842e-05
GuptaA_2019,87,UniRef90_A0A2X3W5A8,1272,0.030970089858,9,0.9945269741985927,2.4214300123534012e-05
GuptaA_2019,88,UniRef90_A7B4E8,1272,0.029688184264000002,9,0.9945269741985927,2.3212028353401096e-05
GuptaA_2019,89,UniRef90_E5VKQ7,1272,0.029516142191,9,0.9945269741985927,2.307751539562158e-05
GuptaA_2019,90,UniRef90_A0A395X3P0,1272,0.028913038593000002,9,0.9945269741985927,2.260597231665364e-05
GuptaA_2019,91,UniRef90_A8RDX0,1272,0.025778078541,9,0.9945269741985927,2.0154869852228303e-05
GuptaA_2019,92,UniRef90_A8RRJ5,1272,0.021983410207,9,0.9945269741985927,1.7187967323690383e-05
GuptaA_2019,93,UniRef90_U2D5N3,1272,0.0218688921247,9,0.9945269741985927,1.709843012095387e-05
GuptaA_2019,94,UniRef90_R0AZG5,1272,0.021049003433,9,0.9945269741985927,1.6457391268960125e-05
GuptaA_2019,95,UniRef90_C5ER71,1272,0.0158136880072,9,0.9945269741985927,1.2364103211258796e-05
GuptaA_2019,96,UniRef90_A0A174QSW1,1271,0.275681381846,9,0.9937451133698202,0.00021554447368725567
GuptaA_2019,97,UniRef90_E2SRB6,1271,0.09888817086980001,9,0.9937451133698202,7.731678723205629e-05
GuptaA_2019,98,UniRef90_A0A174EV71,1271,0.069616931065,9,0.9937451133698202,5.4430751419077404e-05
GuptaA_2019,99,UniRef90_R9LJ58,1271,0.055230548368,9,0.9937451133698202,4.318260232056294e-05
GuptaA_2019,100,UniRef90_A0A0E9FSE3,1271,0.043013364313,9,0.9937451133698202,3.363046467005473e-05
GuptaA_2019,101,UniRef90_D4LWI4,1271,0.041644970248,9,0.9937451133698202,3.256057095230649e-05
GuptaA_2019,102,UniRef90_A0A136WGK3,1271,0.0403488996825,9,0.9937451133698202,3.154722414581705e-05
GuptaA_2019,103,UniRef90_D4JB62,1271,0.036770270182,9,0.9937451133698202,2.8749233918686472e-05
GuptaA_2019,104,UniRef90_A0A096B5B1,1271,0.033260460480000004,9,0.9937451133698202,2.600505119624707e-05
GuptaA_2019,105,UniRef90_A5ZV45,1271,0.033216255891,9,0.9937451133698202,2.5970489359655984e-05
GuptaA_2019,106,UniRef90_R5M1J0,1271,0.032861016843,9,0.9937451133698202,2.5692741863174357e-05
GuptaA_2019,107,UniRef90_A8R8S8,1271,0.0317744956215,9,0.9937451133698202,2.4843233480453476e-05
GuptaA_2019,108,UniRef90_A0A396A061,1271,0.0294468494116,9,0.9937451133698202,2.302333808569195e-05
GuptaA_2019,109,UniRef90_T4C374,1271,0.0290131715256,9,0.9937451133698202,2.268426233432369e-05
GuptaA_2019,110,UniRef90_E2SL15,1271,0.0271629539926,9,0.9937451133698202,2.1237649720562938e-05
GuptaA_2019,111,UniRef90_A0A134CL89,1271,0.0251523788865,9,0.9937451133698202,1.9665659801798283e-05
GuptaA_2019,112,UniRef90_A6P024,1271,0.017510257929,9,0.9937451133698202,1.3690584776387803e-05
GuptaA_2019,113,UniRef90_C6LMP6,1271,0.0126028381809,9,0.9937451133698202,9.853665505003909e-06
GuptaA_2019,114,UniRef90_A7V4G2,1270,2.170460301834,9,0.9929632525410477,0.001696997890409695
GuptaA_2019,115,UniRef90_A7AJP8,1270,0.7966847015481,9,0.9929632525410477,0.0006228965610227522
GuptaA_2019,116,UniRef90_A5Z3S1,1270,0.1427952218470999,9,0.9929632525410477,0.00011164599049812345
GuptaA_2019,117,UniRef90_A5KRI2,1270,0.130427384888,9,0.9929632525410477,0.0001019760632431587
GuptaA_2019,118,UniRef90_G2T5K3,1270,0.0773262358759999,9,0.9929632525410477,6.045835486786544e-05
GuptaA_2019,119,UniRef90_C4Z731,1270,0.072292577304,9,0.9929632525410477,5.652273440500391e-05
GuptaA_2019,120,UniRef90_D4LY41,1270,0.068194567168,9,0.9929632525410477,5.331866080375293e-05
GuptaA_2019,121,UniRef90_D4L1Z3,1270,0.049486842397,9,0.9929632525410477,3.869182360985145e-05
GuptaA_2019,122,UniRef90_A0A173SUT5,1270,0.0391511445411,9,0.9929632525410477,3.061074631829554e-05
GuptaA_2019,123,UniRef90_A9KMW6,1270,0.038455098968,9,0.9929632525410477,3.0066535549648163e-05
GuptaA_2019,124,UniRef90_A0A174EIN5,1270,0.036818214085,9,0.9929632525410477,2.878671937842064e-05
GuptaA_2019,125,UniRef90_C0B5T7,1270,0.03307010335,9,0.9929632525410477,2.5856218412822517e-05
GuptaA_2019,126,UniRef90_D4KN84,1270,0.032014253536,9,0.9929632525410477,2.503069080218921e-05
GuptaA_2019,127,UniRef90_F7KHD1,1270,0.0277622199201,9,0.9929632525410477,2.17061922752932e-05
GuptaA_2019,128,UniRef90_A0A068NYL3,1270,0.02639773039571,9,0.9929632525410477,2.0639351364902268e-05
GuptaA_2019,129,UniRef90_D4JTZ7,1270,0.024981326444,9,0.9929632525410477,1.9531920597341675e-05
GuptaA_2019,130,UniRef90_A0A396GFV9,1270,0.0205174686522,9,0.9929632525410477,1.6041805044722438e-05
GuptaA_2019,131,UniRef90_A0A395V457,1270,0.012250476667,9,0.9929632525410477,9.57816783971853e-06
GuptaA_2019,132,UniRef90_A7UXY6,1269,0.4145518099644,9,0.9921813917122753,0.0003241218217078968
GuptaA_2019,133,UniRef90_A7B6K2,1269,0.318574170959,9,0.9921813917122753,0.00024908066533150896
GuptaA_2019,134,UniRef90_B5CLP5,1269,0.1297413398471,9,0.9921813917122753,0.0001014396714989054
GuptaA_2019,135,UniRef90_A5Z498,1269,0.09535338437110001,9,0.9921813917122753,7.455307613064895e-05
GuptaA_2019,136,UniRef90_D4LWJ1,1269,0.067086268571,9,0.9921813917122753,5.245212554417514e-05
GuptaA_2019,137,UniRef90_A6BD33,1269,0.05644378703,9,0.9921813917122753,4.413118610633307e-05
GuptaA_2019,138,UniRef90_C0B7X5,1269,0.052449630913,9,0.9921813917122753,4.100831189444879e-05
GuptaA_2019,139,UniRef90_D4L1Y8,1269,0.0396998721,9,0.9921813917122753,3.103977490226739e-05
GuptaA_2019,140,UniRef90_A7VRM9,1269,0.038519934424,9,0.9921813917122753,3.0117227853010165e-05
GuptaA_2019,141,UniRef90_A6NW75,1269,0.0356566719324,9,0.9921813917122753,2.7878555068334635e-05
GuptaA_2019,142,UniRef90_A0A3E4V6K6,1269,0.035172056001,9,0.9921813917122753,2.7499652854573884e-05
GuptaA_2019,143,UniRef90_A8SVC3,1269,0.033767593705,9,0.9921813917122753,2.640155879984363e-05
GuptaA_2019,144,UniRef90_D3AQS6,1269,0.0299735528161,9,0.9921813917122753,2.3435146846051603e-05
GuptaA_2019,145,UniRef90_A0A0J0U668,1269,0.028478746027999997,9,0.9921813917122753,2.226641597185301e-05
GuptaA_2019,146,UniRef90_A6BKX9,1269,0.026999019909600002,9,0.9921813917122753,2.1109476082564505e-05
GuptaA_2019,147,UniRef90_A0A285PPQ3,1269,0.0258320655275999,9,0.9921813917122753,2.019708016231423e-05
GuptaA_2019,148,UniRef90_A0A1R7JGV1,1269,0.023450230869,9,0.9921813917122753,1.83348169421423e-05
GuptaA_2019,149,UniRef90_C0BCB8,1269,0.023144724618,9,0.9921813917122753,1.8095953571540268e-05
GuptaA_2019,150,UniRef90_D4JTZ6,1269,0.022961053715,9,0.9921813917122753,1.7952348487099295e-05
GuptaA_2019,151,UniRef90_A0A174Z407,1269,0.021215159865,9,0.9921813917122753,1.6587302474589523e-05
GuptaA_2019,152,UniRef90_A0A174S825,1269,0.017008227235,9,0.9921813917122753,1.329806664190774e-05
GuptaA_2019,153,UniRef90_A0A0F0C8D4,1269,0.0119144455772999,9,0.9921813917122753,9.31543829343229e-06
GuptaA_2019,154,UniRef90_A5ZYV3,1268,0.7608312006110001,9,0.9913995308835027,0.0005948641130656764
GuptaA_2019,155,UniRef90_A0A3E4HP53,1268,0.40331998230509997,9,0.9913995308835027,0.0003153400956255668
GuptaA_2019,156,UniRef90_A8S630,1268,0.0966558348331,9,0.9913995308835027,7.557141112830337e-05
GuptaA_2019,157,UniRef90_A0A396A9Y4,1268,0.082098282956,9,0.9913995308835027,6.41894315527756e-05
GuptaA_2019,158,UniRef90_A0A174TQZ1,1268,0.069549259813,9,0.9913995308835027,5.437784191790461e-05
GuptaA_2019,159,UniRef90_A6KYH2,1268,0.0647008599584,9,0.9913995308835027,5.058706798936669e-05
GuptaA_2019,160,UniRef90_F7KIU0,1268,0.041749508233,9,0.9913995308835027,3.2642305107896796e-05
GuptaA_2019,161,UniRef90_A0A3E4VBF9,1268,0.035857727052,9,0.9913995308835027,2.803575219077404e-05
GuptaA_2019,162,UniRef90_D4K6T2,1268,0.0308978438524,9,0.9913995308835027,2.4157813801720093e-05
GuptaA_2019,163,UniRef90_A0A136Q7W4,1268,0.027320394235,9,0.9913995308835027,2.1360746078967943e-05
GuptaA_2019,164,UniRef90_A0A346FUW7,1268,0.0264024728119999,9,0.9913995308835027,2.0643059274433074e-05
GuptaA_2019,165,UniRef90_C4Z2T8,1268,0.0261905042627,9,0.9913995308835027,2.0477329368803753e-05
GuptaA_2019,166,UniRef90_A0A173YA79,1268,0.022820191362600002,9,0.9913995308835027,1.7842213731508992e-05
GuptaA_2019,167,UniRef90_A0A174Y440,1268,0.021528955347,9,0.9913995308835027,1.6832646870211104e-05
GuptaA_2019,168,UniRef90_R7ADE8,1268,0.013810607417599999,9,0.9913995308835027,1.0797972961376074e-05
GuptaA_2019,169,UniRef90_A7AZM9,1268,0.0126863720439,9,0.9913995308835027,9.918977360359656e-06
GuptaA_2019,170,UniRef90_R9KPA6,1268,0.01204032647,9,0.9913995308835027,9.41385963252541e-06
GuptaA_2019,171,UniRef90_J7TUV6,1267,0.22447661818720002,9,0.9906176700547302,0.00017550947473588742
GuptaA_2019,172,UniRef90_A6LEG9,1267,0.08445920572700001,9,0.9906176700547302,6.603534458717749e-05
GuptaA_2019,173,UniRef90_Q8A485,1267,0.081083329133,9,0.9906176700547302,6.339587891555902e-05
GuptaA_2019,174,UniRef90_C0B7X0,1267,0.057617233566,9,0.9906176700547302,4.5048657987490224e-05
GuptaA_2019,175,UniRef90_B0B4B4,1267,0.049678041075,9,0.9906176700547302,3.884131436669273e-05
GuptaA_2019,176,UniRef90_D4L1Z7,1267,0.034972792028,9,0.9906176700547302,2.7343856159499608e-05
GuptaA_2019,177,UniRef90_A0A2D1TZK6,1267,0.031742221474,9,0.9906176700547302,2.4817999588741203e-05
GuptaA_2019,178,UniRef90_R0BXG6,1267,0.027856593735,9,0.9906176700547302,2.1779979464425333e-05
GuptaA_2019,179,UniRef90_U5F4Y0,1267,0.0276872190539,9,0.9906176700547302,2.164755203588741e-05
GuptaA_2019,180,UniRef90_E4M058,1267,0.026416190114000003,9,0.9906176700547302,2.0653784295543397e-05
GuptaA_2019,181,UniRef90_A0A1E3A9M3,1267,0.025744481238599903,9,0.9906176700547302,2.0128601437529243e-05
GuptaA_2019,182,UniRef90_G2T3B2,1267,0.022374620682800002,9,0.9906176700547302,1.749383947052385e-05
GuptaA_2019,183,UniRef90_F4XGS3,1267,0.021412847496,9,0.9906176700547302,1.6741866689601252e-05
GuptaA_2019,184,UniRef90_C4ZES9,1267,0.0207106695743,9,0.9906176700547302,1.6192861277795153e-05
GuptaA_2019,185,UniRef90_C6LH49,1267,0.0172060868187,9,0.9906176700547302,1.34527653e-05
GuptaA_2019,186,UniRef90_F4XGQ5,1267,0.0162350455069,9,0.9906176700547302,1.2693546135183738e-05
GuptaA_2019,187,UniRef90_A0A174E815,1267,0.0153663808391,9,0.9906176700547302,1.2014371258092259e-05
GuptaA_2019,188,UniRef90_N9XGD7,1267,0.0152075601924,9,0.9906176700547302,1.1890195615637217e-05
GuptaA_2019,189,UniRef90_E2SL03,1267,0.01239141226,9,0.9906176700547302,9.688359859265051e-06
GuptaA_2019,190,UniRef90_UPI000E4CFF93,1267,0.0075587053763000005,9,0.9906176700547302,5.9098556499609075e-06
GuptaA_2019,191,UniRef90_A6KYJ9,1266,0.0671162219986,9,0.9898358092259578,5.247554495590305e-05
GuptaA_2019,192,UniRef90_B6FT18,1266,0.059166351023000004,9,0.9898358092259578,4.625985224628616e-05
GuptaA_2019,193,UniRef90_A0A3E5GAA7,1266,0.054773585872,9,0.9898358092259578,4.282532124472244e-05
GuptaA_2019,194,UniRef90_Q8A488,1266,0.054573882565,9,0.9898358092259578,4.2669181051602815e-05
GuptaA_2019,195,UniRef90_B5CNA7,1266,0.053967519745999996,9,0.9898358092259578,4.2195089715402654e-05
GuptaA_2019,196,UniRef90_A0A173X6V6,1266,0.048016344541,9,0.9898358092259578,3.7542098937451135e-05
GuptaA_2019,197,UniRef90_F3PQ22,1266,0.047982033023800004,9,0.9898358092259578,3.7515272106176705e-05
GuptaA_2019,198,UniRef90_W4PUR5,1266,0.046213234416,9,0.9898358092259578,3.6132317760750586e-05
GuptaA_2019,199,UniRef90_A0A0S2W8L4,1266,0.0279937715535,9,0.9898358092259578,2.1887233427286942e-05
GuptaA_2019,200,UniRef90_C9YMF1,1266,0.0267320637464,9,0.9898358092259578,2.090075351555903e-05
GuptaA_2019,201,UniRef90_C4ZBS3,1266,0.0252454211416999,9,0.9898358092259578,1.9738405896559734e-05
GuptaA_2019,202,UniRef90_G2T0G7,1266,0.024240081127,9,0.9898358092259578,1.8952369919468335e-05
GuptaA_2019,203,UniRef90_A0A174LPJ5,1266,0.023679818687,9,0.9898358092259578,1.8514322663799843e-05
GuptaA_2019,204,UniRef90_B0N9Q2,1266,0.022356585069000002,9,0.9898358092259578,1.747973813057076e-05
GuptaA_2019,205,UniRef90_A9KJI7,1266,0.019429996338,9,0.9898358092259578,1.5191553039874903e-05
GuptaA_2019,206,UniRef90_F7KLV8,1266,0.017075575085,9,0.9898358092259578,1.3350723287724785e-05
GuptaA_2019,207,UniRef90_A0A1L5L421,1266,0.0163809422089999,9,0.9898358092259578,1.2807617051602737e-05
GuptaA_2019,208,UniRef90_A0A174XTX0,1266,0.0088501426549,9,0.9898358092259578,6.919579870914778e-06
GuptaA_2019,209,UniRef90_A0A0E1X896,1265,0.460380498497,9,0.9890539483971853,0.00035995347810555123
GuptaA_2019,210,UniRef90_A5ZYU0,1265,0.3831111592791,9,0.9890539483971853,0.0002995396085059421
GuptaA_2019,211,UniRef90_A0A174NV69,1265,0.219723969937,9,0.9890539483971853,0.00017179356523612196
GuptaA_2019,212,UniRef90_D4CI30,1265,0.1518284647407,9,0.9890539483971853,0.00011870872927341674
GuptaA_2019,213,UniRef90_A0A2P2F5X9,1265,0.1040574305365,9,0.9890539483971853,8.13584288792025e-05
GuptaA_2019,214,UniRef90_E6SR85,1265,0.0861773065479,9,0.9890539483971853,6.737866031892103e-05
GuptaA_2019,215,UniRef90_B0G8N9,1265,0.08361657875600001,9,0.9890539483971853,6.537652756528538e-05
GuptaA_2019,216,UniRef90_R6MNH0,1265,0.063641326625,9,0.9890539483971853,4.97586603792025e-05
GuptaA_2019,217,UniRef90_Q8A499,1265,0.0632549000753,9,0.9890539483971853,4.9456528596794376e-05
GuptaA_2019,218,UniRef90_Q8AAN9,1265,0.056462055553000004,9,0.9890539483971853,4.4145469548866306e-05
GuptaA_2019,219,UniRef90_A0A139L6L7,1265,0.043272156767,9,0.9890539483971853,3.383280435261923e-05
GuptaA_2019,220,UniRef90_B0NE07,1265,0.039656514706,9,0.9890539483971853,3.100587545426114e-05
GuptaA_2019,221,UniRef90_C0FQ15,1265,0.0363989012621,9,0.9890539483971853,2.845887510719312e-05
GuptaA_2019,222,UniRef90_A0A174UML5,1265,0.035040489423999996,9,0.9890539483971853,2.7396786101641904e-05
GuptaA_2019,223,UniRef90_A0A1Y3RCS7,1265,0.0308122970498,9,0.9890539483971853,2.4090928107740422e-05
GuptaA_2019,224,UniRef90_H1B4Y0,1265,0.020115372143999898,9,0.9890539483971853,1.5727421535574588e-05
GuptaA_2019,225,UniRef90_A0A173YUY9,1265,0.0197299879973,9,0.9890539483971853,1.542610476724003e-05
GuptaA_2019,226,UniRef90_C5ER84,1265,0.017851821612,9,0.9890539483971853,1.3957640040656763e-05
GuptaA_2019,227,UniRef90_A0A174I2N9,1265,0.0176724054741,9,0.9890539483971853,1.3817361590383112e-05
GuptaA_2019,228,UniRef90_A0A1L5KFG5,1265,0.0156458886351,9,0.9890539483971853,1.2232907455121189e-05
GuptaA_2019,229,UniRef90_C5EWP5,1265,0.012777605659,9,0.9890539483971853,9.990309350273651e-06
GuptaA_2019,230,UniRef90_B6FT28,1265,0.011803448366,9,0.9890539483971853,9.228653921813917e-06
GuptaA_2019,231,UniRef90_D0TK99,1264,0.39798664584,9,0.9882720875684128,0.0003111701687568413
GuptaA_2019,232,UniRef90_A5Z300,1264,0.0831699836353,9,0.9882720875684128,6.502735233408912e-05
GuptaA_2019,233,UniRef90_Q08425,1264,0.0716021342124,9,0.9882720875684128,5.59829039971853e-05
GuptaA_2019,234,UniRef90_A5KRL0,1264,0.060432155289,9,0.9882720875684128,4.724953501876466e-05
GuptaA_2019,235,UniRef90_Q5L8B5,1264,0.0529258372862,9,0.9882720875684128,4.138063900406567e-05
GuptaA_2019,236,UniRef90_A6L1I4,1264,0.052500754126,9,0.9882720875684128,4.104828313213448e-05
GuptaA_2019,237,UniRef90_B5D2D5,1264,0.050730936132600005,9,0.9882720875684128,3.9664531769038314e-05
GuptaA_2019,238,UniRef90_Q9AE24,1264,0.047364404515,9,0.9882720875684128,3.703237256841282e-05
GuptaA_2019,239,UniRef90_E2SL22,1264,0.03513953957,9,0.9882720875684128,2.7474229530883505e-05
GuptaA_2019,240,UniRef90_A0A173V3I4,1264,0.031398126089,9,0.9882720875684128,2.454896488584832e-05
GuptaA_2019,241,UniRef90_D4JTZ8,1264,0.0280345310993,9,0.9882720875684128,2.191910171954652e-05
GuptaA_2019,242,UniRef90_A0A2A6ZB54,1264,0.0191123084405,9,0.9882720875684128,1.4943165317044565e-05
GuptaA_2019,243,UniRef90_A0A395V6Q9,1264,0.0189690624193,9,0.9882720875684128,1.4831166864190773e-05
GuptaA_2019,244,UniRef90_A0A174MWG0,1264,0.018664610162000002,9,0.9882720875684128,1.4593127569976546e-05
GuptaA_2019,245,UniRef90_A0A1C6JTL5,1264,0.01825104023,9,0.9882720875684128,1.4269773440187647e-05
GuptaA_2019,246,UniRef90_C0FQQ4,1264,0.016725673375,9,0.9882720875684128,1.3077148846755278e-05
GuptaA_2019,247,UniRef90_A0A3E2UVE4,1264,0.0165757240268999,9,0.9882720875684128,1.2959909325175839e-05
GuptaA_2019,248,UniRef90_D4M218,1264,0.0156524466461,9,0.9882720875684128,1.2238034907036748e-05
GuptaA_2019,249,UniRef90_B0N9J9,1264,0.015457875595499899,9,0.9882720875684128,1.208590742415942e-05
GuptaA_2019,250,UniRef90_R8W662,1264,0.0150358977488,9,0.9882720875684128,1.1755979475215012e-05
GuptaA_2019,251,UniRef90_D4LS50,1264,0.0148766206733,9,0.9882720875684128,1.1631446968960124e-05
GuptaA_2019,252,UniRef90_F5RQN3,1264,0.0136868120785,9,0.9882720875684128,1.0701182234949178e-05
GuptaA_2019,253,UniRef90_A7VCV6,1264,0.0135046197364,9,0.9882720875684128,1.0558733179358874e-05
GuptaA_2019,254,UniRef90_A0A176U4A7,1264,0.0133158641409999,9,0.9882720875684128,1.0411152573103908e-05
GuptaA_2019,255,UniRef90_A0A1E3U5G4,1264,0.012515099669499999,9,0.9882720875684128,9.78506619976544e-06
GuptaA_2019,256,UniRef90_A0A174I2V0,1263,0.4112507156524,9,0.9874902267396404,0.0003215408253732604
GuptaA_2019,257,UniRef90_A7B5W7,1263,0.1451085167777,9,0.9874902267396404,0.00011345466518975763
GuptaA_2019,258,UniRef90_A0A1Y4M362,1263,0.1037469637243,9,0.9874902267396404,8.111568704010947e-05
GuptaA_2019,259,UniRef90_Q8A480,1263,0.0889860252503,9,0.9874902267396404,6.957468745136826e-05
GuptaA_2019,260,UniRef90_C7HAG3,1263,0.0845019611114,9,0.9874902267396404,6.606877334745895e-05
GuptaA_2019,261,UniRef90_Q8A466,1263,0.060255795472199995,9,0.9874902267396404,4.7111646186239245e-05
GuptaA_2019,262,UniRef90_Q8A493,1263,0.057368180471,9,0.9874902267396404,4.4853933128225174e-05
GuptaA_2019,263,UniRef90_Q8A469,1263,0.0551885547692,9,0.9874902267396404,4.314976917060204e-05
GuptaA_2019,264,UniRef90_A0A3E4TAH0,1263,0.054062754118999995,9,0.9874902267396404,4.226954974120406e-05
GuptaA_2019,265,UniRef90_A5Z5I8,1263,0.0529778714276,9,0.9874902267396404,4.142132246098514e-05
GuptaA_2019,266,UniRef90_A6LFQ4,1263,0.049439354603999994,9,0.9874902267396404,3.8654694764659886e-05
GuptaA_2019,267,UniRef90_A0A173U4I8,1263,0.0477027293839,9,0.9874902267396404,3.729689553080532e-05
GuptaA_2019,268,UniRef90_Q8A6M0,1263,0.047562220810899995,9,0.9874902267396404,3.7187037381469896e-05
GuptaA_2019,269,UniRef90_Q8A6P8,1263,0.0439765244961,9,0.9874902267396404,3.4383521889053945e-05
GuptaA_2019,270,UniRef90_B6W2B1,1263,0.043453202106399996,9,0.9874902267396404,3.397435661172791e-05
GuptaA_2019,271,UniRef90_Q5L8Z8,1263,0.0426475605642,9,0.9874902267396404,3.334445704784988e-05
GuptaA_2019,272,UniRef90_D4VEF8,1263,0.0417917717951,9,0.9874902267396404,3.267534933158718e-05
GuptaA_2019,273,UniRef90_S0F6D4,1263,0.0411237700516,9,0.9874902267396404,3.215306493479281e-05
GuptaA_2019,274,UniRef90_A5KP23,1263,0.0404645213915,9,0.9874902267396404,3.1637624231039874e-05
GuptaA_2019,275,UniRef90_D4KYI8,1263,0.036281681753,9,0.9874902267396404,2.836722576465989e-05
GuptaA_2019,276,UniRef90_A0A135YTH6,1263,0.0344382523859999,9,0.9874902267396404,2.692592055199367e-05
GuptaA_2019,277,UniRef90_C7H6U5,1263,0.032965411961,9,0.9874902267396404,2.5774364316653638e-05
GuptaA_2019,278,UniRef90_A0A173UXL2,1263,0.022919740928,9,0.9874902267396404,1.7920047637216577e-05
GuptaA_2019,279,UniRef90_B7ANM9,1263,0.021538564902,9,0.9874902267396404,1.6840160204847535e-05
GuptaA_2019,280,UniRef90_A0A346FUW5,1263,0.020514144862,9,0.9874902267396404,1.6039206303362e-05
GuptaA_2019,281,UniRef90_C5ERC1,1263,0.0155336129444,9,0.9874902267396404,1.2145123490539483e-05
GuptaA_2019,282,UniRef90_A0A2A7A133,1263,0.0154689509975,9,0.9874902267396404,1.2094566847146207e-05
GuptaA_2019,283,UniRef90_C9LBR4,1263,0.014310153981,9,0.9874902267396404,1.1188548851446444e-05
GuptaA_2019,284,UniRef90_F7V2H7,1263,0.013583433673,9,0.9874902267396404,1.0620354709147772e-05
GuptaA_2019,285,UniRef90_C0FQI1,1263,0.0125407635027,9,0.9874902267396404,9.805131745660673e-06
GuptaA_2019,286,UniRef90_A0A367FUA1,1263,0.0125342377669,9,0.9874902267396404,9.800029528459734e-06
GuptaA_2019,287,UniRef90_D3ACI7,1263,0.0046394508196000005,9,0.9874902267396404,3.627404862861611e-06
GuptaA_2019,288,UniRef90_R7KL80,1262,0.07852788227280001,9,0.9867083659108679,6.139787511555903e-05
GuptaA_2019,289,UniRef90_Q8A474,1262,0.052843878427,9,0.9867083659108679,4.131655858248632e-05
GuptaA_2019,290,UniRef90_Q8A481,1262,0.047845257264400004,9,0.9867083659108679,3.740833249757624e-05
GuptaA_2019,291,UniRef90_P94598,1262,0.0470156779526,9,0.9867083659108679,3.675971692931978e-05
GuptaA_2019,292,UniRef90_A0A127SAM3,1262,0.0444202146636,9,0.9867083659108679,3.47304258511337e-05
GuptaA_2019,293,UniRef90_A0A015S3B6,1262,0.042729257736500006,9,0.9867083659108679,3.3408332866692735e-05
GuptaA_2019,294,UniRef90_B5CKQ6,1262,0.04136662178,9,0.9867083659108679,3.234294118842846e-05
GuptaA_2019,295,UniRef90_Q8AA33,1262,0.0411490115271,9,0.9867083659108679,3.217280025574668e-05
GuptaA_2019,296,UniRef90_Q8A4A1,1262,0.039016351141,9,0.9867083659108679,3.05053566387803e-05
GuptaA_2019,297,UniRef90_A0A0K6BVC0,1262,0.0378707670102,9,0.9867083659108679,2.960966928084441e-05
GuptaA_2019,298,UniRef90_A0A139SYK8,1262,0.0372744376441,9,0.9867083659108679,2.91434227084441e-05
GuptaA_2019,299,UniRef90_R6SKW0,1262,0.0199301480073,9,0.9867083659108679,1.558260203854574e-05
GuptaA_2019,300,UniRef90_A0A2N5NXW5,1262,0.019745789087,9,0.9867083659108679,1.5438459020328383e-05
GuptaA_2019,301,UniRef90_H1AL83,1262,0.0175617444849,9,0.9867083659108679,1.3730840097654417e-05
GuptaA_2019,302,UniRef90_A6P025,1262,0.013327773202200001,9,0.9867083659108679,1.0420463801563722e-05
GuptaA_2019,303,UniRef90_B0G6W4,1262,0.012167928438199999,9,0.9867083659108679,9.51362661313526e-06
GuptaA_2019,304,UniRef90_A7B542,1262,0.01069701843,9,0.9867083659108679,8.363579695074278e-06
GuptaA_2019,305,UniRef90_R9JR68,1262,0.0103720124335,9,0.9867083659108679,8.109470237294761e-06
GuptaA_2019,306,UniRef90_A0A1L5KH88,1262,0.0102125700756,9,0.9867083659108679,7.984808503205628e-06
GuptaA_2019,307,UniRef90_C0D875,1262,0.0058341988946999995,9,0.9867083659108679,4.56153158303362e-06
GuptaA_2019,308,UniRef90_A8SBJ8,1261,0.151009922604,9,0.9859265050820953,0.00011806874324003128
GuptaA_2019,309,UniRef90_B2RH62,1261,0.095237465673,9,0.9859265050820953,7.446244384128224e-05
GuptaA_2019,310,UniRef90_A8ST13,1261,0.063369108091,9,0.9859265050820953,4.954582337060204e-05
GuptaA_2019,311,UniRef90_A6LEJ2,1261,0.052107343771499996,9,0.9859265050820953,4.074069098631743e-05
GuptaA_2019,312,UniRef90_Q8A491,1261,0.048952110733,9,0.9859265050820953,3.827373786786552e-05
GuptaA_2019,313,UniRef90_A0A139KPT2,1261,0.0483625075399,9,0.9859265050820953,3.781275022666145e-05
GuptaA_2019,314,UniRef90_A0A139JRM5,1261,0.047841727122300004,9,0.9859265050820953,3.7405572417748243e-05
GuptaA_2019,315,UniRef90_C3R2Z0,1261,0.0441284628305,9,0.9859265050820953,3.450231652111024e-05
GuptaA_2019,316,UniRef90_B0NTF1,1261,0.043928705113,9,0.9859265050820953,3.434613378655199e-05
GuptaA_2019,317,UniRef90_A6KYK2,1261,0.0412045813255,9,0.9859265050820953,3.221624810437842e-05
GuptaA_2019,318,UniRef90_A0A3E2X5R4,1261,0.0408184352633,9,0.9859265050820953,3.19143356241595e-05
GuptaA_2019,319,UniRef90_A0A2A7AMB7,1261,0.034482268607,9,0.9859265050820953,2.696033511102424e-05
GuptaA_2019,320,UniRef90_A0A3E4G4R4,1261,0.033834252263,9,0.9859265050820953,2.6453676515246284e-05
GuptaA_2019,321,UniRef90_C9YME1,1261,0.0311538967986999,9,0.9859265050820953,2.435801157052377e-05
GuptaA_2019,322,UniRef90_B5CNT5,1261,0.030851722997,9,0.9859265050820953,2.4121753711493356e-05
GuptaA_2019,323,UniRef90_C9YMF2,1261,0.028908195037799997,9,0.9859265050820953,2.2602185330570756e-05
GuptaA_2019,324,UniRef90_A0A0P6AFG5,1261,0.0276360426,9,0.9859265050820953,2.1607539171227523e-05
GuptaA_2019,325,UniRef90_C0BCE2,1261,0.024524700168999998,9,0.9859265050820953,1.9174902399530883e-05
GuptaA_2019,326,UniRef90_C0FW47,1261,0.0239963665344,9,0.9859265050820953,1.8761819026114154e-05
GuptaA_2019,327,UniRef90_A0A396FC19,1261,0.023398448519,9,0.9859265050820953,1.8294330351055513e-05
GuptaA_2019,328,UniRef90_A0A0D0ZIG5,1261,0.023221569219,9,0.9859265050820953,1.8156035354964816e-05
GuptaA_2019,329,UniRef90_A8RVT9,1261,0.0172937910118,9,0.9859265050820953,1.3521337773103988e-05
GuptaA_2019,330,UniRef90_I3WHK0,1261,0.0162491526252,9,0.9859265050820953,1.2704575938389366e-05
GuptaA_2019,331,UniRef90_A0A0S2W8P0,1261,0.0157938364153999,9,0.9859265050820953,1.2348582029241517e-05
GuptaA_2019,332,UniRef90_A0A174KMD6,1261,0.0139837705389999,9,0.9859265050820953,1.093336242298663e-05
GuptaA_2019,333,UniRef90_D1PJ25,1261,0.013928620862,9,0.9859265050820953,1.0890243050820954e-05
GuptaA_2019,334,UniRef90_C0FXK6,1261,0.0093633982416,9,0.9859265050820953,7.3208743093041445e-06
GuptaA_2019,335,UniRef90_A0A396E3S1,1260,0.08496723954,9,0.9851446442533229,6.643255632525411e-05
GuptaA_2019,336,UniRef90_E1YSQ9,1260,0.0700488473725,9,0.9851446442533229,5.47684498612197e-05
GuptaA_2019,337,UniRef90_Q8A4V8,1260,0.050435543156000004,9,0.9851446442533229,3.943357557154027e-05
GuptaA_2019,338,UniRef90_A0A133PU47,1260,0.049518768460500004,9,0.9851446442533229,3.8716785348319003e-05
GuptaA_2019,339,UniRef90_R5CD91,1260,0.0489926819297,9,0.9851446442533229,3.8305458897341676e-05
GuptaA_2019,340,UniRef90_A0A174XK61,1260,0.045936398021,9,0.9851446442533229,3.59158702275215e-05
GuptaA_2019,341,UniRef90_R5MXZ2,1260,0.0447871126111,9,0.9851446442533229,3.501728898444097e-05
GuptaA_2019,342,UniRef90_R5K610,1260,0.043160051108,9,0.9851446442533229,3.374515332916341e-05
GuptaA_2019,343,UniRef90_A5ZSE4,1260,0.043026846394,9,0.9851446442533229,3.364100578107897e-05
GuptaA_2019,344,UniRef90_E1KN21,1260,0.042881205339499996,9,0.9851446442533229,3.35271347455043e-05
GuptaA_2019,345,UniRef90_E6SW15,1260,0.041692249674,9,0.9851446442533229,3.2597536883502736e-05
GuptaA_2019,346,UniRef90_A0A0P0L796,1260,0.0377859952001,9,0.9851446442533229,2.9543389523143082e-05
GuptaA_2019,347,UniRef90_Q8A9M2,1260,0.0361089677248,9,0.9851446442533229,2.8232187431430802e-05
GuptaA_2019,348,UniRef90_K1FTU8,1260,0.0351438156193,9,0.9851446442533229,2.7477572806333074e-05
GuptaA_2019,349,UniRef90_Q8A9S7,1260,0.033990328177,9,0.9851446442533229,2.6575706158717745e-05
GuptaA_2019,350,UniRef90_A0A395V4J0,1260,0.0327299409547,9,0.9851446442533229,2.5590258760516026e-05
GuptaA_2019,351,UniRef90_R6J7M6,1260,0.0325692390229,9,0.9851446442533229,2.5464612214933543e-05
GuptaA_2019,352,UniRef90_I9KG80,1260,0.028287832417999998,9,0.9851446442533229,2.2117148098514462e-05
GuptaA_2019,353,UniRef90_D4L1Y4,1260,0.0276316048,9,0.9851446442533229,2.1604069429241597e-05
GuptaA_2019,354,UniRef90_C4ZEM7,1260,0.022570698900099998,9,0.9851446442533229,1.7647145348006253e-05
GuptaA_2019,355,UniRef90_A0A395V6C3,1260,0.019439180373,9,0.9851446442533229,1.5198733677091478e-05
GuptaA_2019,356,UniRef90_G9YLS6,1260,0.01869908069,9,0.9851446442533229,1.462007872556685e-05
GuptaA_2019,357,UniRef90_A0A0M6WPL1,1260,0.0169404576457,9,0.9851446442533229,1.3245080254652072e-05
GuptaA_2019,358,UniRef90_A0A2A7ADF2,1260,0.016642146849300002,9,0.9851446442533229,1.3011842728146992e-05
GuptaA_2019,359,UniRef90_U5F4E0,1260,0.0158363765036,9,0.9851446442533229,1.2381842457857702e-05
GuptaA_2019,360,UniRef90_H1B4W0,1260,0.0157520343572,9,0.9851446442533229,1.2315898637372948e-05
GuptaA_2019,361,UniRef90_D9SLI1,1260,0.015594690575,9,0.9851446442533229,1.219287769741986e-05
GuptaA_2019,362,UniRef90_W5R5G6,1260,0.013799700469799999,9,0.9851446442533229,1.0789445246129789e-05
GuptaA_2019,363,UniRef90_B8QUH0,1260,0.012960074894,9,0.9851446442533229,1.0132974897576232e-05
GuptaA_2019,364,UniRef90_U5FB63,1260,0.0121869401694,9,0.9851446442533229,9.528491141047693e-06
GuptaA_2019,365,UniRef90_A8RSS0,1260,0.0107532923885,9,0.9851446442533229,8.407578098905395e-06
GuptaA_2019,366,UniRef90_A0A174LGV6,1260,0.0089088416725,9,0.9851446442533229,6.965474333463644e-06
GuptaA_2019,367,UniRef90_A0A2T3FJH8,1260,0.0072278437095,9,0.9851446442533229,5.651167872947615e-06
GuptaA_2019,368,UniRef90_UPI0009DBE405,1260,0.0061071737991,9,0.9851446442533229,4.774959968021892e-06
GuptaA_2019,369,UniRef90_B0NWG2,1259,0.1623079899737,9,0.9843627834245504,0.0001269022595572322
GuptaA_2019,370,UniRef90_A0A3E4USV0,1259,0.0790914803,9,0.9843627834245504,6.183853033620015e-05
GuptaA_2019,371,UniRef90_C7XG97,1259,0.0736627141513,9,0.9843627834245504,5.75939907359656e-05
GuptaA_2019,372,UniRef90_Q8A483,1259,0.058575524411300005,9,0.9843627834245504,4.5797908062001564e-05
GuptaA_2019,373,UniRef90_Q8A492,1259,0.0561709148048,9,0.9843627834245504,4.391783800218921e-05
GuptaA_2019,374,UniRef90_E4VR83,1259,0.055981812435,9,0.9843627834245504,4.376998626661454e-05
GuptaA_2019,375,UniRef90_R5C195,1259,0.0473776859745,9,0.9843627834245504,3.70427568213448e-05
GuptaA_2019,376,UniRef90_Q8A0Z8,1259,0.0451496071929,9,0.9843627834245504,3.530070929859265e-05
GuptaA_2019,377,UniRef90_Q5LAX0,1259,0.0440650045301,9,0.9843627834245504,3.4452700961767005e-05
GuptaA_2019,378,UniRef90_Q8A1F7,1259,0.042955335112,9,0.9843627834245504,3.358509391086786e-05
GuptaA_2019,379,UniRef90_A6L227,1259,0.0425444333512,9,0.9843627834245504,3.326382591962471e-05
GuptaA_2019,380,UniRef90_A0A396GCB6,1259,0.0418201202958,9,0.9843627834245504,3.2697513913838936e-05
GuptaA_2019,381,UniRef90_A0A0P0M4G8,1259,0.0412006310638,9,0.9843627834245504,3.2213159549491794e-05
GuptaA_2019,382,UniRef90_A5ZNS7,1259,0.0409471903166,9,0.9843627834245504,3.201500415684128e-05
GuptaA_2019,383,UniRef90_A0A139JUF4,1259,0.036126026683500005,9,0.9843627834245504,2.8245525163017987e-05
GuptaA_2019,384,UniRef90_A0A174DHG3,1259,0.033088052119000004,9,0.9843627834245504,2.5870251852228306e-05
GuptaA_2019,385,UniRef90_F3PL25,1259,0.0315411312809,9,0.9843627834245504,2.466077504370602e-05
GuptaA_2019,386,UniRef90_A0A2A7BD22,1259,0.030246273076499998,9,0.9843627834245504,2.3648376134870993e-05
GuptaA_2019,387,UniRef90_U2PNB7,1259,0.028521607137000003,9,0.9843627834245504,2.229992739405786e-05
GuptaA_2019,388,UniRef90_C5EWQ2,1259,0.0237250381097,9,0.9843627834245504,1.8549677959108678e-05
GuptaA_2019,389,UniRef90_R7E8Y2,1259,0.021665829932,9,0.9843627834245504,1.6939663746677092e-05
GuptaA_2019,390,UniRef90_A0A174TTF8,1259,0.0187900989793,9,0.9843627834245504,1.4691242360672401e-05
GuptaA_2019,391,UniRef90_D4JB63,1259,0.0159533593451,9,0.9843627834245504,1.2473306759265051e-05
GuptaA_2019,392,UniRef90_A0A3E2VW53,1259,0.014412002142900001,9,0.9843627834245504,1.126817993971853e-05
GuptaA_2019,393,UniRef90_D4JEF1,1259,0.014127635098,9,0.9843627834245504,1.1045844486317435e-05
GuptaA_2019,394,UniRef90_U5F5C0,1259,0.012144000680299999,9,0.9843627834245504,9.4949184365129e-06
GuptaA_2019,395,UniRef90_A0A174GI01,1259,0.0080016426574,9,0.9843627834245504,6.256170959655982e-06
GuptaA_2019,396,UniRef90_A0A0N7J6W0,1258,0.074247368749,9,0.983580922595778,5.8051109264268955e-05
GuptaA_2019,397,UniRef90_D4WHX6,1258,0.060838709038000004,9,0.983580922595778,4.756740346989836e-05
GuptaA_2019,398,UniRef90_I4Z7P1,1258,0.058415040958,9,0.983580922595778,4.567243233620016e-05
GuptaA_2019,399,UniRef90_Q8A490,1258,0.056973966267,9,0.983580922595778,4.454571248397185e-05
GuptaA_2019,400,UniRef90_A0A1Q6HB63,1258,0.040085327282599996,9,0.983580922595778,3.134114721078968e-05
GuptaA_2019,401,UniRef90_R5C3D9,1258,0.038251158023,9,0.983580922595778,2.9907082113369818e-05
GuptaA_2019,402,UniRef90_A0A0K2HGC7,1258,0.0381247468553,9,0.983580922595778,2.98082461730258e-05
GuptaA_2019,403,UniRef90_R7DWY8,1258,0.0358467156792,9,0.983580922595778,2.8027142829710713e-05
GuptaA_2019,404,UniRef90_A6KYH6,1258,0.0348420918556,9,0.983580922595778,2.7241666814386238e-05
GuptaA_2019,405,UniRef90_R5JME6,1258,0.032720678733000004,9,0.983580922595778,2.5583016992181393e-05
GuptaA_2019,406,UniRef90_G9YL23,1258,0.0312316482618,9,0.983580922595778,2.4418802393901484e-05
GuptaA_2019,407,UniRef90_R5VX92,1258,0.0297599585184,9,0.983580922595778,2.3268145831430805e-05
GuptaA_2019,408,UniRef90_A6BL09,1258,0.0240434900609999,9,0.983580922595778,1.8798663065676233e-05
GuptaA_2019,409,UniRef90_A0A174MWS7,1258,0.0207882140279999,9,0.983580922595778,1.6253490248631667e-05
GuptaA_2019,410,UniRef90_C0BE67,1258,0.0205450918906,9,0.983580922595778,1.6063402572791243e-05
GuptaA_2019,411,UniRef90_E2ZM22,1258,0.019736853865,9,0.983580922595778,1.5431472920250197e-05
GuptaA_2019,412,UniRef90_C0FW50,1258,0.01899273223,9,0.983580922595778,1.4849673362001564e-05
GuptaA_2019,413,UniRef90_A0A396A1T1,1258,0.0187535934266,9,0.983580922595778,1.4662700098983582e-05
GuptaA_2019,414,UniRef90_A8RVU7,1258,0.018363834091399998,9,0.983580922595778,1.4357962542142298e-05
GuptaA_2019,415,UniRef90_F3AB87,1258,0.0162525058489,9,0.983580922595778,1.2707197692650507e-05
GuptaA_2019,416,UniRef90_A0A174UTZ4,1258,0.011924009795099999,9,0.983580922595778,9.322916180688037e-06
GuptaA_2019,417,UniRef90_H1HWJ5,1258,0.011535892784,9,0.983580922595778,9.019462692728694e-06
GuptaA_2019,418,UniRef90_A0A3E5EAC3,1258,0.011316833869,9,0.983580922595778,8.848189107896794e-06
GuptaA_2019,419,UniRef90_A0A3E2Y7W5,1258,0.010270789689,9,0.983580922595778,8.030328138389366e-06
GuptaA_2019,420,UniRef90_D4MWD7,1258,0.009887903985,9,0.983580922595778,7.730964804534793e-06
GuptaA_2019,421,UniRef90_A0A174QXS4,1258,0.0093542758529,9,0.983580922595778,7.3137418709147765e-06
GuptaA_2019,422,UniRef90_A6BKY7,1257,0.2798097823562,9,0.9827990617670055,0.00021877230833166537
GuptaA_2019,423,UniRef90_Q5L8C7,1257,0.092164979134,9,0.9827990617670055,7.206018696950743e-05
GuptaA_2019,424,UniRef90_A0A3E4GL34,1257,0.0770111197488,9,0.9827990617670055,6.021197791149335e-05
GuptaA_2019,425,UniRef90_K9E6V7,1257,0.0656507594505,9,0.9827990617670055,5.132975719351056e-05
GuptaA_2019,426,UniRef90_A0A396DV75,1257,0.056684670915,9,0.9827990617670055,4.431952378029711e-05
GuptaA_2019,427,UniRef90_A0A016FI57,1257,0.0542802230974,9,0.9827990617670055,4.243958021688819e-05
GuptaA_2019,428,UniRef90_C4Z2U3,1257,0.0461883372718,9,0.9827990617670055,3.611285165895231e-05
GuptaA_2019,429,UniRef90_R6JM89,1257,0.0446042140907,9,0.9827990617670055,3.4874287795699766e-05
GuptaA_2019,430,UniRef90_R7KG75,1257,0.044060385528,9,0.9827990617670055,3.4449089544956995e-05
GuptaA_2019,431,UniRef90_Q8A129,1257,0.0439582786203,9,0.9827990617670055,3.436925615347928e-05
GuptaA_2019,432,UniRef90_P94316,1257,0.041390501538,9,0.9827990617670055,3.236161183580923e-05
GuptaA_2019,433,UniRef90_R6JBJ8,1257,0.039270392348,9,0.9827990617670055,3.0703981507427675e-05
GuptaA_2019,434,UniRef90_A5KR91,1257,0.0391974714249,9,0.9827990617670055,3.064696749405786e-05
GuptaA_2019,435,UniRef90_A0A139K2S1,1257,0.035282074449899996,9,0.9827990617670055,2.75856719702111e-05
GuptaA_2019,436,UniRef90_Q8A155,1257,0.035244405658,9,0.9827990617670055,2.755622021735731e-05
GuptaA_2019,437,UniRef90_Q89Z22,1257,0.034421968578,9,0.9827990617670055,2.6913188880375294e-05
GuptaA_2019,438,UniRef90_D4VDF7,1257,0.033546780647300004,9,0.9827990617670055,2.6228913719546524e-05
GuptaA_2019,439,UniRef90_Q8AAG5,1257,0.0304243349626,9,0.9827990617670055,2.378759574870993e-05
GuptaA_2019,440,UniRef90_A7LRB1,1257,0.029194386848,9,0.9827990617670055,2.2825947496481626e-05
GuptaA_2019,441,UniRef90_R6JF12,1257,0.0288060711106,9,0.9827990617670055,2.2522338632212666e-05
GuptaA_2019,442,UniRef90_R5JUT8,1257,0.0286147540811,9,0.9827990617670055,2.237275534096951e-05
GuptaA_2019,443,UniRef90_C0EVZ0,1257,0.0276539078929999,9,0.9827990617670055,2.1621507344018686e-05
GuptaA_2019,444,UniRef90_D1PJ38,1257,0.027106218729,9,0.9827990617670055,2.1193290640344018e-05
GuptaA_2019,445,UniRef90_A0A3E2YA41,1257,0.025138583018,9,0.9827990617670055,1.9654873352619233e-05
GuptaA_2019,446,UniRef90_A0A395VCF6,1257,0.0250670774844,9,0.9827990617670055,1.959896597685692e-05
GuptaA_2019,447,UniRef90_C4Z2T4,1257,0.0237717638546,9,0.9827990617670055,1.8586210988741203e-05
GuptaA_2019,448,UniRef90_F4XGS0,1257,0.021957301696,9,0.9827990617670055,1.7167554101641906e-05
GuptaA_2019,449,UniRef90_C7H3I1,1257,0.0215433011943,9,0.9827990617670055,1.6843863326270524e-05
GuptaA_2019,450,UniRef90_A0A396G6G2,1257,0.020148887776,9,0.9827990617670055,1.5753626095387022e-05
GuptaA_2019,451,UniRef90_A0A396A3N3,1257,0.0173173238319,9,0.9827990617670055,1.3539737163330727e-05
GuptaA_2019,452,UniRef90_A0A174EZQ4,1257,0.015199248479,9,0.9827990617670055,1.1883697012509773e-05
GuptaA_2019,453,UniRef90_D4CFG5,1257,0.0133863545235,9,0.9827990617670055,1.0466266241985926e-05
GuptaA_2019,454,UniRef90_A0A2A7ACC7,1257,0.012819576776,9,0.9827990617670055,1.0023124922595777e-05
GuptaA_2019,455,UniRef90_A0A174T7I9,1257,0.012520603153,9,0.9827990617670055,9.789369157935888e-06
GuptaA_2019,456,UniRef90_A0A174ZW36,1257,0.0124753810538,9,0.9827990617670055,9.754011769976544e-06
GuptaA_2019,457,UniRef90_C7GDM5,1257,0.0121224929451,9,0.9827990617670055,9.47810238084441e-06
GuptaA_2019,458,UniRef90_K6AL67,1256,0.0734652517147,9,0.982017200938233,5.743960259163409e-05
GuptaA_2019,459,UniRef90_A0A3E5DK23,1256,0.072091106397,9,0.982017200938233,5.636521219468335e-05
GuptaA_2019,460,UniRef90_A0A174UG67,1256,0.047597897542,9,0.982017200938233,3.7214931620015635e-05
GuptaA_2019,461,UniRef90_W0ERK2,1256,0.040771235215,9,0.982017200938233,3.187743175527756e-05
GuptaA_2019,462,UniRef90_A6KXG8,1256,0.039604219832,9,0.982017200938233,3.096498814073495e-05
GuptaA_2019,463,UniRef90_A0A0K9NBB8,1256,0.032622061329,9,0.982017200938233,2.5505911906958562e-05
GuptaA_2019,464,UniRef90_Q8A2S4,1256,0.0323160317044,9,0.982017200938233,2.5266639331039872e-05
GuptaA_2019,465,UniRef90_A6L5A6,1256,0.0244437499691,9,0.982017200938233,1.911161060914777e-05
GuptaA_2019,466,UniRef90_D4ML19,1256,0.021969549766,9,0.982017200938233,1.7177130387802973e-05
GuptaA_2019,467,UniRef90_A0A176U3W6,1256,0.0188184504969,9,0.982017200938233,1.4713409301720095e-05
GuptaA_2019,468,UniRef90_G1VSP2,1256,0.018598145474,9,0.982017200938233,1.4541161433932759e-05
GuptaA_2019,469,UniRef90_UPI0009EC6804,1256,0.0177328438146,9,0.982017200938233,1.3864615961376075e-05
GuptaA_2019,470,UniRef90_A0A2A6ZL80,1256,0.0164014082637,9,0.982017200938233,1.2823618658092258e-05
GuptaA_2019,471,UniRef90_A0A174VVK3,1256,0.0157247198838,9,0.982017200938233,1.229454252056294e-05
GuptaA_2019,472,UniRef90_A0A395X463,1256,0.015039112223,9,0.982017200938233,1.1758492746677093e-05
GuptaA_2019,473,UniRef90_A5ZQA7,1256,0.0147016820098,9,0.982017200938233,1.1494669280531665e-05
GuptaA_2019,474,UniRef90_D4JEF3,1256,0.0145075607453,9,0.982017200938233,1.1342893467787334e-05
GuptaA_2019,475,UniRef90_C7H6R0,1256,0.013225898924200001,9,0.982017200938233,1.0340812294136045e-05
GuptaA_2019,476,UniRef90_A7AYC2,1256,0.0083451896311,9,0.982017200938233,6.52477688123534e-06
GuptaA_2019,477,UniRef90_B8QUG9,1256,0.0079402987953,9,0.982017200938233,6.20820859679437e-06
GuptaA_2019,478,UniRef90_R5FW49,1256,0.0039073887482,9,0.982017200938233,3.055034205003909e-06
GuptaA_2019,479,UniRef90_Q8A1F6,1255,0.212571864139,9,0.9812353401094606,0.00016620161386942924
GuptaA_2019,480,UniRef90_A8S6E9,1255,0.1701930875702,9,0.9812353401094606,0.00013306730849898358
GuptaA_2019,481,UniRef90_A8S470,1255,0.15518394014880002,9,0.9812353401094606,0.00012133224405691949
GuptaA_2019,482,UniRef90_C3R255,1255,0.0544627471317,9,0.9812353401094606,4.2582288609616884e-05
GuptaA_2019,483,UniRef90_A0A3E5DLS5,1255,0.0514573371725,9,0.9812353401094606,4.0232476288115715e-05
GuptaA_2019,484,UniRef90_Q8A465,1255,0.051072725748,9,0.9812353401094606,3.993176368100078e-05
GuptaA_2019,485,UniRef90_B0NR18,1255,0.0409137528205,9,0.9812353401094606,3.198886068842846e-05
GuptaA_2019,486,UniRef90_D4KKP9,1255,0.0332822394652,9,0.9812353401094606,2.6022079331665365e-05
GuptaA_2019,487,UniRef90_Q8A525,1255,0.0324908406494,9,0.9812353401094606,2.5403315597654415e-05
GuptaA_2019,488,UniRef90_Q5LIX0,1255,0.030253769013,9,0.9812353401094606,2.365423691399531e-05
GuptaA_2019,489,UniRef90_A6KYJ8,1255,0.028674400739,9,0.9812353401094606,2.241939072634871e-05
GuptaA_2019,490,UniRef90_A0A076J2Q7,1255,0.027981234594600002,9,0.9812353401094606,2.1877431270211103e-05
GuptaA_2019,491,UniRef90_A0A174YAF1,1255,0.027578791895400002,9,0.9812353401094606,2.156277708788116e-05
GuptaA_2019,492,UniRef90_Q8A9C2,1255,0.0269683394608,9,0.9812353401094606,2.1085488241438624e-05
GuptaA_2019,493,UniRef90_D4L188,1255,0.026633565137,9,0.9812353401094606,2.082374131118061e-05
GuptaA_2019,494,UniRef90_D3AQT2,1255,0.0263182368587,9,0.9812353401094606,2.057719848217357e-05
GuptaA_2019,495,UniRef90_E8LH06,1255,0.0247982771725,9,0.9812353401094606,1.9388801542220487e-05
GuptaA_2019,496,UniRef90_G1WU35,1255,0.0204568159304,9,0.9812353401094606,1.5994383057388584e-05
GuptaA_2019,497,UniRef90_E7GMB4,1255,0.0196595176588,9,0.9812353401094606,1.5371006769976543e-05
GuptaA_2019,498,UniRef90_B0PDJ9,1255,0.017496379082,9,0.9812353401094606,1.3679733449569976e-05
GuptaA_2019,499,UniRef90_F7KMY8,1255,0.017288745952,9,0.9812353401094606,1.3517393238467553e-05
GuptaA_2019,500,UniRef90_D4ML29,1255,0.0126858794053,9,0.9812353401094606,9.918592185535576e-06
GuptaA_2019,501,UniRef90_B0NGI2,1255,0.0109805494618,9,0.9812353401094606,8.58526150258014e-06
GuptaA_2019,502,UniRef90_A0A174AYK4,1255,0.0094712580195,9,0.9812353401094606,7.405205644644254e-06
GuptaA_2019,503,UniRef90_A5KM54,1255,0.0092747208408,9,0.9812353401094606,7.2515409232212664e-06
GuptaA_2019,504,UniRef90_A0A395ZZQ9,1255,0.008930225417900001,9,0.9812353401094606,6.982193446364348e-06
GuptaA_2019,505,UniRef90_D4JG11,1255,0.0083676415972,9,0.9812353401094606,6.542331194057858e-06
GuptaA_2019,506,UniRef90_R5DD49,1255,0.007112589175500001,9,0.9812353401094606,5.56105486747459e-06
GuptaA_2019,507,UniRef90_R5F2A6,1255,0.00014895012732,9,0.9812353401094606,1.1645826999218138e-07
GuptaA_2019,508,UniRef90_A6KYI5,1254,0.0686253998961999,9,0.980453479280688,5.365551203768561e-05
GuptaA_2019,509,UniRef90_U2KCM5,1254,0.0632770276815,9,0.980453479280688,4.947382930531665e-05
GuptaA_2019,510,UniRef90_D4IQJ2,1254,0.0534331865714,9,0.980453479280688,4.177731553666927e-05
GuptaA_2019,511,UniRef90_A0A014AUH4,1254,0.047244647431,9,0.980453479280688,3.6938739195465205e-05
GuptaA_2019,512,UniRef90_A6L0V1,1254,0.0457254035245,9,0.980453479280688,3.5750901895621576e-05
GuptaA_2019,513,UniRef90_A0A0P0M4R8,1254,0.039523838496,9,0.980453479280688,3.0902141122752146e-05
GuptaA_2019,514,UniRef90_B0NSG7,1254,0.0373026496753,9,0.980453479280688,2.916548059053948e-05
GuptaA_2019,515,UniRef90_A0A081TW72,1254,0.0320960263095,9,0.980453479280688,2.5094625730648947e-05
GuptaA_2019,516,UniRef90_R6JI09,1254,0.0281678168041,9,0.980453479280688,2.2023312591164974e-05
GuptaA_2019,517,UniRef90_U2KQU1,1254,0.0256042978234,9,0.980453479280688,2.001899751634089e-05
GuptaA_2019,518,UniRef90_A0A139LIJ9,1254,0.024799003852999997,9,0.980453479280688,1.9389369705238466e-05
GuptaA_2019,519,UniRef90_A0A396AFP6,1254,0.0242698130809999,9,0.980453479280688,1.897561616966372e-05
GuptaA_2019,520,UniRef90_R9KD72,1254,0.0241578036418,9,0.980453479280688,1.8888040376700548e-05
GuptaA_2019,521,UniRef90_D7GUX7,1254,0.022249826394,9,0.980453479280688,1.7396267704456605e-05
GuptaA_2019,522,UniRef90_Q8A624,1254,0.0216067408301,9,0.980453479280688,1.6893464292494136e-05
GuptaA_2019,523,UniRef90_A0A381I6B5,1254,0.021349225042,9,0.980453479280688,1.669212278498827e-05
GuptaA_2019,524,UniRef90_A7B8Q2,1254,0.02070899879476,9,0.980453479280688,1.619155496071931e-05
GuptaA_2019,525,UniRef90_C0EWA4,1254,0.0204542766445,9,0.980453479280688,1.599239768921032e-05
GuptaA_2019,526,UniRef90_F4XGR7,1254,0.0190809249715,9,0.980453479280688,1.4918627811962472e-05
GuptaA_2019,527,UniRef90_D7GUY4,1254,0.018651698232,9,0.980453479280688,1.4583032237685692e-05
GuptaA_2019,528,UniRef90_F4XGQ7,1254,0.016879650734,9,0.980453479280688,1.3197537712275214e-05
GuptaA_2019,529,UniRef90_A0A0J9BBM1,1254,0.0150527668752,9,0.980453479280688,1.1769168784362784e-05
GuptaA_2019,530,UniRef90_D6DKS0,1254,0.014777741753,9,0.980453479280688,1.1554137414386239e-05
GuptaA_2019,531,UniRef90_R7PKN9,1254,0.014358595393800001,9,0.980453479280688,1.1226423294605162e-05
GuptaA_2019,532,UniRef90_B0G4Z3,1254,0.0137962200463,9,0.980453479280688,1.07867240393276e-05
GuptaA_2019,533,UniRef90_A5ZS75,1254,0.01379033171416,9,0.980453479280688,1.0782120183080531e-05
GuptaA_2019,534,UniRef90_E8LH28,1254,0.0127648547466,9,0.980453479280688,9.980339911336981e-06
GuptaA_2019,535,UniRef90_B0PI29,1254,0.011721560946,9,0.980453479280688,9.164629355746677e-06
GuptaA_2019,536,UniRef90_D9R3T4,1254,0.0051905305049,9,0.980453479280688,4.058272482329945e-06
GuptaA_2019,537,UniRef90_A0A395YXK2,1253,0.10456929038400001,9,0.9796716184519155,8.175863204378421e-05
GuptaA_2019,538,UniRef90_A7ACF2,1253,0.096597716815,9,0.9796716184519155,7.552597092650508e-05
GuptaA_2019,539,UniRef90_D4IQJ1,1253,0.052675484404,9,0.9796716184519155,4.118489789210321e-05
GuptaA_2019,540,UniRef90_R6EPT0,1253,0.052416672508,9,0.9796716184519155,4.098254300860047e-05
GuptaA_2019,541,UniRef90_A0A3E4GX70,1253,0.0479795770471,9,0.9796716184519155,3.751335187419859e-05
GuptaA_2019,542,UniRef90_A0A015WBF1,1253,0.046219779066,9,0.9796716184519155,3.613743476622361e-05
GuptaA_2019,543,UniRef90_A6KWD6,1253,0.0418742324706,9,0.9796716184519155,3.273982210367475e-05
GuptaA_2019,544,UniRef90_A6KWD7,1253,0.0413741018047,9,0.9796716184519155,3.2348789526739636e-05
GuptaA_2019,545,UniRef90_A0A139LMC3,1253,0.0398733653674,9,0.9796716184519155,3.1175422492103205e-05
GuptaA_2019,546,UniRef90_W4PT15,1253,0.039464210290999995,9,0.9796716184519155,3.0855520164972634e-05
GuptaA_2019,547,UniRef90_R5JSR8,1253,0.038309178341,9,0.9796716184519155,2.9952445927286942e-05
GuptaA_2019,548,UniRef90_A0A016BWL8,1253,0.037862160031,9,0.9796716184519155,2.960293982095387e-05
GuptaA_2019,549,UniRef90_Q8A0Z5,1253,0.036165233866,9,0.9796716184519155,2.8276179723221265e-05
GuptaA_2019,550,UniRef90_Q8A475,1253,0.0335221964196,9,0.9796716184519155,2.6209692274902265e-05
GuptaA_2019,551,UniRef90_Q8A9J2,1253,0.0329295037853,9,0.9796716184519155,2.5746289120641125e-05
GuptaA_2019,552,UniRef90_A0A015YJI0,1253,0.029830348325100002,9,0.9796716184519155,2.3323180864034402e-05
GuptaA_2019,553,UniRef90_D3AK48,1253,0.028670409297199998,9,0.9796716184519155,2.2416269974354965e-05
GuptaA_2019,554,UniRef90_C0FWL4,1253,0.0261756538562,9,0.9796716184519155,2.0465718417670055e-05
GuptaA_2019,555,UniRef90_A0A3E2UG38,1253,0.0230721720977,9,0.9796716184519155,1.8039227597888976e-05
GuptaA_2019,556,UniRef90_A0A127T6H1,1253,0.0221360155912,9,0.9796716184519155,1.730728349585614e-05
GuptaA_2019,557,UniRef90_U2DKD6,1253,0.021952110279799902,9,0.9796716184519155,1.7163495136669195e-05
GuptaA_2019,558,UniRef90_A0A1C5Z857,1253,0.0199383733582,9,0.9796716184519155,1.5589033118217356e-05
GuptaA_2019,559,UniRef90_A0A3E4Q9G5,1253,0.0195142250721,9,0.9796716184519155,1.5257408187724784e-05
GuptaA_2019,560,UniRef90_A0A1Y4MFI1,1253,0.017325032056799902,9,0.9796716184519155,1.3545763922439329e-05
GuptaA_2019,561,UniRef90_C0CL71,1253,0.0151444283411,9,0.9796716184519155,1.1840835294057858e-05
GuptaA_2019,562,UniRef90_D3AUQ8,1253,0.0128463926874,9,0.9796716184519155,1.0044091233307271e-05
GuptaA_2019,563,UniRef90_A0A174HSR4,1253,0.01238665104502,9,0.9796716184519155,9.684637251774824e-06
GuptaA_2019,564,UniRef90_C6LJT8,1253,0.011731901402800001,9,0.9796716184519155,9.172714153870212e-06
GuptaA_2019,565,UniRef90_A0A174XIH1,1253,0.0098283564247,9,0.9796716184519155,7.684406899687256e-06
GuptaA_2019,566,UniRef90_B1BA66,1253,0.008285645251,9,0.9796716184519155,6.478221462861611e-06
GuptaA_2019,567,UniRef90_D5Q4B6,1253,0.00809778315029,9,0.9796716184519155,6.331339445105551e-06
GuptaA_2019,568,UniRef90_F7V8Z5,1253,0.0076900304807,9,0.9796716184519155,6.012533604925723e-06
GuptaA_2019,569,UniRef90_UPI000E51D229,1253,0.0060399866081,9,0.9796716184519155,4.722428935183737e-06
GuptaA_2019,570,UniRef90_R7JTG9,1253,0.0027306829032,9,0.9796716184519155,2.13501399781079e-06
GuptaA_2019,571,UniRef90_C0FSN2,1252,0.15680904554,9,0.9788897576231431,0.00012260285030492573
GuptaA_2019,572,UniRef90_D4IQJ0,1252,0.054957314113,9,0.9788897576231431,4.2968971159499606e-05
GuptaA_2019,573,UniRef90_R9HXJ2,1252,0.0529399092914,9,0.9788897576231431,4.139164135371384e-05
GuptaA_2019,574,UniRef90_A6L050,1252,0.0493229721175,9,0.9788897576231431,3.85636998573104e-05
GuptaA_2019,575,UniRef90_A0A3E5DVA8,1252,0.0422186567397,9,0.9788897576231431,3.300911394816263e-05
GuptaA_2019,576,UniRef90_A0A173V6Z4,1252,0.0418576072342,9,0.9788897576231431,3.27268234825645e-05
GuptaA_2019,577,UniRef90_Q8A9A0,1252,0.0373085840377,9,0.9788897576231431,2.9170120436043784e-05
GuptaA_2019,578,UniRef90_Q8AA38,1252,0.036378822811,9,0.9788897576231431,2.8443176552775606e-05
GuptaA_2019,579,UniRef90_A0A076IVA3,1252,0.033297999212,9,0.9788897576231431,2.6034401260359658e-05
GuptaA_2019,580,UniRef90_A0A174Z6W2,1252,0.0313472792388,9,0.9788897576231431,2.4509209725410475e-05
GuptaA_2019,581,UniRef90_D4L236,1252,0.0297243432305,9,0.9788897576231431,2.3240299632916343e-05
GuptaA_2019,582,UniRef90_G2T4S6,1252,0.028760674272,9,0.9788897576231431,2.248684462236122e-05
GuptaA_2019,583,UniRef90_A0A396AE49,1252,0.028530522972,9,0.9788897576231431,2.2306898336200156e-05
GuptaA_2019,584,UniRef90_R5S2B6,1252,0.0276768102857,9,0.9788897576231431,2.163941382775606e-05
GuptaA_2019,585,UniRef90_R5J6I6,1252,0.0270502491076,9,0.9788897576231431,2.1149530185770134e-05
GuptaA_2019,586,UniRef90_A0A173UNL4,1252,0.0256906975088,9,0.9788897576231431,2.0086550045973416e-05
GuptaA_2019,587,UniRef90_C4ZEN0,1252,0.0249971761857,9,0.9788897576231431,1.9544312889523066e-05
GuptaA_2019,588,UniRef90_D4ML13,1252,0.023365236165,9,0.9788897576231431,1.8268362912431587e-05
GuptaA_2019,589,UniRef90_A7AZP9,1252,0.022036746357000002,9,0.9788897576231431,1.7229668770132918e-05
GuptaA_2019,590,UniRef90_A0A374NP07,1252,0.0208539417953,9,0.9788897576231431,1.6304880215246287e-05
GuptaA_2019,591,UniRef90_F7KH41,1252,0.0202703791364,9,0.9788897576231431,1.5848615431118063e-05
GuptaA_2019,592,UniRef90_D5Q544,1252,0.018922082472,9,0.9788897576231431,1.4794435083659109e-05
GuptaA_2019,593,UniRef90_B5CM70,1252,0.01589870925638,9,0.9788897576231431,1.2430577995605943e-05
GuptaA_2019,594,UniRef90_D4M3M3,1252,0.014687421210000001,9,0.9788897576231431,1.148351931978108e-05
GuptaA_2019,595,UniRef90_A0A174QRB9,1252,0.0142966142161,9,0.9788897576231431,1.1177962639640343e-05
GuptaA_2019,596,UniRef90_F7V8I3,1252,0.013789165653999999,9,0.9788897576231431,1.0781208486317434e-05
GuptaA_2019,597,UniRef90_A0A078SQG7,1252,0.0122111453028,9,0.9788897576231431,9.547416186708366e-06
GuptaA_2019,598,UniRef90_C5ER99,1252,0.0115493798665,9,0.9788897576231431,9.030007714229868e-06
GuptaA_2019,599,UniRef90_A0A374P2G6,1252,0.0113062044244,9,0.9788897576231431,8.839878361532447e-06
GuptaA_2019,600,UniRef90_UPI000E553183,1252,0.0103722734795,9,0.9788897576231431,8.10967433893667e-06
GuptaA_2019,601,UniRef90_U5FBZ1,1252,0.0102471435417,9,0.9788897576231431,8.011840142064111e-06
GuptaA_2019,602,UniRef90_A7VEU0,1252,0.0090681245379,9,0.9788897576231431,7.090011366614542e-06
GuptaA_2019,603,UniRef90_G9YL28,1252,0.0090386161922,9,0.9788897576231431,7.066939946989836e-06
GuptaA_2019,604,UniRef90_V8C6H4,1252,0.0051827787391,9,0.9788897576231431,4.052211680297107e-06
GuptaA_2019,605,UniRef90_A0A3A8Z586,1252,0.0037456467518999998,9,0.9788897576231431,2.928574473729476e-06
GuptaA_2019,606,UniRef90_R5IR36,1252,0.0021466672686,9,0.9788897576231431,1.6783950497263488e-06
GuptaA_2019,607,UniRef90_Q650G6,1251,0.06503393720009999,9,0.9781078967943706,5.08474880376075e-05
GuptaA_2019,608,UniRef90_D3AK44,1251,0.0557697508171,9,0.9781078967943706,4.3604183594292416e-05
GuptaA_2019,609,UniRef90_I9QVV4,1251,0.0509692150695,9,0.9781078967943706,3.9850832736121974e-05
GuptaA_2019,610,UniRef90_E5WY79,1251,0.0458883824693,9,0.9781078967943706,3.587832874847537e-05
GuptaA_2019,611,UniRef90_A0A069D0K7,1251,0.033754681005,9,0.9781078967943706,2.639146286551994e-05
GuptaA_2019,612,UniRef90_A0A174IWH6,1251,0.0328653522293,9,0.9781078967943706,2.5696131531899924e-05
GuptaA_2019,613,UniRef90_B0P655,1251,0.0281689038383,9,0.9781078967943706,2.202416250062549e-05
GuptaA_2019,614,UniRef90_C4ZFG4,1251,0.024889070003200002,9,0.9781078967943706,1.945978890007819e-05
GuptaA_2019,615,UniRef90_R5J0A3,1251,0.0245296737349,9,0.9781078967943706,1.9178791035887413e-05
GuptaA_2019,616,UniRef90_F3PTR4,1251,0.0244491568085,9,0.9781078967943706,1.9115838005082094e-05
GuptaA_2019,617,UniRef90_W4UXB0,1251,0.0238401999026,9,0.9781078967943706,1.86397184539484e-05
GuptaA_2019,618,UniRef90_E5XF82,1251,0.022903296373400002,9,0.9781078967943706,1.7907190284128227e-05
GuptaA_2019,619,UniRef90_A0A374NTF3,1251,0.022866308713,9,0.9781078967943706,1.787827108131353e-05
GuptaA_2019,620,UniRef90_A0A174EAY6,1251,0.022514590161000003,9,0.9781078967943706,1.7603276122752153e-05
GuptaA_2019,621,UniRef90_A8SV00,1251,0.02167710889,9,0.9781078967943706,1.6948482322126663e-05
GuptaA_2019,622,UniRef90_F4XGR4,1251,0.020319446932999998,9,0.9781078967943706,1.5886979619233775e-05
GuptaA_2019,623,UniRef90_A0A173SRB7,1251,0.020177471255999998,9,0.9781078967943706,1.5775974398749022e-05
GuptaA_2019,624,UniRef90_A0A174DTK3,1251,0.020112832913999998,9,0.9781078967943706,1.5725436211102422e-05
GuptaA_2019,625,UniRef90_W0FML8,1251,0.01921899103191,9,0.9781078967943706,1.5026576256379984e-05
GuptaA_2019,626,UniRef90_Q8A9V4,1251,0.0183279414682,9,0.9781078967943706,1.4329899506020329e-05
GuptaA_2019,627,UniRef90_F4XGQ0,1251,0.0175505621814,9,0.9781078967943706,1.3722097092572323e-05
GuptaA_2019,628,UniRef90_A8SHC7,1251,0.017412967531000002,9,0.9781078967943706,1.3614517225175921e-05
GuptaA_2019,629,UniRef90_C7H736,1251,0.0156219292671999,9,0.9781078967943706,1.2214174563877952e-05
GuptaA_2019,630,UniRef90_A0A396A4F3,1251,0.011004706292,9,0.9781078967943706,8.604148781860829e-06
GuptaA_2019,631,UniRef90_A0A1L5KWH2,1251,0.009316682280900001,9,0.9781078967943706,7.28434892955434e-06
GuptaA_2019,632,UniRef90_C4Z2R9,1251,0.0090899010165,9,0.9781078967943706,7.107037542220485e-06
GuptaA_2019,633,UniRef90_B0MI66,1251,0.009014096522,9,0.9781078967943706,7.047768977326036e-06
GuptaA_2019,634,UniRef90_A0A173VRE8,1251,0.0088427495083,9,0.9781078967943706,6.913799459186864e-06
GuptaA_2019,635,UniRef90_U2CUG5,1251,0.007845756206,9,0.9781078967943706,6.134289449569977e-06
GuptaA_2019,636,UniRef90_A0A2A7B7W5,1251,0.005874422643,9,0.9781078967943706,4.592980956215794e-06
GuptaA_2019,637,UniRef90_E5VPR3,1251,0.00387274129967,9,0.9781078967943706,3.0279447221813918e-06
GuptaA_2019,638,UniRef90_A5ZLI4,1250,0.1029924111435,9,0.9773260359655981,8.052573193393275e-05
GuptaA_2019,639,UniRef90_D1JU67,1250,0.0807846836552,9,0.9773260359655981,6.316237971477717e-05
GuptaA_2019,640,UniRef90_D1JU46,1250,0.0785942933841,9,0.9773260359655981,6.144979936207974e-05
GuptaA_2019,641,UniRef90_A0A174ES80,1250,0.061346485738,9,0.9773260359655981,4.7964414181391715e-05
GuptaA_2019,642,UniRef90_R9HWQ8,1250,0.0518012325726,9,0.9773260359655981,4.050135463064894e-05
GuptaA_2019,643,UniRef90_A0A329TKY9,1250,0.0400360297296,9,0.9773260359655981,3.1302603385144643e-05
GuptaA_2019,644,UniRef90_R7J8P5,1250,0.037895894775,9,0.9773260359655981,2.962931569585614e-05
GuptaA_2019,645,UniRef90_D4K8L8,1250,0.0353006849803,9,0.9773260359655981,2.760022281493354e-05
GuptaA_2019,646,UniRef90_W6NZG1,1250,0.032106321855700004,9,0.9773260359655981,2.5102675414933544e-05
GuptaA_2019,647,UniRef90_C7GI03,1250,0.029985285077,9,0.9773260359655981,2.344431984128225e-05
GuptaA_2019,648,UniRef90_D4JD40,1250,0.0291753681224,9,0.9773260359655981,2.2811077499921813e-05
GuptaA_2019,649,UniRef90_Q8A5S7,1250,0.027726079764,9,0.9773260359655981,2.1677935702892883e-05
GuptaA_2019,650,UniRef90_B7ANN7,1250,0.0274766672417,9,0.9773260359655981,2.1482929821501172e-05
GuptaA_2019,651,UniRef90_A0A329U187,1250,0.0263468155572,9,0.9773260359655981,2.059954304706802e-05
GuptaA_2019,652,UniRef90_A0A174LAB2,1250,0.025788753515,9,0.9773260359655981,2.0163216196247065e-05
GuptaA_2019,653,UniRef90_A0A120A3C2,1250,0.025749818645499998,9,0.9773260359655981,2.0132774546911648e-05
GuptaA_2019,654,UniRef90_A0A174VPV8,1250,0.025192537054800002,9,0.9773260359655981,1.9697057900547304e-05
GuptaA_2019,655,UniRef90_A0A174GT87,1250,0.024105415781,9,0.9773260359655981,1.8847080360437842e-05
GuptaA_2019,656,UniRef90_A0A174SKG1,1250,0.0234130534592,9,0.9773260359655981,1.8305749381704458e-05
GuptaA_2019,657,UniRef90_U2CWG0,1250,0.023197892042,9,0.9773260359655981,1.8137523097732603e-05
GuptaA_2019,658,UniRef90_Q5LJ70,1250,0.0228769610956,9,0.9773260359655981,1.7886599762001566e-05
GuptaA_2019,659,UniRef90_A0A3E4FZP2,1250,0.0228322157011,9,0.9773260359655981,1.7851615090774042e-05
GuptaA_2019,660,UniRef90_A0A396G5C6,1250,0.0225569174595,9,0.9773260359655981,1.763637017943706e-05
GuptaA_2019,661,UniRef90_A0A3E4WS26,1250,0.02163423410454,9,0.9773260359655981,1.6914960206833462e-05
GuptaA_2019,662,UniRef90_A0A173X9Q0,1250,0.019945324407,9,0.9773260359655981,1.5594467870992962e-05
GuptaA_2019,663,UniRef90_C7H6Y3,1250,0.0177183665216,9,0.9773260359655981,1.3853296733072712e-05
GuptaA_2019,664,UniRef90_D4LFV9,1250,0.0148837480032,9,0.9773260359655981,1.1637019549022674e-05
GuptaA_2019,665,UniRef90_U2BWN4,1250,0.014352498245,9,0.9773260359655981,1.1221656172791243e-05
GuptaA_2019,666,UniRef90_C9L7G1,1250,0.0140186337177,9,0.9773260359655981,1.0960620576778733e-05
GuptaA_2019,667,UniRef90_B0P2Y8,1250,0.012318197026999999,9,0.9773260359655981,9.631115736512899e-06
GuptaA_2019,668,UniRef90_D1PJ32,1250,0.0120786167564,9,0.9773260359655981,9.443797307584051e-06
GuptaA_2019,669,UniRef90_U5F4H4,1250,0.010407763286700001,9,0.9773260359655981,8.137422429007037e-06
GuptaA_2019,670,UniRef90_A0A1L5KJJ8,1250,0.009938289591,9,0.9773260359655981,7.770359336200156e-06
GuptaA_2019,671,UniRef90_A0A174ZI62,1250,0.0095853846478,9,0.9773260359655981,7.4944367848319e-06
GuptaA_2019,672,UniRef90_R5XHX7,1250,0.0056119426899,9,0.9773260359655981,4.3877581625488666e-06
GuptaA_2019,673,UniRef90_C4ZER8,1249,0.1720305482758,9,0.9765441751368257,0.00013450394704910085
GuptaA_2019,674,UniRef90_J7SHX6,1249,0.10978014237940001,9,0.9765441751368257,8.583279310351838e-05
GuptaA_2019,675,UniRef90_Q650G5,1249,0.0781692625882999,9,0.9765441751368257,6.111748443182166e-05
GuptaA_2019,676,UniRef90_U7UPK0,1249,0.0477251635838,9,0.9765441751368257,3.731443595293198e-05
GuptaA_2019,677,UniRef90_A6L5E4,1249,0.039691099156,9,0.9765441751368257,3.103291568100078e-05
GuptaA_2019,678,UniRef90_A6KYH0,1249,0.035709216214,9,0.9765441751368257,2.7919637383893666e-05
GuptaA_2019,679,UniRef90_Q5L8B2,1249,0.031765527206000004,9,0.9765441751368257,2.4836221427677877e-05
GuptaA_2019,680,UniRef90_Q8A6P7,1249,0.030528515897,9,0.9765441751368257,2.3869050740422207e-05
GuptaA_2019,681,UniRef90_R7CVM1,1249,0.030337768376,9,0.9765441751368257,2.371991272556685e-05
GuptaA_2019,682,UniRef90_A5ZWV4,1249,0.0300962981629,9,0.9765441751368257,2.3531116624628617e-05
GuptaA_2019,683,UniRef90_K9EIT5,1249,0.0292390703931,9,0.9765441751368257,2.2860883810086004e-05
GuptaA_2019,684,UniRef90_A0A3E4W6B3,1249,0.0239931177007,9,0.9765441751368257,1.8759278890304925e-05
GuptaA_2019,685,UniRef90_Q8A477,1249,0.02352865725,9,0.9765441751368257,1.8396135457388587e-05
GuptaA_2019,686,UniRef90_Q8A1E9,1249,0.0234208620079,9,0.9765441751368257,1.831185458006255e-05
GuptaA_2019,687,UniRef90_A0A174MZL4,1249,0.02328486469,9,0.9765441751368257,1.820552360437842e-05
GuptaA_2019,688,UniRef90_I8XGM3,1249,0.0230361657727,9,0.9765441751368257,1.8011075662783423e-05
GuptaA_2019,689,UniRef90_Q5L8L7,1249,0.0228207999378999,9,0.9765441751368257,1.784268955269734e-05
GuptaA_2019,690,UniRef90_Q5L7Z7,1249,0.022618761844999998,9,0.9765441751368257,1.7684723881939012e-05
GuptaA_2019,691,UniRef90_B6FKK1,1249,0.022334521981999998,9,0.9765441751368257,1.746248786708366e-05
GuptaA_2019,692,UniRef90_Q8A1D5,1249,0.022064127468899998,9,0.9765441751368257,1.725107698897576e-05
GuptaA_2019,693,UniRef90_F7LF68,1249,0.022007630782,9,0.9765441751368257,1.7206904442533228e-05
GuptaA_2019,694,UniRef90_G9RNY1,1249,0.0218454178943,9,0.9765441751368257,1.7080076539718532e-05
GuptaA_2019,695,UniRef90_A0A2A6ZB02,1249,0.021637461409,9,0.9765441751368257,1.691748350977326e-05
GuptaA_2019,696,UniRef90_A0A174UXW6,1249,0.0216081869646,9,0.9765441751368257,1.6894594968412822e-05
GuptaA_2019,697,UniRef90_Q8A2E9,1249,0.0208850974026,9,0.9765441751368257,1.6329239564190773e-05
GuptaA_2019,698,UniRef90_R5U104,1249,0.0204722502623,9,0.9765441751368257,1.6006450556919467e-05
GuptaA_2019,699,UniRef90_A0A139L5E5,1249,0.020214390410499997,9,0.9765441751368257,1.580484003948397e-05
GuptaA_2019,700,UniRef90_C3R9X8,1249,0.0196488665786,9,0.9765441751368257,1.536267910758405e-05
GuptaA_2019,701,UniRef90_Q8A9S3,1249,0.0196197977005,9,0.9765441751368257,1.5339951290461297e-05
GuptaA_2019,702,UniRef90_U2CGQ3,1249,0.0191307918309,9,0.9765441751368257,1.4957616755981235e-05
GuptaA_2019,703,UniRef90_A0A173X477,1249,0.018896864119,9,0.9765441751368257,1.4774717841282252e-05
GuptaA_2019,704,UniRef90_C4ZEP4,1249,0.018886760784999998,9,0.9765441751368257,1.4766818440187646e-05
GuptaA_2019,705,UniRef90_A0A173TI16,1249,0.0178140934362,9,0.9765441751368257,1.3928141857857702e-05
GuptaA_2019,706,UniRef90_R6VHQ2,1249,0.0175062564473,9,0.9765441751368257,1.3687456174589523e-05
GuptaA_2019,707,UniRef90_D4LFM2,1249,0.0163201563034,9,0.9765441751368257,1.2760090933072712e-05
GuptaA_2019,708,UniRef90_A0A285PZB9,1249,0.0144309264326,9,0.9765441751368257,1.1282976100547301e-05
GuptaA_2019,709,UniRef90_A0A2A7A8I5,1249,0.0134684635343,9,0.9765441751368257,1.0530464061219703e-05
GuptaA_2019,710,UniRef90_A0A396G9A0,1249,0.012608173630099999,9,0.9765441751368257,9.857837083737293e-06
GuptaA_2019,711,UniRef90_A5KRF0,1249,0.0117741311029,9,0.9765441751368257,9.205731902189209e-06
GuptaA_2019,712,UniRef90_A0A0E2H733,1249,0.0114934727951,9,0.9765441751368257,8.986296165050822e-06
GuptaA_2019,713,UniRef90_A0A0J1IXH8,1249,0.0114689310247,9,0.9765441751368257,8.967107916106334e-06
GuptaA_2019,714,UniRef90_U5JE20,1249,0.011459996946900001,9,0.9765441751368257,8.960122710633308e-06
GuptaA_2019,715,UniRef90_A0A2A7B7T6,1249,0.011131958203399999,9,0.9765441751368257,8.703642066770913e-06
GuptaA_2019,716,UniRef90_V2Y2V4,1249,0.0108318781461,9,0.9765441751368257,8.469021224472244e-06
GuptaA_2019,717,UniRef90_I0R6Y6,1249,0.01015135187,9,0.9765441751368257,7.93694438623925e-06
GuptaA_2019,718,UniRef90_A0A1C5YWX9,1249,0.0091236869139,9,0.9765441751368257,7.13345341196247e-06
GuptaA_2019,719,UniRef90_C0C172,1249,0.0089015855673,9,0.9765441751368257,6.9598010690383115e-06
GuptaA_2019,720,UniRef90_J6HFP1,1249,0.0085996823188,9,0.9765441751368257,6.723754744956997e-06
GuptaA_2019,721,UniRef90_A0A1L5KW01,1249,0.0081505859953,9,0.9765441751368257,6.372623921266615e-06
GuptaA_2019,722,UniRef90_A0A173U645,1249,0.0079132769355,9,0.9765441751368257,6.1870812630961695e-06
GuptaA_2019,723,UniRef90_A0A2A7BGS1,1249,0.0071916679944,9,0.9765441751368257,5.6228834983580925e-06
GuptaA_2019,724,UniRef90_D6DDN4,1249,0.0023907178437,9,0.9765441751368257,1.8692086346364347e-06
GuptaA_2019,725,UniRef90_E4MAW9,1248,0.035470351644,9,0.9757623143080532,2.7732878533229087e-05
GuptaA_2019,726,UniRef90_A0A396DXA9,1248,0.0333327832995,9,0.9757623143080532,2.60615975758405e-05
GuptaA_2019,727,UniRef90_A6KYK4,1248,0.031216349427000002,9,0.9757623143080532,2.4406840834245505e-05
GuptaA_2019,728,UniRef90_Q8A8R5,1248,0.0310879608672,9,0.9757623143080532,2.4306458848475373e-05
GuptaA_2019,729,UniRef90_R6JK25,1248,0.0296744470173,9,0.9757623143080532,2.320128773831118e-05
GuptaA_2019,730,UniRef90_D4V9V2,1248,0.0253103938109,9,0.9757623143080532,1.9789205481548084e-05
GuptaA_2019,731,UniRef90_R6K688,1248,0.024270190716,9,0.9757623143080532,1.8975911427677874e-05
GuptaA_2019,732,UniRef90_A0A174Y9Z1,1248,0.0241867729068,9,0.9757623143080532,1.8910690310242376e-05
GuptaA_2019,733,UniRef90_Q5LGS0,1248,0.024002044737899998,9,0.9757623143080532,1.8766258591008598e-05
GuptaA_2019,734,UniRef90_A0A1Q6HIL9,1248,0.0233575395364,9,0.9757623143080532,1.826234522001564e-05
GuptaA_2019,735,UniRef90_A0A139KHM2,1248,0.023103231886,9,0.9757623143080532,1.806351202971071e-05
GuptaA_2019,736,UniRef90_R6K3Z5,1248,0.022787356408900002,9,0.9757623143080532,1.7816541367396404e-05
GuptaA_2019,737,UniRef90_A0A174H8K5,1248,0.0226832554419999,9,0.9757623143080532,1.7735148899139877e-05
GuptaA_2019,738,UniRef90_Q8A6N4,1248,0.022553185576,9,0.9757623143080532,1.763345236591087e-05
GuptaA_2019,739,UniRef90_C7H6T3,1248,0.022466206268,9,0.9757623143080532,1.756544665207193e-05
GuptaA_2019,740,UniRef90_Q8A5J0,1248,0.022286203888,9,0.9757623143080532,1.7424709842064114e-05
GuptaA_2019,741,UniRef90_Q8A094,1248,0.022192102463,9,0.9757623143080532,1.7351135623924943e-05
GuptaA_2019,742,UniRef90_Q8A135,1248,0.022157263797,9,0.9757623143080532,1.7323896635652854e-05
GuptaA_2019,743,UniRef90_F3PU10,1248,0.0221249614387,9,0.9757623143080532,1.729864068702111e-05
GuptaA_2019,744,UniRef90_Q8A468,1248,0.0218391419719999,9,0.9757623143080532,1.7075169641907663e-05
GuptaA_2019,745,UniRef90_U2R7H4,1248,0.0210113427749,9,0.9757623143080532,1.6427945875605942e-05
GuptaA_2019,746,UniRef90_F7LJ47,1248,0.020711714550999898,9,0.9757623143080532,1.6193678304143782e-05
GuptaA_2019,747,UniRef90_A0A395V4X9,1248,0.02069650668,9,0.9757623143080532,1.618178786551994e-05
GuptaA_2019,748,UniRef90_D4ML16,1248,0.020666462128999998,9,0.9757623143080532,1.615829720797498e-05
GuptaA_2019,749,UniRef90_C6IGG8,1248,0.0198835489454,9,0.9757623143080532,1.5546168057388582e-05
GuptaA_2019,750,UniRef90_A0A174EHG3,1248,0.0196379493281,9,0.9757623143080532,1.5354143337060204e-05
GuptaA_2019,751,UniRef90_V8C7B4,1248,0.019144881407,9,0.9757623143080532,1.4968632843627833e-05
GuptaA_2019,752,UniRef90_Q8A9W1,1248,0.0188514543212,9,0.9757623143080532,1.4739213699139954e-05
GuptaA_2019,753,UniRef90_R6KLK7,1248,0.0188417618328,9,0.9757623143080532,1.4731635522126662e-05
GuptaA_2019,754,UniRef90_A0A139K7N7,1248,0.0185915044014,9,0.9757623143080532,1.4535969039405785e-05
GuptaA_2019,755,UniRef90_Q8A997,1248,0.0181349695818,9,0.9757623143080532,1.4179022346989836e-05
GuptaA_2019,756,UniRef90_U2ISN9,1248,0.0170920865133,9,0.9757623143080532,1.336363292673964e-05
GuptaA_2019,757,UniRef90_H1LZ82,1248,0.016131905180999998,9,0.9757623143080532,1.2612904754495699e-05
GuptaA_2019,758,UniRef90_A0A396FKF2,1248,0.0159656769082,9,0.9757623143080532,1.2482937379358874e-05
GuptaA_2019,759,UniRef90_C7H6T0,1248,0.0142579508706,9,0.9757623143080532,1.1147733284284598e-05
GuptaA_2019,760,UniRef90_C0CYA8,1248,0.0142238418131,9,0.9757623143080532,1.1121064748318998e-05
GuptaA_2019,761,UniRef90_R5IPI6,1248,0.0134637699366,9,0.9757623143080532,1.0526794321032056e-05
GuptaA_2019,762,UniRef90_A0A3E2UBM5,1248,0.0122665012434,9,0.9757623143080532,9.590696828303362e-06
GuptaA_2019,763,UniRef90_C5ERC2,1248,0.0121477566659999,9,0.9757623143080532,9.497855094605082e-06
GuptaA_2019,764,UniRef90_A8RVW4,1248,0.011176804726,9,0.9757623143080532,8.738705806098515e-06
GuptaA_2019,765,UniRef90_A0A174XKF4,1248,0.0107205612741,9,0.9757623143080532,8.381986922673964e-06
GuptaA_2019,766,UniRef90_D4LN41,1248,0.0075577546018,9,0.9757623143080532,5.909112276622362e-06
GuptaA_2019,767,UniRef90_R7GRF1,1248,0.0065610834778,9,0.9757623143080532,5.129854165598123e-06
GuptaA_2019,768,UniRef90_C6LJE9,1248,0.0054717641321,9,0.9757623143080532,4.278158039171228e-06
GuptaA_2019,769,UniRef90_C0CVE1,1248,0.0040593497774,9,0.9757623143080532,3.17384658123534e-06
GuptaA_2019,770,UniRef90_C0C3G6,1248,0.0036458776436,9,0.9757623143080532,2.850568916028147e-06
GuptaA_2019,771,UniRef90_A0A396E717,1247,0.071334946582,9,0.9749804534792806,5.5774000455043004e-05
GuptaA_2019,772,UniRef90_B7C9C8,1247,0.0645319587971,9,0.9749804534792806,5.045501078741204e-05
GuptaA_2019,773,UniRef90_R9HNH3,1247,0.063322493215,9,0.9749804534792806,4.9509377025019545e-05
GuptaA_2019,774,UniRef90_A6LE88,1247,0.04526998661,9,0.9749804534792806,3.53948292494136e-05
GuptaA_2019,775,UniRef90_A0A174DC02,1247,0.037727816671,9,0.9749804534792806,2.9497902010164192e-05
GuptaA_2019,776,UniRef90_D4K4J9,1247,0.037374534552,9,0.9749804534792806,2.9221684559812357e-05
GuptaA_2019,777,UniRef90_A0A0P0L353,1247,0.036576682537,9,0.9749804534792806,2.859787532212666e-05
GuptaA_2019,778,UniRef90_D4JS14,1247,0.0340765567109999,9,0.9749804534792806,2.6643124871774744e-05
GuptaA_2019,779,UniRef90_A0A0P0GDE8,1247,0.0339412439945,9,0.9749804534792806,2.6537329159108678e-05
GuptaA_2019,780,UniRef90_A6L7J7,1247,0.031679095775,9,0.9749804534792806,2.476864407740422e-05
GuptaA_2019,781,UniRef90_D4J4C3,1247,0.0308941991321,9,0.9749804534792806,2.415496413768569e-05
GuptaA_2019,782,UniRef90_Q8A476,1247,0.028003479086,9,0.9749804534792806,2.189482336669273e-05
GuptaA_2019,783,UniRef90_Q8A1A7,1247,0.026150875199,9,0.9749804534792806,2.0446344956215794e-05
GuptaA_2019,784,UniRef90_Q8A2S5,1247,0.025259394616,9,0.9749804534792806,1.974933120875684e-05
GuptaA_2019,785,UniRef90_C4ZFE2,1247,0.0250488514338999,9,0.9749804534792806,1.958471574190766e-05
GuptaA_2019,786,UniRef90_Q5LJ28,1247,0.0245615074908,9,0.9749804534792806,1.9203680602658327e-05
GuptaA_2019,787,UniRef90_A0A3E4I5X3,1247,0.0244199751763,9,0.9749804534792806,1.909302202994527e-05
GuptaA_2019,788,UniRef90_Q5L923,1247,0.024186975502,9,0.9749804534792806,1.8910848711493354e-05
GuptaA_2019,789,UniRef90_A0A174KPV5,1247,0.024126180618599998,9,0.9749804534792806,1.8863315573573104e-05
GuptaA_2019,790,UniRef90_I9JB29,1247,0.0223073710366,9,0.9749804534792806,1.744125960641126e-05
GuptaA_2019,791,UniRef90_Q8A0F5,1247,0.0215184899319999,9,0.9749804534792806,1.6824464372165677e-05
GuptaA_2019,792,UniRef90_Q8A463,1247,0.021454522243,9,0.9749804534792806,1.6774450541829555e-05
GuptaA_2019,793,UniRef90_A0A1M6KEV5,1247,0.021373759447000002,9,0.9749804534792806,1.6711305275215012e-05
GuptaA_2019,794,UniRef90_R6J8M2,1247,0.021211535025599998,9,0.9749804534792806,1.658446835465207e-05
GuptaA_2019,795,UniRef90_C0FZS9,1247,0.021021290171,9,0.9749804534792806,1.6435723354964815e-05
GuptaA_2019,796,UniRef90_A0A2A7A419,1247,0.0206749919167999,9,0.9749804534792806,1.6164966314933462e-05
GuptaA_2019,797,UniRef90_Q8A015,1247,0.0198546113646,9,0.9749804534792806,1.5523542896481626e-05
GuptaA_2019,798,UniRef90_R5JD85,1247,0.0186334364393,9,0.9749804534792806,1.4568754057310398e-05
GuptaA_2019,799,UniRef90_F4XGN6,1247,0.018476879469,9,0.9749804534792806,1.4446348294761532e-05
GuptaA_2019,800,UniRef90_Q8A988,1247,0.018422454974,9,0.9749804534792806,1.4403795913995309e-05
GuptaA_2019,801,UniRef90_Q89YY3,1247,0.0184016526069,9,0.9749804534792806,1.4387531358014073e-05
GuptaA_2019,802,UniRef90_U2NZJ4,1247,0.017553365144099997,9,0.9749804534792806,1.372428861931196e-05
GuptaA_2019,803,UniRef90_F4XGQ3,1247,0.0168307640576,9,0.9749804534792806,1.3159315134949178e-05
GuptaA_2019,804,UniRef90_B6FQE1,1247,0.0155675604451,9,0.9749804534792806,1.217166571157154e-05
GuptaA_2019,805,UniRef90_E7GQ64,1247,0.015410580782699999,9,0.9749804534792806,1.2048929462627051e-05
GuptaA_2019,806,UniRef90_Q5LGL5,1247,0.0152240938858,9,0.9749804534792806,1.1903122662861611e-05
GuptaA_2019,807,UniRef90_A0A174F2R6,1247,0.015047902953999999,9,0.9749804534792806,1.1765365874902266e-05
GuptaA_2019,808,UniRef90_A0A173Y905,1247,0.014525449671,9,0.9749804534792806,1.1356880118060985e-05
GuptaA_2019,809,UniRef90_A0A0T8UEX8,1247,0.014095219431,9,0.9749804534792806,1.1020499946051603e-05
GuptaA_2019,810,UniRef90_H1ALC6,1247,0.0133395578683,9,0.9749804534792806,1.0429677770367475e-05
GuptaA_2019,811,UniRef90_C4ZEP3,1247,0.0128226358511,9,0.9749804534792806,1.002551669358874e-05
GuptaA_2019,812,UniRef90_A0A174E3N9,1247,0.01147420967284,9,0.9749804534792806,8.97123508431587e-06
GuptaA_2019,813,UniRef90_R5MCK3,1247,0.0111081268035,9,0.9749804534792806,8.685009228694293e-06
GuptaA_2019,814,UniRef90_A0A3E4V1D1,1247,0.0111068699451,9,0.9749804534792806,8.68402654034402e-06
GuptaA_2019,815,UniRef90_A0A395ZZS6,1247,0.01076564607191,9,0.9749804534792806,8.41723696005473e-06
GuptaA_2019,816,UniRef90_U2DA10,1247,0.009574312222599999,9,0.9749804534792806,7.485779689288506e-06
GuptaA_2019,817,UniRef90_A0A174UX70,1247,0.0090655319452,9,0.9749804534792806,7.087984319937451e-06
GuptaA_2019,818,UniRef90_J5UNM3,1247,0.008502000391,9,0.9749804534792806,6.647381071931196e-06
GuptaA_2019,819,UniRef90_U2SJF7,1247,0.0060731357844,9,0.9749804534792806,4.74834697763878e-06
GuptaA_2019,820,UniRef90_A0A329U2X5,1247,0.00436177158827,9,0.9749804534792806,3.410298348921032e-06
GuptaA_2019,821,UniRef90_S0J749,1247,0.0023112543467,9,0.9749804534792806,1.8070792390148553e-06
GuptaA_2019,822,UniRef90_UPI000E5061B6,1247,0.0022153975253999,9,0.9749804534792806,1.7321325452696636e-06
GuptaA_2019,823,UniRef90_T4BVE4,1246,0.7940995911815,9,0.9741985926505082,0.000620875364489054
GuptaA_2019,824,UniRef90_A0A396G4X1,1246,0.1104598697657,9,0.9741985926505082,8.636424532111024e-05
GuptaA_2019,825,UniRef90_A0A0P0M182,1246,0.0669553660132,9,0.9741985926505082,5.234977796184519e-05
GuptaA_2019,826,UniRef90_I9FJM4,1246,0.062434730988999994,9,0.9741985926505082,4.8815270515246284e-05
GuptaA_2019,827,UniRef90_A0A174N306,1246,0.04545660082,9,0.9741985926505082,3.5540735590304924e-05
GuptaA_2019,828,UniRef90_A6L5E5,1246,0.0428311831945,9,0.9741985926505082,3.3488024389757624e-05
GuptaA_2019,829,UniRef90_A6KYR3,1246,0.0359961944862,9,0.9741985926505082,2.8144014453635653e-05
GuptaA_2019,830,UniRef90_A5KRH1,1246,0.0351572429415,9,0.9741985926505082,2.748807110359656e-05
GuptaA_2019,831,UniRef90_A0A2A6ZA84,1246,0.032790733520200004,9,0.9741985926505082,2.5637790086161065e-05
GuptaA_2019,832,UniRef90_A7VCS4,1246,0.02937765982438,9,0.9741985926505082,2.296924145768569e-05
GuptaA_2019,833,UniRef90_E2ZN31,1246,0.0291732574302,9,0.9741985926505082,2.2809427232369038e-05
GuptaA_2019,834,UniRef90_A0A173YQT1,1246,0.027645399489,9,0.9741985926505082,2.1614854956215795e-05
GuptaA_2019,835,UniRef90_E6SRC4,1246,0.027490030938,9,0.9741985926505082,2.1493378372165755e-05
GuptaA_2019,836,UniRef90_F4XGQ2,1246,0.0262787915741,9,0.9741985926505082,2.054635775926505e-05
GuptaA_2019,837,UniRef90_B0P5G9,1246,0.0255485514383,9,0.9741985926505082,1.9975411601485535e-05
GuptaA_2019,838,UniRef90_G2T4T7,1246,0.025462306989699902,9,0.9741985926505082,1.9907980445426036e-05
GuptaA_2019,839,UniRef90_Q8A1A2,1246,0.0248969052415,9,0.9741985926505082,1.9465914965989056e-05
GuptaA_2019,840,UniRef90_A0A3E4KLQ4,1246,0.0241536714111,9,0.9741985926505082,1.8884809547380765e-05
GuptaA_2019,841,UniRef90_R6MDY5,1246,0.0234146278878,9,0.9741985926505082,1.8306980365754496e-05
GuptaA_2019,842,UniRef90_Q8A5V7,1246,0.023175826556,9,0.9741985926505082,1.8120270958561377e-05
GuptaA_2019,843,UniRef90_Q5LI10,1246,0.0226364018469999,9,0.9741985926505082,1.7698515908522207e-05
GuptaA_2019,844,UniRef90_R5JC86,1246,0.0221728625673,9,0.9741985926505082,1.7336092703127443e-05
GuptaA_2019,845,UniRef90_I8XN29,1246,0.021862424994,9,0.9741985926505082,1.7093373724784986e-05
GuptaA_2019,846,UniRef90_W4PJH4,1246,0.021483788327800003,9,0.9741985926505082,1.679733254714621e-05
GuptaA_2019,847,UniRef90_A0A329TNI2,1246,0.02134027488106,9,0.9741985926505082,1.6685125004738074e-05
GuptaA_2019,848,UniRef90_Q5LD96,1246,0.0210401071281999,9,0.9741985926505082,1.6450435596716107e-05
GuptaA_2019,849,UniRef90_P22841,1246,0.0209357216563,9,0.9741985926505082,1.6368820685144646e-05
GuptaA_2019,850,UniRef90_Q8A608,1246,0.020900675513999902,9,0.9741985926505082,1.634141947928061e-05
GuptaA_2019,851,UniRef90_A0A1Y4VD92,1246,0.020808273266,9,0.9741985926505082,1.6269173781078967e-05
GuptaA_2019,852,UniRef90_A0A174DZC8,1246,0.020038354411,9,0.9741985926505082,1.566720438702111e-05
GuptaA_2019,853,UniRef90_R6FPH6,1246,0.0191894964324999,9,0.9741985926505082,1.5003515584440893e-05
GuptaA_2019,854,UniRef90_R6AK17,1246,0.0189900476985,9,0.9741985926505082,1.4847574431978108e-05
GuptaA_2019,855,UniRef90_A5ZGJ8,1246,0.0188618138396,9,0.9741985926505082,1.474731340078186e-05
GuptaA_2019,856,UniRef90_R5CBB2,1246,0.0182484633394,9,0.9741985926505082,1.4267758670367474e-05
GuptaA_2019,857,UniRef90_R6VFW8,1246,0.0181309287361,9,0.9741985926505082,1.4175862968021894e-05
GuptaA_2019,858,UniRef90_A0A174RP44,1246,0.0180151363784,9,0.9741985926505082,1.408532945926505e-05
GuptaA_2019,859,UniRef90_U5F4R0,1246,0.0171274271914,9,0.9741985926505082,1.3391264418608289e-05
GuptaA_2019,860,UniRef90_A6P143,1246,0.01668007371326,9,0.9741985926505082,1.3041496257435496e-05
GuptaA_2019,861,UniRef90_A0A149NF03,1246,0.0161135716039,9,0.9741985926505082,1.259857044870993e-05
GuptaA_2019,862,UniRef90_A0A0F5JRS5,1246,0.0159200460995,9,0.9741985926505082,1.2447260437451132e-05
GuptaA_2019,863,UniRef90_Q8A004,1246,0.0157135152784999,9,0.9741985926505082,1.2285782078576937e-05
GuptaA_2019,864,UniRef90_A5Z5E6,1246,0.014935836352,9,0.9741985926505082,1.1677745388584831e-05
GuptaA_2019,865,UniRef90_H1AL91,1246,0.0148859345708999,9,0.9741985926505082,1.1638729140656685e-05
GuptaA_2019,866,UniRef90_A0A0N7J738,1246,0.0127761063973,9,0.9741985926505082,9.989137136278343e-06
GuptaA_2019,867,UniRef90_A7B028,1246,0.0124179793944,9,0.9741985926505082,9.709131660985145e-06
GuptaA_2019,868,UniRef90_H9CDJ3,1246,0.0116785240835,9,0.9741985926505082,9.13098051876466e-06
GuptaA_2019,869,UniRef90_B5D3F5,1246,0.0115977477137,9,0.9741985926505082,9.0678246393276e-06
GuptaA_2019,870,UniRef90_B0PGG6,1246,0.011386436511299999,9,0.9741985926505082,8.902608687490226e-06
GuptaA_2019,871,UniRef90_A6P1U3,1246,0.009763522059,9,0.9741985926505082,7.633715448788115e-06
GuptaA_2019,872,UniRef90_C5ER76,1246,0.0093282773826,9,0.9741985926505082,7.293414685379202e-06
GuptaA_2019,873,UniRef90_F7R0D4,1246,0.0084860363263,9,0.9741985926505082,6.6348993950742766e-06
GuptaA_2019,874,UniRef90_A0A173SXT0,1246,0.0081499774631,9,0.9741985926505082,6.372148133776388e-06
GuptaA_2019,875,UniRef90_A0A373AYM4,1246,0.0073969351359,9,0.9741985926505082,5.78337383573104e-06
GuptaA_2019,876,UniRef90_F4XHR2,1246,0.0068574607526,9,0.9741985926505082,5.36157994730258e-06
GuptaA_2019,877,UniRef90_A0A1Y4UDK6,1246,0.0063069288673,9,0.9741985926505082,4.931140631196247e-06
GuptaA_2019,878,UniRef90_A0A077ZLA3,1246,0.005746863124,9,0.9741985926505082,4.493247164972635e-06
GuptaA_2019,879,UniRef90_A0A316AJ69,1246,0.0056981350425,9,0.9741985926505082,4.455148586786552e-06
GuptaA_2019,880,UniRef90_R8W025,1246,0.00389243105104,9,0.9741985926505082,3.043339367505864e-06
GuptaA_2019,881,UniRef90_E6ST13,1245,0.10779820348530009,9,0.9734167318217357,8.428319271720101e-05
GuptaA_2019,882,UniRef90_E1Z1J4,1245,0.060212134709,9,0.9734167318217357,4.707750954573886e-05
GuptaA_2019,883,UniRef90_B7ARW3,1245,0.0371764478314,9,0.9734167318217357,2.9066808312275213e-05
GuptaA_2019,884,UniRef90_A6L6L6,1245,0.036020164079,9,0.9734167318217357,2.81627553393276e-05
GuptaA_2019,885,UniRef90_P10738,1245,0.030591802298,9,0.9734167318217357,2.3918531898358092e-05
GuptaA_2019,886,UniRef90_A8SCH0,1245,0.025782437691399998,9,0.9734167318217357,2.015827810117279e-05
GuptaA_2019,887,UniRef90_Q8A4A3,1245,0.02533499916,9,0.9734167318217357,1.9808443440187647e-05
GuptaA_2019,888,UniRef90_Q8A7G0,1245,0.0230674763702,9,0.9734167318217357,1.8035556192494136e-05
GuptaA_2019,889,UniRef90_A0A174T2A6,1245,0.0229933053454,9,0.9734167318217357,1.7977564773573104e-05
GuptaA_2019,890,UniRef90_A0A139KFG6,1245,0.0229652076697,9,0.9734167318217357,1.7955596301563723e-05
GuptaA_2019,891,UniRef90_Q8A0Z3,1245,0.022431906143499998,9,0.9734167318217357,1.753862872830336e-05
GuptaA_2019,892,UniRef90_A0A139KHH7,1245,0.0217757662512,9,0.9734167318217357,1.7025618648319e-05
GuptaA_2019,893,UniRef90_R7EI38,1245,0.0213715069982999,9,0.9734167318217357,1.6709544173807583e-05
GuptaA_2019,894,UniRef90_Q5L9Q6,1245,0.021231572990700002,9,0.9734167318217357,1.6600135254652073e-05
GuptaA_2019,895,UniRef90_F3PFC2,1245,0.0196844478945999,9,0.9734167318217357,1.5390498744800545e-05
GuptaA_2019,896,UniRef90_C4ZBU3,1245,0.0195667120958,9,0.9734167318217357,1.529844573557467e-05
GuptaA_2019,897,UniRef90_D4WFW2,1245,0.0192577470113,9,0.9734167318217357,1.505687803854574e-05
GuptaA_2019,898,UniRef90_Q8AAW1,1245,0.0188318569506999,9,0.9734167318217357,1.4723891282798985e-05
GuptaA_2019,899,UniRef90_Q8A255,1245,0.0175559347928,9,0.9734167318217357,1.37262977269742e-05
GuptaA_2019,900,UniRef90_D4LFQ1,1245,0.0170025433488,9,0.9734167318217357,1.329362263393276e-05
GuptaA_2019,901,UniRef90_A0A139K266,1245,0.0165294433122,9,0.9734167318217357,1.2923724247224394e-05
GuptaA_2019,902,UniRef90_A0A0K6BTG9,1245,0.0157048269422,9,0.9734167318217357,1.2278989008756842e-05
GuptaA_2019,903,UniRef90_Q5LC76,1245,0.0147685887696,9,0.9734167318217357,1.1546981055199373e-05
GuptaA_2019,904,UniRef90_D4LWP0,1245,0.0146510884195,9,0.9734167318217357,1.1455112134089132e-05
GuptaA_2019,905,UniRef90_B9Y986,1245,0.012644918294000001,9,0.9734167318217357,9.886566297107116e-06
GuptaA_2019,906,UniRef90_A7B154,1245,0.0113138427149,9,0.9734167318217357,8.845850441673182e-06
GuptaA_2019,907,UniRef90_U2CRZ1,1245,0.0105122585412,9,0.9734167318217357,8.219123175293198e-06
GuptaA_2019,908,UniRef90_A0A174E6X3,1245,0.0081627773265,9,0.9734167318217357,6.382155845582486e-06
GuptaA_2019,909,UniRef90_R7H386,1245,0.0071209335607,9,0.9734167318217357,5.567579015402658e-06
GuptaA_2019,910,UniRef90_B0NFF2,1245,0.0052009088817,9,0.9734167318217357,4.066386928616106e-06
GuptaA_2019,911,UniRef90_A0A174KZR2,1245,0.00430154605701,9,0.9734167318217357,3.3632103651368255e-06
GuptaA_2019,912,UniRef90_R5IJG8,1245,0.0016897492484999998,9,0.9734167318217357,1.3211487478498826e-06
GuptaA_2019,913,UniRef90_C0B5S4,1245,0.0005389475757,9,0.9734167318217357,4.213819982017201e-07
GuptaA_2019,914,UniRef90_E4W393,1244,0.9416725050877001,9,0.9726348709929633,0.0007362568452601252
GuptaA_2019,915,UniRef90_A0A174ZJF4,1244,0.033697531616399996,9,0.9726348709929633,2.6346779997185298e-05
GuptaA_2019,916,UniRef90_C0B9Z9,1244,0.0293758597578,9,0.9726348709929633,2.2967834056137607e-05
GuptaA_2019,917,UniRef90_A7VCS5,1244,0.029271318219,9,0.9726348709929633,2.2886097121970287e-05
GuptaA_2019,918,UniRef90_F3PVG7,1244,0.028643770662,9,0.9726348709929633,2.2395442268960124e-05
GuptaA_2019,919,UniRef90_A5ZYV6,1244,0.0277680264559999,9,0.9726348709929633,2.171073217826419e-05
GuptaA_2019,920,UniRef90_Q8A489,1244,0.0268673586405,9,0.9726348709929633,2.1006535293588743e-05
GuptaA_2019,921,UniRef90_R6X734,1244,0.0263828838796,9,0.9726348709929633,2.062774345551212e-05
GuptaA_2019,922,UniRef90_I8V0Z4,1244,0.0253048618919,9,0.9726348709929633,1.9784880290774044e-05
GuptaA_2019,923,UniRef90_C7H5A0,1244,0.02430494829,9,0.9726348709929633,1.9003087013291633e-05
GuptaA_2019,924,UniRef90_A0A173ZUR1,1244,0.0232401776564,9,0.9726348709929633,1.817058456325254e-05
GuptaA_2019,925,UniRef90_D6D3U5,1244,0.0230351801904,9,0.9726348709929633,1.8010305074589524e-05
GuptaA_2019,926,UniRef90_D6DLD6,1244,0.0225288767511,9,0.9726348709929633,1.761444624792807e-05
GuptaA_2019,927,UniRef90_Q8A639,1244,0.022507484359,9,0.9726348709929633,1.759772037451134e-05
GuptaA_2019,928,UniRef90_A0A395X5F0,1244,0.0215847216603,9,0.9726348709929633,1.6876248366145425e-05
GuptaA_2019,929,UniRef90_P15623,1244,0.0194904092918,9,0.9726348709929633,1.5238787562001565e-05
GuptaA_2019,930,UniRef90_R6FT54,1244,0.0187626214177,9,0.9726348709929633,1.4669758731587178e-05
GuptaA_2019,931,UniRef90_Q8A294,1244,0.0187178569067,9,0.9726348709929633,1.4634759113917124e-05
GuptaA_2019,932,UniRef90_A0A3E4VXM1,1244,0.0186731320219,9,0.9726348709929633,1.4599790478420642e-05
GuptaA_2019,933,UniRef90_F7KH42,1244,0.0185567119365,9,0.9726348709929633,1.4508766173964034e-05
GuptaA_2019,934,UniRef90_Q8A9E3,1244,0.0175850567318,9,0.9726348709929633,1.37490670303362e-05
GuptaA_2019,935,UniRef90_B0NZ62,1244,0.017130903494,9,0.9726348709929633,1.3393982403440188e-05
GuptaA_2019,936,UniRef90_Q9RQ15,1244,0.0164594075943,9,0.9726348709929633,1.2868966062783424e-05
GuptaA_2019,937,UniRef90_A0A0K6BQY7,1244,0.0160800397285,9,0.9726348709929633,1.257235318881939e-05
GuptaA_2019,938,UniRef90_R6K4C9,1244,0.015918441435,9,0.9726348709929633,1.2446005813135262e-05
GuptaA_2019,939,UniRef90_A0A2A6ZAV3,1244,0.015142118242100001,9,0.9726348709929633,1.1839029118139172e-05
GuptaA_2019,940,UniRef90_B0PDJ0,1244,0.014763055211,9,0.9726348709929633,1.1542654582486317e-05
GuptaA_2019,941,UniRef90_C0CY94,1244,0.014182523812299999,9,0.9726348709929633,1.1088759821970288e-05
GuptaA_2019,942,UniRef90_B6FN01,1244,0.0129854090913,9,0.9726348709929633,1.0152782714073496e-05
GuptaA_2019,943,UniRef90_B6FNP2,1244,0.012675970281859999,9,0.9726348709929633,9.910844630070366e-06
GuptaA_2019,944,UniRef90_A0A374P2P0,1244,0.0126024749228,9,0.9726348709929633,9.853381487724786e-06
GuptaA_2019,945,UniRef90_F7JK95,1244,0.0122726747676,9,0.9726348709929633,9.595523665050822e-06
GuptaA_2019,946,UniRef90_A0A174QCE9,1244,0.0102450778021,9,0.9726348709929633,8.010225021188428e-06
GuptaA_2019,947,UniRef90_B0G4M0,1244,0.0096131374006,9,0.9726348709929633,7.516135575136825e-06
GuptaA_2019,948,UniRef90_Q84F56,1244,0.009135273987,9,0.9726348709929633,7.142512890539484e-06
GuptaA_2019,949,UniRef90_C0CK36,1244,0.0078847402554,9,0.9726348709929633,6.164769550742767e-06
GuptaA_2019,950,UniRef90_U2E905,1244,0.0076436375311999,9,0.9726348709929633,5.9762607749803755e-06
GuptaA_2019,951,UniRef90_E2ZLQ0,1243,0.055660694023,9,0.9718530101641908,4.351891635887412e-05
GuptaA_2019,952,UniRef90_A0A1C6GXE7,1243,0.0521012438687,9,0.9718530101641908,4.07359217112588e-05
GuptaA_2019,953,UniRef90_A0A3E4WLB1,1243,0.034267639225,9,0.9718530101641908,2.6792524804534794e-05
GuptaA_2019,954,UniRef90_R6CPJ3,1243,0.031428725625,9,0.9718530101641908,2.4572889464425332e-05
GuptaA_2019,955,UniRef90_A0A174EJL6,1243,0.027147195002,9,0.9718530101641908,2.1225328383111808e-05
GuptaA_2019,956,UniRef90_A0A174N272,1243,0.026123738197,9,0.9718530101641908,2.0425127597341674e-05
GuptaA_2019,957,UniRef90_K5ZNU4,1243,0.0257045451792,9,0.9718530101641908,2.009737699702893e-05
GuptaA_2019,958,UniRef90_A0A016DEW0,1243,0.024502944273,9,0.9718530101641908,1.9157892316653635e-05
GuptaA_2019,959,UniRef90_Q5LG30,1243,0.022291649086999998,9,0.9718530101641908,1.742896722986708e-05
GuptaA_2019,960,UniRef90_Q5LAS7,1243,0.0216410996994,9,0.9718530101641908,1.692032814652072e-05
GuptaA_2019,961,UniRef90_H1ALD3,1243,0.0211253646695,9,0.9718530101641908,1.6517095128616106e-05
GuptaA_2019,962,UniRef90_C7H6R1,1243,0.0188844540751,9,0.9718530101641908,1.4765014914073496e-05
GuptaA_2019,963,UniRef90_A0A3E4IC05,1243,0.0179669284568,9,0.9718530101641908,1.4047637573729476e-05
GuptaA_2019,964,UniRef90_U6R8L3,1243,0.017711339684,9,0.9718530101641908,1.3847802724003126e-05
GuptaA_2019,965,UniRef90_Q5LBQ4,1243,0.0161859477739,9,0.9718530101641908,1.2655158540969507e-05
GuptaA_2019,966,UniRef90_A0A176UAD5,1243,0.015857012429999998,9,0.9718530101641908,1.2397976880375291e-05
GuptaA_2019,967,UniRef90_A0A0P0GD67,1243,0.0150443426612,9,0.9718530101641908,1.1762582221422987e-05
GuptaA_2019,968,UniRef90_H1CB27,1243,0.0146452725829,9,0.9718530101641908,1.1450564959265052e-05
GuptaA_2019,969,UniRef90_A0A2A6ZA74,1243,0.0146112563894,9,0.9718530101641908,1.1423969030023455e-05
GuptaA_2019,970,UniRef90_A0A0E2H2A6,1243,0.0145028460298,9,0.9718530101641908,1.1339207216419079e-05
GuptaA_2019,971,UniRef90_D4MQQ2,1243,0.0134441856822,9,0.9718530101641908,1.0511482159655982e-05
GuptaA_2019,972,UniRef90_A0A133YAI6,1243,0.013018556708,9,0.9718530101641908,1.0178699537138388e-05
GuptaA_2019,973,UniRef90_A0A2N5NPS1,1243,0.0126188855611,9,0.9718530101641908,9.866212322986709e-06
GuptaA_2019,974,UniRef90_R5WZT6,1243,0.0105470985139,9,0.9718530101641908,8.24636318522283e-06
GuptaA_2019,975,UniRef90_A0A395XD11,1243,0.0102639081129,9,0.9718530101641908,8.024947703596561e-06
GuptaA_2019,976,UniRef90_B0NZ71,1243,0.010039371698,9,0.9718530101641908,7.849391476153244e-06
GuptaA_2019,977,UniRef90_A0A1E3AP68,1243,0.008959017466,9,0.9718530101641908,7.00470482095387e-06
GuptaA_2019,978,UniRef90_A0A174MTR7,1243,0.008627575874000001,9,0.9718530101641908,6.745563623143081e-06
GuptaA_2019,979,UniRef90_R7GY78,1243,0.007232862228,9,0.9718530101641908,5.655091655981235e-06
GuptaA_2019,980,UniRef90_U2D4U5,1243,0.0072030039648,9,0.9718530101641908,5.631746649569976e-06
GuptaA_2019,981,UniRef90_B5CRJ4,1243,0.0062783502404,9,0.9718530101641908,4.908796122283033e-06
GuptaA_2019,982,UniRef90_A7B8B9,1243,0.005690761598,9,0.9718530101641908,4.449383579358874e-06
GuptaA_2019,983,UniRef90_C0D874,1243,0.0045915581781,9,0.9718530101641908,3.5899594824863173e-06
GuptaA_2019,984,UniRef90_A0A174DNB1,1242,0.0642596603631,9,0.9710711493354183,5.0242111308131357e-05
GuptaA_2019,985,UniRef90_W6NZ48,1242,0.039912103745,9,0.9710711493354183,3.120571051211884e-05
GuptaA_2019,986,UniRef90_A0A2N5P2T7,1242,0.034809463764,9,0.9710711493354183,2.72161561876466e-05
GuptaA_2019,987,UniRef90_B3JFM7,1242,0.0308143978794,9,0.9710711493354183,2.409257066411259e-05
GuptaA_2019,988,UniRef90_B0NQJ5,1242,0.0297641138744,9,0.9710711493354183,2.327139474151681e-05
GuptaA_2019,989,UniRef90_D4L247,1242,0.029729871941599997,9,0.9710711493354183,2.324462231555903e-05
GuptaA_2019,990,UniRef90_D7GUX9,1242,0.028304583374000002,9,0.9710711493354183,2.213024501485536e-05
GuptaA_2019,991,UniRef90_A0A374QB39,1242,0.0282911963616,9,0.9710711493354183,2.2119778234245506e-05
GuptaA_2019,992,UniRef90_A0A3E4IFP6,1242,0.0263359240466,9,0.9710711493354183,2.059102740156372e-05
GuptaA_2019,993,UniRef90_K9E0F3,1242,0.025852507017,9,0.9710711493354183,2.0213062562157936e-05
GuptaA_2019,994,UniRef90_Q8A5S6,1242,0.024915798383,9,0.9710711493354183,1.948068677326036e-05
GuptaA_2019,995,UniRef90_U2DQ57,1242,0.02433420583,9,0.9710711493354183,1.9025962337763878e-05
GuptaA_2019,996,UniRef90_C6LD81,1242,0.023196548801,9,0.9710711493354183,1.81364728702111e-05
GuptaA_2019,997,UniRef90_A0A139K309,1242,0.0212223036381,9,0.9710711493354183,1.659288791094605e-05
GuptaA_2019,998,UniRef90_A0A285PS72,1242,0.021219311288,9,0.9710711493354183,1.659054830961689e-05
GuptaA_2019,999,UniRef90_B6W3Z6,1242,0.021089986519,9,0.9710711493354183,1.6489434338545738e-05
GuptaA_2019,1000,UniRef90_Q8A479,1242,0.020432523331,9,0.9710711493354183,1.5975389625488664e-05
GuptaA_2019,1001,UniRef90_B6W3T5,1242,0.0201805139596,9,0.9710711493354183,1.577835336950743e-05
GuptaA_2019,1002,UniRef90_W4PMK4,1242,0.0198685774159999,9,0.9710711493354183,1.553446240500383e-05
GuptaA_2019,1003,UniRef90_A0A0P0G9A9,1242,0.019473946563,9,0.9710711493354183,1.522591599921814e-05
GuptaA_2019,1004,UniRef90_A0A285PPJ6,1242,0.019458112454,9,0.9710711493354183,1.5213535929632526e-05
GuptaA_2019,1005,UniRef90_R5JRC2,1242,0.0191546728708,9,0.9710711493354183,1.4976288405629397e-05
GuptaA_2019,1006,UniRef90_R6M6L8,1242,0.0186727424615,9,0.9710711493354183,1.459948589640344e-05
GuptaA_2019,1007,UniRef90_A0A2A6ZAU5,1242,0.0185360979789,9,0.9710711493354183,1.4492648927990619e-05
GuptaA_2019,1008,UniRef90_D4J494,1242,0.018024812044799998,9,0.9710711493354183,1.4092894483815479e-05
GuptaA_2019,1009,UniRef90_Q8AA75,1242,0.017684385307399998,9,0.9710711493354183,1.3826728152775605e-05
GuptaA_2019,1010,UniRef90_A0A0P0GUH0,1242,0.017000460237,9,0.9710711493354183,1.3291993930414388e-05
GuptaA_2019,1011,UniRef90_A0A3E4WBS7,1242,0.0164634188094,9,0.9710711493354183,1.2872102274745894e-05
GuptaA_2019,1012,UniRef90_C5ERB0,1242,0.0164348202073,9,0.9710711493354183,1.2849742148006254e-05
GuptaA_2019,1013,UniRef90_C4ZBD3,1242,0.0157759558231,9,0.9710711493354183,1.2334601894526974e-05
GuptaA_2019,1014,UniRef90_Q5L7B7,1242,0.014826608867000001,9,0.9710711493354183,1.1592344696638e-05
GuptaA_2019,1015,UniRef90_Q8AA47,1242,0.0140782123773,9,0.9710711493354183,1.1007202796950743e-05
GuptaA_2019,1016,UniRef90_V2XJP5,1242,0.010664384604,9,0.9710711493354183,8.3380645848319e-06
GuptaA_2019,1017,UniRef90_A0A175A4P5,1242,0.0104597457241,9,0.9710711493354183,8.178065460594214e-06
GuptaA_2019,1018,UniRef90_H1LZ69,1242,0.0092949247774,9,0.9710711493354183,7.2673375898358095e-06
GuptaA_2019,1019,UniRef90_A0A174F446,1242,0.0092367251114,9,0.9710711493354183,7.221833550742767e-06
GuptaA_2019,1020,UniRef90_A0A1E3UA98,1242,0.0088476428598,9,0.9710711493354183,6.91762537904613e-06
GuptaA_2019,1021,UniRef90_A0A0P6CHJ0,1242,0.0069560105061,9,0.9710711493354183,5.438632139249414e-06
GuptaA_2019,1022,UniRef90_A0A3E2TWX9,1242,0.0068550684072,9,0.9710711493354183,5.359709466145426e-06
GuptaA_2019,1023,UniRef90_A0A373ZU51,1242,0.0062043838407,9,0.9710711493354183,4.850964691712275e-06
GuptaA_2019,1024,UniRef90_R7QWE6,1242,0.00028018522905,9,0.9710711493354183,2.1906585539483974e-07
GuptaA_2019,1025,UniRef90_A6BCK7,1241,0.2017016633669,9,0.9702892885066459,0.0001577026296848319
GuptaA_2019,1026,UniRef90_D4WMR9,1241,0.030658686661,9,0.9702892885066459,2.397082616184519e-05
GuptaA_2019,1027,UniRef90_D4JBN5,1241,0.029435789007099998,9,0.9702892885066459,2.3014690388663017e-05
GuptaA_2019,1028,UniRef90_A0A174FKR7,1241,0.0264321368713,9,0.9702892885066459,2.0666252440422205e-05
GuptaA_2019,1029,UniRef90_K5CBL1,1241,0.025483226640999997,9,0.9702892885066459,1.9924336701329162e-05
GuptaA_2019,1030,UniRef90_K9E1G2,1241,0.0229107839489999,9,0.9702892885066459,1.791304452619226e-05
GuptaA_2019,1031,UniRef90_E5WVY3,1241,0.021492612044999998,9,0.9702892885066459,1.6804231465989053e-05
GuptaA_2019,1032,UniRef90_Q8A012,1241,0.0213031784131999,9,0.9702892885066459,1.665612072963245e-05
GuptaA_2019,1033,UniRef90_R6SZ51,1241,0.0197829170042,9,0.9702892885066459,1.546748788444097e-05
GuptaA_2019,1034,UniRef90_E6SPK9,1241,0.0187903696637,9,0.9702892885066459,1.469145399820172e-05
GuptaA_2019,1035,UniRef90_R7DK98,1241,0.018775406869,9,0.9702892885066459,1.4679755175136825e-05
GuptaA_2019,1036,UniRef90_D4JMB0,1241,0.0168086766311,9,0.9702892885066459,1.3142045841360437e-05
GuptaA_2019,1037,UniRef90_U2E3J8,1241,0.0166587183397,9,0.9702892885066459,1.3024799327365129e-05
GuptaA_2019,1038,UniRef90_A0A396E7W7,1241,0.0158037140688,9,0.9702892885066459,1.2356304979515246e-05
GuptaA_2019,1039,UniRef90_A0A081TLM3,1241,0.0151995932546,9,0.9702892885066459,1.188396657904613e-05
GuptaA_2019,1040,UniRef90_D4JBK8,1241,0.01363423341,9,0.9702892885066459,1.0660073033620016e-05
GuptaA_2019,1041,UniRef90_A0A3E3DDI7,1241,0.0126367427358,9,0.9702892885066459,9.880174148397185e-06
GuptaA_2019,1042,UniRef90_D4JA34,1241,0.0125844051271,9,0.9702892885066459,9.839253422283033e-06
GuptaA_2019,1043,UniRef90_R9JHQ9,1241,0.012101663430399999,9,0.9702892885066459,9.461816599218138e-06
GuptaA_2019,1044,UniRef90_C9L7F6,1241,0.0111905453061,9,0.9702892885066459,8.749449027443314e-06
GuptaA_2019,1045,UniRef90_E5VHU2,1241,0.010385233028,9,0.9702892885066459,8.119806902267396e-06
GuptaA_2019,1046,UniRef90_U2B939,1241,0.0102867042869,9,0.9702892885066459,8.042771139093041e-06
GuptaA_2019,1047,UniRef90_A5ZNW4,1241,0.008833894089,9,0.9702892885066459,6.906875753713839e-06
GuptaA_2019,1048,UniRef90_A0A1R7P295,1241,0.0087499588413,9,0.9702892885066459,6.841250071383894e-06
GuptaA_2019,1049,UniRef90_A0A396A1S7,1241,0.0078201546912999,9,0.9702892885066459,6.114272628068726e-06
GuptaA_2019,1050,UniRef90_U2DJP4,1241,0.0071642366685,9,0.9702892885066459,5.60143601915559e-06
GuptaA_2019,1051,UniRef90_V8C6R3,1241,0.0069650293998,9,0.9702892885066459,5.4456836589523065e-06
GuptaA_2019,1052,UniRef90_G1VJV9,1241,0.0065225916873,9,0.9702892885066459,5.099758942376857e-06
GuptaA_2019,1053,UniRef90_A5ZPH7,1241,0.0065185852211,9,0.9702892885066459,5.096626443393276e-06
GuptaA_2019,1054,UniRef90_D7GQX9,1241,0.0063560836801999,9,0.9702892885066459,4.969572853948319e-06
GuptaA_2019,1055,UniRef90_A0A143WWX7,1241,0.0052635548035,9,0.9702892885066459,4.1153673209538705e-06
GuptaA_2019,1056,UniRef90_A5KQA4,1241,0.0046106964944,9,0.9702892885066459,3.6049229823299453e-06
GuptaA_2019,1057,UniRef90_C5EVN8,1241,0.0033268205206,9,0.9702892885066459,2.6011106494136044e-06
GuptaA_2019,1058,UniRef90_C5EW14,1241,0.0027666252588,9,0.9702892885066459,2.163115917748241e-06
GuptaA_2019,1059,UniRef90_A0A174Q9G9,1240,0.673702157074,9,0.9695074276778733,0.0005267413268756841
GuptaA_2019,1060,UniRef90_Q45122,1240,0.5752289041828,9,0.9695074276778733,0.00044974894775824865
GuptaA_2019,1061,UniRef90_B0NEY0,1240,0.0459437736549,9,0.9695074276778733,3.592163694675528e-05
GuptaA_2019,1062,UniRef90_A0A139K413,1240,0.045886427409,9,0.9695074276778733,3.5876800163408914e-05
GuptaA_2019,1063,UniRef90_A0A176U4K1,1240,0.0410275857516,9,0.9695074276778733,3.2077862198279906e-05
GuptaA_2019,1064,UniRef90_G2T525,1240,0.0398438678418,9,0.9695074276778733,3.115235953229086e-05
GuptaA_2019,1065,UniRef90_A5ZTV6,1240,0.0343046090439,9,0.9695074276778733,2.6821430057779515e-05
GuptaA_2019,1066,UniRef90_A6BKX8,1240,0.0290612688468,9,0.9695074276778733,2.272186774573886e-05
GuptaA_2019,1067,UniRef90_R7AEJ7,1240,0.0290295198135,9,0.9695074276778733,2.2697044420250196e-05
GuptaA_2019,1068,UniRef90_B0G6W6,1240,0.0275198411406,9,0.9695074276778733,2.1516685801876465e-05
GuptaA_2019,1069,UniRef90_A0A016BL47,1240,0.026412284436,9,0.9695074276778733,2.0650730598905397e-05
GuptaA_2019,1070,UniRef90_A0A0K2Y5T8,1240,0.026141384801999998,9,0.9695074276778733,2.0438924786551994e-05
GuptaA_2019,1071,UniRef90_A0A3E4IFT2,1240,0.0224668495546,9,0.9695074276778733,1.7565949612666145e-05
GuptaA_2019,1072,UniRef90_R6FQM5,1240,0.0214937458087,9,0.9695074276778733,1.680511791141517e-05
GuptaA_2019,1073,UniRef90_A0A396F3B0,1240,0.0211145715119,9,0.9695074276778733,1.65086563814699e-05
GuptaA_2019,1074,UniRef90_B5D0R2,1240,0.020872008382000002,9,0.9695074276778733,1.631900577169664e-05
GuptaA_2019,1075,UniRef90_H1ALD0,1240,0.020241633729,9,0.9695074276778733,1.5826140523064895e-05
GuptaA_2019,1076,UniRef90_Q5LG55,1240,0.0191444299048,9,0.9695074276778733,1.496827983174355e-05
GuptaA_2019,1077,UniRef90_C4Z0Q6,1240,0.0191233810443,9,0.9695074276778733,1.4951822552228304e-05
GuptaA_2019,1078,UniRef90_W4PJV7,1240,0.0179549429599999,9,0.9695074276778733,1.40382665832681e-05
GuptaA_2019,1079,UniRef90_A5ZN05,1240,0.017867976291699998,9,0.9695074276778733,1.3970270751915557e-05
GuptaA_2019,1080,UniRef90_A0A396AK15,1240,0.0175523630288,9,0.9695074276778733,1.3723505104612977e-05
GuptaA_2019,1081,UniRef90_U2PTN3,1240,0.0153967810296,9,0.9695074276778733,1.203813997623143e-05
GuptaA_2019,1082,UniRef90_A0A174SEG5,1240,0.0137231060733,9,0.9695074276778733,1.0729559087802972e-05
GuptaA_2019,1083,UniRef90_U2E1W9,1240,0.013603207763099999,9,0.9695074276778733,1.0635815295621578e-05
GuptaA_2019,1084,UniRef90_A6P1V0,1240,0.0112686955465,9,0.9695074276778733,8.810551639171227e-06
GuptaA_2019,1085,UniRef90_G2T4T0,1240,0.01085489320983,9,0.9695074276778733,8.487015801274433e-06
GuptaA_2019,1086,UniRef90_C0FW27,1240,0.0105960632344,9,0.9695074276778733,8.284646782173574e-06
GuptaA_2019,1087,UniRef90_R6J7M1,1240,0.0100978708418,9,0.9695074276778733,7.895129665207192e-06
GuptaA_2019,1088,UniRef90_A0A0J8Z0W9,1240,0.00867195636,9,0.9695074276778733,6.780262986708366e-06
GuptaA_2019,1089,UniRef90_A5KQF4,1240,0.0076682432424,9,0.9695074276778733,5.9954990167318215e-06
GuptaA_2019,1090,UniRef90_T0NDH0,1240,0.0067911094608,9,0.9695074276778733,5.309702471305707e-06
GuptaA_2019,1091,UniRef90_B5CQK2,1240,0.0065688612863,9,0.9695074276778733,5.135935329397967e-06
GuptaA_2019,1092,UniRef90_A0A3E2XTM8,1239,0.0365694232657,9,0.9687255668491008,2.859219958225176e-05
GuptaA_2019,1093,UniRef90_R6DH93,1239,0.0353464784466,9,0.9687255668491008,2.7636026932447223e-05
GuptaA_2019,1094,UniRef90_C0F0D4,1239,0.027003769820000002,9,0.9687255668491008,2.1113189851446446e-05
GuptaA_2019,1095,UniRef90_Q8A2E6,1239,0.02689047998,9,0.9687255668491008,2.102461296325254e-05
GuptaA_2019,1096,UniRef90_A0A174CRA0,1239,0.0253287446864,9,0.9687255668491008,1.9803553312275216e-05
GuptaA_2019,1097,UniRef90_B5D0R0,1239,0.022000794312,9,0.9687255668491008,1.720155927443315e-05
GuptaA_2019,1098,UniRef90_D4LGZ5,1239,0.021617737344,9,0.9687255668491008,1.69020620359656e-05
GuptaA_2019,1099,UniRef90_F3PHR0,1239,0.0205792872888,9,0.9687255668491008,1.60901386151681e-05
GuptaA_2019,1100,UniRef90_Q8A9A8,1239,0.0185943338868,9,0.9687255668491008,1.4538181303205629e-05
GuptaA_2019,1101,UniRef90_A0A173W0R5,1239,0.0175094126396,9,0.9687255668491008,1.3689923877716967e-05
GuptaA_2019,1102,UniRef90_Q8A528,1239,0.0156340893744999,9,0.9687255668491008,1.2223682075449492e-05
GuptaA_2019,1103,UniRef90_A7VCV5,1239,0.015041580131560001,9,0.9687255668491008,1.1760422307709148e-05
GuptaA_2019,1104,UniRef90_A8RVW8,1239,0.013691587883,9,0.9687255668491008,1.0704916249413603e-05
GuptaA_2019,1105,UniRef90_H1B749,1239,0.0135329497432,9,0.9687255668491008,1.0580883301954653e-05
GuptaA_2019,1106,UniRef90_A0A176UAE5,1239,0.0128834505962,9,0.9687255668491008,1.0073065360594214e-05
GuptaA_2019,1107,UniRef90_A0A1E3AZP4,1239,0.012417057088,9,0.9687255668491008,9.708410545738858e-06
GuptaA_2019,1108,UniRef90_D3AFY1,1239,0.01180209410482,9,0.9687255668491008,9.227595078045349e-06
GuptaA_2019,1109,UniRef90_D3AFU1,1239,0.0114405232557,9,0.9687255668491008,8.944896994292416e-06
GuptaA_2019,1110,UniRef90_R7DCF9,1239,0.00968797236,9,0.9687255668491008,7.5746460985144645e-06
GuptaA_2019,1111,UniRef90_A0A078RXH7,1239,0.0092494601604,9,0.9687255668491008,7.2317905867083655e-06
GuptaA_2019,1112,UniRef90_A0A374NNH8,1239,0.007748032424,9,0.9687255668491008,6.057883052384676e-06
GuptaA_2019,1113,UniRef90_A0A1L5KQG6,1239,0.0063243842511,9,0.9687255668491008,4.944788312040656e-06
GuptaA_2019,1114,UniRef90_A5ZUN9,1239,0.0051410938528,9,0.9687255668491008,4.019619900547303e-06
GuptaA_2019,1115,UniRef90_A8S466,1239,0.0043077517076,9,0.9687255668491008,3.3680623202501954e-06
GuptaA_2019,1116,UniRef90_D4MRJ0,1239,0.0009119709074,9,0.9687255668491008,7.130343294761532e-07
GuptaA_2019,1117,UniRef90_E5UU61,1238,0.053879850324,9,0.9679437060203284,4.2126544428459735e-05
GuptaA_2019,1118,UniRef90_A0A174YT04,1238,0.0341084212196,9,0.9679437060203284,2.6668038482877247e-05
GuptaA_2019,1119,UniRef90_D4JD93,1238,0.029664941031,9,0.9679437060203284,2.3193855379984362e-05
GuptaA_2019,1120,UniRef90_A0A078PVF0,1238,0.0259420317241,9,0.9679437060203284,2.0283058423846756e-05
GuptaA_2019,1121,UniRef90_A0A3E4IFI0,1238,0.0237448782309,9,0.9679437060203284,1.856519017271306e-05
GuptaA_2019,1122,UniRef90_Q64RV7,1238,0.0232903876771,9,0.9679437060203284,1.8209841811649727e-05
GuptaA_2019,1123,UniRef90_A7AFT2,1238,0.0217332350124,9,0.9679437060203284,1.699236513870211e-05
GuptaA_2019,1124,UniRef90_U2DZN0,1238,0.019559159128,9,0.9679437060203284,1.5292540365910867e-05
GuptaA_2019,1125,UniRef90_A0A174GXS8,1238,0.0182784097329,9,0.9679437060203284,1.4291172582408131e-05
GuptaA_2019,1126,UniRef90_A0A173XFH4,1238,0.0174239189603,9,0.9679437060203284,1.3623079718764659e-05
GuptaA_2019,1127,UniRef90_F4XGN4,1238,0.0173311438083,9,0.9679437060203284,1.3550542461532447e-05
GuptaA_2019,1128,UniRef90_E6SVY1,1238,0.0172319413395,9,0.9679437060203284,1.3472979937060205e-05
GuptaA_2019,1129,UniRef90_A0A173YRZ1,1238,0.0170548461304,9,0.9679437060203284,1.3334516130101641e-05
GuptaA_2019,1130,UniRef90_F3PQX9,1238,0.0159444793248,9,0.9679437060203284,1.2466363819233777e-05
GuptaA_2019,1131,UniRef90_R6KK61,1238,0.0156960012336,9,0.9679437060203284,1.2272088532916342e-05
GuptaA_2019,1132,UniRef90_B0GA48,1238,0.015657148278,9,0.9679437060203284,1.2241710928850666e-05
GuptaA_2019,1133,UniRef90_C9L352,1238,0.0150401141543,9,0.9679437060203284,1.1759276117513682e-05
GuptaA_2019,1134,UniRef90_A0A015Y6C2,1238,0.014896571793699999,9,0.9679437060203284,1.1647045968491008e-05
GuptaA_2019,1135,UniRef90_C4Z9Z8,1238,0.0145999699345,9,0.9679437060203284,1.141514459304144e-05
GuptaA_2019,1136,UniRef90_U6RJK9,1238,0.0135039941723,9,0.9679437060203284,1.0558244075293198e-05
GuptaA_2019,1137,UniRef90_E5XEG2,1238,0.013327782944,9,0.9679437060203284,1.0420471418295542e-05
GuptaA_2019,1138,UniRef90_G9RUW2,1238,0.0124725851245,9,0.9679437060203284,9.751825742376857e-06
GuptaA_2019,1139,UniRef90_D4M5W4,1238,0.0115289379425,9,0.9679437060203284,9.014024974589522e-06
GuptaA_2019,1140,UniRef90_R5W4D0,1238,0.0108304865186,9,0.9679437060203284,8.467933165441751e-06
GuptaA_2019,1141,UniRef90_C8ZZG9,1238,0.01075195028458,9,0.9679437060203284,8.406528760422205e-06
GuptaA_2019,1142,UniRef90_H1BBI7,1238,0.010115017329200001,9,0.9679437060203284,7.908535832056295e-06
GuptaA_2019,1143,UniRef90_A0A174XCS7,1238,0.0100229159308,9,0.9679437060203284,7.836525356372165e-06
GuptaA_2019,1144,UniRef90_A0A173V552,1238,0.0083156539145,9,0.9679437060203284,6.501684061376075e-06
GuptaA_2019,1145,UniRef90_UPI000E509EF5,1238,0.0074777441363000005,9,0.9679437060203284,5.8465552277560595e-06
GuptaA_2019,1146,UniRef90_A0A285PUH3,1238,0.0055692618119,9,0.9679437060203284,4.35438765590305e-06
GuptaA_2019,1147,UniRef90_C4Z2R6,1238,0.0054065350458,9,0.9679437060203284,4.227157971696638e-06
GuptaA_2019,1148,UniRef90_D7GUT5,1238,0.0052848429278000006,9,0.9679437060203284,4.13201167146208e-06
GuptaA_2019,1149,UniRef90_R6WBX7,1238,0.0046294704727,9,0.9679437060203284,3.6196016205629398e-06
GuptaA_2019,1150,UniRef90_T5RX12,1238,0.0025733748872,9,0.9679437060203284,2.0120210220484755e-06
GuptaA_2019,1151,UniRef90_N9ZZN8,1238,0.0015883268593999999,9,0.9679437060203284,1.241850554652072e-06
GuptaA_2019,1152,UniRef90_A0A3E2V1T3,1237,0.1093409283311,9,0.9671618451915559,8.548938884370602e-05
GuptaA_2019,1153,UniRef90_A7VSA7,1237,0.058846262749999996,9,0.9671618451915559,4.600958776387803e-05
GuptaA_2019,1154,UniRef90_A0A174E0F2,1237,0.0329638746505,9,0.9671618451915559,2.5773162353792023e-05
GuptaA_2019,1155,UniRef90_A0A173S9W5,1237,0.027190022961,9,0.9671618451915559,2.125881388663018e-05
GuptaA_2019,1156,UniRef90_A0A1T4IYC5,1237,0.027104491260499998,9,0.9671618451915559,2.119194000039093e-05
GuptaA_2019,1157,UniRef90_A0A078PLC9,1237,0.025926117061200002,9,0.9671618451915559,2.0270615372322127e-05
GuptaA_2019,1158,UniRef90_A0A0P0M1Z2,1237,0.0254566938551,9,0.9671618451915559,1.9903591755355748e-05
GuptaA_2019,1159,UniRef90_A0A396C2N2,1237,0.024303783402399998,9,0.9671618451915559,1.900217623330727e-05
GuptaA_2019,1160,UniRef90_A5ZJL8,1237,0.023835452833999998,9,0.9671618451915559,1.863600690695856e-05
GuptaA_2019,1161,UniRef90_R5DDM8,1237,0.0192166263672,9,0.9671618451915559,1.5024727417670055e-05
GuptaA_2019,1162,UniRef90_G5SS34,1237,0.018840981691,9,0.9671618451915559,1.4731025559812354e-05
GuptaA_2019,1163,UniRef90_Q8VRK6,1237,0.0183412823749999,9,0.9671618451915559,1.4340330238467474e-05
GuptaA_2019,1164,UniRef90_F7LNS5,1237,0.0173917683107,9,0.9671618451915559,1.359794238522283e-05
GuptaA_2019,1165,UniRef90_Q5L8B9,1237,0.017386207797,9,0.9671618451915559,1.3593594837372948e-05
GuptaA_2019,1166,UniRef90_C0FQS4,1237,0.0161966266012,9,0.9671618451915559,1.2663507897732605e-05
GuptaA_2019,1167,UniRef90_A0A174PVT9,1237,0.0153105023495,9,0.9671618451915559,1.197068205590305e-05
GuptaA_2019,1168,UniRef90_A0A0M6WYS7,1237,0.014242684378200001,9,0.9671618451915559,1.1135797011884285e-05
GuptaA_2019,1169,UniRef90_E1KPU4,1237,0.0138261927753999,9,0.9671618451915559,1.081015854214222e-05
GuptaA_2019,1170,UniRef90_C5EWQ8,1237,0.0119049848608,9,0.9671618451915559,9.308041329788897e-06
GuptaA_2019,1171,UniRef90_D4M219,1237,0.0117149051314,9,0.9671618451915559,9.159425435027364e-06
GuptaA_2019,1172,UniRef90_A7B522,1237,0.0109812711037999,9,0.9671618451915559,8.585825726192259e-06
GuptaA_2019,1173,UniRef90_D4K2K9,1237,0.0079097922596,9,0.9671618451915559,6.184356731508992e-06
GuptaA_2019,1174,UniRef90_A0A174RYU9,1237,0.0072606154736,9,0.9671618451915559,5.6767908315871775e-06
GuptaA_2019,1175,UniRef90_A0A174V1G2,1237,0.007232207438,9,0.9671618451915559,5.654579701329164e-06
GuptaA_2019,1176,UniRef90_F4XGK8,1237,0.0072246586337,9,0.9671618451915559,5.648677586942924e-06
GuptaA_2019,1177,UniRef90_A0A174VPA8,1237,0.0071506723278,9,0.9671618451915559,5.590830592494136e-06
GuptaA_2019,1178,UniRef90_B0NEZ3,1237,0.0063569344596998995,9,0.9671618451915559,4.970238045113292e-06
GuptaA_2019,1179,UniRef90_B5CST0,1237,0.0063113964384,9,0.9671618451915559,4.934633650039093e-06
GuptaA_2019,1180,UniRef90_R7PGJ6,1237,0.0023867362385,9,0.9671618451915559,1.866095573494918e-06
GuptaA_2019,1181,UniRef90_K7ZQ45,1236,0.4497605979068,9,0.9663799843627834,0.0003516501938286161
GuptaA_2019,1182,UniRef90_A0A173VNX7,1236,0.0505638911123,9,0.9663799843627834,3.953392581102424e-05
GuptaA_2019,1183,UniRef90_Q5LI34,1236,0.037680122779499996,9,0.9663799843627834,2.946061202462861e-05
GuptaA_2019,1184,UniRef90_C3RAI8,1236,0.034385607371100003,9,0.9663799843627834,2.6884759477013294e-05
GuptaA_2019,1185,UniRef90_A6BIC0,1236,0.029045430968,9,0.9663799843627834,2.2709484728694292e-05
GuptaA_2019,1186,UniRef90_F3PGU7,1236,0.026492058342,9,0.9663799843627834,2.0713102691164972e-05
GuptaA_2019,1187,UniRef90_A0A174ARQ5,1236,0.0261545322528,9,0.9663799843627834,2.0449204263330727e-05
GuptaA_2019,1188,UniRef90_A0A0P0L0E5,1236,0.0235522557369,9,0.9663799843627834,1.8414586189913996e-05
GuptaA_2019,1189,UniRef90_A0A0M6WEI8,1236,0.0213109401958,9,0.9663799843627834,1.6662189363408916e-05
GuptaA_2019,1190,UniRef90_U6RFM9,1236,0.019104268832,9,0.9663799843627834,1.4936879462079751e-05
GuptaA_2019,1191,UniRef90_A0A0D8J402,1236,0.0173402083431,9,0.9663799843627834,1.3557629666223612e-05
GuptaA_2019,1192,UniRef90_B6FM15,1236,0.0165325940253,9,0.9663799843627834,1.2926187666379984e-05
GuptaA_2019,1193,UniRef90_B0NIC2,1236,0.015997500346,9,0.9663799843627834,1.2507818878811572e-05
GuptaA_2019,1194,UniRef90_D4LFQ4,1236,0.0158563690194,9,0.9663799843627834,1.2397473822830337e-05
GuptaA_2019,1195,UniRef90_D4WH19,1236,0.015278707574,9,0.9663799843627834,1.1945822966379985e-05
GuptaA_2019,1196,UniRef90_C9L7G4,1236,0.014620604362999999,9,0.9663799843627834,1.1431277844409694e-05
GuptaA_2019,1197,UniRef90_A0A139K6B1,1236,0.0145326684337,9,0.9663799843627834,1.136252418584832e-05
GuptaA_2019,1198,UniRef90_C6JDK2,1236,0.0141515091448,9,0.9663799843627834,1.1064510668334636e-05
GuptaA_2019,1199,UniRef90_D4JA60,1236,0.0141313280676999,9,0.9663799843627834,1.104873187466763e-05
GuptaA_2019,1200,UniRef90_R5U546,1236,0.0140792685004,9,0.9663799843627834,1.1008028538232994e-05
GuptaA_2019,1201,UniRef90_E1WWW7,1236,0.013452897053,9,0.9663799843627834,1.0518293239249414e-05
GuptaA_2019,1202,UniRef90_A0A0M6WQV4,1236,0.012202912961599999,9,0.9663799843627834,9.540979641594996e-06
GuptaA_2019,1203,UniRef90_A0A0J8Z099,1236,0.0120482387857,9,0.9663799843627834,9.42004596223612e-06
GuptaA_2019,1204,UniRef90_A0A396DYQ3,1236,0.011574661068599999,9,0.9663799843627834,9.049774095856137e-06
GuptaA_2019,1205,UniRef90_A0A0J9I2L5,1236,0.0113874473553,9,0.9663799843627834,8.903399026817826e-06
GuptaA_2019,1206,UniRef90_D5Q4S0,1236,0.0110203013088,9,0.9663799843627834,8.616341914620797e-06
GuptaA_2019,1207,UniRef90_U2EKC9,1236,0.010948457826199999,9,0.9663799843627834,8.56017030977326e-06
GuptaA_2019,1208,UniRef90_Q8A011,1236,0.0102098951156,9,0.9663799843627834,7.982717056763097e-06
GuptaA_2019,1209,UniRef90_A0A174M6D1,1236,0.009984869613,9,0.9663799843627834,7.806778430805317e-06
GuptaA_2019,1210,UniRef90_A0A2A7ACZ7,1236,0.0097452020254,9,0.9663799843627834,7.6193917321344795e-06
GuptaA_2019,1211,UniRef90_A0A174SPG7,1236,0.0086983439631,9,0.9663799843627834,6.800894419937451e-06
GuptaA_2019,1212,UniRef90_A0A2N5NP30,1236,0.0084306153818,9,0.9663799843627834,6.591567929476153e-06
GuptaA_2019,1213,UniRef90_A0A174XLQ3,1236,0.0068825283909999,9,0.9663799843627834,5.381179351837294e-06
GuptaA_2019,1214,UniRef90_R5C1U7,1236,0.0058575040172999995,9,0.9663799843627834,4.5797529455043e-06
GuptaA_2019,1215,UniRef90_A0A1T2WYT5,1236,0.0048954088371,9,0.9663799843627834,3.827528410555121e-06
GuptaA_2019,1216,UniRef90_T4BXP0,1235,0.9618937664289999,9,0.965598123534011,0.0007520670574112587
GuptaA_2019,1217,UniRef90_A0A076IVM9,1235,0.0296949789888,9,0.965598123534011,2.3217340882564504e-05
GuptaA_2019,1218,UniRef90_A6L171,1235,0.0235749617515,9,0.965598123534011,1.843233913330727e-05
GuptaA_2019,1219,UniRef90_A0A1Y4P879,1235,0.0229366528125,9,0.965598123534011,1.793327037724785e-05
GuptaA_2019,1220,UniRef90_A0A076J5N7,1235,0.0223311701497,9,0.965598123534011,1.7459867200703676e-05
GuptaA_2019,1221,UniRef90_A0A069DBZ5,1235,0.01993006703,9,0.965598123534011,1.558253872556685e-05
GuptaA_2019,1222,UniRef90_A0A174XP28,1235,0.0175991639146,9,0.965598123534011,1.3760096883971854e-05
GuptaA_2019,1223,UniRef90_D4LNK5,1235,0.0175204972909,9,0.965598123534011,1.3698590532369039e-05
GuptaA_2019,1224,UniRef90_B0GA91,1235,0.017133072569,9,0.965598123534011,1.3395678318217357e-05
GuptaA_2019,1225,UniRef90_A0A095XNF2,1235,0.0166601216266,9,0.965598123534011,1.302589650242377e-05
GuptaA_2019,1226,UniRef90_R6JJ97,1235,0.0164566300023,9,0.965598123534011,1.2866794372400313e-05
GuptaA_2019,1227,UniRef90_A0A139LGH0,1235,0.0163546633931,9,0.965598123534011,1.2787070674824081e-05
GuptaA_2019,1228,UniRef90_A0A174FVH6,1235,0.0156064619649,9,0.965598123534011,1.2202081286082877e-05
GuptaA_2019,1229,UniRef90_R7R1N4,1235,0.0147178585299,9,0.965598123534011,1.1507317067943705e-05
GuptaA_2019,1230,UniRef90_A0A139LAQ7,1235,0.0145774859407,9,0.965598123534011,1.1397565239014856e-05
GuptaA_2019,1231,UniRef90_A5Z5F1,1235,0.013836010321999999,9,0.965598123534011,1.0817834497263487e-05
GuptaA_2019,1232,UniRef90_I9RLL3,1235,0.0116974031846,9,0.965598123534011,9.145741348397186e-06
GuptaA_2019,1233,UniRef90_A0A174J8H6,1235,0.011156806382,9,0.965598123534011,8.723069884284597e-06
GuptaA_2019,1234,UniRef90_F3AAH7,1235,0.0106918236872,9,0.965598123534011,8.359518129163408e-06
GuptaA_2019,1235,UniRef90_R6V5M5,1235,0.0105132868288,9,0.965598123534011,8.21992715308835e-06
GuptaA_2019,1236,UniRef90_R5J3V8,1235,0.010210781883,9,0.965598123534011,7.983410385457389e-06
GuptaA_2019,1237,UniRef90_A0A174D169,1235,0.0092216460537,9,0.965598123534011,7.210043826192337e-06
GuptaA_2019,1238,UniRef90_D4ML28,1235,0.008790923304300001,9,0.965598123534011,6.873278580375294e-06
GuptaA_2019,1239,UniRef90_A0A096B8Q8,1235,0.0085270843392,9,0.965598123534011,6.666993228459734e-06
GuptaA_2019,1240,UniRef90_A7B4S8,1235,0.006833013056,9,0.965598123534011,5.342465250977326e-06
GuptaA_2019,1241,UniRef90_A0A174KPR6,1235,0.006712218637,9,0.965598123534011,5.2480208264268965e-06
GuptaA_2019,1242,UniRef90_A0A174WU36,1235,0.006507993708,9,0.965598123534011,5.088345354182955e-06
GuptaA_2019,1243,UniRef90_B1C1N3,1235,0.0059206444131999995,9,0.965598123534011,4.629119947771696e-06
GuptaA_2019,1244,UniRef90_R5GA69,1235,0.0057010582502,9,0.965598123534011,4.457434128381548e-06
GuptaA_2019,1245,UniRef90_A0A173SLK3,1235,0.0052664927653,9,0.965598123534011,4.11766439820172e-06
GuptaA_2019,1246,UniRef90_A0A3E5G3Y1,1234,0.0703961691313,9,0.9648162627052385,5.504000713940578e-05
GuptaA_2019,1247,UniRef90_B8QUG6,1234,0.0421618478927,9,0.9648162627052385,3.2964697335965595e-05
GuptaA_2019,1248,UniRef90_A7VY07,1234,0.0412460162595,9,0.9648162627052385,3.2248644456215796e-05
GuptaA_2019,1249,UniRef90_B5D0K9,1234,0.0309233236142,9,0.9648162627052385,2.4177735429397965e-05
GuptaA_2019,1250,UniRef90_A0A174FZ57,1234,0.020017048242699998,9,0.9648162627052385,1.5650545928616106e-05
GuptaA_2019,1251,UniRef90_D4LFS2,1234,0.0196653314009999,9,0.9648162627052385,1.5375552307271228e-05
GuptaA_2019,1252,UniRef90_R5CDC3,1234,0.0192434247438,9,0.9648162627052385,1.5045680018608286e-05
GuptaA_2019,1253,UniRef90_A0A3E4UNS3,1234,0.0184780528866,9,0.9648162627052385,1.4447265744018764e-05
GuptaA_2019,1254,UniRef90_R5R936,1234,0.0176493032324,9,0.9648162627052385,1.3799298852541048e-05
GuptaA_2019,1255,UniRef90_A0A139K4H4,1234,0.0162677962337,9,0.9648162627052385,1.2719152645582487e-05
GuptaA_2019,1256,UniRef90_D4L2I7,1234,0.0157616409571,9,0.9648162627052385,1.2323409661532448e-05
GuptaA_2019,1257,UniRef90_Q5LD82,1234,0.0152004123,9,0.9648162627052385,1.1884606958561377e-05
GuptaA_2019,1258,UniRef90_I9F216,1234,0.014989978092099999,9,0.9648162627052385,1.17200766943706e-05
GuptaA_2019,1259,UniRef90_K1FI91,1234,0.0145494900615999,9,0.9648162627052385,1.1375676357779437e-05
GuptaA_2019,1260,UniRef90_Q8A2B1,1234,0.0133496864006,9,0.9648162627052385,1.0437596873025802e-05
GuptaA_2019,1261,UniRef90_A0A1H4BVR5,1234,0.0128144904972,9,0.9648162627052385,1.0019148160437842e-05
GuptaA_2019,1262,UniRef90_A0A3E2VXJ0,1234,0.011652970712000001,9,0.9648162627052385,9.11100133854574e-06
GuptaA_2019,1263,UniRef90_A0A173VFD7,1234,0.0113091259123,9,0.9648162627052385,8.842162558483189e-06
GuptaA_2019,1264,UniRef90_E6MLD9,1234,0.010231974985200001,9,0.9648162627052385,7.99998044190774e-06
GuptaA_2019,1265,UniRef90_B0MGK2,1234,0.010166973942400001,9,0.9648162627052385,7.949158672713059e-06
GuptaA_2019,1266,UniRef90_B0G892,1234,0.0097597766439,9,0.9648162627052385,7.630787055433933e-06
GuptaA_2019,1267,UniRef90_D4LI56,1234,0.0093392359474,9,0.9648162627052385,7.301982757935887e-06
GuptaA_2019,1268,UniRef90_U2DJP5,1234,0.009159590597700001,9,0.9648162627052385,7.161525095934325e-06
GuptaA_2019,1269,UniRef90_A0A395XF01,1234,0.0088804752734,9,0.9648162627052385,6.943295757154026e-06
GuptaA_2019,1270,UniRef90_A0A3E2UBK5,1234,0.008719965841,9,0.9648162627052385,6.817799719311963e-06
GuptaA_2019,1271,UniRef90_F7K2D4,1234,0.00839982469,9,0.9648162627052385,6.5674938936669275e-06
GuptaA_2019,1272,UniRef90_A0A173ZHT6,1234,0.0074676841339,9,0.9648162627052385,5.838689705942142e-06
GuptaA_2019,1273,UniRef90_A0A174VHN2,1234,0.0072368935593,9,0.9648162627052385,5.6582435960125095e-06
GuptaA_2019,1274,UniRef90_A0A0S2W734,1234,0.006635077501,9,0.9648162627052385,5.187707193901486e-06
GuptaA_2019,1275,UniRef90_A0A396MKB4,1234,0.0033922624613,9,0.9648162627052385,2.6522771394057857e-06
GuptaA_2019,1276,UniRef90_C3QN54,1233,0.0503377354257,9,0.9640344018764659,3.935710353846755e-05
GuptaA_2019,1277,UniRef90_A6KYS7,1233,0.041574194464,9,0.9640344018764659,3.250523413917123e-05
GuptaA_2019,1278,UniRef90_C3R328,1233,0.0385819100375,9,0.9640344018764659,3.0165684157544958e-05
GuptaA_2019,1279,UniRef90_A0A139KBM3,1233,0.0362459052493,9,0.9640344018764659,2.8339253517826426e-05
GuptaA_2019,1280,UniRef90_A0A0P0M0G9,1233,0.030551936683999997,9,0.9640344018764659,2.3887362536356526e-05
GuptaA_2019,1281,UniRef90_R6KAH4,1233,0.0294312981379,9,0.9640344018764659,2.3011179153948397e-05
GuptaA_2019,1282,UniRef90_A0A1E3UNY3,1233,0.024369552376,9,0.9640344018764659,1.9053598417513684e-05
GuptaA_2019,1283,UniRef90_A0A3E5EGA0,1233,0.0227251005095,9,0.9640344018764659,1.7767865918295544e-05
GuptaA_2019,1284,UniRef90_A5ZAM4,1233,0.0221783958835,9,0.9640344018764659,1.7340418986317436e-05
GuptaA_2019,1285,UniRef90_R5MEZ1,1233,0.0216246053168,9,0.9640344018764659,1.6907431834870992e-05
GuptaA_2019,1286,UniRef90_B5CXZ6,1233,0.0204125992775,9,0.9640344018764659,1.5959811788506646e-05
GuptaA_2019,1287,UniRef90_A6L7P5,1233,0.0196742587649,9,0.9640344018764659,1.5382532263408915e-05
GuptaA_2019,1288,UniRef90_D4M0W3,1233,0.0190938377517,9,0.9640344018764659,1.49287238089914e-05
GuptaA_2019,1289,UniRef90_R6LNI9,1233,0.0174718068964,9,0.9640344018764659,1.3660521420172008e-05
GuptaA_2019,1290,UniRef90_A0A173TP98,1233,0.017323687571,9,0.9640344018764659,1.3544712721657547e-05
GuptaA_2019,1291,UniRef90_E5CB79,1233,0.0171740466145999,9,0.9640344018764659,1.3427714319468256e-05
GuptaA_2019,1292,UniRef90_D4LZV1,1233,0.016809986989,9,0.9640344018764659,1.314307035887412e-05
GuptaA_2019,1293,UniRef90_A0A174SF86,1233,0.013670091000700001,9,0.9640344018764659,1.0688108679202504e-05
GuptaA_2019,1294,UniRef90_Q8A4A2,1233,0.0132732234101,9,0.9640344018764659,1.0377813455903049e-05
GuptaA_2019,1295,UniRef90_D4LV90,1233,0.0129895818708,9,0.9640344018764659,1.015604524691165e-05
GuptaA_2019,1296,UniRef90_R6K8X7,1233,0.0129447310514,9,0.9640344018764659,1.012097814808444e-05
GuptaA_2019,1297,UniRef90_F7JS50,1233,0.0121512972142,9,0.9640344018764659,9.500623310555121e-06
GuptaA_2019,1298,UniRef90_A0A0M6WL63,1233,0.0104757001552,9,0.9640344018764659,8.190539605316653e-06
GuptaA_2019,1299,UniRef90_A0A069CY06,1233,0.0102539560852,9,0.9640344018764659,8.017166602971071e-06
GuptaA_2019,1300,UniRef90_W4PH70,1233,0.0097839004961,9,0.9640344018764659,7.649648550508208e-06
GuptaA_2019,1301,UniRef90_A0A081DUL1,1233,0.0097485164368,9,0.9640344018764659,7.621983140578576e-06
GuptaA_2019,1302,UniRef90_A8RCH3,1233,0.0095186736957,9,0.9640344018764659,7.442278104534792e-06
GuptaA_2019,1303,UniRef90_D4LWI0,1233,0.009499524847,9,0.9640344018764659,7.427306369820172e-06
GuptaA_2019,1304,UniRef90_C0B6G4,1233,0.0083582099863,9,0.9640344018764659,6.534956986942924e-06
GuptaA_2019,1305,UniRef90_D4LP03,1233,0.0082175052324,9,0.9640344018764659,6.424945451446443e-06
GuptaA_2019,1306,UniRef90_A0A1Y4MUD3,1233,0.007645862346,9,0.9640344018764659,5.978000270523847e-06
GuptaA_2019,1307,UniRef90_R0BG18,1233,0.0075793676962,9,0.9640344018764659,5.926010708522283e-06
GuptaA_2019,1308,UniRef90_A0A174W374,1233,0.0056638608525,9,0.9640344018764659,4.428350940187647e-06
GuptaA_2019,1309,UniRef90_B5CLF9,1233,0.0044756711439,9,0.9640344018764659,3.499351949882721e-06
GuptaA_2019,1310,UniRef90_A0A174RNU0,1233,0.0039686747898,9,0.9640344018764659,3.10295136028147e-06
GuptaA_2019,1311,UniRef90_A0A3A6HRZ2,1233,0.0037450826311000002,9,0.9640344018764659,2.9281334097732605e-06
GuptaA_2019,1312,UniRef90_A0A2V1JT56,1233,0.0023349764821,9,0.9640344018764659,1.8256266474589522e-06
GuptaA_2019,1313,UniRef90_A0A3E2V1V9,1232,0.09878653855620001,9,0.9632525410476935,7.723732490711494e-05
GuptaA_2019,1314,UniRef90_Q8A8R2,1232,0.028004817076899998,9,0.9632525410476935,2.1895869489366692e-05
GuptaA_2019,1315,UniRef90_A0A1Y3ZEQ7,1232,0.0279311997954,9,0.9632525410476935,2.1838311020641126e-05
GuptaA_2019,1316,UniRef90_A0A3E4IFX0,1232,0.0251434735031,9,0.9632525410476935,1.9658697031352617e-05
GuptaA_2019,1317,UniRef90_B0MUR0,1232,0.0182321925319999,9,0.9632525410476935,1.4255037163408835e-05
GuptaA_2019,1318,UniRef90_A0A396E1H8,1232,0.017632213578899998,9,0.9632525410476935,1.3785937121892101e-05
GuptaA_2019,1319,UniRef90_A0A173T960,1232,0.016738663424899998,9,0.9632525410476935,1.3087305257935886e-05
GuptaA_2019,1320,UniRef90_E6SR13,1232,0.016716194506,9,0.9632525410476935,1.3069737690383112e-05
GuptaA_2019,1321,UniRef90_A0A174HPN2,1232,0.01662609463,9,0.9632525410476935,1.2999292126661455e-05
GuptaA_2019,1322,UniRef90_F3PXE5,1232,0.0163656085659,9,0.9632525410476935,1.2795628276700548e-05
GuptaA_2019,1323,UniRef90_C0BCA8,1232,0.0160105078719,9,0.9632525410476935,1.2517988953792026e-05
GuptaA_2019,1324,UniRef90_E8LCS8,1232,0.015458653288,9,0.9632525410476935,1.208651547146208e-05
GuptaA_2019,1325,UniRef90_A0A1E3UBT2,1232,0.012485103927199998,9,0.9632525410476935,9.761613703831116e-06
GuptaA_2019,1326,UniRef90_A0A0D8J3P3,1232,0.0115965958467,9,0.9632525410476935,9.066924039640344e-06
GuptaA_2019,1327,UniRef90_Q64MT2,1232,0.0108721483604,9,0.9632525410476935,8.500506927599686e-06
GuptaA_2019,1328,UniRef90_Q64MP7,1232,0.0105845482861,9,0.9632525410476935,8.275643695152464e-06
GuptaA_2019,1329,UniRef90_A0A174D4E5,1232,0.009922997244999999,9,0.9632525410476935,7.75840284988272e-06
GuptaA_2019,1330,UniRef90_A5ZM74,1232,0.009474426878999999,9,0.9632525410476935,7.407683251759186e-06
GuptaA_2019,1331,UniRef90_A0A2N5NEU8,1232,0.0092646450089,9,0.9632525410476935,7.243663024941361e-06
GuptaA_2019,1332,UniRef90_A0A0M6WTZ4,1232,0.0086831092205,9,0.9632525410476935,6.788982971462079e-06
GuptaA_2019,1333,UniRef90_A8RK53,1232,0.008108687388,9,0.9632525410476935,6.339865041438624e-06
GuptaA_2019,1334,UniRef90_U2EFC2,1232,0.0077508732543,9,0.9632525410476935,6.060104186317435e-06
GuptaA_2019,1335,UniRef90_A0A174HDG2,1232,0.0075241937748,9,0.9632525410476935,5.882872380609852e-06
GuptaA_2019,1336,UniRef90_G5FA78,1232,0.0063869088032,9,0.9632525410476935,4.99367381016419e-06
GuptaA_2019,1337,UniRef90_A0A015TZE4,1232,0.0057190658639,9,0.9632525410476935,4.471513576153245e-06
GuptaA_2019,1338,UniRef90_C7GEU3,1232,0.00451929162649,9,0.9632525410476935,3.5334570965519935e-06
GuptaA_2019,1339,UniRef90_A0A173Y9J3,1232,0.0036667956531,9,0.9632525410476935,2.8669238882720876e-06
GuptaA_2019,1340,UniRef90_UPI000A2F3926,1232,0.0010358711254000001,9,0.9632525410476935,8.099070566067241e-07
GuptaA_2019,1341,UniRef90_E2N7L9,1231,0.45149233274,9,0.962470680218921,0.000353004169460516
GuptaA_2019,1342,UniRef90_D1KAJ0,1231,0.0671240629357,9,0.962470680218921,5.248167547748241e-05
GuptaA_2019,1343,UniRef90_A0A3E4JIY8,1231,0.04151586861,9,0.962470680218921,3.2459631438623924e-05
GuptaA_2019,1344,UniRef90_D0TLK8,1231,0.032511453596599994,9,0.962470680218921,2.5419432053635648e-05
GuptaA_2019,1345,UniRef90_A0A174JYK3,1231,0.0277864425465,9,0.962470680218921,2.1725130998045347e-05
GuptaA_2019,1346,UniRef90_A0A396EYX8,1231,0.025301272644,9,0.962470680218921,1.9782073998436276e-05
GuptaA_2019,1347,UniRef90_A0A076J735,1231,0.0246156149224,9,0.962470680218921,1.9245985083971855e-05
GuptaA_2019,1348,UniRef90_Q8A276,1231,0.023808092067,9,0.962470680218921,1.861461459499609e-05
GuptaA_2019,1349,UniRef90_B0PDH4,1231,0.0228011042353,9,0.962470680218921,1.782729025433933e-05
GuptaA_2019,1350,UniRef90_C4ZFJ3,1231,0.022370527313,9,0.962470680218921,1.7490639025019546e-05
GuptaA_2019,1351,UniRef90_C0CKE3,1231,0.0201513350105,9,0.962470680218921,1.575553949218139e-05
GuptaA_2019,1352,UniRef90_A0A329TZU2,1231,0.0186086895214,9,0.962470680218921,1.454940541157154e-05
GuptaA_2019,1353,UniRef90_A0A174X753,1231,0.0182466523114,9,0.962470680218921,1.4266342698514466e-05
GuptaA_2019,1354,UniRef90_Q8A293,1231,0.017928300225,9,0.962470680218921,1.4017435672400312e-05
GuptaA_2019,1355,UniRef90_R5CHH0,1231,0.0174978689792,9,0.962470680218921,1.3680898341829554e-05
GuptaA_2019,1356,UniRef90_Q5L925,1231,0.0169434325531,9,0.962470680218921,1.3247406218217359e-05
GuptaA_2019,1357,UniRef90_A0A136Q5S8,1231,0.0157719947623,9,0.962470680218921,1.2331504896247067e-05
GuptaA_2019,1358,UniRef90_Q64XR8,1231,0.0151681631707,9,0.962470680218921,1.1859392627599687e-05
GuptaA_2019,1359,UniRef90_U2E3Q3,1231,0.015136871883299999,9,0.962470680218921,1.1834927195699764e-05
GuptaA_2019,1360,UniRef90_F7JS59,1231,0.0149597733249,9,0.962470680218921,1.169646077005473e-05
GuptaA_2019,1361,UniRef90_A6KZW5,1231,0.0147190237023,9,0.962470680218921,1.1508228070602033e-05
GuptaA_2019,1362,UniRef90_C5ERC9,1231,0.013145500059700001,9,0.962470680218921,1.0277951571305708e-05
GuptaA_2019,1363,UniRef90_A0A252F3H1,1231,0.0104000448862,9,0.962470680218921,8.131387713995309e-06
GuptaA_2019,1364,UniRef90_I9SJ02,1231,0.0102024879028,9,0.962470680218921,7.976925647224394e-06
GuptaA_2019,1365,UniRef90_A0A173VIH1,1231,0.009942456284,9,0.962470680218921,7.773617110242376e-06
GuptaA_2019,1366,UniRef90_E4LUK0,1231,0.0097259162407,9,0.962470680218921,7.6043129325254095e-06
GuptaA_2019,1367,UniRef90_C4Z2R0,1231,0.0094348607295,9,0.962470680218921,7.376748029319781e-06
GuptaA_2019,1368,UniRef90_A0A174AXE4,1231,0.0083962920501,9,0.962470680218921,6.564731860906959e-06
GuptaA_2019,1369,UniRef90_A0A174ZPX3,1231,0.00821276427,9,0.962470680218921,6.4212386786552e-06
GuptaA_2019,1370,UniRef90_A0A174FTL1,1231,0.0066502779039,9,0.962470680218921,5.199591793510555e-06
GuptaA_2019,1371,UniRef90_A0A174UHJ0,1231,0.0059615522575,9,0.962470680218921,4.66110418881939e-06
GuptaA_2019,1372,UniRef90_A0A173YIN8,1231,0.0050550229445,9,0.962470680218921,3.9523244288506645e-06
GuptaA_2019,1373,UniRef90_E7GGY5,1231,0.00061069650219,9,0.962470680218921,4.774796733307271e-07
GuptaA_2019,1374,UniRef90_A0A351UX12,1231,0.000529305013,9,0.962470680218921,4.1384285613760753e-07
GuptaA_2019,1375,UniRef90_A0A352P4K7,1231,0.0003001742716,9,0.962470680218921,2.3469450476935105e-07
GuptaA_2019,1376,UniRef90_A0A069S980,1230,0.142191278151,9,0.9616888193901486,0.00011117379057935887
GuptaA_2019,1377,UniRef90_A0A140JXE0,1230,0.0391556507629,9,0.9616888193901486,3.0614269556606727e-05
GuptaA_2019,1378,UniRef90_Q8AAP0,1230,0.024129495706,9,0.9616888193901486,1.886590751055512e-05
GuptaA_2019,1379,UniRef90_R6J5Q7,1230,0.0202283346492,9,0.9616888193901486,1.5815742493510557e-05
GuptaA_2019,1380,UniRef90_A0A3E4TMC8,1230,0.0167580719063,9,0.9616888193901486,1.3102479989288507e-05
GuptaA_2019,1381,UniRef90_R7N2R9,1230,0.0165272328106,9,0.9616888193901486,1.2921995942611415e-05
GuptaA_2019,1382,UniRef90_C7H2T7,1230,0.0160031367663,9,0.9616888193901486,1.251222577505864e-05
GuptaA_2019,1383,UniRef90_G2T370,1230,0.0154538721864,9,0.9616888193901486,1.2082777315402658e-05
GuptaA_2019,1384,UniRef90_A0A174FN26,1230,0.015127091406599999,9,0.9616888193901486,1.1827280224081312e-05
GuptaA_2019,1385,UniRef90_A0A329TP94,1230,0.0146488705216,9,0.9616888193901486,1.1453378046598905e-05
GuptaA_2019,1386,UniRef90_F3PR87,1230,0.0144631358336,9,0.9616888193901486,1.1308159369507428e-05
GuptaA_2019,1387,UniRef90_B6VYU5,1230,0.014042079748200001,9,0.9616888193901486,1.0978952109616888e-05
GuptaA_2019,1388,UniRef90_G2T3B6,1230,0.0138403884118,9,0.9616888193901486,1.0821257554182956e-05
GuptaA_2019,1389,UniRef90_Q5L9E3,1230,0.0133643011777,9,0.9616888193901486,1.0449023594761534e-05
GuptaA_2019,1390,UniRef90_A0A0E2H6G8,1230,0.012146462888,9,0.9616888193901486,9.496843540265833e-06
GuptaA_2019,1391,UniRef90_A8RVR6,1230,0.0116683004862,9,0.9616888193901486,9.122987088506645e-06
GuptaA_2019,1392,UniRef90_A0A3E5A271,1230,0.0113646909012,9,0.9616888193901486,8.885606646755278e-06
GuptaA_2019,1393,UniRef90_A0A174E206,1230,0.0112396316766,9,0.9616888193901486,8.787827737763877e-06
GuptaA_2019,1394,UniRef90_Q5L883,1230,0.010378090667999999,9,0.9616888193901486,8.114222570758404e-06
GuptaA_2019,1395,UniRef90_U2QWF3,1230,0.0098700637906999,9,0.9616888193901486,7.717016255433854e-06
GuptaA_2019,1396,UniRef90_A0A174WXJ6,1230,0.0098624510796,9,0.9616888193901486,7.711064174824081e-06
GuptaA_2019,1397,UniRef90_A0A396FS59,1230,0.009520525093600001,9,0.9616888193901486,7.443725640031275e-06
GuptaA_2019,1398,UniRef90_A0A374NP55,1230,0.0086753068368,9,0.9616888193901486,6.782882593275997e-06
GuptaA_2019,1399,UniRef90_A0A396FPX4,1230,0.0075370115025,9,0.9616888193901486,5.892894059812353e-06
GuptaA_2019,1400,UniRef90_A0A133YP09,1230,0.0070539666442,9,0.9616888193901486,5.515220206567631e-06
GuptaA_2019,1401,UniRef90_B0NHL1,1230,0.0045984024821,9,0.9616888193901486,3.5953107756841285e-06
GuptaA_2019,1402,UniRef90_A0A174A317,1230,0.0045721957075,9,0.9616888193901486,3.5748207251759183e-06
GuptaA_2019,1403,UniRef90_UPI0009C14AC7,1230,0.00272122147788,9,0.9616888193901486,2.1276164799687257e-06
GuptaA_2019,1404,UniRef90_A0A175AB67,1229,0.080342680359,9,0.9609069585613761,6.281679465129007e-05
GuptaA_2019,1405,UniRef90_A5KRK4,1229,0.028489178883,9,0.9609069585613761,2.2274573012509773e-05
GuptaA_2019,1406,UniRef90_A6L012,1229,0.027740254534,9,0.9609069585613761,2.1689018400312742e-05
GuptaA_2019,1407,UniRef90_A0A174K528,1229,0.0260133622082,9,0.9609069585613761,2.0338828935261924e-05
GuptaA_2019,1408,UniRef90_E4VQT4,1229,0.0259019027415,9,0.9609069585613761,2.0251683144253324e-05
GuptaA_2019,1409,UniRef90_A0A174PPU0,1229,0.023608296755,9,0.9609069585613761,1.8458402466770914e-05
GuptaA_2019,1410,UniRef90_C6JCC1,1229,0.02297847243071,9,0.9609069585613761,1.796596749860047e-05
GuptaA_2019,1411,UniRef90_A6BEX3,1229,0.0183866277263,9,0.9609069585613761,1.4375783992415948e-05
GuptaA_2019,1412,UniRef90_Q89YW6,1229,0.017749987724,9,0.9609069585613761,1.387802011258796e-05
GuptaA_2019,1413,UniRef90_A0A395ZXE4,1229,0.015318230578,9,0.9609069585613761,1.1976724455043003e-05
GuptaA_2019,1414,UniRef90_A5ZTH3,1229,0.0149902210533,9,0.9609069585613761,1.1720266656215793e-05
GuptaA_2019,1415,UniRef90_U2PGG5,1229,0.0145412024834,9,0.9609069585613761,1.1369196625019547e-05
GuptaA_2019,1416,UniRef90_C0ESU0,1229,0.0133181353615,9,0.9609069585613761,1.0412928351446443e-05
GuptaA_2019,1417,UniRef90_A0A1G6G227,1229,0.013259221799,9,0.9609069585613761,1.0366866144644253e-05
GuptaA_2019,1418,UniRef90_Q5LHC9,1229,0.0124422469623,9,0.9609069585613761,9.728105521735732e-06
GuptaA_2019,1419,UniRef90_R6J4W1,1229,0.0122761814164,9,0.9609069585613761,9.598265376387803e-06
GuptaA_2019,1420,UniRef90_Q5LG64,1229,0.0101079992723,9,0.9609069585613761,7.903048688272088e-06
GuptaA_2019,1421,UniRef90_A0A173UEF6,1229,0.0085530715336,9,0.9609069585613761,6.687311597810789e-06
GuptaA_2019,1422,UniRef90_D4LMM9,1229,0.0084489105245,9,0.9609069585613761,6.605872184910086e-06
GuptaA_2019,1423,UniRef90_G5GJ65,1229,0.0080190434682,9,0.9609069585613761,6.269775972009382e-06
GuptaA_2019,1424,UniRef90_A0A0S2W3X4,1229,0.0073967427467,9,0.9609069585613761,5.783223414151681e-06
GuptaA_2019,1425,UniRef90_A0A077ZLM0,1229,0.007247339685199999,9,0.9609069585613761,5.666411012666145e-06
GuptaA_2019,1426,UniRef90_A0A174RU34,1229,0.0071253058232,9,0.9609069585613761,5.570997516184519e-06
GuptaA_2019,1427,UniRef90_R5XQS7,1229,0.0063068967373,9,0.9609069585613761,4.931115510007819e-06
GuptaA_2019,1428,UniRef90_N2A4L3,1229,0.0053797203445,9,0.9609069585613761,4.2061926071149335e-06
GuptaA_2019,1429,UniRef90_B5CSL1,1229,0.0051463887915,9,0.9609069585613761,4.023759805707584e-06
GuptaA_2019,1430,UniRef90_C5EWP7,1229,0.0049782425017,9,0.9609069585613761,3.892292808209538e-06
GuptaA_2019,1431,UniRef90_B0P9F6,1229,0.0047102444192,9,0.9609069585613761,3.6827556053166534e-06
GuptaA_2019,1432,UniRef90_B7ATA7,1229,0.0042459495715,9,0.9609069585613761,3.3197416508991397e-06
GuptaA_2019,1433,UniRef90_A0A173VE53,1229,0.00280332249163,9,0.9609069585613761,2.1918080466223614e-06
GuptaA_2019,1434,UniRef90_F7KLS3,1229,0.0025489197614100003,9,0.9609069585613761,1.992900517130571e-06
GuptaA_2019,1435,UniRef90_A0A352T742,1229,0.00023344629746,9,0.9609069585613761,1.8252251560594213e-07
GuptaA_2019,1436,UniRef90_B0NQA3,1228,0.0281412465383,9,0.9601250977326036,2.200253834112588e-05
GuptaA_2019,1437,UniRef90_C4ZD95,1228,0.025556289295,9,0.9601250977326036,1.998146152853792e-05
GuptaA_2019,1438,UniRef90_A0A396GCE4,1228,0.0233540295250999,9,0.9601250977326036,1.825960087967154e-05
GuptaA_2019,1439,UniRef90_A0A3E2VAN0,1228,0.0212872154998,9,0.9601250977326036,1.664363995293198e-05
GuptaA_2019,1440,UniRef90_A0A2M9V0X8,1228,0.0212457639463,9,0.9601250977326036,1.661123060695856e-05
GuptaA_2019,1441,UniRef90_Q8A9V0,1228,0.019977984206,9,0.9601250977326036,1.5620003288506646e-05
GuptaA_2019,1442,UniRef90_A0A016BP93,1228,0.018547380183,9,0.9601250977326036,1.4501470041438623e-05
GuptaA_2019,1443,UniRef90_C9KSE2,1228,0.0179786222281,9,0.9601250977326036,1.405678047544957e-05
GuptaA_2019,1444,UniRef90_K0XH44,1228,0.0169043296055,9,0.9601250977326036,1.3216833155199374e-05
GuptaA_2019,1445,UniRef90_A0A395ZWL7,1228,0.014941828033,9,0.9601250977326036,1.1682430049257231e-05
GuptaA_2019,1446,UniRef90_A0A396ACA8,1228,0.0145038556659,9,0.9601250977326036,1.1339996611336982e-05
GuptaA_2019,1447,UniRef90_F3PGB6,1228,0.014372752887,9,0.9601250977326036,1.1237492483971853e-05
GuptaA_2019,1448,UniRef90_K5ZL89,1228,0.0141075923082,9,0.9601250977326036,1.1030173814073495e-05
GuptaA_2019,1449,UniRef90_A0A0K6BWP1,1228,0.0140845637002,9,0.9601250977326036,1.1012168647537139e-05
GuptaA_2019,1450,UniRef90_C5ERA7,1228,0.014032357531400001,9,0.9601250977326036,1.0971350689132134e-05
GuptaA_2019,1451,UniRef90_C7H6Y4,1228,0.013533868809189999,9,0.9601250977326036,1.058160188365129e-05
GuptaA_2019,1452,UniRef90_A0A174XZM4,1228,0.0133022068338,9,0.9601250977326036,1.0400474459577795e-05
GuptaA_2019,1453,UniRef90_A0A095XLP0,1228,0.011611478706399999,9,0.9601250977326036,9.07856036465989e-06
GuptaA_2019,1454,UniRef90_R7GUH5,1228,0.0085639672778,9,0.9601250977326036,6.695830553401095e-06
GuptaA_2019,1455,UniRef90_A0A015YD63,1228,0.0083598052046999,9,0.9601250977326036,6.536204225723144e-06
GuptaA_2019,1456,UniRef90_D4LT32,1228,0.008289856436600001,9,0.9601250977326036,6.4815140239249425e-06
GuptaA_2019,1457,UniRef90_Q5LES4,1228,0.0073776319556,9,0.9601250977326036,5.7682814351837375e-06
GuptaA_2019,1458,UniRef90_B6FQM2,1228,0.0073553852347,9,0.9601250977326036,5.750887595543393e-06
GuptaA_2019,1459,UniRef90_A0A174DAE2,1228,0.0066296464903,9,0.9601250977326036,5.183460899374511e-06
GuptaA_2019,1460,UniRef90_C4Z1I4,1228,0.005048040726,9,0.9601250977326036,3.946865305707584e-06
GuptaA_2019,1461,UniRef90_E7GME2,1228,0.004766723154,9,0.9601250977326036,3.7269141157154027e-06
GuptaA_2019,1462,UniRef90_A0A173UDX4,1228,0.0041400730104000005,9,0.9601250977326036,3.2369609150899145e-06
GuptaA_2019,1463,UniRef90_A0A140JXE1,1227,0.04187170700939,9,0.9593432369038312,3.273784754448006e-05
GuptaA_2019,1464,UniRef90_A0A0P0M2Y9,1227,0.0251986235758,9,0.9593432369038312,1.9701816712900705e-05
GuptaA_2019,1465,UniRef90_A0A176UA43,1227,0.022516281061999998,9,0.9593432369038312,1.760459817200938e-05
GuptaA_2019,1466,UniRef90_A7AEL3,1227,0.0202396114255999,9,0.9593432369038312,1.5824559363252463e-05
GuptaA_2019,1467,UniRef90_Q8A733,1227,0.018642151605,9,0.9593432369038312,1.4575568103987491e-05
GuptaA_2019,1468,UniRef90_D4LGY3,1227,0.0169486627,9,0.9593432369038312,1.3251495465207193e-05
GuptaA_2019,1469,UniRef90_G2T0E6,1227,0.0162859049833,9,0.9593432369038312,1.2733311167552775e-05
GuptaA_2019,1470,UniRef90_A0A174FJF4,1227,0.0156668596563,9,0.9593432369038312,1.2249303875136824e-05
GuptaA_2019,1471,UniRef90_A0A139KHA8,1227,0.014608810654,9,0.9593432369038312,1.1422056805316654e-05
GuptaA_2019,1472,UniRef90_A7V331,1227,0.0144870002156,9,0.9593432369038312,1.132681799499609e-05
GuptaA_2019,1473,UniRef90_Q9XDI7,1227,0.0136039423892,9,0.9593432369038312,1.0636389670992964e-05
GuptaA_2019,1474,UniRef90_Q8ABD1,1227,0.0131856945979,9,0.9593432369038312,1.0309378106254887e-05
GuptaA_2019,1475,UniRef90_C0B613,1227,0.0128234308638,9,0.9593432369038312,1.0026138282877248e-05
GuptaA_2019,1476,UniRef90_K1GB77,1227,0.011228077482,9,0.9593432369038312,8.778793965598124e-06
GuptaA_2019,1477,UniRef90_A0A381KK71,1227,0.0106141573955,9,0.9593432369038312,8.298793897967161e-06
GuptaA_2019,1478,UniRef90_A7VCU8,1227,0.0103996044284,9,0.9593432369038312,8.13104333729476e-06
GuptaA_2019,1479,UniRef90_A0A176U8T2,1227,0.009417260926,9,0.9593432369038312,7.362987432369039e-06
GuptaA_2019,1480,UniRef90_Q8A2F4,1227,0.009389099312400001,9,0.9593432369038312,7.340968969820173e-06
GuptaA_2019,1481,UniRef90_A0A0P0EVF9,1227,0.008692981489000001,9,0.9593432369038312,6.796701711493355e-06
GuptaA_2019,1482,UniRef90_R6EJZ1,1227,0.0082129857248,9,0.9593432369038312,6.4214118254886635e-06
GuptaA_2019,1483,UniRef90_R5LCI4,1227,0.0068581645172,9,0.9593432369038312,5.362130193275997e-06
GuptaA_2019,1484,UniRef90_A5KR61,1227,0.0067087416628,9,0.9593432369038312,5.245302316497263e-06
GuptaA_2019,1485,UniRef90_R6BQV5,1227,0.0061777185572,9,0.9593432369038312,4.830116151055512e-06
GuptaA_2019,1486,UniRef90_A0A174XWZ8,1227,0.0061676503039,9,0.9593432369038312,4.822244178186083e-06
GuptaA_2019,1487,UniRef90_A9KMF6,1227,0.0060948370361,9,0.9593432369038312,4.765314336278343e-06
GuptaA_2019,1488,UniRef90_A0A3E3DIA9,1227,0.0047291364262,9,0.9593432369038312,3.697526525566849e-06
GuptaA_2019,1489,UniRef90_A0A3E4LN05,1227,0.00431070078993,9,0.9593432369038312,3.370368092204847e-06
GuptaA_2019,1490,UniRef90_A0A0F0CL13,1227,0.0024033007748000003,9,0.9593432369038312,1.879046735574668e-06
GuptaA_2019,1491,UniRef90_D7GQW1,1227,0.0024027052172,9,0.9593432369038312,1.8785810924159498e-06
GuptaA_2019,1492,UniRef90_A0A3E4IG89,1226,0.0399032796314,9,0.9585613760750586,3.1198811283346365e-05
GuptaA_2019,1493,UniRef90_G2SWG8,1226,0.035003172065600004,9,0.9585613760750586,2.7367609120875688e-05
GuptaA_2019,1494,UniRef90_B7ANN6,1226,0.025952207334,9,0.9585613760750586,2.0291014334636433e-05
GuptaA_2019,1495,UniRef90_A0A396FMH1,1226,0.0192509209745,9,0.9585613760750586,1.5051541027756059e-05
GuptaA_2019,1496,UniRef90_G2T376,1226,0.017489597662300002,9,0.9585613760750586,1.3674431323143082e-05
GuptaA_2019,1497,UniRef90_B3CC93,1226,0.017483908773,9,0.9585613760750586,1.3669983403440188e-05
GuptaA_2019,1498,UniRef90_A0A139KSY9,1226,0.0170915933069,9,0.9585613760750586,1.336324730797498e-05
GuptaA_2019,1499,UniRef90_V8CFS4,1226,0.0161214843659,9,0.9585613760750586,1.2604757127365128e-05
GuptaA_2019,1500,UniRef90_A0A395WC15,1226,0.015586408826,9,0.9585613760750586,1.2186402522283034e-05
GuptaA_2019,1501,UniRef90_Q8A473,1226,0.0154586731152,9,0.9585613760750586,1.2086530973573104e-05
GuptaA_2019,1502,UniRef90_A0A2A7AHW3,1226,0.014258265377,9,0.9585613760750586,1.1147979184519155e-05
GuptaA_2019,1503,UniRef90_A0A139K449,1226,0.013200496041999901,9,0.9585613760750586,1.0320950775605864e-05
GuptaA_2019,1504,UniRef90_Q5LBZ8,1226,0.012778914421,9,0.9585613760750586,9.991332620015637e-06
GuptaA_2019,1505,UniRef90_Q8A7V7,1226,0.0113206357722,9,0.9585613760750586,8.851161667083658e-06
GuptaA_2019,1506,UniRef90_Q8A9J0,1226,0.0111675133987,9,0.9585613760750586,8.73144128123534e-06
GuptaA_2019,1507,UniRef90_A0A0M6WF48,1226,0.010732572677,9,0.9585613760750586,8.391378168100079e-06
GuptaA_2019,1508,UniRef90_D4LPV0,1226,0.0099664540693,9,0.9585613760750586,7.792380038545739e-06
GuptaA_2019,1509,UniRef90_A0A395XCV3,1226,0.0094366725717,9,0.9585613760750586,7.378164637763878e-06
GuptaA_2019,1510,UniRef90_B0G8T0,1226,0.0092967521847,9,0.9585613760750586,7.268766368021892e-06
GuptaA_2019,1511,UniRef90_R7JTL9,1226,0.0088158419257,9,0.9585613760750586,6.892761474354965e-06
GuptaA_2019,1512,UniRef90_D4LIY6,1226,0.0079101228632999,9,0.9585613760750586,6.184615217591791e-06
GuptaA_2019,1513,UniRef90_U2QN46,1226,0.007717917218,9,0.9585613760750586,6.034337152462862e-06
GuptaA_2019,1514,UniRef90_Q8A883,1226,0.0071345804238,9,0.9585613760750586,5.578248963096169e-06
GuptaA_2019,1515,UniRef90_C4ZB96,1226,0.0066907208068,9,0.9585613760750586,5.231212515089914e-06
GuptaA_2019,1516,UniRef90_A0A174UD38,1226,0.0066473246361,9,0.9585613760750586,5.197282749100861e-06
GuptaA_2019,1517,UniRef90_B0G2U7,1226,0.0063217600934000005,9,0.9585613760750586,4.942736585926505e-06
GuptaA_2019,1518,UniRef90_A0A2Z5TND2,1226,0.0063046869483,9,0.9585613760750586,4.929387762548866e-06
GuptaA_2019,1519,UniRef90_A5Z317,1226,0.00629090375565,9,0.9585613760750586,4.9186112241204064e-06
GuptaA_2019,1520,UniRef90_A0A174UG46,1226,0.0052870720995,9,0.9585613760750586,4.1337545734949175e-06
GuptaA_2019,1521,UniRef90_A0A0J1GEU9,1226,0.0051327066747,9,0.9585613760750586,4.013062294526974e-06
GuptaA_2019,1522,UniRef90_B5CRH8,1226,0.0039019949701,9,0.9585613760750586,3.0508170211884287e-06
GuptaA_2019,1523,UniRef90_A0A3F3K6N7,1226,0.0032153803470000002,9,0.9585613760750586,2.51397994292416e-06
GuptaA_2019,1524,UniRef90_R7PJB9,1226,0.0012774222691,9,0.9585613760750586,9.98766434010946e-07
GuptaA_2019,1525,UniRef90_R6EF19,1226,0.00023654249211,9,0.9585613760750586,1.8494330892103207e-07
GuptaA_2019,1526,UniRef90_A7V4G3,1225,0.19353230164000002,9,0.9577795152462861,0.0001513153257544957
GuptaA_2019,1527,UniRef90_A0A395UGL2,1225,0.047525696540300005,9,0.9577795152462861,3.7158480484988276e-05
GuptaA_2019,1528,UniRef90_A7V130,1225,0.0387601372153,9,0.9577795152462861,3.0305033006489444e-05
GuptaA_2019,1529,UniRef90_Q8A484,1225,0.0262414803236,9,0.9577795152462861,2.051718555402658e-05
GuptaA_2019,1530,UniRef90_A6L8S9,1225,0.024453528130400002,9,0.9577795152462861,1.9119255770445663e-05
GuptaA_2019,1531,UniRef90_E1WKS3,1225,0.0189498004806,9,0.9577795152462861,1.4816106708835028e-05
GuptaA_2019,1532,UniRef90_A0A173VHU5,1225,0.015057052658999998,9,0.9577795152462861,1.1772519670836589e-05
GuptaA_2019,1533,UniRef90_A0A329TLD1,1225,0.0149401404901,9,0.9577795152462861,1.1681110625566849e-05
GuptaA_2019,1534,UniRef90_A0A3E5E3S0,1225,0.0147686029608,9,0.9577795152462861,1.1546992150742769e-05
GuptaA_2019,1535,UniRef90_A0A174HBL1,1225,0.013253830691200001,9,0.9577795152462861,1.0362651048631744e-05
GuptaA_2019,1536,UniRef90_R5S2S8,1225,0.0130975788933,9,0.9577795152462861,1.024048388842846e-05
GuptaA_2019,1537,UniRef90_R9HIX9,1225,0.0125752508609,9,0.9577795152462861,9.832096060125098e-06
GuptaA_2019,1538,UniRef90_A0A2X2UK29,1225,0.0124023585042,9,0.9577795152462861,9.69691829882721e-06
GuptaA_2019,1539,UniRef90_U2BT73,1225,0.0123467840829,9,0.9577795152462861,9.653466835731041e-06
GuptaA_2019,1540,UniRef90_D4ML18,1225,0.0108707448941,9,0.9577795152462861,8.499409612275215e-06
GuptaA_2019,1541,UniRef90_A0A174XCC5,1225,0.0104534496357,9,0.9577795152462861,8.173142795699765e-06
GuptaA_2019,1542,UniRef90_R6JRX9,1225,0.0099843158318,9,0.9577795152462861,7.806345450977326e-06
GuptaA_2019,1543,UniRef90_Q8A448,1225,0.0093080561068,9,0.9577795152462861,7.277604461923377e-06
GuptaA_2019,1544,UniRef90_R7GPW0,1225,0.0092291235303,9,0.9577795152462861,7.215890172243941e-06
GuptaA_2019,1545,UniRef90_A0A174X9E8,1225,0.0090639063079,9,0.9577795152462861,7.08671329781079e-06
GuptaA_2019,1546,UniRef90_Q8A756,1225,0.0089724973048,9,0.9577795152462861,7.015244178889758e-06
GuptaA_2019,1547,UniRef90_I8XU31,1225,0.0087623413368,9,0.9577795152462861,6.850931459577795e-06
GuptaA_2019,1548,UniRef90_W4PLW4,1225,0.0087419129228,9,0.9577795152462861,6.834959282877248e-06
GuptaA_2019,1549,UniRef90_W8YEK8,1225,0.0086132859574,9,0.9577795152462861,6.734390897107115e-06
GuptaA_2019,1550,UniRef90_K5BRS5,1225,0.0067408537638,9,0.9577795152462861,5.270409510398749e-06
GuptaA_2019,1551,UniRef90_A0A174BGK1,1225,0.006719502992,9,0.9577795152462861,5.253716178264269e-06
GuptaA_2019,1552,UniRef90_C6JGI3,1225,0.006261351533300001,9,0.9577795152462861,4.895505499061768e-06
GuptaA_2019,1553,UniRef90_A0A3A9BPA8,1225,0.0053246205097000005,9,0.9577795152462861,4.163112204612979e-06
GuptaA_2019,1554,UniRef90_A7B4T6,1225,0.005209972033600001,9,0.9577795152462861,4.073473052071932e-06
GuptaA_2019,1555,UniRef90_A9KJI4,1225,0.0030712616859000005,9,0.9577795152462861,2.401299207114934e-06
GuptaA_2019,1556,UniRef90_A0A292RKG4,1225,0.0019996674393,9,0.9577795152462861,1.563461641360438e-06
GuptaA_2019,1557,UniRef90_E2N7L5,1224,0.41644700625939995,9,0.9569976544175137,0.000325603601453792
GuptaA_2019,1558,UniRef90_J7TNS4,1224,0.0462261766419,9,0.9569976544175137,3.614243678021892e-05
GuptaA_2019,1559,UniRef90_D4JQL3,1224,0.0391552901466,9,0.9569976544175137,3.061398760484754e-05
GuptaA_2019,1560,UniRef90_A0A174JH13,1224,0.029957482776599997,9,0.9569976544175137,2.3422582311649722e-05
GuptaA_2019,1561,UniRef90_A0A395VQC8,1224,0.028280541936,9,0.9569976544175137,2.2111447956215794e-05
GuptaA_2019,1562,UniRef90_B0NL04,1224,0.0218356780609,9,0.9569976544175137,1.70724613455043e-05
GuptaA_2019,1563,UniRef90_A0A016CI08,1224,0.0202611352261,9,0.9569976544175137,1.5841387979749805e-05
GuptaA_2019,1564,UniRef90_A0A396EL10,1224,0.0183795281369999,9,0.9569976544175137,1.437023310164183e-05
GuptaA_2019,1565,UniRef90_Q5L7M0,1224,0.0158051846093,9,0.9569976544175137,1.235745473752932e-05
GuptaA_2019,1566,UniRef90_B0NII3,1224,0.0151917454133999,9,0.9569976544175137,1.1877830659421345e-05
GuptaA_2019,1567,UniRef90_D4CBB3,1224,0.0130404098393,9,0.9569976544175137,1.0195785644487882e-05
GuptaA_2019,1568,UniRef90_A0A069D6V6,1224,0.011358336117999999,9,0.9569976544175137,8.880638090695855e-06
GuptaA_2019,1569,UniRef90_A0A0K9NB76,1224,0.0108048063811,9,0.9569976544175137,8.44785487185301e-06
GuptaA_2019,1570,UniRef90_Q8A602,1224,0.0087149510776,9,0.9569976544175137,6.81387887224394e-06
GuptaA_2019,1571,UniRef90_Q8A519,1224,0.0085367651971,9,0.9569976544175137,6.674562312040656e-06
GuptaA_2019,1572,UniRef90_R5UAL3,1224,0.008448741726,9,0.9569976544175137,6.605740207974981e-06
GuptaA_2019,1573,UniRef90_R6JIG2,1224,0.0081276774969999,9,0.9569976544175137,6.354712663799765e-06
GuptaA_2019,1574,UniRef90_D5Q4D4,1224,0.0080835125103,9,0.9569976544175137,6.320181790695856e-06
GuptaA_2019,1575,UniRef90_A0A3E5GMU6,1224,0.0075852592062,9,0.9569976544175137,5.930617049413604e-06
GuptaA_2019,1576,UniRef90_Q8AAP2,1224,0.0073158763287,9,0.9569976544175137,5.719997129554339e-06
GuptaA_2019,1577,UniRef90_A0A3E5ABM9,1224,0.0053770489641,9,0.9569976544175137,4.204103959421423e-06
GuptaA_2019,1578,UniRef90_A0A174UIU3,1224,0.0052670127676,9,0.9569976544175137,4.1180709676309614e-06
GuptaA_2019,1579,UniRef90_R5J6B6,1224,0.0030283748561000003,9,0.9569976544175137,2.3677676748240816e-06
GuptaA_2019,1580,UniRef90_D4K2L3,1223,0.037367864407200004,9,0.9562157935887412,2.9216469434870997e-05
GuptaA_2019,1581,UniRef90_A0A3E2VU96,1223,0.0269457372817,9,0.9562157935887412,2.1067816482955434e-05
GuptaA_2019,1582,UniRef90_B7B4Y7,1223,0.026466856147,9,0.9562157935887412,2.0693398082095387e-05
GuptaA_2019,1583,UniRef90_A0A3E2TPS1,1223,0.0207460188327,9,0.9562157935887412,1.622049947826427e-05
GuptaA_2019,1584,UniRef90_A0A3E4RQI8,1223,0.01894245053219,9,0.9562157935887412,1.481036007207975e-05
GuptaA_2019,1585,UniRef90_A0A0K6BYK2,1223,0.017490626880599998,9,0.9562157935887412,1.3675236028616104e-05
GuptaA_2019,1586,UniRef90_B0N074,1223,0.0168009485401,9,0.9562157935887412,1.3136003549726349e-05
GuptaA_2019,1587,UniRef90_A0A076J838,1223,0.0163264167107,9,0.9562157935887412,1.2764985700312744e-05
GuptaA_2019,1588,UniRef90_E6SR39,1223,0.0162223159879,9,0.9562157935887412,1.2683593422908522e-05
GuptaA_2019,1589,UniRef90_A0A396A2D2,1223,0.0161838818103,9,0.9562157935887412,1.2653543244956998e-05
GuptaA_2019,1590,UniRef90_A0A174B5P9,1223,0.014944233430999999,9,0.9562157935887412,1.168431073573104e-05
GuptaA_2019,1591,UniRef90_Q5L9P3,1223,0.0145796115869,9,0.9562157935887412,1.1399227198514465e-05
GuptaA_2019,1592,UniRef90_Q64YB4,1223,0.0131895395263,9,0.9562157935887412,1.0312384305160281e-05
GuptaA_2019,1593,UniRef90_R6DFW9,1223,0.0127065079949,9,0.9562157935887412,9.934720871696637e-06
GuptaA_2019,1594,UniRef90_A0A374P4M0,1223,0.012673526199,9,0.9562157935887412,9.908933697419859e-06
GuptaA_2019,1595,UniRef90_D9QZM2,1223,0.0126643006977,9,0.9562157935887412,9.901720639327599e-06
GuptaA_2019,1596,UniRef90_A0A0K6BPE7,1223,0.0124982604161,9,0.9562157935887412,9.771900247146208e-06
GuptaA_2019,1597,UniRef90_Q8A245,1223,0.011503761673099999,9,0.9562157935887412,8.994340635731038e-06
GuptaA_2019,1598,UniRef90_Q8A6N7,1223,0.0111204761773,9,0.9562157935887412,8.694664720328382e-06
GuptaA_2019,1599,UniRef90_F3PJG6,1223,0.0103684583139,9,0.9562157935887412,8.106691410398749e-06
GuptaA_2019,1600,UniRef90_E4VUQ7,1223,0.0091096098129,9,0.9562157935887412,7.122447078107897e-06
GuptaA_2019,1601,UniRef90_F3PIA3,1223,0.009072749269,9,0.9562157935887412,7.093627262705239e-06
GuptaA_2019,1602,UniRef90_A0A174LXZ3,1223,0.0082911814117,9,0.9562157935887412,6.48254997005473e-06
GuptaA_2019,1603,UniRef90_R6JJT9,1223,0.0082878464549,9,0.9562157935887412,6.479942497967162e-06
GuptaA_2019,1604,UniRef90_A0A174QLT7,1223,0.0069334796307,9,0.9562157935887412,5.4210161303362e-06
GuptaA_2019,1605,UniRef90_R6GP05,1223,0.0068069724768,9,0.9562157935887412,5.322105142142299e-06
GuptaA_2019,1606,UniRef90_A0A086ZXH7,1223,0.0064295550659,9,0.9562157935887412,5.027017252462862e-06
GuptaA_2019,1607,UniRef90_A5ZNF5,1223,0.0060520805199,9,0.9562157935887412,4.731884691086787e-06
GuptaA_2019,1608,UniRef90_A0A395ZXG6,1223,0.0054042858229,9,0.9562157935887412,4.22539939241595e-06
GuptaA_2019,1609,UniRef90_C6LJ77,1223,0.004664813323,9,0.9562157935887412,3.6472348107896798e-06
GuptaA_2019,1610,UniRef90_D4M217,1223,0.00424458927381,9,0.9562157935887412,3.3186780874198593e-06
GuptaA_2019,1611,UniRef90_A0A174E6L6,1223,0.0040720617393,9,0.9562157935887412,3.183785566301798e-06
GuptaA_2019,1612,UniRef90_C0CX31,1223,0.0016154052013,9,0.9562157935887412,1.2630220494917904e-06
GuptaA_2019,1613,UniRef90_A0A1Q6TZC0,1223,0.000856077116,9,0.9562157935887412,6.693331634089132e-07
GuptaA_2019,1614,UniRef90_A7V4G1,1222,0.0868288541665,9,0.9554339327599687,6.788807987998437e-05
GuptaA_2019,1615,UniRef90_A7V4G0,1222,0.059634741099,9,0.9554339327599687,4.662606809929633e-05
GuptaA_2019,1616,UniRef90_E1YPF1,1222,0.0441684883172,9,0.9554339327599687,3.453361088131353e-05
GuptaA_2019,1617,UniRef90_U2AZI4,1222,0.0410006844738,9,0.9554339327599687,3.205682914292416e-05
GuptaA_2019,1618,UniRef90_A0A174LFC4,1222,0.0263616102369,9,0.9554339327599687,2.0611110427599688e-05
GuptaA_2019,1619,UniRef90_A0A3E4IFW9,1222,0.019019061692600002,9,0.9554339327599687,1.4870259337451135e-05
GuptaA_2019,1620,UniRef90_A0A076ITW3,1222,0.018841834473200002,9,0.9554339327599687,1.4731692316810009e-05
GuptaA_2019,1621,UniRef90_D5AGI1,1222,0.0170348656611,9,0.9554339327599687,1.3318894183815481e-05
GuptaA_2019,1622,UniRef90_R6A6S0,1222,0.0160839617707999,9,0.9554339327599687,1.257541968006247e-05
GuptaA_2019,1623,UniRef90_A0A174FNB0,1222,0.015088710063,9,0.9554339327599687,1.1797271354964815e-05
GuptaA_2019,1624,UniRef90_C0BE66,1222,0.015052447092000001,9,0.9554339327599687,1.1768918758405004e-05
GuptaA_2019,1625,UniRef90_Q5LFT6,1222,0.0135987507651,9,0.9554339327599687,1.0632330543471462e-05
GuptaA_2019,1626,UniRef90_D4L465,1222,0.012142900265000001,9,0.9554339327599687,9.49405806489445e-06
GuptaA_2019,1627,UniRef90_A0A0D8IXC8,1222,0.0111511842196,9,0.9554339327599687,8.71867413573104e-06
GuptaA_2019,1628,UniRef90_C7H3L2,1222,0.011096559709999999,9,0.9554339327599687,8.675965371383893e-06
GuptaA_2019,1629,UniRef90_A0A180F5X8,1222,0.011004357539800001,9,0.9554339327599687,8.603876106176701e-06
GuptaA_2019,1630,UniRef90_A0A176UAW6,1222,0.0101804564574,9,0.9554339327599687,7.959700123064894e-06
GuptaA_2019,1631,UniRef90_A0A174XLP9,1222,0.009855511447,9,0.9554339327599687,7.705638347928068e-06
GuptaA_2019,1632,UniRef90_R6JN61,1222,0.0098320318995,9,0.9554339327599687,7.687280609460516e-06
GuptaA_2019,1633,UniRef90_R5JK61,1222,0.0098201979045,9,0.9554339327599687,7.678028072322126e-06
GuptaA_2019,1634,UniRef90_R7DCX1,1222,0.0095030636577999,9,0.9554339327599687,7.4300732273650515e-06
GuptaA_2019,1635,UniRef90_A8RVT1,1222,0.0093186132218,9,0.9554339327599687,7.285858656606724e-06
GuptaA_2019,1636,UniRef90_W6P8M8,1222,0.0087499675424,9,0.9554339327599687,6.8412568744331516e-06
GuptaA_2019,1637,UniRef90_A0A1Q6HGU0,1222,0.008243981654099999,9,0.9554339327599687,6.445646328459733e-06
GuptaA_2019,1638,UniRef90_U2DMW7,1222,0.0081650074477,9,0.9554339327599687,6.3838994899921815e-06
GuptaA_2019,1639,UniRef90_R6VCA7,1222,0.0081427318997,9,0.9554339327599687,6.366483111571541e-06
GuptaA_2019,1640,UniRef90_R7D3C7,1222,0.0080127818585,9,0.9554339327599687,6.264880264659891e-06
GuptaA_2019,1641,UniRef90_U2ETT9,1222,0.0076203475095,9,0.9554339327599687,5.958051219311962e-06
GuptaA_2019,1642,UniRef90_D4J5V6,1222,0.0064968715653,9,0.9554339327599687,5.079649386473808e-06
GuptaA_2019,1643,UniRef90_R5HFR6,1222,0.0060920598779,9,0.9554339327599687,4.763142985066458e-06
GuptaA_2019,1644,UniRef90_A0A174F6C0,1222,0.0058975577207,9,0.9554339327599687,4.6110693672400315e-06
GuptaA_2019,1645,UniRef90_R6RJT1,1222,0.0054654595949999996,9,0.9554339327599687,4.2732287685691945e-06
GuptaA_2019,1646,UniRef90_D7GUS1,1222,0.0050184255918999995,9,0.9554339327599687,3.92371039241595e-06
GuptaA_2019,1647,UniRef90_J6HNG2,1222,0.0046089604405,9,0.9554339327599687,3.6035656297888975e-06
GuptaA_2019,1648,UniRef90_A0A353MUX0,1222,0.0031002335742,9,0.9554339327599687,2.423951191712275e-06
GuptaA_2019,1649,UniRef90_B0G307,1222,0.0029539271979,9,0.9554339327599687,2.3095599670836594e-06
GuptaA_2019,1650,UniRef90_A0A0F0C824,1222,0.0023810203664,9,0.9554339327599687,1.8616265569976543e-06
GuptaA_2019,1651,UniRef90_D4MYD8,1221,0.04045323971618,9,0.9546520719311963,3.162880353102424e-05
GuptaA_2019,1652,UniRef90_A0A396ABW1,1221,0.036709776574,9,0.9546520719311963,2.8701936336200156e-05
GuptaA_2019,1653,UniRef90_A6KYI2,1221,0.0279944270482,9,0.9546520719311963,2.188774593291634e-05
GuptaA_2019,1654,UniRef90_B6W1I3,1221,0.027156081790399998,9,0.9546520719311963,2.1232276614855353e-05
GuptaA_2019,1655,UniRef90_A0A076IUR5,1221,0.0270730417117,9,0.9546520719311963,2.1167350830101643e-05
GuptaA_2019,1656,UniRef90_C7H716,1221,0.0261815543005,9,0.9546520719311963,2.047033174394058e-05
GuptaA_2019,1657,UniRef90_W4UWH2,1221,0.0250674724717,9,0.9546520719311963,1.9599274801954653e-05
GuptaA_2019,1658,UniRef90_A0A174RDH8,1221,0.0204873685099,9,0.9546520719311963,1.6018270922517593e-05
GuptaA_2019,1659,UniRef90_U2KW29,1221,0.01963970410492,9,0.9546520719311963,1.5355515328319e-05
GuptaA_2019,1660,UniRef90_Q89Z59,1221,0.018683612484499998,9,0.9546520719311963,1.4607984741594995e-05
GuptaA_2019,1661,UniRef90_R5VAP6,1221,0.0152156502299,9,0.9546520719311963,1.1896520899061768e-05
GuptaA_2019,1662,UniRef90_C4ZEQ8,1221,0.014538755686,9,0.9546520719311963,1.1367283569976545e-05
GuptaA_2019,1663,UniRef90_D4M5W8,1221,0.01403085537,9,0.9546520719311963,1.097017620797498e-05
GuptaA_2019,1664,UniRef90_A0A139K7N6,1221,0.013637194246300001,9,0.9546520719311963,1.0662387995543394e-05
GuptaA_2019,1665,UniRef90_U2R5B2,1221,0.012784211056699999,9,0.9546520719311963,9.995473851993744e-06
GuptaA_2019,1666,UniRef90_C4ZEP6,1221,0.0123167921271,9,0.9546520719311963,9.630017300312746e-06
GuptaA_2019,1667,UniRef90_A0A174UTQ0,1221,0.0119262332207,9,0.9546520719311963,9.324654590070368e-06
GuptaA_2019,1668,UniRef90_C4ZI84,1221,0.0109770660746,9,0.9546520719311963,8.582537978577014e-06
GuptaA_2019,1669,UniRef90_A0A139TCP8,1221,0.0103251303579,9,0.9546520719311963,8.072814978811572e-06
GuptaA_2019,1670,UniRef90_F7L9J0,1221,0.0101127885595,9,0.9546520719311963,7.906793244331508e-06
GuptaA_2019,1671,UniRef90_I8XT52,1221,0.0097620003791,9,0.9546520719311963,7.632525706880376e-06
GuptaA_2019,1672,UniRef90_R6VFX7,1221,0.0078193607437,9,0.9546520719311963,6.113651871540266e-06
GuptaA_2019,1673,UniRef90_C6IHF7,1221,0.0070804237614,9,0.9546520719311963,5.535905990148554e-06
GuptaA_2019,1674,UniRef90_E6LJT6,1221,0.0063822858528000005,9,0.9546520719311963,4.990059306333073e-06
GuptaA_2019,1675,UniRef90_A0A174WP84,1221,0.006119202219749999,9,0.9546520719311963,4.784364518960124e-06
GuptaA_2019,1676,UniRef90_B0MEZ9,1221,0.0060089399907,9,0.9546520719311963,4.698154801172791e-06
GuptaA_2019,1677,UniRef90_C7H719,1221,0.0059095651289,9,0.9546520719311963,4.620457489366693e-06
GuptaA_2019,1678,UniRef90_A0A174H9N7,1221,0.0058072203248,9,0.9546520719311963,4.54043809601251e-06
GuptaA_2019,1679,UniRef90_A0A069ASW2,1221,0.0055738561419,9,0.9546520719311963,4.357979782564504e-06
GuptaA_2019,1680,UniRef90_R5HQ51,1221,0.0045017984805000005,9,0.9546520719311963,3.5197798909304147e-06
GuptaA_2019,1681,UniRef90_C5EVP1,1221,0.0036589296541999997,9,0.9546520719311963,2.86077377185301e-06
GuptaA_2019,1682,UniRef90_A0A2N5NKH2,1221,0.0031198706739,9,0.9546520719311963,2.439304670758405e-06
GuptaA_2019,1683,UniRef90_A0A3E2ESS1,1221,0.000231969609,9,0.9546520719311963,1.813679507427678e-07
GuptaA_2019,1684,UniRef90_A5ZI73,1220,0.1495162435931,9,0.9538702111024238,0.00011690089413064895
GuptaA_2019,1685,UniRef90_U2Z4S8,1220,0.0634389643387,9,0.9538702111024238,4.960044123432369e-05
GuptaA_2019,1686,UniRef90_C4Z5E3,1220,0.058729433809,9,0.9538702111024238,4.5918243791243164e-05
GuptaA_2019,1687,UniRef90_A0A396ECZ7,1220,0.0248807394255,9,0.9538702111024238,1.945327554769351e-05
GuptaA_2019,1688,UniRef90_A0A076IKJ6,1220,0.022531353233,9,0.9538702111024238,1.7616382512118844e-05
GuptaA_2019,1689,UniRef90_C7H3J4,1220,0.0224962716334,9,0.9538702111024238,1.7588953583580922e-05
GuptaA_2019,1690,UniRef90_A0A0P0LJL5,1220,0.018142683643,9,0.9538702111024238,1.418505366927287e-05
GuptaA_2019,1691,UniRef90_F3PN06,1220,0.0174602956249999,9,0.9538702111024238,1.3651521207974902e-05
GuptaA_2019,1692,UniRef90_A0A174D2X7,1220,0.0141773657089,9,0.9538702111024238,1.1084726902971071e-05
GuptaA_2019,1693,UniRef90_A0A2J4JLE3,1220,0.0135809198597999,9,0.9538702111024238,1.0618389257075763e-05
GuptaA_2019,1694,UniRef90_B7ARS6,1220,0.013231595078100001,9,0.9538702111024238,1.0345265893745113e-05
GuptaA_2019,1695,UniRef90_A0A174Q0V3,1220,0.012853226431,9,0.9538702111024238,1.0049434269741986e-05
GuptaA_2019,1696,UniRef90_Q5LCA5,1220,0.0128396873929,9,0.9538702111024238,1.0038848626192338e-05
GuptaA_2019,1697,UniRef90_R6FRP1,1220,0.012051581601999999,9,0.9538702111024238,9.422659579358874e-06
GuptaA_2019,1698,UniRef90_Q64ZS4,1220,0.011180596701999999,9,0.9538702111024238,8.741670603596558e-06
GuptaA_2019,1699,UniRef90_R7GR82,1220,0.0109332804734,9,0.9538702111024238,8.54830373213448e-06
GuptaA_2019,1700,UniRef90_B0P9D3,1220,0.010809871208000001,9,0.9538702111024238,8.451814861610634e-06
GuptaA_2019,1701,UniRef90_A0A367FV25,1220,0.010308809968400001,9,0.9538702111024238,8.060054705551213e-06
GuptaA_2019,1702,UniRef90_A0A396FMV1,1220,0.0100361403956,9,0.9538702111024238,7.846865047380765e-06
GuptaA_2019,1703,UniRef90_A0A174Z481,1220,0.0099588277756,9,0.9538702111024238,7.786417338232996e-06
GuptaA_2019,1704,UniRef90_C3R961,1220,0.0096443299122,9,0.9538702111024238,7.5405237781078965e-06
GuptaA_2019,1705,UniRef90_D4LV91,1220,0.0090556577591,9,0.9538702111024238,7.080264080609851e-06
GuptaA_2019,1706,UniRef90_Q8A137,1220,0.0090009504938,9,0.9538702111024238,7.0374906128225175e-06
GuptaA_2019,1707,UniRef90_A0A139JTK6,1220,0.0088105420894,9,0.9538702111024238,6.888617739953089e-06
GuptaA_2019,1708,UniRef90_K1GFZ0,1220,0.0087151402509,9,0.9538702111024238,6.814026779437061e-06
GuptaA_2019,1709,UniRef90_A0A0P0FAE2,1220,0.008399679655,9,0.9538702111024238,6.567380496481627e-06
GuptaA_2019,1710,UniRef90_A0A0K6BQC8,1220,0.0083474254412,9,0.9538702111024238,6.526524973573104e-06
GuptaA_2019,1711,UniRef90_R7DBW6,1220,0.0079771688557,9,0.9538702111024238,6.237035852775606e-06
GuptaA_2019,1712,UniRef90_A0A174XKG2,1220,0.0078259511124,9,0.9538702111024238,6.1188046226739644e-06
GuptaA_2019,1713,UniRef90_R6RZS6,1220,0.0077399075764999995,9,0.9538702111024238,6.051530552384675e-06
GuptaA_2019,1714,UniRef90_A0A1L5KWS6,1220,0.0077274887995,9,0.9538702111024238,6.041820797107115e-06
GuptaA_2019,1715,UniRef90_Q8A251,1220,0.007720503643899999,9,0.9538702111024238,6.036359377560593e-06
GuptaA_2019,1716,UniRef90_A0A174ND14,1220,0.0077163266943,9,0.9538702111024238,6.0330935842845975e-06
GuptaA_2019,1717,UniRef90_A0A139KQF5,1220,0.007683659755000001,9,0.9538702111024238,6.00755258405004e-06
GuptaA_2019,1718,UniRef90_R5REJ2,1220,0.0076795589649,9,0.9538702111024238,6.0043463369038305e-06
GuptaA_2019,1719,UniRef90_A0A373IE87,1220,0.0076584764025,9,0.9538702111024238,5.9878627071931195e-06
GuptaA_2019,1720,UniRef90_S2Z4A4,1220,0.007431535236,9,0.9538702111024238,5.810426298670837e-06
GuptaA_2019,1721,UniRef90_A0A174J0A9,1220,0.0074269756234,9,0.9538702111024238,5.806861316184519e-06
GuptaA_2019,1722,UniRef90_R6J8N2,1220,0.0070811378944,9,0.9538702111024238,5.536464342767787e-06
GuptaA_2019,1723,UniRef90_U2CJ96,1220,0.0070656702944,9,0.9538702111024238,5.5243708322126655e-06
GuptaA_2019,1724,UniRef90_A6BD02,1220,0.005694962829599999,9,0.9538702111024238,4.452668357779515e-06
GuptaA_2019,1725,UniRef90_A5Z4A2,1220,0.0056918882294,9,0.9538702111024238,4.450264448318999e-06
GuptaA_2019,1726,UniRef90_F0YZ57,1220,0.0046968526015,9,0.9538702111024238,3.6722850676309613e-06
GuptaA_2019,1727,UniRef90_A8S1F8,1220,0.0026712762539,9,0.9538702111024238,2.088566265754496e-06
GuptaA_2019,1728,UniRef90_A0A0F0CD99,1220,0.0026192730188,9,0.9538702111024238,2.0479069732603594e-06
GuptaA_2019,1729,UniRef90_A7VSA4,1219,0.0672246593025,9,0.9530883502736512,5.256032783620016e-05
GuptaA_2019,1730,UniRef90_I3YIY6,1219,0.0402792758305,9,0.9530883502736512,3.149278798318999e-05
GuptaA_2019,1731,UniRef90_E0X5I3,1219,0.036961807242900005,9,0.9530883502736512,2.8898989243862397e-05
GuptaA_2019,1732,UniRef90_A0A173WH30,1219,0.0332125180949999,9,0.9530883502736512,2.596756692337756e-05
GuptaA_2019,1733,UniRef90_A7VSA5,1219,0.0326463495462,9,0.9530883502736512,2.552490191258796e-05
GuptaA_2019,1734,UniRef90_C0FQS1,1219,0.0160783181632,9,0.9530883502736512,1.2571007164347146e-05
GuptaA_2019,1735,UniRef90_A7V7L5,1219,0.0150607033957,9,0.9530883502736512,1.1775374038858483e-05
GuptaA_2019,1736,UniRef90_D4LPV8,1219,0.0149435435955,9,0.9530883502736512,1.1683771380375294e-05
GuptaA_2019,1737,UniRef90_B0P879,1219,0.0143320384265,9,0.9530883502736512,1.12056594421423e-05
GuptaA_2019,1738,UniRef90_A0A3E4E7J9,1219,0.012691487950899999,9,0.9530883502736512,9.922977287646599e-06
GuptaA_2019,1739,UniRef90_Q8AAB1,1219,0.0126555037005,9,0.9530883502736512,9.8948426118061e-06
GuptaA_2019,1740,UniRef90_F7M6E4,1219,0.0114726040834,9,0.9530883502736512,8.969979736825644e-06
GuptaA_2019,1741,UniRef90_A0A2X2UGW3,1219,0.0113151798422,9,0.9530883502736512,8.846895889132134e-06
GuptaA_2019,1742,UniRef90_A0A173TXT3,1219,0.010400299666699999,9,0.9530883502736512,8.131586916888193e-06
GuptaA_2019,1743,UniRef90_R6JB78,1219,0.009604941336000001,9,0.9530883502736512,7.509727393275997e-06
GuptaA_2019,1744,UniRef90_R6JHC6,1219,0.009254435863,9,0.9530883502736512,7.235680893666927e-06
GuptaA_2019,1745,UniRef90_B6FJD7,1219,0.00883767153611,9,0.9530883502736512,6.909829191641908e-06
GuptaA_2019,1746,UniRef90_C9KZP5,1219,0.0085823910045,9,0.9530883502736512,6.710235343627834e-06
GuptaA_2019,1747,UniRef90_I9UMJ5,1219,0.0085216224729,9,0.9530883502736512,6.6627228091477715e-06
GuptaA_2019,1748,UniRef90_A5ZJX9,1219,0.0085109021761,9,0.9530883502736512,6.654341029007037e-06
GuptaA_2019,1749,UniRef90_R5JBY8,1219,0.008317642699,9,0.9530883502736512,6.5032390140734955e-06
GuptaA_2019,1750,UniRef90_A0A139T3R5,1219,0.0082526233966999,9,0.9530883502736512,6.45240296849093e-06
GuptaA_2019,1751,UniRef90_Q8A0M6,1219,0.0075061966233,9,0.9530883502736512,5.8688011128225175e-06
GuptaA_2019,1752,UniRef90_D4KAT9,1219,0.0074317342982,9,0.9530883502736512,5.8105819376075055e-06
GuptaA_2019,1753,UniRef90_A0A396FU77,1219,0.007001875298,9,0.9530883502736512,5.474492023455825e-06
GuptaA_2019,1754,UniRef90_A0A174XQ94,1219,0.0069049992876,9,0.9530883502736512,5.39874846567631e-06
GuptaA_2019,1755,UniRef90_U2D2N9,1219,0.0066901078828000005,9,0.9530883502736512,5.2307332938233e-06
GuptaA_2019,1756,UniRef90_R7DDQ3,1219,0.0064668147088,9,0.9530883502736512,5.056149107740422e-06
GuptaA_2019,1757,UniRef90_A0A173WEQ3,1219,0.0064163063616,9,0.9530883502736512,5.016658609538702e-06
GuptaA_2019,1758,UniRef90_A0A0J1GEM4,1219,0.006255363630200001,9,0.9530883502736512,4.890823792181392e-06
GuptaA_2019,1759,UniRef90_C5EFI0,1219,0.0031969839759,9,0.9530883502736512,2.4995965409695075e-06
GuptaA_2019,1760,UniRef90_B0NE80,1219,0.0019439726528,9,0.9530883502736512,1.5199160694292416e-06
GuptaA_2019,1761,UniRef90_R5GU90,1219,0.0012829513236998998,9,0.9530883502736512,1.003089385222752e-06
GuptaA_2019,1762,UniRef90_R5J6C2,1219,0.0007882801928999999,9,0.9530883502736512,6.163254049257231e-07
GuptaA_2019,1763,UniRef90_R7GE19,1219,0.00034647351723,9,0.9530883502736512,2.708940713291634e-07
GuptaA_2019,1764,UniRef90_A0A3D2YDV6,1219,0.0001925938363000001,9,0.9530883502736512,1.5058157646598913e-07
GuptaA_2019,1765,UniRef90_A0A016JHV3,1218,0.0970004111935,9,0.9523064894448788,7.58408218870211e-05
GuptaA_2019,1766,UniRef90_C0B5M8,1218,0.0372430887766,9,0.9523064894448788,2.9118912256919468e-05
GuptaA_2019,1767,UniRef90_R6ZMG2,1218,0.0211013367809,9,0.9523064894448788,1.6498308663721658e-05
GuptaA_2019,1768,UniRef90_A6KXL0,1218,0.0202249050765,9,0.9523064894448788,1.5813061044956998e-05
GuptaA_2019,1769,UniRef90_E2ZJN6,1218,0.0185248323601,9,0.9523064894448788,1.4483840781939015e-05
GuptaA_2019,1770,UniRef90_D4JBI5,1218,0.0183169493233,9,0.9523064894448788,1.4321305178498827e-05
GuptaA_2019,1771,UniRef90_A6L4U5,1218,0.0173487061873,9,0.9523064894448788,1.3564273797732603e-05
GuptaA_2019,1772,UniRef90_B0NZ42,1218,0.01564397095,9,0.9523064894448788,1.2231408092259577e-05
GuptaA_2019,1773,UniRef90_A0A396E540,1218,0.01444682167894,9,0.9523064894448788,1.1295403971024237e-05
GuptaA_2019,1774,UniRef90_B0GAD4,1218,0.0130207616474,9,0.9523064894448788,1.0180423492885066e-05
GuptaA_2019,1775,UniRef90_A0A0K6BZ65,1218,0.0100641841073,9,0.9523064894448788,7.868791327052386e-06
GuptaA_2019,1776,UniRef90_A0A174M8I9,1218,0.0095670088702,9,0.9523064894448788,7.480069484128226e-06
GuptaA_2019,1777,UniRef90_A0A174CV89,1218,0.0093195858833,9,0.9523064894448788,7.2866191425332284e-06
GuptaA_2019,1778,UniRef90_D6D3P6,1218,0.0091662203124,9,0.9523064894448788,7.16670861016419e-06
GuptaA_2019,1779,UniRef90_Q5LIJ5,1218,0.009101234976199999,9,0.9523064894448788,7.1158991213448e-06
GuptaA_2019,1780,UniRef90_U2CMW0,1218,0.0090196877321,9,0.9523064894448788,7.052140525488664e-06
GuptaA_2019,1781,UniRef90_R6MHE2,1218,0.0089178722199,9,0.9523064894448788,6.9725349647380765e-06
GuptaA_2019,1782,UniRef90_K5D7J9,1218,0.0089083102736,9,0.9523064894448788,6.96505885347928e-06
GuptaA_2019,1783,UniRef90_A0A0P0FEI0,1218,0.008620377945,9,0.9523064894448788,6.739935844409695e-06
GuptaA_2019,1784,UniRef90_A0A174XJF1,1218,0.008372733129600001,9,0.9523064894448788,6.5463120637998445e-06
GuptaA_2019,1785,UniRef90_D4LJQ0,1218,0.0080188617693,9,0.9523064894448788,6.2696339087568416e-06
GuptaA_2019,1786,UniRef90_A0A0P0EV66,1218,0.0078516887454,9,0.9523064894448788,6.138927869741986e-06
GuptaA_2019,1787,UniRef90_A0A139L5M6,1218,0.007638206443,9,0.9523064894448788,5.9720144198592654e-06
GuptaA_2019,1788,UniRef90_D4ML25,1218,0.0072811997808999995,9,0.9523064894448788,5.692884895152463e-06
GuptaA_2019,1789,UniRef90_C6LCJ7,1218,0.0066591058378,9,0.9523064894448788,5.206494009225958e-06
GuptaA_2019,1790,UniRef90_C9KVB5,1218,0.0066036049395,9,0.9523064894448788,5.163100030883503e-06
GuptaA_2019,1791,UniRef90_R7D901,1218,0.0065267580865,9,0.9523064894448788,5.103016486708366e-06
GuptaA_2019,1792,UniRef90_R7DC66,1218,0.0057766847355,9,0.9523064894448788,4.5165635148553556e-06
GuptaA_2019,1793,UniRef90_C6LCJ8,1218,0.0057629965453,9,0.9523064894448788,4.5058612551211885e-06
GuptaA_2019,1794,UniRef90_A0A174RK11,1218,0.0051626253403,9,0.9523064894448788,4.0364545272087565e-06
GuptaA_2019,1795,UniRef90_A0A176UBB3,1218,0.0050199298454,9,0.9523064894448788,3.924886509304144e-06
GuptaA_2019,1796,UniRef90_B9Y9A8,1218,0.0047553749724999995,9,0.9523064894448788,3.7180414171227516e-06
GuptaA_2019,1797,UniRef90_A8RPB9,1218,0.0031020716465000003,9,0.9523064894448788,2.4253883084440973e-06
GuptaA_2019,1798,UniRef90_R7PKQ3,1218,0.0012045299719,9,0.9523064894448788,9.417748021110242e-07
GuptaA_2019,1799,UniRef90_G2SZ75,1217,0.0947587226298,9,0.9515246286161063,7.408813340875683e-05
GuptaA_2019,1800,UniRef90_E5UT40,1217,0.0285591517043,9,0.9515246286161063,2.2329282020562942e-05
GuptaA_2019,1801,UniRef90_A6KYJ5,1217,0.02763023538,9,0.9515246286161063,2.1602998733385457e-05
GuptaA_2019,1802,UniRef90_A0A140JXE2,1217,0.025649016192600002,9,0.9515246286161063,2.005396105754496e-05
GuptaA_2019,1803,UniRef90_A0A0P0L6M5,1217,0.0253070538102,9,0.9515246286161063,1.9786594065832683e-05
GuptaA_2019,1804,UniRef90_R7NWF7,1217,0.0247157637955,9,0.9515246286161063,1.932428756489445e-05
GuptaA_2019,1805,UniRef90_A0A0P0LFD2,1217,0.0217327728727,9,0.9515246286161063,1.699200380977326e-05
GuptaA_2019,1806,UniRef90_A6L074,1217,0.020623716481800003,9,0.9515246286161063,1.6124876060828776e-05
GuptaA_2019,1807,UniRef90_R8W1C5,1217,0.0199870344735,9,0.9515246286161063,1.5627079338154808e-05
GuptaA_2019,1808,UniRef90_A6L5I2,1217,0.019821325021,9,0.9515246286161063,1.5497517608287724e-05
GuptaA_2019,1809,UniRef90_A0A318N1V3,1217,0.0180170798598,9,0.9515246286161063,1.408684899124316e-05
GuptaA_2019,1810,UniRef90_A0A174YSV0,1217,0.016073103613,9,0.9515246286161063,1.2566930111806098e-05
GuptaA_2019,1811,UniRef90_C0BDJ2,1217,0.01337415376,9,0.9515246286161063,1.045672694292416e-05
GuptaA_2019,1812,UniRef90_A0A174TSL2,1217,0.010938991946,9,0.9515246286161063,8.552769308835027e-06
GuptaA_2019,1813,UniRef90_A8RVS5,1217,0.010279777655199999,9,0.9515246286161063,8.037355477091478e-06
GuptaA_2019,1814,UniRef90_R5RZY6,1217,0.009886453185,9,0.9515246286161063,7.72983048084441e-06
GuptaA_2019,1815,UniRef90_B0P2U4,1217,0.0096720011599,9,0.9515246286161063,7.562158842767788e-06
GuptaA_2019,1816,UniRef90_A0A174P957,1217,0.0091634094494,9,0.9515246286161063,7.1645109064894454e-06
GuptaA_2019,1817,UniRef90_A0A149NGX3,1217,0.00845793326,9,0.9515246286161063,6.61292670836591e-06
GuptaA_2019,1818,UniRef90_R6E8V6,1217,0.0084319397122,9,0.9515246286161063,6.592603371540265e-06
GuptaA_2019,1819,UniRef90_A0A174XBF8,1217,0.0084236240341,9,0.9515246286161063,6.586101668569194e-06
GuptaA_2019,1820,UniRef90_A0A174PRW7,1217,0.008324840981,9,0.9515246286161063,6.508867068803753e-06
GuptaA_2019,1821,UniRef90_A0A3E4X4E9,1217,0.0081326620592,9,0.9515246286161063,6.358609897732603e-06
GuptaA_2019,1822,UniRef90_Q8A7Z7,1217,0.0080213343291,9,0.9515246286161063,6.271567106411259e-06
GuptaA_2019,1823,UniRef90_Q8A2T6,1217,0.0074839993887,9,0.9515246286161063,5.851445964581705e-06
GuptaA_2019,1824,UniRef90_D7IXY2,1217,0.0071016109259,9,0.9515246286161063,5.5524714041438624e-06
GuptaA_2019,1825,UniRef90_Q8A7Z6,1217,0.0070051970329,9,0.9515246286161063,5.477089157857701e-06
GuptaA_2019,1826,UniRef90_Q8A9S8,1217,0.0069308102980000005,9,0.9515246286161063,5.418929083659109e-06
GuptaA_2019,1827,UniRef90_Q8A5W4,1217,0.0066475854549,9,0.9515246286161063,5.197486673103987e-06
GuptaA_2019,1828,UniRef90_A0A174RRT4,1217,0.0062011647506,9,0.9515246286161063,4.848447811258796e-06
GuptaA_2019,1829,UniRef90_A0A395ZUF3,1217,0.0056330574565,9,0.9515246286161063,4.404266971462079e-06
GuptaA_2019,1830,UniRef90_A0A174TCE2,1217,0.0049742509,9,0.9515246286161063,3.889171931196247e-06
GuptaA_2019,1831,UniRef90_A0A173YIH5,1217,0.0048372825536,9,0.9515246286161063,3.7820817463643472e-06
GuptaA_2019,1832,UniRef90_A0A373B287,1217,0.0047233104679,9,0.9515246286161063,3.6929714369820167e-06
GuptaA_2019,1833,UniRef90_A0A0F0CCM0,1217,0.0013277010742999999,9,0.9515246286161063,1.038077462314308e-06
GuptaA_2019,1834,UniRef90_A0A015QIN6,1216,0.085479572425,9,0.9507427677873339,6.68331293393276e-05
GuptaA_2019,1835,UniRef90_A0A396E773,1216,0.0741606644156,9,0.9507427677873339,5.798331854229867e-05
GuptaA_2019,1836,UniRef90_A0A3E2XRS1,1216,0.031811222022,9,0.9507427677873339,2.4871948414386237e-05
GuptaA_2019,1837,UniRef90_R6YQA7,1216,0.021650511796,9,0.9507427677873339,1.692768709616888e-05
GuptaA_2019,1838,UniRef90_Q8A487,1216,0.017297798044,9,0.9507427677873339,1.3524470714620798e-05
GuptaA_2019,1839,UniRef90_R6K7C9,1216,0.015180058837,9,0.9507427677873339,1.1868693383111806e-05
GuptaA_2019,1840,UniRef90_A0A3D6ASL7,1216,0.014519072147799999,9,0.9507427677873339,1.1351893782486316e-05
GuptaA_2019,1841,UniRef90_R8VU34,1216,0.0118159639,9,0.9507427677873339,9.238439327599687e-06
GuptaA_2019,1842,UniRef90_C0EYC7,1216,0.0118028874753,9,0.9507427677873339,9.228215383346365e-06
GuptaA_2019,1843,UniRef90_A0A1L5KYT7,1216,0.0114666959169,9,0.9507427677873339,8.965360372869429e-06
GuptaA_2019,1844,UniRef90_A5ZWU1,1216,0.010515280494099999,9,0.9507427677873339,8.221485921892103e-06
GuptaA_2019,1845,UniRef90_A0A2N5P3V1,1216,0.0093384698041,9,0.9507427677873339,7.3013837405003915e-06
GuptaA_2019,1846,UniRef90_D4ML23,1216,0.009191146328299999,9,0.9507427677873339,7.18619728561376e-06
GuptaA_2019,1847,UniRef90_A0A174SGN2,1216,0.0088337836931,9,0.9507427677873339,6.906789439483973e-06
GuptaA_2019,1848,UniRef90_A0A396G099,1216,0.0081973158622999,9,0.9507427677873339,6.409160173807584e-06
GuptaA_2019,1849,UniRef90_R6J3N3,1216,0.0080810687464,9,0.9507427677873339,6.3182711074276776e-06
GuptaA_2019,1850,UniRef90_Q8A0U0,1216,0.0080437212069,9,0.9507427677873339,6.289070529241596e-06
GuptaA_2019,1851,UniRef90_A0A3B8TLY4,1216,0.0079854856629,9,0.9507427677873339,6.243538438545739e-06
GuptaA_2019,1852,UniRef90_A0A3E4V167,1216,0.0079816681092,9,0.9507427677873339,6.2405536428459735e-06
GuptaA_2019,1853,UniRef90_A0A174TV79,1216,0.0079294903705,9,0.9507427677873339,6.199757912822517e-06
GuptaA_2019,1854,UniRef90_R5MR56,1216,0.0077928626584,9,0.9507427677873339,6.092934056606723e-06
GuptaA_2019,1855,UniRef90_A0A174HCN0,1216,0.0077119758977999995,9,0.9507427677873339,6.029691866927287e-06
GuptaA_2019,1856,UniRef90_A0A174URP4,1216,0.0075482442962,9,0.9507427677873339,5.901676541204066e-06
GuptaA_2019,1857,UniRef90_A5KQM0,1216,0.0073343806491,9,0.9507427677873339,5.7344649328381545e-06
GuptaA_2019,1858,UniRef90_R6D9C9,1216,0.007290301195199999,9,0.9507427677873339,5.700000934480062e-06
GuptaA_2019,1859,UniRef90_R7D7W8,1216,0.0067735431501,9,0.9507427677873339,5.295968061063331e-06
GuptaA_2019,1860,UniRef90_A0A174X839,1216,0.0065699420746,9,0.9507427677873339,5.136780355433933e-06
GuptaA_2019,1861,UniRef90_A0A174BKL5,1216,0.0060242581005,9,0.9507427677873339,4.710131431196247e-06
GuptaA_2019,1862,UniRef90_A0A367FXG2,1216,0.0059543353834,9,0.9507427677873339,4.655461597654418e-06
GuptaA_2019,1863,UniRef90_A0A174XB89,1216,0.0057569973415,9,0.9507427677873339,4.5011707126661455e-06
GuptaA_2019,1864,UniRef90_A7B6Z1,1216,0.0050064343313,9,0.9507427677873339,3.9143348954652074e-06
GuptaA_2019,1865,UniRef90_A6BHH3,1216,0.0041453102356,9,0.9507427677873339,3.241055696325254e-06
GuptaA_2019,1866,UniRef90_C0B4Y7,1216,0.0039405162551,9,0.9507427677873339,3.080935305003909e-06
GuptaA_2019,1867,UniRef90_A0A174BUL0,1216,0.00315919483824,9,0.9507427677873339,2.4700506944800626e-06
GuptaA_2019,1868,UniRef90_A8RQQ0,1216,0.0019380516603998998,9,0.9507427677873339,1.5152866774041437e-06
GuptaA_2019,1869,UniRef90_C0BBQ0,1216,0.0017101708673,9,0.9507427677873339,1.3371156116497264e-06
GuptaA_2019,1870,UniRef90_R7AEZ9,1216,0.0012596828693,9,0.9507427677873339,9.848966921813918e-07
GuptaA_2019,1871,UniRef90_D4JMT5,1215,0.051120337415,9,0.9499609069585614,3.996898937842064e-05
GuptaA_2019,1872,UniRef90_B6W4E8,1215,0.037052474355599996,9,0.9499609069585614,2.8969878307740417e-05
GuptaA_2019,1873,UniRef90_A0A2A7A3Q8,1215,0.028484074752200002,9,0.9499609069585614,2.2270582292572323e-05
GuptaA_2019,1874,UniRef90_R6CW89,1215,0.0265601824883,9,0.9499609069585614,2.076636629265051e-05
GuptaA_2019,1875,UniRef90_S0F753,1215,0.0229297092495,9,0.9499609069585614,1.7927841477326037e-05
GuptaA_2019,1876,UniRef90_A7LT91,1215,0.021053025192699998,9,0.9499609069585614,1.646053572533229e-05
GuptaA_2019,1877,UniRef90_B6VYI2,1215,0.0206459738124,9,0.9499609069585614,1.614227819577795e-05
GuptaA_2019,1878,UniRef90_A6L585,1215,0.019190669192,9,0.9499609069585614,1.500443251915559e-05
GuptaA_2019,1879,UniRef90_C7H6C0,1215,0.0183877587877,9,0.9499609069585614,1.4376668325019545e-05
GuptaA_2019,1880,UniRef90_E6SVL0,1215,0.017605742889699898,9,0.9499609069585614,1.3765240726895933e-05
GuptaA_2019,1881,UniRef90_A0A173T603,1215,0.0175380568888,9,0.9499609069585614,1.3712319694136042e-05
GuptaA_2019,1882,UniRef90_D4JT21,1215,0.0171440424054,9,0.9499609069585614,1.340425520359656e-05
GuptaA_2019,1883,UniRef90_UPI000DE4AA75,1215,0.016045371021599898,9,0.9499609069585614,1.2545247084910006e-05
GuptaA_2019,1884,UniRef90_D6DZU4,1215,0.0159430998064,9,0.9499609069585614,1.2465285227834246e-05
GuptaA_2019,1885,UniRef90_A0A174JGL0,1215,0.01239997458,9,0.9499609069585614,9.695054401876466e-06
GuptaA_2019,1886,UniRef90_R6Y875,1215,0.0123373271819999,9,0.9499609069585614,9.646072855355668e-06
GuptaA_2019,1887,UniRef90_A0A396ADT9,1215,0.01233096777,9,0.9499609069585614,9.64110068021892e-06
GuptaA_2019,1888,UniRef90_A0A174S739,1215,0.0121526753361,9,0.9499609069585614,9.501700810086005e-06
GuptaA_2019,1889,UniRef90_R5JBH5,1215,0.011850402331100001,9,0.9499609069585614,9.265365387881158e-06
GuptaA_2019,1890,UniRef90_A0A395ZUR8,1215,0.0108053930566,9,0.9499609069585614,8.44831357044566e-06
GuptaA_2019,1891,UniRef90_D4M3U2,1215,0.0099980400222,9,0.9499609069585614,7.817075857857701e-06
GuptaA_2019,1892,UniRef90_Q5LDK8,1215,0.0085425532408,9,0.9499609069585614,6.679087756684909e-06
GuptaA_2019,1893,UniRef90_B0GAE7,1215,0.008387185117,9,0.9499609069585614,6.5576115066458174e-06
GuptaA_2019,1894,UniRef90_R6S019,1215,0.0079701604202,9,0.9499609069585614,6.2315562315871776e-06
GuptaA_2019,1895,UniRef90_U2CFH9,1215,0.0078914968034,9,0.9499609069585614,6.170052230961689e-06
GuptaA_2019,1896,UniRef90_A0A0K6BS94,1215,0.006961548184,9,0.9499609069585614,5.442961832681783e-06
GuptaA_2019,1897,UniRef90_A0A396A166,1215,0.0062961704639,9,0.9499609069585614,4.922729056997655e-06
GuptaA_2019,1898,UniRef90_C9KW68,1215,0.0060576535510000005,9,0.9499609069585614,4.7362420258014075e-06
GuptaA_2019,1899,UniRef90_A0A174VMU6,1215,0.0057063005972,9,0.9499609069585614,4.461532914151681e-06
GuptaA_2019,1900,UniRef90_C7GGX5,1215,0.0055395680989,9,0.9499609069585614,4.331171304847537e-06
GuptaA_2019,1901,UniRef90_UPI0009BF7F86,1215,0.00539753924048,9,0.9499609069585614,4.220124503893667e-06
GuptaA_2019,1902,UniRef90_A5ZML7,1215,0.0053571669022,9,0.9499609069585614,4.188558954026583e-06
GuptaA_2019,1903,UniRef90_UPI0009DE99A3,1215,0.002365645817,9,0.9499609069585614,1.8496057990617671e-06
GuptaA_2019,1904,UniRef90_A7AZ71,1215,0.0019900247923,9,0.9499609069585614,1.5559224333854573e-06
GuptaA_2019,1905,UniRef90_U2QX48,1215,0.00090375656485,9,0.9499609069585614,7.066118568021892e-07
GuptaA_2019,1906,UniRef90_A0A3B8UPW3,1215,0.0003673939604,9,0.9499609069585614,2.8725094636434717e-07
GuptaA_2019,1907,UniRef90_A0A3E5DKV8,1214,0.1239096934559,9,0.9491790461297889,9.688013561837373e-05
GuptaA_2019,1908,UniRef90_Q64RV1,1214,0.0277107939656,9,0.9491790461297889,2.1665984335887414e-05
GuptaA_2019,1909,UniRef90_A6KYI4,1214,0.0245639594788,9,0.9491790461297889,1.9205597716028148e-05
GuptaA_2019,1910,UniRef90_A0A076IZ41,1214,0.021587907423,9,0.9491790461297889,1.687873918921032e-05
GuptaA_2019,1911,UniRef90_A6L5J9,1214,0.0161506987382,9,0.9491790461297889,1.2627598700703674e-05
GuptaA_2019,1912,UniRef90_B7ARS8,1214,0.015980162965999998,9,0.9491790461297889,1.2494263460516027e-05
GuptaA_2019,1913,UniRef90_E6SUB0,1214,0.0151264214834,9,0.9491790461297889,1.1826756437372948e-05
GuptaA_2019,1914,UniRef90_A0A1E3U585,1214,0.0148015306975,9,0.9491790461297889,1.1572737058248633e-05
GuptaA_2019,1915,UniRef90_A0A0K6BWB8,1214,0.0142597336537,9,0.9491790461297889,1.1149127172556685e-05
GuptaA_2019,1916,UniRef90_E6SPC1,1214,0.0140627379615,9,0.9491790461297889,1.0995103957388585e-05
GuptaA_2019,1917,UniRef90_C0B7D5,1214,0.0139468998469999,9,0.9491790461297889,1.0904534673182095e-05
GuptaA_2019,1918,UniRef90_A0A173Y2D2,1214,0.0136650710449999,9,0.9491790461297889,1.068418377247842e-05
GuptaA_2019,1919,UniRef90_B0NVF6,1214,0.0136286413533,9,0.9491790461297889,1.0655700823534012e-05
GuptaA_2019,1920,UniRef90_A0A174JLB0,1214,0.0132592617518,9,0.9491790461297889,1.0366897382173574e-05
GuptaA_2019,1921,UniRef90_B7C9H1,1214,0.0129630195288,9,0.9491790461297889,1.0135277192181391e-05
GuptaA_2019,1922,UniRef90_C0B8U6,1214,0.0113411779411,9,0.9491790461297889,8.867222784284596e-06
GuptaA_2019,1923,UniRef90_Q5LGR5,1214,0.010649980956,9,0.9491790461297889,8.326802936669272e-06
GuptaA_2019,1924,UniRef90_A0A139LFI4,1214,0.0102262078664,9,0.9491790461297889,7.995471357623144e-06
GuptaA_2019,1925,UniRef90_A0A1Y4DBS3,1214,0.0100712633251,9,0.9491790461297889,7.874326290148554e-06
GuptaA_2019,1926,UniRef90_D4C8G0,1214,0.0088399401554,9,0.9491790461297889,6.911602936200156e-06
GuptaA_2019,1927,UniRef90_Q8A0X7,1214,0.0087336637991,9,0.9491790461297889,6.8285096161845194e-06
GuptaA_2019,1928,UniRef90_A0A174BG28,1214,0.00821370612,9,0.9491790461297889,6.4219750742767795e-06
GuptaA_2019,1929,UniRef90_R5U6R9,1214,0.0081923075684,9,0.9491790461297889,6.4052443849882725e-06
GuptaA_2019,1930,UniRef90_A0A0E2AWP1,1214,0.0081247743082999,9,0.9491790461297889,6.352442774276701e-06
GuptaA_2019,1931,UniRef90_A0A0P0GPJ3,1214,0.0078773565937,9,0.9491790461297889,6.15899655488663e-06
GuptaA_2019,1932,UniRef90_A0A0P0F982,1214,0.0078286595421,9,0.9491790461297889,6.120922237763878e-06
GuptaA_2019,1933,UniRef90_A0A174PR60,1214,0.0075707596827,9,0.9491790461297889,5.919280439953088e-06
GuptaA_2019,1934,UniRef90_A0A173WDG5,1214,0.0075226001656,9,0.9491790461297889,5.8816264e-06
GuptaA_2019,1935,UniRef90_R5S3R9,1214,0.0074038224937,9,0.9491790461297889,5.7887587910086004e-06
GuptaA_2019,1936,UniRef90_A0A0K6BUJ4,1214,0.0072880964476000005,9,0.9491790461297889,5.698277128694293e-06
GuptaA_2019,1937,UniRef90_D4LKN4,1214,0.0070345450748,9,0.9491790461297889,5.500035242220485e-06
GuptaA_2019,1938,UniRef90_Q8A8D8,1214,0.0069523657629,9,0.9491790461297889,5.435782457310399e-06
GuptaA_2019,1939,UniRef90_K5BSG4,1214,0.0069218819117,9,0.9491790461297889,5.41194832814699e-06
GuptaA_2019,1940,UniRef90_A5ZW53,1214,0.0069218576897,9,0.9491790461297889,5.4119293899139956e-06
GuptaA_2019,1941,UniRef90_A0A174I9J5,1214,0.0067359726698,9,0.9491790461297889,5.2665931741985925e-06
GuptaA_2019,1942,UniRef90_B7APR2,1214,0.0066572170962,9,0.9491790461297889,5.205017276153245e-06
GuptaA_2019,1943,UniRef90_A5KNQ3,1214,0.0048651396129,9,0.9491790461297889,3.803862089835809e-06
GuptaA_2019,1944,UniRef90_R5XHP3,1214,0.004850377604899999,9,0.9491790461297889,3.792320254026583e-06
GuptaA_2019,1945,UniRef90_A7AE90,1213,0.0345144901454,9,0.9483971853010165,2.6985527869741987e-05
GuptaA_2019,1946,UniRef90_A6L1X1,1213,0.0306539107371,9,0.9483971853010165,2.396709205402658e-05
GuptaA_2019,1947,UniRef90_A6KWR4,1213,0.0247216619801,9,0.9483971853010165,1.9328899124394057e-05
GuptaA_2019,1948,UniRef90_K6ADG5,1213,0.0228498344095,9,0.9483971853010165,1.7865390468725566e-05
GuptaA_2019,1949,UniRef90_A0A076IRH5,1213,0.0206762919697,9,0.9483971853010165,1.6165982775371383e-05
GuptaA_2019,1950,UniRef90_B0NQW3,1213,0.0186042013986,9,0.9483971853010165,1.45458963241595e-05
GuptaA_2019,1951,UniRef90_A0A173VFV9,1213,0.018265913412,9,0.9483971853010165,1.4281402198592649e-05
GuptaA_2019,1952,UniRef90_G2SYN9,1213,0.017419335437,9,0.9483971853010165,1.3619496041438623e-05
GuptaA_2019,1953,UniRef90_A0A174IM38,1213,0.0169247675377,9,0.9483971853010165,1.3232812773807661e-05
GuptaA_2019,1954,UniRef90_R6B5N2,1213,0.0142410332072,9,0.9483971853010165,1.113450602595778e-05
GuptaA_2019,1955,UniRef90_A0A3E5A2K3,1213,0.0142172407197,9,0.9483971853010165,1.1115903611962471e-05
GuptaA_2019,1956,UniRef90_A0A015ZD93,1213,0.0141136419302,9,0.9483971853010165,1.1034903776544175e-05
GuptaA_2019,1957,UniRef90_A0A174SUA3,1213,0.0132768948682,9,0.9483971853010165,1.038068402517592e-05
GuptaA_2019,1958,UniRef90_R6QJQ5,1213,0.0127140783078,9,0.9483971853010165,9.940639802814698e-06
GuptaA_2019,1959,UniRef90_A0A3E4W3S1,1213,0.0125478864,9,0.9483971853010165,9.810700860046911e-06
GuptaA_2019,1960,UniRef90_R6NI67,1213,0.012517626238999999,9,0.9483971853010165,9.787041625488663e-06
GuptaA_2019,1961,UniRef90_A0A173VHW5,1213,0.0123362141652,9,0.9483971853010165,9.64520263111806e-06
GuptaA_2019,1962,UniRef90_R7KZ69,1213,0.009498537161,9,0.9483971853010165,7.426534136825645e-06
GuptaA_2019,1963,UniRef90_Q8A1F3,1213,0.0082106529347,9,0.9483971853010165,6.419587908287725e-06
GuptaA_2019,1964,UniRef90_C9YMG1,1213,0.0080481782325,9,0.9483971853010165,6.292555302971071e-06
GuptaA_2019,1965,UniRef90_D4LRM3,1213,0.0072252109837,9,0.9483971853010165,5.649109447771697e-06
GuptaA_2019,1966,UniRef90_Q8A5W2,1213,0.0071896406282,9,0.9483971853010165,5.621298380140735e-06
GuptaA_2019,1967,UniRef90_A0A0P0FKD2,1213,0.0071365189236,9,0.9483971853010165,5.579764600156372e-06
GuptaA_2019,1968,UniRef90_D4WK38,1213,0.007119684826400001,9,0.9483971853010165,5.566602678967944e-06
GuptaA_2019,1969,UniRef90_A0A396AMB3,1213,0.0069353524576,9,0.9483971853010165,5.422480420328382e-06
GuptaA_2019,1970,UniRef90_A0A1H7TVK1,1213,0.0069304319347000005,9,0.9483971853010165,5.418633256215794e-06
GuptaA_2019,1971,UniRef90_A0A0E2AK40,1213,0.0064848623418,9,0.9483971853010165,5.0702598450351835e-06
GuptaA_2019,1972,UniRef90_A0A174LWS5,1213,0.0055197745181,9,0.9483971853010165,4.3156954793588746e-06
GuptaA_2019,1973,UniRef90_C0C553,1213,0.0052965408652,9,0.9483971853010165,4.1411578304925725e-06
GuptaA_2019,1974,UniRef90_A0A396G2L3,1213,0.0039647862517,9,0.9483971853010165,3.0999110646598904e-06
GuptaA_2019,1975,UniRef90_A0A353MZG3,1213,0.0005327314806000001,9,0.9483971853010165,4.165218769351056e-07
GuptaA_2019,1976,UniRef90_A0A174DIW8,1212,0.0360397169904,9,0.947615324472244,2.8178042994839717e-05
GuptaA_2019,1977,UniRef90_A6KXK3,1212,0.0286870049143,9,0.947615324472244,2.242924543729476e-05
GuptaA_2019,1978,UniRef90_U6RCV6,1212,0.0264979247721,9,0.947615324472244,2.0717689423064896e-05
GuptaA_2019,1979,UniRef90_R6Y9C3,1212,0.026321939919,9,0.947615324472244,2.0580093759968725e-05
GuptaA_2019,1980,UniRef90_R6CIY6,1212,0.0231916955218,9,0.947615324472244,1.8132678281313526e-05
GuptaA_2019,1981,UniRef90_A6L7Q8,1212,0.0200755769266,9,0.947615324472244,1.5696307213917124e-05
GuptaA_2019,1982,UniRef90_R6CPE5,1212,0.019652199912399998,9,0.947615324472244,1.536528531071149e-05
GuptaA_2019,1983,UniRef90_R5W221,1212,0.019353812039699998,9,0.947615324472244,1.5131987521266613e-05
GuptaA_2019,1984,UniRef90_C9L7J1,1212,0.0191860340369,9,0.947615324472244,1.5000808472947616e-05
GuptaA_2019,1985,UniRef90_R7A7S8,1212,0.0191565822469,9,0.947615324472244,1.4977781272009382e-05
GuptaA_2019,1986,UniRef90_A0A2A6ZAF7,1212,0.0179984431611,9,0.947615324472244,1.4072277686551994e-05
GuptaA_2019,1987,UniRef90_R5M766,1212,0.015665683827,9,0.947615324472244,1.2248384540265833e-05
GuptaA_2019,1988,UniRef90_C4ZBT1,1212,0.0141631515684,9,0.947615324472244,1.1073613423299453e-05
GuptaA_2019,1989,UniRef90_I8VZL5,1212,0.0136420968425,9,0.947615324472244,1.0666221143471463e-05
GuptaA_2019,1990,UniRef90_A0A3E4Q8G1,1212,0.013432532944,9,0.947615324472244,1.0502371340109461e-05
GuptaA_2019,1991,UniRef90_C4ZFB9,1212,0.0132634916407,9,0.947615324472244,1.0370204566614544e-05
GuptaA_2019,1992,UniRef90_A0A2A7A0J8,1212,0.0116656231256,9,0.947615324472244,9.120893765129007e-06
GuptaA_2019,1993,UniRef90_R5UQI8,1212,0.0114738949297,9,0.947615324472244,8.97098899898358e-06
GuptaA_2019,1994,UniRef90_A0A174L0U6,1212,0.010624810206,9,0.947615324472244,8.307122913213448e-06
GuptaA_2019,1995,UniRef90_A0A395ZY76,1212,0.0103002395615,9,0.947615324472244,8.05335384010946e-06
GuptaA_2019,1996,UniRef90_A0A285PRD6,1212,0.0099043687069,9,0.947615324472244,7.743837925645035e-06
GuptaA_2019,1997,UniRef90_A0A0D8IWR5,1212,0.0097991015355,9,0.947615324472244,7.661533647771697e-06
GuptaA_2019,1998,UniRef90_R7KMK5,1212,0.0096630702757,9,0.947615324472244,7.555176134245504e-06
GuptaA_2019,1999,UniRef90_A0A174GJP8,1212,0.0087352378,9,0.947615324472244,6.8297402658326815e-06
GuptaA_2019,2000,UniRef90_C9LB22,1212,0.008637235461,9,0.947615324472244,6.7531160758405e-06
GuptaA_2019,2001,UniRef90_Q8A5V6,1212,0.0085466395409,9,0.947615324472244,6.682282674667709e-06
GuptaA_2019,2002,UniRef90_B0PI40,1212,0.0081108582197,9,0.947615324472244,6.341562329710711e-06
GuptaA_2019,2003,UniRef90_U2DGL1,1212,0.0078794763689,9,0.947615324472244,6.160653924081314e-06
GuptaA_2019,2004,UniRef90_B7CDN2,1212,0.0077084933294,9,0.947615324472244,6.026968983111806e-06
GuptaA_2019,2005,UniRef90_R6JF82,1212,0.0074369589223,9,0.947615324472244,5.814666866536357e-06
GuptaA_2019,2006,UniRef90_A7B1Y8,1212,0.0073915731839,9,0.947615324472244,5.779181535496482e-06
GuptaA_2019,2007,UniRef90_A0A3E5CUU0,1212,0.007107307125,9,0.947615324472244,5.5569250390930415e-06
GuptaA_2019,2008,UniRef90_A0A139KPR0,1212,0.0070457499810000004,9,0.947615324472244,5.508795919468335e-06
GuptaA_2019,2009,UniRef90_D6CWC8,1212,0.0066003040042,9,0.947615324472244,5.1605191588741204e-06
GuptaA_2019,2010,UniRef90_R7GX98,1212,0.0058194764261,9,0.947615324472244,4.550020661532447e-06
GuptaA_2019,2011,UniRef90_B0NBI7,1212,0.0050995794747,9,0.947615324472244,3.987161434480062e-06
GuptaA_2019,2012,UniRef90_A6NXF7,1212,0.0035646495294,9,0.947615324472244,2.7870598353401096e-06
GuptaA_2019,2013,UniRef90_A0A0F0C7U5,1212,0.0020384615771,9,0.947615324472244,1.5937932580922595e-06
GuptaA_2019,2014,UniRef90_A0A1C5KIX3,1212,0.0013043092533,9,0.947615324472244,1.0197883137607506e-06
GuptaA_2019,2015,UniRef90_A0A3E2W7G5,1211,0.1593520843121,9,0.9468334636434714,0.00012459115270688036
GuptaA_2019,2016,UniRef90_A0A125MEP7,1211,0.0523302197476,9,0.9468334636434714,4.091494898170446e-05
GuptaA_2019,2017,UniRef90_A0A396F0F1,1211,0.051078292584000005,9,0.9468334636434714,3.993611617200939e-05
GuptaA_2019,2018,UniRef90_A6L2W9,1211,0.0249836790913,9,0.9468334636434714,1.953376004010946e-05
GuptaA_2019,2019,UniRef90_E6SNS4,1211,0.024422776672,9,0.9468334636434714,1.9095212409695074e-05
GuptaA_2019,2020,UniRef90_A6KZ38,1211,0.0236756030721,9,0.9468334636434714,1.8511026639640343e-05
GuptaA_2019,2021,UniRef90_A0A395UQZ5,1211,0.021925756892799998,9,0.9468334636434714,1.714289045566849e-05
GuptaA_2019,2022,UniRef90_A6KZP0,1211,0.021068689534100002,9,0.9468334636434714,1.647278306028147e-05
GuptaA_2019,2023,UniRef90_A0A329TPK5,1211,0.0204768258724,9,0.9468334636434714,1.6010028047224395e-05
GuptaA_2019,2024,UniRef90_D4LFP4,1211,0.0192649769143,9,0.9468334636434714,1.5062530816497263e-05
GuptaA_2019,2025,UniRef90_R6JHJ8,1211,0.0182596350047,9,0.9468334636434714,1.4276493357857702e-05
GuptaA_2019,2026,UniRef90_A0A139KJE5,1211,0.0165844983027,9,0.9468334636434714,1.2966769587724786e-05
GuptaA_2019,2027,UniRef90_A0A1Q6I606,1211,0.0160467270161,9,0.9468334636434714,1.2546307283893666e-05
GuptaA_2019,2028,UniRef90_C4Z954,1211,0.0149224471518,9,0.9468334636434714,1.166727689741986e-05
GuptaA_2019,2029,UniRef90_A0A374NNC1,1211,0.0143124080658,9,0.9468334636434714,1.1190311232056294e-05
GuptaA_2019,2030,UniRef90_A7VAS8,1211,0.0134554076431,9,0.9468334636434714,1.0520256171305706e-05
GuptaA_2019,2031,UniRef90_D4L499,1211,0.013030972077,9,0.9468334636434714,1.0188406627834246e-05
GuptaA_2019,2032,UniRef90_A0A076INX5,1211,0.013029454782700001,9,0.9468334636434714,1.0187220314855356e-05
GuptaA_2019,2033,UniRef90_R6V8F2,1211,0.0107471282058,9,0.9468334636434714,8.402758565910868e-06
GuptaA_2019,2034,UniRef90_R5S5D3,1211,0.009872113124699999,9,0.9468334636434714,7.718618549413603e-06
GuptaA_2019,2035,UniRef90_Q64XS0,1211,0.0089533958053,9,0.9468334636434714,7.0003094646598905e-06
GuptaA_2019,2036,UniRef90_A0A174XJ79,1211,0.008662402327,9,0.9468334636434714,6.772793062548866e-06
GuptaA_2019,2037,UniRef90_R6MKL0,1211,0.0084885724767,9,0.9468334636434714,6.636882311727913e-06
GuptaA_2019,2038,UniRef90_R6JMG6,1211,0.008401857482000001,9,0.9468334636434714,6.56908325410477e-06
GuptaA_2019,2039,UniRef90_V8CGP7,1211,0.00816076901026,9,0.9468334636434714,6.380585621782642e-06
GuptaA_2019,2040,UniRef90_C6J9G1,1211,0.0079414748141,9,0.9468334636434714,6.20912807982799e-06
GuptaA_2019,2041,UniRef90_A0A1Y4Q1C3,1211,0.0072539912155,9,0.9468334636434714,5.671611583659109e-06
GuptaA_2019,2042,UniRef90_P53638,1211,0.0072492225676000005,9,0.9468334636434714,5.667883164659891e-06
GuptaA_2019,2043,UniRef90_A0A069D8W9,1211,0.007204441554,9,0.9468334636434714,5.632870644253323e-06
GuptaA_2019,2044,UniRef90_R5P6Y2,1211,0.0072041404568,9,0.9468334636434714,5.63263522814699e-06
GuptaA_2019,2045,UniRef90_A0A1Y4VL05,1211,0.0069444068844000005,9,0.9468334636434714,5.429559721970289e-06
GuptaA_2019,2046,UniRef90_Q8AA95,1211,0.0068572857594,9,0.9468334636434714,5.361443126974199e-06
GuptaA_2019,2047,UniRef90_R9MM87,1211,0.0067216279316,9,0.9468334636434714,5.255377585301017e-06
GuptaA_2019,2048,UniRef90_R6K753,1211,0.0066354938428,9,0.9468334636434714,5.188032715246286e-06
GuptaA_2019,2049,UniRef90_R6JSF5,1211,0.0066171769202,9,0.9468334636434714,5.173711430961689e-06
GuptaA_2019,2050,UniRef90_A0A0N7IAG8,1211,0.0065878080431,9,0.9468334636434714,5.150749056372166e-06
GuptaA_2019,2051,UniRef90_A0A174SPA5,1211,0.0065616009843,9,0.9468334636434714,5.1302587836591084e-06
GuptaA_2019,2052,UniRef90_A0A1Q6H8U9,1211,0.0063782201202999995,9,0.9468334636434714,4.986880469351055e-06
GuptaA_2019,2053,UniRef90_A0A139L0W7,1211,0.00630496778,9,0.9468334636434714,4.929607333854574e-06
GuptaA_2019,2054,UniRef90_A0A174B8E4,1211,0.00624482778,9,0.9468334636434714,4.8825862236121975e-06
GuptaA_2019,2055,UniRef90_W4V082,1211,0.0060236780788,9,0.9468334636434714,4.709677934949179e-06
GuptaA_2019,2056,UniRef90_R5F5H7,1211,0.0058610184794999996,9,0.9468334636434714,4.5825007658326815e-06
GuptaA_2019,2057,UniRef90_R5IQK5,1211,0.0052159110101,9,0.9468334636434714,4.0781165051602815e-06
GuptaA_2019,2058,UniRef90_D4JJ93,1211,0.0043876298982,9,0.9468334636434714,3.4305159485535575e-06
GuptaA_2019,2059,UniRef90_B0N9K7,1211,0.00374950603744,9,0.9468334636434714,2.9315918979202502e-06
GuptaA_2019,2060,UniRef90_C0DB30,1211,0.0020746307289,9,0.9468334636434714,1.622072501094605e-06
GuptaA_2019,2061,UniRef90_A7VCW4,1211,0.00175114811729,9,0.9468334636434714,1.3691541182877248e-06
GuptaA_2019,2062,UniRef90_A0A3E5EJF8,1210,0.0289436881312,9,0.946051602814699,2.262993598999218e-05
GuptaA_2019,2063,UniRef90_A6L0E8,1210,0.0262807396347,9,0.946051602814699,2.0547880871540266e-05
GuptaA_2019,2064,UniRef90_S0F7Y5,1210,0.0254153944581,9,0.946051602814699,1.9871301374589523e-05
GuptaA_2019,2065,UniRef90_A6KXL2,1210,0.0249539993228,9,0.946051602814699,1.9510554591712274e-05
GuptaA_2019,2066,UniRef90_D1PNJ1,1210,0.0246517447139999,9,0.946051602814699,1.9274233552775527e-05
GuptaA_2019,2067,UniRef90_A6L3E7,1210,0.0213131638085,9,0.946051602814699,1.6663927919077404e-05
GuptaA_2019,2068,UniRef90_A6KXK1,1210,0.0209598273748,9,0.946051602814699,1.638766800218921e-05
GuptaA_2019,2069,UniRef90_A0A0P0M1Y5,1210,0.019724620492799997,9,0.946051602814699,1.5421908125723217e-05
GuptaA_2019,2070,UniRef90_C7G920,1210,0.0175017169277,9,0.946051602814699,1.3683906902032839e-05
GuptaA_2019,2071,UniRef90_A0A174SJJ8,1210,0.0173706870617,9,0.946051602814699,1.358145978240813e-05
GuptaA_2019,2072,UniRef90_A0A174BTQ6,1210,0.0172812267366,9,0.946051602814699,1.351151425848319e-05
GuptaA_2019,2073,UniRef90_B7AWN4,1210,0.0170501624815,9,0.946051602814699,1.3330854168491008e-05
GuptaA_2019,2074,UniRef90_A0A395X5I7,1210,0.0168668332499,9,0.946051602814699,1.3187516223534012e-05
GuptaA_2019,2075,UniRef90_B0G4M3,1210,0.0154618783784,9,0.946051602814699,1.208903704331509e-05
GuptaA_2019,2076,UniRef90_A0A3E4IFW0,1210,0.0151930577464,9,0.946051602814699,1.187885672118843e-05
GuptaA_2019,2077,UniRef90_A0A395V8Q2,1210,0.014928805481200002,9,0.946051602814699,1.1672248226114152e-05
GuptaA_2019,2078,UniRef90_K1FSS9,1210,0.0136025573417,9,0.946051602814699,1.0635306756606723e-05
GuptaA_2019,2079,UniRef90_A0A173W4W5,1210,0.0132643894501,9,0.946051602814699,1.0370906528616107e-05
GuptaA_2019,2080,UniRef90_A0A3E5F7G1,1210,0.0128953284571,9,0.946051602814699,1.0082352194761532e-05
GuptaA_2019,2081,UniRef90_F9ZAU7,1210,0.012665400189999999,9,0.946051602814699,9.902580289288505e-06
GuptaA_2019,2082,UniRef90_A6L4L7,1210,0.0115715020645,9,0.946051602814699,9.047304194292416e-06
GuptaA_2019,2083,UniRef90_F7K2A9,1210,0.010145380054200001,9,0.946051602814699,7.932275257388586e-06
GuptaA_2019,2084,UniRef90_A0A0P0GTV9,1210,0.009513985740200001,9,0.946051602814699,7.438612775762315e-06
GuptaA_2019,2085,UniRef90_R6JN51,1210,0.0093469246291,9,0.946051602814699,7.307994236982018e-06
GuptaA_2019,2086,UniRef90_D4JA91,1210,0.0091883070517,9,0.946051602814699,7.183977366458171e-06
GuptaA_2019,2087,UniRef90_A0A174FNC5,1210,0.008946591042199999,9,0.946051602814699,6.994989086942923e-06
GuptaA_2019,2088,UniRef90_A0A174DRU7,1210,0.0087264652077,9,0.946051602814699,6.822881319546521e-06
GuptaA_2019,2089,UniRef90_R7GU60,1210,0.0075850876627,9,0.946051602814699,5.930482926270524e-06
GuptaA_2019,2090,UniRef90_C9L0L0,1210,0.0074716360995999995,9,0.946051602814699,5.8417795931196245e-06
GuptaA_2019,2091,UniRef90_D4C6H5,1210,0.007298813799,9,0.946051602814699,5.706656605942143e-06
GuptaA_2019,2092,UniRef90_R5U8M7,1210,0.007246276676,9,0.946051602814699,5.665579887412041e-06
GuptaA_2019,2093,UniRef90_N2AW62,1210,0.007180452139,9,0.946051602814699,5.614114260359656e-06
GuptaA_2019,2094,UniRef90_C9L0N2,1210,0.0070013454896,9,0.946051602814699,5.47407778702111e-06
GuptaA_2019,2095,UniRef90_C3QRX1,1210,0.0069780845744000005,9,0.946051602814699,5.455890988584833e-06
GuptaA_2019,2096,UniRef90_A0A1G6GC65,1210,0.006941765874399999,9,0.946051602814699,5.427494819702893e-06
GuptaA_2019,2097,UniRef90_Q8A7U2,1210,0.0066600393771,9,0.946051602814699,5.207223907036747e-06
GuptaA_2019,2098,UniRef90_D4VQH3,1210,0.0060969571155,9,0.946051602814699,4.76697194331509e-06
GuptaA_2019,2099,UniRef90_A0A174LD60,1210,0.0054004531905,9,0.946051602814699,4.222402807271306e-06
GuptaA_2019,2100,UniRef90_A0A0E2HGP2,1210,0.005190328915,9,0.946051602814699,4.05811486708366e-06
GuptaA_2019,2101,UniRef90_A5ZQ56,1210,0.0049879620816,9,0.946051602814699,3.8998921670054725e-06
GuptaA_2019,2102,UniRef90_A8RVT2,1210,0.0046214934789,9,0.946051602814699,3.6133647215793593e-06
GuptaA_2019,2103,UniRef90_T4NZG2,1210,0.00415706819873,9,0.946051602814699,3.2502487871227523e-06
GuptaA_2019,2104,UniRef90_G1WRA4,1210,0.0041076507635,9,0.946051602814699,3.2116112302580145e-06
GuptaA_2019,2105,UniRef90_A0A317FX43,1210,0.0029240753939000002,9,0.946051602814699,2.2862200108678655e-06
GuptaA_2019,2106,UniRef90_A7AYS0,1210,0.0026498336666,9,0.946051602814699,2.0718011466770914e-06
GuptaA_2019,2107,UniRef90_A0A3E2W8H8,1209,0.1129414707482,9,0.9452697419859265,8.83045119219703e-05
GuptaA_2019,2108,UniRef90_F0R8V1,1209,0.042414832474,9,0.9452697419859265,3.3162496070367474e-05
GuptaA_2019,2109,UniRef90_R5MR58,1209,0.0262928175288,9,0.9452697419859265,2.0557324103831118e-05
GuptaA_2019,2110,UniRef90_S0F7I4,1209,0.026095004344500003,9,0.9452697419859265,2.04026617236122e-05
GuptaA_2019,2111,UniRef90_A0A076IX78,1209,0.025070398075800002,9,0.9452697419859265,1.960156221720094e-05
GuptaA_2019,2112,UniRef90_A0A076J5A3,1209,0.023960570304000003,9,0.9452697419859265,1.873383135574668e-05
GuptaA_2019,2113,UniRef90_A0A076IWP2,1209,0.0224101912952,9,0.9452697419859265,1.7521650739014856e-05
GuptaA_2019,2114,UniRef90_A0A076J1F4,1209,0.0218377873994,9,0.9452697419859265,1.7074110554652072e-05
GuptaA_2019,2115,UniRef90_D4V9Y7,1209,0.020585807455,9,0.9452697419859265,1.6095236477716967e-05
GuptaA_2019,2116,UniRef90_A0A076J0M3,1209,0.0199056211766,9,0.9452697419859265,1.5563425470367474e-05
GuptaA_2019,2117,UniRef90_D4VAA1,1209,0.0192875536955,9,0.9452697419859265,1.5080182717357311e-05
GuptaA_2019,2118,UniRef90_A0A173T7G7,1209,0.0191649003807,9,0.9452697419859265,1.4984284894996092e-05
GuptaA_2019,2119,UniRef90_D4V4N2,1209,0.0191380312327,9,0.9452697419859265,1.49632769606724e-05
GuptaA_2019,2120,UniRef90_D4C6E8,1209,0.0188619782463999,9,0.9452697419859265,1.4747441944018685e-05
GuptaA_2019,2121,UniRef90_A0A1L5KG17,1209,0.018539584833,9,0.9452697419859265,1.4495375162627053e-05
GuptaA_2019,2122,UniRef90_D4S2D0,1209,0.017014732746,9,0.9452697419859265,1.3303153046129788e-05
GuptaA_2019,2123,UniRef90_A0A174BZU8,1209,0.0161423494223,9,0.9452697419859265,1.2621070697654418e-05
GuptaA_2019,2124,UniRef90_D4L1G6,1209,0.01593724571317,9,0.9452697419859265,1.2460708141649727e-05
GuptaA_2019,2125,UniRef90_A0A0P0M5Y2,1209,0.015724149440199998,9,0.9452697419859265,1.2294096513057074e-05
GuptaA_2019,2126,UniRef90_A6KZL1,1209,0.015034152745200001,9,0.9452697419859265,1.1754615125254106e-05
GuptaA_2019,2127,UniRef90_A0A397WFR9,1209,0.0150157924823,9,0.9452697419859265,1.1740259954886631e-05
GuptaA_2019,2128,UniRef90_A5Z4A1,1209,0.0147082373503,9,0.9452697419859265,1.1499794644487881e-05
GuptaA_2019,2129,UniRef90_A0A174V7J3,1209,0.014606194154,9,0.9452697419859265,1.142001106645817e-05
GuptaA_2019,2130,UniRef90_S3YUW5,1209,0.012930192533600001,9,0.9452697419859265,1.0109611050508211e-05
GuptaA_2019,2131,UniRef90_A0A0P0GVF8,1209,0.0116207023902,9,0.9452697419859265,9.085772001720094e-06
GuptaA_2019,2132,UniRef90_Q64YN3,1209,0.0115296602036,9,0.9452697419859265,9.014589682251759e-06
GuptaA_2019,2133,UniRef90_B0G9J5,1209,0.011066994127000001,9,0.9452697419859265,8.652849200156373e-06
GuptaA_2019,2134,UniRef90_F3APC4,1209,0.01035297577,9,0.9452697419859265,8.094586215793589e-06
GuptaA_2019,2135,UniRef90_I9S795,1209,0.009736534314000001,9,0.9452697419859265,7.612614788115716e-06
GuptaA_2019,2136,UniRef90_J5CNQ5,1209,0.0097132888612,9,0.9452697419859265,7.594440079124316e-06
GuptaA_2019,2137,UniRef90_A0A176UAM3,1209,0.0095353611327,9,0.9452697419859265,7.455325357857701e-06
GuptaA_2019,2138,UniRef90_W6P7T2,1209,0.0094121109441,9,0.9452697419859265,7.3589608632525405e-06
GuptaA_2019,2139,UniRef90_A0A2V1JU71,1209,0.009388660593,9,0.9452697419859265,7.340625952306489e-06
GuptaA_2019,2140,UniRef90_A0A3E2U0M3,1209,0.0093124981529,9,0.9452697419859265,7.281077523768569e-06
GuptaA_2019,2141,UniRef90_Q8A2N8,1209,0.008884483588400001,9,0.9452697419859265,6.946429701641909e-06
GuptaA_2019,2142,UniRef90_Q8AAN7,1209,0.0082265931422,9,0.9452697419859265,6.432050932134481e-06
GuptaA_2019,2143,UniRef90_Q5LGG9,1209,0.008068783574500001,9,0.9452697419859265,6.308665812744332e-06
GuptaA_2019,2144,UniRef90_A0A0P0FW93,1209,0.007778572926,9,0.9452697419859265,6.081761474589523e-06
GuptaA_2019,2145,UniRef90_A5ZEZ9,1209,0.0077010646787,9,0.9452697419859265,6.021160812118843e-06
GuptaA_2019,2146,UniRef90_A0A2M9V7Z4,1209,0.0076955356691,9,0.9452697419859265,6.016837896090696e-06
GuptaA_2019,2147,UniRef90_E5C9H3,1209,0.0075500818105,9,0.9452697419859265,5.903113221657545e-06
GuptaA_2019,2148,UniRef90_A0A3E5GQQ9,1209,0.00748686342112,9,0.9452697419859265,5.853685239343237e-06
GuptaA_2019,2149,UniRef90_R6J7H7,1209,0.0074705967879,9,0.9452697419859265,5.84096699601251e-06
GuptaA_2019,2150,UniRef90_R6DPV0,1209,0.0074083744549,9,0.9452697419859265,5.792317791164973e-06
GuptaA_2019,2151,UniRef90_A0A395WK13,1209,0.0073580402112,9,0.9452697419859265,5.752963417670054e-06
GuptaA_2019,2152,UniRef90_W4V0L2,1209,0.0072485160915,9,0.9452697419859265,5.667330798670837e-06
GuptaA_2019,2153,UniRef90_D7J823,1209,0.0071030609424999995,9,0.9452697419859265,5.553605115324472e-06
GuptaA_2019,2154,UniRef90_R6UUN2,1209,0.0070556581962,9,0.9452697419859265,5.516542764816263e-06
GuptaA_2019,2155,UniRef90_A0A139LCL3,1209,0.0069874044113,9,0.9452697419859265,5.46317780398749e-06
GuptaA_2019,2156,UniRef90_E1WU23,1209,0.0069589658742,9,0.9452697419859265,5.440942825801407e-06
GuptaA_2019,2157,UniRef90_R6JL47,1209,0.0069476264566,9,0.9452697419859265,5.432076979358874e-06
GuptaA_2019,2158,UniRef90_Q8A2N7,1209,0.0068383655868,9,0.9452697419859265,5.3466501851446444e-06
GuptaA_2019,2159,UniRef90_A0A2N5NJL8,1209,0.006784098002600001,9,0.9452697419859265,5.304220486786552e-06
GuptaA_2019,2160,UniRef90_R6SVV9,1209,0.0067083121717,9,0.9452697419859265,5.244966514229867e-06
GuptaA_2019,2161,UniRef90_A0A174AW29,1209,0.0066516211165,9,0.9452697419859265,5.200641998827209e-06
GuptaA_2019,2162,UniRef90_B0GA28,1209,0.0064759724848000005,9,0.9452697419859265,5.063309214073495e-06
GuptaA_2019,2163,UniRef90_Q8A0F7,1209,0.0062932452451999995,9,0.9452697419859265,4.920441943080531e-06
GuptaA_2019,2164,UniRef90_A0A174X5R3,1209,0.0058124468428000006,9,0.9452697419859265,4.544524505707585e-06
GuptaA_2019,2165,UniRef90_C6JCF8,1209,0.0056557384455,9,0.9452697419859265,4.4220003483189996e-06
GuptaA_2019,2166,UniRef90_A0A2N5NXF3,1209,0.0056180280299,9,0.9452697419859265,4.392516051524628e-06
GuptaA_2019,2167,UniRef90_A5ZP86,1209,0.0052823448307,9,0.9452697419859265,4.130058507193119e-06
GuptaA_2019,2168,UniRef90_A0A174UA00,1209,0.0038997204076999,9,0.9452697419859265,3.0490386299451916e-06
GuptaA_2019,2169,UniRef90_UPI000944CD3B,1209,0.0038941049874,9,0.9452697419859265,3.044648152775606e-06
GuptaA_2019,2170,UniRef90_A0A174K3R6,1209,0.0024707756945999,9,0.9452697419859265,1.9318027322907737e-06
GuptaA_2019,2171,UniRef90_R7A947,1209,0.0010131307381,9,0.9452697419859265,7.921272385457389e-07
GuptaA_2019,2172,UniRef90_A0A330I026,1209,0.0005459723512,9,0.9452697419859265,4.268743949960907e-07
GuptaA_2019,2173,UniRef90_D4KNZ2,1208,0.036604394542,9,0.944487881157154,2.8619542253322907e-05
GuptaA_2019,2174,UniRef90_S0F6E1,1208,0.024991528734,9,0.944487881157154,1.9539897368256448e-05
GuptaA_2019,2175,UniRef90_A0A174LZM2,1208,0.024144742941,9,0.944487881157154,1.887782872634871e-05
GuptaA_2019,2176,UniRef90_C3RAS0,1208,0.0230393263962,9,0.944487881157154,1.801354683049257e-05
GuptaA_2019,2177,UniRef90_A0A076INU9,1208,0.021623034646700002,9,0.944487881157154,1.690620378944488e-05
GuptaA_2019,2178,UniRef90_A6KZH6,1208,0.0211715396189,9,0.944487881157154,1.655319751282252e-05
GuptaA_2019,2179,UniRef90_A0A076J215,1208,0.0206834663804,9,0.944487881157154,1.617159216606724e-05
GuptaA_2019,2180,UniRef90_D4K0T9,1208,0.0204358710877,9,0.944487881157154,1.5978007105316656e-05
GuptaA_2019,2181,UniRef90_A0A0P0LFY4,1208,0.0189379043925,9,0.944487881157154,1.4806805623534011e-05
GuptaA_2019,2182,UniRef90_A6L168,1208,0.0188166096987999,9,0.944487881157154,1.4711970053791947e-05
GuptaA_2019,2183,UniRef90_C4ZB99,1208,0.0174389165592,9,0.944487881157154,1.3634805753870211e-05
GuptaA_2019,2184,UniRef90_A0A173T3I9,1208,0.0169111640813,9,0.944487881157154,1.3222176764112589e-05
GuptaA_2019,2185,UniRef90_A0A076J8H6,1208,0.014791061692,9,0.944487881157154,1.1564551752931978e-05
GuptaA_2019,2186,UniRef90_A0A0P0LPD3,1208,0.0144795562863,9,0.944487881157154,1.1320997878264269e-05
GuptaA_2019,2187,UniRef90_Q64YL9,1208,0.014410670597,9,0.944487881157154,1.1267138856137608e-05
GuptaA_2019,2188,UniRef90_A0A329U2G8,1208,0.0143142863226,9,0.944487881157154,1.119177976747459e-05
GuptaA_2019,2189,UniRef90_A0A174U258,1208,0.013479875398500001,9,0.944487881157154,1.0539386550820954e-05
GuptaA_2019,2190,UniRef90_Q89ZR3,1208,0.0131241803734,9,0.944487881157154,1.0261282543706019e-05
GuptaA_2019,2191,UniRef90_R6VDK6,1208,0.011598690801,9,0.944487881157154,9.068562002345583e-06
GuptaA_2019,2192,UniRef90_D4LFN8,1208,0.010922374772,9,0.944487881157154,8.539776991399532e-06
GuptaA_2019,2193,UniRef90_K6AKG6,1208,0.0096013284595,9,0.944487881157154,7.506902626661454e-06
GuptaA_2019,2194,UniRef90_A0A174ZPP6,1208,0.0089417176063,9,0.944487881157154,6.99117873831118e-06
GuptaA_2019,2195,UniRef90_U2CXK1,1208,0.008815539861,9,0.944487881157154,6.892525301798279e-06
GuptaA_2019,2196,UniRef90_A0A329U1V1,1208,0.0086611557855,9,0.944487881157154,6.771818440578577e-06
GuptaA_2019,2197,UniRef90_U2DJQ5,1208,0.0086436549059,9,0.944487881157154,6.758135188350273e-06
GuptaA_2019,2198,UniRef90_A0A174XBG7,1208,0.0085770882888,9,0.944487881157154,6.706089357935887e-06
GuptaA_2019,2199,UniRef90_V8CBC0,1208,0.0082308029297,9,0.944487881157154,6.435342400078186e-06
GuptaA_2019,2200,UniRef90_Q5L7Q8,1208,0.0081775052325,9,0.944487881157154,6.3936710183737296e-06
GuptaA_2019,2201,UniRef90_U2DPW0,1208,0.008072129975,9,0.944487881157154,6.311282232212666e-06
GuptaA_2019,2202,UniRef90_A0A174TIN9,1208,0.0078561119845,9,0.944487881157154,6.14238622713057e-06
GuptaA_2019,2203,UniRef90_A0A0K6BRB2,1208,0.00768541071,9,0.944487881157154,6.008921587177482e-06
GuptaA_2019,2204,UniRef90_U2EGU6,1208,0.0076692462154,9,0.944487881157154,5.996283202032838e-06
GuptaA_2019,2205,UniRef90_A5ZWQ7,1208,0.0074631943893,9,0.944487881157154,5.835179350508209e-06
GuptaA_2019,2206,UniRef90_A5ZVL5,1208,0.0074127279986,9,0.944487881157154,5.795721656450351e-06
GuptaA_2019,2207,UniRef90_R6T7Q1,1208,0.0073471569319,9,0.944487881157154,5.744454207896795e-06
GuptaA_2019,2208,UniRef90_R6KC09,1208,0.0070943238507,9,0.944487881157154,5.546773925488663e-06
GuptaA_2019,2209,UniRef90_D4LUY7,1208,0.006887642889,9,0.944487881157154,5.385178177482408e-06
GuptaA_2019,2210,UniRef90_R6KA18,1208,0.006568739898,9,0.944487881157154,5.1358404206411265e-06
GuptaA_2019,2211,UniRef90_R6URI8,1208,0.0065432362688,9,0.944487881157154,5.115900131978107e-06
GuptaA_2019,2212,UniRef90_Q8A4T0,1208,0.0064700566524999,9,0.944487881157154,5.05868385652846e-06
GuptaA_2019,2213,UniRef90_A0A173XNY7,1208,0.0058333330583,9,0.944487881157154,4.560854619468334e-06
GuptaA_2019,2214,UniRef90_R5WPM4,1208,0.0057489514306999995,9,0.944487881157154,4.494879930179827e-06
GuptaA_2019,2215,UniRef90_R7D5H1,1208,0.0055022170961,9,0.944487881157154,4.3019680188428455e-06
GuptaA_2019,2216,UniRef90_A0A0F0C8E1,1208,0.0047576429628,9,0.944487881157154,3.7198146698983577e-06
GuptaA_2019,2217,UniRef90_A0A174BDR1,1208,0.004659104081,9,0.944487881157154,3.642770978107897e-06
GuptaA_2019,2218,UniRef90_U2CQ78,1208,0.0045279018357999995,9,0.944487881157154,3.5401890819390145e-06
GuptaA_2019,2219,UniRef90_U2CXE6,1208,0.004232339285,9,0.944487881157154,3.3091003010164192e-06
GuptaA_2019,2220,UniRef90_UPI0009D697C2,1208,0.0041318430734,9,0.944487881157154,3.2305262497263486e-06
GuptaA_2019,2221,UniRef90_A0A1X9I1X8,1208,0.00273102214009,9,0.944487881157154,2.135279233846755e-06
GuptaA_2019,2222,UniRef90_A0A3C0LRA3,1208,0.0007633899223,9,0.944487881157154,5.968646773260359e-07
GuptaA_2019,2223,UniRef90_R6ZQ24,1208,0.0006835502519,9,0.944487881157154,5.344411664581705e-07
GuptaA_2019,2224,UniRef90_A0A353M1A7,1208,0.0001807806739,9,0.944487881157154,1.4134532752150116e-07
GuptaA_2019,2225,UniRef90_B0NU50,1207,0.1268654136101,9,0.9437060203283816,9.919109742775607e-05
GuptaA_2019,2226,UniRef90_W6PL08,1207,0.0996750827419,9,0.9437060203283816,7.79320428005473e-05
GuptaA_2019,2227,UniRef90_A0A3E5ECT0,1207,0.048293509271,9,0.9437060203283816,3.7758803182955434e-05
GuptaA_2019,2228,UniRef90_R6Q0Q6,1207,0.0326231293664,9,0.9437060203283816,2.5506746963565287e-05
GuptaA_2019,2229,UniRef90_A0A396AHV1,1207,0.025101372743699998,9,0.9437060203283816,1.9625780096716183e-05
GuptaA_2019,2230,UniRef90_A0A076IZE7,1207,0.0250928777928,9,0.9437060203283816,1.9619138227365128e-05
GuptaA_2019,2231,UniRef90_R5W667,1207,0.0246943049417,9,0.9437060203283816,1.9307509727677872e-05
GuptaA_2019,2232,UniRef90_A0A076IL10,1207,0.0226207108384,9,0.9437060203283816,1.768624772353401e-05
GuptaA_2019,2233,UniRef90_R6YYK5,1207,0.022192165893,9,0.9437060203283816,1.735118521735731e-05
GuptaA_2019,2234,UniRef90_A0A076IP18,1207,0.021216505839,9,0.9437060203283816,1.658835483893667e-05
GuptaA_2019,2235,UniRef90_R5MTI9,1207,0.021122107090299998,9,0.9437060203283816,1.6514548155043e-05
GuptaA_2019,2236,UniRef90_A7LT12,1207,0.020990478672199997,9,0.9437060203283816,1.6411633050977324e-05
GuptaA_2019,2237,UniRef90_S0F522,1207,0.0190436256926,9,0.9437060203283816,1.48894649668491e-05
GuptaA_2019,2238,UniRef90_A6KXA6,1207,0.018935135782199998,9,0.9437060203283816,1.4804640955590304e-05
GuptaA_2019,2239,UniRef90_A0A0P0L628,1207,0.0183579965922,9,0.9437060203283816,1.4353398430179828e-05
GuptaA_2019,2240,UniRef90_A6L0A5,1207,0.0177189366999,9,0.9437060203283816,1.38537425331509e-05
GuptaA_2019,2241,UniRef90_A0A0K2HL51,1207,0.0167471396039,9,0.9437060203283816,1.3093932450273653e-05
GuptaA_2019,2242,UniRef90_A6KWL1,1207,0.016258500418199998,9,0.9437060203283816,1.2711884611571538e-05
GuptaA_2019,2243,UniRef90_C0FXH0,1207,0.0146059141264,9,0.9437060203283816,1.1419792123846754e-05
GuptaA_2019,2244,UniRef90_A0A329U315,1207,0.0142309340166,9,0.9437060203283816,1.1126609864425331e-05
GuptaA_2019,2245,UniRef90_A0A139KDS5,1207,0.0141382659544,9,0.9437060203283816,1.1054156336512901e-05
GuptaA_2019,2246,UniRef90_F7LTX8,1207,0.0138952114876999,9,0.9437060203283816,1.0864121569741908e-05
GuptaA_2019,2247,UniRef90_A0A2A6ZIF3,1207,0.0127879808165,9,0.9437060203283816,9.998421279515246e-06
GuptaA_2019,2248,UniRef90_A0A1E3UBQ7,1207,0.0119354108941,9,0.9437060203283816,9.331830253401094e-06
GuptaA_2019,2249,UniRef90_A0A174LR72,1207,0.0112711023546,9,0.9437060203283816,8.81243342814699e-06
GuptaA_2019,2250,UniRef90_A0A076JAP0,1207,0.0108745361874,9,0.9437060203283816,8.502373875996873e-06
GuptaA_2019,2251,UniRef90_U2R804,1207,0.010301374984599999,9,0.9437060203283816,8.054241582955434e-06
GuptaA_2019,2252,UniRef90_A0A174V0Y3,1207,0.0090997563382,9,0.9437060203283816,7.114743032212666e-06
GuptaA_2019,2253,UniRef90_A0A139L9V6,1207,0.008639841928300002,9,0.9437060203283816,6.755153970523848e-06
GuptaA_2019,2254,UniRef90_A0A174DSX8,1207,0.0084369864759,9,0.9437060203283816,6.596549238389367e-06
GuptaA_2019,2255,UniRef90_A8SQS2,1207,0.0080733831771,9,0.9437060203283816,6.3122620618451915e-06
GuptaA_2019,2256,UniRef90_R6KA80,1207,0.0079938802668,9,0.9437060203283816,6.25010185050821e-06
GuptaA_2019,2257,UniRef90_R6JIX7,1207,0.0079556354228,9,0.9437060203283816,6.2201997050820956e-06
GuptaA_2019,2258,UniRef90_R5U4U4,1207,0.0077622981785,9,0.9437060203283816,6.06903688702111e-06
GuptaA_2019,2259,UniRef90_R5U2V5,1207,0.007709424757599901,9,0.9437060203283816,6.027697230336122e-06
GuptaA_2019,2260,UniRef90_Q8A2N9,1207,0.007704775799,9,0.9437060203283816,6.024062391712275e-06
GuptaA_2019,2261,UniRef90_D4LPU1,1207,0.0073763271389,9,0.9437060203283816,5.767261250117279e-06
GuptaA_2019,2262,UniRef90_I9PNE5,1207,0.0073466391403,9,0.9437060203283816,5.744049366927287e-06
GuptaA_2019,2263,UniRef90_A0A139KV96,1207,0.0072222514869,9,0.9437060203283816,5.6467955331508994e-06
GuptaA_2019,2264,UniRef90_Q8A5U5,1207,0.0071372028986000004,9,0.9437060203283816,5.5802993734167325e-06
GuptaA_2019,2265,UniRef90_R6J5K4,1207,0.0070294665954,9,0.9437060203283816,5.4960645781078966e-06
GuptaA_2019,2266,UniRef90_A0A1G8QHE7,1207,0.0067592366251999995,9,0.9437060203283816,5.284782349648162e-06
GuptaA_2019,2267,UniRef90_R6J7T6,1207,0.0067432129209999995,9,0.9437060203283816,5.272254043002345e-06
GuptaA_2019,2268,UniRef90_Q8A0F6,1207,0.0067333617067,9,0.9437060203283816,5.264551764425332e-06
GuptaA_2019,2269,UniRef90_R6JD81,1207,0.0067054573973,9,0.9437060203283816,5.242734477951525e-06
GuptaA_2019,2270,UniRef90_A0A1Y4PP26,1207,0.0066917241706,9,0.9437060203283816,5.231997005942142e-06
GuptaA_2019,2271,UniRef90_Q8A5Z4,1207,0.0066853278632,9,0.9437060203283816,5.226995983737294e-06
GuptaA_2019,2272,UniRef90_Q89ZV6,1207,0.0065338294796,9,0.9437060203283816,5.108545331978108e-06
GuptaA_2019,2273,UniRef90_D4VLF6,1207,0.006526968896900001,9,0.9437060203283816,5.103181311102424e-06
GuptaA_2019,2274,UniRef90_A0A1Y4P8Z9,1207,0.0065011509617,9,0.9437060203283816,5.082995278889758e-06
GuptaA_2019,2275,UniRef90_U2D3S3,1207,0.0064033759794999996,9,0.9437060203283816,5.006548850273651e-06
GuptaA_2019,2276,UniRef90_C3QX97,1207,0.0063903778355,9,0.9437060203283816,4.996386110633307e-06
GuptaA_2019,2277,UniRef90_R6JK76,1207,0.0060931087226999995,9,0.9437060203283816,4.76396303573104e-06
GuptaA_2019,2278,UniRef90_B5CNL4,1207,0.0058049491929,9,0.9437060203283816,4.538662386942924e-06
GuptaA_2019,2279,UniRef90_F3ABX3,1207,0.0057835336927,9,0.9437060203283816,4.5219184462079755e-06
GuptaA_2019,2280,UniRef90_D4LSW9,1207,0.0045278099836,9,0.9437060203283816,3.540117266301798e-06
GuptaA_2019,2281,UniRef90_B5CNV1,1207,0.0043272868876,9,0.9437060203283816,3.383336112275215e-06
GuptaA_2019,2282,UniRef90_D3ACK1,1207,0.0037276291774,9,0.9437060203283816,2.9144872379984363e-06
GuptaA_2019,2283,UniRef90_E5XIP5,1207,0.0035005865105,9,0.9437060203283816,2.7369714702892883e-06
GuptaA_2019,2284,UniRef90_A0A2U1BIK2,1207,0.0029934003619,9,0.9437060203283816,2.340422487802971e-06
GuptaA_2019,2285,UniRef90_R7DB33,1207,0.0025886245379,9,0.9437060203283816,2.023944126583268e-06
GuptaA_2019,2286,UniRef90_A0A174AC24,1207,0.002532417235,9,0.9437060203283816,1.9799978381548085e-06
GuptaA_2019,2287,UniRef90_C4ZFG5,1206,0.24459236445639998,9,0.9429241594996091,0.000191237188785301
GuptaA_2019,2288,UniRef90_A0A176U3W1,1206,0.1539777417098,9,0.9429241594996091,0.00012038916474573886
GuptaA_2019,2289,UniRef90_A7VSA3,1206,0.0347941828596,9,0.9429241594996091,2.7204208647068023e-05
GuptaA_2019,2290,UniRef90_A0A0K2HFR8,1206,0.0241899881037,9,0.9429241594996091,1.8913204146755276e-05
GuptaA_2019,2291,UniRef90_A6KZN9,1206,0.0236787641753,9,0.9429241594996091,1.851349818240813e-05
GuptaA_2019,2292,UniRef90_F3PNR1,1206,0.023579558222,9,0.9429241594996091,1.843593293354183e-05
GuptaA_2019,2293,UniRef90_A0A076IYU9,1206,0.0214559365288,9,0.9429241594996091,1.677555631649726e-05
GuptaA_2019,2294,UniRef90_A0A0K2HQB2,1206,0.0213860078251,9,0.9429241594996091,1.6720881802267397e-05
GuptaA_2019,2295,UniRef90_B6VSH7,1206,0.0212785416383,9,0.9429241594996091,1.663685820039093e-05
GuptaA_2019,2296,UniRef90_A0A069SE00,1206,0.0212642586986,9,0.9429241594996091,1.662569092931978e-05
GuptaA_2019,2297,UniRef90_A6KZ78,1206,0.0209665637635,9,0.9429241594996091,1.6392934920641127e-05
GuptaA_2019,2298,UniRef90_R7A3V8,1206,0.0208580702615,9,0.9429241594996091,1.6308108101250977e-05
GuptaA_2019,2299,UniRef90_U6RJ00,1206,0.019809039736,9,0.9429241594996091,1.548791222517592e-05
GuptaA_2019,2300,UniRef90_D1K8S5,1206,0.019776887424,9,0.9429241594996091,1.546277359186865e-05
GuptaA_2019,2301,UniRef90_D1JZG9,1206,0.0192011044338999,9,0.9429241594996091,1.5012591426035886e-05
GuptaA_2019,2302,UniRef90_I9GA39,1206,0.01878889311,9,0.9429241594996091,1.469029953870211e-05
GuptaA_2019,2303,UniRef90_A0A076IXK9,1206,0.0182896606160999,9,0.9429241594996091,1.4299969207271228e-05
GuptaA_2019,2304,UniRef90_A8SFP0,1206,0.0174337417650999,9,0.9429241594996091,1.363075978506638e-05
GuptaA_2019,2305,UniRef90_A0A139K4G6,1206,0.0173948007997,9,0.9429241594996091,1.3600313369585613e-05
GuptaA_2019,2306,UniRef90_C6JHS6,1206,0.017347474576999998,9,0.9429241594996091,1.3563310849882719e-05
GuptaA_2019,2307,UniRef90_A0A0K2HE63,1206,0.0170003451095,9,0.9429241594996091,1.3291903916731821e-05
GuptaA_2019,2308,UniRef90_A0A2V2C600,1206,0.0169676751053,9,0.9429241594996091,1.326636052017201e-05
GuptaA_2019,2309,UniRef90_A0A0K2HI92,1206,0.016945275377799898,9,0.9429241594996091,1.3248847050664503e-05
GuptaA_2019,2310,UniRef90_A0A127SM24,1206,0.0168837925055,9,0.9429241594996091,1.3200776001172792e-05
GuptaA_2019,2311,UniRef90_A0A395US25,1206,0.016577091247999998,9,0.9429241594996091,1.2960978301798278e-05
GuptaA_2019,2312,UniRef90_R7CY82,1206,0.0157707775317,9,0.9429241594996091,1.2330553191321344e-05
GuptaA_2019,2313,UniRef90_C3RDJ2,1206,0.0155758912908,9,0.9429241594996091,1.2178179273494918e-05
GuptaA_2019,2314,UniRef90_R6KF85,1206,0.0149601114838999,9,0.9429241594996091,1.1696725163330649e-05
GuptaA_2019,2315,UniRef90_K9DY17,1206,0.011993028441,9,0.9429241594996091,9.376879156372166e-06
GuptaA_2019,2316,UniRef90_A0A158T0E6,1206,0.0105677123971,9,0.9429241594996091,8.262480373025801e-06
GuptaA_2019,2317,UniRef90_D4KYQ2,1206,0.0104531372887,9,0.9429241594996091,8.17289858381548e-06
GuptaA_2019,2318,UniRef90_A0A174MDE8,1206,0.0100338400667,9,0.9429241594996091,7.845066510320563e-06
GuptaA_2019,2319,UniRef90_D4LXM4,1206,0.009513951898,9,0.9429241594996091,7.4385863158717755e-06
GuptaA_2019,2320,UniRef90_N1ZTN4,1206,0.009079422365,9,0.9429241594996091,7.098844695074276e-06
GuptaA_2019,2321,UniRef90_A0A173UEE0,1206,0.0088897789101,9,0.9429241594996091,6.9505699062548865e-06
GuptaA_2019,2322,UniRef90_A0A1E3UDK7,1206,0.008697413852,9,0.9429241594996091,6.800167202501954e-06
GuptaA_2019,2323,UniRef90_A0A1M6PAE7,1206,0.0086140939112,9,0.9429241594996091,6.735022604534793e-06
GuptaA_2019,2324,UniRef90_A0A174GZ16,1206,0.008566742266800001,9,0.9429241594996091,6.69800020860047e-06
GuptaA_2019,2325,UniRef90_R6JE84,1206,0.00838974438,9,0.9429241594996091,6.559612494136043e-06
GuptaA_2019,2326,UniRef90_Q8A287,1206,0.0082646247612,9,0.9429241594996091,6.46178636528538e-06
GuptaA_2019,2327,UniRef90_I9RZU0,1206,0.0081649044978,9,0.9429241594996091,6.383818997498045e-06
GuptaA_2019,2328,UniRef90_A0A174D9D2,1206,0.0080997886205,9,0.9429241594996091,6.3329074437060206e-06
GuptaA_2019,2329,UniRef90_A0A0P0F0D5,1206,0.008080226476199999,9,0.9429241594996091,6.317612569351055e-06
GuptaA_2019,2330,UniRef90_R6J924,1206,0.0078508123285,9,0.9429241594996091,6.1382426336982015e-06
GuptaA_2019,2331,UniRef90_W6P901,1206,0.0077473203728,9,0.9429241594996091,6.057326327443315e-06
GuptaA_2019,2332,UniRef90_A0A1Q6HIR5,1206,0.007698397379,9,0.9429241594996091,6.019075354964816e-06
GuptaA_2019,2333,UniRef90_A0A3E5HHK3,1206,0.0073501965305999995,9,0.9429241594996091,5.746830751055512e-06
GuptaA_2019,2334,UniRef90_Q8A1G8,1206,0.0072891551324,9,0.9429241594996091,5.6991048728694294e-06
GuptaA_2019,2335,UniRef90_A7VCV0,1206,0.0072679997259999995,9,0.9429241594996091,5.682564289288506e-06
GuptaA_2019,2336,UniRef90_R6J9C5,1206,0.0069917000307,9,0.9429241594996091,5.466536380531665e-06
GuptaA_2019,2337,UniRef90_A0A0N7IAS3,1206,0.0069297335074,9,0.9429241594996091,5.418087183268178e-06
GuptaA_2019,2338,UniRef90_R5U4M6,1206,0.0068508355873,9,0.9429241594996091,5.3563999900703675e-06
GuptaA_2019,2339,UniRef90_A0A0P0FKE6,1206,0.0067610303972,9,0.9429241594996091,5.286184829710712e-06
GuptaA_2019,2340,UniRef90_A0A174XUS1,1206,0.006596567889,9,0.9429241594996091,5.157598036747459e-06
GuptaA_2019,2341,UniRef90_D4JA55,1206,0.006497089405,9,0.9429241594996091,5.0798197068021895e-06
GuptaA_2019,2342,UniRef90_A0A174GTZ8,1206,0.0063118081603,9,0.9429241594996091,4.934955559265051e-06
GuptaA_2019,2343,UniRef90_D6D138,1206,0.0061448875493,9,0.9429241594996091,4.8044468720093825e-06
GuptaA_2019,2344,UniRef90_A0A0P0EPF0,1206,0.0061428642337,9,0.9429241594996091,4.802864920797498e-06
GuptaA_2019,2345,UniRef90_A0A1Y4VV50,1206,0.0059397700542,9,0.9429241594996091,4.644073537294762e-06
GuptaA_2019,2346,UniRef90_K5BVK6,1206,0.0057122936111,9,0.9429241594996091,4.46621861696638e-06
GuptaA_2019,2347,UniRef90_R5WPP1,1206,0.0053653436677,9,0.9429241594996091,4.1949520466770914e-06
GuptaA_2019,2348,UniRef90_E9RY24,1206,0.0051358053493,9,0.9429241594996091,4.015485026817826e-06
GuptaA_2019,2349,UniRef90_F0YXQ5,1206,0.0044905114323,9,0.9429241594996091,3.510954990070367e-06
GuptaA_2019,2350,UniRef90_A0A173SN15,1206,0.0044710182138,9,0.9429241594996091,3.495714006098514e-06
GuptaA_2019,2351,UniRef90_UPI000570F4B8,1206,0.0035791753345,9,0.9429241594996091,2.798416993354183e-06
GuptaA_2019,2352,UniRef90_R6Q8L0,1205,0.2729609092739,9,0.9421422986708365,0.00021341744274738076
GuptaA_2019,2353,UniRef90_A0A069S655,1205,0.0657766486894,9,0.9421422986708365,5.142818505817045e-05
GuptaA_2019,2354,UniRef90_A0A0E2H0J4,1205,0.0446081231217,9,0.9421422986708365,3.487734411391712e-05
GuptaA_2019,2355,UniRef90_A0A076IXF3,1205,0.044595080404,9,0.9421422986708365,3.4867146523846757e-05
GuptaA_2019,2356,UniRef90_A6LH06,1205,0.0277273498978,9,0.9421422986708365,2.1678928770758403e-05
GuptaA_2019,2357,UniRef90_A0A0P0M697,1205,0.0207762440716,9,0.9421422986708365,1.6244131408600468e-05
GuptaA_2019,2358,UniRef90_I8W962,1205,0.020380342975800003,9,0.9421422986708365,1.593459184972635e-05
GuptaA_2019,2359,UniRef90_D1PNI7,1205,0.0202945435099,9,0.9421422986708365,1.5867508608209536e-05
GuptaA_2019,2360,UniRef90_A0A0M1VZG1,1205,0.0201894460089,9,0.9421422986708365,1.5785336988975762e-05
GuptaA_2019,2361,UniRef90_A0A0P0LKS4,1205,0.019502610815,9,0.9421422986708365,1.5248327455043004e-05
GuptaA_2019,2362,UniRef90_D4L151,1205,0.019437099443,9,0.9421422986708365,1.519710667943706e-05
GuptaA_2019,2363,UniRef90_A0A076IXB1,1205,0.019276976541,9,0.9421422986708365,1.5071912854573885e-05
GuptaA_2019,2364,UniRef90_A0A0K2HG79,1205,0.019208082488,9,0.9421422986708365,1.501804729319781e-05
GuptaA_2019,2365,UniRef90_A0A076J1I5,1205,0.0190250431619,9,0.9421422986708365,1.4874936013995308e-05
GuptaA_2019,2366,UniRef90_A6L686,1205,0.0188930738807,9,0.9421422986708365,1.4771754402423768e-05
GuptaA_2019,2367,UniRef90_A0A0P0L8X9,1205,0.0183719344007,9,0.9421422986708365,1.436429585668491e-05
GuptaA_2019,2368,UniRef90_A0A0N7J6K9,1205,0.017975406077,9,0.9421422986708365,1.4054265892885066e-05
GuptaA_2019,2369,UniRef90_A6KZA8,1205,0.0174128669814,9,0.9421422986708365,1.3614438609382328e-05
GuptaA_2019,2370,UniRef90_A0A395YWN9,1205,0.017242331942,9,0.9421422986708365,1.3481103942142298e-05
GuptaA_2019,2371,UniRef90_A0A395ULW4,1205,0.0169679448154,9,0.9421422986708365,1.3266571395934323e-05
GuptaA_2019,2372,UniRef90_A0A0K2HJE7,1205,0.0168328382964,9,0.9421422986708365,1.316093690101642e-05
GuptaA_2019,2373,UniRef90_A0A0K2HHB7,1205,0.0164787969735,9,0.9421422986708365,1.288412585887412e-05
GuptaA_2019,2374,UniRef90_R6KLQ9,1205,0.0159699723599,9,0.9421422986708365,1.2486295824784989e-05
GuptaA_2019,2375,UniRef90_A7VFZ9,1205,0.015771475373,9,0.9421422986708365,1.2331098806098514e-05
GuptaA_2019,2376,UniRef90_F7K095,1205,0.0154084715206,9,0.9421422986708365,1.2047280313213449e-05
GuptaA_2019,2377,UniRef90_A0A1Y3V2S0,1205,0.0153777060518,9,0.9421422986708365,1.2023225998279906e-05
GuptaA_2019,2378,UniRef90_K5DFH8,1205,0.015198273331,9,0.9421422986708365,1.1882934582486317e-05
GuptaA_2019,2379,UniRef90_U6RK63,1205,0.0142975000409,9,0.9421422986708365,1.117865523135262e-05
GuptaA_2019,2380,UniRef90_B0NSF5,1205,0.0141066295008,9,0.9421422986708365,1.1029421032681783e-05
GuptaA_2019,2381,UniRef90_B5CPL4,1205,0.013015933179299999,9,0.9421422986708365,1.0176648302814699e-05
GuptaA_2019,2382,UniRef90_E5V8X4,1205,0.0114053429408,9,0.9421422986708365,8.917390884128225e-06
GuptaA_2019,2383,UniRef90_A0A0K6BWG7,1205,0.011208008756099999,9,0.9421422986708365,8.76310301493354e-06
GuptaA_2019,2384,UniRef90_D4K6N1,1205,0.0100501731607,9,0.9421422986708365,7.85783671673182e-06
GuptaA_2019,2385,UniRef90_A0A3E4N5Q3,1205,0.0095938761989,9,0.9421422986708365,7.50107599601251e-06
GuptaA_2019,2386,UniRef90_Q8A2P0,1205,0.0091653432373,9,0.9421422986708365,7.166022859499609e-06
GuptaA_2019,2387,UniRef90_F3PKY2,1205,0.0088582135222,9,0.9421422986708365,6.925890165910869e-06
GuptaA_2019,2388,UniRef90_D4LQI2,1205,0.007572438934,9,0.9421422986708365,5.920593380766223e-06
GuptaA_2019,2389,UniRef90_A0A367FY64,1205,0.0075333113874,9,0.9421422986708365,5.890001084753714e-06
GuptaA_2019,2390,UniRef90_A0A0P0FFT5,1205,0.0074703541123999,9,0.9421422986708365,5.840777257544879e-06
GuptaA_2019,2391,UniRef90_F7M291,1205,0.0073523982542,9,0.9421422986708365,5.748552192494136e-06
GuptaA_2019,2392,UniRef90_Q8A9S4,1205,0.007329820307,9,0.9421422986708365,5.730899379984362e-06
GuptaA_2019,2393,UniRef90_A0A285PST4,1205,0.007158879468299999,9,0.9421422986708365,5.597247434167318e-06
GuptaA_2019,2394,UniRef90_R6JKD1,1205,0.0071324897803000005,9,0.9421422986708365,5.576614370836591e-06
GuptaA_2019,2395,UniRef90_Q8A1A4,1205,0.007109407018700001,9,0.9421422986708365,5.558566863721658e-06
GuptaA_2019,2396,UniRef90_R5V0P0,1205,0.0070754707646,9,0.9421422986708365,5.532033435965598e-06
GuptaA_2019,2397,UniRef90_B0G6Z2,1205,0.0070367311062,9,0.9421422986708365,5.501744414542612e-06
GuptaA_2019,2398,UniRef90_R6JCE0,1205,0.007000725956700001,9,0.9421422986708365,5.473593398514465e-06
GuptaA_2019,2399,UniRef90_R5J413,1205,0.0069973051925,9,0.9421422986708365,5.4709188369820175e-06
GuptaA_2019,2400,UniRef90_R6JMP0,1205,0.0069256161335,9,0.9421422986708365,5.414867969898358e-06
GuptaA_2019,2401,UniRef90_A0A174IZD9,1205,0.0068707866671999995,9,0.9421422986708365,5.371998957935887e-06
GuptaA_2019,2402,UniRef90_A0A139KC75,1205,0.0068656780771,9,0.9421422986708365,5.368004751446442e-06
GuptaA_2019,2403,UniRef90_D6CXV5,1205,0.0068268114445000005,9,0.9421422986708365,5.337616453870212e-06
GuptaA_2019,2404,UniRef90_A0A069D0E5,1205,0.006770625903499999,9,0.9421422986708365,5.29368718021892e-06
GuptaA_2019,2405,UniRef90_R6JB05,1205,0.0065876907228,9,0.9421422986708365,5.150657328225176e-06
GuptaA_2019,2406,UniRef90_R6K4Z0,1205,0.0064798665078,9,0.9421422986708365,5.066353798123534e-06
GuptaA_2019,2407,UniRef90_R6K8Z3,1205,0.0064696492234,9,0.9421422986708365,5.058365303674746e-06
GuptaA_2019,2408,UniRef90_A0A0P0EUX2,1205,0.0063918237588,9,0.9421422986708365,4.997516621422986e-06
GuptaA_2019,2409,UniRef90_R5U3S3,1205,0.0061885515954,9,0.9421422986708365,4.838586079280688e-06
GuptaA_2019,2410,UniRef90_Q8AB53,1205,0.0060829978563,9,0.9421422986708365,4.7560577453479285e-06
GuptaA_2019,2411,UniRef90_Q8A874,1205,0.0059554650659,9,0.9421422986708365,4.656344852150117e-06
GuptaA_2019,2412,UniRef90_A0A173YQS4,1205,0.0059132152488,9,0.9421422986708365,4.623311375136826e-06
GuptaA_2019,2413,UniRef90_A5ZC85,1205,0.0058906370097,9,0.9421422986708365,4.605658334401877e-06
GuptaA_2019,2414,UniRef90_I9JFK4,1205,0.0058635476831,9,0.9421422986708365,4.584478251055513e-06
GuptaA_2019,2415,UniRef90_R5XP79,1205,0.0057936743135,9,0.9421422986708365,4.52984700039093e-06
GuptaA_2019,2416,UniRef90_A0A174XPU3,1205,0.0057397637014,9,0.9421422986708365,4.487696404534792e-06
GuptaA_2019,2417,UniRef90_E5CFD6,1205,0.0057391705609,9,0.9421422986708365,4.487232651211884e-06
GuptaA_2019,2418,UniRef90_R6D7Z6,1205,0.0056086129134,9,0.9421422986708365,4.38515474073495e-06
GuptaA_2019,2419,UniRef90_C6J8K4,1205,0.005601815438,9,0.9421422986708365,4.379840060985145e-06
GuptaA_2019,2420,UniRef90_R6RU84,1205,0.005358608572400001,9,0.9421422986708365,4.189686139483972e-06
GuptaA_2019,2421,UniRef90_A0A1Y4PQJ2,1205,0.0052320615522,9,0.9421422986708365,4.090743981391712e-06
GuptaA_2019,2422,UniRef90_D3ATF1,1205,0.0046565196358,9,0.9421422986708365,3.640750301641908e-06
GuptaA_2019,2423,UniRef90_B5CNY1,1205,0.0042568812034999995,9,0.9421422986708365,3.3282886657544953e-06
GuptaA_2019,2424,UniRef90_D4KA57,1205,0.0040956335573,9,0.9421422986708365,3.2022154474589524e-06
GuptaA_2019,2425,UniRef90_A0A174FXW6,1205,0.003631754747,9,0.9421422986708365,2.8395267763878033e-06
GuptaA_2019,2426,UniRef90_A0A1C7FPL6,1205,0.0032267601985,9,0.9421422986708365,2.522877403049257e-06
GuptaA_2019,2427,UniRef90_B5CQZ6,1205,0.0030782302691,9,0.9421422986708365,2.4067476693510555e-06
GuptaA_2019,2428,UniRef90_C5EQB4,1205,0.0013429999068999999,9,0.9421422986708365,1.0500390202501953e-06
GuptaA_2019,2429,UniRef90_C5EQF6,1205,0.001217844085,9,0.9421422986708365,9.521845856137607e-07
GuptaA_2019,2430,UniRef90_A0A2I1K572,1204,0.31508988319962,9,0.9413604378420641,0.00024635643721627836
GuptaA_2019,2431,UniRef90_A7ALY3,1204,0.0353555306742,9,0.9413604378420641,2.7643104514620797e-05
GuptaA_2019,2432,UniRef90_A0A174YBK6,1204,0.0328353530343,9,0.9413604378420641,2.5672676336434714e-05
GuptaA_2019,2433,UniRef90_K6A127,1204,0.0217069319198,9,0.9413604378420641,1.6971799780922595e-05
GuptaA_2019,2434,UniRef90_A0A0P0LMG6,1204,0.020342648721,9,0.9413604378420641,1.5905120188428462e-05
GuptaA_2019,2435,UniRef90_E5UNE1,1204,0.0203368035194,9,0.9413604378420641,1.5900550054261142e-05
GuptaA_2019,2436,UniRef90_A0A0P0L7V7,1204,0.020179677604999998,9,0.9413604378420641,1.5777699456606724e-05
GuptaA_2019,2437,UniRef90_A0A076J3M3,1204,0.0200093006597,9,0.9413604378420641,1.564448839695074e-05
GuptaA_2019,2438,UniRef90_D4VA65,1204,0.0198962742798,9,0.9413604378420641,1.5556117497888977e-05
GuptaA_2019,2439,UniRef90_A0A0N7J6N2,1204,0.019876297807700002,9,0.9413604378420641,1.5540498676856922e-05
GuptaA_2019,2440,UniRef90_A6L0V2,1204,0.0195741915186,9,0.9413604378420641,1.5304293603283817e-05
GuptaA_2019,2441,UniRef90_A0A076IVK6,1204,0.019156164699,9,0.9413604378420641,1.4977454807662237e-05
GuptaA_2019,2442,UniRef90_A0A0P0LDE8,1204,0.0187314492324,9,0.9413604378420641,1.4645386420953869e-05
GuptaA_2019,2443,UniRef90_A6L170,1204,0.018640268223799997,9,0.9413604378420641,1.4574095562001562e-05
GuptaA_2019,2444,UniRef90_A0A0K2HG23,1204,0.018538553378,9,0.9413604378420641,1.449456870836591e-05
GuptaA_2019,2445,UniRef90_A0A0K2HGY5,1204,0.018380973044300003,9,0.9413604378420641,1.4371362818060987e-05
GuptaA_2019,2446,UniRef90_A0A0N7J6V1,1204,0.0183250325225,9,0.9413604378420641,1.4327625115324472e-05
GuptaA_2019,2447,UniRef90_A6KYJ4,1204,0.0181470021080999,9,0.9413604378420641,1.4188430107974901e-05
GuptaA_2019,2448,UniRef90_A6L100,1204,0.0179353693864,9,0.9413604378420641,1.4022962772791242e-05
GuptaA_2019,2449,UniRef90_A6KYP1,1204,0.0178772683742,9,0.9413604378420641,1.397753586724003e-05
GuptaA_2019,2450,UniRef90_A0A076J1R5,1204,0.01780396242,9,0.9413604378420641,1.3920220813135262e-05
GuptaA_2019,2451,UniRef90_A0A1Y3ZJ45,1204,0.0177545279385,9,0.9413604378420641,1.3881569928459733e-05
GuptaA_2019,2452,UniRef90_A6KXY5,1204,0.0177113798775,9,0.9413604378420641,1.3847834149726348e-05
GuptaA_2019,2453,UniRef90_A0A396F406,1204,0.017393173965,9,0.9413604378420641,1.3599041411258797e-05
GuptaA_2019,2454,UniRef90_U6RSF2,1204,0.0164503251639,9,0.9413604378420641,1.2861864866223611e-05
GuptaA_2019,2455,UniRef90_A0A076JBZ1,1204,0.016380198707,9,0.9413604378420641,1.28070357365129e-05
GuptaA_2019,2456,UniRef90_A0A395V2L8,1204,0.0162356540083,9,0.9413604378420641,1.2694021898592652e-05
GuptaA_2019,2457,UniRef90_A0A396FM87,1204,0.0161947372561,9,0.9413604378420641,1.266203069280688e-05
GuptaA_2019,2458,UniRef90_D4JSK0,1204,0.0161436926863,9,0.9413604378420641,1.2622120943158719e-05
GuptaA_2019,2459,UniRef90_A0A0P0M5C6,1204,0.0159048774816,9,0.9413604378420641,1.2435400689288507e-05
GuptaA_2019,2460,UniRef90_A0A0P0M5K0,1204,0.015901956849,9,0.9413604378420641,1.2433117161063331e-05
GuptaA_2019,2461,UniRef90_D1PM75,1204,0.0158894409235,9,0.9413604378420641,1.2423331449179046e-05
GuptaA_2019,2462,UniRef90_A0A396FF91,1204,0.0158203885408,9,0.9413604378420641,1.236934209601251e-05
GuptaA_2019,2463,UniRef90_A0A173RQY0,1204,0.0156653241553,9,0.9413604378420641,1.2248103327052384e-05
GuptaA_2019,2464,UniRef90_A0A3E5DY27,1204,0.0154850805659,9,0.9413604378420641,1.2107177924863175e-05
GuptaA_2019,2465,UniRef90_A6L1V8,1204,0.0148286408283,9,0.9413604378420641,1.1593933407584051e-05
GuptaA_2019,2466,UniRef90_F3PWG3,1204,0.0144422290065,9,0.9413604378420641,1.1291813140344018e-05
GuptaA_2019,2467,UniRef90_R0BV64,1204,0.014350913051000001,9,0.9413604378420641,1.1220416771696638e-05
GuptaA_2019,2468,UniRef90_F3PJ22,1204,0.013960304335,9,0.9413604378420641,1.0915015117279124e-05
GuptaA_2019,2469,UniRef90_R6KJM9,1204,0.011944596636000001,9,0.9413604378420641,9.339012225175919e-06
GuptaA_2019,2470,UniRef90_A0A0E2H2C7,1204,0.0115976540384,9,0.9413604378420641,9.067751398279907e-06
GuptaA_2019,2471,UniRef90_A0A395UZG9,1204,0.0109164561294,9,0.9413604378420641,8.535149436591088e-06
GuptaA_2019,2472,UniRef90_E4MEM1,1204,0.0097692179723999,9,0.9413604378420641,7.638168860359577e-06
GuptaA_2019,2473,UniRef90_Q8A250,1204,0.0086008985524,9,0.9413604378420641,6.724705670367475e-06
GuptaA_2019,2474,UniRef90_A8RVM3,1204,0.0082179303677,9,0.9413604378420641,6.425277848084442e-06
GuptaA_2019,2475,UniRef90_D4WMF0,1204,0.0078068920216,9,0.9413604378420641,6.103903066145426e-06
GuptaA_2019,2476,UniRef90_A6P027,1204,0.0077059201224,9,0.9413604378420641,6.024957093354183e-06
GuptaA_2019,2477,UniRef90_Q8AA27,1204,0.007695377878,9,0.9413604378420641,6.016714525410477e-06
GuptaA_2019,2478,UniRef90_A0A174KAJ0,1204,0.0076612321876,9,0.9413604378420641,5.990017347615324e-06
GuptaA_2019,2479,UniRef90_A0A1Y4VQ01,1204,0.0075293870769999995,9,0.9413604378420641,5.886932820172009e-06
GuptaA_2019,2480,UniRef90_A0A174G236,1204,0.0074645419318,9,0.9413604378420641,5.8362329412040656e-06
GuptaA_2019,2481,UniRef90_A0A174WI52,1204,0.007450764381,9,0.9413604378420641,5.825460813917123e-06
GuptaA_2019,2482,UniRef90_A0A069DBF6,1204,0.0073770470307,9,0.9413604378420641,5.767824105316654e-06
GuptaA_2019,2483,UniRef90_R6J6S5,1204,0.007306951977,9,0.9413604378420641,5.71301952853792e-06
GuptaA_2019,2484,UniRef90_Q8A0Y7,1204,0.0072647124953,9,0.9413604378420641,5.679994132369039e-06
GuptaA_2019,2485,UniRef90_C3Q9Z8,1204,0.007234578020599999,9,0.9413604378420641,5.656433167005472e-06
GuptaA_2019,2486,UniRef90_A0A139L6D5,1204,0.0071717638853,9,0.9413604378420641,5.607321255121189e-06
GuptaA_2019,2487,UniRef90_R6JJ34,1204,0.0071413335743999995,9,0.9413604378420641,5.58352898702111e-06
GuptaA_2019,2488,UniRef90_D7IZR9,1204,0.0071259010348,9,0.9413604378420641,5.57146288881939e-06
GuptaA_2019,2489,UniRef90_A0A1G6GC26,1204,0.0070736351068,9,0.9413604378420641,5.530598207036748e-06
GuptaA_2019,2490,UniRef90_A0A0P0FJV2,1204,0.0070281062972,9,0.9413604378420641,5.495001014229867e-06
GuptaA_2019,2491,UniRef90_R7KSD4,1204,0.0070135813504,9,0.9413604378420641,5.483644527286943e-06
GuptaA_2019,2492,UniRef90_A0A396DHI3,1204,0.0068098548708,9,0.9413604378420641,5.324358773103988e-06
GuptaA_2019,2493,UniRef90_Q8A0V3,1204,0.0066699345875999,9,0.9413604378420641,5.214960584519077e-06
GuptaA_2019,2494,UniRef90_A0A1I5CTC2,1204,0.0066345752615,9,0.9413604378420641,5.187314512509773e-06
GuptaA_2019,2495,UniRef90_D4WA76,1204,0.0066025996687,9,0.9413604378420641,5.1623140490226735e-06
GuptaA_2019,2496,UniRef90_A0A174GQN8,1204,0.0065944032315,9,0.9413604378420641,5.1559055758405e-06
GuptaA_2019,2497,UniRef90_A0A174W7R8,1204,0.0065090753409,9,0.9413604378420641,5.089191040578577e-06
GuptaA_2019,2498,UniRef90_A0A395VTL6,1204,0.0063984334919,9,0.9413604378420641,5.002684512822517e-06
GuptaA_2019,2499,UniRef90_A0A371A4J5,1204,0.0063950909579,9,0.9413604378420641,5.000071116419077e-06
GuptaA_2019,2500,UniRef90_A7B545,1204,0.0063873350826,9,0.9413604378420641,4.994007101329163e-06
GuptaA_2019,2501,UniRef90_R7KUM4,1204,0.0063612043686,9,0.9413604378420641,4.9735765196247065e-06
GuptaA_2019,2502,UniRef90_D7J3H2,1204,0.0063180079126,9,0.9413604378420641,4.939802902736513e-06
GuptaA_2019,2503,UniRef90_A0A139L6J7,1204,0.0060695669903,9,0.9413604378420641,4.745556677326036e-06
GuptaA_2019,2504,UniRef90_R6J9F9,1204,0.0059777634579000006,9,0.9413604378420641,4.6737790913995316e-06
GuptaA_2019,2505,UniRef90_A0A173Z243,1204,0.0057477574417,9,0.9413604378420641,4.493946396950743e-06
GuptaA_2019,2506,UniRef90_A0A139KRU2,1204,0.0057265783665,9,0.9413604378420641,4.477387307662236e-06
GuptaA_2019,2507,UniRef90_D4J5V2,1204,0.005498946557,9,0.9413604378420641,4.2994109124315875e-06
GuptaA_2019,2508,UniRef90_Q8A8D9,1204,0.0050764581602,9,0.9413604378420641,3.969083784362784e-06
GuptaA_2019,2509,UniRef90_A0A134CL94,1204,0.0049136806321,9,0.9413604378420641,3.841814411336982e-06
GuptaA_2019,2510,UniRef90_D1PJX1,1204,0.0046355867905,9,0.9413604378420641,3.6243837298670836e-06
GuptaA_2019,2511,UniRef90_A0A3E2W4F1,1204,0.004297018254,9,0.9413604378420641,3.3596702533229086e-06
GuptaA_2019,2512,UniRef90_R7EI10,1204,0.0042533902504,9,0.9413604378420641,3.325559226270524e-06
GuptaA_2019,2513,UniRef90_A0A120A0G9,1203,0.0300756000818,9,0.9405785770132916,2.3514933605785768e-05
GuptaA_2019,2514,UniRef90_A0A397WFB7,1203,0.0248264824161,9,0.9405785770132916,1.941085411735731e-05
GuptaA_2019,2515,UniRef90_A6KXA1,1203,0.02305914458,9,0.9405785770132916,1.8029041892103206e-05
GuptaA_2019,2516,UniRef90_A6KZJ8,1203,0.021644968501000002,9,0.9405785770132916,1.6923353010946054e-05
GuptaA_2019,2517,UniRef90_E5UNU5,1203,0.0205102748678,9,0.9405785770132916,1.6036180506489445e-05
GuptaA_2019,2518,UniRef90_C3R800,1203,0.0197053357408999,9,0.9405785770132916,1.5406830133619937e-05
GuptaA_2019,2519,UniRef90_A0A0K2HFR2,1203,0.019703895061,9,0.9405785770132916,1.5405703722439404e-05
GuptaA_2019,2520,UniRef90_A6L0V6,1203,0.0197034121531,9,0.9405785770132916,1.5405326155668492e-05
GuptaA_2019,2521,UniRef90_C3R9H8,1203,0.0193830099096,9,0.9405785770132916,1.5154816192025018e-05
GuptaA_2019,2522,UniRef90_A0A076J2S5,1203,0.019320271916,9,0.9405785770132916,1.5105763812353402e-05
GuptaA_2019,2523,UniRef90_A0A069SD51,1203,0.0193080291332,9,0.9405785770132916,1.5096191660046912e-05
GuptaA_2019,2524,UniRef90_A0A076J323,1203,0.0192445931429999,9,0.9405785770132916,1.504659354417506e-05
GuptaA_2019,2525,UniRef90_A0A076IMG8,1203,0.0192137777235,9,0.9405785770132916,1.5022500174745896e-05
GuptaA_2019,2526,UniRef90_A0A0P0M5Q5,1203,0.019209669843299998,9,0.9405785770132916,1.5019288384128224e-05
GuptaA_2019,2527,UniRef90_C3R9E8,1203,0.019019447576700002,9,0.9405785770132916,1.487056104511337e-05
GuptaA_2019,2528,UniRef90_A0A0P0LLB5,1203,0.0190101124059,9,0.9405785770132916,1.486326224073495e-05
GuptaA_2019,2529,UniRef90_A0A0K2HHG8,1203,0.0188099216016,9,0.9405785770132916,1.4706740892572322e-05
GuptaA_2019,2530,UniRef90_A0A0K2HIB7,1203,0.018796860744,9,0.9405785770132916,1.4696529119624706e-05
GuptaA_2019,2531,UniRef90_A0A1Y4PFU1,1203,0.018671106261299898,9,0.9405785770132916,1.4598206615558951e-05
GuptaA_2019,2532,UniRef90_A0A174VSZ2,1203,0.0184642872595,9,0.9405785770132916,1.4436502939405787e-05
GuptaA_2019,2533,UniRef90_A0A076IV18,1203,0.018413214343999902,9,0.9405785770132916,1.4396571027365052e-05
GuptaA_2019,2534,UniRef90_A0A076IWC0,1203,0.0180724813316,9,0.9405785770132916,1.4130165231899921e-05
GuptaA_2019,2535,UniRef90_E5UP80,1203,0.0178924645997,9,0.9405785770132916,1.3989417200703673e-05
GuptaA_2019,2536,UniRef90_D1K3W1,1203,0.0178343938135,9,0.9405785770132916,1.3944013927677873e-05
GuptaA_2019,2537,UniRef90_A0A0N7J6U8,1203,0.0178224408193,9,0.9405785770132916,1.393466834972635e-05
GuptaA_2019,2538,UniRef90_A0A0K2HH17,1203,0.0175014452823,9,0.9405785770132916,1.3683694513135263e-05
GuptaA_2019,2539,UniRef90_A0A173YVI3,1203,0.0172618563393,9,0.9405785770132916,1.349636930359656e-05
GuptaA_2019,2540,UniRef90_A0A076J3P7,1203,0.017227100205,9,0.9405785770132916,1.3469194843627832e-05
GuptaA_2019,2541,UniRef90_A0A076J627,1203,0.0170578178063,9,0.9405785770132916,1.3336839567083658e-05
GuptaA_2019,2542,UniRef90_A0A1Y3ZLI2,1203,0.0168666692806,9,0.9405785770132916,1.3187388022361218e-05
GuptaA_2019,2543,UniRef90_A0A0P0L4N1,1203,0.016847579877299998,9,0.9405785770132916,1.3172462765676308e-05
GuptaA_2019,2544,UniRef90_A0A0M1W5V2,1203,0.0167226036957,9,0.9405785770132916,1.3074748784753715e-05
GuptaA_2019,2545,UniRef90_A0A0P0M4D2,1203,0.0165095534584,9,0.9405785770132916,1.2908173149648164e-05
GuptaA_2019,2546,UniRef90_A0A0M1W8D4,1203,0.0164811107164,9,0.9405785770132916,1.288593488381548e-05
GuptaA_2019,2547,UniRef90_A0A1Y4PH92,1203,0.0163141981389,9,0.9405785770132916,1.2755432477638781e-05
GuptaA_2019,2548,UniRef90_A0A396CIN6,1203,0.0163056299195,9,0.9405785770132916,1.274873332251759e-05
GuptaA_2019,2549,UniRef90_D4LFP9,1203,0.0162502444185999,9,0.9405785770132916,1.2705429568881859e-05
GuptaA_2019,2550,UniRef90_D1PLZ5,1203,0.01617607648172,9,0.9405785770132916,1.26474405642846e-05
GuptaA_2019,2551,UniRef90_A6KZJ2,1203,0.0159482592838,9,0.9405785770132916,1.2469319221110243e-05
GuptaA_2019,2552,UniRef90_A6L1R7,1203,0.0159258914488,9,0.9405785770132916,1.2451830687099297e-05
GuptaA_2019,2553,UniRef90_A0A3E4FXA9,1203,0.015734431522300002,9,0.9405785770132916,1.230213567028929e-05
GuptaA_2019,2554,UniRef90_I8WGA2,1203,0.015658371504599998,9,0.9405785770132916,1.2242667321813916e-05
GuptaA_2019,2555,UniRef90_I8ZBR2,1203,0.0154637465244,9,0.9405785770132916,1.2090497673494918e-05
GuptaA_2019,2556,UniRef90_A0A174F809,1203,0.015184905539000001,9,0.9405785770132916,1.187248282955434e-05
GuptaA_2019,2557,UniRef90_V2YBM4,1203,0.0150914609018,9,0.9405785770132916,1.1799422128068804e-05
GuptaA_2019,2558,UniRef90_A0A0M1W407,1203,0.0148948381229,9,0.9405785770132916,1.1645690479202502e-05
GuptaA_2019,2559,UniRef90_A0A0P0M392,1203,0.014639947576,9,0.9405785770132916,1.1446401544956997e-05
GuptaA_2019,2560,UniRef90_U2DPG2,1203,0.0144105857114,9,0.9405785770132916,1.126707248741204e-05
GuptaA_2019,2561,UniRef90_R5JPG2,1203,0.0141337499572,9,0.9405785770132916,1.1050625455199376e-05
GuptaA_2019,2562,UniRef90_A7B527,1203,0.0125541213414,9,0.9405785770132916,9.815575716497263e-06
GuptaA_2019,2563,UniRef90_A0A076J7V9,1203,0.0125266285938,9,0.9405785770132916,9.794080214073495e-06
GuptaA_2019,2564,UniRef90_Q64ZA1,1203,0.0114887928336,9,0.9405785770132916,8.982637086473808e-06
GuptaA_2019,2565,UniRef90_D4L1Y5,1203,0.0113083100711,9,0.9405785770132916,8.84152468420641e-06
GuptaA_2019,2566,UniRef90_A0A2A6ZYV1,1203,0.0105279696625,9,0.9405785770132916,8.23140708561376e-06
GuptaA_2019,2567,UniRef90_A0A3E4V165,1203,0.0094739062758,9,0.9405785770132916,7.407276212509773e-06
GuptaA_2019,2568,UniRef90_A0A3E2B0H7,1203,0.009190574449999999,9,0.9405785770132916,7.185750156372165e-06
GuptaA_2019,2569,UniRef90_A0A2A7BEA2,1203,0.0090206532316,9,0.9405785770132916,7.052895411727912e-06
GuptaA_2019,2570,UniRef90_A0A0N7IAX7,1203,0.0081620247006,9,0.9405785770132916,6.3815673968725565e-06
GuptaA_2019,2571,UniRef90_D4JA79,1203,0.00804794828,9,0.9405785770132916,6.292375512118842e-06
GuptaA_2019,2572,UniRef90_D4LW80,1203,0.007878746235,9,0.9405785770132916,6.160083060985144e-06
GuptaA_2019,2573,UniRef90_A7B829,1203,0.0078527386451,9,0.9405785770132916,6.139748745191556e-06
GuptaA_2019,2574,UniRef90_R5RSP5,1203,0.0076726944833,9,0.9405785770132916,5.9989792676309616e-06
GuptaA_2019,2575,UniRef90_D6D803,1203,0.0073012058457,9,0.9405785770132916,5.708526853557467e-06
GuptaA_2019,2576,UniRef90_R5UTQ0,1203,0.0072910598343999995,9,0.9405785770132916,5.700594084753714e-06
GuptaA_2019,2577,UniRef90_Q8A3H9,1203,0.0072543479550000005,9,0.9405785770132916,5.671890504300235e-06
GuptaA_2019,2578,UniRef90_Q8A4M8,1203,0.0071504140012,9,0.9405785770132916,5.590628617044566e-06
GuptaA_2019,2579,UniRef90_I8XUF5,1203,0.0071290949301,9,0.9405785770132916,5.573960070445661e-06
GuptaA_2019,2580,UniRef90_A5ZPH0,1203,0.0070891302688,9,0.9405785770132916,5.542713267240032e-06
GuptaA_2019,2581,UniRef90_C9KYC3,1203,0.0069419253057,9,0.9405785770132916,5.427619472791243e-06
GuptaA_2019,2582,UniRef90_UPI000A310AE9,1203,0.0069237705199,9,0.9405785770132916,5.413424956919468e-06
GuptaA_2019,2583,UniRef90_A0A0P0FIE6,1203,0.00671786562,9,0.9405785770132916,5.25243598123534e-06
GuptaA_2019,2584,UniRef90_Q8A8Y4,1203,0.0066963827466,9,0.9405785770132916,5.235639364034403e-06
GuptaA_2019,2585,UniRef90_R6JR19,1203,0.006616705689,9,0.9405785770132916,5.173342993745113e-06
GuptaA_2019,2586,UniRef90_D0TNB9,1203,0.0065439363288000004,9,0.9405785770132916,5.116447481469899e-06
GuptaA_2019,2587,UniRef90_A0A139L0K4,1203,0.0065061560399,9,0.9405785770132916,5.08690855347928e-06
GuptaA_2019,2588,UniRef90_R5UWM0,1203,0.0064850122714,9,0.9405785770132916,5.070377069116497e-06
GuptaA_2019,2589,UniRef90_C3QSV7,1203,0.006358563159,9,0.9405785770132916,4.971511461297889e-06
GuptaA_2019,2590,UniRef90_C7H6S9,1203,0.0062860100547,9,0.9405785770132916,4.9147850310398745e-06
GuptaA_2019,2591,UniRef90_A7A9G6,1203,0.0062712115563,9,0.9405785770132916,4.9032146648162625e-06
GuptaA_2019,2592,UniRef90_R6US12,1203,0.0062341132178,9,0.9405785770132916,4.874208927130571e-06
GuptaA_2019,2593,UniRef90_D6D111,1203,0.0062165680207,9,0.9405785770132916,4.8604910247849886e-06
GuptaA_2019,2594,UniRef90_K5CAD5,1203,0.0061901963627000005,9,0.9405785770132916,4.839872058405005e-06
GuptaA_2019,2595,UniRef90_Q8A606,1203,0.0061539709742,9,0.9405785770132916,4.811548846129789e-06
GuptaA_2019,2596,UniRef90_C9KVK2,1203,0.006024388648,9,0.9405785770132916,4.710233501172792e-06
GuptaA_2019,2597,UniRef90_A0A174IDF9,1203,0.0059424571489,9,0.9405785770132916,4.646174471383894e-06
GuptaA_2019,2598,UniRef90_A0A174UIJ5,1203,0.0058628758995000006,9,0.9405785770132916,4.58395300977326e-06
GuptaA_2019,2599,UniRef90_R6JH80,1203,0.005844491967,9,0.9405785770132916,4.569579333072713e-06
GuptaA_2019,2600,UniRef90_R6BEQ4,1203,0.005724476153100001,9,0.9405785770132916,4.475743669351056e-06
GuptaA_2019,2601,UniRef90_A0A174QYI7,1203,0.0056737529094,9,0.9405785770132916,4.436085151993746e-06
GuptaA_2019,2602,UniRef90_A0A174GUV4,1203,0.0055824367904,9,0.9405785770132916,4.3646886555121194e-06
GuptaA_2019,2603,UniRef90_R6DNC6,1203,0.0055474275899,9,0.9405785770132916,4.337316332994527e-06
GuptaA_2019,2604,UniRef90_R7KY52,1203,0.0055274442219,9,0.9405785770132916,4.321692120328382e-06
GuptaA_2019,2605,UniRef90_A0A396G8F1,1203,0.0054076940091,9,0.9405785770132916,4.228064119702893e-06
GuptaA_2019,2606,UniRef90_R6JRP7,1203,0.0052773280930999995,9,0.9405785770132916,4.126136116575449e-06
GuptaA_2019,2607,UniRef90_U2EFB3,1203,0.0051927263956,9,0.9405785770132916,4.059989363252541e-06
GuptaA_2019,2608,UniRef90_R0AMJ6,1203,0.0051074291489,9,0.9405785770132916,3.993298787255669e-06
GuptaA_2019,2609,UniRef90_A0A174F9K4,1203,0.004961259628,9,0.9405785770132916,3.879014564503518e-06
GuptaA_2019,2610,UniRef90_F0YX83,1203,0.0041553399286,9,0.9405785770132916,3.2488975204065676e-06
GuptaA_2019,2611,UniRef90_R5APM6,1203,0.0038272883132,9,0.9405785770132916,2.9924068125097733e-06
GuptaA_2019,2612,UniRef90_A0A0F0C537,1203,0.0021870275609,9,0.9405785770132916,1.709951181313526e-06
GuptaA_2019,2613,UniRef90_A0A3E4IMU5,1202,0.068834008485,9,0.9397967161845192,5.381861492181392e-05
GuptaA_2019,2614,UniRef90_D4LVI9,1202,0.060308529059299995,9,0.9397967161845192,4.71528765123534e-05
GuptaA_2019,2615,UniRef90_A0A173W330,1202,0.037237960064,9,0.9397967161845192,2.9114902317435497e-05
GuptaA_2019,2616,UniRef90_A0A174NH79,1202,0.022743273606,9,0.9397967161845192,1.7782074750586397e-05
GuptaA_2019,2617,UniRef90_A0A0P0LNX3,1202,0.021582206489,9,0.9397967161845192,1.6874281852228302e-05
GuptaA_2019,2618,UniRef90_U2DV50,1202,0.021439570412099998,9,0.9397967161845192,1.6762760290930412e-05
GuptaA_2019,2619,UniRef90_E5UND7,1202,0.0213568059384,9,0.9397967161845192,1.6698049990930414e-05
GuptaA_2019,2620,UniRef90_UPI0009E190BF,1202,0.020929734483600002,9,0.9397967161845192,1.636413954933542e-05
GuptaA_2019,2621,UniRef90_A0A076IMH5,1202,0.0208375348493,9,0.9397967161845192,1.6292052266849102e-05
GuptaA_2019,2622,UniRef90_A0A076J4P5,1202,0.0205451718605,9,0.9397967161845192,1.6063465098123533e-05
GuptaA_2019,2623,UniRef90_A6KZN7,1202,0.020487464964099998,9,0.9397967161845192,1.6018346336278343e-05
GuptaA_2019,2624,UniRef90_A6KZL8,1202,0.020305270196,9,0.9397967161845192,1.587589538389367e-05
GuptaA_2019,2625,UniRef90_A0A0P0LBA0,1202,0.0200659797996,9,0.9397967161845192,1.5688803596247067e-05
GuptaA_2019,2626,UniRef90_A0A076IZY4,1202,0.0195321353797999,9,0.9397967161845192,1.5271411555746598e-05
GuptaA_2019,2627,UniRef90_A0A0M6W9J4,1202,0.0193618621114999,9,0.9397967161845192,1.5138281557075763e-05
GuptaA_2019,2628,UniRef90_A0A0K2HHP6,1202,0.019144052312,9,0.9397967161845192,1.4967984606724004e-05
GuptaA_2019,2629,UniRef90_A0A076J5W7,1202,0.0185866437785,9,0.9397967161845192,1.4532168708756842e-05
GuptaA_2019,2630,UniRef90_D1K3W2,1202,0.018584451926,9,0.9397967161845192,1.4530454985144644e-05
GuptaA_2019,2631,UniRef90_A0A0P0M677,1202,0.0184542354932,9,0.9397967161845192,1.4428643857075841e-05
GuptaA_2019,2632,UniRef90_A0A076ILW1,1202,0.0184387176736,9,0.9397967161845192,1.4416511081782642e-05
GuptaA_2019,2633,UniRef90_A0A076IHJ6,1202,0.0178880073897,9,0.9397967161845192,1.3985932282799061e-05
GuptaA_2019,2634,UniRef90_A0A3E4WY27,1202,0.017799442174,9,0.9397967161845192,1.3916686609851447e-05
GuptaA_2019,2635,UniRef90_D4V3P4,1202,0.01778143007,9,0.9397967161845192,1.390260365129007e-05
GuptaA_2019,2636,UniRef90_A0A396FCJ5,1202,0.0174909273914,9,0.9397967161845192,1.3675470986239249e-05
GuptaA_2019,2637,UniRef90_A0A076IQ12,1202,0.0174538162605,9,0.9397967161845192,1.3646455246677091e-05
GuptaA_2019,2638,UniRef90_A6L2J2,1202,0.017339600785700002,9,0.9397967161845192,1.3557154640891322e-05
GuptaA_2019,2639,UniRef90_A0A397WK36,1202,0.0173071052036,9,0.9397967161845192,1.3531747618139173e-05
GuptaA_2019,2640,UniRef90_A0A396F0Z1,1202,0.0172015165708,9,0.9397967161845192,1.344919200218921e-05
GuptaA_2019,2641,UniRef90_A0A076IVU9,1202,0.0171850919374,9,0.9397967161845192,1.3436350224706803e-05
GuptaA_2019,2642,UniRef90_A0A174M1S7,1202,0.0171658782126,9,0.9397967161845192,1.3421327765910867e-05
GuptaA_2019,2643,UniRef90_A0A397WKL3,1202,0.0171557528547,9,0.9397967161845192,1.3413411145191557e-05
GuptaA_2019,2644,UniRef90_B6VV90,1202,0.0169588670661,9,0.9397967161845192,1.3259473859343236e-05
GuptaA_2019,2645,UniRef90_A0A076IVX3,1202,0.0168975382762,9,0.9397967161845192,1.321152328084441e-05
GuptaA_2019,2646,UniRef90_A6L1L8,1202,0.016824861385399997,9,0.9397967161845192,1.3154700066770912e-05
GuptaA_2019,2647,UniRef90_I8WFG7,1202,0.016810016401,9,0.9397967161845192,1.3143093354964817e-05
GuptaA_2019,2648,UniRef90_C3RFG5,1202,0.016659791543,9,0.9397967161845192,1.3025638422986707e-05
GuptaA_2019,2649,UniRef90_A6L3C5,1202,0.0166282977711,9,0.9397967161845192,1.3001014676387802e-05
GuptaA_2019,2650,UniRef90_A0A076IPU3,1202,0.0163666760807999,9,0.9397967161845192,1.2796462924784912e-05
GuptaA_2019,2651,UniRef90_A0A076IZD8,1202,0.0163501088054,9,0.9397967161845192,1.2783509621110241e-05
GuptaA_2019,2652,UniRef90_A0A174GDC6,1202,0.016317585383,9,0.9397967161845192,1.275808083111806e-05
GuptaA_2019,2653,UniRef90_A0A076IV90,1202,0.0161828833835,9,0.9397967161845192,1.2652762614151682e-05
GuptaA_2019,2654,UniRef90_A6KXS0,1202,0.016169181642800002,9,0.9397967161845192,1.2642049759812355e-05
GuptaA_2019,2655,UniRef90_C3RAF2,1202,0.0160613532383,9,0.9397967161845192,1.2557742954104771e-05
GuptaA_2019,2656,UniRef90_A0A0P0M145,1202,0.0159011432224,9,0.9397967161845192,1.2432481018295544e-05
GuptaA_2019,2657,UniRef90_U6RRN0,1202,0.0157873842391,9,0.9397967161845192,1.234353732533229e-05
GuptaA_2019,2658,UniRef90_A6L7E4,1202,0.0157010017751,9,0.9397967161845192,1.2275998260437842e-05
GuptaA_2019,2659,UniRef90_A6L3Y2,1202,0.0156623468747,9,0.9397967161845192,1.2245775507974981e-05
GuptaA_2019,2660,UniRef90_A0A076IME4,1202,0.015446591980999999,9,0.9397967161845192,1.207708520797498e-05
GuptaA_2019,2661,UniRef90_A0A076IMG9,1202,0.0154418250988,9,0.9397967161845192,1.2073358169507427e-05
GuptaA_2019,2662,UniRef90_B6VU62,1202,0.015343383152499999,9,0.9397967161845192,1.1996390267787334e-05
GuptaA_2019,2663,UniRef90_A0A1Y4PDW8,1202,0.015305344218700001,9,0.9397967161845192,1.1966649115480846e-05
GuptaA_2019,2664,UniRef90_A6L7T5,1202,0.0152431678062,9,0.9397967161845192,1.1918035814073495e-05
GuptaA_2019,2665,UniRef90_A0A076IR62,1202,0.0152194460258,9,0.9397967161845192,1.1899488683189993e-05
GuptaA_2019,2666,UniRef90_K9EIH7,1202,0.015059516444400001,9,0.9397967161845192,1.1774446008131353e-05
GuptaA_2019,2667,UniRef90_A0A3E4XQG6,1202,0.015031916273,9,0.9397967161845192,1.1752866515246287e-05
GuptaA_2019,2668,UniRef90_D4V6M4,1202,0.0148127283913,9,0.9397967161845192,1.1581492096403441e-05
GuptaA_2019,2669,UniRef90_U6RCA1,1202,0.014586185043,9,0.9397967161845192,1.1404366726348708e-05
GuptaA_2019,2670,UniRef90_D4VBS8,1202,0.0145397581511,9,0.9397967161845192,1.1368067358170447e-05
GuptaA_2019,2671,UniRef90_C3RED9,1202,0.014487510245499999,9,0.9397967161845192,1.1327216767396403e-05
GuptaA_2019,2672,UniRef90_A0A396FE59,1202,0.0143828956245,9,0.9397967161845192,1.1245422693119625e-05
GuptaA_2019,2673,UniRef90_C7H1C9,1202,0.014125017605300001,9,0.9397967161845192,1.1043797971305709e-05
GuptaA_2019,2674,UniRef90_C6LDD1,1202,0.0139266143363,9,0.9397967161845192,1.08886742269742e-05
GuptaA_2019,2675,UniRef90_A0A076IUQ2,1202,0.0136113564186,9,0.9397967161845192,1.0642186410164191e-05
GuptaA_2019,2676,UniRef90_D4K3M5,1202,0.0135409054084,9,0.9397967161845192,1.0587103524941361e-05
GuptaA_2019,2677,UniRef90_K9EA01,1202,0.0135213065229,9,0.9397967161845192,1.0571779924081314e-05
GuptaA_2019,2678,UniRef90_A0A076IQV2,1202,0.013271666796,9,0.9397967161845192,1.0376596400312744e-05
GuptaA_2019,2679,UniRef90_A0A139LFQ4,1202,0.0131727922858999,9,0.9397967161845192,1.0299290293901407e-05
GuptaA_2019,2680,UniRef90_A0A0P0M440,1202,0.012561269102,9,0.9397967161845192,9.821164270523848e-06
GuptaA_2019,2681,UniRef90_A6L3G1,1202,0.012315055492599999,9,0.9397967161845192,9.6286594938233e-06
GuptaA_2019,2682,UniRef90_A0A076IV24,1202,0.012048091903,9,0.9397967161845192,9.419931120406568e-06
GuptaA_2019,2683,UniRef90_A0A174LL66,1202,0.0120062584363,9,0.9397967161845192,9.38722317146208e-06
GuptaA_2019,2684,UniRef90_A6BD89,1202,0.0119035054671,9,0.9397967161845192,9.306884649804534e-06
GuptaA_2019,2685,UniRef90_A0A174GWM5,1202,0.0117996764602999,9,0.9397967161845192,9.225704816497184e-06
GuptaA_2019,2686,UniRef90_A0A3E5GG82,1202,0.009639860277,9,0.9397967161845192,7.537029145426114e-06
GuptaA_2019,2687,UniRef90_A0A0B5G326,1202,0.009238192729899999,9,0.9397967161845192,7.222981024159499e-06
GuptaA_2019,2688,UniRef90_A0A0N7IAY5,1202,0.0090808776165,9,0.9397967161845192,7.099982499218139e-06
GuptaA_2019,2689,UniRef90_B6FU64,1202,0.0088852472614,9,0.9397967161845192,6.947026787646598e-06
GuptaA_2019,2690,UniRef90_Q8A3C0,1202,0.0083729063685,9,0.9397967161845192,6.546447512509774e-06
GuptaA_2019,2691,UniRef90_A0A174B451,1202,0.0082707452431,9,0.9397967161845192,6.4665717303362e-06
GuptaA_2019,2692,UniRef90_C0EW46,1202,0.007879047471,9,0.9397967161845192,6.16031858561376e-06
GuptaA_2019,2693,UniRef90_Q8A0B5,1202,0.0076136871911000005,9,0.9397967161845192,5.95284377724785e-06
GuptaA_2019,2694,UniRef90_A5ZF89,1202,0.0075585396685,9,0.9397967161845192,5.9097260895230645e-06
GuptaA_2019,2695,UniRef90_U2E0C4,1202,0.0075484892332,9,0.9397967161845192,5.901868047849883e-06
GuptaA_2019,2696,UniRef90_D4LRY2,1202,0.0075412099344,9,0.9397967161845192,5.896176649257233e-06
GuptaA_2019,2697,UniRef90_A0A2N5NXX0,1202,0.007515355550900001,9,0.9397967161845192,5.875962119546521e-06
GuptaA_2019,2698,UniRef90_A0A174RFA5,1202,0.0074840186203,9,0.9397967161845192,5.851461001016419e-06
GuptaA_2019,2699,UniRef90_R5UY19,1202,0.0074713051400000004,9,0.9397967161845192,5.8415208287724784e-06
GuptaA_2019,2700,UniRef90_A0A174QXJ7,1202,0.0072800398296,9,0.9397967161845192,5.691977974667709e-06
GuptaA_2019,2701,UniRef90_A0A174LZD1,1202,0.0071435011779,9,0.9397967161845192,5.5852237512900704e-06
GuptaA_2019,2702,UniRef90_R6KE15,1202,0.0071119295947999995,9,0.9397967161845192,5.560539167161845e-06
GuptaA_2019,2703,UniRef90_A0A0P0EPP4,1202,0.0070496634087,9,0.9397967161845192,5.511855675293198e-06
GuptaA_2019,2704,UniRef90_R6KA29,1202,0.0070072368343,9,0.9397967161845192,5.478683998670836e-06
GuptaA_2019,2705,UniRef90_W4P588,1202,0.006877163018099999,9,0.9397967161845192,5.376984376935105e-06
GuptaA_2019,2706,UniRef90_R6JF89,1202,0.0068272911676,9,0.9397967161845192,5.337991530570759e-06
GuptaA_2019,2707,UniRef90_A0A371A8L1,1202,0.0067689360652999995,9,0.9397967161845192,5.292365961923377e-06
GuptaA_2019,2708,UniRef90_R6JLZ0,1202,0.0067541231229,9,0.9397967161845192,5.280784302501955e-06
GuptaA_2019,2709,UniRef90_A0A329TH64,1202,0.00672347956331,9,0.9397967161845192,5.2568253036043785e-06
GuptaA_2019,2710,UniRef90_A0A3D2LNR6,1202,0.0067159267774,9,0.9397967161845192,5.250920076153245e-06
GuptaA_2019,2711,UniRef90_C6IJN2,1202,0.0067031412281,9,0.9397967161845192,5.240923555981235e-06
GuptaA_2019,2712,UniRef90_Q8A0Y3,1202,0.0066843847027,9,0.9397967161845192,5.2262585634871e-06
GuptaA_2019,2713,UniRef90_A0A139JTX3,1202,0.006629489245499999,9,0.9397967161845192,5.183337955824862e-06
GuptaA_2019,2714,UniRef90_A0A149NIV9,1202,0.0066087636502,9,0.9397967161845192,5.167133424706802e-06
GuptaA_2019,2715,UniRef90_R6UV36,1202,0.0065772461739000004,9,0.9397967161845192,5.142491144566067e-06
GuptaA_2019,2716,UniRef90_A0A3E5HZ02,1202,0.0065643247419,9,0.9397967161845192,5.13238838303362e-06
GuptaA_2019,2717,UniRef90_R6SDV6,1202,0.006537450889899999,9,0.9397967161845192,5.111376770836591e-06
GuptaA_2019,2718,UniRef90_R6RT43,1202,0.0064171995978,9,0.9397967161845192,5.0173569959343235e-06
GuptaA_2019,2719,UniRef90_A0A0P0FB50,1202,0.0063865468150999995,9,0.9397967161845192,4.993390785848319e-06
GuptaA_2019,2720,UniRef90_D6DKL2,1202,0.0063470238067,9,0.9397967161845192,4.962489293745113e-06
GuptaA_2019,2721,UniRef90_Q8A005,1202,0.0062951840015,9,0.9397967161845192,4.9219577806880375e-06
GuptaA_2019,2722,UniRef90_A0A0P0F8B5,1202,0.0062909712526,9,0.9397967161845192,4.918663997341673e-06
GuptaA_2019,2723,UniRef90_N9ZVS6,1202,0.0062844459015,9,0.9397967161845192,4.913562080922596e-06
GuptaA_2019,2724,UniRef90_Q8A120,1202,0.0062782427445,9,0.9397967161845192,4.9087120754495695e-06
GuptaA_2019,2725,UniRef90_A0A174XNZ2,1202,0.006224720408,9,0.9397967161845192,4.8668650570758405e-06
GuptaA_2019,2726,UniRef90_D7K6U8,1202,0.0062230179968,9,0.9397967161845192,4.865534008444097e-06
GuptaA_2019,2727,UniRef90_A0A174DCX9,1202,0.0061579245171,9,0.9397967161845192,4.814639966458171e-06
GuptaA_2019,2728,UniRef90_Q8A9C3,1202,0.0061128251256,9,0.9397967161845192,4.779378518842846e-06
GuptaA_2019,2729,UniRef90_R6JPH7,1202,0.006108313568,9,0.9397967161845192,4.775851108678655e-06
GuptaA_2019,2730,UniRef90_R6JC60,1202,0.0060758469299,9,0.9397967161845192,4.750466716106333e-06
GuptaA_2019,2731,UniRef90_Q8A878,1202,0.0060743749226,9,0.9397967161845192,4.749315811258796e-06
GuptaA_2019,2732,UniRef90_I8YC47,1202,0.0059733217267,9,0.9397967161845192,4.670306275762314e-06
GuptaA_2019,2733,UniRef90_Q8A681,1202,0.0059131824693,9,0.9397967161845192,4.623285746129789e-06
GuptaA_2019,2734,UniRef90_Q8A9P4,1202,0.0058269702609,9,0.9397967161845192,4.555879797419859e-06
GuptaA_2019,2735,UniRef90_A0A174XKQ9,1202,0.0056151046249,9,0.9397967161845192,4.390230355668491e-06
GuptaA_2019,2736,UniRef90_R6BEM2,1202,0.0055929201108,9,0.9397967161845192,4.37288515308835e-06
GuptaA_2019,2737,UniRef90_C0CHL0,1202,0.005442405804,9,0.9397967161845192,4.255203912431587e-06
GuptaA_2019,2738,UniRef90_A0A2S9I3B8,1202,0.0052087923063,9,0.9397967161845192,4.072550669507428e-06
GuptaA_2019,2739,UniRef90_R6JP09,1202,0.0050965240015,9,0.9397967161845192,3.9847724796716185e-06
GuptaA_2019,2740,UniRef90_B0PGG7,1202,0.0043418820227,9,0.9397967161845192,3.3947474767005472e-06
GuptaA_2019,2741,UniRef90_D9QZP5,1202,0.0042731047888,9,0.9397967161845192,3.3409732516028146e-06
GuptaA_2019,2742,UniRef90_B0PI32,1202,0.0042267774234,9,0.9397967161845192,3.3047516992963255e-06
GuptaA_2019,2743,UniRef90_A0A096C9P0,1202,0.0028931098159,9,0.9397967161845192,2.2620092383893666e-06
GuptaA_2019,2744,UniRef90_A0A174TXU6,1202,0.0022669092117,9,0.9397967161845192,1.772407515011728e-06
GuptaA_2019,2745,UniRef90_D7GQV9,1202,0.0014067163268,9,0.9397967161845192,1.0998563931196247e-06
GuptaA_2019,2746,UniRef90_A0A174A658,1202,0.0003537145388,9,0.9397967161845192,2.76555542455043e-07
GuptaA_2019,2747,UniRef90_A0A380Z6K4,1201,0.025735255310600003,9,0.9390148553557467,2.0121388045817046e-05
GuptaA_2019,2748,UniRef90_U6RQI7,1201,0.025284539713,9,0.9390148553557467,1.9768991175136827e-05
GuptaA_2019,2749,UniRef90_D1PNJ6,1201,0.025059251119,9,0.9390148553557467,1.9592846848318996e-05
GuptaA_2019,2750,UniRef90_A0A174SXL5,1201,0.022842752224800002,9,0.9390148553557467,1.7859853185926506e-05
GuptaA_2019,2751,UniRef90_A0A076IYQ2,1201,0.022373942153999998,9,0.9390148553557467,1.749330895543393e-05
GuptaA_2019,2752,UniRef90_U6R7V5,1201,0.0221645799212,9,0.9390148553557467,1.7329616826583266e-05
GuptaA_2019,2753,UniRef90_A0A076IQU9,1201,0.021692703753600003,9,0.9390148553557467,1.6960675335105553e-05
GuptaA_2019,2754,UniRef90_A0A0P0LCY3,1201,0.021574591908599998,9,0.9390148553557467,1.6868328310086005e-05
GuptaA_2019,2755,UniRef90_I8WFL2,1201,0.0209663890639,9,0.9390148553557467,1.6392798329867082e-05
GuptaA_2019,2756,UniRef90_B6VXB6,1201,0.0208602801831,9,0.9390148553557467,1.6309835952384676e-05
GuptaA_2019,2757,UniRef90_A6L013,1201,0.0208038175887,9,0.9390148553557467,1.626569006153245e-05
GuptaA_2019,2758,UniRef90_A0A0D8IZW9,1201,0.0201218339143,9,0.9390148553557467,1.573247374065676e-05
GuptaA_2019,2759,UniRef90_S0FAP6,1201,0.0200450834253,9,0.9390148553557467,1.567246553971853e-05
GuptaA_2019,2760,UniRef90_A0A1Y4PSH3,1201,0.0199046502909,9,0.9390148553557467,1.556266637286943e-05
GuptaA_2019,2761,UniRef90_A0A3E4W1C5,1201,0.019737656905,9,0.9390148553557467,1.5432100785770135e-05
GuptaA_2019,2762,UniRef90_A0A397WKY4,1201,0.019303305280000002,9,0.9390148553557467,1.5092498264268961e-05
GuptaA_2019,2763,UniRef90_U6RBT0,1201,0.019153802518,9,0.9390148553557467,1.4975607910867866e-05
GuptaA_2019,2764,UniRef90_A0A076IPH6,1201,0.0191364938396,9,0.9390148553557467,1.4962074933229086e-05
GuptaA_2019,2765,UniRef90_A0A1Q6JPX4,1201,0.0191014746293999,9,0.9390148553557467,1.4934694784519078e-05
GuptaA_2019,2766,UniRef90_C6ZAD5,1201,0.019093765233,9,0.9390148553557467,1.4928667109460516e-05
GuptaA_2019,2767,UniRef90_A6KYN9,1201,0.018927323662999998,9,0.9390148553557467,1.4798532965598122e-05
GuptaA_2019,2768,UniRef90_A6L075,1201,0.018812834110999998,9,0.9390148553557467,1.4709018069585612e-05
GuptaA_2019,2769,UniRef90_A0A076ILV8,1201,0.018542006034,9,0.9390148553557467,1.4497268204847537e-05
GuptaA_2019,2770,UniRef90_D1K2M1,1201,0.0184435360735,9,0.9390148553557467,1.4420278399921815e-05
GuptaA_2019,2771,UniRef90_A6L1H7,1201,0.0182795485773,9,0.9390148553557467,1.4292063000234557e-05
GuptaA_2019,2772,UniRef90_A0A076IWD1,1201,0.018248681295999998,9,0.9390148553557467,1.4267929082095386e-05
GuptaA_2019,2773,UniRef90_A0A076J5E7,1201,0.018237379883,9,0.9390148553557467,1.4259092949960908e-05
GuptaA_2019,2774,UniRef90_A0A174GGQ3,1201,0.0181572613118,9,0.9390148553557467,1.4196451377482408e-05
GuptaA_2019,2775,UniRef90_A0A174WY71,1201,0.018145583633200003,9,0.9390148553557467,1.4187321058014076e-05
GuptaA_2019,2776,UniRef90_A6L048,1201,0.0181366073407,9,0.9390148553557467,1.4180302846520719e-05
GuptaA_2019,2777,UniRef90_A0A076IYA4,1201,0.0181066448093,9,0.9390148553557467,1.4156876316888195e-05
GuptaA_2019,2778,UniRef90_A0A076ISV7,1201,0.018036416028099998,9,0.9390148553557467,1.4101967183815478e-05
GuptaA_2019,2779,UniRef90_A0A076J1V0,1201,0.017984018257000002,9,0.9390148553557467,1.4060999419077406e-05
GuptaA_2019,2780,UniRef90_A6KWL3,1201,0.017967249031000002,9,0.9390148553557467,1.4047888218139173e-05
GuptaA_2019,2781,UniRef90_A0A0K2HG35,1201,0.017861704978999998,9,0.9390148553557467,1.3965367458170445e-05
GuptaA_2019,2782,UniRef90_A0A076IUY6,1201,0.0178235928449999,9,0.9390148553557467,1.393556907349484e-05
GuptaA_2019,2783,UniRef90_A0A0P0LHJ3,1201,0.017816787355200002,9,0.9390148553557467,1.3930248127599688e-05
GuptaA_2019,2784,UniRef90_A0A174L6I2,1201,0.0176613672674,9,0.9390148553557467,1.3808731248944486e-05
GuptaA_2019,2785,UniRef90_D1K2T2,1201,0.0175903873124,9,0.9390148553557467,1.3753234802501956e-05
GuptaA_2019,2786,UniRef90_A6L175,1201,0.0175125017179999,9,0.9390148553557467,1.3692339107114854e-05
GuptaA_2019,2787,UniRef90_A0A076IHX2,1201,0.0174838345394,9,0.9390148553557467,1.366992536309617e-05
GuptaA_2019,2788,UniRef90_A0A076II47,1201,0.017426015471,9,0.9390148553557467,1.3624718898358092e-05
GuptaA_2019,2789,UniRef90_A0A0K2HFX1,1201,0.0174045274667999,9,0.9390148553557467,1.3607918269585535e-05
GuptaA_2019,2790,UniRef90_A0A0K2HHI5,1201,0.0172469927845,9,0.9390148553557467,1.3484748072322126e-05
GuptaA_2019,2791,UniRef90_A0A076IMM1,1201,0.017241102993100003,9,0.9390148553557467,1.3480143075136828e-05
GuptaA_2019,2792,UniRef90_A0A076IU82,1201,0.0171707656121,9,0.9390148553557467,1.342514903213448e-05
GuptaA_2019,2793,UniRef90_A7V4H6,1201,0.0171204522134,9,0.9390148553557467,1.3385810956528538e-05
GuptaA_2019,2794,UniRef90_A0A0K2HE91,1201,0.0171047414260999,9,0.9390148553557467,1.3373527307349415e-05
GuptaA_2019,2795,UniRef90_D4V3D2,1201,0.01696910909,9,0.9390148553557467,1.3267481696637998e-05
GuptaA_2019,2796,UniRef90_A0A078QY88,1201,0.016889649274,9,0.9390148553557467,1.3205355179046129e-05
GuptaA_2019,2797,UniRef90_A0A076IWJ8,1201,0.0168170019802,9,0.9390148553557467,1.3148555105707584e-05
GuptaA_2019,2798,UniRef90_C0FVR2,1201,0.0167578642475,9,0.9390148553557467,1.3102317629007037e-05
GuptaA_2019,2799,UniRef90_A6L078,1201,0.0166573286184,9,0.9390148553557467,1.3023712758717748e-05
GuptaA_2019,2800,UniRef90_A6L3M9,1201,0.0166384486295,9,0.9390148553557467,1.300895123494918e-05
GuptaA_2019,2801,UniRef90_A0A076J147,1201,0.0165807905584,9,0.9390148553557467,1.2963870647693512e-05
GuptaA_2019,2802,UniRef90_A0A076IZX2,1201,0.016580451059,9,0.9390148553557467,1.2963605206411258e-05
GuptaA_2019,2803,UniRef90_C3R9N0,1201,0.0163759199016,9,0.9390148553557467,1.28036903061767e-05
GuptaA_2019,2804,UniRef90_U6RCK6,1201,0.016274621122,9,0.9390148553557467,1.2724488758405004e-05
GuptaA_2019,2805,UniRef90_D4V3T8,1201,0.0162508878667,9,0.9390148553557467,1.2705932655746676e-05
GuptaA_2019,2806,UniRef90_A0A076J192,1201,0.0162076665506,9,0.9390148553557467,1.2672139601720093e-05
GuptaA_2019,2807,UniRef90_A0A0K2HGY1,1201,0.016194206871,9,0.9390148553557467,1.2661616005473027e-05
GuptaA_2019,2808,UniRef90_A0A076ILG1,1201,0.016160551973,9,0.9390148553557467,1.2635302559030491e-05
GuptaA_2019,2809,UniRef90_A8S8F3,1201,0.0161419804584999,9,0.9390148553557467,1.2620782219311885e-05
GuptaA_2019,2810,UniRef90_A0A0K2HL46,1201,0.0161303550215,9,0.9390148553557467,1.26116927455043e-05
GuptaA_2019,2811,UniRef90_A0A076J5J6,1201,0.0159698127009,9,0.9390148553557467,1.2486170993666928e-05
GuptaA_2019,2812,UniRef90_A0A076IV27,1201,0.0159187607963,9,0.9390148553557467,1.2446255509225957e-05
GuptaA_2019,2813,UniRef90_A6L3C0,1201,0.0158857117317,9,0.9390148553557467,1.2420415740187645e-05
GuptaA_2019,2814,UniRef90_A0A076J5Z3,1201,0.0158474140289,9,0.9390148553557467,1.2390472266536357e-05
GuptaA_2019,2815,UniRef90_A6KZM1,1201,0.015843601462,9,0.9390148553557467,1.2387491369820172e-05
GuptaA_2019,2816,UniRef90_A0A0P0M4X5,1201,0.0156582749557,9,0.9390148553557467,1.2242591834010948e-05
GuptaA_2019,2817,UniRef90_A0A076IXL6,1201,0.0156373278818,9,0.9390148553557467,1.2226214137451135e-05
GuptaA_2019,2818,UniRef90_A0A076INQ7,1201,0.015621250246399999,9,0.9390148553557467,1.2213643664112588e-05
GuptaA_2019,2819,UniRef90_A6L1P6,1201,0.015546322175899999,9,0.9390148553557467,1.2155060340813134e-05
GuptaA_2019,2820,UniRef90_A0A0M1W8W3,1201,0.0155232050886,9,0.9390148553557467,1.2136985995777952e-05
GuptaA_2019,2821,UniRef90_A0A3E5H739,1201,0.0153520704084,9,0.9390148553557467,1.2003182492885067e-05
GuptaA_2019,2822,UniRef90_R6AJ99,1201,0.015178931062,9,0.9390148553557467,1.1867811620015637e-05
GuptaA_2019,2823,UniRef90_C6Z1D5,1201,0.0149899542574,9,0.9390148553557467,1.1720058058952307e-05
GuptaA_2019,2824,UniRef90_A6L1Z2,1201,0.0149051310794,9,0.9390148553557467,1.1653738138702112e-05
GuptaA_2019,2825,UniRef90_A0A076IQ49,1201,0.014824797105599901,9,0.9390148553557467,1.1590928151368179e-05
GuptaA_2019,2826,UniRef90_A0A076J0N2,1201,0.0147615289832,9,0.9390148553557467,1.1541461284753715e-05
GuptaA_2019,2827,UniRef90_S3YF09,1201,0.014675979345399999,9,0.9390148553557467,1.1474573374042219e-05
GuptaA_2019,2828,UniRef90_R6M820,1201,0.0144540613908999,9,0.9390148553557467,1.1301064418217279e-05
GuptaA_2019,2829,UniRef90_A0A0P0M531,1201,0.014340017310300001,9,0.9390148553557467,1.1211897818842847e-05
GuptaA_2019,2830,UniRef90_A0A174UQ44,1201,0.013243859406,9,0.9390148553557467,1.0354854891321345e-05
GuptaA_2019,2831,UniRef90_A0A076ISC1,1201,0.013093863453,9,0.9390148553557467,1.0237578931196246e-05
GuptaA_2019,2832,UniRef90_F3PYH1,1201,0.0128639758902,9,0.9390148553557467,1.0057838850820954e-05
GuptaA_2019,2833,UniRef90_R5K3J5,1201,0.0127822063942,9,0.9390148553557467,9.993906484910086e-06
GuptaA_2019,2834,UniRef90_A0A076IQA4,1201,0.012007746233,9,0.9390148553557467,9.388386421422986e-06
GuptaA_2019,2835,UniRef90_A0A174LR32,1201,0.0115310239846,9,0.9390148553557467,9.015655969194683e-06
GuptaA_2019,2836,UniRef90_A0A1Y4MKN9,1201,0.011348102788,9,0.9390148553557467,8.872637050820955e-06
GuptaA_2019,2837,UniRef90_U2EK01,1201,0.0110849690757,9,0.9390148553557467,8.666903108444097e-06
GuptaA_2019,2838,UniRef90_R7E322,1201,0.0110460097301,9,0.9390148553557467,8.636442322204847e-06
GuptaA_2019,2839,UniRef90_Q5LHS7,1201,0.0100745229865,9,0.9390148553557467,7.876874891712276e-06
GuptaA_2019,2840,UniRef90_D9QZK9,1201,0.0099060145667,9,0.9390148553557467,7.745124758952307e-06
GuptaA_2019,2841,UniRef90_D6DJM0,1201,0.0088088704087,9,0.9390148553557467,6.8873107182955444e-06
GuptaA_2019,2842,UniRef90_F7K2D7,1201,0.0085536094173,9,0.9390148553557467,6.687732148006255e-06
GuptaA_2019,2843,UniRef90_A0A1B0FD75,1201,0.008543656213599999,9,0.9390148553557467,6.679950127912431e-06
GuptaA_2019,2844,UniRef90_D4KAU1,1201,0.0081977743865,9,0.9390148553557467,6.409518675918686e-06
GuptaA_2019,2845,UniRef90_R7PKZ6,1201,0.007525888505,9,0.9390148553557467,5.884197423768569e-06
GuptaA_2019,2846,UniRef90_E1WS50,1201,0.007524783361900001,9,0.9390148553557467,5.883333355668491e-06
GuptaA_2019,2847,UniRef90_A0A174E8J1,1201,0.0072789162718,9,0.9390148553557467,5.691099508835027e-06
GuptaA_2019,2848,UniRef90_R5MMU2,1201,0.007272299402799999,9,0.9390148553557467,5.685926038154808e-06
GuptaA_2019,2849,UniRef90_D7J066,1201,0.007183725566,9,0.9390148553557467,5.6166736247068015e-06
GuptaA_2019,2850,UniRef90_R6J5D1,1201,0.0071283502118,9,0.9390148553557467,5.573377804378421e-06
GuptaA_2019,2851,UniRef90_A0A396E4B5,1201,0.0071023609294,9,0.9390148553557467,5.5530578025019545e-06
GuptaA_2019,2852,UniRef90_A0A3E5HGG9,1201,0.0069561297452,9,0.9390148553557467,5.438725367630962e-06
GuptaA_2019,2853,UniRef90_R6J8P1,1201,0.0068990117026,9,0.9390148553557467,5.394067007505864e-06
GuptaA_2019,2854,UniRef90_D7K408,1201,0.0068871555861,9,0.9390148553557467,5.384797174433151e-06
GuptaA_2019,2855,UniRef90_A0A0P0FCM3,1201,0.0068587459494,9,0.9390148553557467,5.362584792337764e-06
GuptaA_2019,2856,UniRef90_A0A139L6L8,1201,0.0068225355761,9,0.9390148553557467,5.334273319859265e-06
GuptaA_2019,2857,UniRef90_R6VG54,1201,0.0067250743480000005,9,0.9390148553557467,5.258072203283816e-06
GuptaA_2019,2858,UniRef90_Q8A260,1201,0.0066976637271,9,0.9390148553557467,5.236640912509773e-06
GuptaA_2019,2859,UniRef90_C3QSV5,1201,0.0065904066233,9,0.9390148553557467,5.152780784440969e-06
GuptaA_2019,2860,UniRef90_R6JCC1,1201,0.0065789354963,9,0.9390148553557467,5.1438119595777955e-06
GuptaA_2019,2861,UniRef90_A0A3E5HYY4,1201,0.006520810214599999,9,0.9390148553557467,5.098366078655199e-06
GuptaA_2019,2862,UniRef90_A7M4T4,1201,0.0064826880378,9,0.9390148553557467,5.06855984190774e-06
GuptaA_2019,2863,UniRef90_A0A139JYJ5,1201,0.0064576879076,9,0.9390148553557467,5.0490132193901485e-06
GuptaA_2019,2864,UniRef90_R6UXY8,1201,0.0064329645949,9,0.9390148553557467,5.029683029632526e-06
GuptaA_2019,2865,UniRef90_C6JEF3,1201,0.0064192694025,9,0.9390148553557467,5.018975295152463e-06
GuptaA_2019,2866,UniRef90_A5ZGB6,1201,0.0063872366713,9,0.9390148553557467,4.993930157388585e-06
GuptaA_2019,2867,UniRef90_A5ZY57,1201,0.0063719651188,9,0.9390148553557467,4.981989928694292e-06
GuptaA_2019,2868,UniRef90_A0A395W731,1201,0.0063530105722999,9,0.9390148553557467,4.967170111258718e-06
GuptaA_2019,2869,UniRef90_A5ZKA2,1201,0.006330495297,9,0.9390148553557467,4.9495662994526974e-06
GuptaA_2019,2870,UniRef90_A0A396E160,1201,0.0063146610325,9,0.9390148553557467,4.937186108287725e-06
GuptaA_2019,2871,UniRef90_A0A174G5R7,1201,0.0062681971767,9,0.9390148553557467,4.900857839483972e-06
GuptaA_2019,2872,UniRef90_A0A139KJ02,1201,0.0061769150482,9,0.9390148553557467,4.829487918842847e-06
GuptaA_2019,2873,UniRef90_D6CXE1,1201,0.006110054023400001,9,0.9390148553557467,4.777211902580141e-06
GuptaA_2019,2874,UniRef90_A0A174WSB9,1201,0.005965557776,9,0.9390148553557467,4.664235946833463e-06
GuptaA_2019,2875,UniRef90_R6V702,1201,0.0058911507071,9,0.9390148553557467,4.606059974276779e-06
GuptaA_2019,2876,UniRef90_R7BZM5,1201,0.0058314800355,9,0.9390148553557467,4.559405813526192e-06
GuptaA_2019,2877,UniRef90_A5ZUH6,1201,0.0058069205712,9,0.9390148553557467,4.540203730414386e-06
GuptaA_2019,2878,UniRef90_B0PCS1,1201,0.0057483557355,9,0.9390148553557467,4.49441417943706e-06
GuptaA_2019,2879,UniRef90_A0A395VXT0,1201,0.0055506697761,9,0.9390148553557467,4.339851271383894e-06
GuptaA_2019,2880,UniRef90_A0A1G8E5E6,1201,0.0053541474626,9,0.9390148553557467,4.186198172478499e-06
GuptaA_2019,2881,UniRef90_A0A396FZJ8,1201,0.005172988883,9,0.9390148553557467,4.044557375293198e-06
GuptaA_2019,2882,UniRef90_R5UQ08,1201,0.0049386047633999995,9,0.9390148553557467,3.861301613291634e-06
GuptaA_2019,2883,UniRef90_E5CE90,1201,0.0049003945322,9,0.9390148553557467,3.8314265302580145e-06
GuptaA_2019,2884,UniRef90_B5CM60,1201,0.0036675711139000002,9,0.9390148553557467,2.8675301906958563e-06
GuptaA_2019,2885,UniRef90_B0NFG4,1201,0.0036210509623999998,9,0.9390148553557467,2.8311579064894445e-06
GuptaA_2019,2886,UniRef90_A0A174DL82,1201,0.0023262718940999997,9,0.9390148553557467,1.8188208710711491e-06
GuptaA_2019,2887,UniRef90_R7B287,1201,0.0016144901767,9,0.9390148553557467,1.2623066275996872e-06
GuptaA_2019,2888,UniRef90_D4CHV2,1201,0.0009414013046,9,0.9390148553557467,7.360448042220484e-07
GuptaA_2019,2889,UniRef90_UPI000E555DCC,1201,0.0006238449875,9,0.9390148553557467,4.877599589523065e-07
GuptaA_2019,2890,UniRef90_A0A174AR61,1200,0.039984329701,9,0.9382329945269742,3.126218115793589e-05
GuptaA_2019,2891,UniRef90_A0A3E4NAQ1,1200,0.0370933809579,9,0.9382329945269742,2.9001861577716966e-05
GuptaA_2019,2892,UniRef90_A6KYL2,1200,0.026643532773899997,9,0.9382329945269742,2.0831534616028145e-05
GuptaA_2019,2893,UniRef90_U6RRE7,1200,0.021570005115100002,9,0.9382329945269742,1.686474207591869e-05
GuptaA_2019,2894,UniRef90_A0A0P0LMZ4,1200,0.0211762439678,9,0.9382329945269742,1.6556875658952306e-05
GuptaA_2019,2895,UniRef90_A0A076ITS7,1200,0.0209879697005,9,0.9382329945269742,1.6409671384284598e-05
GuptaA_2019,2896,UniRef90_U6RCF6,1200,0.0208909229568,9,0.9382329945269742,1.6333794336825646e-05
GuptaA_2019,2897,UniRef90_A0A329TH38,1200,0.0204402302289999,9,0.9382329945269742,1.598141534714613e-05
GuptaA_2019,2898,UniRef90_A0A076IXT1,1200,0.0204134868597,9,0.9382329945269742,1.5960505754261143e-05
GuptaA_2019,2899,UniRef90_A6KZK0,1200,0.0201371489129,9,0.9382329945269742,1.5744447938154807e-05
GuptaA_2019,2900,UniRef90_D4V870,1200,0.019807706427999998,9,0.9382329945269742,1.548686976387803e-05
GuptaA_2019,2901,UniRef90_D4VA04,1200,0.019586158808,9,0.9382329945269742,1.531365035809226e-05
GuptaA_2019,2902,UniRef90_U6RDV1,1200,0.0195058515229,9,0.9382329945269742,1.5250861237607505e-05
GuptaA_2019,2903,UniRef90_A0A076J0X0,1200,0.019048190564,9,0.9382329945269742,1.4893034060985143e-05
GuptaA_2019,2904,UniRef90_A0A0P0M6D2,1200,0.0189076469492999,9,0.9382329945269742,1.4783148513917045e-05
GuptaA_2019,2905,UniRef90_A0A0P0LDV8,1200,0.018879174343000002,9,0.9382329945269742,1.4760886898358093e-05
GuptaA_2019,2906,UniRef90_A0A1Y4PSG1,1200,0.018831150279,9,0.9382329945269742,1.4723338763878031e-05
GuptaA_2019,2907,UniRef90_D4V591,1200,0.018824093812699998,9,0.9382329945269742,1.4717821589288505e-05
GuptaA_2019,2908,UniRef90_A0A0K2HGW7,1200,0.0188022191954,9,0.9382329945269742,1.4700718682877248e-05
GuptaA_2019,2909,UniRef90_A0A076J3D4,1200,0.0186638346217,9,0.9382329945269742,1.4592521205394841e-05
GuptaA_2019,2910,UniRef90_G5SSK1,1200,0.0186552782913,9,0.9382329945269742,1.4585831345817044e-05
GuptaA_2019,2911,UniRef90_A0A076IYJ2,1200,0.018621541525,9,0.9382329945269742,1.4559453889757623e-05
GuptaA_2019,2912,UniRef90_A0A0K2HGD6,1200,0.018597374184600002,9,0.9382329945269742,1.4540558392963254e-05
GuptaA_2019,2913,UniRef90_D4VCM7,1200,0.0185963679531999,9,0.9382329945269742,1.4539771660046833e-05
GuptaA_2019,2914,UniRef90_B6VXC1,1200,0.018198984548299997,9,0.9382329945269742,1.4229073141751365e-05
GuptaA_2019,2915,UniRef90_A6KYS3,1200,0.0181588906811,9,0.9382329945269742,1.4197725317513683e-05
GuptaA_2019,2916,UniRef90_U6RB05,1200,0.0181090120049,9,0.9382329945269742,1.4158727134401878e-05
GuptaA_2019,2917,UniRef90_D1K6Y4,1200,0.018097048588,9,0.9382329945269742,1.4149373407349493e-05
GuptaA_2019,2918,UniRef90_A0A1Q6JRH3,1200,0.018095154477,9,0.9382329945269742,1.4147892476153246e-05
GuptaA_2019,2919,UniRef90_A0A076IHK2,1200,0.0180822740915999,9,0.9382329945269742,1.4137821807349414e-05
GuptaA_2019,2920,UniRef90_A0A0K2HGW6,1200,0.0179976295428,9,0.9382329945269742,1.4071641550273651e-05
GuptaA_2019,2921,UniRef90_A6KZZ5,1200,0.0179560065326,9,0.9382329945269742,1.4039098149022672e-05
GuptaA_2019,2922,UniRef90_A6KZT2,1200,0.0179361236472999,9,0.9382329945269742,1.4023552499843549e-05
GuptaA_2019,2923,UniRef90_I9R2L8,1200,0.0178107654514,9,0.9382329945269742,1.3925539836903832e-05
GuptaA_2019,2924,UniRef90_A0A0P0LGD0,1200,0.0178033804264,9,0.9382329945269742,1.3919765775136826e-05
GuptaA_2019,2925,UniRef90_E5UPC0,1200,0.017798076341399897,9,0.9382329945269742,1.3915618718842766e-05
GuptaA_2019,2926,UniRef90_A0A0K2HPR1,1200,0.017656859553,9,0.9382329945269742,1.3805206843627835e-05
GuptaA_2019,2927,UniRef90_A0A076IY52,1200,0.017647401011900002,9,0.9382329945269742,1.3797811580844411e-05
GuptaA_2019,2928,UniRef90_A0A0K2HG48,1200,0.0176144363368,9,0.9382329945269742,1.3772037792650507e-05
GuptaA_2019,2929,UniRef90_A0A174L9Z9,1200,0.017540063404,9,0.9382329945269742,1.3713888509773262e-05
GuptaA_2019,2930,UniRef90_D1K6S8,1200,0.017467140316800002,9,0.9382329945269742,1.3656872804378423e-05
GuptaA_2019,2931,UniRef90_A0A076J0Y1,1200,0.017442738158099998,9,0.9382329945269742,1.36377937123534e-05
GuptaA_2019,2932,UniRef90_A0A0P0L1W7,1200,0.0174171372760999,9,0.9382329945269742,1.3617777385535495e-05
GuptaA_2019,2933,UniRef90_A0A0N7J6V2,1200,0.0173195837649,9,0.9382329945269742,1.3541504116419078e-05
GuptaA_2019,2934,UniRef90_A0A0K2HGZ3,1200,0.017318121739400002,9,0.9382329945269742,1.3540361015949962e-05
GuptaA_2019,2935,UniRef90_D4V565,1200,0.0172782502084,9,0.9382329945269742,1.3509187027677874e-05
GuptaA_2019,2936,UniRef90_U6RCW1,1200,0.0172589455845,9,0.9382329945269742,1.349409349843628e-05
GuptaA_2019,2937,UniRef90_A0A0K2HFV0,1200,0.017219058672,9,0.9382329945269742,1.3462907483971853e-05
GuptaA_2019,2938,UniRef90_A0A0P0LPA8,1200,0.0172132050491,9,0.9382329945269742,1.3458330765519938e-05
GuptaA_2019,2939,UniRef90_D1K6P6,1200,0.017123999823399898,9,0.9382329945269742,1.3388584693823219e-05
GuptaA_2019,2940,UniRef90_A0A076J288,1200,0.0171150442049999,9,0.9382329945269742,1.3381582646598826e-05
GuptaA_2019,2941,UniRef90_A0A076J2W3,1200,0.017098212268,9,0.9382329945269742,1.3368422414386239e-05
GuptaA_2019,2942,UniRef90_A0A076IRA3,1200,0.0170395680694,9,0.9382329945269742,1.3322570812666147e-05
GuptaA_2019,2943,UniRef90_A0A076IP97,1200,0.0170291238438,9,0.9382329945269742,1.3314404881782642e-05
GuptaA_2019,2944,UniRef90_A6L1Q8,1200,0.0170138109277,9,0.9382329945269742,1.3302432312509774e-05
GuptaA_2019,2945,UniRef90_D1K3A1,1200,0.0169911054582,9,0.9382329945269742,1.3284679795308836e-05
GuptaA_2019,2946,UniRef90_A0A3E4JUF7,1200,0.016984906185699998,9,0.9382329945269742,1.3279832826974198e-05
GuptaA_2019,2947,UniRef90_A0A076IJE6,1200,0.016982977875,9,0.9382329945269742,1.3278325156372165e-05
GuptaA_2019,2948,UniRef90_A6KYG9,1200,0.016960073005299902,9,0.9382329945269742,1.3260416735965521e-05
GuptaA_2019,2949,UniRef90_A0A0N7J704,1200,0.0169441697274,9,0.9382329945269742,1.3247982585926505e-05
GuptaA_2019,2950,UniRef90_A0A0K2HI22,1200,0.016926331474199998,9,0.9382329945269742,1.3234035554495699e-05
GuptaA_2019,2951,UniRef90_A0A1Q6J7F6,1200,0.0169083661591,9,0.9382329945269742,1.3219989178342457e-05
GuptaA_2019,2952,UniRef90_I9FTG5,1200,0.016721211719499997,9,0.9382329945269742,1.3073660453088348e-05
GuptaA_2019,2953,UniRef90_A0A0P0L4L9,1200,0.016682867439,9,0.9382329945269742,1.3043680562157936e-05
GuptaA_2019,2954,UniRef90_A0A076J0Q9,1200,0.01652351521,9,0.9382329945269742,1.2919089296325254e-05
GuptaA_2019,2955,UniRef90_A0A078QXB4,1200,0.0165175629441,9,0.9382329945269742,1.2914435452775606e-05
GuptaA_2019,2956,UniRef90_A0A3E4VZR9,1200,0.0164318350569,9,0.9382329945269742,1.2847408175840501e-05
GuptaA_2019,2957,UniRef90_A0A0P0M5P7,1200,0.0164015139966,9,0.9382329945269742,1.2823701326505082e-05
GuptaA_2019,2958,UniRef90_A0A0M1W6U2,1200,0.016395807257,9,0.9382329945269742,1.2819239450351837e-05
GuptaA_2019,2959,UniRef90_A6L030,1200,0.01636332361,9,0.9382329945269742,1.2793841759186865e-05
GuptaA_2019,2960,UniRef90_A0A076ILK4,1200,0.0162825464709,9,0.9382329945269742,1.273068527826427e-05
GuptaA_2019,2961,UniRef90_A0A076ITT2,1200,0.016282178091,9,0.9382329945269742,1.2730397256450353e-05
GuptaA_2019,2962,UniRef90_A6L2I3,1200,0.0162583421613,9,0.9382329945269742,1.2711760876700547e-05
GuptaA_2019,2963,UniRef90_A0A076ITJ7,1200,0.0161739752284,9,0.9382329945269742,1.2645797676622361e-05
GuptaA_2019,2964,UniRef90_A0A076IYN8,1200,0.0160451058974,9,0.9382329945269742,1.2545039794683346e-05
GuptaA_2019,2965,UniRef90_A0A076J1L6,1200,0.0159716138861,9,0.9382329945269742,1.2487579269820173e-05
GuptaA_2019,2966,UniRef90_A6L2V6,1200,0.015943771478600002,9,0.9382329945269742,1.2465810382017203e-05
GuptaA_2019,2967,UniRef90_U6R9D3,1200,0.015941590958,9,0.9382329945269742,1.246410551837373e-05
GuptaA_2019,2968,UniRef90_C3RCX1,1200,0.0158477328478,9,0.9382329945269742,1.2390721538545739e-05
GuptaA_2019,2969,UniRef90_A0A076JC04,1200,0.015815689827,9,0.9382329945269742,1.2365668355746677e-05
GuptaA_2019,2970,UniRef90_C3RFD1,1200,0.0157626463868,9,0.9382329945269742,1.2324195767630962e-05
GuptaA_2019,2971,UniRef90_A0A076IQP9,1200,0.0156853352039,9,0.9382329945269742,1.2263749182095387e-05
GuptaA_2019,2972,UniRef90_A0A1Y3ZL52,1200,0.0156775655469,9,0.9382329945269742,1.2257674391634088e-05
GuptaA_2019,2973,UniRef90_D1JZJ4,1200,0.015637192892999998,9,0.9382329945269742,1.222610859499609e-05
GuptaA_2019,2974,UniRef90_A0A076J0X1,1200,0.015544635583799999,9,0.9382329945269742,1.2153741660516027e-05
GuptaA_2019,2975,UniRef90_A0A0P0L0J3,1200,0.015434366438600002,9,0.9382329945269742,1.2067526535261924e-05
GuptaA_2019,2976,UniRef90_A0A0A2FLK3,1200,0.0154217203039999,9,0.9382329945269742,1.205763901798272e-05
GuptaA_2019,2977,UniRef90_A0A0K2HHQ4,1200,0.0154101089144,9,0.9382329945269742,1.2048560527286943e-05
GuptaA_2019,2978,UniRef90_D1K6J6,1200,0.015389594069,9,0.9382329945269742,1.2032520773260359e-05
GuptaA_2019,2979,UniRef90_A6L239,1200,0.015329199413599899,9,0.9382329945269742,1.1985300557935808e-05
GuptaA_2019,2980,UniRef90_A0A0P0M3C9,1200,0.015077957101399999,9,0.9382329945269742,1.178886403549648e-05
GuptaA_2019,2981,UniRef90_C3R8E0,1200,0.0150765479429999,9,0.9382329945269742,1.1787762269741908e-05
GuptaA_2019,2982,UniRef90_A6L0W2,1200,0.0150660602169,9,0.9382329945269742,1.1779562327521502e-05
GuptaA_2019,2983,UniRef90_A0A1Y3ZLJ2,1200,0.015019762475,9,0.9382329945269742,1.1743363936669273e-05
GuptaA_2019,2984,UniRef90_A6KWL7,1200,0.0149686168141,9,0.9382329945269742,1.1703375147849883e-05
GuptaA_2019,2985,UniRef90_A0A076IIN4,1200,0.014913472648,9,0.9382329945269742,1.166026008444097e-05
GuptaA_2019,2986,UniRef90_A0A174JG35,1200,0.0148688478891,9,0.9382329945269742,1.1625369733463643e-05
GuptaA_2019,2987,UniRef90_A0A076J588,1200,0.014666683405,9,0.9382329945269742,1.1467305242376856e-05
GuptaA_2019,2988,UniRef90_A0A076J793,1200,0.0146216540811,9,0.9382329945269742,1.1432098577873339e-05
GuptaA_2019,2989,UniRef90_A0A076IV00,1200,0.0145960856546,9,0.9382329945269742,1.141210762673964e-05
GuptaA_2019,2990,UniRef90_A0A076IV89,1200,0.0143346846689,9,0.9382329945269742,1.1207728435418296e-05
GuptaA_2019,2991,UniRef90_U6RP94,1200,0.014321868551999899,9,0.9382329945269742,1.1197708015637138e-05
GuptaA_2019,2992,UniRef90_A0A173X1S7,1200,0.0142449590687,9,0.9382329945269742,1.1137575503283816e-05
GuptaA_2019,2993,UniRef90_A0A108TCH3,1200,0.0142349074048,9,0.9382329945269742,1.1129716501016419e-05
GuptaA_2019,2994,UniRef90_A6L2M8,1200,0.0139699547549,9,0.9382329945269742,1.092256040258014e-05
GuptaA_2019,2995,UniRef90_A0A076IQT6,1200,0.013928951878000001,9,0.9382329945269742,1.0890501859265051e-05
GuptaA_2019,2996,UniRef90_I8W5V7,1200,0.013913885572499899,9,0.9382329945269742,1.0878722105160202e-05
GuptaA_2019,2997,UniRef90_A0A076J5L2,1200,0.0138675345391,9,0.9382329945269742,1.0842482047771697e-05
GuptaA_2019,2998,UniRef90_C3R6I8,1200,0.0138375564829999,9,0.9382329945269742,1.0819043379984284e-05
GuptaA_2019,2999,UniRef90_A0A076J2D4,1200,0.0137241562823999,9,0.9382329945269742,1.0730380205160203e-05
GuptaA_2019,3000,UniRef90_E6SV56,1200,0.0137234111069,9,0.9382329945269742,1.0729797581626271e-05
GuptaA_2019,3001,UniRef90_A0A0K2HN45,1200,0.0135240049312,9,0.9382329945269742,1.0573889703831118e-05
GuptaA_2019,3002,UniRef90_A0A076J5N3,1200,0.013460821496599999,9,0.9382329945269742,1.052448905129007e-05
GuptaA_2019,3003,UniRef90_A6L5E2,1200,0.0130554975816,9,0.9382329945269742,1.0207582159186865e-05
GuptaA_2019,3004,UniRef90_D4V6U7,1200,0.0130043776637,9,0.9382329945269742,1.016761349781079e-05
GuptaA_2019,3005,UniRef90_A0A076IMV5,1200,0.0129468079821,9,0.9382329945269742,1.0122602018842845e-05
GuptaA_2019,3006,UniRef90_A0A174K6X2,1200,0.0122665959756,9,0.9382329945269742,9.590770895699765e-06
GuptaA_2019,3007,UniRef90_A0A076J8I9,1200,0.0121786932902,9,0.9382329945269742,9.522043229241595e-06
GuptaA_2019,3008,UniRef90_F3PPZ9,1200,0.011238314255699999,9,0.9382329945269742,8.786797697967162e-06
GuptaA_2019,3009,UniRef90_C9L7J4,1200,0.0112224236703,9,0.9382329945269742,8.774373471696637e-06
GuptaA_2019,3010,UniRef90_A0A174N765,1200,0.0109799550042,9,0.9382329945269742,8.584796719468334e-06
GuptaA_2019,3011,UniRef90_A6BF02,1200,0.0106617364695,9,0.9382329945269742,8.335994112197028e-06
GuptaA_2019,3012,UniRef90_A0A0P0F9L4,1200,0.009581900152700001,9,0.9382329945269742,7.4917123946051615e-06
GuptaA_2019,3013,UniRef90_D4CI50,1200,0.0089029865769,9,0.9382329945269742,6.960896463565285e-06
GuptaA_2019,3014,UniRef90_W0UT79,1200,0.0087455812144,9,0.9382329945269742,6.837827376387803e-06
GuptaA_2019,3015,UniRef90_R6J2H3,1200,0.008171468543899999,9,0.9382329945269742,6.388951168021892e-06
GuptaA_2019,3016,UniRef90_A5ZJR5,1200,0.0078161530698,9,0.9382329945269742,6.11114391696638e-06
GuptaA_2019,3017,UniRef90_D1PJF6,1200,0.007686994129600001,9,0.9382329945269742,6.0101596009382335e-06
GuptaA_2019,3018,UniRef90_R6DPA8,1200,0.0075561545421,9,0.9382329945269742,5.907861252619234e-06
GuptaA_2019,3019,UniRef90_R6JPW2,1200,0.0075252610651,9,0.9382329945269742,5.88370685308835e-06
GuptaA_2019,3020,UniRef90_R6V1F1,1200,0.007500768544,9,0.9382329945269742,5.864557110242377e-06
GuptaA_2019,3021,UniRef90_A0A1G8DID3,1200,0.00749596458,9,0.9382329945269742,5.860801078967944e-06
GuptaA_2019,3022,UniRef90_A4EBI3,1200,0.007418023308600001,9,0.9382329945269742,5.7998618519155595e-06
GuptaA_2019,3023,UniRef90_R6WUX4,1200,0.0073886697345,9,0.9382329945269742,5.776911442142299e-06
GuptaA_2019,3024,UniRef90_Q8A1M1,1200,0.0072579861734,9,0.9382329945269742,5.674735084753714e-06
GuptaA_2019,3025,UniRef90_C9KVX0,1200,0.0072292138352,9,0.9382329945269742,5.65223912056294e-06
GuptaA_2019,3026,UniRef90_A0A174DTP7,1200,0.007088401954800001,9,0.9382329945269742,5.542143827052385e-06
GuptaA_2019,3027,UniRef90_A0A139LB70,1200,0.0070748929734000005,9,0.9382329945269742,5.531581683659109e-06
GuptaA_2019,3028,UniRef90_F7LC31,1200,0.0070713438125,9,0.9382329945269742,5.528806733776388e-06
GuptaA_2019,3029,UniRef90_U2DVT8,1200,0.007018233441,9,0.9382329945269742,5.487281814698984e-06
GuptaA_2019,3030,UniRef90_A0A139K1U4,1200,0.0069206158651,9,0.9382329945269742,5.410958455903049e-06
GuptaA_2019,3031,UniRef90_A0A0P0EX92,1200,0.0069088311969,9,0.9382329945269742,5.401744485457388e-06
GuptaA_2019,3032,UniRef90_A0A139JZ01,1200,0.006871885475,9,0.9382329945269742,5.372858072713057e-06
GuptaA_2019,3033,UniRef90_C9KYU1,1200,0.006833481939800001,9,0.9382329945269742,5.342831852853792e-06
GuptaA_2019,3034,UniRef90_Q8A1A0,1200,0.0067805672159999995,9,0.9382329945269742,5.3014599030492566e-06
GuptaA_2019,3035,UniRef90_Q8A2A1,1200,0.006538908210400001,9,0.9382329945269742,5.112516192650509e-06
GuptaA_2019,3036,UniRef90_Q89YZ2,1200,0.006534550506000001,9,0.9382329945269742,5.1091090742767795e-06
GuptaA_2019,3037,UniRef90_A7M5T6,1200,0.0065249457771999995,9,0.9382329945269742,5.1015995130570754e-06
GuptaA_2019,3038,UniRef90_A0A173U5W5,1200,0.0065246197715,9,0.9382329945269742,5.1013446219702895e-06
GuptaA_2019,3039,UniRef90_A0A3E5H1C2,1200,0.006490803037,9,0.9382329945269742,5.07490464190774e-06
GuptaA_2019,3040,UniRef90_Q8A5I9,1200,0.0064277126038,9,0.9382329945269742,5.025576703518374e-06
GuptaA_2019,3041,UniRef90_A0A077ZKY0,1200,0.006332943872999999,9,0.9382329945269742,4.951480745113369e-06
GuptaA_2019,3042,UniRef90_A0A0P0FC22,1200,0.0062952065461999995,9,0.9382329945269742,4.921975407505863e-06
GuptaA_2019,3043,UniRef90_A0A0N7I9N0,1200,0.0061849621075,9,0.9382329945269742,4.835779599296325e-06
GuptaA_2019,3044,UniRef90_R6KAS7,1200,0.0061840371294,9,0.9382329945269742,4.835056395152463e-06
GuptaA_2019,3045,UniRef90_I9SG70,1200,0.0060828530741,9,0.9382329945269742,4.755944545817044e-06
GuptaA_2019,3046,UniRef90_A0A1G8HGB8,1200,0.0060080819658,9,0.9382329945269742,4.6974839451133694e-06
GuptaA_2019,3047,UniRef90_A0A1Q6HDL7,1200,0.0059631191279,9,0.9382329945269742,4.662329263408913e-06
GuptaA_2019,3048,UniRef90_R6J2G1,1200,0.0059074483427,9,0.9382329945269742,4.618802457154027e-06
GuptaA_2019,3049,UniRef90_A5ZWH9,1200,0.0056580389609,9,0.9382329945269742,4.423799031196247e-06
GuptaA_2019,3050,UniRef90_R6JN49,1200,0.0056508108327,9,0.9382329945269742,4.418147640891321e-06
GuptaA_2019,3051,UniRef90_D7J3P2,1200,0.0056153764466,9,0.9382329945269742,4.390442882408132e-06
GuptaA_2019,3052,UniRef90_R6K519,1200,0.0054666219327,9,0.9382329945269742,4.27413755488663e-06
GuptaA_2019,3053,UniRef90_Q8A9K9,1200,0.0054538903398,9,0.9382329945269742,4.264183221110243e-06
GuptaA_2019,3054,UniRef90_A0A1Q6H874,1200,0.0054247641019,9,0.9382329945269742,4.241410556606724e-06
GuptaA_2019,3055,UniRef90_A0A139L108,1200,0.0052785619973,9,0.9382329945269742,4.1271008579358874e-06
GuptaA_2019,3056,UniRef90_E5XHC3,1200,0.0050614910707,9,0.9382329945269742,3.957381603362001e-06
GuptaA_2019,3057,UniRef90_E2ZJN5,1200,0.0047620025648,9,0.9382329945269742,3.723223271931196e-06
GuptaA_2019,3058,UniRef90_A0A134CL11,1200,0.0046525682483999995,9,0.9382329945269742,3.6376608666145424e-06
GuptaA_2019,3059,UniRef90_R5YE24,1200,0.0038604834067,9,0.9382329945269742,3.0183607558248634e-06
GuptaA_2019,3060,UniRef90_R8VTV4,1200,0.001893335676,9,0.9382329945269742,1.4803250007818608e-06
GuptaA_2019,3061,UniRef90_D4LUC8,1199,0.045758140374299996,9,0.9374511336982018,3.5776497556137605e-05
GuptaA_2019,3062,UniRef90_U6RAZ3,1199,0.0285419041369,9,0.9374511336982018,2.231579682322127e-05
GuptaA_2019,3063,UniRef90_C3RE11,1199,0.022665408857,9,0.9374511336982018,1.7721195353401094e-05
GuptaA_2019,3064,UniRef90_U6R7Y1,1199,0.02231844262,9,0.9374511336982018,1.7449916043784208e-05
GuptaA_2019,3065,UniRef90_A6L091,1199,0.0222133408215,9,0.9374511336982018,1.736774106450352e-05
GuptaA_2019,3066,UniRef90_S0F674,1199,0.02115960404,9,0.9374511336982018,1.6543865551211885e-05
GuptaA_2019,3067,UniRef90_D6CZF8,1199,0.0211075863477,9,0.9374511336982018,1.6503194955199375e-05
GuptaA_2019,3068,UniRef90_I9R3P9,1199,0.020773103842499998,9,0.9374511336982018,1.6241676186473807e-05
GuptaA_2019,3069,UniRef90_A6KZR2,1199,0.020700493527800002,9,0.9374511336982018,1.6184905025645036e-05
GuptaA_2019,3070,UniRef90_D4VAF8,1199,0.0205139027419,9,0.9374511336982018,1.6039016999139953e-05
GuptaA_2019,3071,UniRef90_A0A076J199,1199,0.0203878515702,9,0.9374511336982018,1.594046252556685e-05
GuptaA_2019,3072,UniRef90_A0A0K2HFZ2,1199,0.0202259801202,9,0.9374511336982018,1.5813901579515247e-05
GuptaA_2019,3073,UniRef90_D1K3L5,1199,0.0194811555525,9,0.9374511336982018,1.5231552425723222e-05
GuptaA_2019,3074,UniRef90_U6RBY3,1199,0.01934090949,9,0.9374511336982018,1.5121899523064894e-05
GuptaA_2019,3075,UniRef90_C3RA93,1199,0.0191992570442,9,0.9374511336982018,1.5011147024394057e-05
GuptaA_2019,3076,UniRef90_A0A0P0LGR6,1199,0.0190990202967,9,0.9374511336982018,1.493277583792025e-05
GuptaA_2019,3077,UniRef90_A6KYS6,1199,0.0190012045604,9,0.9374511336982018,1.4856297545269744e-05
GuptaA_2019,3078,UniRef90_A6L079,1199,0.0188818911389,9,0.9374511336982018,1.4763011054652073e-05
GuptaA_2019,3079,UniRef90_A0A0P0LLF0,1199,0.018806960613,9,0.9374511336982018,1.470442581157154e-05
GuptaA_2019,3080,UniRef90_A6KZK8,1199,0.0187903917286,9,0.9374511336982018,1.4691471249882721e-05
GuptaA_2019,3081,UniRef90_U6RSC0,1199,0.018770264746999898,9,0.9374511336982018,1.4675734751368176e-05
GuptaA_2019,3082,UniRef90_A0A076J0A5,1199,0.0186729781327,9,0.9374511336982018,1.459967015848319e-05
GuptaA_2019,3083,UniRef90_A0A076IHG6,1199,0.0185998054116,9,0.9374511336982018,1.4542459274120407e-05
GuptaA_2019,3084,UniRef90_A6L1J5,1199,0.01858175649,9,0.9374511336982018,1.452834752931978e-05
GuptaA_2019,3085,UniRef90_E5UQ30,1199,0.018480017355700002,9,0.9374511336982018,1.444880168545739e-05
GuptaA_2019,3086,UniRef90_A0A076IPE8,1199,0.0183432989261,9,0.9374511336982018,1.434190690078186e-05
GuptaA_2019,3087,UniRef90_A0A0P0LLI9,1199,0.0182976197037,9,0.9374511336982018,1.4306192106098514e-05
GuptaA_2019,3088,UniRef90_D4VA78,1199,0.0181941862456999,9,0.9374511336982018,1.4225321536903753e-05
GuptaA_2019,3089,UniRef90_A0A1Y4PGW2,1199,0.018131215600600003,9,0.9374511336982018,1.4176087256137609e-05
GuptaA_2019,3090,UniRef90_A0A076INL4,1199,0.017968355417,9,0.9374511336982018,1.4048753258014072e-05
GuptaA_2019,3091,UniRef90_A0A3E4KCP7,1199,0.0179170214539999,9,0.9374511336982018,1.4008617243158639e-05
GuptaA_2019,3092,UniRef90_B6W0U2,1199,0.017883353899099997,9,0.9374511336982018,1.3982293900781859e-05
GuptaA_2019,3093,UniRef90_A0A076J5M4,1199,0.0178603701588,9,0.9374511336982018,1.3964323814542612e-05
GuptaA_2019,3094,UniRef90_A0A076IYT9,1199,0.0176277210843,9,0.9374511336982018,1.378242461634089e-05
GuptaA_2019,3095,UniRef90_A0A0P0M116,1199,0.0175389042271,9,0.9374511336982018,1.3712982194761533e-05
GuptaA_2019,3096,UniRef90_A6KXL8,1199,0.017506693279,9,0.9374511336982018,1.3687797716184519e-05
GuptaA_2019,3097,UniRef90_A0A396F0S3,1199,0.0174226007876,9,0.9374511336982018,1.3622049091164972e-05
GuptaA_2019,3098,UniRef90_A0A396B8P2,1199,0.017406440214,9,0.9374511336982018,1.3609413771696639e-05
GuptaA_2019,3099,UniRef90_A0A0P0M157,1199,0.0173462466634,9,0.9374511336982018,1.3562350792337764e-05
GuptaA_2019,3100,UniRef90_I9RBI9,1199,0.0173383699702,9,0.9374511336982018,1.3556192314464425e-05
GuptaA_2019,3101,UniRef90_A0A0N7J806,1199,0.0172803365718,9,0.9374511336982018,1.3510818273494918e-05
GuptaA_2019,3102,UniRef90_A0A076IL73,1199,0.0171760224883,9,0.9374511336982018,1.3429259177716967e-05
GuptaA_2019,3103,UniRef90_D4VC12,1199,0.0171468395917,9,0.9374511336982018,1.3406442213995308e-05
GuptaA_2019,3104,UniRef90_A0A0N7J6V0,1199,0.0171027336,9,0.9374511336982018,1.3371957466770915e-05
GuptaA_2019,3105,UniRef90_I9FSY7,1199,0.017049785079,9,0.9374511336982018,1.3330559092259578e-05
GuptaA_2019,3106,UniRef90_A0A0K2HH15,1199,0.0170425215036,9,0.9374511336982018,1.3324879987177482e-05
GuptaA_2019,3107,UniRef90_A0A076IXG6,1199,0.0168549195506,9,0.9374511336982018,1.3178201368725566e-05
GuptaA_2019,3108,UniRef90_B6VX34,1199,0.0168171148777,9,0.9374511336982018,1.3148643375840502e-05
GuptaA_2019,3109,UniRef90_B6VYD3,1199,0.0168034786604,9,0.9374511336982018,1.3137981751681e-05
GuptaA_2019,3110,UniRef90_A0A0K2HG58,1199,0.016790318555600002,9,0.9374511336982018,1.3127692381235341e-05
GuptaA_2019,3111,UniRef90_I8VF16,1199,0.0166860501015,9,0.9374511336982018,1.304616896129789e-05
GuptaA_2019,3112,UniRef90_A0A0K2HE35,1199,0.016613461125,9,0.9374511336982018,1.2989414483971852e-05
GuptaA_2019,3113,UniRef90_C3RAI9,1199,0.0165874294255,9,0.9374511336982018,1.2969061317826427e-05
GuptaA_2019,3114,UniRef90_D4V869,1199,0.016527469224499998,9,0.9374511336982018,1.2922180785379201e-05
GuptaA_2019,3115,UniRef90_A0A076J626,1199,0.0164492417188,9,0.9374511336982018,1.2861017762939795e-05
GuptaA_2019,3116,UniRef90_A0A0M1W7B1,1199,0.016323049867599998,9,0.9374511336982018,1.276235329757623e-05
GuptaA_2019,3117,UniRef90_A0A0P0LPT7,1199,0.0162869877912,9,0.9374511336982018,1.2734157772634872e-05
GuptaA_2019,3118,UniRef90_A6KXU8,1199,0.0162763221817,9,0.9374511336982018,1.2725818750351838e-05
GuptaA_2019,3119,UniRef90_A0A173XA66,1199,0.0162384010979,9,0.9374511336982018,1.2696169740344019e-05
GuptaA_2019,3120,UniRef90_A6L2J9,1199,0.0162203315939999,9,0.9374511336982018,1.2682041903049178e-05
GuptaA_2019,3121,UniRef90_A0A076J0P7,1199,0.0162049056805,9,0.9374511336982018,1.2669980985535574e-05
GuptaA_2019,3122,UniRef90_A0A076J0P2,1199,0.0161871645724,9,0.9374511336982018,1.2656109908053165e-05
GuptaA_2019,3123,UniRef90_A0A0P0M1D2,1199,0.016158960903,9,0.9374511336982018,1.2634058563721658e-05
GuptaA_2019,3124,UniRef90_A0A076IZ47,1199,0.0161557853776,9,0.9374511336982018,1.2631575744800625e-05
GuptaA_2019,3125,UniRef90_A0A0P0M5V4,1199,0.0161297231625,9,0.9374511336982018,1.2611198719702894e-05
GuptaA_2019,3126,UniRef90_C6Z4I1,1199,0.0160228563712,9,0.9374511336982018,1.2527643761688819e-05
GuptaA_2019,3127,UniRef90_U6REW2,1199,0.0158346148379,9,0.9374511336982018,1.2380465080453478e-05
GuptaA_2019,3128,UniRef90_A6KX96,1199,0.0158170816786,9,0.9374511336982018,1.2366756589992181e-05
GuptaA_2019,3129,UniRef90_C3RGN1,1199,0.015775802222,9,0.9374511336982018,1.2334481799843629e-05
GuptaA_2019,3130,UniRef90_D4VAJ0,1199,0.0156838930489999,9,0.9374511336982018,1.2262621617669975e-05
GuptaA_2019,3131,UniRef90_A0A076IWX0,1199,0.015673436994300002,9,0.9374511336982018,1.2254446438076624e-05
GuptaA_2019,3132,UniRef90_C6Z4N4,1199,0.015611273069,9,0.9374511336982018,1.2205842899921814e-05
GuptaA_2019,3133,UniRef90_A0A1Y3ZE18,1199,0.015549568350199999,9,0.9374511336982018,1.2157598397341673e-05
GuptaA_2019,3134,UniRef90_A0A0N7J7E1,1199,0.0155449284651,9,0.9374511336982018,1.2153970652931978e-05
GuptaA_2019,3135,UniRef90_C3R9S9,1199,0.0154983505416,9,0.9374511336982018,1.2117553199061767e-05
GuptaA_2019,3136,UniRef90_A0A076IWJ1,1199,0.0154802814159999,9,0.9374511336982018,1.2103425657544879e-05
GuptaA_2019,3137,UniRef90_A0A1Y4PR89,1199,0.0152912274804,9,0.9374511336982018,1.1955611790774042e-05
GuptaA_2019,3138,UniRef90_A0A076IS96,1199,0.015269854724,9,0.9374511336982018,1.1938901269741985e-05
GuptaA_2019,3139,UniRef90_A0A1Q6JIG9,1199,0.0152089017393,9,0.9374511336982018,1.1891244518608288e-05
GuptaA_2019,3140,UniRef90_A0A076IXM6,1199,0.0151413224022,9,0.9374511336982018,1.1838406882095386e-05
GuptaA_2019,3141,UniRef90_D1K217,1199,0.015141290183,9,0.9374511336982018,1.1838381691164973e-05
GuptaA_2019,3142,UniRef90_A0A0K2HIG7,1199,0.0149226359914,9,0.9374511336982018,1.166742454370602e-05
GuptaA_2019,3143,UniRef90_A0A076ILB2,1199,0.0148727147947999,9,0.9374511336982018,1.1628393115558953e-05
GuptaA_2019,3144,UniRef90_A0A076J1Q0,1199,0.014824916465,9,0.9374511336982018,1.1591021473807663e-05
GuptaA_2019,3145,UniRef90_A0A1Y3ZPT6,1199,0.0147543534295,9,0.9374511336982018,1.153585100039093e-05
GuptaA_2019,3146,UniRef90_A0A0P0M597,1199,0.014706023888700001,9,0.9374511336982018,1.149806402556685e-05
GuptaA_2019,3147,UniRef90_A0A076IQX5,1199,0.0146894822954,9,0.9374511336982018,1.1485130801720093e-05
GuptaA_2019,3148,UniRef90_C3R7A7,1199,0.0146607507918,9,0.9374511336982018,1.1462666764503518e-05
GuptaA_2019,3149,UniRef90_A0A0M1VYI6,1199,0.014571656508,9,0.9374511336982018,1.139300743393276e-05
GuptaA_2019,3150,UniRef90_A0A076IYX7,1199,0.0145178511719,9,0.9374511336982018,1.1350939149257233e-05
GuptaA_2019,3151,UniRef90_I9R6K6,1199,0.014430348790600001,9,0.9374511336982018,1.128252446489445e-05
GuptaA_2019,3152,UniRef90_D4V3P6,1199,0.014383589194,9,0.9374511336982018,1.1245964967943706e-05
GuptaA_2019,3153,UniRef90_I8WCZ9,1199,0.0143658088599,9,0.9374511336982018,1.1232063221188428e-05
GuptaA_2019,3154,UniRef90_A6KWS3,1199,0.0143278178574,9,0.9374511336982018,1.120235954448788e-05
GuptaA_2019,3155,UniRef90_A0A0M1VZ43,1199,0.014142686131,9,0.9374511336982018,1.1057612299452698e-05
GuptaA_2019,3156,UniRef90_U6RBZ2,1199,0.0139995558817,9,0.9374511336982018,1.0945704364112588e-05
GuptaA_2019,3157,UniRef90_D4V3D6,1199,0.0139776099326,9,0.9374511336982018,1.0928545686161062e-05
GuptaA_2019,3158,UniRef90_A0A076INL3,1199,0.013909104076699999,9,0.9374511336982018,1.087498364089132e-05
GuptaA_2019,3159,UniRef90_A0A380ZJN2,1199,0.0137551211905,9,0.9374511336982018,1.075459045387021e-05
GuptaA_2019,3160,UniRef90_A0A0K2HKE3,1199,0.0137280796205,9,0.9374511336982018,1.0733447709538702e-05
GuptaA_2019,3161,UniRef90_E6SNW0,1199,0.0137086807555,9,0.9374511336982018,1.0718280496872557e-05
GuptaA_2019,3162,UniRef90_A0A3E5H4U5,1199,0.013695578723500001,9,0.9374511336982018,1.0708036531274435e-05
GuptaA_2019,3163,UniRef90_I8VLN7,1199,0.013666559396,9,0.9374511336982018,1.0685347455824863e-05
GuptaA_2019,3164,UniRef90_A0A076INE6,1199,0.013573144855400001,9,0.9374511336982018,1.0612310285691947e-05
GuptaA_2019,3165,UniRef90_A0A076IUA3,1199,0.0135140154287,9,0.9374511336982018,1.0566079303127443e-05
GuptaA_2019,3166,UniRef90_D4VCR9,1199,0.013239976973,9,0.9374511336982018,1.0351819369038311e-05
GuptaA_2019,3167,UniRef90_A0A076IQH5,1199,0.013181225710999899,9,0.9374511336982018,1.0305884058639483e-05
GuptaA_2019,3168,UniRef90_A0A127SGR9,1199,0.0129260598514,9,0.9374511336982018,1.0106379868178264e-05
GuptaA_2019,3169,UniRef90_A0A395US62,1199,0.012887532137699999,9,0.9374511336982018,1.0076256558014072e-05
GuptaA_2019,3170,UniRef90_A0A076IPW2,1199,0.0127842391929,9,0.9374511336982018,9.995495850586397e-06
GuptaA_2019,3171,UniRef90_R6LH10,1199,0.0127500235702,9,0.9374511336982018,9.968743995465206e-06
GuptaA_2019,3172,UniRef90_B0NTN7,1199,0.012558984177700001,9,0.9374511336982018,9.819377777716967e-06
GuptaA_2019,3173,UniRef90_T5M0B2,1199,0.012475343597100001,9,0.9374511336982018,9.75398248405004e-06
GuptaA_2019,3174,UniRef90_A6L4M4,1199,0.0124391863887,9,0.9374511336982018,9.725712579124316e-06
GuptaA_2019,3175,UniRef90_A6L404,1199,0.0121484143626,9,0.9374511336982018,9.498369321813918e-06
GuptaA_2019,3176,UniRef90_A0A139KHM5,1199,0.011829223368700001,9,0.9374511336982018,9.248806386786553e-06
GuptaA_2019,3177,UniRef90_A0A174LNQ9,1199,0.0114715469964,9,0.9374511336982018,8.96915324190774e-06
GuptaA_2019,3178,UniRef90_A0A2A7AZ70,1199,0.011352477497400001,9,0.9374511336982018,8.876057464738078e-06
GuptaA_2019,3179,UniRef90_A0A395V8D4,1199,0.0110867709711,9,0.9374511336982018,8.668311939874902e-06
GuptaA_2019,3180,UniRef90_R7GRD8,1199,0.010773881508,9,0.9374511336982018,8.423675924941361e-06
GuptaA_2019,3181,UniRef90_C4ZES0,1199,0.0100505469255,9,0.9374511336982018,7.858128948788116e-06
GuptaA_2019,3182,UniRef90_U2R0J5,1199,0.0099125048378,9,0.9374511336982018,7.750199247693511e-06
GuptaA_2019,3183,UniRef90_Q64RX9,1199,0.0087698347669999,9,0.9374511336982018,6.856790279124238e-06
GuptaA_2019,3184,UniRef90_A0A174KK60,1199,0.0078676320576,9,0.9374511336982018,6.151393321032057e-06
GuptaA_2019,3185,UniRef90_Q8A2U2,1199,0.0077681996657,9,0.9374511336982018,6.073651028694292e-06
GuptaA_2019,3186,UniRef90_R5XNY7,1199,0.0076530731826,9,0.9374511336982018,5.9836381412040654e-06
GuptaA_2019,3187,UniRef90_A0A1C7H237,1199,0.0074866608764,9,0.9374511336982018,5.853526877560594e-06
GuptaA_2019,3188,UniRef90_Q8A029,1199,0.007081089099,9,0.9374511336982018,5.5364261915559025e-06
GuptaA_2019,3189,UniRef90_A0A0P0FEG3,1199,0.0070750354877000005,9,0.9374511336982018,5.531693110007819e-06
GuptaA_2019,3190,UniRef90_A5ZK94,1199,0.0067211558182,9,0.9374511336982018,5.255008458326818e-06
GuptaA_2019,3191,UniRef90_R6RVC0,1199,0.0067077909323,9,0.9374511336982018,5.244558977560595e-06
GuptaA_2019,3192,UniRef90_A5ZBD6,1199,0.0066274325967,9,0.9374511336982018,5.181729942689601e-06
GuptaA_2019,3193,UniRef90_A0A0P0F5A8,1199,0.0065343918766999996,9,0.9374511336982018,5.108985048240813e-06
GuptaA_2019,3194,UniRef90_D6D8A6,1199,0.006532264779400001,9,0.9374511336982018,5.107321954182956e-06
GuptaA_2019,3195,UniRef90_B7C978,1199,0.0064875654605,9,0.9374511336982018,5.072373307662236e-06
GuptaA_2019,3196,UniRef90_A0A173X476,1199,0.0064559091863,9,0.9374511336982018,5.047622506880375e-06
GuptaA_2019,3197,UniRef90_A0A174G201,1199,0.006208790392000001,9,0.9374511336982018,4.854410001563722e-06
GuptaA_2019,3198,UniRef90_A0A173UDN6,1199,0.0061076681024,9,0.9374511336982018,4.775346444409695e-06
GuptaA_2019,3199,UniRef90_A0A139JTR1,1199,0.0061023623524,9,0.9374511336982018,4.771198086317435e-06
GuptaA_2019,3200,UniRef90_R6V7A7,1199,0.0060999202934,9,0.9374511336982018,4.769288736043784e-06
GuptaA_2019,3201,UniRef90_Q8A753,1199,0.0059340395731,9,0.9374511336982018,4.639593098592651e-06
GuptaA_2019,3202,UniRef90_R6DCF0,1199,0.0058652485044,9,0.9374511336982018,4.585808056606724e-06
GuptaA_2019,3203,UniRef90_A0A139KKC1,1199,0.0058098057503999994,9,0.9374511336982018,4.542459539014855e-06
GuptaA_2019,3204,UniRef90_A5ZI36,1199,0.0058055977447000005,9,0.9374511336982018,4.5391694641907746e-06
GuptaA_2019,3205,UniRef90_Q8ABA7,1199,0.0057021611927,9,0.9374511336982018,4.458296475918686e-06
GuptaA_2019,3206,UniRef90_A0A0P0ESN7,1199,0.0056876130713,9,0.9374511336982018,4.4469218696637996e-06
GuptaA_2019,3207,UniRef90_A0A1H7PS86,1199,0.005654403477,9,0.9374511336982018,4.420956588741204e-06
GuptaA_2019,3208,UniRef90_R6JHH8,1199,0.0054645208199,9,0.9374511336982018,4.272494777091478e-06
GuptaA_2019,3209,UniRef90_Q89ZW6,1199,0.0054324345684,9,0.9374511336982018,4.247407793901485e-06
GuptaA_2019,3210,UniRef90_D7J9K3,1199,0.0052667674465999995,9,0.9374511336982018,4.117879160750586e-06
GuptaA_2019,3211,UniRef90_R6D7F0,1199,0.005260281182,9,0.9374511336982018,4.112807804534793e-06
GuptaA_2019,3212,UniRef90_A0A174LWI4,1199,0.0048300258536000005,9,0.9374511336982018,3.7764080168881943e-06
GuptaA_2019,3213,UniRef90_A0A174BY46,1199,0.0045023559244999995,9,0.9374511336982018,3.5202157345582484e-06
GuptaA_2019,3214,UniRef90_R7GQH1,1199,0.0031297109322,9,0.9374511336982018,2.446998383268178e-06
GuptaA_2019,3215,UniRef90_K1T6Q4,1199,0.0029373524371,9,0.9374511336982018,2.2966008108678657e-06
GuptaA_2019,3216,UniRef90_A0A1Q2C6A6,1199,0.00262171603897,9,0.9374511336982018,2.0498170750351837e-06
GuptaA_2019,3217,UniRef90_A0A174QV37,1199,0.0020931352137999997,9,0.9374511336982018,1.6365404329945268e-06
GuptaA_2019,3218,UniRef90_A0A1C7I750,1199,0.00112301930726,9,0.9374511336982018,8.780448063017983e-07
GuptaA_2019,3219,UniRef90_R7N250,1199,0.00033652067685,9,0.9374511336982018,2.6311233530101643e-07
GuptaA_2019,3220,UniRef90_C7H7M1,1198,0.14134408075240001,9,0.9366692728694292,0.00011051140011915561
GuptaA_2019,3221,UniRef90_A0A0P0LP13,1198,0.0229158506028,9,0.9366692728694292,1.791700594433151e-05
GuptaA_2019,3222,UniRef90_A0A076J4A7,1198,0.0225103174754,9,0.9366692728694292,1.759993547724785e-05
GuptaA_2019,3223,UniRef90_A0A076IZ64,1198,0.022007825366899998,9,0.9366692728694292,1.7207056580844407e-05
GuptaA_2019,3224,UniRef90_B6VSP0,1198,0.0218768423784,9,0.9366692728694292,1.7104646112900704e-05
GuptaA_2019,3225,UniRef90_C3RAI4,1198,0.021247724837500002,9,0.9366692728694292,1.6612763750977327e-05
GuptaA_2019,3226,UniRef90_A0A174N9V0,1198,0.0208496675166,9,0.9366692728694292,1.63015383241595e-05
GuptaA_2019,3227,UniRef90_A0A3E4HLD6,1198,0.020122753699,9,0.9366692728694292,1.5733192884284598e-05
GuptaA_2019,3228,UniRef90_A0A0P0M1T8,1198,0.0201130150658,9,0.9366692728694292,1.5725578628459735e-05
GuptaA_2019,3229,UniRef90_A6KXY8,1198,0.0200650739702,9,0.9366692728694292,1.5688095363721656e-05
GuptaA_2019,3230,UniRef90_A0A0K2HGJ5,1198,0.0198887980498,9,0.9366692728694292,1.555027212650508e-05
GuptaA_2019,3231,UniRef90_A0A076IYU5,1198,0.019874508488,9,0.9366692728694292,1.5539099677873338e-05
GuptaA_2019,3232,UniRef90_A0A076IP72,1198,0.019871094567,9,0.9366692728694292,1.5536430466770917e-05
GuptaA_2019,3233,UniRef90_A0A076ISR6,1198,0.0195039078302,9,0.9366692728694292,1.5249341540422205e-05
GuptaA_2019,3234,UniRef90_A0A076IZB5,1198,0.019464326173,9,0.9366692728694292,1.5218394193119624e-05
GuptaA_2019,3235,UniRef90_U6RBJ5,1198,0.019454553913,9,0.9366692728694292,1.5210753645817045e-05
GuptaA_2019,3236,UniRef90_A0A396BMU7,1198,0.0194508287023,9,0.9366692728694292,1.520784104949179e-05
GuptaA_2019,3237,UniRef90_A0A395UW56,1198,0.019340879935,9,0.9366692728694292,1.51218764151681e-05
GuptaA_2019,3238,UniRef90_A6KZ28,1198,0.0192563892176,9,0.9366692728694292,1.5055816432838154e-05
GuptaA_2019,3239,UniRef90_U6RDY1,1198,0.019190576951,9,0.9366692728694292,1.5004360399530883e-05
GuptaA_2019,3240,UniRef90_A6L0W8,1198,0.0191637662444,9,0.9366692728694292,1.498339815824863e-05
GuptaA_2019,3241,UniRef90_A0A396F6U5,1198,0.0191548865593,9,0.9366692728694292,1.4976455480297109e-05
GuptaA_2019,3242,UniRef90_A6L028,1198,0.0190385629006,9,0.9366692728694292,1.4885506568100078e-05
GuptaA_2019,3243,UniRef90_A0A0K2HFG2,1198,0.0189789307465,9,0.9366692728694292,1.4838882522673962e-05
GuptaA_2019,3244,UniRef90_A0A174ME99,1198,0.018764722234,9,0.9366692728694292,1.4671401277560595e-05
GuptaA_2019,3245,UniRef90_A0A076IJU7,1198,0.018729906021,9,0.9366692728694292,1.4644179844409697e-05
GuptaA_2019,3246,UniRef90_A0A076J0N4,1198,0.0186983425705,9,0.9366692728694292,1.4619501618842846e-05
GuptaA_2019,3247,UniRef90_A0A076INJ7,1198,0.0185405506407,9,0.9366692728694292,1.4496130289835808e-05
GuptaA_2019,3248,UniRef90_B6VXQ9,1198,0.018498671868,9,0.9366692728694292,1.4463386917904612e-05
GuptaA_2019,3249,UniRef90_A0A0K2HGU4,1198,0.018487930366,9,0.9366692728694292,1.4454988558248633e-05
GuptaA_2019,3250,UniRef90_C3RE72,1198,0.018228951030799998,9,0.9366692728694292,1.4252502760594212e-05
GuptaA_2019,3251,UniRef90_A0A1Y4PSQ4,1198,0.018213044946,9,0.9366692728694292,1.4240066415949962e-05
GuptaA_2019,3252,UniRef90_C3RCP9,1198,0.018154590505199998,9,0.9366692728694292,1.4194363178420639e-05
GuptaA_2019,3253,UniRef90_A0A174CBR2,1198,0.01809411245,9,0.9366692728694292,1.4147077756059423e-05
GuptaA_2019,3254,UniRef90_D4VC11,1198,0.0180831715892,9,0.9366692728694292,1.4138523525566849e-05
GuptaA_2019,3255,UniRef90_A0A0P0L9V7,1198,0.018068564277699997,9,0.9366692728694292,1.412710264089132e-05
GuptaA_2019,3256,UniRef90_A0A076J0D7,1198,0.017902416166,9,0.9366692728694292,1.3997197940578577e-05
GuptaA_2019,3257,UniRef90_A0A076INK8,1198,0.0178987439526,9,0.9366692728694292,1.3994326780766224e-05
GuptaA_2019,3258,UniRef90_A0A174KXL6,1198,0.0176206887159,9,0.9366692728694292,1.3776926282955435e-05
GuptaA_2019,3259,UniRef90_A0A0K2HHI4,1198,0.0176146001239999,9,0.9366692728694292,1.3772165851446366e-05
GuptaA_2019,3260,UniRef90_A0A174BXN0,1198,0.017489850505499997,9,0.9366692728694292,1.3674629011336979e-05
GuptaA_2019,3261,UniRef90_A0A3F3K7G2,1198,0.0174526234534,9,0.9366692728694292,1.364552263752932e-05
GuptaA_2019,3262,UniRef90_A0A0K2HIK9,1198,0.017415050396,9,0.9366692728694292,1.361614573573104e-05
GuptaA_2019,3263,UniRef90_A0A076IYC1,1198,0.0173346771379,9,0.9366692728694292,1.355330503354183e-05
GuptaA_2019,3264,UniRef90_A0A076IQP1,1198,0.017306518801000002,9,0.9366692728694292,1.3531289132916343e-05
GuptaA_2019,3265,UniRef90_A0A1Y4PBJ5,1198,0.0173050425297,9,0.9366692728694292,1.3530134894214228e-05
GuptaA_2019,3266,UniRef90_A0A076J5W2,1198,0.017196730586499998,9,0.9366692728694292,1.3445450028537919e-05
GuptaA_2019,3267,UniRef90_A0A3E4JP05,1198,0.017192776167,9,0.9366692728694292,1.3442358222830337e-05
GuptaA_2019,3268,UniRef90_A0A396B8R5,1198,0.017071011323,9,0.9366692728694292,1.3347155060985144e-05
GuptaA_2019,3269,UniRef90_A6KXF7,1198,0.017064667425500002,9,0.9366692728694292,1.3342195016028149e-05
GuptaA_2019,3270,UniRef90_A6KXG9,1198,0.0170560590719999,9,0.9366692728694292,1.3335464481626193e-05
GuptaA_2019,3271,UniRef90_D1KA78,1198,0.017037815879,9,0.9366692728694292,1.3321200843627833e-05
GuptaA_2019,3272,UniRef90_D4V8H5,1198,0.0170316402696,9,0.9366692728694292,1.3316372376544175e-05
GuptaA_2019,3273,UniRef90_D4V874,1198,0.017026958568900002,9,0.9366692728694292,1.331271193815481e-05
GuptaA_2019,3274,UniRef90_A0A076J6J3,1198,0.0169974573058,9,0.9366692728694292,1.3289646056137608e-05
GuptaA_2019,3275,UniRef90_A6L1Z3,1198,0.0169944539561,9,0.9366692728694292,1.3287297854652072e-05
GuptaA_2019,3276,UniRef90_A0A174P3Q3,1198,0.016949913419399998,9,0.9366692728694292,1.3252473353713837e-05
GuptaA_2019,3277,UniRef90_C3RAI3,1198,0.0169471283318,9,0.9366692728694292,1.3250295802814699e-05
GuptaA_2019,3278,UniRef90_A0A076J1C9,1198,0.0166529874296,9,0.9366692728694292,1.3020318553244722e-05
GuptaA_2019,3279,UniRef90_A0A076J2P1,1198,0.016646706425,9,0.9366692728694292,1.3015407681782643e-05
GuptaA_2019,3280,UniRef90_A0A076J3T7,1198,0.016608775182,9,0.9366692728694292,1.2985750728694293e-05
GuptaA_2019,3281,UniRef90_A0A076ISY7,1198,0.0165509924887,9,0.9366692728694292,1.294057270422205e-05
GuptaA_2019,3282,UniRef90_A0A1Y4PC68,1198,0.0165133582254,9,0.9366692728694292,1.2911147947928069e-05
GuptaA_2019,3283,UniRef90_A0A076IW64,1198,0.016471673580000002,9,0.9366692728694292,1.287855635652854e-05
GuptaA_2019,3284,UniRef90_A0A076IZZ7,1198,0.0164433562232,9,0.9366692728694292,1.2856416124472244e-05
GuptaA_2019,3285,UniRef90_A0A397WLY9,1198,0.016414268685,9,0.9366692728694292,1.2833673717748242e-05
GuptaA_2019,3286,UniRef90_A0A0P0L5P9,1198,0.016401241846,9,0.9366692728694292,1.2823488542611414e-05
GuptaA_2019,3287,UniRef90_I9FHZ1,1198,0.016382825152,9,0.9366692728694292,1.2809089250977325e-05
GuptaA_2019,3288,UniRef90_A6L2N4,1198,0.0163487851089,9,0.9366692728694292,1.278247467466771e-05
GuptaA_2019,3289,UniRef90_A0A174M183,1198,0.0163451258476,9,0.9366692728694292,1.2779613641594995e-05
GuptaA_2019,3290,UniRef90_A0A380ZGG4,1198,0.0163024140623,9,0.9366692728694292,1.2746218969741986e-05
GuptaA_2019,3291,UniRef90_A0A076IZZ3,1198,0.016301145885,9,0.9366692728694292,1.2745227431587178e-05
GuptaA_2019,3292,UniRef90_C3RFD0,1198,0.0162944619147,9,0.9366692728694292,1.2740001497028928e-05
GuptaA_2019,3293,UniRef90_D4V5T2,1198,0.0162818921638999,9,0.9366692728694292,1.27301737012509e-05
GuptaA_2019,3294,UniRef90_C3RC30,1198,0.0162582541516,9,0.9366692728694292,1.2711692065363564e-05
GuptaA_2019,3295,UniRef90_A0A0K2HJ19,1198,0.0162521780658,9,0.9366692728694292,1.2706941411884284e-05
GuptaA_2019,3296,UniRef90_A6L7M5,1198,0.0162213944783999,9,0.9366692728694292,1.2682872930727052e-05
GuptaA_2019,3297,UniRef90_U6RNF0,1198,0.016219971356,9,0.9366692728694292,1.2681760247068022e-05
GuptaA_2019,3298,UniRef90_A0A0K2HEQ9,1198,0.016218069079,9,0.9366692728694292,1.2680272931196246e-05
GuptaA_2019,3299,UniRef90_A0A0K2HET7,1198,0.0162061070271,9,0.9366692728694292,1.2670920271383894e-05
GuptaA_2019,3300,UniRef90_A0A076IIM7,1198,0.0162003934682,9,0.9366692728694292,1.26664530634871e-05
GuptaA_2019,3301,UniRef90_A0A396ATC5,1198,0.0160469375574,9,0.9366692728694292,1.2546471897888975e-05
GuptaA_2019,3302,UniRef90_A0A0P0LHQ9,1198,0.016039766138299903,9,0.9366692728694292,1.2540864846207899e-05
GuptaA_2019,3303,UniRef90_U6RRN7,1198,0.0160336284747,9,0.9366692728694292,1.2536066047458952e-05
GuptaA_2019,3304,UniRef90_A0A076IPI2,1198,0.016010485611100002,9,0.9366692728694292,1.2517971548944489e-05
GuptaA_2019,3305,UniRef90_A0A076J0R4,1198,0.0160044229417,9,0.9366692728694292,1.251323138522283e-05
GuptaA_2019,3306,UniRef90_F3PNG5,1198,0.0158579996733,9,0.9366692728694292,1.2398748767240031e-05
GuptaA_2019,3307,UniRef90_A0A076JBD8,1198,0.0158422729861999,9,0.9366692728694292,1.2386452686630102e-05
GuptaA_2019,3308,UniRef90_R7NVI7,1198,0.015836642086,9,0.9366692728694292,1.2382050106333073e-05
GuptaA_2019,3309,UniRef90_A0A0M1VZA8,1198,0.0158089492214,9,0.9366692728694292,1.2360398140265834e-05
GuptaA_2019,3310,UniRef90_A0A076J1G9,1198,0.0157855582329,9,0.9366692728694292,1.2342109642611415e-05
GuptaA_2019,3311,UniRef90_A0A396CMV9,1198,0.0157594330237,9,0.9366692728694292,1.232168336489445e-05
GuptaA_2019,3312,UniRef90_E6SND0,1198,0.015701665201,9,0.9366692728694292,1.2276516967161845e-05
GuptaA_2019,3313,UniRef90_A6KX92,1198,0.015612430002000001,9,0.9366692728694292,1.220674746051603e-05
GuptaA_2019,3314,UniRef90_A0A076ITY4,1198,0.0155575703165,9,0.9366692728694292,1.2163854821344801e-05
GuptaA_2019,3315,UniRef90_E6ST21,1198,0.0155353320323,9,0.9366692728694292,1.2146467578029711e-05
GuptaA_2019,3316,UniRef90_A0A0M1W7K5,1198,0.0155251659372999,9,0.9366692728694292,1.2138519106567552e-05
GuptaA_2019,3317,UniRef90_B6VTR7,1198,0.0154810094534,9,0.9366692728694292,1.2103994881469898e-05
GuptaA_2019,3318,UniRef90_A0A076IWR4,1198,0.015397449865199999,9,0.9366692728694292,1.203866291258796e-05
GuptaA_2019,3319,UniRef90_A0A174KKF4,1198,0.0153078371604,9,0.9366692728694292,1.1968598248944488e-05
GuptaA_2019,3320,UniRef90_R6L9G3,1198,0.015279993638900001,9,0.9366692728694292,1.1946828490148555e-05
GuptaA_2019,3321,UniRef90_A0A0P0L8B7,1198,0.0152628657868,9,0.9366692728694292,1.1933436893510555e-05
GuptaA_2019,3322,UniRef90_A6KZV1,1198,0.0152539365493,9,0.9366692728694292,1.1926455472478499e-05
GuptaA_2019,3323,UniRef90_A0A396BD07,1198,0.0152133363203,9,0.9366692728694292,1.1894711743784207e-05
GuptaA_2019,3324,UniRef90_A0A0P0M1N4,1198,0.0151552271989999,9,0.9366692728694292,1.184927849804527e-05
GuptaA_2019,3325,UniRef90_A0A076IR94,1198,0.015089818003000001,9,0.9366692728694292,1.1798137609851448e-05
GuptaA_2019,3326,UniRef90_A6L7J9,1198,0.015028957846,9,0.9366692728694292,1.1750553437060204e-05
GuptaA_2019,3327,UniRef90_A0A076J1P1,1198,0.0149970663987,9,0.9366692728694292,1.1725618763643471e-05
GuptaA_2019,3328,UniRef90_A0A0N7J7Z4,1198,0.0148946944885,9,0.9366692728694292,1.1645578177091478e-05
GuptaA_2019,3329,UniRef90_C3R760,1198,0.0148762043422,9,0.9366692728694292,1.1631121455981236e-05
GuptaA_2019,3330,UniRef90_A0A0P0M4J7,1198,0.0148542589959,9,0.9366692728694292,1.1613963249335418e-05
GuptaA_2019,3331,UniRef90_C6LDC9,1198,0.0147748305674,9,0.9366692728694292,1.1551861272400312e-05
GuptaA_2019,3332,UniRef90_A0A174KD57,1198,0.0147732270552,9,0.9366692728694292,1.1550607549022675e-05
GuptaA_2019,3333,UniRef90_A0A076J3J8,1198,0.0147454571638,9,0.9366692728694292,1.1528895358717749e-05
GuptaA_2019,3334,UniRef90_A0A0P0M5A3,1198,0.014689260428499901,9,0.9366692728694292,1.1484957332681706e-05
GuptaA_2019,3335,UniRef90_I9QH96,1198,0.01468549479,9,0.9366692728694292,1.1482013127443315e-05
GuptaA_2019,3336,UniRef90_A0A076IUI7,1198,0.014602115337300001,9,0.9366692728694292,1.1416821999452699e-05
GuptaA_2019,3337,UniRef90_C6LD83,1198,0.0145645750792,9,0.9366692728694292,1.13874707421423e-05
GuptaA_2019,3338,UniRef90_A0A174VN96,1198,0.0145113657777,9,0.9366692728694292,1.1345868473573104e-05
GuptaA_2019,3339,UniRef90_A6BD35,1198,0.0144903234885,9,0.9366692728694292,1.1329416331899922e-05
GuptaA_2019,3340,UniRef90_A0A0K2HNW9,1198,0.0144484869538,9,0.9366692728694292,1.1296705984206411e-05
GuptaA_2019,3341,UniRef90_A0A076II75,1198,0.01437296855,9,0.9366692728694292,1.1237661102423769e-05
GuptaA_2019,3342,UniRef90_A0A0K2HDD4,1198,0.0143424714773,9,0.9366692728694292,1.1213816635887413e-05
GuptaA_2019,3343,UniRef90_A0A076IL88,1198,0.014328925765500001,9,0.9366692728694292,1.1203225774433152e-05
GuptaA_2019,3344,UniRef90_A0A139K8I3,1198,0.0143084829642,9,0.9366692728694292,1.1187242348866301e-05
GuptaA_2019,3345,UniRef90_A0A174TTD6,1198,0.0141456644072,9,0.9366692728694292,1.1059940896950744e-05
GuptaA_2019,3346,UniRef90_B7CD94,1198,0.0140757747846,9,0.9366692728694292,1.100529693870211e-05
GuptaA_2019,3347,UniRef90_A0A139KEU4,1198,0.014067247159500001,9,0.9366692728694292,1.0998629522673965e-05
GuptaA_2019,3348,UniRef90_A0A076J5E4,1198,0.014033539704699999,9,0.9366692728694292,1.0972274984128224e-05
GuptaA_2019,3349,UniRef90_A0A174W8K2,1198,0.0140154209665,9,0.9366692728694292,1.0958108652462862e-05
GuptaA_2019,3350,UniRef90_A0A076IN03,1198,0.0139149616487,9,0.9366692728694292,1.0879563446989836e-05
GuptaA_2019,3351,UniRef90_A0A173XN64,1198,0.0139007315154,9,0.9366692728694292,1.0868437463174355e-05
GuptaA_2019,3352,UniRef90_A0A076IJA2,1198,0.0138012262591,9,0.9366692728694292,1.079063820101642e-05
GuptaA_2019,3353,UniRef90_A0A076IPG1,1198,0.0137775786292,9,0.9366692728694292,1.07721490455043e-05
GuptaA_2019,3354,UniRef90_A0A076IPR0,1198,0.0137612741578,9,0.9366692728694292,1.0759401217982799e-05
GuptaA_2019,3355,UniRef90_A6L5G7,1198,0.0136765316702,9,0.9366692728694292,1.0693144386395622e-05
GuptaA_2019,3356,UniRef90_A0A076ISH7,1198,0.0136385984475,9,0.9366692728694292,1.0663485885457388e-05
GuptaA_2019,3357,UniRef90_A0A076IYY0,1198,0.0135406169236,9,0.9366692728694292,1.0586877969976545e-05
GuptaA_2019,3358,UniRef90_R6M7Y6,1198,0.0134308894663,9,0.9366692728694292,1.050108636927287e-05
GuptaA_2019,3359,UniRef90_E6SQH5,1198,0.0133890800699999,9,0.9366692728694292,1.0468397240031195e-05
GuptaA_2019,3360,UniRef90_A0A076J8B0,1198,0.0133841827522999,9,0.9366692728694292,1.0464568219155512e-05
GuptaA_2019,3361,UniRef90_A0A076J5Q5,1198,0.013307236007,9,0.9366692728694292,1.0404406573103988e-05
GuptaA_2019,3362,UniRef90_A0A0N7J7R7,1198,0.01330020898,9,0.9366692728694292,1.0398912415949961e-05
GuptaA_2019,3363,UniRef90_D1JZ37,1198,0.0132981978891,9,0.9366692728694292,1.039734002275215e-05
GuptaA_2019,3364,UniRef90_E6SQA1,1198,0.0131837933532,9,0.9366692728694292,1.0307891597498044e-05
GuptaA_2019,3365,UniRef90_U6RGT5,1198,0.0131720649488,9,0.9366692728694292,1.0298721617513682e-05
GuptaA_2019,3366,UniRef90_A0A395VGI5,1198,0.0131334190649,9,0.9366692728694292,1.0268505914698984e-05
GuptaA_2019,3367,UniRef90_A0A3E4TRJ7,1198,0.0130882737173,9,0.9366692728694292,1.0233208535809226e-05
GuptaA_2019,3368,UniRef90_A6L5E7,1198,0.0130848824313,9,0.9366692728694292,1.0230557022126661e-05
GuptaA_2019,3369,UniRef90_C7H2N7,1198,0.013071913288799999,9,0.9366692728694292,1.0220416957623143e-05
GuptaA_2019,3370,UniRef90_I9SDA2,1198,0.0129273259063,9,0.9366692728694292,1.010736974691165e-05
GuptaA_2019,3371,UniRef90_I9R8R7,1198,0.0129058277236,9,0.9366692728694292,1.0090561159968724e-05
GuptaA_2019,3372,UniRef90_A0A076JAM0,1198,0.0128735661649,9,0.9366692728694292,1.006533711094605e-05
GuptaA_2019,3373,UniRef90_D1JY47,1198,0.0127876296265,9,0.9366692728694292,9.99814669781079e-06
GuptaA_2019,3374,UniRef90_A0A396AKD0,1198,0.012645519958,9,0.9366692728694292,9.887036714620797e-06
GuptaA_2019,3375,UniRef90_B6VTE1,1198,0.0126388716022,9,0.9366692728694292,9.881838625645035e-06
GuptaA_2019,3376,UniRef90_A0A076JA10,1198,0.0126059918653,9,0.9366692728694292,9.85613124730258e-06
GuptaA_2019,3377,UniRef90_A0A0P0M4W7,1198,0.0125377766726,9,0.9366692728694292,9.802796460203284e-06
GuptaA_2019,3378,UniRef90_G2T390,1198,0.0124675998308999,9,0.9366692728694292,9.747927936591009e-06
GuptaA_2019,3379,UniRef90_A0A1Y3ZI32,1198,0.0122328707283,9,0.9366692728694292,9.564402445895231e-06
GuptaA_2019,3380,UniRef90_I8WNH5,1198,0.0121878867257,9,0.9366692728694292,9.529231216340892e-06
GuptaA_2019,3381,UniRef90_R6KBC2,1198,0.012184818103399999,9,0.9366692728694292,9.526831980766222e-06
GuptaA_2019,3382,UniRef90_A0A174PHW9,1198,0.0120899205433,9,0.9366692728694292,9.452635295777951e-06
GuptaA_2019,3383,UniRef90_R7E6D1,1198,0.0120024569857,9,0.9366692728694292,9.384250966145427e-06
GuptaA_2019,3384,UniRef90_D4VDH2,1198,0.0117779268616,9,0.9366692728694292,9.208699657232213e-06
GuptaA_2019,3385,UniRef90_A0A0M1W1V6,1198,0.011607880757799999,9,0.9366692728694292,9.075747269585614e-06
GuptaA_2019,3386,UniRef90_A0A076INP5,1198,0.0111924462994,9,0.9366692728694292,8.750935339640344e-06
GuptaA_2019,3387,UniRef90_A6L5D2,1198,0.0110938333687,9,0.9366692728694292,8.673833751915559e-06
GuptaA_2019,3388,UniRef90_D1PP49,1198,0.0107768206057,9,0.9366692728694292,8.425973890304926e-06
GuptaA_2019,3389,UniRef90_A0A173T5U8,1198,0.0107463796084,9,0.9366692728694292,8.402173266927287e-06
GuptaA_2019,3390,UniRef90_A0A0P0GYG0,1198,0.0106680042923,9,0.9366692728694292,8.340894677326036e-06
GuptaA_2019,3391,UniRef90_A0A076J1X6,1198,0.010409419063,9,0.9366692728694292,8.138717015637218e-06
GuptaA_2019,3392,UniRef90_A0A3E2U1R8,1198,0.0101382280291,9,0.9366692728694292,7.926683369116498e-06
GuptaA_2019,3393,UniRef90_A0A173TYZ3,1198,0.0098634095911,9,0.9366692728694292,7.71181359741986e-06
GuptaA_2019,3394,UniRef90_A0A015P063,1198,0.0094715298662,9,0.9366692728694292,7.4054181909304144e-06
GuptaA_2019,3395,UniRef90_D3AM84,1198,0.0080950164957,9,0.9366692728694292,6.329176306254887e-06
GuptaA_2019,3396,UniRef90_N1ZQE1,1198,0.007978068264,9,0.9366692728694292,6.237739064894449e-06
GuptaA_2019,3397,UniRef90_R6JN28,1198,0.007824896897,9,0.9366692728694292,6.117980372947616e-06
GuptaA_2019,3398,UniRef90_D6D691,1198,0.007587381775,9,0.9366692728694292,5.932276602814699e-06
GuptaA_2019,3399,UniRef90_B0P4N2,1198,0.0073825894437999995,9,0.9366692728694292,5.772157501016418e-06
GuptaA_2019,3400,UniRef90_R7KPA1,1198,0.0073512916153999994,9,0.9366692728694292,5.747686954964816e-06
GuptaA_2019,3401,UniRef90_A0A1G8H0C8,1198,0.0071254665082,9,0.9366692728694292,5.571123149491791e-06
GuptaA_2019,3402,UniRef90_A0A0P0FSS5,1198,0.0067813041435,9,0.9366692728694292,5.302036077795153e-06
GuptaA_2019,3403,UniRef90_A0A396BUW3,1198,0.006725723425499999,9,0.9366692728694292,5.258579691555903e-06
GuptaA_2019,3404,UniRef90_R6D936,1198,0.0066731816077,9,0.9366692728694292,5.2174993023455825e-06
GuptaA_2019,3405,UniRef90_U2QSK3,1198,0.0066149677085,9,0.9366692728694292,5.171984134870993e-06
GuptaA_2019,3406,UniRef90_A0A0N7IAV0,1198,0.0066059322551,9,0.9366692728694292,5.164919667787334e-06
GuptaA_2019,3407,UniRef90_R6JDG8,1198,0.0064731657465,9,0.9366692728694292,5.0611147353401095e-06
GuptaA_2019,3408,UniRef90_R6VDS6,1198,0.0064188606830999,9,0.9366692728694292,5.018655733463565e-06
GuptaA_2019,3409,UniRef90_A0A0P0FT99,1198,0.0064161411517,9,0.9366692728694292,5.016529438389367e-06
GuptaA_2019,3410,UniRef90_R6K4K3,1198,0.0064129796019,9,0.9366692728694292,5.014057546442533e-06
GuptaA_2019,3411,UniRef90_R6DFU0,1198,0.006385691023,9,0.9366692728694292,4.992721675527756e-06
GuptaA_2019,3412,UniRef90_Q8A018,1198,0.0063701158231000005,9,0.9366692728694292,4.9805440368256454e-06
GuptaA_2019,3413,UniRef90_R6J594,1198,0.0063163908728000005,9,0.9366692728694292,4.938538602658327e-06
GuptaA_2019,3414,UniRef90_R6J4C8,1198,0.0062999737376999996,9,0.9366692728694292,4.9257026878029705e-06
GuptaA_2019,3415,UniRef90_R6D817,1198,0.0060759235887,9,0.9366692728694292,4.750526652619234e-06
GuptaA_2019,3416,UniRef90_A0A3E4NPF6,1198,0.0060687490149,9,0.9366692728694292,4.744917134401876e-06
GuptaA_2019,3417,UniRef90_R6VA38,1198,0.0060238708349000004,9,0.9366692728694292,4.709828643393277e-06
GuptaA_2019,3418,UniRef90_A0A395VPC1,1198,0.006001947716,9,0.9366692728694292,4.692687815480845e-06
GuptaA_2019,3419,UniRef90_A0A174RWZ0,1198,0.0059482454712000005,9,0.9366692728694292,4.650700133854575e-06
GuptaA_2019,3420,UniRef90_Q8AAP9,1198,0.0059261462248,9,0.9366692728694292,4.633421598749023e-06
GuptaA_2019,3421,UniRef90_R7KXS5,1198,0.0059165904253,9,0.9366692728694292,4.625950293432369e-06
GuptaA_2019,3422,UniRef90_Q8A861,1198,0.005902018602,9,0.9366692728694292,4.614557155590305e-06
GuptaA_2019,3423,UniRef90_A0A174TPC8,1198,0.0058306718356,9,0.9366692728694292,4.5587739136825646e-06
GuptaA_2019,3424,UniRef90_A0A0P0FMX5,1198,0.0057359868178,9,0.9366692728694292,4.484743407193119e-06
GuptaA_2019,3425,UniRef90_Q8A7Z5,1198,0.0057189856846,9,0.9366692728694292,4.4714508870992965e-06
GuptaA_2019,3426,UniRef90_D4WKY2,1198,0.0055975044068000005,9,0.9366692728694292,4.376469434558249e-06
GuptaA_2019,3427,UniRef90_A8RQB6,1198,0.0055601969428,9,0.9366692728694292,4.347300189835809e-06
GuptaA_2019,3428,UniRef90_Q8A9B8,1198,0.0055072966328,9,0.9366692728694292,4.305939509616888e-06
GuptaA_2019,3429,UniRef90_R6K765,1198,0.0055051635761,9,0.9366692728694292,4.304271756137607e-06
GuptaA_2019,3430,UniRef90_A0A1Y4F8G2,1198,0.005475740515,9,0.9366692728694292,4.281267017200938e-06
GuptaA_2019,3431,UniRef90_Q02550,1198,0.0053485600352000005,9,0.9366692728694292,4.181829581860829e-06
GuptaA_2019,3432,UniRef90_A0A0P0ESC2,1198,0.005341291799799999,9,0.9366692728694292,4.176146833307271e-06
GuptaA_2019,3433,UniRef90_B0PI23,1198,0.005226359435,9,0.9366692728694292,4.086285719311963e-06
GuptaA_2019,3434,UniRef90_A0A139K7B2,1198,0.00517387673,9,0.9366692728694292,4.045251548084441e-06
GuptaA_2019,3435,UniRef90_A0A174G1Z6,1198,0.0039394427596,9,0.9366692728694292,3.0800959809225957e-06
GuptaA_2019,3436,UniRef90_D4LQJ6,1198,0.0031580374285,9,0.9366692728694292,2.469145761141517e-06
GuptaA_2019,3437,UniRef90_UPI000931CA6F,1198,0.0021522940138,9,0.9366692728694292,1.6827943813917124e-06
GuptaA_2019,3438,UniRef90_A0A174I7T3,1198,0.001189521614,9,0.9366692728694292,9.300403549648162e-07
GuptaA_2019,3439,UniRef90_A0A3C0LXS8,1198,0.0010911193479,9,0.9366692728694292,8.531034776387803e-07
GuptaA_2019,3440,UniRef90_B6VSL9,1197,0.029544028157200003,9,0.9358874120406567,2.3099318340265834e-05
GuptaA_2019,3441,UniRef90_A0A3E2SXG9,1197,0.0256051019849,9,0.9358874120406567,2.001962625871775e-05
GuptaA_2019,3442,UniRef90_B6VYG9,1197,0.022159136224399998,9,0.9358874120406567,1.7325360613291633e-05
GuptaA_2019,3443,UniRef90_Q8RM73,1197,0.0212480222607,9,0.9358874120406567,1.6612996294526977e-05
GuptaA_2019,3444,UniRef90_A6L005,1197,0.020779107159300002,9,0.9358874120406567,1.6246369944722442e-05
GuptaA_2019,3445,UniRef90_A0A0P0M112,1197,0.0205871429478,9,0.9358874120406567,1.6096280647224396e-05
GuptaA_2019,3446,UniRef90_A6L083,1197,0.0192046343824,9,0.9358874120406567,1.5015351354495699e-05
GuptaA_2019,3447,UniRef90_A0A076J1H5,1197,0.0191095183848,9,0.9358874120406567,1.4940983881782643e-05
GuptaA_2019,3448,UniRef90_A0A396ART5,1197,0.0188900146226,9,0.9358874120406567,1.4769362488350273e-05
GuptaA_2019,3449,UniRef90_A0A139K2N8,1197,0.018876890187100002,9,0.9358874120406567,1.4759101006333074e-05
GuptaA_2019,3450,UniRef90_D1K3N9,1197,0.0188108327179,9,0.9358874120406567,1.4707453258717748e-05
GuptaA_2019,3451,UniRef90_A0A397WDD1,1197,0.018763399886,9,0.9358874120406567,1.4670367385457388e-05
GuptaA_2019,3452,UniRef90_A0A2M9V267,1197,0.0185890051942,9,0.9358874120406567,1.4534015007193118e-05
GuptaA_2019,3453,UniRef90_A6KYS2,1197,0.018566872501,9,0.9358874120406567,1.45167103213448e-05
GuptaA_2019,3454,UniRef90_A0A076J096,1197,0.0185091609425,9,0.9358874120406567,1.4471587914386237e-05
GuptaA_2019,3455,UniRef90_A6KZJ9,1197,0.0184567523409,9,0.9358874120406567,1.4430611681704456e-05
GuptaA_2019,3456,UniRef90_A0A076INP2,1197,0.018243530521,9,0.9358874120406567,1.4263901892885067e-05
GuptaA_2019,3457,UniRef90_I8VF80,1197,0.018231368646,9,0.9358874120406567,1.425439299921814e-05
GuptaA_2019,3458,UniRef90_A0A076J5J0,1197,0.017838551487,9,0.9358874120406567,1.3947264649726349e-05
GuptaA_2019,3459,UniRef90_A0A0K2HE86,1197,0.0177444947797,9,0.9358874120406567,1.387372539460516e-05
GuptaA_2019,3460,UniRef90_A0A076IXU4,1197,0.017622872340199998,9,0.9358874120406567,1.3778633573260358e-05
GuptaA_2019,3461,UniRef90_A0A0K2HFA0,1197,0.01759500612,9,0.9358874120406567,1.3756846067240031e-05
GuptaA_2019,3462,UniRef90_A0A0P0LCH8,1197,0.0175873873054,9,0.9358874120406567,1.3750889214542611e-05
GuptaA_2019,3463,UniRef90_A0A076IXE2,1197,0.0174646978949,9,0.9358874120406567,1.3654963170367473e-05
GuptaA_2019,3464,UniRef90_A0A076J5W5,1197,0.0172718313957,9,0.9358874120406567,1.3504168409460515e-05
GuptaA_2019,3465,UniRef90_A6L070,1197,0.0172520347788,9,0.9358874120406567,1.348869021016419e-05
GuptaA_2019,3466,UniRef90_A6KY05,1197,0.017151158949200003,9,0.9358874120406567,1.3409819350430026e-05
GuptaA_2019,3467,UniRef90_C3RBU8,1197,0.0171431354237,9,0.9358874120406567,1.3403546070132916e-05
GuptaA_2019,3468,UniRef90_A6KX17,1197,0.0170363339624,9,0.9358874120406567,1.3320042191086787e-05
GuptaA_2019,3469,UniRef90_A0A0P0L8N9,1197,0.0170168418082,9,0.9358874120406567,1.3304802039249415e-05
GuptaA_2019,3470,UniRef90_A6L0Y0,1197,0.0169470179200999,9,0.9358874120406567,1.3250209476231353e-05
GuptaA_2019,3471,UniRef90_A0A076IRX9,1197,0.0168772433358999,9,0.9358874120406567,1.3195655462001485e-05
GuptaA_2019,3472,UniRef90_A0A076IZD5,1197,0.016780956786,9,0.9358874120406567,1.3120372780297108e-05
GuptaA_2019,3473,UniRef90_A0A0K2HIR4,1197,0.0167606955573,9,0.9358874120406567,1.3104531319233776e-05
GuptaA_2019,3474,UniRef90_A0A076J094,1197,0.016723454713,9,0.9358874120406567,1.3075414161845193e-05
GuptaA_2019,3475,UniRef90_A0A0K2HJD8,1197,0.0166389283618,9,0.9358874120406567,1.3009326318842846e-05
GuptaA_2019,3476,UniRef90_A0A0P0M6J9,1197,0.0165399155289,9,0.9358874120406567,1.293191206325254e-05
GuptaA_2019,3477,UniRef90_A0A076IZT0,1197,0.016532438623,9,0.9358874120406567,1.2926066163408912e-05
GuptaA_2019,3478,UniRef90_A0A0K2HGQ5,1197,0.016523014203299997,9,0.9358874120406567,1.291869757881157e-05
GuptaA_2019,3479,UniRef90_A0A174U119,1197,0.016511490322,9,0.9358874120406567,1.2909687507427678e-05
GuptaA_2019,3480,UniRef90_A0A380ZJI0,1197,0.016487889876,9,0.9358874120406567,1.2891235243158717e-05
GuptaA_2019,3481,UniRef90_D4VAI3,1197,0.016468107984,9,0.9358874120406567,1.2875768556684909e-05
GuptaA_2019,3482,UniRef90_A0A0M1W0Y9,1197,0.016428682464,9,0.9358874120406567,1.2844943286942925e-05
GuptaA_2019,3483,UniRef90_A0A076J137,1197,0.0164123344448,9,0.9358874120406567,1.2832161411102424e-05
GuptaA_2019,3484,UniRef90_B6W150,1197,0.0164108750489,9,0.9358874120406567,1.2831020366614543e-05
GuptaA_2019,3485,UniRef90_A0A0P0M0Y1,1197,0.016402587327,9,0.9358874120406567,1.2824540521501172e-05
GuptaA_2019,3486,UniRef90_A0A0K2HFM8,1197,0.016397062813,9,0.9358874120406567,1.2820221120406569e-05
GuptaA_2019,3487,UniRef90_A6L6X1,1197,0.0163565581828,9,0.9358874120406567,1.2788552136669274e-05
GuptaA_2019,3488,UniRef90_A0A076IY48,1197,0.0162604396489999,9,0.9358874120406567,1.2713400820171931e-05
GuptaA_2019,3489,UniRef90_A0A076J1G0,1197,0.0162332835903,9,0.9358874120406567,1.2692168561610635e-05
GuptaA_2019,3490,UniRef90_A0A397WKW9,1197,0.0161471325852,9,0.9358874120406567,1.2624810465363566e-05
GuptaA_2019,3491,UniRef90_A0A0M1W0Z2,1197,0.0161378448522,9,0.9358874120406567,1.2617548750742767e-05
GuptaA_2019,3492,UniRef90_A0A1Y4PN26,1197,0.016076132103,9,0.9358874120406567,1.2569297969507428e-05
GuptaA_2019,3493,UniRef90_A0A174G281,1197,0.016048485054,9,0.9358874120406567,1.2547681824863174e-05
GuptaA_2019,3494,UniRef90_C3R9H3,1197,0.016040402776,9,0.9358874120406567,1.2541362608287723e-05
GuptaA_2019,3495,UniRef90_A6L6X0,1197,0.016035794639,9,0.9358874120406567,1.2537759686473808e-05
GuptaA_2019,3496,UniRef90_A0A076IXI4,1197,0.0160328325587,9,0.9358874120406567,1.2535443751915558e-05
GuptaA_2019,3497,UniRef90_I9R1F7,1197,0.015996745744,9,0.9358874120406567,1.2507228885066459e-05
GuptaA_2019,3498,UniRef90_A0A076IUD8,1197,0.0159534134771,9,0.9358874120406567,1.2473349082955436e-05
GuptaA_2019,3499,UniRef90_D4V5S7,1197,0.015946846023,9,0.9358874120406567,1.246821424784988e-05
GuptaA_2019,3500,UniRef90_A0A076J0B4,1197,0.0159068752339,9,0.9358874120406567,1.2436962653557467e-05
GuptaA_2019,3501,UniRef90_A0A0P0M5V5,1197,0.015889406737,9,0.9358874120406567,1.2423304720093824e-05
GuptaA_2019,3502,UniRef90_A6KYN3,1197,0.0158708734221,9,0.9358874120406567,1.2408814247146208e-05
GuptaA_2019,3503,UniRef90_A0A076J490,1197,0.0158424867358,9,0.9358874120406567,1.2386619809069586e-05
GuptaA_2019,3504,UniRef90_D4V5T3,1197,0.0158024424512999,9,0.9358874120406567,1.2355310751602737e-05
GuptaA_2019,3505,UniRef90_A0A174P3J6,1197,0.0157937816046999,9,0.9358874120406567,1.234853917490219e-05
GuptaA_2019,3506,UniRef90_A0A1Q6JDM7,1197,0.0157912091569,9,0.9358874120406567,1.2346527878733386e-05
GuptaA_2019,3507,UniRef90_C3RET8,1197,0.0157136118052,9,0.9358874120406567,1.2285857549022673e-05
GuptaA_2019,3508,UniRef90_C3R9Z5,1197,0.015605330651100001,9,0.9358874120406567,1.2201196756137608e-05
GuptaA_2019,3509,UniRef90_B6VS45,1197,0.0155993398723,9,0.9358874120406567,1.2196512800860047e-05
GuptaA_2019,3510,UniRef90_U6RSA3,1197,0.015474915963,9,0.9358874120406567,1.2099230620015637e-05
GuptaA_2019,3511,UniRef90_A6KXH6,1197,0.0154602804438,9,0.9358874120406567,1.208778768084441e-05
GuptaA_2019,3512,UniRef90_D1K3C3,1197,0.0154197409469999,9,0.9358874120406567,1.2056091436278263e-05
GuptaA_2019,3513,UniRef90_D1K6M2,1197,0.0153511994051,9,0.9358874120406567,1.2002501489523065e-05
GuptaA_2019,3514,UniRef90_I9QFA9,1197,0.0153496893762,9,0.9358874120406567,1.200132085707584e-05
GuptaA_2019,3515,UniRef90_A0A076ITR7,1197,0.01534160955,9,0.9358874120406567,1.199500355746677e-05
GuptaA_2019,3516,UniRef90_A0A0K2HDJ6,1197,0.0153356083676,9,0.9358874120406567,1.1990311468021891e-05
GuptaA_2019,3517,UniRef90_A0A0P0L9Z5,1197,0.015335127695900001,9,0.9358874120406567,1.1989935649648164e-05
GuptaA_2019,3518,UniRef90_A0A0M1W9N1,1197,0.0152368171323,9,0.9358874120406567,1.1913070470914778e-05
GuptaA_2019,3519,UniRef90_A0A0K2HE02,1197,0.0151811840168,9,0.9358874120406567,1.186957311712275e-05
GuptaA_2019,3520,UniRef90_A6KXH3,1197,0.0151226841041,9,0.9358874120406567,1.1823834326896013e-05
GuptaA_2019,3521,UniRef90_A0A174NN75,1197,0.0151002339128,9,0.9358874120406567,1.1806281401720094e-05
GuptaA_2019,3522,UniRef90_C4ZBU2,1197,0.0150218101697,9,0.9358874120406567,1.1744964948944489e-05
GuptaA_2019,3523,UniRef90_A0A0K2HDL8,1197,0.0150025144527,9,0.9358874120406567,1.1729878383659109e-05
GuptaA_2019,3524,UniRef90_A0A1Y3ZJC6,1197,0.014962711647700001,9,0.9358874120406567,1.169875812955434e-05
GuptaA_2019,3525,UniRef90_A0A0P0M4S5,1197,0.0149357586909,9,0.9358874120406567,1.1677684668412823e-05
GuptaA_2019,3526,UniRef90_A0A076IUW0,1197,0.0149337605168,9,0.9358874120406567,1.1676122374354964e-05
GuptaA_2019,3527,UniRef90_D1K0K1,1197,0.014901293716,9,0.9358874120406567,1.1650737854573886e-05
GuptaA_2019,3528,UniRef90_A0A0P0M242,1197,0.014898212717,9,0.9358874120406567,1.1648328942142299e-05
GuptaA_2019,3529,UniRef90_A0A0M1VZR4,1197,0.0148858313748,9,0.9358874120406567,1.1638648455668491e-05
GuptaA_2019,3530,UniRef90_A0A076J6R5,1197,0.0148454929531,9,0.9358874120406567,1.1607109423846754e-05
GuptaA_2019,3531,UniRef90_A0A396FF80,1197,0.014754704972999999,9,0.9358874120406567,1.1536125858483189e-05
GuptaA_2019,3532,UniRef90_U3KUV1,1197,0.014753285587,9,0.9358874120406567,1.1535016096168883e-05
GuptaA_2019,3533,UniRef90_A0A076IUY2,1197,0.0146142213022,9,0.9358874120406567,1.1426287179202502e-05
GuptaA_2019,3534,UniRef90_D4VB42,1197,0.014586880056,9,0.9358874120406567,1.1404910129788897e-05
GuptaA_2019,3535,UniRef90_B6VTH0,1197,0.014464891932,9,0.9358874120406567,1.1309532394057859e-05
GuptaA_2019,3536,UniRef90_A0A076ITD9,1197,0.0144270736174,9,0.9358874120406567,1.1279963735261923e-05
GuptaA_2019,3537,UniRef90_A0A076IQ71,1197,0.0143392066001,9,0.9358874120406567,1.121126395629398e-05
GuptaA_2019,3538,UniRef90_A0A076J593,1197,0.014294027758999999,9,0.9358874120406567,1.1175940390148553e-05
GuptaA_2019,3539,UniRef90_A0A0M1W816,1197,0.0142797476318,9,0.9358874120406567,1.1164775318060985e-05
GuptaA_2019,3540,UniRef90_A0A0P0M2T2,1197,0.0142333297338,9,0.9358874120406567,1.1128482981860829e-05
GuptaA_2019,3541,UniRef90_A0A076INI7,1197,0.0142171082334,9,0.9358874120406567,1.1115800026114152e-05
GuptaA_2019,3542,UniRef90_A0A0P0M2S1,1197,0.014194043653499999,9,0.9358874120406567,1.1097766734558247e-05
GuptaA_2019,3543,UniRef90_R6AJF3,1197,0.0140682013768,9,0.9358874120406567,1.0999375587802971e-05
GuptaA_2019,3544,UniRef90_I8W726,1197,0.014050354796499999,9,0.9358874120406567,1.0985422045738858e-05
GuptaA_2019,3545,UniRef90_R6FCY4,1197,0.0140404485322,9,0.9358874120406567,1.097767672572322e-05
GuptaA_2019,3546,UniRef90_A0A396BJT2,1197,0.0139726281802,9,0.9358874120406567,1.092465064910086e-05
GuptaA_2019,3547,UniRef90_A0A076J7U9,1197,0.0139507846026,9,0.9358874120406567,1.0907572011415169e-05
GuptaA_2019,3548,UniRef90_A0A396FAB6,1197,0.0139497258287,9,0.9358874120406567,1.0906744197576233e-05
GuptaA_2019,3549,UniRef90_I9Q8N6,1197,0.0139419876917,9,0.9358874120406567,1.0900694051368256e-05
GuptaA_2019,3550,UniRef90_A6L1M6,1197,0.0139294916432,9,0.9358874120406567,1.0890923880531666e-05
GuptaA_2019,3551,UniRef90_A0A076IQ72,1197,0.013897861499,9,0.9358874120406567,1.0866193509773261e-05
GuptaA_2019,3552,UniRef90_D1K3G9,1197,0.0138847451475,9,0.9358874120406567,1.0855938348318999e-05
GuptaA_2019,3553,UniRef90_D1K1H5,1197,0.01385568658,9,0.9358874120406567,1.0833218592650509e-05
GuptaA_2019,3554,UniRef90_B6W1I5,1197,0.0137557235208,9,0.9358874120406567,1.0755061392337763e-05
GuptaA_2019,3555,UniRef90_A0A0P0M3X7,1197,0.0137189136785,9,0.9358874120406567,1.0726281218530102e-05
GuptaA_2019,3556,UniRef90_A0A076JA37,1197,0.0137137461808,9,0.9358874120406567,1.07222409544957e-05
GuptaA_2019,3557,UniRef90_A0A0K2HP99,1197,0.0136657272561,9,0.9358874120406567,1.0684696838232993e-05
GuptaA_2019,3558,UniRef90_A0A0P0M5U0,1197,0.013608111354999999,9,0.9358874120406567,1.0639649222048474e-05
GuptaA_2019,3559,UniRef90_R6LLM3,1197,0.0135915072251,9,0.9358874120406567,1.0626667103283815e-05
GuptaA_2019,3560,UniRef90_A0A174KLT1,1197,0.0135707938251,9,0.9358874120406567,1.061047210719312e-05
GuptaA_2019,3561,UniRef90_A0A1Y4PRU5,1197,0.0135601133582,9,0.9358874120406567,1.0602121468491008e-05
GuptaA_2019,3562,UniRef90_A0A1H7LWE0,1197,0.0135263241309,9,0.9358874120406567,1.057570299523065e-05
GuptaA_2019,3563,UniRef90_E5UYI2,1197,0.013494008605699999,9,0.9358874120406567,1.0550436751915559e-05
GuptaA_2019,3564,UniRef90_I8WT81,1197,0.0134930494411,9,0.9358874120406567,1.0549686818686475e-05
GuptaA_2019,3565,UniRef90_A0A174VX83,1197,0.013484256187499901,9,0.9358874120406567,1.0542811718139093e-05
GuptaA_2019,3566,UniRef90_A0A396ATB7,1197,0.0134744479275,9,0.9358874120406567,1.0535143023846755e-05
GuptaA_2019,3567,UniRef90_A0A076IN50,1197,0.013355577411799999,9,0.9358874120406567,1.044220282392494e-05
GuptaA_2019,3568,UniRef90_U6RJB2,1197,0.013332810583499999,9,0.9358874120406567,1.0424402332681782e-05
GuptaA_2019,3569,UniRef90_I9R9Q1,1197,0.0133205187598,9,0.9358874120406567,1.0414791837216577e-05
GuptaA_2019,3570,UniRef90_A0A174ILV5,1197,0.0132475529433,9,0.9358874120406567,1.0357742723455825e-05
GuptaA_2019,3571,UniRef90_A6L7P7,1197,0.013227653959500001,9,0.9358874120406567,1.0342184487490228e-05
GuptaA_2019,3572,UniRef90_A0A174XDM2,1197,0.0131556033163,9,0.9358874120406567,1.0285850911884284e-05
GuptaA_2019,3573,UniRef90_A0A3E4W551,1197,0.013152695001100001,9,0.9358874120406567,1.0283577014151682e-05
GuptaA_2019,3574,UniRef90_D4V9H7,1197,0.013139383078799999,9,0.9358874120406567,1.0273168943549647e-05
GuptaA_2019,3575,UniRef90_A0A395X3U1,1197,0.013071088270599999,9,0.9358874120406567,1.0219771908209538e-05
GuptaA_2019,3576,UniRef90_A0A076J4J6,1197,0.012899339607599999,9,0.9358874120406567,1.0085488356215793e-05
GuptaA_2019,3577,UniRef90_A0A076IRW4,1197,0.0128546755671,9,0.9358874120406567,1.0050567292494136e-05
GuptaA_2019,3578,UniRef90_D4VDC5,1197,0.0127148162209,9,0.9358874120406567,9.941216748162628e-06
GuptaA_2019,3579,UniRef90_A0A0K2HMH3,1197,0.012633743206,9,0.9358874120406567,9.877828933541829e-06
GuptaA_2019,3580,UniRef90_I8WRV6,1197,0.0125937835043,9,0.9358874120406567,9.846586008053167e-06
GuptaA_2019,3581,UniRef90_A0A0P0GTX7,1197,0.0124624618372,9,0.9358874120406567,9.743910740578577e-06
GuptaA_2019,3582,UniRef90_B0NUR5,1197,0.012170969185,9,0.9358874120406567,9.516004053948397e-06
GuptaA_2019,3583,UniRef90_A0A0K2HN30,1197,0.012130418753499999,9,0.9358874120406567,9.484299259968725e-06
GuptaA_2019,3584,UniRef90_R6FLL0,1197,0.0120987859892,9,0.9358874120406567,9.459566840656763e-06
GuptaA_2019,3585,UniRef90_A0A076J3B4,1197,0.0120781263244,9,0.9358874120406567,9.443413858014073e-06
GuptaA_2019,3586,UniRef90_A0A329U549,1197,0.0119851155465,9,0.9358874120406567,9.370692374120407e-06
GuptaA_2019,3587,UniRef90_D4VDD1,1197,0.0119159839393,9,0.9358874120406567,9.316641078420642e-06
GuptaA_2019,3588,UniRef90_A0A076J543,1197,0.0119105734434,9,0.9358874120406567,9.312410823612196e-06
GuptaA_2019,3589,UniRef90_A0A076IL48,1197,0.0119033498215,9,0.9358874120406567,9.306762956606725e-06
GuptaA_2019,3590,UniRef90_A0A1E3U6L0,1197,0.0118222527725,9,0.9358874120406567,9.243356350664581e-06
GuptaA_2019,3591,UniRef90_A0A3F3JZV3,1197,0.011750517590969999,9,0.9358874120406567,9.187269422181392e-06
GuptaA_2019,3592,UniRef90_D4V9B6,1197,0.0117126115441,9,0.9358874120406567,9.157632168960126e-06
GuptaA_2019,3593,UniRef90_C3RG84,1197,0.0117072506638,9,0.9358874120406567,9.153440706645817e-06
GuptaA_2019,3594,UniRef90_A0A076J404,1197,0.011603441204,9,0.9358874120406567,9.072276156372166e-06
GuptaA_2019,3595,UniRef90_C0EUV5,1197,0.0112486071213,9,0.9358874120406567,8.794845286395621e-06
GuptaA_2019,3596,UniRef90_A0A0M1W7Q9,1197,0.011228283763,9,0.9358874120406567,8.778955248631743e-06
GuptaA_2019,3597,UniRef90_A0A396FFH9,1197,0.0110797212860999,9,0.9358874120406567,8.66280006731814e-06
GuptaA_2019,3598,UniRef90_D4VDD7,1197,0.0109282709891,9,0.9358874120406567,8.54438701258796e-06
GuptaA_2019,3599,UniRef90_B0NPD4,1197,0.0109273304216,9,0.9358874120406567,8.543651619702892e-06
GuptaA_2019,3600,UniRef90_A0A174UVX5,1197,0.010797883130899999,9,0.9358874120406567,8.442441853713838e-06
GuptaA_2019,3601,UniRef90_D1K8S2,1197,0.0107721882961,9,0.9358874120406567,8.42235206888194e-06
GuptaA_2019,3602,UniRef90_R5YLH6,1197,0.0107276581346,9,0.9358874120406567,8.387535679906177e-06
GuptaA_2019,3603,UniRef90_A0A2A7BG35,1197,0.010666088583200001,9,0.9358874120406567,8.339396859421423e-06
GuptaA_2019,3604,UniRef90_A0A174Q8M0,1197,0.010393190422,9,0.9358874120406567,8.126028476935104e-06
GuptaA_2019,3605,UniRef90_A0A395WMA6,1197,0.0100637681902,9,0.9358874120406567,7.86846613776388e-06
GuptaA_2019,3606,UniRef90_A0A069S4Z5,1197,0.0098710105013,9,0.9358874120406567,7.717756451368256e-06
GuptaA_2019,3607,UniRef90_D4LWG4,1197,0.009014699894799999,9,0.9358874120406567,7.048240730883502e-06
GuptaA_2019,3608,UniRef90_C9KR75,1197,0.0084247323644,9,0.9358874120406567,6.5869682286161065e-06
GuptaA_2019,3609,UniRef90_A0A1Y4FP79,1197,0.008184300369,9,0.9358874120406567,6.398983869429241e-06
GuptaA_2019,3610,UniRef90_Q8A4S8,1197,0.007913701114,9,0.9358874120406567,6.187412911649727e-06
GuptaA_2019,3611,UniRef90_A0A0K6BRZ6,1197,0.0076781799835000004,9,0.9358874120406567,6.003268165363565e-06
GuptaA_2019,3612,UniRef90_C6JES6,1197,0.0074903431043,9,0.9358874120406567,5.856405867318217e-06
GuptaA_2019,3613,UniRef90_D4WEZ7,1197,0.0070828898508,9,0.9358874120406567,5.537834128850665e-06
GuptaA_2019,3614,UniRef90_Q8A5K8,1197,0.0069562051828,9,0.9358874120406567,5.4387843493354185e-06
GuptaA_2019,3615,UniRef90_R5XGC8,1197,0.0068232878083,9,0.9358874120406567,5.334861460750586e-06
GuptaA_2019,3616,UniRef90_Q8A5G4,1197,0.0068077620923,9,0.9358874120406567,5.3227225115715405e-06
GuptaA_2019,3617,UniRef90_R5U178,1197,0.0067007890112999995,9,0.9358874120406567,5.239084449804534e-06
GuptaA_2019,3618,UniRef90_A0A0K6BQI8,1197,0.0065636403096,9,0.9358874120406567,5.1318532522283035e-06
GuptaA_2019,3619,UniRef90_A0A174XCX5,1197,0.006431603946,9,0.9358874120406567,5.028619191555903e-06
GuptaA_2019,3620,UniRef90_A0A0G8GBQ2,1197,0.0063969931787,9,0.9358874120406567,5.0015583883502735e-06
GuptaA_2019,3621,UniRef90_Q8A258,1197,0.006222362117,9,0.9358874120406567,4.865021201720094e-06
GuptaA_2019,3622,UniRef90_A0A0P0F8X5,1197,0.0061984321001,9,0.9358874120406567,4.84631125887412e-06
GuptaA_2019,3623,UniRef90_A0A139LIY2,1197,0.0061777696869,9,0.9358874120406567,4.830156127365129e-06
GuptaA_2019,3624,UniRef90_R6KB72,1197,0.0061455541787,9,0.9358874120406567,4.804968083424551e-06
GuptaA_2019,3625,UniRef90_A0A174WS48,1197,0.0060462684622,9,0.9358874120406567,4.727340470836591e-06
GuptaA_2019,3626,UniRef90_A0A1G6FZN5,1197,0.0059424910381,9,0.9358874120406567,4.646200968021892e-06
GuptaA_2019,3627,UniRef90_A0A174QQT5,1197,0.0059005888707,9,0.9358874120406567,4.613439304691165e-06
GuptaA_2019,3628,UniRef90_Q8AA76,1197,0.0058687175153,9,0.9358874120406567,4.588520340344018e-06
GuptaA_2019,3629,UniRef90_A0A0P0F343,1197,0.0058322263815,9,0.9358874120406567,4.559989352228303e-06
GuptaA_2019,3630,UniRef90_R5UYF6,1197,0.005646382306600001,9,0.9358874120406567,4.414685149804535e-06
GuptaA_2019,3631,UniRef90_I9UZ55,1197,0.005645780048200001,9,0.9358874120406567,4.4142142675527765e-06
GuptaA_2019,3632,UniRef90_A0A174XAE3,1197,0.0056405125675,9,0.9358874120406567,4.410095830727131e-06
GuptaA_2019,3633,UniRef90_D7JB39,1197,0.0055808451831,9,0.9358874120406567,4.36344424010946e-06
GuptaA_2019,3634,UniRef90_A0A2N5P0T0,1197,0.0055764420208,9,0.9358874120406567,4.360001579984363e-06
GuptaA_2019,3635,UniRef90_R6DJE2,1197,0.0055712345228,9,0.9358874120406567,4.355930041282252e-06
GuptaA_2019,3636,UniRef90_A0A1C7H2T5,1197,0.0055571225953000005,9,0.9358874120406567,4.344896477951525e-06
GuptaA_2019,3637,UniRef90_R6JKQ6,1197,0.0054953079222,9,0.9358874120406567,4.2965660064112584e-06
GuptaA_2019,3638,UniRef90_A0A174XEX4,1197,0.0052227012908,9,0.9358874120406567,4.083425559655981e-06
GuptaA_2019,3639,UniRef90_Q8A9C1,1197,0.0051799812138000004,9,0.9358874120406567,4.050024404847537e-06
GuptaA_2019,3640,UniRef90_R5UFV8,1197,0.004999524431099999,9,0.9358874120406567,3.9089323151681e-06
GuptaA_2019,3641,UniRef90_B5CPY0,1197,0.0041811128619,9,0.9358874120406567,3.2690483673964036e-06
GuptaA_2019,3642,UniRef90_A0A173TSM6,1197,0.0038552613862,9,0.9358874120406567,3.0142778625488664e-06
GuptaA_2019,3643,UniRef90_Q8GP50,1197,0.003572050626,9,0.9358874120406567,2.7928464628616108e-06
GuptaA_2019,3644,UniRef90_A0A0F0C4C7,1197,0.0033381290645,9,0.9358874120406567,2.609952356919468e-06
GuptaA_2019,3645,UniRef90_A0A174HPM0,1197,0.001555451806,9,0.9358874120406567,1.2161468381548086e-06
GuptaA_2019,3646,UniRef90_A0A3E2UEY9,1197,0.0014872701157,9,0.9358874120406567,1.1628382452697421e-06
GuptaA_2019,3647,UniRef90_UPI000E4D75D1,1197,0.00117524937184,9,0.9358874120406567,9.188814478811571e-07
GuptaA_2019,3648,UniRef90_R6RCN1,1197,0.0007803425959,9,0.9358874120406567,6.101193087568412e-07
GuptaA_2019,3649,UniRef90_T4C1L2,1196,1.7465631647252997,9,0.9351055512118843,0.0013655693234756057
GuptaA_2019,3650,UniRef90_A0A174U6A5,1196,0.0623716972523,9,0.9351055512118843,4.8765986905629394e-05
GuptaA_2019,3651,UniRef90_A0A127SMK3,1196,0.0454076557249,9,0.9351055512118843,3.5502467337685694e-05
GuptaA_2019,3652,UniRef90_A0A132GMG5,1196,0.0262383469492,9,0.9351055512118843,2.0514735691321343e-05
GuptaA_2019,3653,UniRef90_E5UQD5,1196,0.0234262474903,9,0.9351055512118843,1.831606527779515e-05
GuptaA_2019,3654,UniRef90_A0A069SL80,1196,0.0223749829898,9,0.9351055512118843,1.7494122744175137e-05
GuptaA_2019,3655,UniRef90_A0A0P0LLV2,1196,0.0204664314019,9,0.9351055512118843,1.6001901017904612e-05
GuptaA_2019,3656,UniRef90_A0A0M1W6F3,1196,0.020362423794300002,9,0.9351055512118843,1.5920581543627835e-05
GuptaA_2019,3657,UniRef90_A0A076IRJ0,1196,0.019983499772,9,0.9351055512118843,1.5624315693510556e-05
GuptaA_2019,3658,UniRef90_D4VAJ8,1196,0.019927096504,9,0.9351055512118843,1.5580216187646598e-05
GuptaA_2019,3659,UniRef90_A0A0K2HIA2,1196,0.019786617781,9,0.9351055512118843,1.547038137685692e-05
GuptaA_2019,3660,UniRef90_A6L0W6,1196,0.019202399989000002,9,0.9351055512118843,1.5013604369820174e-05
GuptaA_2019,3661,UniRef90_A0A0K2HH56,1196,0.0187094212812,9,0.9351055512118843,1.462816362877248e-05
GuptaA_2019,3662,UniRef90_G5SSJ3,1196,0.018664708945,9,0.9351055512118843,1.4593204804534792e-05
GuptaA_2019,3663,UniRef90_A0A0M1VZJ5,1196,0.0185134831515,9,0.9351055512118843,1.4474967280297108e-05
GuptaA_2019,3664,UniRef90_A0A0K2HHR7,1196,0.0184788681087,9,0.9351055512118843,1.4447903134245504e-05
GuptaA_2019,3665,UniRef90_A0A0P0L443,1196,0.018458300664,9,0.9351055512118843,1.4431822254886632e-05
GuptaA_2019,3666,UniRef90_A0A076J0W8,1196,0.0182885235435,9,0.9351055512118843,1.4299080174745894e-05
GuptaA_2019,3667,UniRef90_A6L169,1196,0.018237262612,9,0.9351055512118843,1.4259001260359655e-05
GuptaA_2019,3668,UniRef90_A0A076J0R2,1196,0.018234458285199998,9,0.9351055512118843,1.4256808667083658e-05
GuptaA_2019,3669,UniRef90_A0A0M1W019,1196,0.0180975917019999,9,0.9351055512118843,1.414979804691157e-05
GuptaA_2019,3670,UniRef90_A0A076IY21,1196,0.0180781099172,9,0.9351055512118843,1.4134566002501953e-05
GuptaA_2019,3671,UniRef90_B6W0S8,1196,0.0180757210295,9,0.9351055512118843,1.4132698224784988e-05
GuptaA_2019,3672,UniRef90_A0A0M1VZB7,1196,0.0180711141833,9,0.9351055512118843,1.412909631219703e-05
GuptaA_2019,3673,UniRef90_A6KXM3,1196,0.0180366538707999,9,0.9351055512118843,1.4102153143705943e-05
GuptaA_2019,3674,UniRef90_R7NWM3,1196,0.017812143972,9,0.9351055512118843,1.3926617648162628e-05
GuptaA_2019,3675,UniRef90_A0A174NEN4,1196,0.0177389047437,9,0.9351055512118843,1.3869354764425333e-05
GuptaA_2019,3676,UniRef90_D1K421,1196,0.0176459163035,9,0.9351055512118843,1.3796650745504301e-05
GuptaA_2019,3677,UniRef90_A0A076J2S9,1196,0.0174905842503,9,0.9351055512118843,1.3675202697654418e-05
GuptaA_2019,3678,UniRef90_I9FTZ4,1196,0.0174902311942,9,0.9351055512118843,1.3674926656919466e-05
GuptaA_2019,3679,UniRef90_D1K2M7,1196,0.0174690464189999,9,0.9351055512118843,1.365836311102416e-05
GuptaA_2019,3680,UniRef90_A0A076IZG2,1196,0.0174199090892,9,0.9351055512118843,1.3619944557623141e-05
GuptaA_2019,3681,UniRef90_D1K3M3,1196,0.0173189996483999,9,0.9351055512118843,1.354104741860821e-05
GuptaA_2019,3682,UniRef90_A0A0P0M1B5,1196,0.017318203116,9,0.9351055512118843,1.354042464112588e-05
GuptaA_2019,3683,UniRef90_D1K3Q6,1196,0.0172471657645,9,0.9351055512118843,1.3484883318608287e-05
GuptaA_2019,3684,UniRef90_A0A076J5U1,1196,0.0171598938871,9,0.9351055512118843,1.3416648856215793e-05
GuptaA_2019,3685,UniRef90_A6L0S5,1196,0.017033034616,9,0.9351055512118843,1.3317462561376075e-05
GuptaA_2019,3686,UniRef90_A0A076IJP2,1196,0.0170280982395,9,0.9351055512118843,1.3313603001954653e-05
GuptaA_2019,3687,UniRef90_B6W5B3,1196,0.017001290693700002,9,0.9351055512118843,1.3292643231978109e-05
GuptaA_2019,3688,UniRef90_A0A0K2HHJ7,1196,0.016937043404,9,0.9351055512118843,1.324241079280688e-05
GuptaA_2019,3689,UniRef90_A0A1Y4PG73,1196,0.0169116227409,9,0.9351055512118843,1.3222535372087567e-05
GuptaA_2019,3690,UniRef90_A0A0P0M668,1196,0.016901022873099903,9,0.9351055512118843,1.3214247750664506e-05
GuptaA_2019,3691,UniRef90_A0A076IZW3,1196,0.016849315913000002,9,0.9351055512118843,1.3173820103987491e-05
GuptaA_2019,3692,UniRef90_R7P1E3,1196,0.0168471022956,9,0.9351055512118843,1.317208936325254e-05
GuptaA_2019,3693,UniRef90_A0A076ILN2,1196,0.016826950228,9,0.9351055512118843,1.3156333250977328e-05
GuptaA_2019,3694,UniRef90_A0A076J005,1196,0.016779249293699998,9,0.9351055512118843,1.3119037758952306e-05
GuptaA_2019,3695,UniRef90_A0A076J0P5,1196,0.016779202572000003,9,0.9351055512118843,1.3119001229085224e-05
GuptaA_2019,3696,UniRef90_A0A076J0Q5,1196,0.016770078758799902,9,0.9351055512118843,1.3111867676935028e-05
GuptaA_2019,3697,UniRef90_A0A174S0N9,1196,0.0167579817747,9,0.9351055512118843,1.3102409518921032e-05
GuptaA_2019,3698,UniRef90_A0A3E5HCD5,1196,0.0167532904658,9,0.9351055512118843,1.309874156825645e-05
GuptaA_2019,3699,UniRef90_C3RE95,1196,0.01671091297,9,0.9351055512118843,1.306560826426896e-05
GuptaA_2019,3700,UniRef90_A0A0P0M5G4,1196,0.0167038635815,9,0.9351055512118843,1.3060096623534012e-05
GuptaA_2019,3701,UniRef90_D4VAL2,1196,0.0166796010059,9,0.9351055512118843,1.304112666606724e-05
GuptaA_2019,3702,UniRef90_A0A0N7J804,1196,0.0166730333837999,9,0.9351055512118843,1.303599169960899e-05
GuptaA_2019,3703,UniRef90_A0A076ISP7,1196,0.0165470182154,9,0.9351055512118843,1.2937465375605942e-05
GuptaA_2019,3704,UniRef90_D4V563,1196,0.016546757307,9,0.9351055512118843,1.2937261381548086e-05
GuptaA_2019,3705,UniRef90_A0A174M9P4,1196,0.0165272342012,9,0.9351055512118843,1.2921997029867082e-05
GuptaA_2019,3706,UniRef90_A6L1K4,1196,0.0164987628446,9,0.9351055512118843,1.2899736391399532e-05
GuptaA_2019,3707,UniRef90_I9R4C5,1196,0.0164565526319,9,0.9351055512118843,1.2866733879515246e-05
GuptaA_2019,3708,UniRef90_A0A076J0P3,1196,0.016351334783,9,0.9351055512118843,1.2784468164972635e-05
GuptaA_2019,3709,UniRef90_A0A076IVD2,1196,0.016258158707000002,9,0.9351055512118843,1.2711617440969508e-05
GuptaA_2019,3710,UniRef90_A0A076ISS9,1196,0.016214303939699998,9,0.9351055512118843,1.2677329116262703e-05
GuptaA_2019,3711,UniRef90_A0A0P0M0P6,1196,0.016112999903,9,0.9351055512118843,1.2598123458170447e-05
GuptaA_2019,3712,UniRef90_C3RGM9,1196,0.016088860530300002,9,0.9351055512118843,1.2579249828225177e-05
GuptaA_2019,3713,UniRef90_A0A076INK3,1196,0.0160835927656,9,0.9351055512118843,1.2575131169351055e-05
GuptaA_2019,3714,UniRef90_A0A1Y4PJZ1,1196,0.0160562036737,9,0.9351055512118843,1.2553716711258796e-05
GuptaA_2019,3715,UniRef90_A0A0P0M2V7,1196,0.016016129951,9,0.9351055512118843,1.2522384637216576e-05
GuptaA_2019,3716,UniRef90_C6YZH3,1196,0.0159801811877,9,0.9351055512118843,1.2494277707349493e-05
GuptaA_2019,3717,UniRef90_A0A076IXX9,1196,0.015790926499,9,0.9351055512118843,1.2346306879593433e-05
GuptaA_2019,3718,UniRef90_D1K7E8,1196,0.015684141961,9,0.9351055512118843,1.2262816232212667e-05
GuptaA_2019,3719,UniRef90_A0A076IX87,1196,0.015654752374100002,9,0.9351055512118843,1.2239837665441752e-05
GuptaA_2019,3720,UniRef90_A0A076J4I6,1196,0.0156243427665,9,0.9351055512118843,1.221606158444097e-05
GuptaA_2019,3721,UniRef90_A0A0P0M0Q1,1196,0.0155632598558,9,0.9351055512118843,1.2168303249257232e-05
GuptaA_2019,3722,UniRef90_A0A076J1K6,1196,0.0154749172576,9,0.9351055512118843,1.2099231632212667e-05
GuptaA_2019,3723,UniRef90_I9G0G1,1196,0.0154676282485,9,0.9351055512118843,1.2093532641516811e-05
GuptaA_2019,3724,UniRef90_F3PS25,1196,0.0154575448628,9,0.9351055512118843,1.2085648837216575e-05
GuptaA_2019,3725,UniRef90_A0A0P0M0U6,1196,0.015436187608,9,0.9351055512118843,1.2068950436278342e-05
GuptaA_2019,3726,UniRef90_D4V5A7,1196,0.015428146779700001,9,0.9351055512118843,1.2062663627599688e-05
GuptaA_2019,3727,UniRef90_U6RM83,1196,0.0154225941129999,9,0.9351055512118843,1.2058322215011651e-05
GuptaA_2019,3728,UniRef90_A0A0P0M667,1196,0.0154137982267,9,0.9351055512118843,1.2051445056059421e-05
GuptaA_2019,3729,UniRef90_A0A076INV9,1196,0.0153250076923,9,0.9351055512118843,1.1982023215246286e-05
GuptaA_2019,3730,UniRef90_I8VKZ2,1196,0.0153122812415,9,0.9351055512118843,1.1972072901876466e-05
GuptaA_2019,3731,UniRef90_A0A0P0M0N3,1196,0.0152834356668,9,0.9351055512118843,1.1949519676935106e-05
GuptaA_2019,3732,UniRef90_A0A076J422,1196,0.0152535822567,9,0.9351055512118843,1.1926178464972635e-05
GuptaA_2019,3733,UniRef90_A6L1N4,1196,0.015250766936,9,0.9351055512118843,1.1923977275996873e-05
GuptaA_2019,3734,UniRef90_A0A076IZ80,1196,0.0152189345787,9,0.9351055512118843,1.1899088802736512e-05
GuptaA_2019,3735,UniRef90_C3RAC5,1196,0.0151824232227,9,0.9351055512118843,1.1870542003674745e-05
GuptaA_2019,3736,UniRef90_E5UQX1,1196,0.0151556654432,9,0.9351055512118843,1.1849621144018764e-05
GuptaA_2019,3737,UniRef90_C6Z9D8,1196,0.0151489418073,9,0.9351055512118843,1.1844364196481626e-05
GuptaA_2019,3738,UniRef90_A0A1H7JIB2,1196,0.0151303457364,9,0.9351055512118843,1.182982465707584e-05
GuptaA_2019,3739,UniRef90_D1K210,1196,0.015079212209,9,0.9351055512118843,1.1789845354964816e-05
GuptaA_2019,3740,UniRef90_A0A0K2HIG2,1196,0.015050117077,9,0.9351055512118843,1.1767097010946052e-05
GuptaA_2019,3741,UniRef90_B6W235,1196,0.0150227284669,9,0.9351055512118843,1.174568292955434e-05
GuptaA_2019,3742,UniRef90_D1K0L2,1196,0.0150159182097,9,0.9351055512118843,1.1740358256215793e-05
GuptaA_2019,3743,UniRef90_U6RES5,1196,0.0149617993919,9,0.9351055512118843,1.1698044872478499e-05
GuptaA_2019,3744,UniRef90_A0A2A6ZAW7,1196,0.014908739734,9,0.9351055512118843,1.165655960437842e-05
GuptaA_2019,3745,UniRef90_A0A397WIJ8,1196,0.014846426973,9,0.9351055512118843,1.1607839697419859e-05
GuptaA_2019,3746,UniRef90_A0A076J0L0,1196,0.0148433916858,9,0.9351055512118843,1.1605466525254104e-05
GuptaA_2019,3747,UniRef90_A0A076J3F4,1196,0.014840405127,9,0.9351055512118843,1.160313145191556e-05
GuptaA_2019,3748,UniRef90_B6VUL0,1196,0.0148210691371,9,0.9351055512118843,1.1588013398827209e-05
GuptaA_2019,3749,UniRef90_B6VVH6,1196,0.014801993650599999,9,0.9351055512118843,1.157309902314308e-05
GuptaA_2019,3750,UniRef90_A0A3E5FA08,1196,0.0147484926843,9,0.9351055512118843,1.1531268713291634e-05
GuptaA_2019,3751,UniRef90_A0A076IUP8,1196,0.0147421883282,9,0.9351055512118843,1.1526339584206411e-05
GuptaA_2019,3752,UniRef90_A0A076IRZ4,1196,0.0146691788746,9,0.9351055512118843,1.146925635230649e-05
GuptaA_2019,3753,UniRef90_A0A076IND8,1196,0.0146250733572,9,0.9351055512118843,1.1434771975918687e-05
GuptaA_2019,3754,UniRef90_A6KWC4,1196,0.0145689819667,9,0.9351055512118843,1.1390916314855355e-05
GuptaA_2019,3755,UniRef90_A0A076IXK3,1196,0.0145612537964999,9,0.9351055512118843,1.1384873961297812e-05
GuptaA_2019,3756,UniRef90_A0A0M1W022,1196,0.0145229745583,9,0.9351055512118843,1.1354944924394058e-05
GuptaA_2019,3757,UniRef90_A0A076IX80,1196,0.0145085651026,9,0.9351055512118843,1.1343678735418295e-05
GuptaA_2019,3758,UniRef90_E5UNL8,1196,0.0144536286409,9,0.9351055512118843,1.1300726067943706e-05
GuptaA_2019,3759,UniRef90_D1K623,1196,0.0144305000689,9,0.9351055512118843,1.1282642743471461e-05
GuptaA_2019,3760,UniRef90_E2NA95,1196,0.0144144488627,9,0.9351055512118843,1.1270092934089132e-05
GuptaA_2019,3761,UniRef90_A6L6Z1,1196,0.014368645967800001,9,0.9351055512118843,1.123428144472244e-05
GuptaA_2019,3762,UniRef90_E6STV5,1196,0.0143317297557,9,0.9351055512118843,1.1205418104534793e-05
GuptaA_2019,3763,UniRef90_A6L313,1196,0.0142803639898,9,0.9351055512118843,1.1165257224237685e-05
GuptaA_2019,3764,UniRef90_A0A174LCJ3,1196,0.014261792895,9,0.9351055512118843,1.1150737212666145e-05
GuptaA_2019,3765,UniRef90_A0A1Y4PSZ0,1196,0.014240700730699999,9,0.9351055512118843,1.113424607560594e-05
GuptaA_2019,3766,UniRef90_A0A076IQQ9,1196,0.014218954471,9,0.9351055512118843,1.11172435269742e-05
GuptaA_2019,3767,UniRef90_A6L2I1,1196,0.0141734111341,9,0.9351055512118843,1.1081634975840501e-05
GuptaA_2019,3768,UniRef90_A0A0P0M572,1196,0.0141666053137,9,0.9351055512118843,1.107631377146208e-05
GuptaA_2019,3769,UniRef90_A6L6X5,1196,0.0141368928866999,9,0.9351055512118843,1.1053082788662941e-05
GuptaA_2019,3770,UniRef90_B6W208,1196,0.014121987811,9,0.9351055512118843,1.10414290938233e-05
GuptaA_2019,3771,UniRef90_D1K675,1196,0.014090680848200001,9,0.9351055512118843,1.1016951405942143e-05
GuptaA_2019,3772,UniRef90_A0A076IKG2,1196,0.014014004034900001,9,0.9351055512118843,1.0957000809147773e-05
GuptaA_2019,3773,UniRef90_A0A076IKK6,1196,0.013947702151,9,0.9351055512118843,1.090516196325254e-05
GuptaA_2019,3774,UniRef90_B6VVN3,1196,0.0139139012015999,9,0.9351055512118843,1.0878734324941282e-05
GuptaA_2019,3775,UniRef90_A0A396EYV4,1196,0.0138309438600999,9,0.9351055512118843,1.081387322916333e-05
GuptaA_2019,3776,UniRef90_A0A076INR1,1196,0.013828238558,9,0.9351055512118843,1.0811758059421423e-05
GuptaA_2019,3777,UniRef90_A0A076IP71,1196,0.0138233296355,9,0.9351055512118843,1.0807919965207193e-05
GuptaA_2019,3778,UniRef90_I9QEJ7,1196,0.0137769219362,9,0.9351055512118843,1.0771635602971072e-05
GuptaA_2019,3779,UniRef90_A0A076IQD9,1196,0.0137419087041,9,0.9351055512118843,1.0744260128303362e-05
GuptaA_2019,3780,UniRef90_A0A1Q6J500,1196,0.0137150750013999,9,0.9351055512118843,1.0723279907271227e-05
GuptaA_2019,3781,UniRef90_R5S4K0,1196,0.0136730602359,9,0.9351055512118843,1.0690430207896794e-05
GuptaA_2019,3782,UniRef90_R6LCQ1,1196,0.013635364015699999,9,0.9351055512118843,1.0660957009929633e-05
GuptaA_2019,3783,UniRef90_F3PK62,1196,0.013538102994,9,0.9351055512118843,1.0584912426896012e-05
GuptaA_2019,3784,UniRef90_I8W803,1196,0.0135087400162,9,0.9351055512118843,1.0561954664738076e-05
GuptaA_2019,3785,UniRef90_A0A0P0LCX4,1196,0.013425471130500001,9,0.9351055512118843,1.0496849984753715e-05
GuptaA_2019,3786,UniRef90_C5EWQ0,1196,0.0134224217176,9,0.9351055512118843,1.049446576825645e-05
GuptaA_2019,3787,UniRef90_C3R516,1196,0.0134062434741,9,0.9351055512118843,1.0481816633385458e-05
GuptaA_2019,3788,UniRef90_A0A0P0M4G2,1196,0.013391651699599999,9,0.9351055512118843,1.0470407896481626e-05
GuptaA_2019,3789,UniRef90_E5VB30,1196,0.0133716545841,9,0.9351055512118843,1.0454772935183738e-05
GuptaA_2019,3790,UniRef90_E6SRV5,1196,0.013359703439799999,9,0.9351055512118843,1.0445428803596559e-05
GuptaA_2019,3791,UniRef90_A0A139K3M5,1196,0.013317673078000001,9,0.9351055512118843,1.0412566910086005e-05
GuptaA_2019,3792,UniRef90_R7P2H8,1196,0.0132666188135,9,0.9351055512118843,1.0372649580531666e-05
GuptaA_2019,3793,UniRef90_A0A076IW76,1196,0.013222235077199999,9,0.9351055512118843,1.0337947675684126e-05
GuptaA_2019,3794,UniRef90_A0A0P0M3H2,1196,0.0132147587081,9,0.9351055512118843,1.0332102195543393e-05
GuptaA_2019,3795,UniRef90_I9F7V4,1196,0.013125509084300001,9,0.9351055512118843,1.0262321410711494e-05
GuptaA_2019,3796,UniRef90_A0A0M1VYB5,1196,0.0130959864794,9,0.9351055512118843,1.0239238842376857e-05
GuptaA_2019,3797,UniRef90_R6G829,1196,0.013049312621700001,9,0.9351055512118843,1.0202746381313527e-05
GuptaA_2019,3798,UniRef90_A0A395VKE8,1196,0.0130389041607,9,0.9351055512118843,1.0194608413369821e-05
GuptaA_2019,3799,UniRef90_A0A3E4L474,1196,0.012979651617139999,9,0.9351055512118843,1.014828117055512e-05
GuptaA_2019,3800,UniRef90_C3RD31,1196,0.012974987369,9,0.9351055512118843,1.014463437763878e-05
GuptaA_2019,3801,UniRef90_D4V4K2,1196,0.0129651373161,9,0.9351055512118843,1.0136933007114934e-05
GuptaA_2019,3802,UniRef90_A0A076IV82,1196,0.0129597992752,9,0.9351055512118843,1.0132759402032838e-05
GuptaA_2019,3803,UniRef90_A0A076J9W6,1196,0.012946210145599999,9,0.9351055512118843,1.0122134593901485e-05
GuptaA_2019,3804,UniRef90_B6VVT2,1196,0.0129286168592,9,0.9351055512118843,1.010837909241595e-05
GuptaA_2019,3805,UniRef90_A0A076IRR9,1196,0.012882903873,9,0.9351055512118843,1.0072637899139953e-05
GuptaA_2019,3806,UniRef90_D1K1Z1,1196,0.012836909059799999,9,0.9351055512118843,1.0036676356372164e-05
GuptaA_2019,3807,UniRef90_A0A076ITU8,1196,0.0128211655007,9,0.9351055512118843,1.0024367084206411e-05
GuptaA_2019,3808,UniRef90_A0A0K2HIZ4,1196,0.0127848000522999,9,0.9351055512118843,9.995934364581625e-06
GuptaA_2019,3809,UniRef90_B6VU21,1196,0.012724032673,9,0.9351055512118843,9.948422731039874e-06
GuptaA_2019,3810,UniRef90_A0A0M1W7J8,1196,0.012692872395900001,9,0.9351055512118843,9.92405973096169e-06
GuptaA_2019,3811,UniRef90_A6L4C6,1196,0.012684127653399999,9,0.9351055512118843,9.917222559343235e-06
GuptaA_2019,3812,UniRef90_A0A076IN10,1196,0.0126585807835,9,0.9351055512118843,9.89724846247068e-06
GuptaA_2019,3813,UniRef90_A0A3E4GE68,1196,0.012654564069,9,0.9351055512118843,9.894107950742768e-06
GuptaA_2019,3814,UniRef90_D1K0J3,1196,0.0125821635869,9,0.9351055512118843,9.837500849804534e-06
GuptaA_2019,3815,UniRef90_A0A0P0M3Y6,1196,0.012493463913,9,0.9351055512118843,9.768150049257232e-06
GuptaA_2019,3816,UniRef90_A0A076IMP9,1196,0.012475556345,9,0.9351055512118843,9.754148823299452e-06
GuptaA_2019,3817,UniRef90_A0A1Y4PS38,1196,0.012399080417700001,9,0.9351055512118843,9.694355291399532e-06
GuptaA_2019,3818,UniRef90_A0A076J024,1196,0.0123964357222,9,0.9351055512118843,9.69228750758405e-06
GuptaA_2019,3819,UniRef90_A0A1Y4PMS5,1196,0.012371002128600001,9,0.9351055512118843,9.672401977013292e-06
GuptaA_2019,3820,UniRef90_I9QLY8,1196,0.01232328845,9,0.9351055512118843,9.635096520719313e-06
GuptaA_2019,3821,UniRef90_A0A076ISL1,1196,0.012291394404,9,0.9351055512118843,9.610159815480846e-06
GuptaA_2019,3822,UniRef90_D4V530,1196,0.0121660781974,9,0.9351055512118843,9.512179982329945e-06
GuptaA_2019,3823,UniRef90_C3R4J3,1196,0.0121540734051999,9,0.9351055512118843,9.502793905551134e-06
GuptaA_2019,3824,UniRef90_A0A174P1L0,1196,0.012057373291500001,9,0.9351055512118843,9.427187874511338e-06
GuptaA_2019,3825,UniRef90_A6L4R8,1196,0.011961890535700001,9,0.9351055512118843,9.352533647928069e-06
GuptaA_2019,3826,UniRef90_D4V8N7,1196,0.0119351002666,9,0.9351055512118843,9.331587385926505e-06
GuptaA_2019,3827,UniRef90_B6W1K0,1196,0.011844035442,9,0.9351055512118843,9.26038736669273e-06
GuptaA_2019,3828,UniRef90_B6VSB1,1196,0.0117028392486,9,0.9351055512118843,9.149991593901485e-06
GuptaA_2019,3829,UniRef90_D1JXS4,1196,0.0115328614944999,9,0.9351055512118843,9.017092646207897e-06
GuptaA_2019,3830,UniRef90_A0A076IKX3,1196,0.011524935161200001,9,0.9351055512118843,9.010895356684912e-06
GuptaA_2019,3831,UniRef90_I9S826,1196,0.0115107447739,9,0.9351055512118843,8.999800448709929e-06
GuptaA_2019,3832,UniRef90_E5UWH3,1196,0.0112646365734999,9,0.9351055512118843,8.807378087177405e-06
GuptaA_2019,3833,UniRef90_A0A076IUP2,1196,0.0108278606629,9,0.9351055512118843,8.465880111727913e-06
GuptaA_2019,3834,UniRef90_A0A0K2HDS4,1196,0.0103350976343,9,0.9351055512118843,8.08060800179828e-06
GuptaA_2019,3835,UniRef90_A0A076IKT1,1196,0.0102973234059,9,0.9351055512118843,8.051073812275216e-06
GuptaA_2019,3836,UniRef90_A0A395ZVH2,1196,0.0097420752419,9,0.9351055512118843,7.616947022595777e-06
GuptaA_2019,3837,UniRef90_A0A1L5KHI6,1196,0.0089000946888,9,0.9351055512118843,6.9586354095387026e-06
GuptaA_2019,3838,UniRef90_R6H258,1196,0.008693181175600001,9,0.9351055512118843,6.796857838623926e-06
GuptaA_2019,3839,UniRef90_A0A3E2TWB6,1196,0.00788685053,9,0.9351055512118843,6.166419491790461e-06
GuptaA_2019,3840,UniRef90_A0A174B4R7,1196,0.0074073511553,9,0.9351055512118843,5.791517713291634e-06
GuptaA_2019,3841,UniRef90_A0A173T247,1196,0.0072798263252,9,0.9351055512118843,5.691811043940579e-06
GuptaA_2019,3842,UniRef90_U2CTX5,1196,0.0072475945169,9,0.9351055512118843,5.666610255590305e-06
GuptaA_2019,3843,UniRef90_R5USW4,1196,0.0068977388977,9,0.9351055512118843,5.393071851211884e-06
GuptaA_2019,3844,UniRef90_A0A174HQM1,1196,0.006819972203,9,0.9351055512118843,5.332269118842846e-06
GuptaA_2019,3845,UniRef90_A0A1C7H1W6,1196,0.0066478034248,9,0.9351055512118843,5.197657095230649e-06
GuptaA_2019,3846,UniRef90_R6JHC9,1196,0.0064329592744,9,0.9351055512118843,5.029678869741986e-06
GuptaA_2019,3847,UniRef90_G2T3U0,1196,0.0064055753499,9,0.9351055512118843,5.0082684518373725e-06
GuptaA_2019,3848,UniRef90_A0A139LFB9,1196,0.006271934331,9,0.9351055512118843,4.9037797740422204e-06
GuptaA_2019,3849,UniRef90_A0A0P0FMY7,1196,0.0062104378796,9,0.9351055512118843,4.8556981075840495e-06
GuptaA_2019,3850,UniRef90_Q8A767,1196,0.0061169433809,9,0.9351055512118843,4.782598421344801e-06
GuptaA_2019,3851,UniRef90_Q89ZK5,1196,0.0060540734442,9,0.9351055512118843,4.733442880531666e-06
GuptaA_2019,3852,UniRef90_A0A0E9ECT9,1196,0.0060151530365,9,0.9351055512118843,4.7030125383111805e-06
GuptaA_2019,3853,UniRef90_C6IPI8,1196,0.005991576267,9,0.9351055512118843,4.684578785770133e-06
GuptaA_2019,3854,UniRef90_R6VF67,1196,0.005894312267100001,9,0.9351055512118843,4.608531874198593e-06
GuptaA_2019,3855,UniRef90_Q5LGN1,1196,0.0058880874365,9,0.9351055512118843,4.603664922986709e-06
GuptaA_2019,3856,UniRef90_E1WRK2,1196,0.005883047628499999,9,0.9351055512118843,4.599724494526973e-06
GuptaA_2019,3857,UniRef90_Q8AAD5,1196,0.0058169602622,9,0.9351055512118843,4.548053371540266e-06
GuptaA_2019,3858,UniRef90_A0A396EAS3,1196,0.005750075756,9,0.9351055512118843,4.495758996090696e-06
GuptaA_2019,3859,UniRef90_Q8ABA5,1196,0.0057358411814,9,0.9351055512118843,4.4846295397967166e-06
GuptaA_2019,3860,UniRef90_A0A174VFM5,1196,0.0057028763625,9,0.9351055512118843,4.458855639171227e-06
GuptaA_2019,3861,UniRef90_C9L2Y2,1196,0.0055710860222,9,0.9351055512118843,4.3558139344800625e-06
GuptaA_2019,3862,UniRef90_R6JDC9,1196,0.0055058149498,9,0.9351055512118843,4.304781039718531e-06
GuptaA_2019,3863,UniRef90_A0A174QL76,1196,0.00537368289,9,0.9351055512118843,4.201472157935888e-06
GuptaA_2019,3864,UniRef90_A0A0P0FA60,1196,0.0052233136129,9,0.9351055512118843,4.083904310320563e-06
GuptaA_2019,3865,UniRef90_R6J9A5,1196,0.0051921801853,9,0.9351055512118843,4.059562302814699e-06
GuptaA_2019,3866,UniRef90_Q8A800,1196,0.0049573182793,9,0.9351055512118843,3.875932978342455e-06
GuptaA_2019,3867,UniRef90_A0A2A7ADC4,1196,0.0042640797319,9,0.9351055512118843,3.333916913135262e-06
GuptaA_2019,3868,UniRef90_A0A0K0YN19,1196,0.0035791067939599996,9,0.9351055512118843,2.798363404190774e-06
GuptaA_2019,3869,UniRef90_A0A3E4UZ17,1196,0.0035347302046,9,0.9351055512118843,2.7636670872556685e-06
GuptaA_2019,3870,UniRef90_A0A068ZVY7,1196,0.00218679682936,9,0.9351055512118843,1.7097707813604378e-06
GuptaA_2019,3871,UniRef90_A0A176U5P3,1196,0.0015834357099999,9,0.9351055512118843,1.2380263565284598e-06
GuptaA_2019,3872,UniRef90_A0A173QT70,1196,0.0013194197399,9,0.9351055512118843,1.0316026113369822e-06
GuptaA_2019,3873,UniRef90_A0A0P0L3X2,1195,0.061662790032,9,0.9343236903831118,4.821172011884285e-05
GuptaA_2019,3874,UniRef90_I9UBB8,1195,0.046181735418,9,0.9343236903831118,3.61076899280688e-05
GuptaA_2019,3875,UniRef90_A6L064,1195,0.024333900429900003,9,0.9343236903831118,1.9025723557388587e-05
GuptaA_2019,3876,UniRef90_A0A076IHV0,1195,0.0239082365587,9,0.9343236903831118,1.869291365027365e-05
GuptaA_2019,3877,UniRef90_U6R9G9,1195,0.022447028009,9,0.9343236903831118,1.7550451922595777e-05
GuptaA_2019,3878,UniRef90_D4VAL7,1195,0.0222904853946,9,0.9343236903831118,1.7428057384362785e-05
GuptaA_2019,3879,UniRef90_A0A3E2UKI3,1195,0.0205615119826,9,0.9343236903831118,1.6076240799530882e-05
GuptaA_2019,3880,UniRef90_D4VAV8,1195,0.020451343469,9,0.9343236903831118,1.5990104354182953e-05
GuptaA_2019,3881,UniRef90_A0A076IJK7,1195,0.020435107227,9,0.9343236903831118,1.5977409872556684e-05
GuptaA_2019,3882,UniRef90_A0A069SLM8,1195,0.0199745161579,9,0.9343236903831118,1.5617291757544956e-05
GuptaA_2019,3883,UniRef90_I8WCF1,1195,0.0199160830529,9,0.9343236903831118,1.5571605201641908e-05
GuptaA_2019,3884,UniRef90_A0A076J541,1195,0.019778171139,9,0.9343236903831118,1.5463777278342456e-05
GuptaA_2019,3885,UniRef90_A0A0P0M0V8,1195,0.0193505967995,9,0.9343236903831118,1.5129473650899139e-05
GuptaA_2019,3886,UniRef90_A0A076J0A0,1195,0.0189236254552,9,0.9343236903831118,1.4795641481782642e-05
GuptaA_2019,3887,UniRef90_D4VAB7,1195,0.01875318263,9,0.9343236903831118,1.4662378913213448e-05
GuptaA_2019,3888,UniRef90_A6L046,1195,0.018547708186,9,0.9343236903831118,1.4501726494136043e-05
GuptaA_2019,3889,UniRef90_A0A0P0LBV1,1195,0.018546953340099998,9,0.9343236903831118,1.4501136309695072e-05
GuptaA_2019,3890,UniRef90_A0A1Q6JA31,1195,0.01851810251,9,0.9343236903831118,1.4478578975762313e-05
GuptaA_2019,3891,UniRef90_A0A076IMR9,1195,0.018453262028600002,9,0.9343236903831118,1.4427882743236905e-05
GuptaA_2019,3892,UniRef90_A0A1Y4PDH7,1195,0.0183799529562,9,0.9343236903831118,1.4370565251133697e-05
GuptaA_2019,3893,UniRef90_A0A0K2HHT7,1195,0.018161365007899898,9,0.9343236903831118,1.4199659896716105e-05
GuptaA_2019,3894,UniRef90_A0A076J0T5,1195,0.0180751168173,9,0.9343236903831118,1.4132225814933543e-05
GuptaA_2019,3895,UniRef90_A0A076IV02,1195,0.018066865836,9,0.9343236903831118,1.4125774695856138e-05
GuptaA_2019,3896,UniRef90_A6L0X5,1195,0.0180615418503,9,0.9343236903831118,1.4121612079984364e-05
GuptaA_2019,3897,UniRef90_D4V569,1195,0.018019117749299998,9,0.9343236903831118,1.4088442337216575e-05
GuptaA_2019,3898,UniRef90_A0A076IYL4,1195,0.017644822969999998,9,0.9343236903831118,1.3795795910867865e-05
GuptaA_2019,3899,UniRef90_A0A076IYH9,1195,0.017623199779,9,0.9343236903831118,1.3778889584831899e-05
GuptaA_2019,3900,UniRef90_A0A076IH76,1195,0.017578369638200003,9,0.9343236903831118,1.3743838653792027e-05
GuptaA_2019,3901,UniRef90_A6L1J0,1195,0.017526489287899998,9,0.9343236903831118,1.3703275440109459e-05
GuptaA_2019,3902,UniRef90_A6L0V0,1195,0.017478025091,9,0.9343236903831118,1.3665383182955434e-05
GuptaA_2019,3903,UniRef90_U6RE60,1195,0.0174762508704,9,0.9343236903831118,1.3663995989366693e-05
GuptaA_2019,3904,UniRef90_A0A0P0LBY8,1195,0.017428910981,9,0.9343236903831118,1.362698278420641e-05
GuptaA_2019,3905,UniRef90_A0A0K2HH52,1195,0.0173749119259999,9,0.9343236903831118,1.3584763038311103e-05
GuptaA_2019,3906,UniRef90_A0A076IX63,1195,0.017218754077300003,9,0.9343236903831118,1.3462669333307273e-05
GuptaA_2019,3907,UniRef90_A0A076J092,1195,0.017187876636,9,0.9343236903831118,1.343852747146208e-05
GuptaA_2019,3908,UniRef90_A0A0P0L3R3,1195,0.016922565528,9,0.9343236903831118,1.3231091108678654e-05
GuptaA_2019,3909,UniRef90_A6L089,1195,0.016919924282100002,9,0.9343236903831118,1.322902602197029e-05
GuptaA_2019,3910,UniRef90_B6VV56,1195,0.016919603368,9,0.9343236903831118,1.3228775111806099e-05
GuptaA_2019,3911,UniRef90_C3R9T7,1195,0.016810863312,9,0.9343236903831118,1.3143755521501173e-05
GuptaA_2019,3912,UniRef90_D4VEG4,1195,0.0167653190885999,9,0.9343236903831118,1.3108146277247771e-05
GuptaA_2019,3913,UniRef90_A0A076IMQ8,1195,0.016742669433,9,0.9343236903831118,1.3090437398749022e-05
GuptaA_2019,3914,UniRef90_A0A396F1C0,1195,0.0166326206897,9,0.9343236903831118,1.3004394597107115e-05
GuptaA_2019,3915,UniRef90_A6KZ76,1195,0.0164833452041,9,0.9343236903831118,1.2887681942220485e-05
GuptaA_2019,3916,UniRef90_A0A0N7J791,1195,0.016396767532600002,9,0.9343236903831118,1.2819990252228304e-05
GuptaA_2019,3917,UniRef90_E5UN25,1195,0.0163762846021,9,0.9343236903831118,1.2803975451211884e-05
GuptaA_2019,3918,UniRef90_A0A174R7U9,1195,0.016364563273700002,9,0.9343236903831118,1.2794811003674747e-05
GuptaA_2019,3919,UniRef90_A6KXB3,1195,0.0163637805945,9,0.9343236903831118,1.279419905746677e-05
GuptaA_2019,3920,UniRef90_D4V697,1195,0.0163341907901999,9,0.9343236903831118,1.2771063948553479e-05
GuptaA_2019,3921,UniRef90_D1K2J1,1195,0.016331877837100002,9,0.9343236903831118,1.276925554112588e-05
GuptaA_2019,3922,UniRef90_B6VS61,1195,0.0163250259232,9,0.9343236903831118,1.2763898298045347e-05
GuptaA_2019,3923,UniRef90_I8W766,1195,0.016281656424,9,0.9343236903831118,1.272998938545739e-05
GuptaA_2019,3924,UniRef90_A0A0K2HF93,1195,0.0162748330558,9,0.9343236903831118,1.2724654461141516e-05
GuptaA_2019,3925,UniRef90_A0A3E2TWW7,1195,0.0162625426862,9,0.9343236903831118,1.2715045102580141e-05
GuptaA_2019,3926,UniRef90_A0A0K2HFN2,1195,0.0162309110537,9,0.9343236903831118,1.2690313568178264e-05
GuptaA_2019,3927,UniRef90_A0A076IZ77,1195,0.01616488277,9,0.9343236903831118,1.2638688639562158e-05
GuptaA_2019,3928,UniRef90_A6L011,1195,0.016077563333,9,0.9343236903831118,1.257041699218139e-05
GuptaA_2019,3929,UniRef90_I8VUT9,1195,0.0159080930405,9,0.9343236903831118,1.2437914808835027e-05
GuptaA_2019,3930,UniRef90_A0A076IST5,1195,0.015893245261000003,9,0.9343236903831118,1.2426305911649728e-05
GuptaA_2019,3931,UniRef90_A0A076J3A1,1195,0.0158634637196,9,0.9343236903831118,1.24030208910086e-05
GuptaA_2019,3932,UniRef90_A6L3K7,1195,0.0158481417537,9,0.9343236903831118,1.2391041246051603e-05
GuptaA_2019,3933,UniRef90_B0N9J2,1195,0.0157921858508,9,0.9343236903831118,1.2347291517435497e-05
GuptaA_2019,3934,UniRef90_D4LVL6,1195,0.0156313510186,9,0.9343236903831118,1.2221541062236124e-05
GuptaA_2019,3935,UniRef90_D4JMN8,1195,0.015613949479,9,0.9343236903831118,1.2207935480062548e-05
GuptaA_2019,3936,UniRef90_A0A396F791,1195,0.0154535646821,9,0.9343236903831118,1.2082536889835809e-05
GuptaA_2019,3937,UniRef90_A0A0K2HLL0,1195,0.0154417466052,9,0.9343236903831118,1.207329679843628e-05
GuptaA_2019,3938,UniRef90_A0A0P0M5K5,1195,0.0153877039791,9,0.9343236903831118,1.2031042986004691e-05
GuptaA_2019,3939,UniRef90_A0A076IZ89,1195,0.0153820604702,9,0.9343236903831118,1.2026630547458952e-05
GuptaA_2019,3940,UniRef90_I9QDW0,1195,0.015352363690099999,9,0.9343236903831118,1.2003411798358092e-05
GuptaA_2019,3941,UniRef90_D4VEE0,1195,0.0153099128009,9,0.9343236903831118,1.1970221110946051e-05
GuptaA_2019,3942,UniRef90_A0A0K2HEY0,1195,0.0152743540009999,9,0.9343236903831118,1.1942419078186004e-05
GuptaA_2019,3943,UniRef90_C3RCN9,1195,0.0152690059973,9,0.9343236903831118,1.1938237683580923e-05
GuptaA_2019,3944,UniRef90_I9F0V9,1195,0.0152638238847,9,0.9343236903831118,1.1934185992728695e-05
GuptaA_2019,3945,UniRef90_A0A3E5H8P0,1195,0.015243859285,9,0.9343236903831118,1.1918576454261141e-05
GuptaA_2019,3946,UniRef90_A0A0P0M3X3,1195,0.015227171844799998,9,0.9343236903831118,1.1905529198436278e-05
GuptaA_2019,3947,UniRef90_A6L4N0,1195,0.015125039493,9,0.9343236903831118,1.1825675913213448e-05
GuptaA_2019,3948,UniRef90_A0A174J5J5,1195,0.015111655775300001,9,0.9343236903831118,1.181521170860047e-05
GuptaA_2019,3949,UniRef90_A0A380ZKV5,1195,0.0150792630021,9,0.9343236903831118,1.1789885068100078e-05
GuptaA_2019,3950,UniRef90_D4VCP4,1195,0.0150685904583,9,0.9343236903831118,1.17815406241595e-05
GuptaA_2019,3951,UniRef90_C3R645,1195,0.0150415125836,9,0.9343236903831118,1.176036949460516e-05
GuptaA_2019,3952,UniRef90_A6L1D9,1195,0.0150272840094,9,0.9343236903831118,1.1749244729788898e-05
GuptaA_2019,3953,UniRef90_A0A174W463,1195,0.0150141654318,9,0.9343236903831118,1.1738987827834246e-05
GuptaA_2019,3954,UniRef90_A0A076J5Y0,1195,0.0149592912247,9,0.9343236903831118,1.1696083834792806e-05
GuptaA_2019,3955,UniRef90_D4V4U7,1195,0.014894599785,9,0.9343236903831118,1.164550413213448e-05
GuptaA_2019,3956,UniRef90_A0A076IXF0,1195,0.0148628997612,9,0.9343236903831118,1.1620719125254105e-05
GuptaA_2019,3957,UniRef90_D4V935,1195,0.0148208433513,9,0.9343236903831118,1.1587836865754496e-05
GuptaA_2019,3958,UniRef90_A0A076INX8,1195,0.014812317711,9,0.9343236903831118,1.1581171001563722e-05
GuptaA_2019,3959,UniRef90_A6KZ74,1195,0.0147748068785,9,0.9343236903831118,1.1551842750977326e-05
GuptaA_2019,3960,UniRef90_A0A076J1V1,1195,0.014742871513000001,9,0.9343236903831118,1.1526873739640344e-05
GuptaA_2019,3961,UniRef90_A0A076J1I2,1195,0.0147392458381,9,0.9343236903831118,1.1524038966458171e-05
GuptaA_2019,3962,UniRef90_R5S6M9,1195,0.0147232274325,9,0.9343236903831118,1.151151480258014e-05
GuptaA_2019,3963,UniRef90_A0A076IT69,1195,0.0146942166245,9,0.9343236903831118,1.1488832388193902e-05
GuptaA_2019,3964,UniRef90_A0A1Y4PNI8,1195,0.014689870774,9,0.9343236903831118,1.148543453792025e-05
GuptaA_2019,3965,UniRef90_A6KXG4,1195,0.014632118638200001,9,0.9343236903831118,1.1440280405160282e-05
GuptaA_2019,3966,UniRef90_B6VVH5,1195,0.014604114621000001,9,0.9343236903831118,1.1418385161063331e-05
GuptaA_2019,3967,UniRef90_A0A076IJZ7,1195,0.014583418126599999,9,0.9343236903831118,1.140220338279906e-05
GuptaA_2019,3968,UniRef90_I9FSV4,1195,0.014567139865,9,0.9343236903831118,1.138947604769351e-05
GuptaA_2019,3969,UniRef90_A0A078R7V5,1195,0.0145444952211,9,0.9343236903831118,1.13717710876466e-05
GuptaA_2019,3970,UniRef90_A0A076IUP9,1195,0.014464952257,9,0.9343236903831118,1.1309579559812354e-05
GuptaA_2019,3971,UniRef90_R6LBT6,1195,0.0144558887329,9,0.9343236903831118,1.1302493145347928e-05
GuptaA_2019,3972,UniRef90_A0A0K2HJ37,1195,0.014448910756,9,0.9343236903831118,1.1297037338545738e-05
GuptaA_2019,3973,UniRef90_A0A173WIK6,1195,0.0144269992217,9,0.9343236903831118,1.1279905568178263e-05
GuptaA_2019,3974,UniRef90_A6L1V0,1195,0.0143984633085,9,0.9343236903831118,1.1257594455433933e-05
GuptaA_2019,3975,UniRef90_A0A0M1VYD5,1195,0.0143593727518,9,0.9343236903831118,1.1227031080375293e-05
GuptaA_2019,3976,UniRef90_A0A076IRA9,1195,0.014336299386,9,0.9343236903831118,1.1208990919468335e-05
GuptaA_2019,3977,UniRef90_A0A0P0L494,1195,0.0143154002749999,9,0.9343236903831118,1.1192650723221188e-05
GuptaA_2019,3978,UniRef90_D1K074,1195,0.0142865314845,9,0.9343236903831118,1.1170079346755278e-05
GuptaA_2019,3979,UniRef90_A0A076IV47,1195,0.014273066403,9,0.9343236903831118,1.11595515269742e-05
GuptaA_2019,3980,UniRef90_A0A076IN53,1195,0.014263084273899999,9,0.9343236903831118,1.1151746891243157e-05
GuptaA_2019,3981,UniRef90_A0A076IXS5,1195,0.0142532861503,9,0.9343236903831118,1.1144086122204847e-05
GuptaA_2019,3982,UniRef90_A0A397WMH6,1195,0.014202840881,9,0.9343236903831118,1.1104644942142298e-05
GuptaA_2019,3983,UniRef90_A0A076IKY2,1195,0.014157829034,9,0.9343236903831118,1.1069451942142298e-05
GuptaA_2019,3984,UniRef90_A0A396BKE4,1195,0.014128499934,9,0.9343236903831118,1.1046520667709148e-05
GuptaA_2019,3985,UniRef90_A0A174IEJ1,1195,0.014104801917700001,9,0.9343236903831118,1.1027992117044568e-05
GuptaA_2019,3986,UniRef90_A0A076J710,1195,0.0140737550324,9,0.9343236903831118,1.1003717773573104e-05
GuptaA_2019,3987,UniRef90_D1K925,1195,0.014062061192,9,0.9343236903831118,1.0994574817826427e-05
GuptaA_2019,3988,UniRef90_A0A139KJ68,1195,0.0140417634107,9,0.9343236903831118,1.0978704777716966e-05
GuptaA_2019,3989,UniRef90_A0A396APU8,1195,0.0140264913535999,9,0.9343236903831118,1.0966764154495621e-05
GuptaA_2019,3990,UniRef90_A0A0K2HJQ5,1195,0.014009109737,9,0.9343236903831118,1.0953174149335418e-05
GuptaA_2019,3991,UniRef90_A0A0P0M550,1195,0.0138994654041,9,0.9343236903831118,1.0867447540344019e-05
GuptaA_2019,3992,UniRef90_A0A076ITR9,1195,0.0138518013812999,9,0.9343236903831118,1.0830180907974903e-05
GuptaA_2019,3993,UniRef90_A0A076IUN9,1195,0.013841759903,9,0.9343236903831118,1.0822329869429241e-05
GuptaA_2019,3994,UniRef90_A0A076J1J4,1195,0.0138197179947,9,0.9343236903831118,1.0805096164738076e-05
GuptaA_2019,3995,UniRef90_A0A395UP83,1195,0.013809448089,9,0.9343236903831118,1.0797066527756059e-05
GuptaA_2019,3996,UniRef90_A0A076J4G7,1195,0.013744939286000001,9,0.9343236903831118,1.0746629621579359e-05
GuptaA_2019,3997,UniRef90_A0A0M1VYD7,1195,0.013710540959100001,9,0.9343236903831118,1.071973491720094e-05
GuptaA_2019,3998,UniRef90_A0A174L9N7,1195,0.013650290284,9,0.9343236903831118,1.0672627274433151e-05
GuptaA_2019,3999,UniRef90_A0A0M1W4C5,1195,0.0136398188005,9,0.9343236903831118,1.0664440031665363e-05
GuptaA_2019,4000,UniRef90_A6L4P0,1195,0.013616680886500001,9,0.9343236903831118,1.0646349403049258e-05
GuptaA_2019,4001,UniRef90_A0A0K2HN88,1195,0.013612258064,9,0.9343236903831118,1.0642891371383894e-05
GuptaA_2019,4002,UniRef90_A0A1Q6J016,1195,0.013594367282,9,0.9343236903831118,1.0628903269741985e-05
GuptaA_2019,4003,UniRef90_A0A396BH28,1195,0.013565585661,9,0.9343236903831118,1.060640004769351e-05
GuptaA_2019,4004,UniRef90_A0A076IXB7,1195,0.013511327442099999,9,0.9343236903831118,1.0563977671696637e-05
GuptaA_2019,4005,UniRef90_A0A076J6F3,1195,0.0134606305179,9,0.9343236903831118,1.0524339732525411e-05
GuptaA_2019,4006,UniRef90_A0A174RMW0,1195,0.0133609320905,9,0.9343236903831118,1.0446389437451133e-05
GuptaA_2019,4007,UniRef90_A0A076J865,1195,0.0133411402108,9,0.9343236903831118,1.0430914941985927e-05
GuptaA_2019,4008,UniRef90_A0A076IRM7,1195,0.0132660893304,9,0.9343236903831118,1.037223559843628e-05
GuptaA_2019,4009,UniRef90_A0A174H4Q0,1195,0.0132548630498999,9,0.9343236903831118,1.0363458209460438e-05
GuptaA_2019,4010,UniRef90_A0A395UTD2,1195,0.013235247207299999,9,0.9343236903831118,1.0348121350508208e-05
GuptaA_2019,4011,UniRef90_A0A0M1W865,1195,0.0132350059493,9,0.9343236903831118,1.0347932720328383e-05
GuptaA_2019,4012,UniRef90_D1K1D7,1195,0.013147071128000001,9,0.9343236903831118,1.0279179928068805e-05
GuptaA_2019,4013,UniRef90_E5UX07,1195,0.013089629851,9,0.9343236903831118,1.0234268843627835e-05
GuptaA_2019,4014,UniRef90_A0A0K2HNE0,1195,0.0130340526652,9,0.9343236903831118,1.0190815219077405e-05
GuptaA_2019,4015,UniRef90_A0A174NXR6,1195,0.0130117483115,9,0.9343236903831118,1.0173376318608288e-05
GuptaA_2019,4016,UniRef90_A0A076IRD1,1195,0.012963659277,9,0.9343236903831118,1.0135777386239249e-05
GuptaA_2019,4017,UniRef90_R9HY48,1195,0.01295175149321,9,0.9343236903831118,1.0126467156536356e-05
GuptaA_2019,4018,UniRef90_A0A174T8J2,1195,0.0129381623903,9,0.9343236903831118,1.011584236927287e-05
GuptaA_2019,4019,UniRef90_A0A174I7X5,1195,0.0129021311131,9,0.9343236903831118,1.0087670925019546e-05
GuptaA_2019,4020,UniRef90_B6W4P0,1195,0.0128726412952,9,0.9343236903831118,1.0064613991555903e-05
GuptaA_2019,4021,UniRef90_B6W5T8,1195,0.0127416332211,9,0.9343236903831118,9.962183910164191e-06
GuptaA_2019,4022,UniRef90_A0A139KHD5,1195,0.012736943435,9,0.9343236903831118,9.958517150117279e-06
GuptaA_2019,4023,UniRef90_A0A078QX48,1195,0.012731175987,9,0.9343236903831118,9.954007808444097e-06
GuptaA_2019,4024,UniRef90_C3RC03,1195,0.0127255972238,9,0.9343236903831118,9.949645992025018e-06
GuptaA_2019,4025,UniRef90_E5UWS7,1195,0.0127193176673,9,0.9343236903831118,9.944736252775607e-06
GuptaA_2019,4026,UniRef90_C3R520,1195,0.0126675718881,9,0.9343236903831118,9.904278254964817e-06
GuptaA_2019,4027,UniRef90_A0A0P0M3N9,1195,0.0124766826166,9,0.9343236903831118,9.75502941094605e-06
GuptaA_2019,4028,UniRef90_A0A1S8IBY0,1195,0.0124452488635,9,0.9343236903831118,9.730452590695856e-06
GuptaA_2019,4029,UniRef90_A0A173WWK6,1195,0.0124360157111,9,0.9343236903831118,9.723233550508209e-06
GuptaA_2019,4030,UniRef90_A6L6A9,1195,0.0124280598826,9,0.9343236903831118,9.717013199843628e-06
GuptaA_2019,4031,UniRef90_A0A374Q300,1195,0.0123541968866,9,0.9343236903831118,9.659262616575449e-06
GuptaA_2019,4032,UniRef90_A0A174DBD0,1195,0.012293612146,9,0.9343236903831118,9.611893781078967e-06
GuptaA_2019,4033,UniRef90_A0A076JAA0,1195,0.0122863586734,9,0.9343236903831118,9.606222574980454e-06
GuptaA_2019,4034,UniRef90_A0A0K2HM13,1195,0.0122666743202,9,0.9343236903831118,9.59083215027365e-06
GuptaA_2019,4035,UniRef90_F3PQG5,1195,0.0122156175674,9,0.9343236903831118,9.550912875215012e-06
GuptaA_2019,4036,UniRef90_A0A076J4I9,1195,0.0121947337054,9,0.9343236903831118,9.534584601563722e-06
GuptaA_2019,4037,UniRef90_I9RF72,1195,0.012175829462,9,0.9343236903831118,9.51980411415168e-06
GuptaA_2019,4038,UniRef90_A0A0N7J7N4,1195,0.012148270417,9,0.9343236903831118,9.498256776387802e-06
GuptaA_2019,4039,UniRef90_A0A0K2HMJ5,1195,0.012061000323,9,0.9343236903831118,9.430023708365911e-06
GuptaA_2019,4040,UniRef90_E6STL7,1195,0.0120249992897,9,0.9343236903831118,9.401875910633308e-06
GuptaA_2019,4041,UniRef90_A0A076J6K5,1195,0.0119839194723,9,0.9343236903831118,9.369757210555122e-06
GuptaA_2019,4042,UniRef90_F3PY60,1195,0.0119164718249,9,0.9343236903831118,9.317022537060204e-06
GuptaA_2019,4043,UniRef90_B3CF06,1195,0.0118822836429,9,0.9343236903831118,9.290292136747458e-06
GuptaA_2019,4044,UniRef90_A0A0N7J6N3,1195,0.0118743766532,9,0.9343236903831118,9.284109971227521e-06
GuptaA_2019,4045,UniRef90_A0A076INP0,1195,0.0118444563602,9,0.9343236903831118,9.260716466145426e-06
GuptaA_2019,4046,UniRef90_A0A0M1W4C1,1195,0.011807323693,9,0.9343236903831118,9.2316838881939e-06
GuptaA_2019,4047,UniRef90_A0A076J8I6,1195,0.0117243213496,9,0.9343236903831118,9.16678760719312e-06
GuptaA_2019,4048,UniRef90_A0A174N4U7,1195,0.0117147418923,9,0.9343236903831118,9.159297804769351e-06
GuptaA_2019,4049,UniRef90_A0A0P0M4G1,1195,0.011663754346599999,9,0.9343236903831118,9.119432640031273e-06
GuptaA_2019,4050,UniRef90_C3R4D7,1195,0.0116086681158,9,0.9343236903831118,9.076362873964036e-06
GuptaA_2019,4051,UniRef90_D3AGE9,1195,0.0115982143878,9,0.9343236903831118,9.068189513526192e-06
GuptaA_2019,4052,UniRef90_A0A076IXQ3,1195,0.011399425567800001,9,0.9343236903831118,8.91276432197029e-06
GuptaA_2019,4053,UniRef90_A0A174BCD9,1195,0.0113312163881,9,0.9343236903831118,8.859434236200157e-06
GuptaA_2019,4054,UniRef90_A0A174FLN9,1195,0.0113200119558999,9,0.9343236903831118,8.850673929554262e-06
GuptaA_2019,4055,UniRef90_A6L3K9,1195,0.0109149856658999,9,0.9343236903831118,8.53399973878022e-06
GuptaA_2019,4056,UniRef90_A0A397WJL7,1195,0.010822506758199998,9,0.9343236903831118,8.461694103362e-06
GuptaA_2019,4057,UniRef90_A0A174J2T5,1195,0.0101600543736,9,0.9343236903831118,7.943748532916342e-06
GuptaA_2019,4058,UniRef90_C4ZE32,1195,0.010067147863,9,0.9343236903831118,7.871108571540265e-06
GuptaA_2019,4059,UniRef90_A0A076IRS7,1195,0.0096678626682,9,0.9343236903831118,7.558923118217357e-06
GuptaA_2019,4060,UniRef90_A0A174HFP4,1195,0.0091661168616,9,0.9343236903831118,7.166627726035965e-06
GuptaA_2019,4061,UniRef90_A0A395ZY86,1195,0.0089341953493,9,0.9343236903831118,6.985297380218921e-06
GuptaA_2019,4062,UniRef90_Q8A495,1195,0.0082621316138,9,0.9343236903831118,6.459837070992963e-06
GuptaA_2019,4063,UniRef90_D4ML26,1195,0.0078002689772000006,9,0.9343236903831118,6.0987247671618454e-06
GuptaA_2019,4064,UniRef90_Q8A0F4,1195,0.0073324283861,9,0.9343236903831118,5.732938534870993e-06
GuptaA_2019,4065,UniRef90_R6JLS8,1195,0.0071910560787,9,0.9343236903831118,5.622405065441751e-06
GuptaA_2019,4066,UniRef90_C5EWQ1,1195,0.0071518362638,9,0.9343236903831118,5.5917406284597345e-06
GuptaA_2019,4067,UniRef90_R5UUF2,1195,0.0069984377950000004,9,0.9343236903831118,5.4718043745113375e-06
GuptaA_2019,4068,UniRef90_A0A3D2LTE3,1195,0.0068737046613000004,9,0.9343236903831118,5.374280423221267e-06
GuptaA_2019,4069,UniRef90_A0A174MUZ9,1195,0.006859761265,9,0.9343236903831118,5.363378627834245e-06
GuptaA_2019,4070,UniRef90_D4WIM8,1195,0.0067864815984,9,0.9343236903831118,5.306084126974199e-06
GuptaA_2019,4071,UniRef90_R9MCK3,1195,0.006756999676,9,0.9343236903831118,5.283033366692729e-06
GuptaA_2019,4072,UniRef90_A0A173UXA9,1195,0.006728552187300001,9,0.9343236903831118,5.260791389601252e-06
GuptaA_2019,4073,UniRef90_R6UYX3,1195,0.006695161841199999,9,0.9343236903831118,5.234684785926504e-06
GuptaA_2019,4074,UniRef90_A0A173WXI3,1195,0.006525746991299999,9,0.9343236903831118,5.102225950977326e-06
GuptaA_2019,4075,UniRef90_A5ZF58,1195,0.0064349280736,9,0.9343236903831118,5.031218196716184e-06
GuptaA_2019,4076,UniRef90_A5ZL41,1195,0.0064235934119,9,0.9343236903831118,5.0223560687255674e-06
GuptaA_2019,4077,UniRef90_A0A1G8C9V6,1195,0.0061599459781,9,0.9343236903831118,4.816220467630962e-06
GuptaA_2019,4078,UniRef90_Q89ZK3,1195,0.006146221255,9,0.9343236903831118,4.805489644253323e-06
GuptaA_2019,4079,UniRef90_U2CNA2,1195,0.0061254294921000004,9,0.9343236903831118,4.789233379280689e-06
GuptaA_2019,4080,UniRef90_R6JKV6,1195,0.0060657930471,9,0.9343236903831118,4.742605978967944e-06
GuptaA_2019,4081,UniRef90_A0A1G6FZQ8,1195,0.0060277803325,9,0.9343236903831118,4.712885326426896e-06
GuptaA_2019,4082,UniRef90_Q8A7Z4,1195,0.0059693075391,9,0.9343236903831118,4.66716773971853e-06
GuptaA_2019,4083,UniRef90_A0A0P0FDR7,1195,0.0059687615671,9,0.9343236903831118,4.666740865598124e-06
GuptaA_2019,4084,UniRef90_A0A0P0F0M4,1195,0.0058831574502000005,9,0.9343236903831118,4.599810359812354e-06
GuptaA_2019,4085,UniRef90_R6RV23,1195,0.0058249964873,9,0.9343236903831118,4.554336581157154e-06
GuptaA_2019,4086,UniRef90_R6JCH8,1195,0.0058082556818,9,0.9343236903831118,4.541247601094605e-06
GuptaA_2019,4087,UniRef90_C9KZU0,1195,0.0057477341974,9,0.9343236903831118,4.493928223143081e-06
GuptaA_2019,4088,UniRef90_A0A174V8G4,1195,0.0057198793599,9,0.9343236903831118,4.472149616810008e-06
GuptaA_2019,4089,UniRef90_C9KVU8,1195,0.0056809337804,9,0.9343236903831118,4.441699593745114e-06
GuptaA_2019,4090,UniRef90_D7J772,1195,0.0056795172496,9,0.9343236903831118,4.440592063799843e-06
GuptaA_2019,4091,UniRef90_R7D366,1195,0.0056736715393,9,0.9343236903831118,4.436021531899922e-06
GuptaA_2019,4092,UniRef90_A0A395W259,1195,0.005670150351400001,9,0.9343236903831118,4.433268453010165e-06
GuptaA_2019,4093,UniRef90_Q8AAQ1,1195,0.0056233725971,9,0.9343236903831118,4.396694759265051e-06
GuptaA_2019,4094,UniRef90_A0A139KAQ5,1195,0.0056220821694,9,0.9343236903831118,4.395685824394058e-06
GuptaA_2019,4095,UniRef90_R5V0A8,1195,0.0055760941183,9,0.9343236903831118,4.359729568647381e-06
GuptaA_2019,4096,UniRef90_A0A174FGF2,1195,0.0055695122296,9,0.9343236903831118,4.35458344769351e-06
GuptaA_2019,4097,UniRef90_W6PH87,1195,0.0055680726022,9,0.9343236903831118,4.353457859421423e-06
GuptaA_2019,4098,UniRef90_A5ZUA7,1195,0.00527897044408,9,0.9343236903831118,4.127420206473808e-06
GuptaA_2019,4099,UniRef90_A5ZNT5,1195,0.00523221898642,9,0.9343236903831118,4.090867073041438e-06
GuptaA_2019,4100,UniRef90_A0A174U8D5,1195,0.005141475573,9,0.9343236903831118,4.019918352619234e-06
GuptaA_2019,4101,UniRef90_R5YF71,1195,0.0048784704141,9,0.9343236903831118,3.8142849211102425e-06
GuptaA_2019,4102,UniRef90_C3QHA8,1195,0.0048106837151999995,9,0.9343236903831118,3.7612851565285374e-06
GuptaA_2019,4103,UniRef90_A7B700,1195,0.004365502367,9,0.9343236903831118,3.4132152986708365e-06
GuptaA_2019,4104,UniRef90_B0P977,1195,0.0034691357233,9,0.9343236903831118,2.71238133174355e-06
GuptaA_2019,4105,UniRef90_B5CT52,1195,0.0033876878927,9,0.9343236903831118,2.6487004634089134e-06
GuptaA_2019,4106,UniRef90_B0G613,1195,0.0028505186019,9,0.9343236903831118,2.2287088365129007e-06
GuptaA_2019,4107,UniRef90_U2PDV9,1195,0.00063851752336,9,0.9343236903831118,4.9923184e-07
GuptaA_2019,4108,UniRef90_D4IJC6,1194,0.0338707703535,9,0.9335418295543393,2.6482228579749805e-05
GuptaA_2019,4109,UniRef90_A0A3E4TBP1,1194,0.033172865648,9,0.9335418295543393,2.593656422830336e-05
GuptaA_2019,4110,UniRef90_D1K2U9,1194,0.025545035766,9,0.9335418295543393,1.9972662835027365e-05
GuptaA_2019,4111,UniRef90_A0A0P0M2E3,1194,0.0243299748469,9,0.9335418295543393,1.9022654297810788e-05
GuptaA_2019,4112,UniRef90_A0A0M1W8Y4,1194,0.0239483575237,9,0.9335418295543393,1.8724282661219703e-05
GuptaA_2019,4113,UniRef90_R5NYG9,1194,0.0235849126649999,9,0.9335418295543393,1.8440119362783346e-05
GuptaA_2019,4114,UniRef90_A0A076J2W0,1194,0.022919498994,9,0.9335418295543393,1.791985847849883e-05
GuptaA_2019,4115,UniRef90_U6REJ0,1194,0.021738298429,9,0.9335418295543393,1.6996324025801407e-05
GuptaA_2019,4116,UniRef90_A6KZP3,1194,0.021475030532,9,0.9335418295543393,1.67904851696638e-05
GuptaA_2019,4117,UniRef90_A0A0P0M190,1194,0.0209063091144,9,0.9335418295543393,1.6345824170758408e-05
GuptaA_2019,4118,UniRef90_A0A076J0A3,1194,0.020612587581,9,0.9335418295543393,1.611617480922596e-05
GuptaA_2019,4119,UniRef90_A0A0P0M689,1194,0.019864175139,9,0.9335418295543393,1.5531020437060204e-05
GuptaA_2019,4120,UniRef90_A0A0P0LLV8,1194,0.019180286818,9,0.9335418295543393,1.4996314947615324e-05
GuptaA_2019,4121,UniRef90_A0A174NCV0,1194,0.0189637336196,9,0.9335418295543393,1.4827000484440969e-05
GuptaA_2019,4122,UniRef90_Q64WK9,1194,0.018943715379,9,0.9335418295543393,1.4811349006254888e-05
GuptaA_2019,4123,UniRef90_A0A076IJZ0,1194,0.018908792347,9,0.9335418295543393,1.4784044055512118e-05
GuptaA_2019,4124,UniRef90_A0A076J532,1194,0.018825403563599998,9,0.9335418295543393,1.4718845632212665e-05
GuptaA_2019,4125,UniRef90_A0A396F4S8,1194,0.0187449689701,9,0.9335418295543393,1.4655956974276779e-05
GuptaA_2019,4126,UniRef90_B6VXN1,1194,0.0185074436285,9,0.9335418295543393,1.4470245213838937e-05
GuptaA_2019,4127,UniRef90_A0A0K2HGN0,1194,0.0182560517905,9,0.9335418295543393,1.427369178303362e-05
GuptaA_2019,4128,UniRef90_A0A1Y4PS77,1194,0.0181132700136,9,0.9335418295543393,1.416205630461298e-05
GuptaA_2019,4129,UniRef90_A0A0K2HI27,1194,0.017977830791000002,9,0.9335418295543393,1.4056161681782644e-05
GuptaA_2019,4130,UniRef90_A0A076J531,1194,0.017718993137,9,0.9335418295543393,1.3853786659108679e-05
GuptaA_2019,4131,UniRef90_A0A076J569,1194,0.017694524936,9,0.9335418295543393,1.3834655931196247e-05
GuptaA_2019,4132,UniRef90_A0A0P0LHJ6,1194,0.0175077089369,9,0.9335418295543393,1.3688591819311961e-05
GuptaA_2019,4133,UniRef90_A0A076J355,1194,0.0173257440805,9,0.9335418295543393,1.3546320625879593e-05
GuptaA_2019,4134,UniRef90_A0A076J249,1194,0.0172936472404,9,0.9335418295543393,1.3521225363878031e-05
GuptaA_2019,4135,UniRef90_A0A076J770,1194,0.0172861661259999,9,0.9335418295543393,1.3515376173573026e-05
GuptaA_2019,4136,UniRef90_Q64WK3,1194,0.017250587656100002,9,0.9335418295543393,1.3487558761610635e-05
GuptaA_2019,4137,UniRef90_A6L0Z9,1194,0.017197799027,9,0.9335418295543393,1.3446285400312744e-05
GuptaA_2019,4138,UniRef90_A0A2M9V5B5,1194,0.0171538653939,9,0.9335418295543393,1.3411935413526193e-05
GuptaA_2019,4139,UniRef90_A0A076IUS6,1194,0.016828912031999998,9,0.9335418295543393,1.3157867108678653e-05
GuptaA_2019,4140,UniRef90_R7NZ21,1194,0.016527103465599997,9,0.9335418295543393,1.2921894812822516e-05
GuptaA_2019,4141,UniRef90_A6L7M8,1194,0.016362151996,9,0.9335418295543393,1.2792925720093823e-05
GuptaA_2019,4142,UniRef90_A0A076IPH3,1194,0.016300915484,9,0.9335418295543393,1.2745047290070367e-05
GuptaA_2019,4143,UniRef90_A0A076IWI5,1194,0.0160917112097,9,0.9335418295543393,1.2581478662783423e-05
GuptaA_2019,4144,UniRef90_A0A0K2HFG6,1194,0.016086976985,9,0.9335418295543393,1.2577777157935889e-05
GuptaA_2019,4145,UniRef90_A0A076IK62,1194,0.0160807935887,9,0.9335418295543393,1.2572942602580141e-05
GuptaA_2019,4146,UniRef90_A0A0K2HIF6,1194,0.016051383319,9,0.9335418295543393,1.2549947864738076e-05
GuptaA_2019,4147,UniRef90_A6KXB4,1194,0.016044957284000003,9,0.9335418295543393,1.2544923599687259e-05
GuptaA_2019,4148,UniRef90_D1K632,1194,0.0159510428412,9,0.9335418295543393,1.2471495575605942e-05
GuptaA_2019,4149,UniRef90_D1K6D2,1194,0.0159113612435,9,0.9335418295543393,1.2440470088741204e-05
GuptaA_2019,4150,UniRef90_A6KXW6,1194,0.0158246776426,9,0.9335418295543393,1.2372695576700546e-05
GuptaA_2019,4151,UniRef90_U6RNZ2,1194,0.015818170856399902,9,0.9335418295543393,1.2367608175449494e-05
GuptaA_2019,4152,UniRef90_A0A0K2HIZ8,1194,0.015806320461,9,0.9335418295543393,1.2358342815480844e-05
GuptaA_2019,4153,UniRef90_A0A076IZC5,1194,0.0157369446778,9,0.9335418295543393,1.2304100608131353e-05
GuptaA_2019,4154,UniRef90_A0A076IYL7,1194,0.01566710312,9,0.9335418295543393,1.2249494229867085e-05
GuptaA_2019,4155,UniRef90_A0A1Y3ZJY6,1194,0.015649233717,9,0.9335418295543393,1.2235522843627834e-05
GuptaA_2019,4156,UniRef90_I9FPK5,1194,0.0155604373535,9,0.9335418295543393,1.2166096445269743e-05
GuptaA_2019,4157,UniRef90_A0A076JBK6,1194,0.015543548051999999,9,0.9335418295543393,1.2152891362001564e-05
GuptaA_2019,4158,UniRef90_A0A076IZR6,1194,0.0155373810258,9,0.9335418295543393,1.214806960578577e-05
GuptaA_2019,4159,UniRef90_B6VSS7,1194,0.0155035916109,9,0.9335418295543393,1.212165098584832e-05
GuptaA_2019,4160,UniRef90_A0A076J5R5,1194,0.015413577501199899,9,0.9335418295543393,1.2051272479436982e-05
GuptaA_2019,4161,UniRef90_A6L6Z8,1194,0.0152436875439999,9,0.9335418295543393,1.1918442176700469e-05
GuptaA_2019,4162,UniRef90_A0A0K2HKE1,1194,0.0151863523327,9,0.9335418295543393,1.1873614020875684e-05
GuptaA_2019,4163,UniRef90_A6L1E7,1194,0.0151119694449,9,0.9335418295543393,1.1815456954573885e-05
GuptaA_2019,4164,UniRef90_A0A0K2HIB0,1194,0.015086447218,9,0.9335418295543393,1.1795502125097731e-05
GuptaA_2019,4165,UniRef90_A0A076ILU2,1194,0.015015879018,9,0.9335418295543393,1.174032761376075e-05
GuptaA_2019,4166,UniRef90_A0A076IS76,1194,0.0150088236074,9,0.9335418295543393,1.1734811264581703e-05
GuptaA_2019,4167,UniRef90_A0A174WM95,1194,0.015006392358,9,0.9335418295543393,1.1732910365910867e-05
GuptaA_2019,4168,UniRef90_A0A076J0F5,1194,0.0149685006992,9,0.9335418295543393,1.1703284362157935e-05
GuptaA_2019,4169,UniRef90_A6KWC5,1194,0.0149259015641,9,0.9335418295543393,1.166997776708366e-05
GuptaA_2019,4170,UniRef90_A0A174V479,1194,0.014921777255,9,0.9335418295543393,1.1666753131352619e-05
GuptaA_2019,4171,UniRef90_C3RE45,1194,0.014903556354,9,0.9335418295543393,1.1652506922595778e-05
GuptaA_2019,4172,UniRef90_A0A076IP68,1194,0.01486188047,9,0.9335418295543393,1.1619922181391711e-05
GuptaA_2019,4173,UniRef90_A0A076ISS3,1194,0.0147712607081,9,0.9335418295543393,1.1549070139249413e-05
GuptaA_2019,4174,UniRef90_A0A0P0LI08,1194,0.014759974943,9,0.9335418295543393,1.1540246241594995e-05
GuptaA_2019,4175,UniRef90_A0A0P0GT23,1194,0.0147072662525,9,0.9335418295543393,1.1499035381157154e-05
GuptaA_2019,4176,UniRef90_A0A174NTU2,1194,0.0147007517273,9,0.9335418295543393,1.1493941929085223e-05
GuptaA_2019,4177,UniRef90_A0A0P0LBB2,1194,0.0146429788782,9,0.9335418295543393,1.1448771601407348e-05
GuptaA_2019,4178,UniRef90_A0A397WCV4,1194,0.014564344128,9,0.9335418295543393,1.138729017044566e-05
GuptaA_2019,4179,UniRef90_A0A0K2HKR8,1194,0.014540665723,9,0.9335418295543393,1.136877695308835e-05
GuptaA_2019,4180,UniRef90_A0A0P0M185,1194,0.014538189545999999,9,0.9335418295543393,1.1366840927286943e-05
GuptaA_2019,4181,UniRef90_A0A1Q6J9J1,1194,0.0145262482732,9,0.9335418295543393,1.1357504513838936e-05
GuptaA_2019,4182,UniRef90_U6RN91,1194,0.0144509103492,9,0.9335418295543393,1.1298600742142298e-05
GuptaA_2019,4183,UniRef90_C3REY9,1194,0.0144320909122,9,0.9335418295543393,1.1283886561532446e-05
GuptaA_2019,4184,UniRef90_A0A1Y3ZLX9,1194,0.014396354243999999,9,0.9335418295543393,1.1255945460516028e-05
GuptaA_2019,4185,UniRef90_H1CH32,1194,0.014360130133,9,0.9335418295543393,1.1227623247068022e-05
GuptaA_2019,4186,UniRef90_A0A0K2HG11,1194,0.014327658137500001,9,0.9335418295543393,1.1202234665754497e-05
GuptaA_2019,4187,UniRef90_A0A0P0LC42,1194,0.0142966367925,9,0.9335418295543393,1.1177980291243159e-05
GuptaA_2019,4188,UniRef90_D4V8P7,1194,0.0142139112568,9,0.9335418295543393,1.1113300435340109e-05
GuptaA_2019,4189,UniRef90_A6KWQ7,1194,0.0141152195245,9,0.9335418295543393,1.103613723573104e-05
GuptaA_2019,4190,UniRef90_A0A076IV16,1194,0.014099805502900001,9,0.9335418295543393,1.1024085616028147e-05
GuptaA_2019,4191,UniRef90_A0A076IUA4,1194,0.0140921395233,9,0.9335418295543393,1.1018091886864738e-05
GuptaA_2019,4192,UniRef90_A0A076IW46,1194,0.0140868617305,9,0.9335418295543393,1.101396538741204e-05
GuptaA_2019,4193,UniRef90_E5V055,1194,0.014084967224000001,9,0.9335418295543393,1.1012484146989837e-05
GuptaA_2019,4194,UniRef90_D4KUS1,1194,0.0140252830822,9,0.9335418295543393,1.0965819454417514e-05
GuptaA_2019,4195,UniRef90_A6KXT0,1194,0.014019546320299999,9,0.9335418295543393,1.0961334105003909e-05
GuptaA_2019,4196,UniRef90_A0A076IQC8,1194,0.0140085997862,9,0.9335418295543393,1.0952775438780297e-05
GuptaA_2019,4197,UniRef90_A0A0K2HKB4,1194,0.013988172646,9,0.9335418295543393,1.0936804258014073e-05
GuptaA_2019,4198,UniRef90_A0A380ZIQ0,1194,0.013954312084,9,0.9335418295543393,1.0910330010946051e-05
GuptaA_2019,4199,UniRef90_A6L4M2,1194,0.013896962076,9,0.9335418295543393,1.0865490286161064e-05
GuptaA_2019,4200,UniRef90_A0A076ITY2,1194,0.0138662784485,9,0.9335418295543393,1.0841499959734167e-05
GuptaA_2019,4201,UniRef90_A0A0P0M574,1194,0.013857002984499999,9,0.9335418295543393,1.0834247837763877e-05
GuptaA_2019,4202,UniRef90_A0A076ITA9,1194,0.013794912745,9,0.9335418295543393,1.0785701911649727e-05
GuptaA_2019,4203,UniRef90_D1K0J9,1194,0.013746278186,9,0.9335418295543393,1.0747676455043002e-05
GuptaA_2019,4204,UniRef90_I9FWU9,1194,0.013715077306,9,0.9335418295543393,1.0723281709147772e-05
GuptaA_2019,4205,UniRef90_A0A396ALF5,1194,0.0136869830555,9,0.9335418295543393,1.0701315915168101e-05
GuptaA_2019,4206,UniRef90_I9R7Z9,1194,0.013660132909,9,0.9335418295543393,1.0680322837372948e-05
GuptaA_2019,4207,UniRef90_E5UX46,1194,0.013624343877,9,0.9335418295543393,1.0652340795152463e-05
GuptaA_2019,4208,UniRef90_C3R7G8,1194,0.013580645642,9,0.9335418295543393,1.0618174856919468e-05
GuptaA_2019,4209,UniRef90_I9RA95,1194,0.0135795441141,9,0.9335418295543393,1.0617313615402658e-05
GuptaA_2019,4210,UniRef90_A0A0K2HDL7,1194,0.013562119956,9,0.9335418295543393,1.060369034870993e-05
GuptaA_2019,4211,UniRef90_A0A0M1W2N0,1194,0.0135406011393,9,0.9335418295543393,1.0586865628850665e-05
GuptaA_2019,4212,UniRef90_A6KWK5,1194,0.0135223274975,9,0.9335418295543393,1.0572578184128225e-05
GuptaA_2019,4213,UniRef90_A0A0P0M328,1194,0.0135192326159,9,0.9335418295543393,1.0570158417435496e-05
GuptaA_2019,4214,UniRef90_A0A0P0LCG0,1194,0.0134821603754,9,0.9335418295543393,1.0541173084753713e-05
GuptaA_2019,4215,UniRef90_A0A076IMX4,1194,0.013454674576000001,9,0.9335418295543393,1.0519683014855356e-05
GuptaA_2019,4216,UniRef90_E5UQ06,1194,0.0134159190437,9,0.9335418295543393,1.0489381582251759e-05
GuptaA_2019,4217,UniRef90_A6L710,1194,0.0134043027009999,9,0.9335418295543393,1.0480299218920955e-05
GuptaA_2019,4218,UniRef90_D4V707,1194,0.013398852804,9,0.9335418295543393,1.0476038157935886e-05
GuptaA_2019,4219,UniRef90_A6L5L6,1194,0.013371198067,9,0.9335418295543393,1.0454416002345583e-05
GuptaA_2019,4220,UniRef90_A0A076IL07,1194,0.01336364879,9,0.9335418295543393,1.0448513518373729e-05
GuptaA_2019,4221,UniRef90_A0A076ISC0,1194,0.013331297298999999,9,0.9335418295543393,1.0423219154808443e-05
GuptaA_2019,4222,UniRef90_A0A076IXV9,1194,0.013251646063799999,9,0.9335418295543393,1.036094297404222e-05
GuptaA_2019,4223,UniRef90_A6KWB9,1194,0.0132344424142,9,0.9335418295543393,1.0347492114308054e-05
GuptaA_2019,4224,UniRef90_A0A076INY1,1194,0.0132238098955,9,0.9335418295543393,1.0339178964425333e-05
GuptaA_2019,4225,UniRef90_A0A174QUM5,1194,0.013204230908,9,0.9335418295543393,1.0323870921032057e-05
GuptaA_2019,4226,UniRef90_D1K4C5,1194,0.013197715875,9,0.9335418295543393,1.0318777071931196e-05
GuptaA_2019,4227,UniRef90_A0A0P0M2C5,1194,0.0131893967581,9,0.9335418295543393,1.0312272680297106e-05
GuptaA_2019,4228,UniRef90_A0A0P0M332,1194,0.0131774357832,9,0.9335418295543393,1.0302920862548865e-05
GuptaA_2019,4229,UniRef90_A0A076ILN7,1194,0.013140749928,9,0.9335418295543393,1.0274237629397967e-05
GuptaA_2019,4230,UniRef90_A0A076JB70,1194,0.013026569124499999,9,0.9335418295543393,1.0184964131743549e-05
GuptaA_2019,4231,UniRef90_A0A076IMA1,1194,0.0129562939129998,9,0.9335418295543393,1.0130018696637842e-05
GuptaA_2019,4232,UniRef90_A0A076IK43,1194,0.012841780966000001,9,0.9335418295543393,1.00404855089914e-05
GuptaA_2019,4233,UniRef90_A0A0N7J7P1,1194,0.012812946907,9,0.9335418295543393,1.0017941287724785e-05
GuptaA_2019,4234,UniRef90_A0A1Q6JDV0,1194,0.0127705952205,9,0.9335418295543393,9.984828163017982e-06
GuptaA_2019,4235,UniRef90_A0A139K8M3,1194,0.0127494886808,9,0.9335418295543393,9.968325786395621e-06
GuptaA_2019,4236,UniRef90_A0A076INX0,1194,0.012747059504,9,0.9335418295543393,9.966426508209539e-06
GuptaA_2019,4237,UniRef90_A0A0K2HM02,1194,0.0127331837322,9,0.9335418295543393,9.955577585770133e-06
GuptaA_2019,4238,UniRef90_A0A0K2HMX0,1194,0.012726611052400002,9,0.9335418295543393,9.95043866489445e-06
GuptaA_2019,4239,UniRef90_A0A0N7J7K5,1194,0.012603150141999999,9,0.9335418295543393,9.853909415168099e-06
GuptaA_2019,4240,UniRef90_A0A076JB61,1194,0.012571340285399999,9,0.9335418295543393,9.82903853432369e-06
GuptaA_2019,4241,UniRef90_A0A076IW30,1194,0.0125067424619,9,0.9335418295543393,9.778532026505083e-06
GuptaA_2019,4242,UniRef90_A0A076J8U5,1194,0.0123920148001,9,0.9335418295543393,9.688830961767006e-06
GuptaA_2019,4243,UniRef90_A0A076INE9,1194,0.0123682553365,9,0.9335418295543393,9.67025436786552e-06
GuptaA_2019,4244,UniRef90_A0A174LZ35,1194,0.0123480677723,9,0.9335418295543393,9.65447050218921e-06
GuptaA_2019,4245,UniRef90_A0A0P0LHW5,1194,0.0123405926411,9,0.9335418295543393,9.648625989913996e-06
GuptaA_2019,4246,UniRef90_A0A076IS17,1194,0.0123356028414,9,0.9335418295543393,9.644724660985144e-06
GuptaA_2019,4247,UniRef90_A0A0P0LBG8,1194,0.012283940475,9,0.9335418295543393,9.604331880375293e-06
GuptaA_2019,4248,UniRef90_A0A3E5FA48,1194,0.01223982142,9,0.9335418295543393,9.569836919468335e-06
GuptaA_2019,4249,UniRef90_A0A0K2HP50,1194,0.0121692572472,9,0.9335418295543393,9.514665556841282e-06
GuptaA_2019,4250,UniRef90_A0A076IMT3,1194,0.012157145578,9,0.9335418295543393,9.505195917122752e-06
GuptaA_2019,4251,UniRef90_A0A1Y3ZMI5,1194,0.0120943040061,9,0.9335418295543393,9.456062553635652e-06
GuptaA_2019,4252,UniRef90_C3RBJ7,1194,0.0120902015946,9,0.9335418295543393,9.452855038780296e-06
GuptaA_2019,4253,UniRef90_A6L6E8,1194,0.011917434010799999,9,0.9335418295543393,9.31777483252541e-06
GuptaA_2019,4254,UniRef90_A0A076IR60,1194,0.011905314060799999,9,0.9335418295543393,9.308298718373728e-06
GuptaA_2019,4255,UniRef90_A0A0M1W1R8,1194,0.0117041375,9,0.9335418295543393,9.151006645817044e-06
GuptaA_2019,4256,UniRef90_A0A174GYP3,1194,0.0116116590669,9,0.9335418295543393,9.078701381469898e-06
GuptaA_2019,4257,UniRef90_I8VTE5,1194,0.0115504333949,9,0.9335418295543393,9.030831426817827e-06
GuptaA_2019,4258,UniRef90_A0A0M1W7H8,1194,0.0115411320278,9,0.9335418295543393,9.023559052228303e-06
GuptaA_2019,4259,UniRef90_A0A396D185,1194,0.011518140367200001,9,0.9335418295543393,9.005582773416732e-06
GuptaA_2019,4260,UniRef90_C0FZI1,1194,0.0115077389496,9,0.9335418295543393,8.997450312431587e-06
GuptaA_2019,4261,UniRef90_A0A395UNU1,1194,0.0114929929725,9,0.9335418295543393,8.98592101055512e-06
GuptaA_2019,4262,UniRef90_A0A076IXA3,1194,0.011443236952,9,0.9335418295543393,8.947018727130572e-06
GuptaA_2019,4263,UniRef90_I9RAR8,1194,0.0114257026983,9,0.9335418295543393,8.933309381000782e-06
GuptaA_2019,4264,UniRef90_A0A076IJS3,1194,0.011347499115000001,9,0.9335418295543393,8.872165062548867e-06
GuptaA_2019,4265,UniRef90_A0A076J4G2,1194,0.0112017203069,9,0.9335418295543393,8.758186322830337e-06
GuptaA_2019,4266,UniRef90_D4VCT1,1194,0.0109053481503,9,0.9335418295543393,8.526464542845974e-06
GuptaA_2019,4267,UniRef90_G2T375,1194,0.0108623818444,9,0.9335418295543393,8.492870871305707e-06
GuptaA_2019,4268,UniRef90_B6VS16,1194,0.010710195770999999,9,0.9335418295543393,8.373882541829553e-06
GuptaA_2019,4269,UniRef90_D6E0L9,1194,0.0103185571839,9,0.9335418295543393,8.067675671540266e-06
GuptaA_2019,4270,UniRef90_A0A076IT92,1194,0.010108506618,9,0.9335418295543393,7.903445362001564e-06
GuptaA_2019,4271,UniRef90_D7J831,1194,0.010005322416,9,0.9335418295543393,7.822769676309617e-06
GuptaA_2019,4272,UniRef90_D4J5V5,1194,0.0097698732629,9,0.9335418295543393,7.638681206333074e-06
GuptaA_2019,4273,UniRef90_A5ZSQ2,1194,0.0093189042632,9,0.9335418295543393,7.286086210476935e-06
GuptaA_2019,4274,UniRef90_A0A285PV59,1194,0.0092271827409,9,0.9335418295543393,7.214372745035184e-06
GuptaA_2019,4275,UniRef90_A0A139K7R2,1194,0.009180870477900002,9,0.9335418295543393,7.178163000703676e-06
GuptaA_2019,4276,UniRef90_H1LWR3,1194,0.0091788252439,9,0.9335418295543393,7.176563912353402e-06
GuptaA_2019,4277,UniRef90_D4LWN3,1194,0.009032876676,9,0.9335418295543393,7.06245244409695e-06
GuptaA_2019,4278,UniRef90_R6JNQ9,1194,0.008993445592,9,0.9335418295543393,7.031622824081314e-06
GuptaA_2019,4279,UniRef90_D4L328,1194,0.0076991685035,9,0.9335418295543393,6.019678267005473e-06
GuptaA_2019,4280,UniRef90_A0A3E2UG81,1194,0.0075077524524,9,0.9335418295543393,5.870017554652072e-06
GuptaA_2019,4281,UniRef90_A7B180,1194,0.007076232747900001,9,0.9335418295543393,5.532629200860047e-06
GuptaA_2019,4282,UniRef90_R6JGD7,1194,0.0069746377701,9,0.9335418295543393,5.4531960673182175e-06
GuptaA_2019,4283,UniRef90_U2CKX3,1194,0.0068531583148,9,0.9335418295543393,5.3582160397185305e-06
GuptaA_2019,4284,UniRef90_K5CB73,1194,0.0068478609576,9,0.9335418295543393,5.354074243627834e-06
GuptaA_2019,4285,UniRef90_R5UNF5,1194,0.0067661150274,9,0.9335418295543393,5.290160302892885e-06
GuptaA_2019,4286,UniRef90_K5CIT4,1194,0.006748371950900001,9,0.9335418295543393,5.276287686395622e-06
GuptaA_2019,4287,UniRef90_A0A132Z6Z5,1194,0.0066633002671,9,0.9335418295543393,5.209773469194683e-06
GuptaA_2019,4288,UniRef90_A0A174XA92,1194,0.0066361803456,9,0.9335418295543393,5.188569464894449e-06
GuptaA_2019,4289,UniRef90_A0A1Y4PT47,1194,0.006419493728000001,9,0.9335418295543393,5.019150686473808e-06
GuptaA_2019,4290,UniRef90_A0A396E6P1,1194,0.0063933021408,9,0.9335418295543393,4.998672510398749e-06
GuptaA_2019,4291,UniRef90_U2E397,1194,0.0063387204902,9,0.9335418295543393,4.955997255824863e-06
GuptaA_2019,4292,UniRef90_A0A0P0FR62,1194,0.0062966665462,9,0.9335418295543393,4.9231169243158725e-06
GuptaA_2019,4293,UniRef90_Q8AAP4,1194,0.0062072084047,9,0.9335418295543393,4.853173107662236e-06
GuptaA_2019,4294,UniRef90_A0A078Q447,1194,0.0061228242254999996,9,0.9335418295543393,4.7871964233776386e-06
GuptaA_2019,4295,UniRef90_R6KAT3,1194,0.006005663936,9,0.9335418295543393,4.695593382329945e-06
GuptaA_2019,4296,UniRef90_R6K6B8,1194,0.0059281078913,9,0.9335418295543393,4.634955348944488e-06
GuptaA_2019,4297,UniRef90_A0A174H1H3,1194,0.005909184598,9,0.9335418295543393,4.620159967161845e-06
GuptaA_2019,4298,UniRef90_D4VQ03,1194,0.0058988502298999,9,0.9335418295543393,4.612079929554261e-06
GuptaA_2019,4299,UniRef90_A0A174L4C6,1194,0.0057668965217,9,0.9335418295543393,4.508910493901485e-06
GuptaA_2019,4300,UniRef90_A0A3E5HN35,1194,0.0056664098813,9,0.9335418295543393,4.43034392595778e-06
GuptaA_2019,4301,UniRef90_R6JGF3,1194,0.005614611158500001,9,0.9335418295543393,4.389844533620016e-06
GuptaA_2019,4302,UniRef90_D4LMT4,1194,0.005590582666,9,0.9335418295543393,4.371057596559813e-06
GuptaA_2019,4303,UniRef90_A0A174CHW0,1194,0.0055895050015999995,9,0.9335418295543393,4.37021501297889e-06
GuptaA_2019,4304,UniRef90_A0A174UVE7,1194,0.0053753260588,9,0.9335418295543393,4.202756887255668e-06
GuptaA_2019,4305,UniRef90_B0G214,1194,0.0053155012112000005,9,0.9335418295543393,4.155982182329945e-06
GuptaA_2019,4306,UniRef90_A0A174BXG5,1194,0.0052830713767,9,0.9335418295543393,4.130626565050821e-06
GuptaA_2019,4307,UniRef90_A0A149NB16,1194,0.0051908118546,9,0.9335418295543393,4.058492458639562e-06
GuptaA_2019,4308,UniRef90_Q8A7T2,1194,0.005128985073,9,0.9335418295543393,4.0101525199374516e-06
GuptaA_2019,4309,UniRef90_Q8AA14,1194,0.0050989388677,9,0.9335418295543393,3.986660568960125e-06
GuptaA_2019,4310,UniRef90_U2RG75,1194,0.0050719068762,9,0.9335418295543393,3.965525313682565e-06
GuptaA_2019,4311,UniRef90_H1B745,1194,0.0050030233511,9,0.9335418295543393,3.911667983659109e-06
GuptaA_2019,4312,UniRef90_Q8AAD2,1194,0.0047890730885,9,0.9335418295543393,3.7443886540265835e-06
GuptaA_2019,4313,UniRef90_D1PKG1,1194,0.0045916198249,9,0.9335418295543393,3.5900076817044563e-06
GuptaA_2019,4314,UniRef90_E8LH08,1194,0.0045850726924,9,0.9335418295543393,3.5848887352619234e-06
GuptaA_2019,4315,UniRef90_A5ZX49,1194,0.0030621201308,9,0.9335418295543393,2.3941517832681782e-06
GuptaA_2019,4316,UniRef90_A8S5Y0,1194,0.0029679235023999,9,0.9335418295543393,2.3205031293197027e-06
GuptaA_2019,4317,UniRef90_A7AE91,1193,0.051483440284,9,0.9327599687255669,4.0252885288506646e-05
GuptaA_2019,4318,UniRef90_C3R6N1,1193,0.0431155347126,9,0.9327599687255669,3.3710347703362e-05
GuptaA_2019,4319,UniRef90_A0A076IZR8,1193,0.038372147150500004,9,0.9327599687255669,3.0001678772869433e-05
GuptaA_2019,4320,UniRef90_A6KZL6,1193,0.029915879263000003,9,0.9327599687255669,2.3390054154026584e-05
GuptaA_2019,4321,UniRef90_A0A174IYR9,1193,0.023824845157,9,0.9327599687255669,1.862771317982799e-05
GuptaA_2019,4322,UniRef90_A0A076IYY6,1193,0.0225989652903,9,0.9327599687255669,1.7669245731274433e-05
GuptaA_2019,4323,UniRef90_A0A076IUE9,1193,0.0214043519351,9,0.9327599687255669,1.673522434331509e-05
GuptaA_2019,4324,UniRef90_R9HLX9,1193,0.020747076466,9,0.9327599687255669,1.6221326400312742e-05
GuptaA_2019,4325,UniRef90_B6VXE2,1193,0.019885826080699998,9,0.9327599687255669,1.5547948460281466e-05
GuptaA_2019,4326,UniRef90_A0A076J3Z5,1193,0.0196829041219,9,0.9327599687255669,1.5389291729397968e-05
GuptaA_2019,4327,UniRef90_A0A076J784,1193,0.0195632608481,9,0.9327599687255669,1.5295747340187644e-05
GuptaA_2019,4328,UniRef90_C7H8M1,1193,0.0188322561001999,9,0.9327599687255669,1.4724203362157856e-05
GuptaA_2019,4329,UniRef90_A0A1Y4PPY7,1193,0.0185836914209999,9,0.9327599687255669,1.4529860376074982e-05
GuptaA_2019,4330,UniRef90_A0A0P0M153,1193,0.0183859111958,9,0.9327599687255669,1.4375223765285378e-05
GuptaA_2019,4331,UniRef90_A0A396ALX3,1193,0.018337385924,9,0.9327599687255669,1.4337283756059421e-05
GuptaA_2019,4332,UniRef90_I9FL95,1193,0.0182849882752,9,0.9327599687255669,1.4296316086942924e-05
GuptaA_2019,4333,UniRef90_D4V5U2,1193,0.0180830302633,9,0.9327599687255669,1.4138413028381547e-05
GuptaA_2019,4334,UniRef90_W6PAK5,1193,0.017742976891,9,0.9327599687255669,1.3872538616888194e-05
GuptaA_2019,4335,UniRef90_A0A076IZK1,1193,0.017542312638,9,0.9327599687255669,1.3715647097732604e-05
GuptaA_2019,4336,UniRef90_A0A0K2HHQ5,1193,0.0172426823732,9,0.9327599687255669,1.3481377930570758e-05
GuptaA_2019,4337,UniRef90_A0A0K2HQZ4,1193,0.0170205836472,9,0.9327599687255669,1.3307727636591088e-05
GuptaA_2019,4338,UniRef90_A0A174GEG8,1193,0.0168365644006,9,0.9327599687255669,1.3163850195934322e-05
GuptaA_2019,4339,UniRef90_A0A076J279,1193,0.0167555077357,9,0.9327599687255669,1.3100475164738077e-05
GuptaA_2019,4340,UniRef90_I9R5T1,1193,0.016334834119,9,0.9327599687255669,1.27715669421423e-05
GuptaA_2019,4341,UniRef90_A0A076IRY5,1193,0.0163343745221999,9,0.9327599687255669,1.2771207601407272e-05
GuptaA_2019,4342,UniRef90_I9QUC3,1193,0.0161625572059,9,0.9327599687255669,1.2636870372087568e-05
GuptaA_2019,4343,UniRef90_A0A0N7J790,1193,0.0161322811907999,9,0.9327599687255669,1.2613198741829474e-05
GuptaA_2019,4344,UniRef90_D1K216,1193,0.015973352139,9,0.9327599687255669,1.2488938341673181e-05
GuptaA_2019,4345,UniRef90_A0A0M1W874,1193,0.0158594560319999,9,0.9327599687255669,1.2399887437060125e-05
GuptaA_2019,4346,UniRef90_A0A076J1I8,1193,0.015757550495,9,0.9327599687255669,1.232021148944488e-05
GuptaA_2019,4347,UniRef90_A0A396A9Z6,1193,0.0156990624118,9,0.9327599687255669,1.2274481948240813e-05
GuptaA_2019,4348,UniRef90_A0A173YBA3,1193,0.015541194063900001,9,0.9327599687255669,1.2151050870914778e-05
GuptaA_2019,4349,UniRef90_B6VS10,1193,0.015527327195,9,0.9327599687255669,1.2140208909304143e-05
GuptaA_2019,4350,UniRef90_A0A076II33,1193,0.0153766958569999,9,0.9327599687255669,1.202243616653628e-05
GuptaA_2019,4351,UniRef90_A0A076IM12,1193,0.015375828168999999,9,0.9327599687255669,1.2021757755277559e-05
GuptaA_2019,4352,UniRef90_A0A1Y3ZFT3,1193,0.0153666845854,9,0.9327599687255669,1.2014608745426114e-05
GuptaA_2019,4353,UniRef90_C6Z7F9,1193,0.0152763797007,9,0.9327599687255669,1.1944002893432369e-05
GuptaA_2019,4354,UniRef90_A6KXU3,1193,0.0152573566807,9,0.9327599687255669,1.1929129539249413e-05
GuptaA_2019,4355,UniRef90_I8WHI1,1193,0.015230433837,9,0.9327599687255669,1.190807962236122e-05
GuptaA_2019,4356,UniRef90_A0A0K2HHM4,1193,0.015186365012700001,9,0.9327599687255669,1.1873623934870995e-05
GuptaA_2019,4357,UniRef90_A0A0K2HE60,1193,0.0151527216987,9,0.9327599687255669,1.18473195455043e-05
GuptaA_2019,4358,UniRef90_A0A076ITZ9,1193,0.015126988097999899,9,0.9327599687255669,1.1827199451133618e-05
GuptaA_2019,4359,UniRef90_A0A076IRU0,1193,0.0150446835023,9,0.9327599687255669,1.1762848711727913e-05
GuptaA_2019,4360,UniRef90_F3PWP5,1193,0.0150018713538,9,0.9327599687255669,1.1729375569820172e-05
GuptaA_2019,4361,UniRef90_A0A0M1W4Y2,1193,0.014906233692,9,0.9327599687255669,1.1654600228303362e-05
GuptaA_2019,4362,UniRef90_A6L330,1193,0.0148533146351,9,0.9327599687255669,1.161322489061767e-05
GuptaA_2019,4363,UniRef90_A0A0P0M4K2,1193,0.0147774637828,9,0.9327599687255669,1.1553920080375293e-05
GuptaA_2019,4364,UniRef90_A0A076J997,1193,0.01464546642,9,0.9327599687255669,1.1450716512900704e-05
GuptaA_2019,4365,UniRef90_C3R519,1193,0.0146260366037,9,0.9327599687255669,1.1435525100625489e-05
GuptaA_2019,4366,UniRef90_A0A076JCE9,1193,0.0146221927117,9,0.9327599687255669,1.1432519712040657e-05
GuptaA_2019,4367,UniRef90_A0A139KGR8,1193,0.0146005231413,9,0.9327599687255669,1.141557712376857e-05
GuptaA_2019,4368,UniRef90_D1K3F5,1193,0.014552943785000001,9,0.9327599687255669,1.137837668881939e-05
GuptaA_2019,4369,UniRef90_A0A1Y3ZIE4,1193,0.0145421731456,9,0.9327599687255669,1.1369955547771695e-05
GuptaA_2019,4370,UniRef90_A0A174N5L7,1193,0.0145128730911,9,0.9327599687255669,1.1347046982877248e-05
GuptaA_2019,4371,UniRef90_A0A396F2S3,1193,0.014452648961,9,0.9327599687255669,1.129996009460516e-05
GuptaA_2019,4372,UniRef90_A0A076J6G0,1193,0.014406024443,9,0.9327599687255669,1.1263506210320562e-05
GuptaA_2019,4373,UniRef90_A0A396B9B1,1193,0.0143992039443,9,0.9327599687255669,1.1258173529554339e-05
GuptaA_2019,4374,UniRef90_A0A1H7GCU0,1193,0.0143640405124,9,0.9327599687255669,1.1230680619546521e-05
GuptaA_2019,4375,UniRef90_A0A076ILM0,1193,0.0142126150879,9,0.9327599687255669,1.1112287011649727e-05
GuptaA_2019,4376,UniRef90_D4V960,1193,0.014194711398,9,0.9327599687255669,1.1098288817826427e-05
GuptaA_2019,4377,UniRef90_A6L3D0,1193,0.014141465412,9,0.9327599687255669,1.105665786708366e-05
GuptaA_2019,4378,UniRef90_A0A076J8S3,1193,0.0141409277924,9,0.9327599687255669,1.1056237523377639e-05
GuptaA_2019,4379,UniRef90_A0A076J2E9,1193,0.014119428917799999,9,0.9327599687255669,1.1039428395465207e-05
GuptaA_2019,4380,UniRef90_A0A076IWS9,1193,0.014027044774,9,0.9327599687255669,1.0967196852228303e-05
GuptaA_2019,4381,UniRef90_A0A0M1W1Y5,1193,0.01402666675,9,0.9327599687255669,1.0966901290070367e-05
GuptaA_2019,4382,UniRef90_A0A0P0M4N6,1193,0.014022520428,9,0.9327599687255669,1.096365944331509e-05
GuptaA_2019,4383,UniRef90_I9IHY3,1193,0.013961956037,9,0.9327599687255669,1.0916306518373729e-05
GuptaA_2019,4384,UniRef90_A0A076IWX9,1193,0.0139590660456,9,0.9327599687255669,1.091404694730258e-05
GuptaA_2019,4385,UniRef90_A6L6Z2,1193,0.013955805629,9,0.9327599687255669,1.091149775527756e-05
GuptaA_2019,4386,UniRef90_A0A076IK37,1193,0.013925124115,9,0.9327599687255669,1.0887509081313526e-05
GuptaA_2019,4387,UniRef90_E5UXH4,1193,0.0139022368705,9,0.9327599687255669,1.0869614441360437e-05
GuptaA_2019,4388,UniRef90_A0A0K2HHX2,1193,0.013878632238,9,0.9327599687255669,1.0851158903831118e-05
GuptaA_2019,4389,UniRef90_C3R528,1193,0.0137738214064,9,0.9327599687255669,1.076921142017201e-05
GuptaA_2019,4390,UniRef90_R5C2Q1,1193,0.013674990036399999,9,0.9327599687255669,1.069193904331509e-05
GuptaA_2019,4391,UniRef90_A0A0M1VYH5,1193,0.0136144956677,9,0.9327599687255669,1.064464086606724e-05
GuptaA_2019,4392,UniRef90_I8W7V3,1193,0.01358608846,9,0.9327599687255669,1.0622430383111805e-05
GuptaA_2019,4393,UniRef90_A0A3E4JRG9,1193,0.013556802171,9,0.9327599687255669,1.0599532580922597e-05
GuptaA_2019,4394,UniRef90_A0A0K2HLX7,1193,0.013552264946,9,0.9327599687255669,1.0595985102423768e-05
GuptaA_2019,4395,UniRef90_A6L2J8,1193,0.0135506399544,9,0.9327599687255669,1.0594714585144645e-05
GuptaA_2019,4396,UniRef90_A0A0P0LPD1,1193,0.01352232084,9,0.9327599687255669,1.0572572978889758e-05
GuptaA_2019,4397,UniRef90_A0A076IK90,1193,0.01344591394,9,0.9327599687255669,1.0512833416731822e-05
GuptaA_2019,4398,UniRef90_C7H1D1,1193,0.013431031797,9,0.9327599687255669,1.0501197652071932e-05
GuptaA_2019,4399,UniRef90_A0A076IQS3,1193,0.0133866409203,9,0.9327599687255669,1.0466490164425332e-05
GuptaA_2019,4400,UniRef90_C3R6B4,1193,0.013376522285,9,0.9327599687255669,1.0458578799843627e-05
GuptaA_2019,4401,UniRef90_A0A395UUT7,1193,0.0133743383507,9,0.9327599687255669,1.0456871267161846e-05
GuptaA_2019,4402,UniRef90_I9QT74,1193,0.0133442724770999,9,0.9327599687255669,1.0433363938311103e-05
GuptaA_2019,4403,UniRef90_A0A076J4A1,1193,0.013320252811,9,0.9327599687255669,1.0414583902267395e-05
GuptaA_2019,4404,UniRef90_A0A076J8N9,1193,0.013295715283,9,0.9327599687255669,1.0395398970289289e-05
GuptaA_2019,4405,UniRef90_A6L3H3,1193,0.013251584894299999,9,0.9327599687255669,1.0360895148006254e-05
GuptaA_2019,4406,UniRef90_A0A329U974,1193,0.013209710638000001,9,0.9327599687255669,1.0328155307271307e-05
GuptaA_2019,4407,UniRef90_A0A076IPV4,1193,0.013182891113999999,9,0.9327599687255669,1.0307186172009381e-05
GuptaA_2019,4408,UniRef90_A0A076IT13,1193,0.0131736305854,9,0.9327599687255669,1.0299945727443316e-05
GuptaA_2019,4409,UniRef90_E6SQD6,1193,0.0131527261945,9,0.9327599687255669,1.0283601403049256e-05
GuptaA_2019,4410,UniRef90_I8WPU3,1193,0.0131496672904,9,0.9327599687255669,1.0281209765754495e-05
GuptaA_2019,4411,UniRef90_A0A076IQ37,1193,0.0131479913218,9,0.9327599687255669,1.0279899391555903e-05
GuptaA_2019,4412,UniRef90_G2T386,1193,0.0131233972288,9,0.9327599687255669,1.0260670233620016e-05
GuptaA_2019,4413,UniRef90_A0A396EWW7,1193,0.0131181323399,9,0.9327599687255669,1.0256553823221266e-05
GuptaA_2019,4414,UniRef90_A0A0M1W2G8,1193,0.013100858201,9,0.9327599687255669,1.0243047850664581e-05
GuptaA_2019,4415,UniRef90_A0A0P0L8U5,1193,0.0130717483462,9,0.9327599687255669,1.0220287995465207e-05
GuptaA_2019,4416,UniRef90_A0A397WCU5,1193,0.013021561373,9,0.9327599687255669,1.0181048767005474e-05
GuptaA_2019,4417,UniRef90_A0A0P0M4K7,1193,0.013012435337,9,0.9327599687255669,1.0173913476935106e-05
GuptaA_2019,4418,UniRef90_A0A076JBC9,1193,0.0129940742986,9,0.9327599687255669,1.0159557700234559e-05
GuptaA_2019,4419,UniRef90_A6L4G3,1193,0.012980041831299999,9,0.9327599687255669,1.0148586263721656e-05
GuptaA_2019,4420,UniRef90_A0A076J7B1,1193,0.0129774763041,9,0.9327599687255669,1.0146580378498828e-05
GuptaA_2019,4421,UniRef90_A0A1Y4PGP9,1193,0.012887309533,9,0.9327599687255669,1.0076082512118843e-05
GuptaA_2019,4422,UniRef90_A0A0M1VXT7,1193,0.012806861342,9,0.9327599687255669,1.0013183222830336e-05
GuptaA_2019,4423,UniRef90_I9QJ00,1193,0.0127474958602,9,0.9327599687255669,9.966767678029712e-06
GuptaA_2019,4424,UniRef90_D4V6Q3,1193,0.0127101344768,9,0.9327599687255669,9.9375562758405e-06
GuptaA_2019,4425,UniRef90_A7VI75,1193,0.0126740575206,9,0.9327599687255669,9.909349116966379e-06
GuptaA_2019,4426,UniRef90_A0A0P0M350,1193,0.012611228121600001,9,0.9327599687255669,9.860225270992964e-06
GuptaA_2019,4427,UniRef90_A0A1Y4PGR9,1193,0.0125789860852,9,0.9327599687255669,9.835016485691947e-06
GuptaA_2019,4428,UniRef90_A0A076INQ1,1193,0.012578530798900001,9,0.9327599687255669,9.834660515168101e-06
GuptaA_2019,4429,UniRef90_R5LX64,1193,0.0125449089231,9,0.9327599687255669,9.808372887490227e-06
GuptaA_2019,4430,UniRef90_B6VZN9,1193,0.0124728507836,9,0.9327599687255669,9.752033450820954e-06
GuptaA_2019,4431,UniRef90_A0A076J0V1,1193,0.012411858353700001,9,0.9327599687255669,9.704345859030494e-06
GuptaA_2019,4432,UniRef90_A0A0K2HLS7,1193,0.012406187706,9,0.9327599687255669,9.699912201720095e-06
GuptaA_2019,4433,UniRef90_A6L4C4,1193,0.0123781729123,9,0.9327599687255669,9.678008531899921e-06
GuptaA_2019,4434,UniRef90_A6L3Y9,1193,0.012344150659999999,9,0.9327599687255669,9.651407865519937e-06
GuptaA_2019,4435,UniRef90_A0A0K2HJ78,1193,0.0122991083058,9,0.9327599687255669,9.616191013135262e-06
GuptaA_2019,4436,UniRef90_B6W4G0,1193,0.012287798352000001,9,0.9327599687255669,9.607348203283816e-06
GuptaA_2019,4437,UniRef90_A0A076ITM0,1193,0.0122856108401,9,0.9327599687255669,9.605637873416732e-06
GuptaA_2019,4438,UniRef90_I9FAM5,1193,0.012263700650399998,9,0.9327599687255669,9.588507154339326e-06
GuptaA_2019,4439,UniRef90_I9RAW5,1193,0.0122494052097,9,0.9327599687255669,9.577330109225958e-06
GuptaA_2019,4440,UniRef90_B6W305,1193,0.012225993064,9,0.9327599687255669,9.559025069585615e-06
GuptaA_2019,4441,UniRef90_B6VS38,1193,0.012224563148300002,9,0.9327599687255669,9.557907074511338e-06
GuptaA_2019,4442,UniRef90_U6RMP2,1193,0.0121750833672,9,0.9327599687255669,9.51922077185301e-06
GuptaA_2019,4443,UniRef90_A0A076ING0,1193,0.0121404690869999,9,0.9327599687255669,9.492157222048397e-06
GuptaA_2019,4444,UniRef90_A0A0M1W1C3,1193,0.0121187564634,9,0.9327599687255669,9.475180972165755e-06
GuptaA_2019,4445,UniRef90_A0A0P0M3F9,1193,0.012104116909,9,0.9327599687255669,9.463734878029712e-06
GuptaA_2019,4446,UniRef90_A0A076IUD6,1193,0.0120624695818,9,0.9327599687255669,9.43117246426896e-06
GuptaA_2019,4447,UniRef90_A0A0P0M491,1193,0.012013283466,9,0.9327599687255669,9.392715767005473e-06
GuptaA_2019,4448,UniRef90_A0A076IMV9,1193,0.0120013623908,9,0.9327599687255669,9.383395145269742e-06
GuptaA_2019,4449,UniRef90_C3RG82,1193,0.0119289302561,9,0.9327599687255669,9.32676329640344e-06
GuptaA_2019,4450,UniRef90_A0A0P0M407,1193,0.0118775713389,9,0.9327599687255669,9.286607770836592e-06
GuptaA_2019,4451,UniRef90_A0A0P0M4U0,1193,0.0118471555568,9,0.9327599687255669,9.262826862236121e-06
GuptaA_2019,4452,UniRef90_C7H604,1193,0.0117837916003,9,0.9327599687255669,9.213285066692729e-06
GuptaA_2019,4453,UniRef90_A0A174R4F0,1193,0.01178347016,9,0.9327599687255669,9.21303374511337e-06
GuptaA_2019,4454,UniRef90_A0A174L5N2,1193,0.0117680020785,9,0.9327599687255669,9.200939858092259e-06
GuptaA_2019,4455,UniRef90_A0A0P0LIQ9,1193,0.011758476725,9,0.9327599687255669,9.193492357310399e-06
GuptaA_2019,4456,UniRef90_A0A174SRX7,1193,0.011741652900500001,9,0.9327599687255669,9.180338467943707e-06
GuptaA_2019,4457,UniRef90_A0A076INA9,1193,0.0116463659866,9,0.9327599687255669,9.10583736247068e-06
GuptaA_2019,4458,UniRef90_I8WR86,1193,0.0116044264935,9,0.9327599687255669,9.073046515637217e-06
GuptaA_2019,4459,UniRef90_A0A136Q3W9,1193,0.011580429298,9,0.9327599687255669,9.05428404847537e-06
GuptaA_2019,4460,UniRef90_A0A396BBP9,1193,0.011580343250999998,9,0.9327599687255669,9.054216771696637e-06
GuptaA_2019,4461,UniRef90_A0A174QHI7,1193,0.0115537582215,9,0.9327599687255669,9.033430978498826e-06
GuptaA_2019,4462,UniRef90_E5UR91,1193,0.0114618390344,9,0.9327599687255669,8.96156296669273e-06
GuptaA_2019,4463,UniRef90_A0A174HR35,1193,0.0114540745791999,9,0.9327599687255669,8.95549224331501e-06
GuptaA_2019,4464,UniRef90_A0A076J8B4,1193,0.011384728765,9,0.9327599687255669,8.901273467552775e-06
GuptaA_2019,4465,UniRef90_I9R5N6,1193,0.0113667910763,9,0.9327599687255669,8.887248691399532e-06
GuptaA_2019,4466,UniRef90_A0A0P0LJ92,1193,0.011292322705,9,0.9327599687255669,8.829024788897576e-06
GuptaA_2019,4467,UniRef90_A0A0P0LI34,1193,0.0112482974677999,9,0.9327599687255669,8.794603180453402e-06
GuptaA_2019,4468,UniRef90_I8WVC1,1193,0.0112338709098,9,0.9327599687255669,8.783323619859264e-06
GuptaA_2019,4469,UniRef90_A0A174XWE9,1193,0.0111654818474,9,0.9327599687255669,8.72985289085223e-06
GuptaA_2019,4470,UniRef90_A0A076IVW3,1193,0.0110617287582,9,0.9327599687255669,8.64873241454261e-06
GuptaA_2019,4471,UniRef90_A0A0M1W4C3,1193,0.0109263812703,9,0.9327599687255669,8.542909515480845e-06
GuptaA_2019,4472,UniRef90_D4V7E6,1193,0.010823388224800001,9,0.9327599687255669,8.462383287568413e-06
GuptaA_2019,4473,UniRef90_A0A076JAR5,1193,0.0106420056497,9,0.9327599687255669,8.32056735707584e-06
GuptaA_2019,4474,UniRef90_A0A0P0M3U2,1193,0.0104129224735,9,0.9327599687255669,8.141456195074276e-06
GuptaA_2019,4475,UniRef90_A0A174GEG1,1193,0.010192630821600001,9,0.9327599687255669,7.969218781548085e-06
GuptaA_2019,4476,UniRef90_A0A3E5AS22,1193,0.0098381855558,9,0.9327599687255669,7.692091912275215e-06
GuptaA_2019,4477,UniRef90_R6DI84,1193,0.0097468920016,9,0.9327599687255669,7.620713058326818e-06
GuptaA_2019,4478,UniRef90_A0A0P0M577,1193,0.0097360519948,9,0.9327599687255669,7.61223768162627e-06
GuptaA_2019,4479,UniRef90_A0A174PDT1,1193,0.0096331055096,9,0.9327599687255669,7.531747857388585e-06
GuptaA_2019,4480,UniRef90_C7H2R2,1193,0.009481408995,9,0.9327599687255669,7.4131422947615314e-06
GuptaA_2019,4481,UniRef90_A0A3E2WMI2,1193,0.0094246425985,9,0.9327599687255669,7.368758872947615e-06
GuptaA_2019,4482,UniRef90_C6Z9I2,1193,0.0092384013311,9,0.9327599687255669,7.223144121266614e-06
GuptaA_2019,4483,UniRef90_A0A076J562,1193,0.008791738001,9,0.9327599687255669,6.873915559812354e-06
GuptaA_2019,4484,UniRef90_U2D3G5,1193,0.008787352459,9,0.9327599687255669,6.870486676309617e-06
GuptaA_2019,4485,UniRef90_A0A1C7H6K2,1193,0.008367069428,9,0.9327599687255669,6.5418838373729475e-06
GuptaA_2019,4486,UniRef90_D4JAB3,1193,0.0077907371168,9,0.9327599687255669,6.091272178889757e-06
GuptaA_2019,4487,UniRef90_A0A174VVP2,1193,0.0076238724714,9,0.9327599687255669,5.960807248944488e-06
GuptaA_2019,4488,UniRef90_Q8A275,1193,0.006980575894,9,0.9327599687255669,5.457838853792025e-06
GuptaA_2019,4489,UniRef90_D4LL24,1193,0.0068634249126,9,0.9327599687255669,5.366243090383112e-06
GuptaA_2019,4490,UniRef90_R5U3I7,1193,0.0068221348543,9,0.9327599687255669,5.33396001118061e-06
GuptaA_2019,4491,UniRef90_A0A0P0FDZ6,1193,0.0067560541516,9,0.9327599687255669,5.28229409820172e-06
GuptaA_2019,4492,UniRef90_A0A174NNM9,1193,0.0067212887597,9,0.9327599687255669,5.255112400078186e-06
GuptaA_2019,4493,UniRef90_R9HAE0,1193,0.0065834512812000005,9,0.9327599687255669,5.147342674902267e-06
GuptaA_2019,4494,UniRef90_D4JSK7,1193,0.0064820303558,9,0.9327599687255669,5.068045626114152e-06
GuptaA_2019,4495,UniRef90_A0A3E5HFG8,1193,0.0063982357543999994,9,0.9327599687255669,5.002529909616888e-06
GuptaA_2019,4496,UniRef90_A0A2N5NFG3,1193,0.006390111639,9,0.9327599687255669,4.996177982017201e-06
GuptaA_2019,4497,UniRef90_R5ULY2,1193,0.0063105321269999,9,0.9327599687255669,4.9339578788114936e-06
GuptaA_2019,4498,UniRef90_A0A139KTK1,1193,0.0062965905124,9,0.9327599687255669,4.923057476465989e-06
GuptaA_2019,4499,UniRef90_A7LZM2,1193,0.0061385215577999,9,0.9327599687255669,4.799469552619156e-06
GuptaA_2019,4500,UniRef90_C6LKE7,1193,0.0061236131735,9,0.9327599687255669,4.787813270914777e-06
GuptaA_2019,4501,UniRef90_R6SB02,1193,0.0059401906928,9,0.9327599687255669,4.644402418139172e-06
GuptaA_2019,4502,UniRef90_R7KG98,1193,0.005897921829,9,0.9327599687255669,4.611354049257232e-06
GuptaA_2019,4503,UniRef90_A0A174XPA9,1193,0.0058806689346,9,0.9327599687255669,4.597864686942924e-06
GuptaA_2019,4504,UniRef90_A0A0P0EUJ1,1193,0.0058177525999,9,0.9327599687255669,4.548672869351055e-06
GuptaA_2019,4505,UniRef90_A0A396E9M3,1193,0.0057976596748,9,0.9327599687255669,4.532962998279906e-06
GuptaA_2019,4506,UniRef90_R6JDG0,1193,0.0057388304889,9,0.9327599687255669,4.486966762236122e-06
GuptaA_2019,4507,UniRef90_D4WCV0,1193,0.005716743578300001,9,0.9327599687255669,4.469697872009383e-06
GuptaA_2019,4508,UniRef90_D6D8E5,1193,0.0056774862273,9,0.9327599687255669,4.43900408702111e-06
GuptaA_2019,4509,UniRef90_R7KJB9,1193,0.0056171610774,9,0.9327599687255669,4.391838215324472e-06
GuptaA_2019,4510,UniRef90_R6DC63,1193,0.0056002571236,9,0.9327599687255669,4.378621675996873e-06
GuptaA_2019,4511,UniRef90_R5UHH3,1193,0.0055538191882999995,9,0.9327599687255669,4.342313673416732e-06
GuptaA_2019,4512,UniRef90_A0A1Q6H8R2,1193,0.0055383475764,9,0.9327599687255669,4.3302170261141514e-06
GuptaA_2019,4513,UniRef90_C9KYI7,1193,0.0054468598421,9,0.9327599687255669,4.258686350351837e-06
GuptaA_2019,4514,UniRef90_R6JPB2,1193,0.0053693807748,9,0.9327599687255669,4.198108502580141e-06
GuptaA_2019,4515,UniRef90_A0A174BL52,1193,0.0053620982535999995,9,0.9327599687255669,4.192414584519155e-06
GuptaA_2019,4516,UniRef90_R6W1P0,1193,0.005283423222,9,0.9327599687255669,4.1309016591086785e-06
GuptaA_2019,4517,UniRef90_A0A396DXZ4,1193,0.005271540702299999,9,0.9327599687255669,4.121611182408131e-06
GuptaA_2019,4518,UniRef90_A0A174EMJ7,1193,0.0051299117448,9,0.9327599687255669,4.010877048318999e-06
GuptaA_2019,4519,UniRef90_A0A1C7GZ20,1193,0.0050483177835,9,0.9327599687255669,3.947081926114152e-06
GuptaA_2019,4520,UniRef90_H1CG88,1193,0.00391224601253,9,0.9327599687255669,3.05883190971853e-06
GuptaA_2019,4521,UniRef90_A0A174XNP7,1193,0.0034972895764000004,9,0.9327599687255669,2.7343937266614547e-06
GuptaA_2019,4522,UniRef90_R6P2H0,1193,0.0006607033171,9,0.9327599687255669,5.165780430805317e-07
GuptaA_2019,4523,UniRef90_A0A354D637,1193,0.0005536200657,9,0.9327599687255669,4.32853843393276e-07
GuptaA_2019,4524,UniRef90_A0A381KML4,1193,0.0001203744274,9,0.9327599687255669,9.411604956997654e-08
GuptaA_2019,4525,UniRef90_C7H6T5,1192,0.02957359547742,9,0.9319781078967944,2.3122435869757625e-05
GuptaA_2019,4526,UniRef90_K0XC19,1192,0.02328890325916,9,0.9319781078967944,1.8208681203408913e-05
GuptaA_2019,4527,UniRef90_A0A3A6A667,1192,0.023191190996699997,9,0.9319781078967944,1.81322838129007e-05
GuptaA_2019,4528,UniRef90_A0A076IXA0,1192,0.0202968944837,9,0.9319781078967944,1.586934674253323e-05
GuptaA_2019,4529,UniRef90_A0A174CF54,1192,0.0193088363373,9,0.9319781078967944,1.5096822781313525e-05
GuptaA_2019,4530,UniRef90_A6L2J6,1192,0.019196647195999998,9,0.9319781078967944,1.5009106486317434e-05
GuptaA_2019,4531,UniRef90_C9KY34,1192,0.019111643237,9,0.9319781078967944,1.4942645220484754e-05
GuptaA_2019,4532,UniRef90_A0A397WEF1,1192,0.0190668994775,9,0.9319781078967944,1.4907661827599687e-05
GuptaA_2019,4533,UniRef90_A0A396EX22,1192,0.0185498960460999,9,0.9319781078967944,1.450343709624699e-05
GuptaA_2019,4534,UniRef90_A0A076J496,1192,0.018279239951,9,0.9319781078967944,1.429182169741986e-05
GuptaA_2019,4535,UniRef90_C0EYV5,1192,0.0180366519241,9,0.9319781078967944,1.4102151621657544e-05
GuptaA_2019,4536,UniRef90_D1JYH4,1192,0.018021187368999998,9,0.9319781078967944,1.409006049179046e-05
GuptaA_2019,4537,UniRef90_A0A076ILU1,1192,0.017923430272,9,0.9319781078967944,1.401362804691165e-05
GuptaA_2019,4538,UniRef90_A0A076J9W2,1192,0.0175556383728,9,0.9319781078967944,1.3726065967787335e-05
GuptaA_2019,4539,UniRef90_A0A0K2HHK6,1192,0.017370664876,9,0.9319781078967944,1.3581442436278341e-05
GuptaA_2019,4540,UniRef90_D4L103,1192,0.0173135622478,9,0.9319781078967944,1.3536796128068805e-05
GuptaA_2019,4541,UniRef90_D1K0E5,1192,0.017165116988000002,9,0.9319781078967944,1.3420732594214232e-05
GuptaA_2019,4542,UniRef90_B6VY40,1192,0.0171496930039999,9,0.9319781078967944,1.340867318530094e-05
GuptaA_2019,4543,UniRef90_A0A076J0I1,1192,0.0169050822568,9,0.9319781078967944,1.321742162376857e-05
GuptaA_2019,4544,UniRef90_A6L1U8,1192,0.016801672378999898,9,0.9319781078967944,1.313656949100852e-05
GuptaA_2019,4545,UniRef90_A0A0P0M0M0,1192,0.016719275683,9,0.9319781078967944,1.3072146741985926e-05
GuptaA_2019,4546,UniRef90_A0A0P0LM59,1192,0.016592278584,9,0.9319781078967944,1.2972852684910085e-05
GuptaA_2019,4547,UniRef90_A0A2A7AHV1,1192,0.016564435619999998,9,0.9319781078967944,1.2951083362001562e-05
GuptaA_2019,4548,UniRef90_A0A0P0LNZ1,1192,0.016205321555000003,9,0.9319781078967944,1.2670306141516813e-05
GuptaA_2019,4549,UniRef90_A0A076IYE2,1192,0.016072664287,9,0.9319781078967944,1.2566586620015638e-05
GuptaA_2019,4550,UniRef90_A0A076IZ32,1192,0.0160023531731,9,0.9319781078967944,1.2511613114229867e-05
GuptaA_2019,4551,UniRef90_A0A173R2N2,1192,0.015789754411,9,0.9319781078967944,1.234539046989836e-05
GuptaA_2019,4552,UniRef90_I8WIS4,1192,0.0157674032146,9,0.9319781078967944,1.2327914944956997e-05
GuptaA_2019,4553,UniRef90_A0A076IQK4,1192,0.01572230493,9,0.9319781078967944,1.2292654362783424e-05
GuptaA_2019,4554,UniRef90_A0A076IW16,1192,0.0157158687169,9,0.9319781078967944,1.2287622139874902e-05
GuptaA_2019,4555,UniRef90_A6KYC8,1192,0.015701209234,9,0.9319781078967944,1.2276160464425333e-05
GuptaA_2019,4556,UniRef90_A0A076IXB5,1192,0.015644875522799997,9,0.9319781078967944,1.2232115342298669e-05
GuptaA_2019,4557,UniRef90_A0A1Y4PI28,1192,0.0156230180227,9,0.9319781078967944,1.2215025819155591e-05
GuptaA_2019,4558,UniRef90_A0A396B769,1192,0.0156116922409,9,0.9319781078967944,1.2206170634010945e-05
GuptaA_2019,4559,UniRef90_A0A076IRU4,1192,0.0156042502329,9,0.9319781078967944,1.2200352019468334e-05
GuptaA_2019,4560,UniRef90_A0A076IWM1,1192,0.015552011308,9,0.9319781078967944,1.2159508450351837e-05
GuptaA_2019,4561,UniRef90_A0A076J4S2,1192,0.0152621511672,9,0.9319781078967944,1.1932878160437842e-05
GuptaA_2019,4562,UniRef90_A0A0P0M4I6,1192,0.015229055185400001,9,0.9319781078967944,1.1907001708678656e-05
GuptaA_2019,4563,UniRef90_A0A076IVN9,1192,0.015162426096099899,9,0.9319781078967944,1.1854907033698123e-05
GuptaA_2019,4564,UniRef90_A0A076J2N4,1192,0.015085699982,9,0.9319781078967944,1.1794917890539484e-05
GuptaA_2019,4565,UniRef90_A0A3E4T160,1192,0.014956369582299999,9,0.9319781078967944,1.1693799517044565e-05
GuptaA_2019,4566,UniRef90_D4L215,1192,0.0149345444526,9,0.9319781078967944,1.1676735303049258e-05
GuptaA_2019,4567,UniRef90_A0A076IXG0,1192,0.0149292711594999,9,0.9319781078967944,1.1672612321735653e-05
GuptaA_2019,4568,UniRef90_A0A174H3P2,1192,0.0148275402123,9,0.9319781078967944,1.159307287904613e-05
GuptaA_2019,4569,UniRef90_A6L071,1192,0.0148097331875,9,0.9319781078967944,1.157915026387803e-05
GuptaA_2019,4570,UniRef90_E6SSK5,1192,0.014733114679,9,0.9319781078967944,1.1519245253322909e-05
GuptaA_2019,4571,UniRef90_A0A076J654,1192,0.014719241783,9,0.9319781078967944,1.1508398579358873e-05
GuptaA_2019,4572,UniRef90_A0A076IQV4,1192,0.014652208463000001,9,0.9319781078967944,1.1455987852228305e-05
GuptaA_2019,4573,UniRef90_C3R4D9,1192,0.0146321306593,9,0.9319781078967944,1.144028980398749e-05
GuptaA_2019,4574,UniRef90_B6W1L6,1192,0.0145987879036,9,0.9319781078967944,1.1414220409382331e-05
GuptaA_2019,4575,UniRef90_A0A0M1W7M2,1192,0.014562262962999999,9,0.9319781078967944,1.1385662989053948e-05
GuptaA_2019,4576,UniRef90_A0A174JT31,1192,0.0145182614153999,9,0.9319781078967944,1.1351259902580062e-05
GuptaA_2019,4577,UniRef90_A0A0P0LQC2,1192,0.0145108050263,9,0.9319781078967944,1.1345430044018764e-05
GuptaA_2019,4578,UniRef90_A0A1Y4PCJ7,1192,0.0144422674894,9,0.9319781078967944,1.1291843228616105e-05
GuptaA_2019,4579,UniRef90_B5CXI4,1192,0.0144027013877,9,0.9319781078967944,1.1260908043549648e-05
GuptaA_2019,4580,UniRef90_C3RFJ5,1192,0.0143803232046,9,0.9319781078967944,1.1243411418764661e-05
GuptaA_2019,4581,UniRef90_I8WJY7,1192,0.0143372922700999,9,0.9319781078967944,1.1209767216653557e-05
GuptaA_2019,4582,UniRef90_D4V5G9,1192,0.0143110119335,9,0.9319781078967944,1.118921965089914e-05
GuptaA_2019,4583,UniRef90_A0A076J6I8,1192,0.0142962340838,9,0.9319781078967944,1.1177665429085223e-05
GuptaA_2019,4584,UniRef90_A0A076IW88,1192,0.0142396727552,9,0.9319781078967944,1.1133442341829554e-05
GuptaA_2019,4585,UniRef90_A0A076J9M5,1192,0.0142298362195,9,0.9319781078967944,1.1125751539874903e-05
GuptaA_2019,4586,UniRef90_C3R6U6,1192,0.014220945867799999,9,0.9319781078967944,1.1118800522126661e-05
GuptaA_2019,4587,UniRef90_A0A076J730,1192,0.0141473532825999,9,0.9319781078967944,1.1061261362470601e-05
GuptaA_2019,4588,UniRef90_A0A076J170,1192,0.0141423537151,9,0.9319781078967944,1.1057352396481625e-05
GuptaA_2019,4589,UniRef90_A0A076INS8,1192,0.014068570878,9,0.9319781078967944,1.0999664486317435e-05
GuptaA_2019,4590,UniRef90_A0A076ILQ2,1192,0.013966344165,9,0.9319781078967944,1.0919737423768569e-05
GuptaA_2019,4591,UniRef90_D1JYP7,1192,0.013871885401,9,0.9319781078967944,1.0845883816262704e-05
GuptaA_2019,4592,UniRef90_D1JXT2,1192,0.0138328710434,9,0.9319781078967944,1.0815380018295544e-05
GuptaA_2019,4593,UniRef90_A0A0P0M520,1192,0.0137561618575,9,0.9319781078967944,1.0755404110633307e-05
GuptaA_2019,4594,UniRef90_A0A078R728,1192,0.013749751243,9,0.9319781078967944,1.0750391902267397e-05
GuptaA_2019,4595,UniRef90_C3RDD6,1192,0.0137120025168,9,0.9319781078967944,1.0720877651915558e-05
GuptaA_2019,4596,UniRef90_A6KXV1,1192,0.013653363885800001,9,0.9319781078967944,1.0675030403283817e-05
GuptaA_2019,4597,UniRef90_A0A0P0M5B6,1192,0.0136513413432999,9,0.9319781078967944,1.0673449056528459e-05
GuptaA_2019,4598,UniRef90_A0A396F4P6,1192,0.013630690916,9,0.9319781078967944,1.0657303296325254e-05
GuptaA_2019,4599,UniRef90_B6VSZ1,1192,0.0136208395238,9,0.9319781078967944,1.06496008786552e-05
GuptaA_2019,4600,UniRef90_A0A0K2HKK7,1192,0.013578151032,9,0.9319781078967944,1.0616224419077403e-05
GuptaA_2019,4601,UniRef90_A0A076J478,1192,0.013559896764,9,0.9319781078967944,1.060195212197029e-05
GuptaA_2019,4602,UniRef90_K9EMB0,1192,0.0135536740979,9,0.9319781078967944,1.0597086863096169e-05
GuptaA_2019,4603,UniRef90_A0A076J7L9,1192,0.01354260239,9,0.9319781078967944,1.0588430328381549e-05
GuptaA_2019,4604,UniRef90_A7V0C4,1192,0.013458884854600001,9,0.9319781078967944,1.0522974866770915e-05
GuptaA_2019,4605,UniRef90_A0A076IMD0,1192,0.013433169795,9,0.9319781078967944,1.0502869268960124e-05
GuptaA_2019,4606,UniRef90_A0A3E4G8J9,1192,0.0134072064313,9,0.9319781078967944,1.0482569531899922e-05
GuptaA_2019,4607,UniRef90_D4V6V9,1192,0.0132925335486999,9,0.9319781078967944,1.0392911296872478e-05
GuptaA_2019,4608,UniRef90_A0A0M1VYI5,1192,0.0132840231839999,9,0.9319781078967944,1.038625737607498e-05
GuptaA_2019,4609,UniRef90_A0A076IST7,1192,0.013244589900999899,9,0.9319781078967944,1.035542603674738e-05
GuptaA_2019,4610,UniRef90_D4V472,1192,0.013159683085,9,0.9319781078967944,1.0289040723221268e-05
GuptaA_2019,4611,UniRef90_A0A076IPN1,1192,0.013152932425,9,0.9319781078967944,1.0283762646598905e-05
GuptaA_2019,4612,UniRef90_I9FXU5,1192,0.013116399132,9,0.9319781078967944,1.0255198695856137e-05
GuptaA_2019,4613,UniRef90_A0A174QTU0,1192,0.013082212332300001,9,0.9319781078967944,1.0228469376309617e-05
GuptaA_2019,4614,UniRef90_A0A076IN26,1192,0.0130650922579999,9,0.9319781078967944,1.0215083860828693e-05
GuptaA_2019,4615,UniRef90_A0A1Y4PI76,1192,0.0130307942774,9,0.9319781078967944,1.0188267613291634e-05
GuptaA_2019,4616,UniRef90_A0A076IR57,1192,0.0130259647934,9,0.9319781078967944,1.018449162892885e-05
GuptaA_2019,4617,UniRef90_U6RJ74,1192,0.013024473031000001,9,0.9319781078967944,1.0183325278342456e-05
GuptaA_2019,4618,UniRef90_C3RFI9,1192,0.013011025781699999,9,0.9319781078967944,1.0172811400860047e-05
GuptaA_2019,4619,UniRef90_A0A108TAX9,1192,0.0128555309522,9,0.9319781078967944,1.005123608459734e-05
GuptaA_2019,4620,UniRef90_A0A076J7X0,1192,0.0128382778893,9,0.9319781078967944,1.0037746590539485e-05
GuptaA_2019,4621,UniRef90_A6KXK6,1192,0.0128290673867,9,0.9319781078967944,1.0030545259343236e-05
GuptaA_2019,4622,UniRef90_E5UQL1,1192,0.0128190913634,9,0.9319781078967944,1.0022745397498045e-05
GuptaA_2019,4623,UniRef90_A0A174PD41,1192,0.012816873440100001,9,0.9319781078967944,1.0021011290148554e-05
GuptaA_2019,4624,UniRef90_A0A0P0LIG2,1192,0.012765769432,9,0.9319781078967944,9.981055068021893e-06
GuptaA_2019,4625,UniRef90_A0A076IWQ2,1192,0.0127024446539999,9,0.9319781078967944,9.931543904612901e-06
GuptaA_2019,4626,UniRef90_A0A396F3X2,1192,0.012675887607000001,9,0.9319781078967944,9.91077998983581e-06
GuptaA_2019,4627,UniRef90_B6W1B9,1192,0.0126742423141,9,0.9319781078967944,9.909493599765442e-06
GuptaA_2019,4628,UniRef90_D4VD09,1192,0.0126697305282,9,0.9319781078967944,9.905966011102423e-06
GuptaA_2019,4629,UniRef90_A0A396F7I8,1192,0.0126092520957,9,0.9319781078967944,9.858680293745113e-06
GuptaA_2019,4630,UniRef90_A0A076IM21,1192,0.012578214606000001,9,0.9319781078967944,9.834413296325255e-06
GuptaA_2019,4631,UniRef90_A6L162,1192,0.0125660471471,9,0.9319781078967944,9.824900036825645e-06
GuptaA_2019,4632,UniRef90_D4V4A4,1192,0.0125635694255,9,0.9319781078967944,9.822962803362002e-06
GuptaA_2019,4633,UniRef90_F3PR83,1192,0.0124720007593,9,0.9319781078967944,9.751368850117279e-06
GuptaA_2019,4634,UniRef90_A0A076IWJ5,1192,0.012443276234499999,9,0.9319781078967944,9.728910269351055e-06
GuptaA_2019,4635,UniRef90_A0A076IQ11,1192,0.0124330265725,9,0.9319781078967944,9.720896460125098e-06
GuptaA_2019,4636,UniRef90_A0A173WTQ6,1192,0.0123457439046,9,0.9319781078967944,9.652653561063331e-06
GuptaA_2019,4637,UniRef90_A0A0P0M425,1192,0.0123252138862,9,0.9319781078967944,9.636601943862392e-06
GuptaA_2019,4638,UniRef90_A0A1H7IC77,1192,0.0123158059038,9,0.9319781078967944,9.629246210946051e-06
GuptaA_2019,4639,UniRef90_A0A076ILZ8,1192,0.0123008036946,9,0.9319781078967944,9.617516571227521e-06
GuptaA_2019,4640,UniRef90_R7DSW0,1192,0.0122990809533,9,0.9319781078967944,9.616169627286944e-06
GuptaA_2019,4641,UniRef90_A6L5J0,1192,0.012275944604499999,9,0.9319781078967944,9.598080222439404e-06
GuptaA_2019,4642,UniRef90_C6Z8Z0,1192,0.0122642714261,9,0.9319781078967944,9.588953421501173e-06
GuptaA_2019,4643,UniRef90_A0A0P0GD05,1192,0.0122269849707,9,0.9319781078967944,9.55980060258014e-06
GuptaA_2019,4644,UniRef90_A0A1Y3ZIK0,1192,0.012223532355999999,9,0.9319781078967944,9.557101138389366e-06
GuptaA_2019,4645,UniRef90_C3RG91,1192,0.0121874876145,9,0.9319781078967944,9.528919166927287e-06
GuptaA_2019,4646,UniRef90_A0A0M1W4F3,1192,0.0121866966658,9,0.9319781078967944,9.528300755121189e-06
GuptaA_2019,4647,UniRef90_A0A174TB60,1192,0.0121753481059999,9,0.9319781078967944,9.519427760750508e-06
GuptaA_2019,4648,UniRef90_C3R4H6,1192,0.0121730863029,9,0.9319781078967944,9.5176593455043e-06
GuptaA_2019,4649,UniRef90_A0A0P0LAG0,1192,0.0121302382005,9,0.9319781078967944,9.484158092650508e-06
GuptaA_2019,4650,UniRef90_A0A0N7J7M4,1192,0.0120681941852,9,0.9319781078967944,9.435648307427679e-06
GuptaA_2019,4651,UniRef90_A0A1Y4PNJ2,1192,0.012059471924,9,0.9319781078967944,9.428828713057075e-06
GuptaA_2019,4652,UniRef90_A0A0P0L7S8,1192,0.0120576580698,9,0.9319781078967944,9.427410531508991e-06
GuptaA_2019,4653,UniRef90_C3RCZ2,1192,0.012019328565099999,9,0.9319781078967944,9.39744219319781e-06
GuptaA_2019,4654,UniRef90_A6KY23,1192,0.0119877574412,9,0.9319781078967944,9.372757968100078e-06
GuptaA_2019,4655,UniRef90_A0A174MDI8,1192,0.011955170517,9,0.9319781078967944,9.347279528537919e-06
GuptaA_2019,4656,UniRef90_A0A0M1W3B9,1192,0.011902257728,9,0.9319781078967944,9.305909091477717e-06
GuptaA_2019,4657,UniRef90_C6JCI9,1192,0.0118699973486,9,0.9319781078967944,9.280685964503518e-06
GuptaA_2019,4658,UniRef90_A0A1Q6ISJ5,1192,0.011797112941999999,9,0.9319781078967944,9.223700501954651e-06
GuptaA_2019,4659,UniRef90_A0A076ISH2,1192,0.011793735077,9,0.9319781078967944,9.221059481626271e-06
GuptaA_2019,4660,UniRef90_C3R7G4,1192,0.0117767521136,9,0.9319781078967944,9.207781167787335e-06
GuptaA_2019,4661,UniRef90_I9FMQ5,1192,0.011776526347,9,0.9319781078967944,9.207604649726349e-06
GuptaA_2019,4662,UniRef90_R6KC06,1192,0.0117647112861,9,0.9319781078967944,9.198366916419078e-06
GuptaA_2019,4663,UniRef90_D4V7Q6,1192,0.011751443103,9,0.9319781078967944,9.187993043784205e-06
GuptaA_2019,4664,UniRef90_I8VUX9,1192,0.011666323967399899,9,0.9319781078967944,9.121441725879515e-06
GuptaA_2019,4665,UniRef90_A0A0K2HMI6,1192,0.011646935204,9,0.9319781078967944,9.106282411258796e-06
GuptaA_2019,4666,UniRef90_A0A396BCG2,1192,0.0116266763444,9,0.9319781078967944,9.090442802501955e-06
GuptaA_2019,4667,UniRef90_G2T382,1192,0.011591482796900001,9,0.9319781078967944,9.062926346286161e-06
GuptaA_2019,4668,UniRef90_A0A174PZ91,1192,0.011553685147600001,9,0.9319781078967944,9.033373844878812e-06
GuptaA_2019,4669,UniRef90_A0A076ITS9,1192,0.011463958761,9,0.9319781078967944,8.963220297888976e-06
GuptaA_2019,4670,UniRef90_A0A176U9N3,1192,0.011428531226,9,0.9319781078967944,8.93552089601251e-06
GuptaA_2019,4671,UniRef90_A0A076ITC1,1192,0.0114283747925,9,0.9319781078967944,8.935398586786552e-06
GuptaA_2019,4672,UniRef90_A0A0P0M475,1192,0.0113765297594,9,0.9319781078967944,8.894862986239249e-06
GuptaA_2019,4673,UniRef90_A6L5X6,1192,0.0113346212384999,9,0.9319781078967944,8.862096355355668e-06
GuptaA_2019,4674,UniRef90_A0A0K2HM03,1192,0.0112699503484,9,0.9319781078967944,8.811532719624707e-06
GuptaA_2019,4675,UniRef90_A0A1H7F8J7,1192,0.0112258610819,9,0.9319781078967944,8.777061049179047e-06
GuptaA_2019,4676,UniRef90_A0A076IS79,1192,0.011055135486,9,0.9319781078967944,8.643577393275997e-06
GuptaA_2019,4677,UniRef90_A0A0M1VYU8,1192,0.0109414856089,9,0.9319781078967944,8.554719006176701e-06
GuptaA_2019,4678,UniRef90_D1JY20,1192,0.010626789227999998,9,0.9319781078967944,8.308670232994525e-06
GuptaA_2019,4679,UniRef90_D1JXE2,1192,0.010498370208,9,0.9319781078967944,8.208264431587179e-06
GuptaA_2019,4680,UniRef90_C0BFG8,1192,0.0103840081567,9,0.9319781078967944,8.118849223377638e-06
GuptaA_2019,4681,UniRef90_D4V5Z4,1192,0.010273749510499999,9,0.9319781078967944,8.032642306880374e-06
GuptaA_2019,4682,UniRef90_A0A076J9D6,1192,0.009648908317800001,9,0.9319781078967944,7.54410345410477e-06
GuptaA_2019,4683,UniRef90_C6Z108,1192,0.0095123632171,9,0.9319781078967944,7.4373441885066465e-06
GuptaA_2019,4684,UniRef90_A0A174W082,1192,0.009391089261200001,9,0.9319781078967944,7.342524832838156e-06
GuptaA_2019,4685,UniRef90_A0A174CV30,1192,0.0091759687831,9,0.9319781078967944,7.174330557544956e-06
GuptaA_2019,4686,UniRef90_A0A173VAN3,1192,0.008822345145999999,9,0.9319781078967944,6.897846087568412e-06
GuptaA_2019,4687,UniRef90_A0A174B5D6,1192,0.007789490326699999,9,0.9319781078967944,6.090297362548866e-06
GuptaA_2019,4688,UniRef90_R6AI05,1192,0.007155994679,9,0.9319781078967944,5.594991930414386e-06
GuptaA_2019,4689,UniRef90_D4LYE6,1192,0.0071554342204,9,0.9319781078967944,5.594553729788898e-06
GuptaA_2019,4690,UniRef90_A7VE37,1192,0.0065405883363,9,0.9319781078967944,5.113829817279125e-06
GuptaA_2019,4691,UniRef90_A0A396ECJ0,1192,0.0065156193954,9,0.9319781078967944,5.09430758045348e-06
GuptaA_2019,4692,UniRef90_R6K4B6,1192,0.0063170138204,9,0.9319781078967944,4.939025660985145e-06
GuptaA_2019,4693,UniRef90_F7MAB4,1192,0.0060952956628,9,0.9319781078967944,4.765672918530102e-06
GuptaA_2019,4694,UniRef90_D4LKG3,1192,0.0060416652518,9,0.9319781078967944,4.723741400938233e-06
GuptaA_2019,4695,UniRef90_A0A173YN42,1192,0.005861155105,9,0.9319781078967944,4.582607587959343e-06
GuptaA_2019,4696,UniRef90_A0A139KPY1,1192,0.0058303282132,9,0.9319781078967944,4.558505248788116e-06
GuptaA_2019,4697,UniRef90_R6JD59,1192,0.0057672690213,9,0.9319781078967944,4.5092017367474595e-06
GuptaA_2019,4698,UniRef90_A5ZDC5,1192,0.0057284593846,9,0.9319781078967944,4.478858002032838e-06
GuptaA_2019,4699,UniRef90_Q89Z26,1192,0.005712117923,9,0.9319781078967944,4.466081253322908e-06
GuptaA_2019,4700,UniRef90_I9URV1,1192,0.0057017207139,9,0.9319781078967944,4.457952082799062e-06
GuptaA_2019,4701,UniRef90_R6JNQ2,1192,0.0056621940180000005,9,0.9319781078967944,4.42704770758405e-06
GuptaA_2019,4702,UniRef90_A0A174TEL1,1192,0.005644812088799999,9,0.9319781078967944,4.413457458014073e-06
GuptaA_2019,4703,UniRef90_A0A396EGB2,1192,0.0055577066521,9,0.9319781078967944,4.345353129085223e-06
GuptaA_2019,4704,UniRef90_R5XL57,1192,0.0053957860628,9,0.9319781078967944,4.2187537629397965e-06
GuptaA_2019,4705,UniRef90_A7AXY2,1192,0.0052466118969,9,0.9319781078967944,4.10212032595778e-06
GuptaA_2019,4706,UniRef90_Q8A9S9,1192,0.0052276199359,9,0.9319781078967944,4.087271255590305e-06
GuptaA_2019,4707,UniRef90_UPI000931B22C,1192,0.0051451024656,9,0.9319781078967944,4.022754077873338e-06
GuptaA_2019,4708,UniRef90_Q8ABB0,1192,0.005115301674100001,9,0.9319781078967944,3.9994540063330735e-06
GuptaA_2019,4709,UniRef90_R6K531,1192,0.005025816758300001,9,0.9319781078967944,3.92948925590305e-06
GuptaA_2019,4710,UniRef90_A0A139T5J6,1192,0.0049576965976,9,0.9319781078967944,3.876228770602033e-06
GuptaA_2019,4711,UniRef90_R7CNZ9,1192,0.0045918865192999,9,0.9319781078967944,3.5902161996089912e-06
GuptaA_2019,4712,UniRef90_A0A174UZZ2,1192,0.0042656588198,9,0.9319781078967944,3.3351515401094606e-06
GuptaA_2019,4713,UniRef90_A0A174ULY2,1192,0.0030825853727,9,0.9319781078967944,2.4101527542611413e-06
GuptaA_2019,4714,UniRef90_U2DV37,1192,0.0030711005967,9,0.9319781078967944,2.4011732577795154e-06
GuptaA_2019,4715,UniRef90_A0A076IW80,1191,0.0248738687649,9,0.9311962470680218,1.944790364730258e-05
GuptaA_2019,4716,UniRef90_A0A3E2VXQ2,1191,0.0247852907547,9,0.9311962470680218,1.937864797083659e-05
GuptaA_2019,4717,UniRef90_A0A1V0QD60,1191,0.0223943583195,9,0.9311962470680218,1.7509271555512117e-05
GuptaA_2019,4718,UniRef90_B5CXN6,1191,0.0207484369058,9,0.9311962470680218,1.6222390074902268e-05
GuptaA_2019,4719,UniRef90_A0A076IWE5,1191,0.018918628499,9,0.9311962470680218,1.4791734557466771e-05
GuptaA_2019,4720,UniRef90_A6L065,1191,0.018130239976,9,0.9311962470680218,1.417532445347928e-05
GuptaA_2019,4721,UniRef90_A0A0P0M1X4,1191,0.0181302184362,9,0.9311962470680218,1.4175307612353401e-05
GuptaA_2019,4722,UniRef90_A0A076IVP1,1191,0.017363315512799998,9,0.9311962470680218,1.3575696257075838e-05
GuptaA_2019,4723,UniRef90_A0A174P1Q8,1191,0.0172631914369999,9,0.9311962470680218,1.3497413164190696e-05
GuptaA_2019,4724,UniRef90_A0A076IVI1,1191,0.017120462815499997,9,0.9311962470680218,1.3385819245895228e-05
GuptaA_2019,4725,UniRef90_A0A0K2HQ24,1191,0.0170987662208,9,0.9311962470680218,1.3368855528381548e-05
GuptaA_2019,4726,UniRef90_A0A174SX28,1191,0.0168475508672,9,0.9311962470680218,1.317244008381548e-05
GuptaA_2019,4727,UniRef90_R7NYX4,1191,0.016566648399999998,9,0.9311962470680218,1.2952813448006254e-05
GuptaA_2019,4728,UniRef90_A0A076J0R6,1191,0.0165569170018,9,0.9311962470680218,1.2945204848944487e-05
GuptaA_2019,4729,UniRef90_D1K8F0,1191,0.0164029984651,9,0.9311962470680218,1.2824861974276777e-05
GuptaA_2019,4730,UniRef90_A0A076IR48,1191,0.0164018263676,9,0.9311962470680218,1.2823945557154026e-05
GuptaA_2019,4731,UniRef90_A0A0K2HL71,1191,0.0163136050565,9,0.9311962470680218,1.2754968769741987e-05
GuptaA_2019,4732,UniRef90_A0A0M1W7E9,1191,0.015992388656,9,0.9311962470680218,1.2503822248631743e-05
GuptaA_2019,4733,UniRef90_A0A0N7J7U7,1191,0.0158273777551,9,0.9311962470680218,1.2374806688897576e-05
GuptaA_2019,4734,UniRef90_A0A0K2HEM0,1191,0.0157691860086,9,0.9311962470680218,1.2329308841751369e-05
GuptaA_2019,4735,UniRef90_D4V8Q9,1191,0.015639712618,9,0.9311962470680218,1.2228078669272869e-05
GuptaA_2019,4736,UniRef90_A0A076JB01,1191,0.015638935154,9,0.9311962470680218,1.2227470800625488e-05
GuptaA_2019,4737,UniRef90_A0A076IQ44,1191,0.015528574112000001,9,0.9311962470680218,1.2141183824863175e-05
GuptaA_2019,4738,UniRef90_A0A397WL89,1191,0.0155074838571,9,0.9311962470680218,1.2124694180688036e-05
GuptaA_2019,4739,UniRef90_A0A1Y3Z230,1191,0.0154541019978,9,0.9311962470680218,1.2082956995934323e-05
GuptaA_2019,4740,UniRef90_B6W251,1191,0.015402599967999999,9,0.9311962470680218,1.204268957623143e-05
GuptaA_2019,4741,UniRef90_A0A396ANJ6,1191,0.015353467850999999,9,0.9311962470680218,1.2004275098514463e-05
GuptaA_2019,4742,UniRef90_C3RBW6,1191,0.015243178255099899,9,0.9311962470680218,1.1918043983659029e-05
GuptaA_2019,4743,UniRef90_I9R7E1,1191,0.0150278608444,9,0.9311962470680218,1.1749695734480063e-05
GuptaA_2019,4744,UniRef90_A0A1Q6IXL9,1191,0.0150174862038,9,0.9311962470680218,1.1741584209382329e-05
GuptaA_2019,4745,UniRef90_A7UZU6,1191,0.014917032115,9,0.9311962470680218,1.1663043092259577e-05
GuptaA_2019,4746,UniRef90_R9HJ27,1191,0.0148972990446,9,0.9311962470680218,1.1647614577482408e-05
GuptaA_2019,4747,UniRef90_A0A397WA18,1191,0.014867709483000001,9,0.9311962470680218,1.1624479658326818e-05
GuptaA_2019,4748,UniRef90_A0A076J4M9,1191,0.0148414091483,9,0.9311962470680218,1.1603916456841282e-05
GuptaA_2019,4749,UniRef90_C3R9T2,1191,0.0148397182425999,9,0.9311962470680218,1.1602594403909226e-05
GuptaA_2019,4750,UniRef90_A0A076INP4,1191,0.0148113324263,9,0.9311962470680218,1.1580400646051604e-05
GuptaA_2019,4751,UniRef90_A0A076IY28,1191,0.014781228727900001,9,0.9311962470680218,1.1556863743471463e-05
GuptaA_2019,4752,UniRef90_A0A0P0LMU7,1191,0.0146349090824,9,0.9311962470680218,1.1442462144175137e-05
GuptaA_2019,4753,UniRef90_A0A0P0L9E5,1191,0.014430504925,9,0.9311962470680218,1.1282646540265834e-05
GuptaA_2019,4754,UniRef90_D1JZ97,1191,0.0143466650676,9,0.9311962470680218,1.1217095439874902e-05
GuptaA_2019,4755,UniRef90_A0A174IFZ3,1191,0.0142806778933,9,0.9311962470680218,1.1165502653088351e-05
GuptaA_2019,4756,UniRef90_D4VEG6,1191,0.014215351952,9,0.9311962470680218,1.111442685848319e-05
GuptaA_2019,4757,UniRef90_C3R4F4,1191,0.014168303238,9,0.9311962470680218,1.1077641311962471e-05
GuptaA_2019,4758,UniRef90_A6L7K0,1191,0.0141668106795,9,0.9311962470680218,1.107647433893667e-05
GuptaA_2019,4759,UniRef90_A0A076IM56,1191,0.0141634273734,9,0.9311962470680218,1.1073829064425333e-05
GuptaA_2019,4760,UniRef90_A0A076IYY7,1191,0.014103353502,9,0.9311962470680218,1.1026859657544957e-05
GuptaA_2019,4761,UniRef90_A0A076IL23,1191,0.0140927082088,9,0.9311962470680218,1.101853651978108e-05
GuptaA_2019,4762,UniRef90_A0A0K2HND2,1191,0.0139419543961,9,0.9311962470680218,1.0900668018842846e-05
GuptaA_2019,4763,UniRef90_A0A076J021,1191,0.013918641201999999,9,0.9311962470680218,1.0882440345582485e-05
GuptaA_2019,4764,UniRef90_D1JZT6,1191,0.0138855991544,9,0.9311962470680218,1.085660606286161e-05
GuptaA_2019,4765,UniRef90_B0GAE1,1191,0.0138788349195,9,0.9311962470680218,1.0851317372556685e-05
GuptaA_2019,4766,UniRef90_I9FYW9,1191,0.013758165917,9,0.9311962470680218,1.0756971006254886e-05
GuptaA_2019,4767,UniRef90_D4V4L9,1191,0.0137413236279999,9,0.9311962470680218,1.0743802680218844e-05
GuptaA_2019,4768,UniRef90_A0A396G0I2,1191,0.0137162107949,9,0.9311962470680218,1.072416793971853e-05
GuptaA_2019,4769,UniRef90_A6L2V8,1191,0.013688020241599999,9,0.9311962470680218,1.0702126850351837e-05
GuptaA_2019,4770,UniRef90_A0A076IKH5,1191,0.013623715858599901,9,0.9311962470680218,1.0651849772165678e-05
GuptaA_2019,4771,UniRef90_A0A1Y3ZLJ5,1191,0.0135490122274,9,0.9311962470680218,1.059344192916341e-05
GuptaA_2019,4772,UniRef90_A0A0N7IEZ3,1191,0.0135029788158999,9,0.9311962470680218,1.0557450207896717e-05
GuptaA_2019,4773,UniRef90_A0A1Y4PKT0,1191,0.013479311854,9,0.9311962470680218,1.0538945937451134e-05
GuptaA_2019,4774,UniRef90_A0A0K2HNK2,1191,0.013465850288,9,0.9311962470680218,1.0528420866301799e-05
GuptaA_2019,4775,UniRef90_A0A396EZE9,1191,0.013450117723000001,9,0.9311962470680218,1.0516120189992182e-05
GuptaA_2019,4776,UniRef90_A0A2A7BB71,1191,0.0133440415207,9,0.9311962470680218,1.0433183362548865e-05
GuptaA_2019,4777,UniRef90_A0A076JAP5,1191,0.013286161539,9,0.9311962470680218,1.038792927208757e-05
GuptaA_2019,4778,UniRef90_A0A076IPI4,1191,0.013271254701,9,0.9311962470680218,1.0376274199374512e-05
GuptaA_2019,4779,UniRef90_A0A139KLM2,1191,0.013258560399,9,0.9311962470680218,1.0366349021892104e-05
GuptaA_2019,4780,UniRef90_A0A396BKZ3,1191,0.0132297111425,9,0.9311962470680218,1.0343792918295542e-05
GuptaA_2019,4781,UniRef90_F3PWL2,1191,0.013222975432,9,0.9311962470680218,1.0338526530101642e-05
GuptaA_2019,4782,UniRef90_A0A076IV42,1191,0.013086998148899999,9,0.9311962470680218,1.0232211218842846e-05
GuptaA_2019,4783,UniRef90_A0A076J986,1191,0.0130444663693,9,0.9311962470680218,1.0198957286395622e-05
GuptaA_2019,4784,UniRef90_A0A076JA16,1191,0.0130107973895999,9,0.9311962470680218,1.0172632830023378e-05
GuptaA_2019,4785,UniRef90_A0A076IMS7,1191,0.013005616404999901,9,0.9311962470680218,1.0168582021110165e-05
GuptaA_2019,4786,UniRef90_A0A0P0M2M0,1191,0.0129679507318,9,0.9311962470680218,1.0139132706645817e-05
GuptaA_2019,4787,UniRef90_A0A0M1W1W1,1191,0.012933896149,9,0.9311962470680218,1.0112506762314308e-05
GuptaA_2019,4788,UniRef90_A0A3E4T1A0,1191,0.012929731228,9,0.9311962470680218,1.0109250373729476e-05
GuptaA_2019,4789,UniRef90_F0YZ89,1191,0.0129175475079,9,0.9311962470680218,1.0099724400234558e-05
GuptaA_2019,4790,UniRef90_A0A076IPA6,1191,0.0129044189579,9,0.9311962470680218,1.0089459701250978e-05
GuptaA_2019,4791,UniRef90_A6L4C3,1191,0.0128563550103,9,0.9311962470680218,1.0051880383346364e-05
GuptaA_2019,4792,UniRef90_A0A3E5EV35,1191,0.0128344600049,9,0.9311962470680218,1.0034761536278342e-05
GuptaA_2019,4793,UniRef90_A0A3E4JLW8,1191,0.0127962337625,9,0.9311962470680218,1.000487393471462e-05
GuptaA_2019,4794,UniRef90_A0A076IQ15,1191,0.0127573843027,9,0.9311962470680218,9.97449906387803e-06
GuptaA_2019,4795,UniRef90_A0A0K2HML4,1191,0.0126777864361,9,0.9311962470680218,9.912264609929633e-06
GuptaA_2019,4796,UniRef90_A0A0M1W4E7,1191,0.0126755382213,9,0.9311962470680218,9.910506818842845e-06
GuptaA_2019,4797,UniRef90_U6RKH5,1191,0.012623274494000001,9,0.9311962470680218,9.86964385770133e-06
GuptaA_2019,4798,UniRef90_G2T378,1191,0.012613634962,9,0.9311962470680218,9.862107085222832e-06
GuptaA_2019,4799,UniRef90_C3R900,1191,0.0125838965795,9,0.9311962470680218,9.838855808835028e-06
GuptaA_2019,4800,UniRef90_R6K7V5,1191,0.0125667083685,9,0.9311962470680218,9.825417019937452e-06
GuptaA_2019,4801,UniRef90_A0A0N7J7H2,1191,0.012417514584,9,0.9311962470680218,9.70876824394058e-06
GuptaA_2019,4802,UniRef90_A0A0P0LJZ6,1191,0.0123906446254,9,0.9311962470680218,9.6877596758405e-06
GuptaA_2019,4803,UniRef90_D4VDR7,1191,0.0122781974664,9,0.9311962470680218,9.59984164691165e-06
GuptaA_2019,4804,UniRef90_A0A174K035,1191,0.012121596242799999,9,0.9311962470680218,9.477401284440968e-06
GuptaA_2019,4805,UniRef90_A0A076J819,1191,0.0120094466269999,9,0.9311962470680218,9.389715892884989e-06
GuptaA_2019,4806,UniRef90_D1JYT5,1191,0.0119906912894,9,0.9311962470680218,9.375051829085222e-06
GuptaA_2019,4807,UniRef90_A0A076IQZ0,1191,0.011928561100999999,9,0.9311962470680218,9.326474668491008e-06
GuptaA_2019,4808,UniRef90_D4V6X7,1191,0.0119177240009999,9,0.9311962470680218,9.31800156450344e-06
GuptaA_2019,4809,UniRef90_A0A0P0M5D9,1191,0.0119054175322,9,0.9311962470680218,9.308379618608288e-06
GuptaA_2019,4810,UniRef90_A6L743,1191,0.011869267743,9,0.9311962470680218,9.280115514464424e-06
GuptaA_2019,4811,UniRef90_A0A076J4Z8,1191,0.011725809271,9,0.9311962470680218,9.167950954652072e-06
GuptaA_2019,4812,UniRef90_I9G4N3,1191,0.011708912086,9,0.9311962470680218,9.15473970758405e-06
GuptaA_2019,4813,UniRef90_A0A076J4I8,1191,0.0117081647665,9,0.9311962470680218,9.154155407740422e-06
GuptaA_2019,4814,UniRef90_D1K0U1,1191,0.011633669035999999,9,0.9311962470680218,9.09591011415168e-06
GuptaA_2019,4815,UniRef90_A0A076IPZ4,1191,0.011618683322099999,9,0.9311962470680218,9.084193371462078e-06
GuptaA_2019,4816,UniRef90_A0A0K2HQD0,1191,0.0114699704338,9,0.9311962470680218,8.967920589366693e-06
GuptaA_2019,4817,UniRef90_D4L309,1191,0.01142434556,9,0.9311962470680218,8.932248287724785e-06
GuptaA_2019,4818,UniRef90_R6L778,1191,0.0113966844975,9,0.9311962470680218,8.910621186473808e-06
GuptaA_2019,4819,UniRef90_D1K4H1,1191,0.011390858015499999,9,0.9311962470680218,8.906065688428459e-06
GuptaA_2019,4820,UniRef90_R9HEY4,1191,0.0113690679436,9,0.9311962470680218,8.889028884753714e-06
GuptaA_2019,4821,UniRef90_R6KPU8,1191,0.0111043744957,9,0.9311962470680218,8.682075446207976e-06
GuptaA_2019,4822,UniRef90_A0A0M1W1W9,1191,0.011080653577,9,0.9311962470680218,8.663528989053948e-06
GuptaA_2019,4823,UniRef90_A0A174Q8H0,1191,0.011043613461,9,0.9311962470680218,8.63456877326036e-06
GuptaA_2019,4824,UniRef90_A0A0P0M2A2,1191,0.0110116350908,9,0.9311962470680218,8.609566138232994e-06
GuptaA_2019,4825,UniRef90_A0A0M1W9X4,1191,0.010592405426,9,0.9311962470680218,8.281786885066459e-06
GuptaA_2019,4826,UniRef90_I9FYB2,1191,0.010562353554999999,9,0.9311962470680218,8.258290504300235e-06
GuptaA_2019,4827,UniRef90_A6L6X6,1191,0.0102263988546999,9,0.9311962470680218,7.995620683893588e-06
GuptaA_2019,4828,UniRef90_A7B5H0,1191,0.0101845190836,9,0.9311962470680218,7.962876531352618e-06
GuptaA_2019,4829,UniRef90_A0A396FE52,1191,0.010149238278499999,9,0.9311962470680218,7.935291851837373e-06
GuptaA_2019,4830,UniRef90_A0A397WP29,1191,0.0101203987539,9,0.9311962470680218,7.912743357232213e-06
GuptaA_2019,4831,UniRef90_A0A0K2HL40,1191,0.010054334163,9,0.9311962470680218,7.861090041438625e-06
GuptaA_2019,4832,UniRef90_A6L677,1191,0.009922000669400001,9,0.9311962470680218,7.75762366645817e-06
GuptaA_2019,4833,UniRef90_A0A0N7J7F4,1191,0.0093916543619,9,0.9311962470680218,7.342966662939797e-06
GuptaA_2019,4834,UniRef90_A0A174SFY1,1191,0.0093412927776,9,0.9311962470680218,7.303590912900703e-06
GuptaA_2019,4835,UniRef90_R6DPK5,1191,0.0092554683385,9,0.9311962470680218,7.236488145817044e-06
GuptaA_2019,4836,UniRef90_R5C7N3,1191,0.0091186260466,9,0.9311962470680218,7.129496518060985e-06
GuptaA_2019,4837,UniRef90_A0A076ISN8,1191,0.0090602853053,9,0.9311962470680218,7.083882177716966e-06
GuptaA_2019,4838,UniRef90_D4V5I8,1191,0.0089922985806,9,0.9311962470680218,7.030726020797498e-06
GuptaA_2019,4839,UniRef90_A6L3U8,1191,0.0087141520758,9,0.9311962470680218,6.813254164034401e-06
GuptaA_2019,4840,UniRef90_R5RCI1,1191,0.0077772113386000005,9,0.9311962470680218,6.080696902736513e-06
GuptaA_2019,4841,UniRef90_R7P4C3,1191,0.0077229737587,9,0.9311962470680218,6.038290663565285e-06
GuptaA_2019,4842,UniRef90_R5BUB4,1191,0.0075616191351,9,0.9311962470680218,5.9121338038311185e-06
GuptaA_2019,4843,UniRef90_A0A3A9BZ67,1191,0.0072181319744,9,0.9311962470680218,5.6435746476935104e-06
GuptaA_2019,4844,UniRef90_U2DA65,1191,0.0068533923453,9,0.9311962470680218,5.358399018999218e-06
GuptaA_2019,4845,UniRef90_C0EX92,1191,0.0068071222173999996,9,0.9311962470680218,5.322222218451915e-06
GuptaA_2019,4846,UniRef90_R7GTL0,1191,0.0067169067662,9,0.9311962470680218,5.2516862910086e-06
GuptaA_2019,4847,UniRef90_R6J894,1191,0.0065476041985999996,9,0.9311962470680218,5.119315245191555e-06
GuptaA_2019,4848,UniRef90_A0A0N7IA61,1191,0.006410365959,9,0.9311962470680218,5.012014041438624e-06
GuptaA_2019,4849,UniRef90_A0A0K6BT56,1191,0.0063206648523,9,0.9311962470680218,4.9418802598123534e-06
GuptaA_2019,4850,UniRef90_A0A173Z050,1191,0.006111043843,9,0.9311962470680218,4.777985803752932e-06
GuptaA_2019,4851,UniRef90_A0A3E4XS79,1191,0.00610960316974,9,0.9311962470680218,4.776859397763878e-06
GuptaA_2019,4852,UniRef90_S2Z0L4,1191,0.0060931558397,9,0.9311962470680218,4.763999874667709e-06
GuptaA_2019,4853,UniRef90_D4LRP6,1191,0.0059835106541,9,0.9311962470680218,4.678272598983581e-06
GuptaA_2019,4854,UniRef90_K5CDW4,1191,0.0059660339975,9,0.9311962470680218,4.664608285770133e-06
GuptaA_2019,4855,UniRef90_A0A0P0FLX7,1191,0.005876105964000001,9,0.9311962470680218,4.594297078967944e-06
GuptaA_2019,4856,UniRef90_R6J8P9,1191,0.005845219311999999,9,0.9311962470680218,4.570148015637216e-06
GuptaA_2019,4857,UniRef90_A0A174Y4N1,1191,0.0056792298821,9,0.9311962470680218,4.440367382408131e-06
GuptaA_2019,4858,UniRef90_R7GUU7,1191,0.0055796385213,9,0.9311962470680218,4.362500798514465e-06
GuptaA_2019,4859,UniRef90_Q8A9A2,1191,0.0055718485392999995,9,0.9311962470680218,4.356410116731821e-06
GuptaA_2019,4860,UniRef90_Q8A8C3,1191,0.0055227277105,9,0.9311962470680218,4.318004464816263e-06
GuptaA_2019,4861,UniRef90_Q8A9N9,1191,0.0053139723348,9,0.9311962470680218,4.154786813760751e-06
GuptaA_2019,4862,UniRef90_A0A174DRY8,1191,0.0052929334568,9,0.9311962470680218,4.1383373391712276e-06
GuptaA_2019,4863,UniRef90_A0A0P0F0H3,1191,0.0052748485622000005,9,0.9311962470680218,4.124197468491009e-06
GuptaA_2019,4864,UniRef90_R6RQF5,1191,0.0052719937939,9,0.9311962470680218,4.121965436982018e-06
GuptaA_2019,4865,UniRef90_I9T295,1191,0.0051614805868000005,9,0.9311962470680218,4.035559489288507e-06
GuptaA_2019,4866,UniRef90_C4ZH88,1191,0.0050475163932,9,0.9311962470680218,3.946455350430023e-06
GuptaA_2019,4867,UniRef90_D4K2K3,1191,0.0049619573558,9,0.9311962470680218,3.879560090539484e-06
GuptaA_2019,4868,UniRef90_A0A3E5E520,1191,0.0048230710921,9,0.9311962470680218,3.770970361297889e-06
GuptaA_2019,4869,UniRef90_A0A0P0FQ33,1191,0.0047261706996,9,0.9311962470680218,3.6952077401094607e-06
GuptaA_2019,4870,UniRef90_R6JHI4,1191,0.0041081036275,9,0.9311962470680218,3.211965306880375e-06
GuptaA_2019,4871,UniRef90_A0A2J4JPL0,1191,0.0036413654975,9,0.9311962470680218,2.8470410457388585e-06
GuptaA_2019,4872,UniRef90_D4MQX7,1191,0.0033329176197,9,0.9311962470680218,2.6058777323690383e-06
GuptaA_2019,4873,UniRef90_A0A174DG20,1191,0.0022178025784,9,0.9311962470680218,1.7340129620015637e-06
GuptaA_2019,4874,UniRef90_C5ELD8,1191,0.0021384366308,9,0.9311962470680218,1.6719598364347145e-06
GuptaA_2019,4875,UniRef90_C2KUF3,1191,0.0015105496836,9,0.9311962470680218,1.1810396275215013e-06
GuptaA_2019,4876,UniRef90_A0A396EWA6,1190,0.39459241532390005,9,0.9304143862392494,0.0003085163528724785
GuptaA_2019,4877,UniRef90_D4JU11,1190,0.0333421141338,9,0.9304143862392494,2.6068892989679437e-05
GuptaA_2019,4878,UniRef90_A0A0P0M2A9,1190,0.0333267164597,9,0.9304143862392494,2.6056854151446444e-05
GuptaA_2019,4879,UniRef90_A0A1Y4PSS9,1190,0.0267211785553,9,0.9304143862392494,2.0892242811024236e-05
GuptaA_2019,4880,UniRef90_A8SHE3,1190,0.024385605494000002,9,0.9304143862392494,1.9066149721657547e-05
GuptaA_2019,4881,UniRef90_H1HSA2,1190,0.024011402753,9,0.9304143862392494,1.8773575256450352e-05
GuptaA_2019,4882,UniRef90_U2CK93,1190,0.022491418082,9,0.9304143862392494,1.7585158781860827e-05
GuptaA_2019,4883,UniRef90_A0A1Y3ZJR2,1190,0.020627455373,9,0.9304143862392494,1.6127799353401094e-05
GuptaA_2019,4884,UniRef90_A0A174FPR0,1190,0.019744977253,9,0.9304143862392494,1.5437824279124314e-05
GuptaA_2019,4885,UniRef90_A0A076IYZ0,1190,0.019179976553799997,9,0.9304143862392494,1.4996072364190771e-05
GuptaA_2019,4886,UniRef90_A0A076IX96,1190,0.018904728501099997,9,0.9304143862392494,1.4780866693588739e-05
GuptaA_2019,4887,UniRef90_A0A0K2HJC0,1190,0.0184456080474,9,0.9304143862392494,1.4421898395152462e-05
GuptaA_2019,4888,UniRef90_D4JA99,1190,0.0183739160597,9,0.9304143862392494,1.4365845238232994e-05
GuptaA_2019,4889,UniRef90_A0A0M1W198,1190,0.018146462887,9,0.9304143862392494,1.4188008512118843e-05
GuptaA_2019,4890,UniRef90_A0A174HVY2,1190,0.0180540873516,9,0.9304143862392494,1.4115783699452697e-05
GuptaA_2019,4891,UniRef90_A0A0P0M1G4,1190,0.0176188711157,9,0.9304143862392494,1.3775505172556684e-05
GuptaA_2019,4892,UniRef90_A0A076IRG9,1190,0.017169905043,9,0.9304143862392494,1.3424476186864737e-05
GuptaA_2019,4893,UniRef90_A0A139LDE6,1190,0.016133283233999998,9,0.9304143862392494,1.2613982200156371e-05
GuptaA_2019,4894,UniRef90_E6SVL1,1190,0.0161012846295,9,0.9304143862392494,1.2588963744722441e-05
GuptaA_2019,4895,UniRef90_I8WJT5,1190,0.015927919894,9,0.9304143862392494,1.245341664894449e-05
GuptaA_2019,4896,UniRef90_A0A076J0X2,1190,0.0158959241218,9,0.9304143862392494,1.242840040797498e-05
GuptaA_2019,4897,UniRef90_C3RGN9,1190,0.015805117893,9,0.9304143862392494,1.235740257466771e-05
GuptaA_2019,4898,UniRef90_A0A076IWM8,1190,0.0157310162316,9,0.9304143862392494,1.2299465388272087e-05
GuptaA_2019,4899,UniRef90_A0A076IP67,1190,0.0156887422204,9,0.9304143862392494,1.2266412994839718e-05
GuptaA_2019,4900,UniRef90_A0A174NVL6,1190,0.0156475390657,9,0.9304143862392494,1.2234197862157936e-05
GuptaA_2019,4901,UniRef90_A0A0M1W6C7,1190,0.0154199982302,9,0.9304143862392494,1.2056292595934324e-05
GuptaA_2019,4902,UniRef90_A0A139K3A4,1190,0.0150932887677,9,0.9304143862392494,1.1800851264816264e-05
GuptaA_2019,4903,UniRef90_A0A076IWH6,1190,0.015073142529,9,0.9304143862392494,1.1785099709929632e-05
GuptaA_2019,4904,UniRef90_A0A0K2HH20,1190,0.0149391746632,9,0.9304143862392494,1.1680355483346364e-05
GuptaA_2019,4905,UniRef90_A0A174JI66,1190,0.014901144156,9,0.9304143862392494,1.1650620919468335e-05
GuptaA_2019,4906,UniRef90_A0A1H7IN38,1190,0.014845954249,9,0.9304143862392494,1.1607470093041438e-05
GuptaA_2019,4907,UniRef90_A0A0P0M688,1190,0.01474238393,9,0.9304143862392494,1.1526492517591868e-05
GuptaA_2019,4908,UniRef90_A0A174J4M7,1190,0.0146627371794,9,0.9304143862392494,1.1464219843158718e-05
GuptaA_2019,4909,UniRef90_A6L5H1,1190,0.014595142936,9,0.9304143862392494,1.1411370551993745e-05
GuptaA_2019,4910,UniRef90_A6L391,1190,0.0145008028699,9,0.9304143862392494,1.1337609749726349e-05
GuptaA_2019,4911,UniRef90_A6L4J6,1190,0.014347711550799901,9,0.9304143862392494,1.1217913644096874e-05
GuptaA_2019,4912,UniRef90_C9L7J3,1190,0.0142850923985,9,0.9304143862392494,1.1168954181782642e-05
GuptaA_2019,4913,UniRef90_A0A0P0LJQ7,1190,0.0142723218121,9,0.9304143862392494,1.1158969360516028e-05
GuptaA_2019,4914,UniRef90_A0A076J905,1190,0.0142595514744,9,0.9304143862392494,1.1148984733698202e-05
GuptaA_2019,4915,UniRef90_A0A0K2HKI6,1190,0.014199840783,9,0.9304143862392494,1.110229928303362e-05
GuptaA_2019,4916,UniRef90_A0A076J1S5,1190,0.0141092264977,9,0.9304143862392494,1.1031451522830337e-05
GuptaA_2019,4917,UniRef90_D4V7E2,1190,0.014068348449500001,9,0.9304143862392494,1.0999490578186084e-05
GuptaA_2019,4918,UniRef90_A0A0M1W857,1190,0.01399153216,9,0.9304143862392494,1.0939430930414387e-05
GuptaA_2019,4919,UniRef90_U3KUT8,1190,0.0139640760625,9,0.9304143862392494,1.0917964083268178e-05
GuptaA_2019,4920,UniRef90_D4VEH1,1190,0.013962078707299999,9,0.9304143862392494,1.0916402429476153e-05
GuptaA_2019,4921,UniRef90_C7H993,1190,0.0139119215503,9,0.9304143862392494,1.0877186513135263e-05
GuptaA_2019,4922,UniRef90_A0A076JCH8,1190,0.013908866976,9,0.9304143862392494,1.0874798261141517e-05
GuptaA_2019,4923,UniRef90_A0A3E4JRE0,1190,0.0138241061745,9,0.9304143862392494,1.0808527110633308e-05
GuptaA_2019,4924,UniRef90_A0A3E4GKA7,1190,0.013786723095,9,0.9304143862392494,1.077929874511337e-05
GuptaA_2019,4925,UniRef90_A6KX13,1190,0.0137773050757999,9,0.9304143862392494,1.0771935164816184e-05
GuptaA_2019,4926,UniRef90_A0A1Y3ZRH0,1190,0.013729142597399999,9,0.9304143862392494,1.0734278809538701e-05
GuptaA_2019,4927,UniRef90_A0A0N7J7B1,1190,0.013694325181,9,0.9304143862392494,1.0707056435496482e-05
GuptaA_2019,4928,UniRef90_A0A076J743,1190,0.0136680945123,9,0.9304143862392494,1.0686547703127444e-05
GuptaA_2019,4929,UniRef90_A0A076IJH7,1190,0.013624249586999999,9,0.9304143862392494,1.0652267073494917e-05
GuptaA_2019,4930,UniRef90_A0A076IRX3,1190,0.0136159920132,9,0.9304143862392494,1.06458108e-05
GuptaA_2019,4931,UniRef90_A0A139KHS8,1190,0.0133843581171,9,0.9304143862392494,1.0464705330023456e-05
GuptaA_2019,4932,UniRef90_A0A076IPF6,1190,0.0133577986797,9,0.9304143862392494,1.0443939546286161e-05
GuptaA_2019,4933,UniRef90_R6K3Z2,1190,0.013328230953100002,9,0.9304143862392494,1.0420821699061768e-05
GuptaA_2019,4934,UniRef90_A0A076ISU9,1190,0.0133272881129,9,0.9304143862392494,1.0420084529241595e-05
GuptaA_2019,4935,UniRef90_R5JVU2,1190,0.013301354953599999,9,0.9304143862392494,1.0399808407818607e-05
GuptaA_2019,4936,UniRef90_D4V6R4,1190,0.0132996656942,9,0.9304143862392494,1.0398487642064113e-05
GuptaA_2019,4937,UniRef90_A0A076J5F6,1190,0.0132865418038,9,0.9304143862392494,1.0388226586239249e-05
GuptaA_2019,4938,UniRef90_A0A076IVE7,1190,0.0132564051261,9,0.9304143862392494,1.036466389843628e-05
GuptaA_2019,4939,UniRef90_U6RGU2,1190,0.013179304934,9,0.9304143862392494,1.0304382278342455e-05
GuptaA_2019,4940,UniRef90_A0A076ISM4,1190,0.0131136352936,9,0.9304143862392494,1.025303775887412e-05
GuptaA_2019,4941,UniRef90_A0A174THN8,1190,0.013064343185,9,0.9304143862392494,1.0214498189992182e-05
GuptaA_2019,4942,UniRef90_I8ZDF3,1190,0.0128465554975,9,0.9304143862392494,1.004421852814699e-05
GuptaA_2019,4943,UniRef90_A0A0M1VZN2,1190,0.012844162401,9,0.9304143862392494,1.0042347459734167e-05
GuptaA_2019,4944,UniRef90_A0A0K2HLJ3,1190,0.0128208529762,9,0.9304143862392494,1.002412273354183e-05
GuptaA_2019,4945,UniRef90_I8WL05,1190,0.012775168879,9,0.9304143862392494,9.988404127443315e-06
GuptaA_2019,4946,UniRef90_A0A174KXR9,1190,0.0126425406253,9,0.9304143862392494,9.884707291086787e-06
GuptaA_2019,4947,UniRef90_A0A0K2HNV8,1190,0.012592931712500002,9,0.9304143862392494,9.845920025410478e-06
GuptaA_2019,4948,UniRef90_A0A0P0M403,1190,0.0124755270801,9,0.9304143862392494,9.754125942220484e-06
GuptaA_2019,4949,UniRef90_A0A0K2HNC8,1190,0.012374426511,9,0.9304143862392494,9.67507936747459e-06
GuptaA_2019,4950,UniRef90_A0A0P0L737,1190,0.012309133231999999,9,0.9304143862392494,9.624029110242376e-06
GuptaA_2019,4951,UniRef90_I9RCV7,1190,0.0122825854753,9,0.9304143862392494,9.603272459186864e-06
GuptaA_2019,4952,UniRef90_A0A380Z4H9,1190,0.0121293991877,9,0.9304143862392494,9.48350210140735e-06
GuptaA_2019,4953,UniRef90_C3R7E6,1190,0.0120255615213,9,0.9304143862392494,9.402315497498045e-06
GuptaA_2019,4954,UniRef90_A6L3M0,1190,0.012011477278100001,9,0.9304143862392494,9.391303579437061e-06
GuptaA_2019,4955,UniRef90_B6VVC8,1190,0.012001828219,9,0.9304143862392494,9.38375935809226e-06
GuptaA_2019,4956,UniRef90_A0A076IRT8,1190,0.0119892619842,9,0.9304143862392494,9.373934311336982e-06
GuptaA_2019,4957,UniRef90_I8WGG1,1190,0.0119322866356,9,0.9304143862392494,9.329387518060985e-06
GuptaA_2019,4958,UniRef90_D4VC87,1190,0.011742795261300001,9,0.9304143862392494,9.181231635105552e-06
GuptaA_2019,4959,UniRef90_A0A076IT49,1190,0.011685344439,9,0.9304143862392494,9.136313087568412e-06
GuptaA_2019,4960,UniRef90_R5S4V0,1190,0.0115385306061,9,0.9304143862392494,9.021525102501954e-06
GuptaA_2019,4961,UniRef90_A0A0P0L7F8,1190,0.011534086235,9,0.9304143862392494,9.018050222830336e-06
GuptaA_2019,4962,UniRef90_R6KBA6,1190,0.0115068727295,9,0.9304143862392494,8.996773048866303e-06
GuptaA_2019,4963,UniRef90_A0A1Y3ZDY4,1190,0.011436014337,9,0.9304143862392494,8.941371647380766e-06
GuptaA_2019,4964,UniRef90_A0A1D6XS85,1190,0.011385105405,9,0.9304143862392494,8.901567947615324e-06
GuptaA_2019,4965,UniRef90_A6L5G8,1190,0.011378899709,9,0.9304143862392494,8.896715956997655e-06
GuptaA_2019,4966,UniRef90_A0A076ISJ7,1190,0.0113424380012,9,0.9304143862392494,8.868207975918687e-06
GuptaA_2019,4967,UniRef90_A0A076J277,1190,0.0111216850227,9,0.9304143862392494,8.695609869194683e-06
GuptaA_2019,4968,UniRef90_A0A076IM34,1190,0.011103357912199999,9,0.9304143862392494,8.681280619390147e-06
GuptaA_2019,4969,UniRef90_A0A0N7J7J5,1190,0.011100637198799999,9,0.9304143862392494,8.679153400156372e-06
GuptaA_2019,4970,UniRef90_A0A076J7X9,1190,0.011082231141000001,9,0.9304143862392494,8.664762424550431e-06
GuptaA_2019,4971,UniRef90_A0A0P0M3T5,1190,0.0110734351073999,9,0.9304143862392494,8.657885150429944e-06
GuptaA_2019,4972,UniRef90_A0A174DQL9,1190,0.010791239386999999,9,0.9304143862392494,8.437247370602032e-06
GuptaA_2019,4973,UniRef90_A0A0K2HLT7,1190,0.0107893316686,9,0.9304143862392494,8.435755800312744e-06
GuptaA_2019,4974,UniRef90_B6VS41,1190,0.0107171286894999,9,0.9304143862392494,8.379303119233698e-06
GuptaA_2019,4975,UniRef90_A0A397WKX4,1190,0.0107093686074,9,0.9304143862392494,8.373235815011728e-06
GuptaA_2019,4976,UniRef90_D1PIV9,1190,0.0106837610982,9,0.9304143862392494,8.353214306645817e-06
GuptaA_2019,4977,UniRef90_A6L7J6,1190,0.010641630951,9,0.9304143862392494,8.320274394839719e-06
GuptaA_2019,4978,UniRef90_A0A076IQL8,1190,0.0106068129783,9,0.9304143862392494,8.29305158584832e-06
GuptaA_2019,4979,UniRef90_A0A0K2HM55,1190,0.0106054166466,9,0.9304143862392494,8.291959848788115e-06
GuptaA_2019,4980,UniRef90_I8WKC8,1190,0.0104377831362,9,0.9304143862392494,8.160893773416732e-06
GuptaA_2019,4981,UniRef90_D4V968,1190,0.010425114403999899,9,0.9304143862392494,8.150988587959265e-06
GuptaA_2019,4982,UniRef90_C3R4T4,1190,0.0103250055338,9,0.9304143862392494,8.072717383737295e-06
GuptaA_2019,4983,UniRef90_B0G6V9,1190,0.0103230568064,9,0.9304143862392494,8.071193750117278e-06
GuptaA_2019,4984,UniRef90_A0A076IQL9,1190,0.010281919401,9,0.9304143862392494,8.039030024237684e-06
GuptaA_2019,4985,UniRef90_A0A076IWW7,1190,0.009775227838,9,0.9304143862392494,7.642867738858484e-06
GuptaA_2019,4986,UniRef90_A0A076J860,1190,0.009699748995999999,9,0.9304143862392494,7.583853788897575e-06
GuptaA_2019,4987,UniRef90_A0A396BB01,1190,0.0091244366053,9,0.9304143862392494,7.134039566301799e-06
GuptaA_2019,4988,UniRef90_A0A1H7Q5C6,1190,0.0090030120723,9,0.9304143862392494,7.0391024802971076e-06
GuptaA_2019,4989,UniRef90_A0A1Q6SYH8,1190,0.0085627554111,9,0.9304143862392494,6.694883042298671e-06
GuptaA_2019,4990,UniRef90_A0A1C7GWV7,1190,0.0079710243394,9,0.9304143862392494,6.2322316961688814e-06
GuptaA_2019,4991,UniRef90_U2DFP0,1190,0.0079477256968,9,0.9304143862392494,6.2140154001563725e-06
GuptaA_2019,4992,UniRef90_A0A174EDQ0,1190,0.007924521036,9,0.9304143862392494,6.1958725848319e-06
GuptaA_2019,4993,UniRef90_C6LD75,1190,0.007910886589900001,9,0.9304143862392494,6.185212345504301e-06
GuptaA_2019,4994,UniRef90_I8WJA0,1190,0.0074862006674,9,0.9304143862392494,5.853167058170446e-06
GuptaA_2019,4995,UniRef90_R7KMM3,1190,0.0072596910644,9,0.9304143862392494,5.67606807224394e-06
GuptaA_2019,4996,UniRef90_A0A1C5SJC9,1190,0.0069032321948900004,9,0.9304143862392494,5.397366845105551e-06
GuptaA_2019,4997,UniRef90_B0G2M5,1190,0.0068660356195,9,0.9304143862392494,5.368284299843628e-06
GuptaA_2019,4998,UniRef90_Q8A749,1190,0.006493974443200001,9,0.9304143862392494,5.077384240187647e-06
GuptaA_2019,4999,UniRef90_R6JM94,1190,0.0064800527012,9,0.9304143862392494,5.06649937544957e-06
GuptaA_2019,5000,UniRef90_R5UAI5,1190,0.0062793359027,9,0.9304143862392494,4.9095667730258015e-06
