held_out_cohort,rank,gene_id,n_nonzero,total_abundance,n_cohorts,prevalence,mean_abundance
ThomasAM_2019_c,1,UniRef90_A7B5X2,750,0.28875900567,8,0.9986684420772304,0.00038449934177097204
ThomasAM_2019_c,2,UniRef90_A8S6F0,750,0.11975789192,8,0.9986684420772304,0.0001594645698002663
ThomasAM_2019_c,3,UniRef90_A5KRL1,749,0.128485897681,8,0.9973368841544608,0.00017108641502130493
ThomasAM_2019_c,4,UniRef90_A0A3E5E271,749,0.0632477878966,8,0.9973368841544608,8.42180930713715e-05
ThomasAM_2019_c,5,UniRef90_A5ZTV7,748,0.102479303327,8,0.996005326231691,0.00013645712826498003
ThomasAM_2019_c,6,UniRef90_A0A1E3U755,748,0.074124090084,8,0.996005326231691,9.870051941944075e-05
ThomasAM_2019_c,7,UniRef90_B0PBV1,748,0.067271841513,8,0.996005326231691,8.957635354593875e-05
ThomasAM_2019_c,8,UniRef90_E9RZN0,748,0.066075247593,8,0.996005326231691,8.798301943142477e-05
ThomasAM_2019_c,9,UniRef90_A0A329UIW4,748,0.049688098714,8,0.996005326231691,6.616258150998668e-05
ThomasAM_2019_c,10,UniRef90_G2T0F8,748,0.044877485856,8,0.996005326231691,5.975697184553928e-05
ThomasAM_2019_c,11,UniRef90_A0A2A7BHE3,748,0.030597676094700002,8,0.996005326231691,4.074257802223702e-05
ThomasAM_2019_c,12,UniRef90_O52836,748,0.02882269339,8,0.996005326231691,3.837908573901465e-05
ThomasAM_2019_c,13,UniRef90_A0A176U5Z8,748,0.0228932729153,8,0.996005326231691,3.048371892849534e-05
ThomasAM_2019_c,14,UniRef90_A0A173XT59,747,0.1553141162519,8,0.9946737683089214,0.00020680974201318242
ThomasAM_2019_c,15,UniRef90_A5Z319,747,0.135925956258,8,0.9946737683089214,0.00018099328396537948
ThomasAM_2019_c,16,UniRef90_A7B5X1,747,0.135430126555,8,0.9946737683089214,0.00018033305799600532
ThomasAM_2019_c,17,UniRef90_C0BDI2,747,0.074446604167,8,0.9946737683089214,9.912996560186418e-05
ThomasAM_2019_c,18,UniRef90_A5Z511,747,0.06721390221199999,8,0.9946737683089214,8.949920401065245e-05
ThomasAM_2019_c,19,UniRef90_A0A176U927,747,0.0639388866994,8,0.9946737683089214,8.513833115765646e-05
ThomasAM_2019_c,20,UniRef90_D1KAJ3,747,0.043792215261,8,0.9946737683089214,5.831187118641811e-05
ThomasAM_2019_c,21,UniRef90_A0A1C5SJL7,747,0.040914730162,8,0.9946737683089214,5.4480333105193074e-05
ThomasAM_2019_c,22,UniRef90_A0A174CTY8,747,0.037589498254,8,0.9946737683089214,5.005259421304927e-05
ThomasAM_2019_c,23,UniRef90_R9J210,747,0.028788737121,8,0.9946737683089214,3.8333871e-05
ThomasAM_2019_c,24,UniRef90_A0A0S2W775,747,0.023023395651,8,0.9946737683089214,3.065698488814913e-05
ThomasAM_2019_c,25,UniRef90_A0A096B5B1,747,0.021675213034,8,0.9946737683089214,2.8861801643142476e-05
ThomasAM_2019_c,26,UniRef90_A0A2G5ZAL1,747,0.01585468945,8,0.9946737683089214,2.1111437350199735e-05
ThomasAM_2019_c,27,UniRef90_A0A0J8Z0N3,747,0.01023949397,8,0.9946737683089214,1.3634479320905458e-05
ThomasAM_2019_c,28,UniRef90_A5KR94,746,0.054850001353,8,0.9933422103861518,7.303595386551265e-05
ThomasAM_2019_c,29,UniRef90_A0A396GB52,746,0.037433533443,8,0.9933422103861518,4.9844918033288954e-05
ThomasAM_2019_c,30,UniRef90_A0A3E5GAA7,746,0.036961123263,8,0.9933422103861518,4.921587651531292e-05
ThomasAM_2019_c,31,UniRef90_A0A136WGM7,746,0.033897609635,8,0.9933422103861518,4.513663067243675e-05
ThomasAM_2019_c,32,UniRef90_B0P4F9,746,0.03136925109,8,0.9933422103861518,4.176997482023968e-05
ThomasAM_2019_c,33,UniRef90_G8FXM5,746,0.029649099292,8,0.9933422103861518,3.947949306524634e-05
ThomasAM_2019_c,34,UniRef90_A0A0P6IRT9,746,0.024432769182999997,8,0.9933422103861518,3.2533647380825564e-05
ThomasAM_2019_c,35,UniRef90_B6FSS6,746,0.023815865941,8,0.9933422103861518,3.1712204981358185e-05
ThomasAM_2019_c,36,UniRef90_P10952,746,0.02183728221,8,0.9933422103861518,2.9077606138482024e-05
ThomasAM_2019_c,37,UniRef90_T4C374,746,0.020605377219,8,0.9933422103861518,2.7437253287616512e-05
ThomasAM_2019_c,38,UniRef90_A8RDX0,746,0.017568442053,8,0.9933422103861518,2.339339820639148e-05
ThomasAM_2019_c,39,UniRef90_A0A373N964,746,0.0170538193599,8,0.9933422103861518,2.2708148282157125e-05
ThomasAM_2019_c,40,UniRef90_A7UXY6,745,0.1578926608654,8,0.9920106524633822,0.0002102432235225033
ThomasAM_2019_c,41,UniRef90_E2SRB6,745,0.0607032358498,8,0.9920106524633822,8.082987463355526e-05
ThomasAM_2019_c,42,UniRef90_G9RSQ0,745,0.041594911744,8,0.9920106524633822,5.538603427962716e-05
ThomasAM_2019_c,43,UniRef90_A7AZN6,745,0.041360856734,8,0.9920106524633822,5.507437647669774e-05
ThomasAM_2019_c,44,UniRef90_A7B8Q0,745,0.037514741245,8,0.9920106524633822,4.995305092543275e-05
ThomasAM_2019_c,45,UniRef90_A0A1E3AIV3,745,0.033804798507,8,0.9920106524633822,4.5013047279627164e-05
ThomasAM_2019_c,46,UniRef90_A0A173YTU2,745,0.03011228552,8,0.9920106524633822,4.009625235685752e-05
ThomasAM_2019_c,47,UniRef90_A0A174C1Q1,745,0.026884017387,8,0.9920106524633822,3.579762634753662e-05
ThomasAM_2019_c,48,UniRef90_D4L0W7,745,0.0176851076897,8,0.9920106524633822,2.354874525925433e-05
ThomasAM_2019_c,49,UniRef90_G2T5K3,744,0.0542847721099999,8,0.9906790945406125,7.228331838881478e-05
ThomasAM_2019_c,50,UniRef90_A0A396A9Y4,744,0.053809672588,8,0.9906790945406125,7.165069585619174e-05
ThomasAM_2019_c,51,UniRef90_D4LY41,744,0.047085707862000004,8,0.9906790945406125,6.269734735286285e-05
ThomasAM_2019_c,52,UniRef90_A0A174EV71,744,0.040958050544,8,0.9906790945406125,5.4538016703062583e-05
ThomasAM_2019_c,53,UniRef90_A0A174VDA7,744,0.029147263753,8,0.9906790945406125,3.8811269977363516e-05
ThomasAM_2019_c,54,UniRef90_F7KIU0,744,0.026545477446,8,0.9906790945406125,3.53468408069241e-05
ThomasAM_2019_c,55,UniRef90_B0N9J6,744,0.026349872086,8,0.9906790945406125,3.508638094007989e-05
ThomasAM_2019_c,56,UniRef90_C7H3I9,744,0.026331056839,8,0.9906790945406125,3.5061327348868175e-05
ThomasAM_2019_c,57,UniRef90_A0A2D1TZK6,744,0.021671617522,8,0.9906790945406125,2.8857014010652463e-05
ThomasAM_2019_c,58,UniRef90_D4JTZ5,744,0.018494301267,8,0.9906790945406125,2.462623337816245e-05
ThomasAM_2019_c,59,UniRef90_A0A134CL89,744,0.018419473393999998,8,0.9906790945406125,2.4526595731025296e-05
ThomasAM_2019_c,60,UniRef90_UPI0003B4B9B1,744,0.016537169192,8,0.9906790945406125,2.2020198657789613e-05
ThomasAM_2019_c,61,UniRef90_H1B4Y0,744,0.013175209987000001,8,0.9906790945406125,1.7543555242343542e-05
ThomasAM_2019_c,62,UniRef90_A6P024,744,0.0105816269916,8,0.9906790945406125,1.4090049256458056e-05
ThomasAM_2019_c,63,UniRef90_A7V4G2,743,0.167596223621,8,0.9893475366178429,0.0002231640793888149
ThomasAM_2019_c,64,UniRef90_A8S6E9,743,0.110319221405,8,0.9893475366178429,0.00014689643329560587
ThomasAM_2019_c,65,UniRef90_A8SBJ8,743,0.09829385563,8,0.9893475366178429,0.00013088396222370172
ThomasAM_2019_c,66,UniRef90_B0G8N9,743,0.050086259519000004,8,0.9893475366178429,6.669275568442078e-05
ThomasAM_2019_c,67,UniRef90_B0GAB5,743,0.047178667632,8,0.9893475366178429,6.28211286711052e-05
ThomasAM_2019_c,68,UniRef90_D4C6N2,743,0.023415076284,8,0.9893475366178429,3.117853033821571e-05
ThomasAM_2019_c,69,UniRef90_A0A3E4VBF9,743,0.022350463145,8,0.9893475366178429,2.9760936278295606e-05
ThomasAM_2019_c,70,UniRef90_D3AQS6,743,0.0192757954581,8,0.9893475366178429,2.566683815992011e-05
ThomasAM_2019_c,71,UniRef90_A0A2I7ZEY3,743,0.013941044234,8,0.9893475366178429,1.8563307901464712e-05
ThomasAM_2019_c,72,UniRef90_A0A116NS82,743,0.013885362694999999,8,0.9893475366178429,1.8489164707057253e-05
ThomasAM_2019_c,73,UniRef90_A0A395V457,743,0.008655209424,8,0.9893475366178429,1.1524912681757658e-05
ThomasAM_2019_c,74,UniRef90_W8YEK8,743,0.0070428869997,8,0.9893475366178429,9.378011983621837e-06
ThomasAM_2019_c,75,UniRef90_A7AJP8,742,0.2005141679671,8,0.9880159786950732,0.0002669962289841545
ThomasAM_2019_c,76,UniRef90_A8S630,742,0.050577630198000004,8,0.9880159786950732,6.734704420505992e-05
ThomasAM_2019_c,77,UniRef90_A5Z498,742,0.045875004189100003,8,0.9880159786950732,6.108522528508655e-05
ThomasAM_2019_c,78,UniRef90_A0A173VH24,742,0.035304905654,8,0.9880159786950732,4.7010526836218374e-05
ThomasAM_2019_c,79,UniRef90_A6KYH2,742,0.030460923724,8,0.9880159786950732,4.05604843195739e-05
ThomasAM_2019_c,80,UniRef90_A6P028,742,0.029097113024,8,0.9880159786950732,3.8744491376830894e-05
ThomasAM_2019_c,81,UniRef90_A0A329TKY9,742,0.0269840412506,8,0.9880159786950732,3.5930813915579225e-05
ThomasAM_2019_c,82,UniRef90_D4L1Y8,742,0.025907698677,8,0.9880159786950732,3.449760143408788e-05
ThomasAM_2019_c,83,UniRef90_A7VD49,742,0.023689522768,8,0.9880159786950732,3.1543971728362183e-05
ThomasAM_2019_c,84,UniRef90_E2ZN31,742,0.022123466363300003,8,0.9880159786950732,2.9458676915179764e-05
ThomasAM_2019_c,85,UniRef90_U5F4Y0,742,0.0165587442269,8,0.9880159786950732,2.204892706644474e-05
ThomasAM_2019_c,86,UniRef90_A0A068NYL3,742,0.01592164659571,8,0.9880159786950732,2.1200594668055924e-05
ThomasAM_2019_c,87,UniRef90_A0A1V5J5Q1,742,0.008409719061,8,0.9880159786950732,1.1198028043941411e-05
ThomasAM_2019_c,88,UniRef90_A0A3E4HP53,741,0.1109519122891,8,0.9866844207723036,0.00014773889785499333
ThomasAM_2019_c,89,UniRef90_A5KRI2,741,0.07983295462,8,0.9866844207723036,0.00010630220322237017
ThomasAM_2019_c,90,UniRef90_Q08425,741,0.042270973627399996,8,0.9866844207723036,5.6286249836750995e-05
ThomasAM_2019_c,91,UniRef90_R9LJ58,741,0.039666729118,8,0.9866844207723036,5.2818547427430096e-05
ThomasAM_2019_c,92,UniRef90_R6MNH0,741,0.029433343464999998,8,0.9866844207723036,3.919220168442077e-05
ThomasAM_2019_c,93,UniRef90_D4K8L8,741,0.0267794422678,8,0.9866844207723036,3.565837851904128e-05
ThomasAM_2019_c,94,UniRef90_A7AZM6,741,0.020308304529,8,0.9866844207723036,2.7041683793608522e-05
ThomasAM_2019_c,95,UniRef90_A0A0S2W8L4,741,0.017150489237,8,0.9866844207723036,2.2836869822902798e-05
ThomasAM_2019_c,96,UniRef90_A0A174LPJ5,741,0.017021802582,8,0.9866844207723036,2.266551608788282e-05
ThomasAM_2019_c,97,UniRef90_A0A173YA79,741,0.0167915619693,8,0.9866844207723036,2.2358937375898804e-05
ThomasAM_2019_c,98,UniRef90_I9KG80,741,0.015360182904999999,8,0.9866844207723036,2.045297324234354e-05
ThomasAM_2019_c,99,UniRef90_R9KPA6,741,0.008312097391,8,0.9866844207723036,1.1068039135818909e-05
ThomasAM_2019_c,100,UniRef90_J7TUV6,740,0.148234266079,8,0.9853528628495339,0.00019738251142343544
ThomasAM_2019_c,101,UniRef90_A0A174NV69,740,0.08943689251100001,8,0.9853528628495339,0.00011909040281091879
ThomasAM_2019_c,102,UniRef90_C4Z731,740,0.043198657965,8,0.9853528628495339,5.752151526631158e-05
ThomasAM_2019_c,103,UniRef90_A6BD33,740,0.038942331552,8,0.9853528628495339,5.1853970109187744e-05
ThomasAM_2019_c,104,UniRef90_B5CNA7,740,0.036462964273,8,0.9853528628495339,4.8552548965379494e-05
ThomasAM_2019_c,105,UniRef90_A0A174XK61,740,0.033210077773,8,0.9853528628495339,4.422114217443409e-05
ThomasAM_2019_c,106,UniRef90_A0A173X6V6,740,0.03091256059,8,0.9853528628495339,4.116186496671105e-05
ThomasAM_2019_c,107,UniRef90_A0A3E4TAH0,740,0.029140054946999998,8,0.9853528628495339,3.8801671034620505e-05
ThomasAM_2019_c,108,UniRef90_A0A0E9FSE3,740,0.025574351849,8,0.9853528628495339,3.4053730824234355e-05
ThomasAM_2019_c,109,UniRef90_B0NE07,740,0.025489086256,8,0.9853528628495339,3.394019474833555e-05
ThomasAM_2019_c,110,UniRef90_D4KTF5,740,0.023439320604,8,0.9853528628495339,3.1210813054593874e-05
ThomasAM_2019_c,111,UniRef90_A0A127SAM3,740,0.0208451890743,8,0.9853528628495339,2.7756576663515313e-05
ThomasAM_2019_c,112,UniRef90_A0A174E4H8,740,0.018132270113,8,0.9853528628495339,2.4144167926764316e-05
ThomasAM_2019_c,113,UniRef90_A0A346FUW7,740,0.017851613799,8,0.9853528628495339,2.377045778828229e-05
ThomasAM_2019_c,114,UniRef90_E5VKQ7,740,0.017245903142000002,8,0.9853528628495339,2.2963918964047938e-05
ThomasAM_2019_c,115,UniRef90_A0A2A7ADF2,740,0.011631565427300001,8,0.9853528628495339,1.5488103098934756e-05
ThomasAM_2019_c,116,UniRef90_A0A0C1R4M8,740,0.0047132066104,8,0.9853528628495339,6.275907603728362e-06
ThomasAM_2019_c,117,UniRef90_A0A1Y4M362,739,0.065929840722,8,0.9840213049267643,8.778940176031958e-05
ThomasAM_2019_c,118,UniRef90_A6LEG9,739,0.0341000838859,8,0.9840213049267643,4.5406236865379495e-05
ThomasAM_2019_c,119,UniRef90_D4L1Z3,739,0.032703775476,8,0.9840213049267643,4.3546971339547274e-05
ThomasAM_2019_c,120,UniRef90_A9KJG8,739,0.03225197085,8,0.9840213049267643,4.2945367310253e-05
ThomasAM_2019_c,121,UniRef90_A6KYJ9,739,0.0322026710816,8,0.9840213049267643,4.287972181304927e-05
ThomasAM_2019_c,122,UniRef90_D4LWI4,739,0.02924357353,8,0.9840213049267643,3.8939512023968046e-05
ThomasAM_2019_c,123,UniRef90_B0PDG5,739,0.027331381624,8,0.9840213049267643,3.6393317741677765e-05
ThomasAM_2019_c,124,UniRef90_D4JS14,739,0.026795269743,8,0.9840213049267643,3.5679453719041276e-05
ThomasAM_2019_c,125,UniRef90_B5CKQ6,739,0.026562511615999998,8,0.9840213049267643,3.53695227909454e-05
ThomasAM_2019_c,126,UniRef90_A6NW75,739,0.024256320191,8,0.9840213049267643,3.229869532756325e-05
ThomasAM_2019_c,127,UniRef90_D4KYI8,739,0.024026366351,8,0.9840213049267643,3.1992498470039945e-05
ThomasAM_2019_c,128,UniRef90_C0FQ15,739,0.023891106374,8,0.9840213049267643,3.1812391976031955e-05
ThomasAM_2019_c,129,UniRef90_A0A174IWH6,739,0.0235533366236,8,0.9840213049267643,3.1362631988814914e-05
ThomasAM_2019_c,130,UniRef90_D4K6T2,739,0.022047022234,8,0.9840213049267643,2.9356887129161118e-05
ThomasAM_2019_c,131,UniRef90_C9YMF1,739,0.019088530419,8,0.9840213049267643,2.5417483913448735e-05
ThomasAM_2019_c,132,UniRef90_U5F4E0,739,0.010940672275,8,0.9840213049267643,1.4568138848202397e-05
ThomasAM_2019_c,133,UniRef90_D4LS50,739,0.009880728477,8,0.9840213049267643,1.3156762286284954e-05
ThomasAM_2019_c,134,UniRef90_A0A174I2V0,738,0.18866644462,8,0.9826897470039947,0.0002512202990945406
ThomasAM_2019_c,135,UniRef90_B5CLP5,738,0.0644419070924,8,0.9826897470039947,8.58081319472703e-05
ThomasAM_2019_c,136,UniRef90_A0A174TQZ1,738,0.042600455919,8,0.9826897470039947,5.672497459254328e-05
ThomasAM_2019_c,137,UniRef90_Q8A499,738,0.030502614692,8,0.9826897470039947,4.061599825832224e-05
ThomasAM_2019_c,138,UniRef90_A0A396GCB6,738,0.0304827180078,8,0.9826897470039947,4.058950467083888e-05
ThomasAM_2019_c,139,UniRef90_D4K4J9,738,0.028536683696,8,0.9826897470039947,3.799824726498003e-05
ThomasAM_2019_c,140,UniRef90_R0CK04,738,0.0263378212125,8,0.9826897470039947,3.5070334503994675e-05
ThomasAM_2019_c,141,UniRef90_A5KR91,738,0.026320094101,8,0.9826897470039947,3.504672982822903e-05
ThomasAM_2019_c,142,UniRef90_C3R255,738,0.0258136601957,8,0.9826897470039947,3.437238374926764e-05
ThomasAM_2019_c,143,UniRef90_A0A135YTH6,738,0.023719196262999998,8,0.9826897470039947,3.1583483705725694e-05
ThomasAM_2019_c,144,UniRef90_A0A015S3B6,738,0.0236062442655,8,0.9826897470039947,3.1433081578561915e-05
ThomasAM_2019_c,145,UniRef90_A0A2X2VRZ5,738,0.023502043994,8,0.9826897470039947,3.129433288149134e-05
ThomasAM_2019_c,146,UniRef90_E1KN21,738,0.0217727272175,8,0.9826897470039947,2.8991647426764314e-05
ThomasAM_2019_c,147,UniRef90_A0A3E4V6K6,738,0.019462647337,8,0.9826897470039947,2.5915642259653794e-05
ThomasAM_2019_c,148,UniRef90_E4M058,738,0.01893208184,8,0.9826897470039947,2.5209163568575234e-05
ThomasAM_2019_c,149,UniRef90_F7KHD1,738,0.018399056268,8,0.9826897470039947,2.4499409145139816e-05
ThomasAM_2019_c,150,UniRef90_G2T0G7,738,0.016485380997,8,0.9826897470039947,2.1951239676431426e-05
ThomasAM_2019_c,151,UniRef90_A0A396GFV9,738,0.013753945457999999,8,0.9826897470039947,1.831417504394141e-05
ThomasAM_2019_c,152,UniRef90_F7KLV8,738,0.010248237996,8,0.9826897470039947,1.3646122498002664e-05
ThomasAM_2019_c,153,UniRef90_B0N9J9,738,0.010114503666999999,8,0.9826897470039947,1.346804749267643e-05
ThomasAM_2019_c,154,UniRef90_A0A3A6I5M8,738,0.0072463298187,8,0.9826897470039947,9.648907881091879e-06
ThomasAM_2019_c,155,UniRef90_D0TK99,737,0.13243638687,8,0.9813581890812251,0.0001763467201997337
ThomasAM_2019_c,156,UniRef90_A0A396E3S1,737,0.033772074692,8,0.9813581890812251,4.4969473624500665e-05
ThomasAM_2019_c,157,UniRef90_C4Z2U0,737,0.030005966091,8,0.9813581890812251,3.995468187882823e-05
ThomasAM_2019_c,158,UniRef90_A0A136WGK3,737,0.026799425749,8,0.9813581890812251,3.5684987681757655e-05
ThomasAM_2019_c,159,UniRef90_A6LEJ2,737,0.0267520030715,8,0.9813581890812251,3.5621841639813584e-05
ThomasAM_2019_c,160,UniRef90_C3R2Z0,737,0.0259642481071,8,0.9813581890812251,3.4572900275765646e-05
ThomasAM_2019_c,161,UniRef90_A7VY07,737,0.0248087225244,8,0.9813581890812251,3.3034251031158455e-05
ThomasAM_2019_c,162,UniRef90_A5KRK4,737,0.0230607005979,8,0.9813581890812251,3.070665858575233e-05
ThomasAM_2019_c,163,UniRef90_C7H6U5,737,0.02159312973,8,0.9813581890812251,2.875250296937417e-05
ThomasAM_2019_c,164,UniRef90_D4JBN5,737,0.0208125646571,8,0.9813581890812251,2.7713135362316913e-05
ThomasAM_2019_c,165,UniRef90_S0F6D4,737,0.0204502265768,8,0.9813581890812251,2.72306612207723e-05
ThomasAM_2019_c,166,UniRef90_A8R8S8,737,0.0204256711485,8,0.9813581890812251,2.7197964245672438e-05
ThomasAM_2019_c,167,UniRef90_A0A173S9W5,737,0.020123236569000003,8,0.9813581890812251,2.679525508521971e-05
ThomasAM_2019_c,168,UniRef90_A0A173QWR1,737,0.019658574858,8,0.9813581890812251,2.6176531102529958e-05
ThomasAM_2019_c,169,UniRef90_A0A0K9NBB8,737,0.019593507409,8,0.9813581890812251,2.6089890025299602e-05
ThomasAM_2019_c,170,UniRef90_R0BXG6,737,0.015213853174000001,8,0.9813581890812251,2.0258126729693744e-05
ThomasAM_2019_c,171,UniRef90_G2T3B2,737,0.015140578213,8,0.9813581890812251,2.0160556874833556e-05
ThomasAM_2019_c,172,UniRef90_D4CI29,737,0.0104843796728,8,0.9813581890812251,1.396055881864181e-05
ThomasAM_2019_c,173,UniRef90_R9JR68,737,0.0075862221455,8,0.9813581890812251,1.0101494201731025e-05
ThomasAM_2019_c,174,UniRef90_A0A3E2V1T3,736,0.0535919928263,8,0.9800266311584553,7.13608426448735e-05
ThomasAM_2019_c,175,UniRef90_E1YSQ9,736,0.0355448925215,8,0.9800266311584553,4.733008325099867e-05
ThomasAM_2019_c,176,UniRef90_E4VR83,736,0.030212695062,8,0.9800266311584553,4.0229953478029296e-05
ThomasAM_2019_c,177,UniRef90_K9E6V7,736,0.029443823246500002,8,0.9800266311584553,3.920615612050599e-05
ThomasAM_2019_c,178,UniRef90_A0A174GBZ5,736,0.026437175584,8,0.9800266311584553,3.52026306045273e-05
ThomasAM_2019_c,179,UniRef90_Q8AAN9,736,0.025497362643000003,8,0.9800266311584553,3.395121523701732e-05
ThomasAM_2019_c,180,UniRef90_A0A3E5DVA8,736,0.0239917874127,8,0.9800266311584553,3.1946454610785616e-05
ThomasAM_2019_c,181,UniRef90_A0A174EIN5,736,0.022887006382,8,0.9800266311584553,3.0475374676431423e-05
ThomasAM_2019_c,182,UniRef90_D4L1Z7,736,0.022872755885,8,0.9800266311584553,3.0456399314247668e-05
ThomasAM_2019_c,183,UniRef90_A0A174ZJF4,736,0.021877125449,8,0.9800266311584553,2.9130659719041278e-05
ThomasAM_2019_c,184,UniRef90_W0ERK2,736,0.021276040529,8,0.9800266311584553,2.8330280331557922e-05
ThomasAM_2019_c,185,UniRef90_A7VRM9,736,0.020448567859,8,0.9800266311584553,2.7228452541944074e-05
ThomasAM_2019_c,186,UniRef90_A9KMW6,736,0.019621029241,8,0.9800266311584553,2.6126536938748336e-05
ThomasAM_2019_c,187,UniRef90_E7GMB4,736,0.0144166048638,8,0.9800266311584553,1.9196544425832223e-05
ThomasAM_2019_c,188,UniRef90_A0A174TTF8,736,0.0131058349133,8,0.9800266311584553,1.745117831331558e-05
ThomasAM_2019_c,189,UniRef90_A0A2A6ZL80,736,0.0125548769902,8,0.9800266311584553,1.671754592569907e-05
ThomasAM_2019_c,190,UniRef90_N9XGD7,736,0.0109231463637,8,0.9800266311584553,1.4544802082157124e-05
ThomasAM_2019_c,191,UniRef90_A0A1L5L421,736,0.010729247795,8,0.9800266311584553,1.4286614906790947e-05
ThomasAM_2019_c,192,UniRef90_C5EWP5,736,0.009070227786,8,0.9800266311584553,1.2077533669773635e-05
ThomasAM_2019_c,193,UniRef90_A0A0E1X896,735,0.2202657042576,8,0.9786950732356857,0.0002932965436186418
ThomasAM_2019_c,194,UniRef90_D4CI30,735,0.0747781533837,8,0.9786950732356857,9.957144258814914e-05
ThomasAM_2019_c,195,UniRef90_A0A3E4USV0,735,0.037569990684,8,0.9786950732356857,5.0026618753661784e-05
ThomasAM_2019_c,196,UniRef90_A0A0N7J6W0,735,0.031653377924,8,0.9786950732356857,4.214830615712383e-05
ThomasAM_2019_c,197,UniRef90_D4WHX6,735,0.03093919273,8,0.9786950732356857,4.119732720372836e-05
ThomasAM_2019_c,198,UniRef90_I4Z7P1,735,0.029687543501,8,0.9786950732356857,3.95306837563249e-05
ThomasAM_2019_c,199,UniRef90_A0A133PU47,735,0.0254480137555,8,0.9786950732356857,3.388550433488682e-05
ThomasAM_2019_c,200,UniRef90_B7ARW3,735,0.0240212394674,8,0.9786950732356857,3.198567172756325e-05
ThomasAM_2019_c,201,UniRef90_A0A174Z1D1,735,0.023811966266,8,0.9786950732356857,3.1707012338215715e-05
ThomasAM_2019_c,202,UniRef90_A0A1Y3RCS7,735,0.020305623111,8,0.9786950732356857,2.7038113330226362e-05
ThomasAM_2019_c,203,UniRef90_A0A395V4J0,735,0.0184687975447,8,0.9786950732356857,2.4592273694673768e-05
ThomasAM_2019_c,204,UniRef90_A0A174YAF1,735,0.0174162002384,8,0.9786950732356857,2.3190679411984022e-05
ThomasAM_2019_c,205,UniRef90_C0FW47,735,0.0167991034194,8,0.9786950732356857,2.2368979253528628e-05
ThomasAM_2019_c,206,UniRef90_U2KQU1,735,0.016789446081,8,0.9786950732356857,2.2356119948069242e-05
ThomasAM_2019_c,207,UniRef90_U2DKD6,735,0.014369353131,8,0.9786950732356857,1.913362600665779e-05
ThomasAM_2019_c,208,UniRef90_C7H6T3,735,0.01393144691,8,0.9786950732356857,1.8550528508655128e-05
ThomasAM_2019_c,209,UniRef90_A0A0D8J402,735,0.0115161057241,8,0.9786950732356857,1.533436181637816e-05
ThomasAM_2019_c,210,UniRef90_D9SLI1,735,0.010553991472999999,8,0.9786950732356857,1.4053250962716377e-05
ThomasAM_2019_c,211,UniRef90_A0A0E2H2A6,735,0.009737969882699999,8,0.9786950732356857,1.296667094900133e-05
ThomasAM_2019_c,212,UniRef90_A0A174S825,735,0.008676462372,8,0.9786950732356857,1.1553212213049267e-05
ThomasAM_2019_c,213,UniRef90_F5RQN3,735,0.0073346568935,8,0.9786950732356857,9.766520497336884e-06
ThomasAM_2019_c,214,UniRef90_A5ZYU0,734,0.255236283433,8,0.9773635153129161,0.00033986189538348866
ThomasAM_2019_c,215,UniRef90_A0A2P2F5X9,734,0.0546859886215,8,0.9773635153129161,7.281756141344873e-05
ThomasAM_2019_c,216,UniRef90_A7B6K6,734,0.038049027836,8,0.9773635153129161,5.0664484468708384e-05
ThomasAM_2019_c,217,UniRef90_E6SR85,734,0.0354784104349,8,0.9773635153129161,4.724155850186418e-05
ThomasAM_2019_c,218,UniRef90_A9KRZ1,734,0.030529469784,8,0.9773635153129161,4.0651757368841546e-05
ThomasAM_2019_c,219,UniRef90_Q9AE24,734,0.023466021079,8,0.9773635153129161,3.124636628362184e-05
ThomasAM_2019_c,220,UniRef90_A0A016BWL8,734,0.020793237862000002,8,0.9773635153129161,2.7687400615179764e-05
ThomasAM_2019_c,221,UniRef90_C9YMF2,734,0.01912945411,8,0.9773635153129161,2.547197617842876e-05
ThomasAM_2019_c,222,UniRef90_B0NEY0,734,0.0163877512308,8,0.9773635153129161,2.1821239987749667e-05
ThomasAM_2019_c,223,UniRef90_A0A285PPQ3,734,0.016056134398,8,0.9773635153129161,2.1379672966711054e-05
ThomasAM_2019_c,224,UniRef90_W0FML8,734,0.015964277697,8,0.9773635153129161,2.1257360448735018e-05
ThomasAM_2019_c,225,UniRef90_C4ZEM7,734,0.015941173065,8,0.9773635153129161,2.1226595292942744e-05
ThomasAM_2019_c,226,UniRef90_D4ML19,734,0.015377637655,8,0.9773635153129161,2.0476215252996005e-05
ThomasAM_2019_c,227,UniRef90_C0CLV9,734,0.015350204356,8,0.9773635153129161,2.0439686226364848e-05
ThomasAM_2019_c,228,UniRef90_C4ZES9,734,0.015202294219,8,0.9773635153129161,2.0242735311584554e-05
ThomasAM_2019_c,229,UniRef90_R0AZG5,734,0.01264653536,8,0.9773635153129161,1.6839594354194407e-05
ThomasAM_2019_c,230,UniRef90_U5FB63,734,0.00787248556,8,0.9773635153129161,1.0482670519307589e-05
ThomasAM_2019_c,231,UniRef90_A8ST13,733,0.0480056535194,8,0.9760319573901465,6.392230828149135e-05
ThomasAM_2019_c,232,UniRef90_K6AL67,733,0.0335879310657,8,0.9760319573901465,4.472427571997337e-05
ThomasAM_2019_c,233,UniRef90_A0A173V6Z4,733,0.027508924006000003,8,0.9760319573901465,3.6629725707057264e-05
ThomasAM_2019_c,234,UniRef90_A0A396DV75,733,0.025763780892,8,0.9760319573901465,3.430596656724368e-05
ThomasAM_2019_c,235,UniRef90_A0A3E4GX70,733,0.023649847763099998,8,0.9760319573901465,3.1491142161251664e-05
ThomasAM_2019_c,236,UniRef90_A0A173SUT5,733,0.0235815104758,8,0.9760319573901465,3.140014710492676e-05
ThomasAM_2019_c,237,UniRef90_D4J4C3,733,0.020851608865,8,0.9760319573901465,2.776512498668442e-05
ThomasAM_2019_c,238,UniRef90_D4JB62,733,0.020713417188,8,0.9760319573901465,2.7581114764314245e-05
ThomasAM_2019_c,239,UniRef90_A8SVC3,733,0.020380646799,8,0.9760319573901465,2.7138011716378163e-05
ThomasAM_2019_c,240,UniRef90_C0EVZ0,733,0.019923371988,8,0.9760319573901465,2.6529123818908122e-05
ThomasAM_2019_c,241,UniRef90_C0B9Z9,733,0.0196908858459,8,0.9760319573901465,2.621955505446072e-05
ThomasAM_2019_c,242,UniRef90_A0A2A7A3Q8,733,0.019551165661,8,0.9760319573901465,2.6033509535286285e-05
ThomasAM_2019_c,243,UniRef90_A0A0K2HGC7,733,0.0187137332393,8,0.9760319573901465,2.4918419759387484e-05
ThomasAM_2019_c,244,UniRef90_A0A0P6AFG5,733,0.017527932181,8,0.9760319573901465,2.333945696537949e-05
ThomasAM_2019_c,245,UniRef90_A0A136Q7W4,733,0.017312373317,8,0.9760319573901465,2.3052427852197074e-05
ThomasAM_2019_c,246,UniRef90_A0A396AFP6,733,0.016700095712,8,0.9760319573901465,2.22371447563249e-05
ThomasAM_2019_c,247,UniRef90_A0A174LAB2,733,0.016636824651,8,0.9760319573901465,2.2152895673768308e-05
ThomasAM_2019_c,248,UniRef90_A0A3E2TPS1,733,0.016613508822000002,8,0.9760319573901465,2.2121849296937418e-05
ThomasAM_2019_c,249,UniRef90_A0A127T6H1,733,0.0149628302201,8,0.9760319573901465,1.992387512663116e-05
ThomasAM_2019_c,250,UniRef90_U2R7I4,733,0.014326168149,8,0.9760319573901465,1.9076122701731027e-05
ThomasAM_2019_c,251,UniRef90_E2ZM22,733,0.014253487394,8,0.9760319573901465,1.8979344066577894e-05
ThomasAM_2019_c,252,UniRef90_A0A346FUW5,733,0.013564751637,8,0.9760319573901465,1.80622525126498e-05
ThomasAM_2019_c,253,UniRef90_U2BWN4,733,0.012972937347,8,0.9760319573901465,1.7274217505992012e-05
ThomasAM_2019_c,254,UniRef90_D3AK44,733,0.0125843655621,8,0.9760319573901465,1.6756811667243674e-05
ThomasAM_2019_c,255,UniRef90_A0A396FC19,733,0.012029722445,8,0.9760319573901465,1.601827223035952e-05
ThomasAM_2019_c,256,UniRef90_A0A3E2UVE4,733,0.0109402864949,8,0.9760319573901465,1.4567625159653795e-05
ThomasAM_2019_c,257,UniRef90_A0A396A3N3,733,0.0106061950339,8,0.9760319573901465,1.412276302782956e-05
ThomasAM_2019_c,258,UniRef90_A0A1L5KFG5,733,0.0098198540167,8,0.9760319573901465,1.3075704416378163e-05
ThomasAM_2019_c,259,UniRef90_A7VCV6,733,0.0094254841402,8,0.9760319573901465,1.2550578082822903e-05
ThomasAM_2019_c,260,UniRef90_E2SL03,733,0.009329201564,8,0.9760319573901465,1.2422372255659121e-05
ThomasAM_2019_c,261,UniRef90_A0A1L5KWH2,733,0.008464318357000001,8,0.9760319573901465,1.1270730169107857e-05
ThomasAM_2019_c,262,UniRef90_B0G6W4,733,0.007953846637,8,0.9760319573901465,1.059100750599201e-05
ThomasAM_2019_c,263,UniRef90_C6J7T2,733,0.006679689216,8,0.9760319573901465,8.894393097203729e-06
ThomasAM_2019_c,264,UniRef90_A7B6K2,732,0.170582005947,8,0.9747003994673769,0.00022713982150066576
ThomasAM_2019_c,265,UniRef90_A0A174QSW1,732,0.156774614117,8,0.9747003994673769,0.00020875447951664448
ThomasAM_2019_c,266,UniRef90_A0A396G4X1,732,0.055690936677,8,0.9747003994673769,7.41557079587217e-05
ThomasAM_2019_c,267,UniRef90_A0A3E5DK23,732,0.034830998751,8,0.9747003994673769,4.63794923448735e-05
ThomasAM_2019_c,268,UniRef90_C0B7X5,732,0.028465176901,8,0.9747003994673769,3.790303182556591e-05
ThomasAM_2019_c,269,UniRef90_Q8A488,732,0.026565870288,8,0.9747003994673769,3.537399505725699e-05
ThomasAM_2019_c,270,UniRef90_A0A3E5DLS5,732,0.0258514101865,8,0.9747003994673769,3.4422650048601864e-05
ThomasAM_2019_c,271,UniRef90_F7JMP3,732,0.025444962451000003,8,0.9747003994673769,3.388144134620506e-05
ThomasAM_2019_c,272,UniRef90_A0A3E2X5R4,732,0.0251127427833,8,0.9747003994673769,3.343907161557923e-05
ThomasAM_2019_c,273,UniRef90_U7UPK0,732,0.024112036697799998,8,0.9747003994673769,3.2106573499067904e-05
ThomasAM_2019_c,274,UniRef90_C4Z2U3,732,0.023974089853,8,0.9747003994673769,3.19228892849534e-05
ThomasAM_2019_c,275,UniRef90_C7H6T9,732,0.023300438978,8,0.9747003994673769,3.1025884125166445e-05
ThomasAM_2019_c,276,UniRef90_A0A014AUH4,732,0.023094063713,8,0.9747003994673769,3.075108350599201e-05
ThomasAM_2019_c,277,UniRef90_W4PUR5,732,0.02272884242,8,0.9747003994673769,3.0264770199733686e-05
ThomasAM_2019_c,278,UniRef90_B5D2D5,732,0.0225470749396,8,0.9747003994673769,3.0022736271105192e-05
ThomasAM_2019_c,279,UniRef90_C7H7K4,732,0.01923886268,8,0.9747003994673769,2.5617660026631157e-05
ThomasAM_2019_c,280,UniRef90_A8SCH0,732,0.0162341884222,8,0.9747003994673769,2.161676221331558e-05
ThomasAM_2019_c,281,UniRef90_A0A174Y9Z1,732,0.0156795323158,8,0.9747003994673769,2.08782054804261e-05
ThomasAM_2019_c,282,UniRef90_C0FW50,732,0.013829851966,8,0.9747003994673769,1.8415248956058587e-05
ThomasAM_2019_c,283,UniRef90_D4JTZ6,732,0.013433471163,8,0.9747003994673769,1.7887444957390147e-05
ThomasAM_2019_c,284,UniRef90_A0A395VCF6,732,0.0133435859366,8,0.9747003994673769,1.7767757572037286e-05
ThomasAM_2019_c,285,UniRef90_A8SHC7,732,0.013068240955000001,8,0.9747003994673769,1.7401119780292945e-05
ThomasAM_2019_c,286,UniRef90_C5EWQ2,732,0.0129010395802,8,0.9747003994673769,1.7178481464980027e-05
ThomasAM_2019_c,287,UniRef90_A5ZYK6,731,0.0830277477949999,8,0.9733688415446072,0.00011055625538615166
ThomasAM_2019_c,288,UniRef90_C4ZER8,731,0.0671742338449,8,0.9733688415446072,8.944638328215712e-05
ThomasAM_2019_c,289,UniRef90_A5Z3S1,731,0.0607232748321,8,0.9733688415446072,8.085655769920107e-05
ThomasAM_2019_c,290,UniRef90_A6KYI5,731,0.031971816852200005,8,0.9733688415446072,4.2572326034886824e-05
ThomasAM_2019_c,291,UniRef90_D4LWJ1,731,0.029199043282,8,0.9733688415446072,3.888021741944075e-05
ThomasAM_2019_c,292,UniRef90_A0A016FI57,731,0.025039614927400002,8,0.9733688415446072,3.334169763968043e-05
ThomasAM_2019_c,293,UniRef90_A0A015WBF1,731,0.023272368872,8,0.9733688415446072,3.0988507153129166e-05
ThomasAM_2019_c,294,UniRef90_A5KRH1,731,0.022450473343000002,8,0.9733688415446072,2.9894105649800268e-05
ThomasAM_2019_c,295,UniRef90_C9YME1,731,0.0201066256097,8,0.9733688415446072,2.6773136630758986e-05
ThomasAM_2019_c,296,UniRef90_D4VEF8,731,0.0191696839038,8,0.9733688415446072,2.552554447909454e-05
ThomasAM_2019_c,297,UniRef90_D4L1Y4,731,0.017931986471,8,0.9733688415446072,2.3877478656458055e-05
ThomasAM_2019_c,298,UniRef90_C4ZEN0,731,0.017909406374,8,0.9733688415446072,2.38474119494008e-05
ThomasAM_2019_c,299,UniRef90_C7H3I1,731,0.016452461462,8,0.9733688415446072,2.1907405408788282e-05
ThomasAM_2019_c,300,UniRef90_D4ML13,731,0.015294263684,8,0.9733688415446072,2.0365197981358188e-05
ThomasAM_2019_c,301,UniRef90_A0A174Z407,731,0.013857597390999999,8,0.9733688415446072,1.845219359653795e-05
ThomasAM_2019_c,302,UniRef90_B7ANM9,731,0.012894391175,8,0.9733688415446072,1.7169628728362184e-05
ThomasAM_2019_c,303,UniRef90_C7H6R1,731,0.0115031624471,8,0.9733688415446072,1.531712709334221e-05
ThomasAM_2019_c,304,UniRef90_C0CY94,731,0.0064770804157,8,0.9733688415446072,8.624607743941412e-06
ThomasAM_2019_c,305,UniRef90_D5Q4B6,731,0.00461294135029,8,0.9733688415446072,6.142398602250333e-06
ThomasAM_2019_c,306,UniRef90_UPI000E4CFF93,731,0.0045965637212000005,8,0.9733688415446072,6.1205908404793615e-06
ThomasAM_2019_c,307,UniRef90_A5ZYV3,730,0.1357347939763,8,0.9720372836218375,0.00018073874031464715
ThomasAM_2019_c,308,UniRef90_B0NWG2,730,0.0510064197669,8,0.9720372836218375,6.791800235272969e-05
ThomasAM_2019_c,309,UniRef90_R6EPT0,730,0.038616673564000004,8,0.9720372836218375,5.142033763515313e-05
ThomasAM_2019_c,310,UniRef90_Q8A480,730,0.033353467875,8,0.9720372836218375,4.441207440079894e-05
ThomasAM_2019_c,311,UniRef90_E2ZLQ0,730,0.032688659921,8,0.9720372836218375,4.352684410252996e-05
ThomasAM_2019_c,312,UniRef90_C7XG97,730,0.0325494181168,8,0.9720372836218375,4.3341435574966704e-05
ThomasAM_2019_c,313,UniRef90_A0A174YT04,730,0.029056622495,8,0.9720372836218375,3.869057589214381e-05
ThomasAM_2019_c,314,UniRef90_Q8A466,730,0.0276495706682,8,0.9720372836218375,3.681700488442077e-05
ThomasAM_2019_c,315,UniRef90_A0A174UG67,730,0.0233230999859,8,0.9720372836218375,3.105605856977363e-05
ThomasAM_2019_c,316,UniRef90_Q8A481,730,0.0229599373284,8,0.9720372836218375,3.057248645592543e-05
ThomasAM_2019_c,317,UniRef90_F3PQ22,730,0.0222599584726,8,0.9720372836218375,2.9640424064713714e-05
ThomasAM_2019_c,318,UniRef90_P94598,730,0.0219609570825,8,0.9720372836218375,2.9242286394806923e-05
ThomasAM_2019_c,319,UniRef90_A0A139L6L7,730,0.021361012367,8,0.9720372836218375,2.844342525565912e-05
ThomasAM_2019_c,320,UniRef90_Q8A6P8,730,0.021332865484999998,8,0.9720372836218375,2.8405946051930758e-05
ThomasAM_2019_c,321,UniRef90_D4L247,730,0.019869090962,8,0.9720372836218375,2.6456845488681758e-05
ThomasAM_2019_c,322,UniRef90_A6KXG8,730,0.018504293283,8,0.9720372836218375,2.463953832623169e-05
ThomasAM_2019_c,323,UniRef90_C6LD81,730,0.016949021334,8,0.9720372836218375,2.256860364047936e-05
ThomasAM_2019_c,324,UniRef90_R9KD72,730,0.016889451445,8,0.9720372836218375,2.24892828828229e-05
ThomasAM_2019_c,325,UniRef90_C6JCC1,730,0.01592502752621,8,0.9720372836218375,2.1205096572849535e-05
ThomasAM_2019_c,326,UniRef90_G2T4S6,730,0.015844933404,8,0.9720372836218375,2.1098446609853527e-05
ThomasAM_2019_c,327,UniRef90_D4JTZ7,730,0.014699178322,8,0.9720372836218375,1.957280735286285e-05
ThomasAM_2019_c,328,UniRef90_E2SL15,730,0.013667163528,8,0.9720372836218375,1.819861987749667e-05
ThomasAM_2019_c,329,UniRef90_G1VSP2,730,0.011600704255,8,0.9720372836218375,1.544700966045273e-05
ThomasAM_2019_c,330,UniRef90_A0A0J9BBM1,730,0.010814105782999999,8,0.9720372836218375,1.4399608233022635e-05
ThomasAM_2019_c,331,UniRef90_A6P025,730,0.009412757092999999,8,0.9720372836218375,1.2533631282290279e-05
ThomasAM_2019_c,332,UniRef90_C7H6T0,730,0.0092426170209,8,0.9720372836218375,1.2307079921304927e-05
ThomasAM_2019_c,333,UniRef90_UPI0009DBE405,730,0.00203604062,8,0.9720372836218375,2.711106018641811e-06
ThomasAM_2019_c,334,UniRef90_Q8A485,729,0.0323251919,8,0.9707057256990679,4.304286537949401e-05
ThomasAM_2019_c,335,UniRef90_D4IQJ0,729,0.027614163658,8,0.9707057256990679,3.676985839946737e-05
ThomasAM_2019_c,336,UniRef90_A0A139JRM5,729,0.0231359789312,8,0.9707057256990679,3.080689604687084e-05
ThomasAM_2019_c,337,UniRef90_R5K610,729,0.021611762266,8,0.9707057256990679,2.8777313270306257e-05
ThomasAM_2019_c,338,UniRef90_Q8A6M0,729,0.0214915368629,8,0.9707057256990679,2.861722618229028e-05
ThomasAM_2019_c,339,UniRef90_Q8AA33,729,0.0197981524068,8,0.9707057256990679,2.6362386693475366e-05
ThomasAM_2019_c,340,UniRef90_A0A139LMC3,729,0.017885371387399998,8,0.9707057256990679,2.3815407972569903e-05
ThomasAM_2019_c,341,UniRef90_A8RVD6,729,0.016738842336,8,0.9707057256990679,2.2288738130492676e-05
ThomasAM_2019_c,342,UniRef90_D4JTZ8,729,0.0166098301373,8,0.9707057256990679,2.211695091517976e-05
ThomasAM_2019_c,343,UniRef90_A0A139SYK8,729,0.0162890233231,8,0.9707057256990679,2.1689778060053264e-05
ThomasAM_2019_c,344,UniRef90_A0A374NTF3,729,0.016277266066,8,0.9707057256990679,2.1674122591211718e-05
ThomasAM_2019_c,345,UniRef90_A0A015YJI0,729,0.0158079248111,8,0.9707057256990679,2.104916752476698e-05
ThomasAM_2019_c,346,UniRef90_A0A173UXL2,729,0.015637677235,8,0.9707057256990679,2.0822473015978696e-05
ThomasAM_2019_c,347,UniRef90_C4ZBS3,729,0.015599010547,8,0.9707057256990679,2.0770986081225035e-05
ThomasAM_2019_c,348,UniRef90_D4LNK5,729,0.014254888749000001,8,0.9707057256990679,1.898121005193076e-05
ThomasAM_2019_c,349,UniRef90_C0FZS9,729,0.0140297144978,8,0.9707057256990679,1.8681377493741676e-05
ThomasAM_2019_c,350,UniRef90_Q5LIX0,729,0.0139049874427,8,0.9707057256990679,1.8515296195339548e-05
ThomasAM_2019_c,351,UniRef90_A0A173SRB7,729,0.013682720996999999,8,0.9707057256990679,1.8219335548601863e-05
ThomasAM_2019_c,352,UniRef90_A0A1Y4MFI1,729,0.012644430266,8,0.9707057256990679,1.6836791299600534e-05
ThomasAM_2019_c,353,UniRef90_C4Z0Q6,729,0.0121469229223,8,0.9707057256990679,1.617433145446072e-05
ThomasAM_2019_c,354,UniRef90_A0A174I2N9,729,0.010833023564999999,8,0.9707057256990679,1.4424798355525963e-05
ThomasAM_2019_c,355,UniRef90_A0A3E2VW53,729,0.0099404862978,8,0.9707057256990679,1.3236333286018641e-05
ThomasAM_2019_c,356,UniRef90_A0A174IKQ7,729,0.009457312487,8,0.9707057256990679,1.2592959370173102e-05
ThomasAM_2019_c,357,UniRef90_A0A3E4V1D1,729,0.0077529954081,8,0.9707057256990679,1.0323562460852197e-05
ThomasAM_2019_c,358,UniRef90_A0A1C6GXE7,728,0.033492766843,8,0.9693741677762983,4.459755904527297e-05
ThomasAM_2019_c,359,UniRef90_B2RH62,728,0.033230719073,8,0.9693741677762983,4.4248627260985355e-05
ThomasAM_2019_c,360,UniRef90_R7KL80,728,0.0287846173197,8,0.9693741677762983,3.832838524593875e-05
ThomasAM_2019_c,361,UniRef90_A0A173U4I8,728,0.026070161071000002,8,0.9693741677762983,3.471392952197071e-05
ThomasAM_2019_c,362,UniRef90_Q8A469,728,0.025173263637,8,0.9693741677762983,3.3519658637816245e-05
ThomasAM_2019_c,363,UniRef90_A6LFQ4,728,0.024413180156,8,0.9693741677762983,3.2507563456724365e-05
ThomasAM_2019_c,364,UniRef90_Q8A474,728,0.024072879446,8,0.9693741677762983,3.2054433350199734e-05
ThomasAM_2019_c,365,UniRef90_A6L1I4,728,0.02288551171,8,0.9693741677762983,3.0473384434087883e-05
ThomasAM_2019_c,366,UniRef90_Q8A4V8,728,0.022058948604,8,0.9693741677762983,2.93727677816245e-05
ThomasAM_2019_c,367,UniRef90_Q8A129,728,0.0199368336873,8,0.9693741677762983,2.6547048851264978e-05
ThomasAM_2019_c,368,UniRef90_A7VCS4,728,0.019198472294,8,0.9693741677762983,2.5563877888149134e-05
ThomasAM_2019_c,369,UniRef90_A0A0K6BVC0,728,0.018088322448000002,8,0.9693741677762983,2.408564906524634e-05
ThomasAM_2019_c,370,UniRef90_G9YL23,728,0.017673040121,8,0.9693741677762983,2.3532676592543274e-05
ThomasAM_2019_c,371,UniRef90_Q8A9S7,728,0.017039126943,8,0.9693741677762983,2.2688584478029293e-05
ThomasAM_2019_c,372,UniRef90_D4M0W3,728,0.0145076159454,8,0.9693741677762983,1.9317730952596538e-05
ThomasAM_2019_c,373,UniRef90_D7GUY4,728,0.013401310033,8,0.9693741677762983,1.7844620549933424e-05
ThomasAM_2019_c,374,UniRef90_A0A174FN26,728,0.012075855651,8,0.9693741677762983,1.6079701266311584e-05
ThomasAM_2019_c,375,UniRef90_G2T376,728,0.0106688053416,8,0.9693741677762983,1.4206132279094541e-05
ThomasAM_2019_c,376,UniRef90_H1B4W0,728,0.010155552195,8,0.9693741677762983,1.3522705985352864e-05
ThomasAM_2019_c,377,UniRef90_U5F4R0,728,0.009243123459,8,0.9693741677762983,1.2307754272969374e-05
ThomasAM_2019_c,378,UniRef90_F7JK95,728,0.009215460151,8,0.9693741677762983,1.2270918976031958e-05
ThomasAM_2019_c,379,UniRef90_A0A174E815,728,0.008509760651,8,0.9693741677762983,1.1331239215712384e-05
ThomasAM_2019_c,380,UniRef90_A0A078SQG7,728,0.0074387087408,8,0.9693741677762983,9.905071558988016e-06
ThomasAM_2019_c,381,UniRef90_A7ACF2,727,0.034840114481,8,0.9680426098535286,4.6391630467376836e-05
ThomasAM_2019_c,382,UniRef90_C7HAG3,727,0.0286673392509,8,0.9680426098535286,3.8172222704260984e-05
ThomasAM_2019_c,383,UniRef90_Q8A493,727,0.025011172983,8,0.9680426098535286,3.330382554327563e-05
ThomasAM_2019_c,384,UniRef90_Q8A490,727,0.023992710187,8,0.9680426098535286,3.194768333821571e-05
ThomasAM_2019_c,385,UniRef90_D4IQJ2,727,0.023009323795,8,0.9680426098535286,3.063824739680426e-05
ThomasAM_2019_c,386,UniRef90_R5CD91,727,0.0223096003237,8,0.9680426098535286,2.970652506484687e-05
ThomasAM_2019_c,387,UniRef90_A0A139KPT2,727,0.021656138895,8,0.9680426098535286,2.8836403322237017e-05
ThomasAM_2019_c,388,UniRef90_R5MXZ2,727,0.0206187379841,8,0.9680426098535286,2.7455043920239682e-05
ThomasAM_2019_c,389,UniRef90_Q8A4A1,727,0.020244115815,8,0.9680426098535286,2.695621280292943e-05
ThomasAM_2019_c,390,UniRef90_Q5L8Z8,727,0.0199194794072,8,0.9680426098535286,2.652394062210386e-05
ThomasAM_2019_c,391,UniRef90_B5CNT5,727,0.019567598680999998,8,0.9680426098535286,2.6055391053262313e-05
ThomasAM_2019_c,392,UniRef90_A0A173YQT1,727,0.01916295715,8,0.9680426098535286,2.551658741677763e-05
ThomasAM_2019_c,393,UniRef90_A0A0P0M4G8,727,0.018058691866,8,0.9680426098535286,2.4046194229027962e-05
ThomasAM_2019_c,394,UniRef90_E2SL22,727,0.017908336195,8,0.9680426098535286,2.3845986944074568e-05
ThomasAM_2019_c,395,UniRef90_A6BKX9,727,0.017357994837,8,0.9680426098535286,2.3113175548601863e-05
ThomasAM_2019_c,396,UniRef90_A0A2A7BB99,727,0.017110188205,8,0.9680426098535286,2.2783206664447405e-05
ThomasAM_2019_c,397,UniRef90_D1PJ38,727,0.0166509322814,8,0.9680426098535286,2.2171680800798936e-05
ThomasAM_2019_c,398,UniRef90_A0A1E3UNY3,727,0.016334877285,8,0.9680426098535286,2.1750835266311584e-05
ThomasAM_2019_c,399,UniRef90_B0N9Q2,727,0.014464390207,8,0.9680426098535286,1.926017337816245e-05
ThomasAM_2019_c,400,UniRef90_A0A396G5C6,727,0.012761972941500001,8,0.9680426098535286,1.69933061804261e-05
ThomasAM_2019_c,401,UniRef90_U2ISN9,727,0.010769363112799999,8,0.9680426098535286,1.4340030776031956e-05
ThomasAM_2019_c,402,UniRef90_A0A0M6WPL1,727,0.0107113470617,8,0.9680426098535286,1.4262779043541945e-05
ThomasAM_2019_c,403,UniRef90_D4JB63,727,0.010158208508,8,0.9680426098535286,1.352624301997337e-05
ThomasAM_2019_c,404,UniRef90_D4LFV9,727,0.0101507121269,8,0.9680426098535286,1.3516261154327563e-05
ThomasAM_2019_c,405,UniRef90_A0A174QCE9,727,0.0065445490424,8,0.9680426098535286,8.714446128362185e-06
ThomasAM_2019_c,406,UniRef90_B5D3F5,727,0.0057619918084,8,0.9680426098535286,7.672425843408788e-06
ThomasAM_2019_c,407,UniRef90_A0A173T339,726,0.11645391273700001,8,0.966711051930759,0.0001550651301424767
ThomasAM_2019_c,408,UniRef90_U2KCM5,726,0.0408057158626,8,0.966711051930759,5.433517425113182e-05
ThomasAM_2019_c,409,UniRef90_A5Z300,726,0.0360598984912,8,0.966711051930759,4.801584353022636e-05
ThomasAM_2019_c,410,UniRef90_A5ZNS7,726,0.025182772487000002,8,0.966711051930759,3.3532320222370176e-05
ThomasAM_2019_c,411,UniRef90_Q8A492,726,0.0248413867948,8,0.966711051930759,3.3077745399201065e-05
ThomasAM_2019_c,412,UniRef90_R5C195,726,0.0226376894345,8,0.966711051930759,3.014339471970706e-05
ThomasAM_2019_c,413,UniRef90_C0B5T7,726,0.022035773104,8,0.966711051930759,2.9341908260985355e-05
ThomasAM_2019_c,414,UniRef90_A5ZWV4,726,0.0216661727989,8,0.966711051930759,2.884976404647137e-05
ThomasAM_2019_c,415,UniRef90_A6KYK2,726,0.0197821050261,8,0.966711051930759,2.6341018676564578e-05
ThomasAM_2019_c,416,UniRef90_B6W2B1,726,0.0196568417513,8,0.966711051930759,2.6174223370572568e-05
ThomasAM_2019_c,417,UniRef90_P94316,726,0.019580380868,8,0.966711051930759,2.6072411275632488e-05
ThomasAM_2019_c,418,UniRef90_A0A174LFC4,726,0.018784914256,8,0.966711051930759,2.5013201406125165e-05
ThomasAM_2019_c,419,UniRef90_R6JBJ8,726,0.018476419287,8,0.966711051930759,2.4602422486018642e-05
ThomasAM_2019_c,420,UniRef90_A0A174Z6W2,726,0.018122725333,8,0.966711051930759,2.413145849933422e-05
ThomasAM_2019_c,421,UniRef90_A0A173V3I4,726,0.017537093215,8,0.966711051930759,2.3351655412782956e-05
ThomasAM_2019_c,422,UniRef90_C4ZFG4,726,0.017103463134,8,0.966711051930759,2.2774251842876166e-05
ThomasAM_2019_c,423,UniRef90_F3PL25,726,0.015732633502,8,0.966711051930759,2.0948912785619174e-05
ThomasAM_2019_c,424,UniRef90_D4LGZ5,726,0.015160555126,8,0.966711051930759,2.0187157291611185e-05
ThomasAM_2019_c,425,UniRef90_W6NZG1,726,0.0146727631287,8,0.966711051930759,1.9537633992942742e-05
ThomasAM_2019_c,426,UniRef90_A6P143,726,0.013347080625,8,0.966711051930759,1.7772410952063915e-05
ThomasAM_2019_c,427,UniRef90_A0A174FJF4,726,0.012749533667,8,0.966711051930759,1.697674256591212e-05
ThomasAM_2019_c,428,UniRef90_A0A173X477,726,0.012692694205,8,0.966711051930759,1.6901057529960054e-05
ThomasAM_2019_c,429,UniRef90_C4ZB99,726,0.0115603999216,8,0.966711051930759,1.539334210599201e-05
ThomasAM_2019_c,430,UniRef90_A0A396G6G2,726,0.011102066522,8,0.966711051930759,1.4783044636484686e-05
ThomasAM_2019_c,431,UniRef90_H1LZ82,726,0.010553017618,8,0.966711051930759,1.4051954218375498e-05
ThomasAM_2019_c,432,UniRef90_B0PDJ9,726,0.010412887011999999,8,0.966711051930759,1.3865362199733686e-05
ThomasAM_2019_c,433,UniRef90_A0A173T960,726,0.010346790055000001,8,0.966711051930759,1.3777350272969375e-05
ThomasAM_2019_c,434,UniRef90_D3AK48,726,0.0100087978267,8,0.966711051930759,1.3327294043541944e-05
ThomasAM_2019_c,435,UniRef90_C4ZEP3,726,0.0091633661709,8,0.966711051930759,1.2201552824101198e-05
ThomasAM_2019_c,436,UniRef90_A0A1L5KH88,726,0.0078175887938,8,0.966711051930759,1.0409572295339548e-05
ThomasAM_2019_c,437,UniRef90_H9CDJ3,726,0.00755100792,8,0.966711051930759,1.0054604420772303e-05
ThomasAM_2019_c,438,UniRef90_A0A0M6WL63,726,0.0069871404036,8,0.966711051930759,9.303782161917444e-06
ThomasAM_2019_c,439,UniRef90_A8RSS0,726,0.0069197187894,8,0.966711051930759,9.214006377363515e-06
ThomasAM_2019_c,440,UniRef90_UPI000E553183,726,0.0060622694447,8,0.966711051930759,8.072262909054594e-06
ThomasAM_2019_c,441,UniRef90_UPI000E51D229,726,0.0046274953008,8,0.966711051930759,6.161778030359521e-06
ThomasAM_2019_c,442,UniRef90_A0A174UIU3,726,0.003575245953,8,0.966711051930759,4.760647074567244e-06
ThomasAM_2019_c,443,UniRef90_R8W025,726,0.00247825223275,8,0.966711051930759,3.2999363951398137e-06
ThomasAM_2019_c,444,UniRef90_A5ZLI4,725,0.047315845799499996,8,0.9653794940079894,6.300378934687083e-05
ThomasAM_2019_c,445,UniRef90_A5KRL0,725,0.045661392299,8,0.9653794940079894,6.0800788680426096e-05
ThomasAM_2019_c,446,UniRef90_Q650G5,725,0.0261994814013,8,0.9653794940079894,3.488612703235686e-05
ThomasAM_2019_c,447,UniRef90_Q5L8B5,725,0.0250368709792,8,0.9653794940079894,3.333804391371505e-05
ThomasAM_2019_c,448,UniRef90_Q8A483,725,0.0249968806943,8,0.9653794940079894,3.3284794533022635e-05
ThomasAM_2019_c,449,UniRef90_Q8A491,725,0.023379411363,8,0.9653794940079894,3.113104043009321e-05
ThomasAM_2019_c,450,UniRef90_A6L0V1,725,0.0216186460025,8,0.9653794940079894,2.878647936418109e-05
ThomasAM_2019_c,451,UniRef90_Q650G6,725,0.0211238397151,8,0.9653794940079894,2.8127616131957388e-05
ThomasAM_2019_c,452,UniRef90_R7KG75,725,0.020645160497,8,0.9653794940079894,2.7490227026631157e-05
ThomasAM_2019_c,453,UniRef90_A0A1Q6HB63,725,0.0199647585745,8,0.9653794940079894,2.6584232456058588e-05
ThomasAM_2019_c,454,UniRef90_R5C3D9,725,0.01915327906,8,0.9653794940079894,2.5503700479360852e-05
ThomasAM_2019_c,455,UniRef90_A0A0P0L796,725,0.0184821810541,8,0.9653794940079894,2.46100946126498e-05
ThomasAM_2019_c,456,UniRef90_Q8A155,725,0.0180984368,8,0.9653794940079894,2.409911691078562e-05
ThomasAM_2019_c,457,UniRef90_A6KWD6,725,0.018013416063199998,8,0.9653794940079894,2.3985906875099865e-05
ThomasAM_2019_c,458,UniRef90_A0A139JUF4,725,0.017477225643,8,0.9653794940079894,2.3271938272969375e-05
ThomasAM_2019_c,459,UniRef90_R5JME6,725,0.017430563828,8,0.9653794940079894,2.3209805363515316e-05
ThomasAM_2019_c,460,UniRef90_A0A3E4G4R4,725,0.0173483020206,8,0.9653794940079894,2.3100269002130493e-05
ThomasAM_2019_c,461,UniRef90_A0A1C5Z857,725,0.017050061728,8,0.9653794940079894,2.2703144777629825e-05
ThomasAM_2019_c,462,UniRef90_B0P655,725,0.016993725765,8,0.9653794940079894,2.2628130179760317e-05
ThomasAM_2019_c,463,UniRef90_K1FTU8,725,0.0156903238963,8,0.9653794940079894,2.089257509494008e-05
ThomasAM_2019_c,464,UniRef90_Q8A2S4,725,0.0151240216324,8,0.9653794940079894,2.013851082876165e-05
ThomasAM_2019_c,465,UniRef90_D4ML16,725,0.014870676139,8,0.9653794940079894,1.98011666298269e-05
ThomasAM_2019_c,466,UniRef90_G9YLS6,725,0.014470269437,8,0.9653794940079894,1.9268001913448735e-05
ThomasAM_2019_c,467,UniRef90_A0A1M6KEV5,725,0.014204184098,8,0.9653794940079894,1.891369387217044e-05
ThomasAM_2019_c,468,UniRef90_A0A174RDH8,725,0.013517676124,8,0.9653794940079894,1.7999568740346205e-05
ThomasAM_2019_c,469,UniRef90_A0A395X3P0,725,0.013342395345,8,0.9653794940079894,1.776617223035952e-05
ThomasAM_2019_c,470,UniRef90_A7B8Q2,725,0.0129111350572,8,0.9653794940079894,1.7191924177363515e-05
ThomasAM_2019_c,471,UniRef90_A7VFZ9,725,0.0128962826968,8,0.9653794940079894,1.7172147399201064e-05
ThomasAM_2019_c,472,UniRef90_A0A173TI16,725,0.0127392563517,8,0.9653794940079894,1.69630577252996e-05
ThomasAM_2019_c,473,UniRef90_H1CH32,725,0.011526469874,8,0.9653794940079894,1.534816228229028e-05
ThomasAM_2019_c,474,UniRef90_C0FQQ4,725,0.010412445180999999,8,0.9653794940079894,1.3864773876165112e-05
ThomasAM_2019_c,475,UniRef90_A0A0S2W8P0,725,0.0100794642198,8,0.9653794940079894,1.3421390439147802e-05
ThomasAM_2019_c,476,UniRef90_A0A285PZB9,725,0.0100374600601,8,0.9653794940079894,1.3365459467509986e-05
ThomasAM_2019_c,477,UniRef90_A0A0T8UEX8,725,0.008854945479,8,0.9653794940079894,1.179087280825566e-05
ThomasAM_2019_c,478,UniRef90_H1HWJ5,725,0.0077600539105,8,0.9653794940079894,1.0332961265645806e-05
ThomasAM_2019_c,479,UniRef90_D9QZM2,725,0.007631297777,8,0.9653794940079894,1.0161515015978696e-05
ThomasAM_2019_c,480,UniRef90_A0A1C5YWX9,725,0.0074313404114,8,0.9653794940079894,9.895260201597869e-06
ThomasAM_2019_c,481,UniRef90_A0A396A4F3,725,0.006749063796,8,0.9653794940079894,8.986769368841544e-06
ThomasAM_2019_c,482,UniRef90_J5UNM3,725,0.006143874973,8,0.9653794940079894,8.180925396804261e-06
ThomasAM_2019_c,483,UniRef90_A0A174QXS4,725,0.0050261420129000004,8,0.9653794940079894,6.692599218242344e-06
ThomasAM_2019_c,484,UniRef90_R5F2A6,725,7.916475278000001e-05,8,0.9653794940079894,1.0541245376830894e-07
ThomasAM_2019_c,485,UniRef90_A0A3E2V1V9,724,0.0592490930896,8,0.9640479360852197,7.889359932037283e-05
ThomasAM_2019_c,486,UniRef90_D1JU46,724,0.0282899775031,8,0.9640479360852197,3.76697436792277e-05
ThomasAM_2019_c,487,UniRef90_A5KP23,724,0.0273541844865,8,0.9640479360852197,3.6423681073901466e-05
ThomasAM_2019_c,488,UniRef90_B0B4B4,724,0.025545120589,8,0.9640479360852197,3.4014807708388817e-05
ThomasAM_2019_c,489,UniRef90_R9HXJ2,724,0.0208098917524,8,0.9640479360852197,2.7709576234886818e-05
ThomasAM_2019_c,490,UniRef90_A6L227,724,0.0204972866932,8,0.9640479360852197,2.7293324491611188e-05
ThomasAM_2019_c,491,UniRef90_Q8A0Z8,724,0.0202594891594,8,0.9640479360852197,2.6976683301464713e-05
ThomasAM_2019_c,492,UniRef90_U2PNB7,724,0.018975797353,8,0.9640479360852197,2.5267373306258322e-05
ThomasAM_2019_c,493,UniRef90_G2SWG8,724,0.0179793306936,8,0.9640479360852197,2.3940520231158453e-05
ThomasAM_2019_c,494,UniRef90_A0A132GMG5,724,0.0169613356252,8,0.9640479360852197,2.2585000832490013e-05
ThomasAM_2019_c,495,UniRef90_R7DWY8,724,0.0165989454472,8,0.9640479360852197,2.2102457319840213e-05
ThomasAM_2019_c,496,UniRef90_A8SV00,724,0.015684670911,8,0.9640479360852197,2.0885047817576563e-05
ThomasAM_2019_c,497,UniRef90_A7LRB1,724,0.0153459994161,8,0.9640479360852197,2.0434087105326232e-05
ThomasAM_2019_c,498,UniRef90_A0A3E2YA41,724,0.014556256988,8,0.9640479360852197,1.9382499318242344e-05
ThomasAM_2019_c,499,UniRef90_R6J7M6,724,0.014395605467,8,0.9640479360852197,1.91685825126498e-05
ThomasAM_2019_c,500,UniRef90_C0EWA4,724,0.014333481903,8,0.9640479360852197,1.9085861388814912e-05
ThomasAM_2019_c,501,UniRef90_A0A3E2VAN0,724,0.0141794819576,8,0.9640479360852197,1.8880801541411452e-05
ThomasAM_2019_c,502,UniRef90_A0A139LIJ9,724,0.01407579003,8,0.9640479360852197,1.8742729733688414e-05
ThomasAM_2019_c,503,UniRef90_A0A0M6WEI8,724,0.013397968379,8,0.9640479360852197,1.7840170944074568e-05
ThomasAM_2019_c,504,UniRef90_C0BE67,724,0.0132147534157,8,0.9640479360852197,1.7596209608122504e-05
ThomasAM_2019_c,505,UniRef90_C9L7J1,724,0.012310244828,8,0.9640479360852197,1.639180403195739e-05
ThomasAM_2019_c,506,UniRef90_C7H5A0,724,0.01161526266,8,0.9640479360852197,1.546639501997337e-05
ThomasAM_2019_c,507,UniRef90_R7N2R9,724,0.011614282657,8,0.9640479360852197,1.546509008921438e-05
ThomasAM_2019_c,508,UniRef90_A0A1C6JTL5,724,0.011102346554,8,0.9640479360852197,1.4783417515312915e-05
ThomasAM_2019_c,509,UniRef90_W5R5G6,724,0.0098555583588,8,0.9640479360852197,1.3123246815978696e-05
ThomasAM_2019_c,510,UniRef90_D4M218,724,0.009617631481,8,0.9640479360852197,1.2806433396804262e-05
ThomasAM_2019_c,511,UniRef90_A0A174HSR4,724,0.0090949796512,8,0.9640479360852197,1.211049221198402e-05
ThomasAM_2019_c,512,UniRef90_C5ER71,724,0.0090665578232,8,0.9640479360852197,1.2072646901731026e-05
ThomasAM_2019_c,513,UniRef90_U5F5C0,724,0.008124545825,8,0.9640479360852197,1.0818303362183754e-05
ThomasAM_2019_c,514,UniRef90_B0NGI2,724,0.007705516862,8,0.9640479360852197,1.0260342026631159e-05
ThomasAM_2019_c,515,UniRef90_I0R6Y6,724,0.0062981428806000005,8,0.9640479360852197,8.386342051398137e-06
ThomasAM_2019_c,516,UniRef90_A7VEU0,724,0.0042531790529000005,8,0.9640479360852197,5.663354264846871e-06
ThomasAM_2019_c,517,UniRef90_B1BA66,724,0.003070237269,8,0.9640479360852197,4.088198760319574e-06
ThomasAM_2019_c,518,UniRef90_A0A3E2W7G5,723,0.090358453335,8,0.96271637816245,0.0001203175144274301
ThomasAM_2019_c,519,UniRef90_A0A395YXK2,723,0.027317196175,8,0.96271637816245,3.637442899467377e-05
ThomasAM_2019_c,520,UniRef90_I3YIY6,723,0.0255006976511,8,0.96271637816245,3.395565599347536e-05
ThomasAM_2019_c,521,UniRef90_R9HWQ8,723,0.021633369951,8,0.96271637816245,2.880608515446072e-05
ThomasAM_2019_c,522,UniRef90_D4KKP9,723,0.0211585389088,8,0.96271637816245,2.8173820118242346e-05
ThomasAM_2019_c,523,UniRef90_R9HNH3,723,0.020965321523,8,0.96271637816245,2.7916539977363514e-05
ThomasAM_2019_c,524,UniRef90_D4IQJ1,723,0.020956112743,8,0.96271637816245,2.7904277953395474e-05
ThomasAM_2019_c,525,UniRef90_Q5LAX0,723,0.0197136523913,8,0.96271637816245,2.6249870028362186e-05
ThomasAM_2019_c,526,UniRef90_Q89Z22,723,0.017013248177,8,0.96271637816245,2.2654125402130493e-05
ThomasAM_2019_c,527,UniRef90_Q8A9M2,723,0.0167614579578,8,0.96271637816245,2.2318852140878828e-05
ThomasAM_2019_c,528,UniRef90_E4MAW9,723,0.0159389033934,8,0.96271637816245,2.122357309374168e-05
ThomasAM_2019_c,529,UniRef90_A0A139K2S1,723,0.0157301428339,8,0.96271637816245,2.094559631677763e-05
ThomasAM_2019_c,530,UniRef90_A5ZAM4,723,0.015617415441699999,8,0.96271637816245,2.079549326458056e-05
ThomasAM_2019_c,531,UniRef90_D7GUX7,723,0.015598177844,8,0.96271637816245,2.0769877288948068e-05
ThomasAM_2019_c,532,UniRef90_Q8AAG5,723,0.015239802145600001,8,0.96271637816245,2.0292679288415446e-05
ThomasAM_2019_c,533,UniRef90_A0A069D0K7,723,0.015028711816,8,0.96271637816245,2.0011600287616512e-05
ThomasAM_2019_c,534,UniRef90_A6BL09,723,0.014746507616,8,0.96271637816245,1.9635829049267643e-05
ThomasAM_2019_c,535,UniRef90_R6JF12,723,0.0147011040383,8,0.96271637816245,1.9575371555659122e-05
ThomasAM_2019_c,536,UniRef90_Q8A9C2,723,0.0138182021715,8,0.96271637816245,1.8399736579893475e-05
ThomasAM_2019_c,537,UniRef90_G9RNY1,723,0.0135222635833,8,0.96271637816245,1.8005677208122504e-05
ThomasAM_2019_c,538,UniRef90_A0A176U3W6,723,0.013286878426000001,8,0.96271637816245,1.7692248237017313e-05
ThomasAM_2019_c,539,UniRef90_A0A174D2X7,723,0.011864177340999999,8,0.96271637816245,1.5797839335552596e-05
ThomasAM_2019_c,540,UniRef90_E5XF82,723,0.0118508039554,8,0.96271637816245,1.5780031898002663e-05
ThomasAM_2019_c,541,UniRef90_C7H2T7,723,0.011659565761,8,0.96271637816245,1.5525387165113183e-05
ThomasAM_2019_c,542,UniRef90_Q8A624,723,0.011267768065399999,8,0.96271637816245,1.5003685839414114e-05
ThomasAM_2019_c,543,UniRef90_A0A3E4TMC8,723,0.0096576304123,8,0.96271637816245,1.2859694290679095e-05
ThomasAM_2019_c,544,UniRef90_E2ZN33,723,0.0096502320067,8,0.96271637816245,1.2849842885086551e-05
ThomasAM_2019_c,545,UniRef90_A0A174TSL2,723,0.00883224212,8,0.96271637816245,1.1760641970705725e-05
ThomasAM_2019_c,546,UniRef90_A0A2A7AHW3,723,0.008789610891,8,0.96271637816245,1.1703876019973368e-05
ThomasAM_2019_c,547,UniRef90_A0A396G9A0,723,0.0080967145651,8,0.96271637816245,1.0781244427563248e-05
ThomasAM_2019_c,548,UniRef90_A0A176U4A7,723,0.007652610743,8,0.96271637816245,1.0189894464713714e-05
ThomasAM_2019_c,549,UniRef90_V2Y2V4,723,0.0062601103527000004,8,0.96271637816245,8.335699537549934e-06
ThomasAM_2019_c,550,UniRef90_A0A3F3K6N7,723,0.0022038308750999998,8,0.96271637816245,2.9345284621837546e-06
ThomasAM_2019_c,551,UniRef90_A0A3D2YDV6,723,0.00013413204982999999,8,0.96271637816245,1.786045936484687e-07
ThomasAM_2019_c,552,UniRef90_Q5L8C7,722,0.032118126893,8,0.9613848202396804,4.27671463288948e-05
ThomasAM_2019_c,553,UniRef90_A0A174ES80,722,0.024896877969,8,0.9613848202396804,3.315163511185086e-05
ThomasAM_2019_c,554,UniRef90_I9QVV4,722,0.0234163922535,8,0.9613848202396804,3.118028262782956e-05
ThomasAM_2019_c,555,UniRef90_A6L050,722,0.020939431047500002,8,0.9613848202396804,2.7882065309587218e-05
ThomasAM_2019_c,556,UniRef90_B0NTF1,722,0.020871771144,8,0.9613848202396804,2.7791972229027962e-05
ThomasAM_2019_c,557,UniRef90_R6JM89,722,0.0202870428063,8,0.9613848202396804,2.701337257829561e-05
ThomasAM_2019_c,558,UniRef90_B0NR18,722,0.0198016831485,8,0.9613848202396804,2.6367088080559255e-05
ThomasAM_2019_c,559,UniRef90_W4PT15,722,0.019731438035,8,0.9613848202396804,2.6273552643142475e-05
ThomasAM_2019_c,560,UniRef90_E6SW15,722,0.019114985581,8,0.9613848202396804,2.5452710494007987e-05
ThomasAM_2019_c,561,UniRef90_R7J8P5,722,0.017879142114,8,0.9613848202396804,2.380711333422104e-05
ThomasAM_2019_c,562,UniRef90_G2T4T7,722,0.0164910069641,8,0.9613848202396804,2.195873097749667e-05
ThomasAM_2019_c,563,UniRef90_Q8A0Z5,722,0.016055875684,8,0.9613848202396804,2.137932847403462e-05
ThomasAM_2019_c,564,UniRef90_R5VX92,722,0.0148776080345,8,0.9613848202396804,1.9810396850199734e-05
ThomasAM_2019_c,565,UniRef90_A8RRJ5,722,0.014279827311,8,0.9613848202396804,1.901441719174434e-05
ThomasAM_2019_c,566,UniRef90_A7AZP9,722,0.013491102088000001,8,0.9613848202396804,1.7964183872170442e-05
ThomasAM_2019_c,567,UniRef90_A0A395V6C3,722,0.010359958456,8,0.9613848202396804,1.3794884761651132e-05
ThomasAM_2019_c,568,UniRef90_F7KMY8,722,0.010269344752,8,0.9613848202396804,1.3674227366178429e-05
ThomasAM_2019_c,569,UniRef90_C6LH49,722,0.009907420812700001,8,0.9613848202396804,1.3192304677363517e-05
ThomasAM_2019_c,570,UniRef90_A0A3E4WS26,722,0.00967729020134,8,0.9613848202396804,1.2885872438535286e-05
ThomasAM_2019_c,571,UniRef90_D4ML29,722,0.0085641522759,8,0.9613848202396804,1.1403664814780291e-05
ThomasAM_2019_c,572,UniRef90_A0A174UTZ4,722,0.0080135691846,8,0.9613848202396804,1.0670531537416778e-05
ThomasAM_2019_c,573,UniRef90_D1PJ32,722,0.0070123371054,8,0.9613848202396804,9.337333029826898e-06
ThomasAM_2019_c,574,UniRef90_A0A174Z481,722,0.0069893652578,8,0.9613848202396804,9.306744684154462e-06
ThomasAM_2019_c,575,UniRef90_C0FQI1,722,0.0068292253937,8,0.9613848202396804,9.093509179360853e-06
ThomasAM_2019_c,576,UniRef90_A0A0F0C8D4,722,0.0060805822242999,8,0.9613848202396804,8.096647435818775e-06
ThomasAM_2019_c,577,UniRef90_A0A174KZR2,722,0.0030724972238000002,8,0.9613848202396804,4.0912080210386155e-06
ThomasAM_2019_c,578,UniRef90_F7KLS3,722,0.00195252908386,8,0.9613848202396804,2.599905571051931e-06
ThomasAM_2019_c,579,UniRef90_E2SIR4,721,0.0302010765347,8,0.9600532623169108,4.021448273595206e-05
ThomasAM_2019_c,580,UniRef90_C0B7X0,721,0.029726817115999997,8,0.9600532623169108,3.958297884953395e-05
ThomasAM_2019_c,581,UniRef90_Q8A465,721,0.023529000736000002,8,0.9600532623169108,3.1330227344873504e-05
ThomasAM_2019_c,582,UniRef90_A0A174DNB1,721,0.022264430813200002,8,0.9600532623169108,2.9646379245272973e-05
ThomasAM_2019_c,583,UniRef90_Q8A1F7,721,0.021158084756999998,8,0.9600532623169108,2.817321538881491e-05
ThomasAM_2019_c,584,UniRef90_E5WY79,721,0.020013385605900002,8,0.9600532623169108,2.664898216498003e-05
ThomasAM_2019_c,585,UniRef90_A6L6L6,721,0.018721723843,8,0.9600532623169108,2.492905971105193e-05
ThomasAM_2019_c,586,UniRef90_A7VCS5,721,0.018299895408,8,0.9600532623169108,2.436737071637816e-05
ThomasAM_2019_c,587,UniRef90_A0A0P0M4R8,721,0.017841604524,8,0.9600532623169108,2.375712985885486e-05
ThomasAM_2019_c,588,UniRef90_A0A174ARQ5,721,0.0162398226358,8,0.9600532623169108,2.1624264495073235e-05
ThomasAM_2019_c,589,UniRef90_Q8A9A0,721,0.0158269823748,8,0.9600532623169108,2.10745437747004e-05
ThomasAM_2019_c,590,UniRef90_A0A2N5NWD5,721,0.0157027088,8,0.9600532623169108,2.0909066311584552e-05
ThomasAM_2019_c,591,UniRef90_A0A329TNI2,721,0.014875588441,8,0.9600532623169108,1.9807707644474036e-05
ThomasAM_2019_c,592,UniRef90_R6JI09,721,0.0148261118611,8,0.9600532623169108,1.9741826712516643e-05
ThomasAM_2019_c,593,UniRef90_A0A396GCE4,721,0.014639284538100001,8,0.9600532623169108,1.9493055310386152e-05
ThomasAM_2019_c,594,UniRef90_B6FKK1,721,0.014220099386,8,0.9600532623169108,1.8934886e-05
ThomasAM_2019_c,595,UniRef90_Q8A6P7,721,0.0141558428134,8,0.9600532623169108,1.8849324651664447e-05
ThomasAM_2019_c,596,UniRef90_C0F0D4,721,0.013836789961,8,0.9600532623169108,1.8424487298268975e-05
ThomasAM_2019_c,597,UniRef90_UPI0009EC6804,721,0.0133126397894,8,0.9600532623169108,1.7726550984553927e-05
ThomasAM_2019_c,598,UniRef90_A0A329TLD1,721,0.012112574979,8,0.9600532623169108,1.612859517842876e-05
ThomasAM_2019_c,599,UniRef90_C0FVR2,721,0.011589870761,8,0.9600532623169108,1.543258423568575e-05
ThomasAM_2019_c,600,UniRef90_C4Z954,721,0.0103796977674,8,0.9600532623169108,1.3821168798135819e-05
ThomasAM_2019_c,601,UniRef90_A7AZK8,721,0.010129269501,8,0.9600532623169108,1.3487709055925433e-05
ThomasAM_2019_c,602,UniRef90_C0FQS1,721,0.0096108241184,8,0.9600532623169108,1.2797368999201066e-05
ThomasAM_2019_c,603,UniRef90_B0PDJ0,721,0.008685281033,8,0.9600532623169108,1.1564954770972037e-05
ThomasAM_2019_c,604,UniRef90_G2T4T0,721,0.0077931310249999995,8,0.9600532623169108,1.0377005359520639e-05
ThomasAM_2019_c,605,UniRef90_C6LJT8,721,0.0063346873365,8,0.9600532623169108,8.435003111185087e-06
ThomasAM_2019_c,606,UniRef90_J6HFP1,721,0.006098907164,8,0.9600532623169108,8.121048154460719e-06
ThomasAM_2019_c,607,UniRef90_UPI000E509EF5,721,0.005721677391,8,0.9600532623169108,7.618744861517976e-06
ThomasAM_2019_c,608,UniRef90_A0A174XQ94,721,0.0045517474513,8,0.9600532623169108,6.0609153812250334e-06
ThomasAM_2019_c,609,UniRef90_A0A173VE53,721,0.00218836839925,8,0.9600532623169108,2.913939279960053e-06
ThomasAM_2019_c,610,UniRef90_A0A069S980,720,0.069415446085,8,0.9587217043941412,9.243068719707058e-05
ThomasAM_2019_c,611,UniRef90_A0A3E2W8H8,720,0.064935068436,8,0.9587217043941412,8.646480484154461e-05
ThomasAM_2019_c,612,UniRef90_B6FT18,720,0.030233080638,8,0.9587217043941412,4.025709805326232e-05
ThomasAM_2019_c,613,UniRef90_D4L236,720,0.0190332622245,8,0.9587217043941412,2.5343891111185087e-05
ThomasAM_2019_c,614,UniRef90_Q8A475,720,0.015301261421600001,8,0.9587217043941412,2.0374515874300934e-05
ThomasAM_2019_c,615,UniRef90_R5JUT8,720,0.014657216314,8,0.9587217043941412,1.9516932508655127e-05
ThomasAM_2019_c,616,UniRef90_D4JT21,720,0.014028281210999999,8,0.9587217043941412,1.8679468989347536e-05
ThomasAM_2019_c,617,UniRef90_A0A173VFV9,720,0.012897694171,8,0.9587217043941412,1.717402685885486e-05
ThomasAM_2019_c,618,UniRef90_A0A174GT87,720,0.012807840317,8,0.9587217043941412,1.7054381247669773e-05
ThomasAM_2019_c,619,UniRef90_R6VHQ2,720,0.0123784779797,8,0.9587217043941412,1.648266042569907e-05
ThomasAM_2019_c,620,UniRef90_Q8A1E9,720,0.0121805330193,8,0.9587217043941412,1.6219085245406124e-05
ThomasAM_2019_c,621,UniRef90_A0A395X5F0,720,0.01092338219,8,0.9587217043941412,1.4545116098535288e-05
ThomasAM_2019_c,622,UniRef90_A0A2A6ZAW7,720,0.010218146927,8,0.9587217043941412,1.3606054496671105e-05
ThomasAM_2019_c,623,UniRef90_A0A0M6WYS7,720,0.009057467162,8,0.9587217043941412,1.206054215978695e-05
ThomasAM_2019_c,624,UniRef90_C5EWQ8,720,0.0078435034188,8,0.9587217043941412,1.0444079119573901e-05
ThomasAM_2019_c,625,UniRef90_H1LZ69,720,0.0065319357052,8,0.9587217043941412,8.697650739280959e-06
ThomasAM_2019_c,626,UniRef90_C0FXK6,720,0.0061468568221,8,0.9587217043941412,8.18489590159787e-06
ThomasAM_2019_c,627,UniRef90_U2CUG5,720,0.00500912975,8,0.9587217043941412,6.6699464047936085e-06
ThomasAM_2019_c,628,UniRef90_D4JTX2,720,0.0038924490535,8,0.9587217043941412,5.183021376165114e-06
ThomasAM_2019_c,629,UniRef90_U2SJF7,720,0.0038576453826,8,0.9587217043941412,5.136678272436751e-06
ThomasAM_2019_c,630,UniRef90_E5VPR3,720,0.0023941861623000002,8,0.9587217043941412,3.1879975529960055e-06
ThomasAM_2019_c,631,UniRef90_A0A3E4GL34,719,0.0484105624093,8,0.9573901464713716,6.446146792183755e-05
ThomasAM_2019_c,632,UniRef90_B8QUG6,719,0.0249587193878,8,0.9573901464713716,3.323398054300932e-05
ThomasAM_2019_c,633,UniRef90_A0A174PPU0,719,0.022073100158,8,0.9573901464713716,2.9391611395472702e-05
ThomasAM_2019_c,634,UniRef90_D7GUX9,719,0.019172562921,8,0.9573901464713716,2.552937805725699e-05
ThomasAM_2019_c,635,UniRef90_Q8A9J2,719,0.0165271249653,8,0.9573901464713716,2.2006824188149135e-05
ThomasAM_2019_c,636,UniRef90_A0A0P0GDE8,719,0.016168692683,8,0.9573901464713716,2.1529550842876165e-05
ThomasAM_2019_c,637,UniRef90_Q8A525,719,0.0158198784931,8,0.9573901464713716,2.1065084544740348e-05
ThomasAM_2019_c,638,UniRef90_D4VDF7,719,0.0156420125627,8,0.9573901464713716,2.0828245755925434e-05
ThomasAM_2019_c,639,UniRef90_D6DLD6,719,0.014658359405100001,8,0.9573901464713716,1.951845460066578e-05
ThomasAM_2019_c,640,UniRef90_R6JK25,719,0.013634235921999999,8,0.9573901464713716,1.8154774862849532e-05
ThomasAM_2019_c,641,UniRef90_D4MYD8,719,0.01330979834928,8,0.9573901464713716,1.7722767442450068e-05
ThomasAM_2019_c,642,UniRef90_R5J6I6,719,0.013219529713,8,0.9573901464713716,1.7602569524633822e-05
ThomasAM_2019_c,643,UniRef90_A0A174VPV8,719,0.012865469002,8,0.9573901464713716,1.713111717976032e-05
ThomasAM_2019_c,644,UniRef90_A0A3E4W6B3,719,0.012835445489,8,0.9573901464713716,1.709113913315579e-05
ThomasAM_2019_c,645,UniRef90_A0A076J2Q7,719,0.0127660058746,8,0.9573901464713716,1.6998676264447404e-05
ThomasAM_2019_c,646,UniRef90_A6BEX3,719,0.0124157583754,8,0.9573901464713716,1.653230143195739e-05
ThomasAM_2019_c,647,UniRef90_R5S2B6,719,0.0122814542217,8,0.9573901464713716,1.6353467672037284e-05
ThomasAM_2019_c,648,UniRef90_W4UXB0,719,0.012129853158,8,0.9573901464713716,1.6151602074567243e-05
ThomasAM_2019_c,649,UniRef90_D1PLZ5,719,0.011869780211300002,8,0.9573901464713716,1.5805299881890816e-05
ThomasAM_2019_c,650,UniRef90_A0A174EAY6,719,0.011750499061,8,0.9573901464713716,1.564647012117177e-05
ThomasAM_2019_c,651,UniRef90_D4L2I7,719,0.011479308431600001,8,0.9573901464713716,1.5285364090013316e-05
ThomasAM_2019_c,652,UniRef90_Q5LJ70,719,0.0113273686186,8,0.9573901464713716,1.5083047428229027e-05
ThomasAM_2019_c,653,UniRef90_Q8A463,719,0.011206162996,8,0.9573901464713716,1.4921655121171771e-05
ThomasAM_2019_c,654,UniRef90_C7H6Y3,719,0.011134882562,8,0.9573901464713716,1.4826741094540614e-05
ThomasAM_2019_c,655,UniRef90_C4ZEQ8,719,0.010607852377,8,0.9573901464713716,1.4124969876165114e-05
ThomasAM_2019_c,656,UniRef90_A0A396E1H8,719,0.0102763668763,8,0.9573901464713716,1.3683577731424767e-05
ThomasAM_2019_c,657,UniRef90_A0A174PVT9,719,0.0102580691294,8,0.9573901464713716,1.3659213221571237e-05
ThomasAM_2019_c,658,UniRef90_Q8A9V4,719,0.0095918728101,8,0.9573901464713716,1.277213423448735e-05
ThomasAM_2019_c,659,UniRef90_B0GA48,719,0.009403002752,8,0.9573901464713716,1.2520642812250332e-05
ThomasAM_2019_c,660,UniRef90_A0A396ADT9,719,0.008646725727,8,0.9573901464713716,1.151361614780293e-05
ThomasAM_2019_c,661,UniRef90_A8S6W2,719,0.0083013251814,8,0.9573901464713716,1.1053695314780291e-05
ThomasAM_2019_c,662,UniRef90_C6LMP6,719,0.0081895644549,8,0.9573901464713716,1.0904879433954727e-05
ThomasAM_2019_c,663,UniRef90_B6FNP2,719,0.0066100001335,8,0.9573901464713716,8.801598047270305e-06
ThomasAM_2019_c,664,UniRef90_A0A061RU83,719,0.0059020290199,8,0.9573901464713716,7.858893501864181e-06
ThomasAM_2019_c,665,UniRef90_U2DA10,719,0.0048668228156,8,0.9573901464713716,6.480456478828229e-06
ThomasAM_2019_c,666,UniRef90_C4Z2R6,719,0.0026971283737999997,8,0.9573901464713716,3.591382654860186e-06
ThomasAM_2019_c,667,UniRef90_A0A174BUL0,719,0.0022628349218,8,0.9573901464713716,3.01309576804261e-06
ThomasAM_2019_c,668,UniRef90_A0A3E2ESS1,719,0.0001358108339,8,0.9573901464713716,1.808399918774967e-07
ThomasAM_2019_c,669,UniRef90_Q8A1F6,718,0.030779835979,8,0.9560585885486018,4.098513445938749e-05
ThomasAM_2019_c,670,UniRef90_A0A2A6ZB40,718,0.018476484672300002,8,0.9560585885486018,2.4602509550332893e-05
ThomasAM_2019_c,671,UniRef90_C0FWL4,718,0.0180265256379,8,0.9560585885486018,2.400336303315579e-05
ThomasAM_2019_c,672,UniRef90_A6LE88,718,0.017615007468000002,8,0.9560585885486018,2.3455402753661786e-05
ThomasAM_2019_c,673,UniRef90_A0A3E4WLB1,718,0.016393714561,8,0.9560585885486018,2.182918050732357e-05
ThomasAM_2019_c,674,UniRef90_Q8AA38,718,0.016250238801,8,0.9560585885486018,2.1638134222370172e-05
ThomasAM_2019_c,675,UniRef90_A6BIC0,718,0.014915037254,8,0.9560585885486018,1.9860236023968043e-05
ThomasAM_2019_c,676,UniRef90_A6KYJ8,718,0.014895667880000001,8,0.9560585885486018,1.9834444580559257e-05
ThomasAM_2019_c,677,UniRef90_D4WMR9,718,0.014042865618999999,8,0.9560585885486018,1.869888897336884e-05
ThomasAM_2019_c,678,UniRef90_Q8A8R5,718,0.0135741780015,8,0.9560585885486018,1.807480426298269e-05
ThomasAM_2019_c,679,UniRef90_C4ZEP4,718,0.013329337085,8,0.9560585885486018,1.7748784400798936e-05
ThomasAM_2019_c,680,UniRef90_A0A174CBR2,718,0.0133055064097,8,0.9560585885486018,1.7717052476298267e-05
ThomasAM_2019_c,681,UniRef90_R7CVM1,718,0.013259061554,8,0.9560585885486018,1.765520846071904e-05
ThomasAM_2019_c,682,UniRef90_R5J0A3,718,0.0130786781129,8,0.9560585885486018,1.7415017460585886e-05
ThomasAM_2019_c,683,UniRef90_A0A395X5I7,718,0.013068445078,8,0.9560585885486018,1.7401391581890812e-05
ThomasAM_2019_c,684,UniRef90_A0A139KHM2,718,0.012256682458999999,8,0.9560585885486018,1.632048263515313e-05
ThomasAM_2019_c,685,UniRef90_F3PTR4,718,0.0122527444,8,0.9560585885486018,1.6315238881491345e-05
ThomasAM_2019_c,686,UniRef90_Q5L7Z7,718,0.012151308064,8,0.9560585885486018,1.618017052463382e-05
ThomasAM_2019_c,687,UniRef90_A0A3E4FZP2,718,0.011986568572099999,8,0.9560585885486018,1.596081034900133e-05
ThomasAM_2019_c,688,UniRef90_A0A174XP28,718,0.011873142985,8,0.9560585885486018,1.580977760985353e-05
ThomasAM_2019_c,689,UniRef90_Q8A468,718,0.011703319277000001,8,0.9560585885486018,1.5583647505992014e-05
ThomasAM_2019_c,690,UniRef90_A0A174UXW6,718,0.0116768055876,8,0.9560585885486018,1.5548342992809587e-05
ThomasAM_2019_c,691,UniRef90_W4PJH4,718,0.0115295906718,8,0.9560585885486018,1.5352317805326233e-05
ThomasAM_2019_c,692,UniRef90_A0A285PPJ6,718,0.011329977633000001,8,0.9560585885486018,1.508652148202397e-05
ThomasAM_2019_c,693,UniRef90_Q8A608,718,0.010982738749,8,0.9560585885486018,1.4624152794940079e-05
ThomasAM_2019_c,694,UniRef90_G2T0E6,718,0.0106391640783,8,0.9560585885486018,1.4166663220106524e-05
ThomasAM_2019_c,695,UniRef90_Q8A2E9,718,0.010570458412,8,0.9560585885486018,1.4075177645805592e-05
ThomasAM_2019_c,696,UniRef90_U2PTN3,718,0.0104059065656,8,0.9560585885486018,1.38560673310253e-05
ThomasAM_2019_c,697,UniRef90_A5ZS75,718,0.0098637953388,8,0.9560585885486018,1.313421483195739e-05
ThomasAM_2019_c,698,UniRef90_C4Z9Z8,718,0.009285736695200001,8,0.9560585885486018,1.236449626524634e-05
ThomasAM_2019_c,699,UniRef90_A7VI75,718,0.0091929492735,8,0.9560585885486018,1.2240944438748335e-05
ThomasAM_2019_c,700,UniRef90_C0CYA8,718,0.0084922711311,8,0.9560585885486018,1.1307950906924101e-05
ThomasAM_2019_c,701,UniRef90_B8QUH0,718,0.008110794962,8,0.9560585885486018,1.0799993291611185e-05
ThomasAM_2019_c,702,UniRef90_A0A2A7A0J8,718,0.007273951918,8,0.9560585885486018,9.685688306258321e-06
ThomasAM_2019_c,703,UniRef90_U5F4H4,718,0.0067379274667,8,0.9560585885486018,8.971940701331558e-06
ThomasAM_2019_c,704,UniRef90_A0A1E3AP68,718,0.0062759648527,8,0.9560585885486018,8.356810722636484e-06
ThomasAM_2019_c,705,UniRef90_V2XJP5,718,0.005982231447,8,0.9560585885486018,7.96568767909454e-06
ThomasAM_2019_c,706,UniRef90_A8RCH3,718,0.005845393168,8,0.9560585885486018,7.783479584553929e-06
ThomasAM_2019_c,707,UniRef90_D4KAT9,718,0.0054618286414,8,0.9560585885486018,7.272741200266312e-06
ThomasAM_2019_c,708,UniRef90_A0A086ZXH7,718,0.0045626315684,8,0.9560585885486018,6.075408213581891e-06
ThomasAM_2019_c,709,UniRef90_UPI000E5061B6,718,0.0013347753418,8,0.9560585885486018,1.7773306814913449e-06
ThomasAM_2019_c,710,UniRef90_E1Z1J4,717,0.024623452652,8,0.9547270306258322,3.278755346471371e-05
ThomasAM_2019_c,711,UniRef90_A0A396E717,717,0.024524870781,8,0.9547270306258322,3.2656285993342215e-05
ThomasAM_2019_c,712,UniRef90_A6L5E4,717,0.018415429763,8,0.9547270306258322,2.4521211402130493e-05
ThomasAM_2019_c,713,UniRef90_K6ADG5,717,0.0161541318614,8,0.9547270306258322,2.1510162265512647e-05
ThomasAM_2019_c,714,UniRef90_A0A076IVA3,717,0.0152998575,8,0.9547270306258322,2.0372646471371505e-05
ThomasAM_2019_c,715,UniRef90_B7ANN7,717,0.01455178828,8,0.9547270306258322,1.93765489747004e-05
ThomasAM_2019_c,716,UniRef90_A0A396DXA9,717,0.0135168678045,8,0.9547270306258322,1.799849241611185e-05
ThomasAM_2019_c,717,UniRef90_A0A173T7G7,717,0.013397243616,8,0.9547270306258322,1.7839205880159786e-05
ThomasAM_2019_c,718,UniRef90_A0A396A1T1,717,0.0129415420866,8,0.9547270306258322,1.7232412898268975e-05
ThomasAM_2019_c,719,UniRef90_A0A174SJJ8,717,0.0129200329602,8,0.9547270306258322,1.7203772250599203e-05
ThomasAM_2019_c,720,UniRef90_Q8A2S5,717,0.012806783012,8,0.9547270306258322,1.705297338482024e-05
ThomasAM_2019_c,721,UniRef90_R6K3Z5,717,0.011731728668,8,0.9547270306258322,1.562147625565912e-05
ThomasAM_2019_c,722,UniRef90_D4V9V2,717,0.0116889254109,8,0.9547270306258322,1.556448123954727e-05
ThomasAM_2019_c,723,UniRef90_A0A139KHH7,717,0.011620475341,8,0.9547270306258322,1.547333600665779e-05
ThomasAM_2019_c,724,UniRef90_F7LJ47,717,0.011221264377,8,0.9547270306258322,1.4941763484687084e-05
ThomasAM_2019_c,725,UniRef90_A0A139L5E5,717,0.01105627675,8,0.9547270306258322,1.4722072902796271e-05
ThomasAM_2019_c,726,UniRef90_Q5LD96,717,0.0109602496499,8,0.9547270306258322,1.4594207256857524e-05
ThomasAM_2019_c,727,UniRef90_R5U104,717,0.010865813422,8,0.9547270306258322,1.4468459949400797e-05
ThomasAM_2019_c,728,UniRef90_C6IGG8,717,0.0108393398002,8,0.9547270306258322,1.4433208788548601e-05
ThomasAM_2019_c,729,UniRef90_A0A139K309,717,0.010764551087,8,0.9547270306258322,1.4333623284953395e-05
ThomasAM_2019_c,730,UniRef90_A0A329TZU2,717,0.0106613702807,8,0.9547270306258322,1.419623206484687e-05
ThomasAM_2019_c,731,UniRef90_A0A174EHG3,717,0.010646892875000001,8,0.9547270306258322,1.4176954560585887e-05
ThomasAM_2019_c,732,UniRef90_Q5L9Q6,717,0.0105445028437,8,0.9547270306258322,1.4040616303195738e-05
ThomasAM_2019_c,733,UniRef90_B0NIC2,717,0.01046169849,8,0.9547270306258322,1.3930357509986686e-05
ThomasAM_2019_c,734,UniRef90_C0FQS4,717,0.010043338301,8,0.9547270306258322,1.337328668575233e-05
ThomasAM_2019_c,735,UniRef90_R6QJQ5,717,0.009336665784399999,8,0.9547270306258322,1.2432311297470039e-05
ThomasAM_2019_c,736,UniRef90_Q5LGL5,717,0.00854842467,8,0.9547270306258322,1.138272259653795e-05
ThomasAM_2019_c,737,UniRef90_A0A175A4P5,717,0.0075194023885,8,0.9547270306258322,1.0012519824900134e-05
ThomasAM_2019_c,738,UniRef90_C0FW27,717,0.007412156154,8,0.9547270306258322,9.869715251664447e-06
ThomasAM_2019_c,739,UniRef90_C9L7J4,717,0.0073577995407,8,0.9547270306258322,9.797336272569907e-06
ThomasAM_2019_c,740,UniRef90_A0A3E2B0H7,717,0.007327628577,8,0.9547270306258322,9.757161886817577e-06
ThomasAM_2019_c,741,UniRef90_A0A3E2WMI2,717,0.00728436534,8,0.9547270306258322,9.699554380825566e-06
ThomasAM_2019_c,742,UniRef90_A0A1H4BVR5,717,0.0064255923522,8,0.9547270306258322,8.556048405059921e-06
ThomasAM_2019_c,743,UniRef90_T0NDH0,717,0.005155177108,8,0.9547270306258322,6.864416921438083e-06
ThomasAM_2019_c,744,UniRef90_C4Z2R0,717,0.0049696618289,8,0.9547270306258322,6.617392581757656e-06
ThomasAM_2019_c,745,UniRef90_A0A173SLK3,717,0.0029024999822,8,0.9547270306258322,3.864846847137151e-06
ThomasAM_2019_c,746,UniRef90_D4JQL3,716,0.0325301507034,8,0.9533954727030626,4.331577989800266e-05
ThomasAM_2019_c,747,UniRef90_A0A140JXE0,716,0.0302531966225,8,0.9533954727030626,4.02838836517976e-05
ThomasAM_2019_c,748,UniRef90_R5JSR8,716,0.018824578993,8,0.9533954727030626,2.506601730093209e-05
ThomasAM_2019_c,749,UniRef90_A0A139K413,716,0.018478734045,8,0.9533954727030626,2.4605504720372835e-05
ThomasAM_2019_c,750,UniRef90_B0PDH4,716,0.017704667673,8,0.9533954727030626,2.3574790509986685e-05
ThomasAM_2019_c,751,UniRef90_B0NSG7,716,0.0175403234123,8,0.9533954727030626,2.335595660758988e-05
ThomasAM_2019_c,752,UniRef90_A6KYH6,716,0.0175380870596,8,0.9533954727030626,2.3352978774434087e-05
ThomasAM_2019_c,753,UniRef90_A0A396AE49,716,0.017532211459,8,0.9533954727030626,2.3345155071904127e-05
ThomasAM_2019_c,754,UniRef90_C4ZFE2,716,0.0169366490109,8,0.9533954727030626,2.255212917563249e-05
ThomasAM_2019_c,755,UniRef90_A0A081TW72,716,0.0165576188365,8,0.9533954727030626,2.2047428543941413e-05
ThomasAM_2019_c,756,UniRef90_A0A0P0L353,716,0.016217408981,8,0.9533954727030626,2.1594419415446072e-05
ThomasAM_2019_c,757,UniRef90_E2ZNI5,716,0.0154190923252,8,0.9533954727030626,2.0531414547536618e-05
ThomasAM_2019_c,758,UniRef90_Q8A489,716,0.014745210689000001,8,0.9533954727030626,1.963410211584554e-05
ThomasAM_2019_c,759,UniRef90_R6CPJ3,716,0.014126225407,8,0.9533954727030626,1.880988735952064e-05
ThomasAM_2019_c,760,UniRef90_A0A174DTK3,716,0.013751964674,8,0.9533954727030626,1.8311537515312917e-05
ThomasAM_2019_c,761,UniRef90_Q5L8B2,716,0.013614030896,8,0.9533954727030626,1.812787070039947e-05
ThomasAM_2019_c,762,UniRef90_F3PVG7,716,0.013292614204999999,8,0.9533954727030626,1.7699885758988015e-05
ThomasAM_2019_c,763,UniRef90_A0A120A3C2,716,0.0129562024705,8,0.9533954727030626,1.7251934048601866e-05
ThomasAM_2019_c,764,UniRef90_R6K688,716,0.012531829927,8,0.9533954727030626,1.6686857426098535e-05
ThomasAM_2019_c,765,UniRef90_A0A174IM38,716,0.012187269737,8,0.9533954727030626,1.6228055575233022e-05
ThomasAM_2019_c,766,UniRef90_A0A174T2A6,716,0.0121640816494,8,0.9533954727030626,1.6197179293475365e-05
ThomasAM_2019_c,767,UniRef90_C7H6Y8,716,0.0121458291131,8,0.9533954727030626,1.617287498415446e-05
ThomasAM_2019_c,768,UniRef90_Q8A1A7,716,0.012103681936,8,0.9533954727030626,1.611675357656458e-05
ThomasAM_2019_c,769,UniRef90_A0A173T3I9,716,0.011992739191000001,8,0.9533954727030626,1.596902688548602e-05
ThomasAM_2019_c,770,UniRef90_K9E1G2,716,0.011797252495,8,0.9533954727030626,1.570872502663116e-05
ThomasAM_2019_c,771,UniRef90_Q5L8L7,716,0.011747472299,8,0.9533954727030626,1.5642439812250333e-05
ThomasAM_2019_c,772,UniRef90_A0A1Q6HIL9,716,0.0117465818636,8,0.9533954727030626,1.564125414593875e-05
ThomasAM_2019_c,773,UniRef90_I8V0Z4,716,0.0115236835089,8,0.9533954727030626,1.5344452075765648e-05
ThomasAM_2019_c,774,UniRef90_Q8A0F5,716,0.011458131471,8,0.9533954727030626,1.5257165740346204e-05
ThomasAM_2019_c,775,UniRef90_R6J8M2,716,0.011383222963,8,0.9533954727030626,1.5157420723035951e-05
ThomasAM_2019_c,776,UniRef90_A0A174SKG1,716,0.0112971909682,8,0.9533954727030626,1.5042864138748335e-05
ThomasAM_2019_c,777,UniRef90_G2SYN9,716,0.0110851474652,8,0.9533954727030626,1.4760515932356858e-05
ThomasAM_2019_c,778,UniRef90_F3PU10,716,0.0110728568064,8,0.9533954727030626,1.4744150208255659e-05
ThomasAM_2019_c,779,UniRef90_A0A173TP98,716,0.0109071930543,8,0.9533954727030626,1.4523559326631158e-05
ThomasAM_2019_c,780,UniRef90_A0A1Y4VD92,716,0.010644563113000001,8,0.9533954727030626,1.4173852347536619e-05
ThomasAM_2019_c,781,UniRef90_Q8A015,716,0.010564647056,8,0.9533954727030626,1.4067439488681758e-05
ThomasAM_2019_c,782,UniRef90_A0A173RQY0,716,0.0104975365113,8,0.9533954727030626,1.3978077911185088e-05
ThomasAM_2019_c,783,UniRef90_R6VFW8,716,0.0100333913049,8,0.9533954727030626,1.3360041684287616e-05
ThomasAM_2019_c,784,UniRef90_Q8A997,716,0.009904924062,8,0.9533954727030626,1.318898010918775e-05
ThomasAM_2019_c,785,UniRef90_A0A329TP94,716,0.009050414799,8,0.9533954727030626,1.2051151529960053e-05
ThomasAM_2019_c,786,UniRef90_G2T390,716,0.0077058705380000005,8,0.9533954727030626,1.0260812966711052e-05
ThomasAM_2019_c,787,UniRef90_C7GDM5,716,0.0075247420351,8,0.9533954727030626,1.0019629873635153e-05
ThomasAM_2019_c,788,UniRef90_B6FN01,716,0.0074329986733000005,8,0.9533954727030626,9.897468273368842e-06
ThomasAM_2019_c,789,UniRef90_D4CBB3,716,0.007126083066,8,0.9533954727030626,9.48879236484687e-06
ThomasAM_2019_c,790,UniRef90_D3AUQ8,716,0.007094924628399999,8,0.9533954727030626,9.447303100399466e-06
ThomasAM_2019_c,791,UniRef90_A0A3E2U0M3,716,0.0068933907577,8,0.9533954727030626,9.17894907816245e-06
ThomasAM_2019_c,792,UniRef90_A0A0N7J738,716,0.0061272458724,8,0.9533954727030626,8.158782786151798e-06
ThomasAM_2019_c,793,UniRef90_A0A174SPG7,716,0.0055272241936,8,0.9533954727030626,7.359819165912117e-06
ThomasAM_2019_c,794,UniRef90_A0A0P6CHJ0,716,0.0044098197205999995,8,0.9533954727030626,5.871930386950731e-06
ThomasAM_2019_c,795,UniRef90_C0D875,716,0.0039647254657,8,0.9533954727030626,5.2792616054593874e-06
ThomasAM_2019_c,796,UniRef90_A0A285PUH3,716,0.0038294795130000003,8,0.9533954727030626,5.099173785619175e-06
ThomasAM_2019_c,797,UniRef90_A0A381KML4,716,9.155967383e-05,8,0.9533954727030626,1.219170090945406e-07
ThomasAM_2019_c,798,UniRef90_A7B5W7,715,0.065891612149,8,0.952063914780293,8.773849820106523e-05
ThomasAM_2019_c,799,UniRef90_J7SHX6,715,0.05615184645,8,0.952063914780293,7.476943601864181e-05
ThomasAM_2019_c,800,UniRef90_A8SEV7,715,0.039693606573,8,0.952063914780293,5.2854336315579226e-05
ThomasAM_2019_c,801,UniRef90_A5Z5I8,715,0.025843654192,8,0.952063914780293,3.441232249267643e-05
ThomasAM_2019_c,802,UniRef90_A0A173W330,715,0.02518994703,8,0.952063914780293,3.354187354194407e-05
ThomasAM_2019_c,803,UniRef90_C7H8P3,715,0.02028721793,8,0.952063914780293,2.7013605765645806e-05
ThomasAM_2019_c,804,UniRef90_I9FJM4,715,0.019382230857999998,8,0.952063914780293,2.5808563059920104e-05
ThomasAM_2019_c,805,UniRef90_A0A2X3W5A8,715,0.018577786675,8,0.952063914780293,2.4737399034620505e-05
ThomasAM_2019_c,806,UniRef90_W6NZ48,715,0.01700912197,8,0.952063914780293,2.2648631118508654e-05
ThomasAM_2019_c,807,UniRef90_A0A174ZHE4,715,0.015889563878,8,0.952063914780293,2.1157874671105195e-05
ThomasAM_2019_c,808,UniRef90_A0A174H8K5,715,0.015415422751,8,0.952063914780293,2.0526528296937416e-05
ThomasAM_2019_c,809,UniRef90_A6L7J7,715,0.014533516251,8,0.952063914780293,1.9352218709720372e-05
ThomasAM_2019_c,810,UniRef90_A6KYK4,715,0.014441844939,8,0.952063914780293,1.9230153047936084e-05
ThomasAM_2019_c,811,UniRef90_Q8A5S7,715,0.014437428644,8,0.952063914780293,1.9224272495339546e-05
ThomasAM_2019_c,812,UniRef90_A0A174GXS8,715,0.0143441269999,8,0.952063914780293,1.910003595193076e-05
ThomasAM_2019_c,813,UniRef90_K9EIT5,715,0.0141235325911,8,0.952063914780293,1.8806301719174434e-05
ThomasAM_2019_c,814,UniRef90_Q8A477,715,0.013236393167,8,0.952063914780293,1.7625024190412783e-05
ThomasAM_2019_c,815,UniRef90_C4ZBU3,715,0.0126773155028,8,0.952063914780293,1.6880579897203727e-05
ThomasAM_2019_c,816,UniRef90_Q5LJ28,715,0.012447633318000001,8,0.952063914780293,1.657474476431425e-05
ThomasAM_2019_c,817,UniRef90_U2CWG0,715,0.012004613505,8,0.952063914780293,1.598483822237017e-05
ThomasAM_2019_c,818,UniRef90_A0A016DEW0,715,0.012004521549,8,0.952063914780293,1.5984715777629826e-05
ThomasAM_2019_c,819,UniRef90_A6L5A6,715,0.0117685512086,8,0.952063914780293,1.567050760133156e-05
ThomasAM_2019_c,820,UniRef90_Q8A6N4,715,0.011750848149,8,0.952063914780293,1.5646934952063915e-05
ThomasAM_2019_c,821,UniRef90_A0A173T603,715,0.0116534733105,8,0.952063914780293,1.5517274714380825e-05
ThomasAM_2019_c,822,UniRef90_R6MDY5,715,0.011612804729,8,0.952063914780293,1.54631221424767e-05
ThomasAM_2019_c,823,UniRef90_Q8A135,715,0.011474435032,8,0.952063914780293,1.5278874876165113e-05
ThomasAM_2019_c,824,UniRef90_C0FXH0,715,0.011035097327,8,0.952063914780293,1.4693871274300933e-05
ThomasAM_2019_c,825,UniRef90_Q5LAS7,715,0.0108645106024,8,0.952063914780293,1.446672516964048e-05
ThomasAM_2019_c,826,UniRef90_U2CGQ3,715,0.0108200679749,8,0.952063914780293,1.4407547236884155e-05
ThomasAM_2019_c,827,UniRef90_Q8A9S3,715,0.010515938038,8,0.952063914780293,1.4002580609853528e-05
ThomasAM_2019_c,828,UniRef90_C0BE66,715,0.010514566478999999,8,0.952063914780293,1.4000754299600531e-05
ThomasAM_2019_c,829,UniRef90_Q8A988,715,0.010052883575000001,8,0.952063914780293,1.3385996770972039e-05
ThomasAM_2019_c,830,UniRef90_R6KLK7,715,0.009999081331,8,0.952063914780293,1.3314355966711052e-05
ThomasAM_2019_c,831,UniRef90_A0A2X2UK29,715,0.0096261726672,8,0.952063914780293,1.2817806480958722e-05
ThomasAM_2019_c,832,UniRef90_A0A3E4IC05,715,0.009608067068,8,0.952063914780293,1.2793697826897469e-05
ThomasAM_2019_c,833,UniRef90_B0GAD4,715,0.00902451665,8,0.952063914780293,1.2016666644474034e-05
ThomasAM_2019_c,834,UniRef90_Q8A255,715,0.008800593131,8,0.952063914780293,1.1718499508655127e-05
ThomasAM_2019_c,835,UniRef90_A0A0F5JRS5,715,0.0086638516315,8,0.952063914780293,1.1536420281624501e-05
ThomasAM_2019_c,836,UniRef90_C5ER84,715,0.0086516676224,8,0.952063914780293,1.1520196567776297e-05
ThomasAM_2019_c,837,UniRef90_R6K4C9,715,0.008567329145,8,0.952063914780293,1.1407895000000001e-05
ThomasAM_2019_c,838,UniRef90_A0A0P0GD67,715,0.0085648676542,8,0.952063914780293,1.1404617382423435e-05
ThomasAM_2019_c,839,UniRef90_D4ML18,715,0.0078855327354,8,0.952063914780293,1.0500043589081225e-05
ThomasAM_2019_c,840,UniRef90_R7ADE8,715,0.0073235532754,8,0.952063914780293,9.75173538668442e-06
ThomasAM_2019_c,841,UniRef90_R5YLH6,715,0.0069265073696,8,0.952063914780293,9.223045765113182e-06
ThomasAM_2019_c,842,UniRef90_A0A174UX70,715,0.006032040237,8,0.952063914780293,8.03201096804261e-06
ThomasAM_2019_c,843,UniRef90_A0A1Y4MUD3,715,0.0053641217350000004,8,0.952063914780293,7.14263879494008e-06
ThomasAM_2019_c,844,UniRef90_A0A0S2W734,715,0.005109624088,8,0.952063914780293,6.803760436750998e-06
ThomasAM_2019_c,845,UniRef90_R9MM87,715,0.0039864086196,8,0.952063914780293,5.308133980825566e-06
ThomasAM_2019_c,846,UniRef90_C7GEU3,715,0.00308542782957,8,0.952063914780293,4.10842587159787e-06
ThomasAM_2019_c,847,UniRef90_D4M217,715,0.0028525255338899998,8,0.952063914780293,3.798302974553928e-06
ThomasAM_2019_c,848,UniRef90_R7GE19,715,0.00023076013239,8,0.952063914780293,3.0727048254327563e-07
ThomasAM_2019_c,849,UniRef90_A0A352T742,715,0.0001951820918,8,0.952063914780293,2.5989626071904127e-07
ThomasAM_2019_c,850,UniRef90_C0BDI9,714,0.0517787646623,8,0.9507323568575233,6.894642431731025e-05
ThomasAM_2019_c,851,UniRef90_U2AZI4,714,0.0261138645673,8,0.9507323568575233,3.47721232587217e-05
ThomasAM_2019_c,852,UniRef90_D1JU67,714,0.022711679428200002,8,0.9507323568575233,3.024191668202397e-05
ThomasAM_2019_c,853,UniRef90_A0A174IYR9,714,0.022479462728999998,8,0.9507323568575233,2.9932706696404792e-05
ThomasAM_2019_c,854,UniRef90_A0A120A0G9,714,0.0190249669768,8,0.9507323568575233,2.5332845508388815e-05
ThomasAM_2019_c,855,UniRef90_A6BKX8,714,0.0162258776479,8,0.9507323568575233,2.1605695935952066e-05
ThomasAM_2019_c,856,UniRef90_C7H6T5,714,0.013809062851899999,8,0.9507323568575233,1.838756704647137e-05
ThomasAM_2019_c,857,UniRef90_C4Z2T8,714,0.013371510650200001,8,0.9507323568575233,1.7804940945672437e-05
ThomasAM_2019_c,858,UniRef90_K5ZNU4,714,0.0130674047512,8,0.9507323568575233,1.7400006326498e-05
ThomasAM_2019_c,859,UniRef90_C7H3J4,714,0.0129950998271,8,0.9507323568575233,1.7303728131957387e-05
ThomasAM_2019_c,860,UniRef90_C7H4V2,714,0.0124151958125,8,0.9507323568575233,1.653155234687084e-05
ThomasAM_2019_c,861,UniRef90_A0A174SFH7,714,0.012408261787999999,8,0.9507323568575233,1.6522319291611185e-05
ThomasAM_2019_c,862,UniRef90_Q5LGS0,714,0.0123796942787,8,0.9507323568575233,1.6484279998268976e-05
ThomasAM_2019_c,863,UniRef90_Q5LI10,714,0.012008125965,8,0.9507323568575233,1.5989515266311585e-05
ThomasAM_2019_c,864,UniRef90_Q8A094,714,0.011782056634000001,8,0.9507323568575233,1.5688490857523305e-05
ThomasAM_2019_c,865,UniRef90_Q8A7G0,714,0.0116415166242,8,0.9507323568575233,1.550135369400799e-05
ThomasAM_2019_c,866,UniRef90_E8LCS8,714,0.011629957755500001,8,0.9507323568575233,1.548596239081225e-05
ThomasAM_2019_c,867,UniRef90_I8XN29,714,0.011462227465,8,0.9507323568575233,1.5262619793608523e-05
ThomasAM_2019_c,868,UniRef90_R7EI38,714,0.011304376052,8,0.9507323568575233,1.5052431494007989e-05
ThomasAM_2019_c,869,UniRef90_Q8A479,714,0.010952021923,8,0.9507323568575233,1.4583251561917443e-05
ThomasAM_2019_c,870,UniRef90_A0A173X9Q0,714,0.010806676056000001,8,0.9507323568575233,1.4389715121171773e-05
ThomasAM_2019_c,871,UniRef90_R5JRC2,714,0.0103482705522,8,0.9507323568575233,1.3779321640745674e-05
ThomasAM_2019_c,872,UniRef90_B0N9J2,714,0.0100206133666,8,0.9507323568575233,1.3343027119307589e-05
ThomasAM_2019_c,873,UniRef90_D4L499,714,0.00975409341,8,0.9507323568575233,1.2988140359520639e-05
ThomasAM_2019_c,874,UniRef90_E7GQ64,714,0.0096699662276,8,0.9507323568575233,1.2876120143275633e-05
ThomasAM_2019_c,875,UniRef90_Q8A294,714,0.009552506843,8,0.9507323568575233,1.2719716169107856e-05
ThomasAM_2019_c,876,UniRef90_A0A0P0GUH0,714,0.00909305533,8,0.9507323568575233,1.2107929866844208e-05
ThomasAM_2019_c,877,UniRef90_F7LF68,714,0.009089794338,8,0.9507323568575233,1.2103587667110518e-05
ThomasAM_2019_c,878,UniRef90_R6NI67,714,0.0086511132632,8,0.9507323568575233,1.1519458406391479e-05
ThomasAM_2019_c,879,UniRef90_A0A2A6ZIF3,714,0.0086107801242,8,0.9507323568575233,1.1465752495605859e-05
ThomasAM_2019_c,880,UniRef90_R0BV64,714,0.008552293865,8,0.9507323568575233,1.1387874653794939e-05
ThomasAM_2019_c,881,UniRef90_Q5LC76,714,0.008513749969,8,0.9507323568575233,1.133655122370173e-05
ThomasAM_2019_c,882,UniRef90_U2NWT3,714,0.0083581966668,8,0.9507323568575233,1.1129422991744341e-05
ThomasAM_2019_c,883,UniRef90_A0A149NF03,714,0.0081171244149,8,0.9507323568575233,1.0808421324766976e-05
ThomasAM_2019_c,884,UniRef90_Q8AA47,714,0.008094600545,8,0.9507323568575233,1.07784294873502e-05
ThomasAM_2019_c,885,UniRef90_A0A0D8J3P3,714,0.0074844859361,8,0.9507323568575233,9.966026546071904e-06
ThomasAM_2019_c,886,UniRef90_D9QZK9,714,0.006478768545,8,0.9507323568575233,8.626855585885487e-06
ThomasAM_2019_c,887,UniRef90_D4MWD7,714,0.006210324614,8,0.9507323568575233,8.269406942743009e-06
ThomasAM_2019_c,888,UniRef90_R5W4D0,714,0.0061785214318,8,0.9507323568575233,8.227059163515312e-06
ThomasAM_2019_c,889,UniRef90_A0A174VPA8,714,0.0029230465167,8,0.9507323568575233,3.892205747936085e-06
ThomasAM_2019_c,890,UniRef90_A0A015TZE4,714,0.002901263111,8,0.9507323568575233,3.863199881491345e-06
ThomasAM_2019_c,891,UniRef90_C0B5S4,714,0.00040031164630000005,8,0.9507323568575233,5.330381442077231e-07
ThomasAM_2019_c,892,UniRef90_A0A2I1K572,713,0.1714286459695,8,0.9494007989347537,0.00022826717173035952
ThomasAM_2019_c,893,UniRef90_A6BKY7,713,0.142510170256,8,0.9494007989347537,0.00018976054627962716
ThomasAM_2019_c,894,UniRef90_C4ZFG5,713,0.055822770241400005,8,0.9494007989347537,7.433125198588549e-05
ThomasAM_2019_c,895,UniRef90_A7VSA4,713,0.0447133304511,8,0.9494007989347537,5.953838941557923e-05
ThomasAM_2019_c,896,UniRef90_A0A0P0M182,713,0.0342804912337,8,0.9494007989347537,4.5646459698668444e-05
ThomasAM_2019_c,897,UniRef90_A0A174E0F2,713,0.0298795412121,8,0.9494007989347537,3.9786339829693745e-05
ThomasAM_2019_c,898,UniRef90_B7C9C8,713,0.0233655448861,8,0.9494007989347537,3.111257641291611e-05
ThomasAM_2019_c,899,UniRef90_A0A174N306,713,0.022395838097999998,8,0.9494007989347537,2.9821355656458055e-05
ThomasAM_2019_c,900,UniRef90_R5M1J0,713,0.019130832001,8,0.9494007989347537,2.5473810920106524e-05
ThomasAM_2019_c,901,UniRef90_A6KWD7,713,0.0184150696897,8,0.9494007989347537,2.4520731943675102e-05
ThomasAM_2019_c,902,UniRef90_A0A174UML5,713,0.01506831868,8,0.9494007989347537,2.006433912117177e-05
ThomasAM_2019_c,903,UniRef90_Q8A476,713,0.014272514205,8,0.9494007989347537,1.9004679367509985e-05
ThomasAM_2019_c,904,UniRef90_A0A174Y440,713,0.014222950559,8,0.9494007989347537,1.893868250199734e-05
ThomasAM_2019_c,905,UniRef90_A0A174KPV5,713,0.0131787523456,8,0.9494007989347537,1.7548272098002663e-05
ThomasAM_2019_c,906,UniRef90_D4L188,713,0.012707626901,8,0.9494007989347537,1.6920941279627163e-05
ThomasAM_2019_c,907,UniRef90_A0A395UW56,713,0.012448309662,8,0.9494007989347537,1.6575645355525963e-05
ThomasAM_2019_c,908,UniRef90_C6LD83,713,0.012374369315,8,0.9494007989347537,1.6477189500665778e-05
ThomasAM_2019_c,909,UniRef90_D6D3U5,713,0.0118207158021,8,0.9494007989347537,1.573996777909454e-05
ThomasAM_2019_c,910,UniRef90_Q8A639,713,0.011604186843,8,0.9494007989347537,1.5451646928095873e-05
ThomasAM_2019_c,911,UniRef90_I9JB29,713,0.0115520647277,8,0.9494007989347537,1.5382243312516645e-05
ThomasAM_2019_c,912,UniRef90_A0A3E4IFP6,713,0.011455350098,8,0.9494007989347537,1.5253462181091878e-05
ThomasAM_2019_c,913,UniRef90_P22841,713,0.011292546172,8,0.9494007989347537,1.5036679323568575e-05
ThomasAM_2019_c,914,UniRef90_C0BDJ2,713,0.011088852764,8,0.9494007989347537,1.4765449752330227e-05
ThomasAM_2019_c,915,UniRef90_A0A173RTN3,713,0.0109650825745,8,0.9494007989347537,1.4600642575898802e-05
ThomasAM_2019_c,916,UniRef90_E0S269,713,0.0107874479256,8,0.9494007989347537,1.4364111751797603e-05
ThomasAM_2019_c,917,UniRef90_W4PMK4,713,0.010627873963,8,0.9494007989347537,1.4151629777629827e-05
ThomasAM_2019_c,918,UniRef90_A0A0P0G9A9,713,0.010503130192,8,0.9494007989347537,1.3985526221038616e-05
ThomasAM_2019_c,919,UniRef90_D6DZU4,713,0.010339129503,8,0.9494007989347537,1.3767149804260985e-05
ThomasAM_2019_c,920,UniRef90_Q89YY3,713,0.010308841274,8,0.9494007989347537,1.3726819272969375e-05
ThomasAM_2019_c,921,UniRef90_R6FT54,713,0.01025136487,8,0.9494007989347537,1.3650286111850865e-05
ThomasAM_2019_c,922,UniRef90_R6SZ51,713,0.0101952368932,8,0.9494007989347537,1.3575548459653795e-05
ThomasAM_2019_c,923,UniRef90_R6AK17,713,0.01011267697,8,0.9494007989347537,1.3465615139813582e-05
ThomasAM_2019_c,924,UniRef90_D5Q544,713,0.009993358742,8,0.9494007989347537,1.3306736007989348e-05
ThomasAM_2019_c,925,UniRef90_A0A3E4VXM1,713,0.009924373948,8,0.9494007989347537,1.3214878758988015e-05
ThomasAM_2019_c,926,UniRef90_A7VCV5,713,0.0098457140668,8,0.9494007989347537,1.3110138570972037e-05
ThomasAM_2019_c,927,UniRef90_D4L1G6,713,0.0096894108737,8,0.9494007989347537,1.290201181584554e-05
ThomasAM_2019_c,928,UniRef90_D4K3M5,713,0.0085481664659,8,0.9494007989347537,1.1382378782822903e-05
ThomasAM_2019_c,929,UniRef90_D1PJ25,713,0.008272171353,8,0.9494007989347537,1.1014875303595208e-05
ThomasAM_2019_c,930,UniRef90_Q5L7B7,713,0.008049242929,8,0.9494007989347537,1.0718033194407456e-05
ThomasAM_2019_c,931,UniRef90_A0A174GWM5,713,0.0073364312282,8,0.9494007989347537,9.768883126764314e-06
ThomasAM_2019_c,932,UniRef90_G2T382,713,0.007187861515,8,0.9494007989347537,9.571053948069242e-06
ThomasAM_2019_c,933,UniRef90_D4MQQ2,713,0.0069557058619999996,8,0.9494007989347537,9.26192524900133e-06
ThomasAM_2019_c,934,UniRef90_G2T375,713,0.0067498871691,8,0.9494007989347537,8.987865737816245e-06
ThomasAM_2019_c,935,UniRef90_V8CGP7,713,0.0062984712405,8,0.9494007989347537,8.386779281624501e-06
ThomasAM_2019_c,936,UniRef90_A0A0J9I2L5,713,0.0057547817793,8,0.9494007989347537,7.662825272037283e-06
ThomasAM_2019_c,937,UniRef90_G5GJ65,713,0.005280143062,8,0.9494007989347537,7.030816327563249e-06
ThomasAM_2019_c,938,UniRef90_A4EBI3,713,0.005231241302,8,0.9494007989347537,6.96570080159787e-06
ThomasAM_2019_c,939,UniRef90_A0A3E4V167,713,0.0048991130659,8,0.9494007989347537,6.523452817443409e-06
ThomasAM_2019_c,940,UniRef90_R6EJZ1,713,0.0047225746564000005,8,0.9494007989347537,6.288381699600533e-06
ThomasAM_2019_c,941,UniRef90_R5MCK3,713,0.0045129416918,8,0.9494007989347537,6.0092432647137144e-06
ThomasAM_2019_c,942,UniRef90_A0A1Y4UDK6,713,0.0037471730603,8,0.9494007989347537,4.989577976431425e-06
ThomasAM_2019_c,943,UniRef90_A0A317FX43,713,0.0022930631979999998,8,0.9494007989347537,3.0533464687083885e-06
ThomasAM_2019_c,944,UniRef90_A5KIS9,712,0.0507970519159,8,0.948069241011984,6.763921693195739e-05
ThomasAM_2019_c,945,UniRef90_D1KAJ0,712,0.0257184862742,8,0.948069241011984,3.424565416005326e-05
ThomasAM_2019_c,946,UniRef90_A5ZSE4,712,0.0198763277508,8,0.948069241011984,2.646648169214381e-05
ThomasAM_2019_c,947,UniRef90_A7B4E8,712,0.017731352743,8,0.948069241011984,2.361032322636485e-05
ThomasAM_2019_c,948,UniRef90_A0A2A7AMB7,712,0.016679399045,8,0.948069241011984,2.2209585945406128e-05
ThomasAM_2019_c,949,UniRef90_A0A3E2UKI3,712,0.014248046544599999,8,0.948069241011984,1.897209926045273e-05
ThomasAM_2019_c,950,UniRef90_A0A174CF54,712,0.0140644361564,8,0.948069241011984,1.872761139334221e-05
ThomasAM_2019_c,951,UniRef90_Q8A2E6,712,0.014048209785,8,0.948069241011984,1.870600503994674e-05
ThomasAM_2019_c,952,UniRef90_A8S470,712,0.0129509783058,8,0.948069241011984,1.7244977770705726e-05
ThomasAM_2019_c,953,UniRef90_A0A3E4I5X3,712,0.012920231841,8,0.948069241011984,1.7204037071904127e-05
ThomasAM_2019_c,954,UniRef90_Q8A5S6,712,0.0127819721349,8,0.948069241011984,1.7019936264846872e-05
ThomasAM_2019_c,955,UniRef90_F7KH41,712,0.012754459187200001,8,0.948069241011984,1.698330118135819e-05
ThomasAM_2019_c,956,UniRef90_U2KW29,712,0.012418366617,8,0.948069241011984,1.6535774456724367e-05
ThomasAM_2019_c,957,UniRef90_Q8A5V7,712,0.012054213939999999,8,0.948069241011984,1.6050884074567243e-05
ThomasAM_2019_c,958,UniRef90_R7AEJ7,712,0.012017172102500001,8,0.948069241011984,1.6001560722370175e-05
ThomasAM_2019_c,959,UniRef90_Q8A0Z3,712,0.0118597290866,8,0.948069241011984,1.579191622716378e-05
ThomasAM_2019_c,960,UniRef90_Q8A1D5,712,0.0116291277664,8,0.948069241011984,1.5484857212250333e-05
ThomasAM_2019_c,961,UniRef90_D4JMB0,712,0.0114533004241,8,0.948069241011984,1.5250732921571237e-05
ThomasAM_2019_c,962,UniRef90_Q8A1A2,712,0.0114454978765,8,0.948069241011984,1.5240343377496672e-05
ThomasAM_2019_c,963,UniRef90_R5JC86,712,0.011240264653,8,0.948069241011984,1.4967063452729693e-05
ThomasAM_2019_c,964,UniRef90_R6SKW0,712,0.0111043992743,8,0.948069241011984,1.4786150831291611e-05
ThomasAM_2019_c,965,UniRef90_Q8A5J0,712,0.010837102822,8,0.948069241011984,1.4430230122503329e-05
ThomasAM_2019_c,966,UniRef90_C7H1C9,712,0.010807630893,8,0.948069241011984,1.4390986541944075e-05
ThomasAM_2019_c,967,UniRef90_P15623,712,0.010543949843,8,0.948069241011984,1.4039879950732357e-05
ThomasAM_2019_c,968,UniRef90_D4WFW2,712,0.010374430818,8,0.948069241011984,1.3814155549933421e-05
ThomasAM_2019_c,969,UniRef90_R6FPH6,712,0.010254596733,8,0.948069241011984,1.3654589524633821e-05
ThomasAM_2019_c,970,UniRef90_R5CBB2,712,0.010141353446,8,0.948069241011984,1.3503799528628495e-05
ThomasAM_2019_c,971,UniRef90_B5D0R2,712,0.010066335704,8,0.948069241011984,1.3403909059920107e-05
ThomasAM_2019_c,972,UniRef90_A0A139K7N7,712,0.009976972742,8,0.948069241011984,1.3284917099866845e-05
ThomasAM_2019_c,973,UniRef90_A5ZGJ8,712,0.0097874164146,8,0.948069241011984,1.303251187030626e-05
ThomasAM_2019_c,974,UniRef90_A0A174RP44,712,0.0097205484162,8,0.948069241011984,1.2943473257256991e-05
ThomasAM_2019_c,975,UniRef90_A0A139K266,712,0.009322139972200001,8,0.948069241011984,1.2412969337150468e-05
ThomasAM_2019_c,976,UniRef90_Q5L8B9,712,0.009195678122,8,0.948069241011984,1.2244578058588547e-05
ThomasAM_2019_c,977,UniRef90_B0G4Z3,712,0.0090222920749,8,0.948069241011984,1.2013704493874834e-05
ThomasAM_2019_c,978,UniRef90_A0A174P6V1,712,0.00889907791,8,0.948069241011984,1.1849637696404794e-05
ThomasAM_2019_c,979,UniRef90_U2NZJ4,712,0.008762856174,8,0.948069241011984,1.166825056458056e-05
ThomasAM_2019_c,980,UniRef90_D3AGE9,712,0.0087373129648,8,0.948069241011984,1.1634238301997338e-05
ThomasAM_2019_c,981,UniRef90_D4M5W4,712,0.0078789704293,8,0.948069241011984,1.0491305498402132e-05
ThomasAM_2019_c,982,UniRef90_B6FT28,712,0.007575885061,8,0.948069241011984,1.0087729774966711e-05
ThomasAM_2019_c,983,UniRef90_A0A174EBX1,712,0.0074601105972,8,0.948069241011984,9.933569370439415e-06
ThomasAM_2019_c,984,UniRef90_A6P1U3,712,0.006997883499,8,0.948069241011984,9.318087215712384e-06
ThomasAM_2019_c,985,UniRef90_U6R8L3,712,0.006986043145999999,8,0.948069241011984,9.302321099866843e-06
ThomasAM_2019_c,986,UniRef90_A0A3E4V165,712,0.006540029783,8,0.948069241011984,8.708428472703063e-06
ThomasAM_2019_c,987,UniRef90_A0A2A7BEA2,712,0.0063441481584999996,8,0.948069241011984,8.447600743675099e-06
ThomasAM_2019_c,988,UniRef90_A5KM54,712,0.0058521293784,8,0.948069241011984,7.792449238881491e-06
ThomasAM_2019_c,989,UniRef90_A0A078RXH7,712,0.0046914670254,8,0.948069241011984,6.246960087083889e-06
ThomasAM_2019_c,990,UniRef90_A0A3A8Z586,712,0.0025156798934,8,0.948069241011984,3.349773493209055e-06
ThomasAM_2019_c,991,UniRef90_UPI000931CA6F,712,0.0019923370286000002,8,0.948069241011984,2.652912155259654e-06
ThomasAM_2019_c,992,UniRef90_A0A174QBF2,711,0.1767347221052,8,0.9467376830892144,0.00023533251944766976
ThomasAM_2019_c,993,UniRef90_A0A133PRD5,711,0.050373507217,8,0.9467376830892144,6.707524263249002e-05
ThomasAM_2019_c,994,UniRef90_C0FSN2,711,0.041162450849,8,0.9467376830892144,5.4810187548601864e-05
ThomasAM_2019_c,995,UniRef90_A6KYH0,711,0.0168860588953,8,0.9467376830892144,2.2484765506391478e-05
ThomasAM_2019_c,996,UniRef90_A0A0D8IZW9,711,0.0158189441169,8,0.9467376830892144,2.106384036870839e-05
ThomasAM_2019_c,997,UniRef90_C0CKE3,711,0.0143281819,8,0.9467376830892144,1.9078804127829562e-05
ThomasAM_2019_c,998,UniRef90_E6SRC4,711,0.014273210458,8,0.9467376830892144,1.9005606468708388e-05
ThomasAM_2019_c,999,UniRef90_A0A174FKR7,711,0.0125968571393,8,0.9467376830892144,1.6773444925832224e-05
ThomasAM_2019_c,1000,UniRef90_R6X734,711,0.0123632921786,8,0.9467376830892144,1.646243965193076e-05
ThomasAM_2019_c,1001,UniRef90_A0A078PLC9,711,0.0122815810352,8,0.9467376830892144,1.6353636531557922e-05
ThomasAM_2019_c,1002,UniRef90_A0A3E4KLQ4,711,0.0118567411322,8,0.9467376830892144,1.5787937592809587e-05
ThomasAM_2019_c,1003,UniRef90_R7R1N4,711,0.0117530546095,8,0.9467376830892144,1.564987298202397e-05
ThomasAM_2019_c,1004,UniRef90_I8XGM3,711,0.011328175499,8,0.9467376830892144,1.5084121836218375e-05
ThomasAM_2019_c,1005,UniRef90_A0A3E2TR14,711,0.010922291774,8,0.9467376830892144,1.4543664146471373e-05
ThomasAM_2019_c,1006,UniRef90_F3PFC2,711,0.010799203973,8,0.9467376830892144,1.4379765609853529e-05
ThomasAM_2019_c,1007,UniRef90_A0A173YUY9,711,0.0105949151063,8,0.9467376830892144,1.4107743150865512e-05
ThomasAM_2019_c,1008,UniRef90_B5D0R0,711,0.010492601657999999,8,0.9467376830892144,1.3971506868175763e-05
ThomasAM_2019_c,1009,UniRef90_A0A139KFG6,711,0.0102628243257,8,0.9467376830892144,1.3665545040878828e-05
ThomasAM_2019_c,1010,UniRef90_Q8A9W1,711,0.010067263307400001,8,0.9467376830892144,1.3405144217576566e-05
ThomasAM_2019_c,1011,UniRef90_R5JD85,711,0.010063856544,8,0.9467376830892144,1.3400607914780293e-05
ThomasAM_2019_c,1012,UniRef90_H1HSA2,711,0.009921580325,8,0.9467376830892144,1.3211158888149134e-05
ThomasAM_2019_c,1013,UniRef90_A0A0N9HMX2,711,0.009528804907200001,8,0.9467376830892144,1.268815566870839e-05
ThomasAM_2019_c,1014,UniRef90_A0A0K6BTG9,711,0.008886457088,8,0.9467376830892144,1.1832832340878828e-05
ThomasAM_2019_c,1015,UniRef90_D4WH19,711,0.008712049126,8,0.9467376830892144,1.1600598037283622e-05
ThomasAM_2019_c,1016,UniRef90_A0A081TLM3,711,0.00851482837,8,0.9467376830892144,1.1337987177097203e-05
ThomasAM_2019_c,1017,UniRef90_A0A0K6BQY7,711,0.0083785940216,8,0.9467376830892144,1.1156583251131822e-05
ThomasAM_2019_c,1018,UniRef90_C9L352,711,0.007817391703,8,0.9467376830892144,1.0409309857523303e-05
ThomasAM_2019_c,1019,UniRef90_A0A077ZNL9,711,0.0076857529279999994,8,0.9467376830892144,1.0234025203728362e-05
ThomasAM_2019_c,1020,UniRef90_D4CFG5,711,0.007593179,8,0.9467376830892144,1.0110757656458056e-05
ThomasAM_2019_c,1021,UniRef90_A0A174XCS7,711,0.0063948706918,8,0.9467376830892144,8.515140734753662e-06
ThomasAM_2019_c,1022,UniRef90_D4ML28,711,0.0060158501159,8,0.9467376830892144,8.010452884021305e-06
ThomasAM_2019_c,1023,UniRef90_G9YL28,711,0.0054741829002,8,0.9467376830892144,7.289191611451398e-06
ThomasAM_2019_c,1024,UniRef90_A0A3E2B0N4,711,0.0054231923373,8,0.9467376830892144,7.221294723435419e-06
ThomasAM_2019_c,1025,UniRef90_A0A0J8Z0W9,711,0.00511466875,8,0.9467376830892144,6.8104776964047935e-06
ThomasAM_2019_c,1026,UniRef90_A0A077ZLA3,711,0.003909575562,8,0.9467376830892144,5.20582631424767e-06
ThomasAM_2019_c,1027,UniRef90_R7JTG9,711,0.0017434299523,8,0.9467376830892144,2.3214779657789613e-06
ThomasAM_2019_c,1028,UniRef90_E4W393,710,0.5324102261237,8,0.9454061251664447,0.0007089350547585886
ThomasAM_2019_c,1029,UniRef90_A0A174Q9G9,710,0.2068817505423,8,0.9454061251664447,0.00027547503401105196
ThomasAM_2019_c,1030,UniRef90_A0A3E5G3Y1,710,0.0460015392973,8,0.9454061251664447,6.125371411091877e-05
ThomasAM_2019_c,1031,UniRef90_D4LUC8,710,0.039322093799300004,8,0.9454061251664447,5.2359645538348875e-05
ThomasAM_2019_c,1032,UniRef90_E5UU61,710,0.028503049942,8,0.9454061251664447,3.795346197336884e-05
ThomasAM_2019_c,1033,UniRef90_C7GI03,710,0.022339043168999997,8,0.9454061251664447,2.9745729918774962e-05
ThomasAM_2019_c,1034,UniRef90_A0A140JXE2,710,0.0205015241008,8,0.9454061251664447,2.729896684527297e-05
ThomasAM_2019_c,1035,UniRef90_A0A174DHG3,710,0.020238935903,8,0.9454061251664447,2.694931545006658e-05
ThomasAM_2019_c,1036,UniRef90_A0A176U4K1,710,0.0189920363003,8,0.9454061251664447,2.5288996405193078e-05
ThomasAM_2019_c,1037,UniRef90_A0A0J0U668,710,0.017459204643,8,0.9454061251664447,2.3247942267643143e-05
ThomasAM_2019_c,1038,UniRef90_A6KYR3,710,0.014876511883400001,8,0.9454061251664447,1.9808937261517977e-05
ThomasAM_2019_c,1039,UniRef90_A0A396AFS7,710,0.014835464159,8,0.9454061251664447,1.9754279838881493e-05
ThomasAM_2019_c,1040,UniRef90_C4ZD95,710,0.0143655604741,8,0.9454061251664447,1.912857586431425e-05
ThomasAM_2019_c,1041,UniRef90_A0A329TPK5,710,0.0138957418163,8,0.9454061251664447,1.8502985108255657e-05
ThomasAM_2019_c,1042,UniRef90_A0A329TH38,710,0.0136356998676,8,0.9454061251664447,1.815672419121172e-05
ThomasAM_2019_c,1043,UniRef90_A0A374QB39,710,0.013505029299,8,0.9454061251664447,1.7982728760319575e-05
ThomasAM_2019_c,1044,UniRef90_Q5L923,710,0.012916375723000001,8,0.9454061251664447,1.7198902427430096e-05
ThomasAM_2019_c,1045,UniRef90_Q8A4A3,710,0.012654005945,8,0.9454061251664447,1.684954187083888e-05
ThomasAM_2019_c,1046,UniRef90_F7KH42,710,0.0119644705864,8,0.9454061251664447,1.5931385601065245e-05
ThomasAM_2019_c,1047,UniRef90_K5CBL1,710,0.011908089625,8,0.9454061251664447,1.5856311085219706e-05
ThomasAM_2019_c,1048,UniRef90_R6FQM5,710,0.0115299540125,8,0.9454061251664447,1.535280161451398e-05
ThomasAM_2019_c,1049,UniRef90_A0A3E5EGA0,710,0.0112251612162,8,0.9454061251664447,1.4946952351797602e-05
ThomasAM_2019_c,1050,UniRef90_A0A3E4IFT2,710,0.0106316118336,8,0.9454061251664447,1.4156606968841546e-05
ThomasAM_2019_c,1051,UniRef90_B7AWN4,710,0.0105454101995,8,0.9454061251664447,1.40418245e-05
ThomasAM_2019_c,1052,UniRef90_C7H736,710,0.0103130523385,8,0.9454061251664447,1.3732426549267644e-05
ThomasAM_2019_c,1053,UniRef90_B6W3T5,710,0.0096837769846,8,0.9454061251664447,1.2894509966178429e-05
ThomasAM_2019_c,1054,UniRef90_A5ZQA7,710,0.0095258419131,8,0.9454061251664447,1.2684210270439414e-05
ThomasAM_2019_c,1055,UniRef90_W4PJV7,710,0.009444754255999999,8,0.9454061251664447,1.2576237358189079e-05
ThomasAM_2019_c,1056,UniRef90_A0A174V7J3,710,0.009143677178,8,0.9454061251664447,1.2175335789613847e-05
ThomasAM_2019_c,1057,UniRef90_Q8AAW1,710,0.0089304709307,8,0.9454061251664447,1.189143932183755e-05
ThomasAM_2019_c,1058,UniRef90_A0A2A7AHV1,710,0.008783722589,8,0.9454061251664447,1.1696035404793608e-05
ThomasAM_2019_c,1059,UniRef90_Q8A004,710,0.0083798828096,8,0.9454061251664447,1.1158299347003994e-05
ThomasAM_2019_c,1060,UniRef90_Q8A528,710,0.008319494183,8,0.9454061251664447,1.1077888392809588e-05
ThomasAM_2019_c,1061,UniRef90_A0A174CCS6,710,0.0081836564544,8,0.9454061251664447,1.0897012589081224e-05
ThomasAM_2019_c,1062,UniRef90_A0A0K9NB76,710,0.007691321751,8,0.9454061251664447,1.0241440414114514e-05
ThomasAM_2019_c,1063,UniRef90_U2E1W9,710,0.007428945698,8,0.9454061251664447,9.892071501997338e-06
ThomasAM_2019_c,1064,UniRef90_E1WWW7,710,0.007232849766,8,0.9454061251664447,9.63095841011984e-06
ThomasAM_2019_c,1065,UniRef90_A0A395V8D4,710,0.007231863308,8,0.9454061251664447,9.629644884154461e-06
ThomasAM_2019_c,1066,UniRef90_A0A396E540,710,0.00634226094632,8,0.9454061251664447,8.445087811344873e-06
ThomasAM_2019_c,1067,UniRef90_A0A396ACA8,710,0.0060606679889000006,8,0.9454061251664447,8.07013047789614e-06
ThomasAM_2019_c,1068,UniRef90_A0A3E4X4E9,710,0.0059651743638,8,0.9454061251664447,7.94297518482024e-06
ThomasAM_2019_c,1069,UniRef90_A0A173U645,710,0.0052192397517999995,8,0.9454061251664447,6.9497200423435415e-06
ThomasAM_2019_c,1070,UniRef90_A0A081DUL1,710,0.005165711153899999,8,0.9454061251664447,6.8784436137150455e-06
ThomasAM_2019_c,1071,UniRef90_B8QUG9,710,0.0046281461609,8,0.9454061251664447,6.162644688282289e-06
ThomasAM_2019_c,1072,UniRef90_U2D4U5,710,0.0046167605715,8,0.9454061251664447,6.147484116511319e-06
ThomasAM_2019_c,1073,UniRef90_A5ZNT5,710,0.0040211581564,8,0.9454061251664447,5.354405001864181e-06
ThomasAM_2019_c,1074,UniRef90_A0A1T2WYT5,710,0.0028200883909,8,0.9454061251664447,3.7551110398135817e-06
ThomasAM_2019_c,1075,UniRef90_A0A3D2EIY8,710,0.0002796221675,8,0.9454061251664447,3.7233311251664453e-07
ThomasAM_2019_c,1076,UniRef90_A0A1E3A9M3,709,0.014640232819000001,8,0.9440745672436751,1.949431800133156e-05
ThomasAM_2019_c,1077,UniRef90_B0G6W6,709,0.0135429772267,8,0.9440745672436751,1.8033258624101198e-05
ThomasAM_2019_c,1078,UniRef90_A0A396ABW1,709,0.012432773422,8,0.9440745672436751,1.6554957952063914e-05
ThomasAM_2019_c,1079,UniRef90_A0A0D0ZIG5,709,0.012364048613,8,0.9440745672436751,1.6463446888149134e-05
ThomasAM_2019_c,1080,UniRef90_C7G920,709,0.012357278826999999,8,0.9440745672436751,1.6454432525965377e-05
ThomasAM_2019_c,1081,UniRef90_C7H6C0,709,0.0122834924144,8,0.9440745672436751,1.63561816436751e-05
ThomasAM_2019_c,1082,UniRef90_U2DQ57,709,0.011774027067,8,0.9440745672436751,1.5677799023968042e-05
ThomasAM_2019_c,1083,UniRef90_Q8A8R2,709,0.0116577871379,8,0.9440745672436751,1.5523018825432756e-05
ThomasAM_2019_c,1084,UniRef90_A0A3E5E4K1,709,0.0114474414271,8,0.9440745672436751,1.5242931327696406e-05
ThomasAM_2019_c,1085,UniRef90_A0A3E4IFI0,709,0.0108168397909,8,0.9440745672436751,1.4403248722902796e-05
ThomasAM_2019_c,1086,UniRef90_Q64RV7,709,0.0107170987591,8,0.9440745672436751,1.4270437761784286e-05
ThomasAM_2019_c,1087,UniRef90_E5WVY3,709,0.010640496868,8,0.9440745672436751,1.4168437906790945e-05
ThomasAM_2019_c,1088,UniRef90_Q5LG30,709,0.010595844516,8,0.9440745672436751,1.4108980713715045e-05
ThomasAM_2019_c,1089,UniRef90_C0B8K0,709,0.0104504734506,8,0.9440745672436751,1.3915410719840213e-05
ThomasAM_2019_c,1090,UniRef90_B6W3Z6,709,0.009887633901,8,0.9440745672436751,1.3165957258322238e-05
ThomasAM_2019_c,1091,UniRef90_A0A3E2TWW7,709,0.0097970171313,8,0.9440745672436751,1.304529578069241e-05
ThomasAM_2019_c,1092,UniRef90_Q8A9E3,709,0.009559391609600001,8,0.9440745672436751,1.2728883634620507e-05
ThomasAM_2019_c,1093,UniRef90_UPI000DE4AA75,709,0.008989240621,8,0.9440745672436751,1.1969694568575233e-05
ThomasAM_2019_c,1094,UniRef90_C9L7J3,709,0.008828510055,8,0.9440745672436751,1.1755672509986686e-05
ThomasAM_2019_c,1095,UniRef90_F3PQX9,709,0.008666987845,8,0.9440745672436751,1.1540596331557923e-05
ThomasAM_2019_c,1096,UniRef90_A0A1Y4MKN9,709,0.007835919442,8,0.9440745672436751,1.0433980615179759e-05
ThomasAM_2019_c,1097,UniRef90_Q5LBQ4,709,0.0078189724999,8,0.9440745672436751,1.0411414780159787e-05
ThomasAM_2019_c,1098,UniRef90_Q8A4A2,709,0.0074759883720999995,8,0.9440745672436751,9.954711547403462e-06
ThomasAM_2019_c,1099,UniRef90_D4M3U2,709,0.0073684999602,8,0.9440745672436751,9.81158450093209e-06
ThomasAM_2019_c,1100,UniRef90_C4ZI84,709,0.007149650982,8,0.9440745672436751,9.52017441011984e-06
ThomasAM_2019_c,1101,UniRef90_A0A173VFD7,709,0.0070435392973,8,0.9440745672436751,9.378880555659122e-06
ThomasAM_2019_c,1102,UniRef90_R6H258,709,0.0060448044345,8,0.9440745672436751,8.049007236351531e-06
ThomasAM_2019_c,1103,UniRef90_A5ZNW4,709,0.0053962206353,8,0.9440745672436751,7.185380339946738e-06
ThomasAM_2019_c,1104,UniRef90_D5Q4D4,709,0.0048803764464,8,0.9440745672436751,6.498503923302263e-06
ThomasAM_2019_c,1105,UniRef90_C4Z2R9,709,0.0046907563664999995,8,0.9440745672436751,6.246013803595206e-06
ThomasAM_2019_c,1106,UniRef90_G5FA78,709,0.0045447685800000005,8,0.9440745672436751,6.05162260985353e-06
ThomasAM_2019_c,1107,UniRef90_R5LCI4,709,0.004313836171699999,8,0.9440745672436751,5.74412273195739e-06
ThomasAM_2019_c,1108,UniRef90_R6W9Y5,709,0.0008855991688,8,0.9440745672436751,1.1792265896138482e-06
ThomasAM_2019_c,1109,UniRef90_A0A3B8UPW3,709,0.0001692486853,8,0.9440745672436751,2.2536442782956058e-07
ThomasAM_2019_c,1110,UniRef90_T4BVE4,708,0.2226237622205,8,0.9427430093209055,0.00029643643438149135
ThomasAM_2019_c,1111,UniRef90_A0A016JHV3,708,0.0792291817038,8,0.9427430093209055,0.00010549824461225033
ThomasAM_2019_c,1112,UniRef90_A7VSA7,708,0.028796765789,8,0.9427430093209055,3.8344561636484686e-05
ThomasAM_2019_c,1113,UniRef90_D4JD40,708,0.0184155152499,8,0.9427430093209055,2.452132523288948e-05
ThomasAM_2019_c,1114,UniRef90_U2DV50,708,0.0182263070912,8,0.9427430093209055,2.426938361011984e-05
ThomasAM_2019_c,1115,UniRef90_E5VPG8,708,0.017200741529,8,0.9427430093209055,2.2903783660452727e-05
ThomasAM_2019_c,1116,UniRef90_A0A3E2SXG9,708,0.01523968933,8,0.9427430093209055,2.0292529067909456e-05
ThomasAM_2019_c,1117,UniRef90_D0TLK8,708,0.014740698455599999,8,0.9427430093209055,1.9628093815712383e-05
ThomasAM_2019_c,1118,UniRef90_A6NXU4,708,0.0137487454239,8,0.9427430093209055,1.8307250897336885e-05
ThomasAM_2019_c,1119,UniRef90_A0A174Z629,708,0.012228345278,8,0.9427430093209055,1.628275003728362e-05
ThomasAM_2019_c,1120,UniRef90_UPI0009E190BF,708,0.011471490754,8,0.9427430093209055,1.5274954399467378e-05
ThomasAM_2019_c,1121,UniRef90_A0A3E2TD88,708,0.0113959905909,8,0.9427430093209055,1.5174421559121172e-05
ThomasAM_2019_c,1122,UniRef90_Q8A012,708,0.0112860126581,8,0.9427430093209055,1.5027979571371504e-05
ThomasAM_2019_c,1123,UniRef90_A0A396C2N2,708,0.011228619543399999,8,0.9427430093209055,1.4951557314780291e-05
ThomasAM_2019_c,1124,UniRef90_K9E0F3,708,0.011145044884,8,0.9427430093209055,1.4840272814913449e-05
ThomasAM_2019_c,1125,UniRef90_F3PHR0,708,0.010391802221,8,0.9427430093209055,1.3837286579227696e-05
ThomasAM_2019_c,1126,UniRef90_A0A016BL47,708,0.010323559008,8,0.9427430093209055,1.374641678828229e-05
ThomasAM_2019_c,1127,UniRef90_A0A0J8Z099,708,0.0102436996129,8,0.9427430093209055,1.3640079378029294e-05
ThomasAM_2019_c,1128,UniRef90_U2E3J8,708,0.0095663336337,8,0.9427430093209055,1.273812734181092e-05
ThomasAM_2019_c,1129,UniRef90_B0P879,708,0.009445968129,8,0.9427430093209055,1.2577853700399469e-05
ThomasAM_2019_c,1130,UniRef90_C3R9X8,708,0.0093411790246,8,0.9427430093209055,1.2438320938215713e-05
ThomasAM_2019_c,1131,UniRef90_E6SVY1,708,0.009122425873,8,0.9427430093209055,1.2147038446071905e-05
ThomasAM_2019_c,1132,UniRef90_A0A1Y4P879,708,0.0089709089968,8,0.9427430093209055,1.1945284949134487e-05
ThomasAM_2019_c,1133,UniRef90_C4ZBT1,708,0.0089628434835,8,0.9427430093209055,1.1934545250998668e-05
ThomasAM_2019_c,1134,UniRef90_A7B028,708,0.008609083737,8,0.9427430093209055,1.1463493657789612e-05
ThomasAM_2019_c,1135,UniRef90_A0A396E7W7,708,0.008437834456,8,0.9427430093209055,1.123546532090546e-05
ThomasAM_2019_c,1136,UniRef90_C7H2N7,708,0.0080384977937,8,0.9427430093209055,1.070372542436751e-05
ThomasAM_2019_c,1137,UniRef90_A0A174GXR6,708,0.007393341821,8,0.9427430093209055,9.844662877496672e-06
ThomasAM_2019_c,1138,UniRef90_C9L7F6,708,0.00731080041,8,0.9427430093209055,9.734754207723036e-06
ThomasAM_2019_c,1139,UniRef90_G2T389,708,0.0071464619982,8,0.9427430093209055,9.515928093475366e-06
ThomasAM_2019_c,1140,UniRef90_C0CTQ4,708,0.0071325750175,8,0.9427430093209055,9.497436774300932e-06
ThomasAM_2019_c,1141,UniRef90_A0A174M8I9,708,0.0070975570478,8,0.9427430093209055,9.45080831930759e-06
ThomasAM_2019_c,1142,UniRef90_A0A2A6ZYV1,708,0.0065275206327,8,0.9427430093209055,8.691771814513981e-06
ThomasAM_2019_c,1143,UniRef90_A6KZW5,708,0.0064077572619,8,0.9427430093209055,8.532299949267644e-06
ThomasAM_2019_c,1144,UniRef90_A0A1C5XW61,708,0.006171478578,8,0.9427430093209055,8.217681195739015e-06
ThomasAM_2019_c,1145,UniRef90_R6J7M1,708,0.005677819491,8,0.9427430093209055,7.5603455272969375e-06
ThomasAM_2019_c,1146,UniRef90_D6S6C8,708,0.00519899114903,8,0.9427430093209055,6.922757854900133e-06
ThomasAM_2019_c,1147,UniRef90_R9JHQ9,708,0.0051048158094000005,8,0.9427430093209055,6.797357935286286e-06
ThomasAM_2019_c,1148,UniRef90_A0A367FVA4,708,0.0051047954682,8,0.9427430093209055,6.797330849800266e-06
ThomasAM_2019_c,1149,UniRef90_A0A174WU36,708,0.0046819910069999995,8,0.9427430093209055,6.234342219707056e-06
ThomasAM_2019_c,1150,UniRef90_A7VCW4,708,0.0012447119312,8,0.9427430093209055,1.6574060335552597e-06
ThomasAM_2019_c,1151,UniRef90_S0J749,708,0.001237250474,8,0.9427430093209055,1.647470671105193e-06
ThomasAM_2019_c,1152,UniRef90_A0A174I7T3,708,0.0008238210875999999,8,0.9427430093209055,1.0969654961384819e-06
ThomasAM_2019_c,1153,UniRef90_A0A330I026,708,0.0003193610529,8,0.9427430093209055,4.252477402130493e-07
ThomasAM_2019_c,1154,UniRef90_Q45122,707,0.16657258664479999,8,0.9414114513981359,0.00022180104746311583
ThomasAM_2019_c,1155,UniRef90_A0A175AB67,707,0.0532459605656,8,0.9414114513981359,7.090008064660452e-05
ThomasAM_2019_c,1156,UniRef90_A0A173VNX7,707,0.0361203137,8,0.9414114513981359,4.809628988015978e-05
ThomasAM_2019_c,1157,UniRef90_A0A140JXE1,707,0.03275524885,8,0.9414114513981359,4.361551111850866e-05
ThomasAM_2019_c,1158,UniRef90_A7V130,707,0.0191453524293,8,0.9414114513981359,2.5493145711451397e-05
ThomasAM_2019_c,1159,UniRef90_D4KN84,707,0.017889949725,8,0.9414114513981359,2.38215042942743e-05
ThomasAM_2019_c,1160,UniRef90_B5D0K9,707,0.0167105713054,8,0.9414114513981359,2.2251093615712385e-05
ThomasAM_2019_c,1161,UniRef90_A6NXP0,707,0.0157869004542,8,0.9414114513981359,2.1021172375765646e-05
ThomasAM_2019_c,1162,UniRef90_C3QN54,707,0.0153556798483,8,0.9414114513981359,2.0446977161517975e-05
ThomasAM_2019_c,1163,UniRef90_A0A374NP07,707,0.0150331405733,8,0.9414114513981359,2.001749743448735e-05
ThomasAM_2019_c,1164,UniRef90_A0A395V4X9,707,0.014600595065,8,0.9414114513981359,1.9441538035952063e-05
ThomasAM_2019_c,1165,UniRef90_U2D5N3,707,0.0140604953767,8,0.9414114513981359,1.8722364016910786e-05
ThomasAM_2019_c,1166,UniRef90_D4K0T9,707,0.0139741635597,8,0.9414114513981359,1.8607408201997337e-05
ThomasAM_2019_c,1167,UniRef90_F4XH62,707,0.013760306582,8,0.9414114513981359,1.8322645249001333e-05
ThomasAM_2019_c,1168,UniRef90_C3RAI8,707,0.0136194694291,8,0.9414114513981359,1.8135112422237018e-05
ThomasAM_2019_c,1169,UniRef90_B0NQJ5,707,0.0135762539644,8,0.9414114513981359,1.807756852782956e-05
ThomasAM_2019_c,1170,UniRef90_A0A174EJL6,707,0.012723880364999999,8,0.9414114513981359,1.6942583708388812e-05
ThomasAM_2019_c,1171,UniRef90_D4J494,707,0.0126532815278,8,0.9414114513981359,1.6848577267376833e-05
ThomasAM_2019_c,1172,UniRef90_D5AGI1,707,0.0122592793107,8,0.9414114513981359,1.6323940493608522e-05
ThomasAM_2019_c,1173,UniRef90_A0A395V6Q9,707,0.011705607168,8,0.9414114513981359,1.558669396537949e-05
ThomasAM_2019_c,1174,UniRef90_D4L103,707,0.011201363434400001,8,0.9414114513981359,1.4915264226897471e-05
ThomasAM_2019_c,1175,UniRef90_A0A136Q5S8,707,0.010923484208,8,0.9414114513981359,1.4545251941411451e-05
ThomasAM_2019_c,1176,UniRef90_U2DZN0,707,0.01027881476,8,0.9414114513981359,1.368683723035952e-05
ThomasAM_2019_c,1177,UniRef90_R6VDK6,707,0.010275571552,8,0.9414114513981359,1.368251871105193e-05
ThomasAM_2019_c,1178,UniRef90_E6SPK9,707,0.0098909721513,8,0.9414114513981359,1.317040233195739e-05
ThomasAM_2019_c,1179,UniRef90_R7DK98,707,0.009659045273,8,0.9414114513981359,1.2861578259653797e-05
ThomasAM_2019_c,1180,UniRef90_Q8AA75,707,0.009316368607,8,0.9414114513981359,1.2405284430093211e-05
ThomasAM_2019_c,1181,UniRef90_Q9RQ15,707,0.0091019841224,8,0.9414114513981359,1.2119819071105193e-05
ThomasAM_2019_c,1182,UniRef90_A0A3E4WBS7,707,0.008811246822000001,8,0.9414114513981359,1.1732685515312918e-05
ThomasAM_2019_c,1183,UniRef90_C9LBR4,707,0.00878051838,8,0.9414114513981359,1.1691768814913447e-05
ThomasAM_2019_c,1184,UniRef90_D4S2D0,707,0.008566528074000001,8,0.9414114513981359,1.140682832756325e-05
ThomasAM_2019_c,1185,UniRef90_G2T386,707,0.0080446735708,8,0.9414114513981359,1.0711948829294274e-05
ThomasAM_2019_c,1186,UniRef90_A0A3E4RQI8,707,0.00795383165502,8,0.9414114513981359,1.0590987556617842e-05
ThomasAM_2019_c,1187,UniRef90_G2T378,707,0.0077261825953,8,0.9414114513981359,1.0287859647536618e-05
ThomasAM_2019_c,1188,UniRef90_A0A173Y905,707,0.007050404113,8,0.9414114513981359,9.38802145539281e-06
ThomasAM_2019_c,1189,UniRef90_A0A395X463,707,0.007030510374,8,0.9414114513981359,9.361531789613847e-06
ThomasAM_2019_c,1190,UniRef90_D4M3U4,707,0.006932165869,8,0.9414114513981359,9.23058038482024e-06
ThomasAM_2019_c,1191,UniRef90_E1KPU4,707,0.0068973489165999,8,0.9414114513981359,9.184219596005194e-06
ThomasAM_2019_c,1192,UniRef90_A7VCU8,707,0.0068585545093,8,0.9414114513981359,9.13256259560586e-06
ThomasAM_2019_c,1193,UniRef90_D4LWI0,707,0.006744030733,8,0.9414114513981359,8.980067553928096e-06
ThomasAM_2019_c,1194,UniRef90_C7H2R2,707,0.006138508898,8,0.9414114513981359,8.173780157123834e-06
ThomasAM_2019_c,1195,UniRef90_B0NZ71,707,0.006086095826999999,8,0.9414114513981359,8.103989117177097e-06
ThomasAM_2019_c,1196,UniRef90_A0A174AYK4,707,0.006016594098000001,8,0.9414114513981359,8.01144353928096e-06
ThomasAM_2019_c,1197,UniRef90_A0A173SXT0,707,0.00587558078,8,0.9414114513981359,7.823676138482025e-06
ThomasAM_2019_c,1198,UniRef90_D4JG11,707,0.005558021943,8,0.9414114513981359,7.400828153129161e-06
ThomasAM_2019_c,1199,UniRef90_A0A174M6D1,707,0.0052678759894,8,0.9414114513981359,7.014482009853529e-06
ThomasAM_2019_c,1200,UniRef90_D4ML25,707,0.0050525255374,8,0.9414114513981359,6.727730409320906e-06
ThomasAM_2019_c,1201,UniRef90_A0A395VB98,707,0.004336599626,8,0.9414114513981359,5.77443358988016e-06
ThomasAM_2019_c,1202,UniRef90_C4ZB96,707,0.0041875651836999995,8,0.9414114513981359,5.5759855974700396e-06
ThomasAM_2019_c,1203,UniRef90_A0A173U5W5,707,0.0040388508402,8,0.9414114513981359,5.377963835153129e-06
ThomasAM_2019_c,1204,UniRef90_A0A396G8F1,707,0.0039566956388,8,0.9414114513981359,5.2685694258322245e-06
ThomasAM_2019_c,1205,UniRef90_A0A292RKG4,707,0.0016343110049,8,0.9414114513981359,2.1761797668442078e-06
ThomasAM_2019_c,1206,UniRef90_E7GGY5,707,0.0002868824179,8,0.9414114513981359,3.8200055645805595e-07
ThomasAM_2019_c,1207,UniRef90_A0A139KBM3,706,0.0188678698533,8,0.9400798934753661,2.5123661588948068e-05
ThomasAM_2019_c,1208,UniRef90_C7H7M1,706,0.0177133712768,8,0.9400798934753661,2.3586379862583223e-05
ThomasAM_2019_c,1209,UniRef90_R6Q0Q6,706,0.0163227389666,8,0.9400798934753661,2.1734672392276967e-05
ThomasAM_2019_c,1210,UniRef90_C4Z2T4,706,0.01503936544,8,0.9400798934753661,2.002578620505992e-05
ThomasAM_2019_c,1211,UniRef90_A6L5E5,706,0.0134472021002,8,0.9400798934753661,1.790572849560586e-05
ThomasAM_2019_c,1212,UniRef90_A0A1R7JGV1,706,0.012936935022,8,0.9400798934753661,1.7226278324900132e-05
ThomasAM_2019_c,1213,UniRef90_D4JBI5,706,0.012613576244099999,8,0.9400798934753661,1.6795707382290277e-05
ThomasAM_2019_c,1214,UniRef90_A0A0P0M1Z2,706,0.0115181220171,8,0.9400798934753661,1.533704662729694e-05
ThomasAM_2019_c,1215,UniRef90_G2T370,706,0.0114979243696,8,0.9400798934753661,1.5310152289747003e-05
ThomasAM_2019_c,1216,UniRef90_A6L171,706,0.0111755504665,8,0.9400798934753661,1.4880892764980025e-05
ThomasAM_2019_c,1217,UniRef90_A0A0D8IW01,706,0.010953829318,8,0.9400798934753661,1.4585658213049268e-05
ThomasAM_2019_c,1218,UniRef90_A0A396FKF2,706,0.0109376012879,8,0.9400798934753661,1.456404965099867e-05
ThomasAM_2019_c,1219,UniRef90_E2ZNH2,706,0.0108602420606,8,0.9400798934753661,1.4461041358988016e-05
ThomasAM_2019_c,1220,UniRef90_A5Z5E6,706,0.01077793002,8,0.9400798934753661,1.435143810918775e-05
ThomasAM_2019_c,1221,UniRef90_V8CFS4,706,0.0102170977345,8,0.9400798934753661,1.360465743608522e-05
ThomasAM_2019_c,1222,UniRef90_D4L105,706,0.0099515208405,8,0.9400798934753661,1.3251026418774966e-05
ThomasAM_2019_c,1223,UniRef90_R6M6L8,706,0.009753032482,8,0.9400798934753661,1.2986727672436752e-05
ThomasAM_2019_c,1224,UniRef90_A0A396F3B0,706,0.0096076897559,8,0.9400798934753661,1.2793195413981357e-05
ThomasAM_2019_c,1225,UniRef90_Q8A9A8,706,0.009594321679,8,0.9400798934753661,1.2775395045272968e-05
ThomasAM_2019_c,1226,UniRef90_A0A174Q0V3,706,0.009438950667,8,0.9400798934753661,1.2568509543275633e-05
ThomasAM_2019_c,1227,UniRef90_I3WHK0,706,0.0093849840568,8,0.9400798934753661,1.24966498758988e-05
ThomasAM_2019_c,1228,UniRef90_G5SS34,706,0.009207770144,8,0.9400798934753661,1.2260679286284953e-05
ThomasAM_2019_c,1229,UniRef90_F0YZ89,706,0.0090761351243,8,0.9400798934753661,1.2085399632889481e-05
ThomasAM_2019_c,1230,UniRef90_A0A2A7BB71,706,0.0084640585777,8,0.9400798934753661,1.127038425792277e-05
ThomasAM_2019_c,1231,UniRef90_U2PTP8,706,0.0078104858056,8,0.9400798934753661,1.0400114255126497e-05
ThomasAM_2019_c,1232,UniRef90_A0A015Y6C2,706,0.007804849107,8,0.9400798934753661,1.0392608664447404e-05
ThomasAM_2019_c,1233,UniRef90_C5EWS1,706,0.0063350099311,8,0.9400798934753661,8.43543266458056e-06
ThomasAM_2019_c,1234,UniRef90_A0A1E3UA98,706,0.0062212013438,8,0.9400798934753661,8.283889938482023e-06
ThomasAM_2019_c,1235,UniRef90_B0MI66,706,0.0062068562144999995,8,0.9400798934753661,8.264788567909453e-06
ThomasAM_2019_c,1236,UniRef90_A0A174PDT1,706,0.0062035272706,8,0.9400798934753661,8.260355886284954e-06
ThomasAM_2019_c,1237,UniRef90_A0A1C5XEF3,706,0.0057395411336,8,0.9400798934753661,7.642531469507323e-06
ThomasAM_2019_c,1238,UniRef90_F7R0D4,706,0.005332086083,8,0.9400798934753661,7.099981468708389e-06
ThomasAM_2019_c,1239,UniRef90_G1VJV9,706,0.0044895148437,8,0.9400798934753661,5.9780490595206385e-06
ThomasAM_2019_c,1240,UniRef90_E6LJT6,706,0.0036925509186,8,0.9400798934753661,4.916845430892144e-06
ThomasAM_2019_c,1241,UniRef90_A0A2A7ADC4,706,0.0028523029299,8,0.9400798934753661,3.7980065644474036e-06
ThomasAM_2019_c,1242,UniRef90_C4Z1I4,706,0.0027189051157,8,0.9400798934753661,3.620379648069241e-06
ThomasAM_2019_c,1243,UniRef90_A8S5Y0,706,0.0020642447283,8,0.9400798934753661,2.7486614225033286e-06
ThomasAM_2019_c,1244,UniRef90_A0A069RER7,706,0.002017484867,8,0.9400798934753661,2.6863979587217045e-06
ThomasAM_2019_c,1245,UniRef90_R5GU90,706,0.0006525265842,8,0.9400798934753661,8.688769430093208e-07
ThomasAM_2019_c,1246,UniRef90_R7N250,706,0.00025655503625,8,0.9400798934753661,3.416178911451398e-07
ThomasAM_2019_c,1247,UniRef90_A8S9X2,705,0.042335878852,8,0.9387483355525965,5.637267490279627e-05
ThomasAM_2019_c,1248,UniRef90_A0A127SMK3,705,0.0363451937515,8,0.9387483355525965,4.839573069440745e-05
ThomasAM_2019_c,1249,UniRef90_A0A174DC02,705,0.025186012455,8,0.9387483355525965,3.353663442743009e-05
ThomasAM_2019_c,1250,UniRef90_E6ST13,705,0.023796678765300002,8,0.9387483355525965,3.1686656145539284e-05
ThomasAM_2019_c,1251,UniRef90_A0A329U187,705,0.0168633576435,8,0.9387483355525965,2.24545374747004e-05
ThomasAM_2019_c,1252,UniRef90_A0A3E4JIY8,705,0.016730553583,8,0.9387483355525965,2.2277701175765647e-05
ThomasAM_2019_c,1253,UniRef90_K0XC19,705,0.016372531065099998,8,0.9387483355525965,2.1800973455525964e-05
ThomasAM_2019_c,1254,UniRef90_D1PNJ1,705,0.015919403419,8,0.9387483355525965,2.119760774833555e-05
ThomasAM_2019_c,1255,UniRef90_R6DH93,705,0.0140918246996,8,0.9387483355525965,1.876408082503329e-05
ThomasAM_2019_c,1256,UniRef90_E2ZJN6,705,0.012565177294,8,0.9387483355525965,1.673126137683089e-05
ThomasAM_2019_c,1257,UniRef90_A0A174JYK3,705,0.0120500239625,8,0.9387483355525965,1.6045304876830893e-05
ThomasAM_2019_c,1258,UniRef90_A0A078PVF0,705,0.011683951470800001,8,0.9387483355525965,1.5557858150199735e-05
ThomasAM_2019_c,1259,UniRef90_D4JMN8,705,0.010315239252,8,0.9387483355525965,1.373533855126498e-05
ThomasAM_2019_c,1260,UniRef90_A0A395V2L8,705,0.0100876297978,8,0.9387483355525965,1.3432263379227696e-05
ThomasAM_2019_c,1261,UniRef90_A0A1Y3V2S0,705,0.009692934279,8,0.9387483355525965,1.2906703434087883e-05
ThomasAM_2019_c,1262,UniRef90_R6JJ97,705,0.009244932359,8,0.9387483355525965,1.2310162928095873e-05
ThomasAM_2019_c,1263,UniRef90_A0A173W4W5,705,0.0089920949858,8,0.9387483355525965,1.1973495320639148e-05
ThomasAM_2019_c,1264,UniRef90_R6KK61,705,0.008631136377600001,8,0.9387483355525965,1.1492858026098537e-05
ThomasAM_2019_c,1265,UniRef90_C4ZEP6,705,0.0086081633546,8,0.9387483355525965,1.1462268115312917e-05
ThomasAM_2019_c,1266,UniRef90_C4ZBU2,705,0.0076129363849,8,0.9387483355525965,1.013706575885486e-05
ThomasAM_2019_c,1267,UniRef90_R9KS72,705,0.00749671742,8,0.9387483355525965,9.982313475366179e-06
ThomasAM_2019_c,1268,UniRef90_C4ZES0,705,0.0074645398507,8,0.9387483355525965,9.939467178029295e-06
ThomasAM_2019_c,1269,UniRef90_D4M219,705,0.00629900791,8,0.9387483355525965,8.387493888149136e-06
ThomasAM_2019_c,1270,UniRef90_R6V5M5,705,0.005815479903,8,0.9387483355525965,7.743648339547271e-06
ThomasAM_2019_c,1271,UniRef90_Q8A011,705,0.0055337936296,8,0.9387483355525965,7.368566750466045e-06
ThomasAM_2019_c,1272,UniRef90_A7VCV0,705,0.0052410473249999995,8,0.9387483355525965,6.9787580892143806e-06
ThomasAM_2019_c,1273,UniRef90_A7VFZ7,705,0.0049351244070000005,8,0.9387483355525965,6.571404003994675e-06
ThomasAM_2019_c,1274,UniRef90_A0A0S2W3X4,705,0.0046700736158,8,0.9387483355525965,6.218473523035952e-06
ThomasAM_2019_c,1275,UniRef90_A0A078BFX5,705,0.0034877671038,8,0.9387483355525965,4.644163919840213e-06
ThomasAM_2019_c,1276,UniRef90_A0A351UX12,705,0.00031302619230000003,8,0.9387483355525965,4.1681250639147806e-07
ThomasAM_2019_c,1277,UniRef90_T4C1L2,704,0.416555097613,8,0.9374167776298269,0.0005546672404966711
ThomasAM_2019_c,1278,UniRef90_A0A396E773,704,0.0409485594476,8,0.9374167776298269,5.4525378758455396e-05
ThomasAM_2019_c,1279,UniRef90_U2RIC0,704,0.025926244300599997,8,0.9374167776298269,3.452229600612516e-05
ThomasAM_2019_c,1280,UniRef90_A7VSA3,704,0.0240790163582,8,0.9374167776298269,3.206260500426098e-05
ThomasAM_2019_c,1281,UniRef90_E4W3C5,704,0.023637777804,8,0.9374167776298269,3.147507031158456e-05
ThomasAM_2019_c,1282,UniRef90_A5ZV45,704,0.019409521687,8,0.9374167776298269,2.584490237949401e-05
ThomasAM_2019_c,1283,UniRef90_D4LVI9,704,0.0188875760986,8,0.9374167776298269,2.5149901596005325e-05
ThomasAM_2019_c,1284,UniRef90_D4JXT5,704,0.0159171650536,8,0.9374167776298269,2.119462723515313e-05
ThomasAM_2019_c,1285,UniRef90_A0A396AHV1,704,0.0152018599687,8,0.9374167776298269,2.0242157082157124e-05
ThomasAM_2019_c,1286,UniRef90_Q5LI34,704,0.0145246966133,8,0.9374167776298269,1.934047485126498e-05
ThomasAM_2019_c,1287,UniRef90_C7H8R6,704,0.0137879827881,8,0.9374167776298269,1.8359497720505992e-05
ThomasAM_2019_c,1288,UniRef90_R7E8Y2,704,0.013513967969,8,0.9374167776298269,1.7994631117177098e-05
ThomasAM_2019_c,1289,UniRef90_K6A127,704,0.0130137447546,8,0.9374167776298269,1.732855493288948e-05
ThomasAM_2019_c,1290,UniRef90_A0A329UPM4,704,0.0129083859638,8,0.9374167776298269,1.7188263600266312e-05
ThomasAM_2019_c,1291,UniRef90_A0A2N5NXW5,704,0.012784554145,8,0.9374167776298269,1.7023374360852196e-05
ThomasAM_2019_c,1292,UniRef90_F3PGU7,704,0.012381013891,8,0.9374167776298269,1.6486037138482022e-05
ThomasAM_2019_c,1293,UniRef90_A0A396FMH1,704,0.0117584308305,8,0.9374167776298269,1.565703173169108e-05
ThomasAM_2019_c,1294,UniRef90_A0A3E4IFX0,704,0.010996731923099998,8,0.9374167776298269,1.4642785516777627e-05
ThomasAM_2019_c,1295,UniRef90_A0A2A6ZAF7,704,0.010881850812,8,0.9374167776298269,1.4489814663115846e-05
ThomasAM_2019_c,1296,UniRef90_A0A174K528,704,0.0108688134172,8,0.9374167776298269,1.447245461677763e-05
ThomasAM_2019_c,1297,UniRef90_Q5LG55,704,0.0103919933494,8,0.9374167776298269,1.3837541077762984e-05
ThomasAM_2019_c,1298,UniRef90_B6W1I3,704,0.0102489634451,8,0.9374167776298269,1.3647088475499334e-05
ThomasAM_2019_c,1299,UniRef90_C4ZBD3,704,0.0100873481031,8,0.9374167776298269,1.343188828641811e-05
ThomasAM_2019_c,1300,UniRef90_A0A395ZXE4,704,0.009968410167000001,8,0.9374167776298269,1.3273515535286286e-05
ThomasAM_2019_c,1301,UniRef90_A0A174HKF0,704,0.0097941659435,8,0.9374167776298269,1.3041499258988017e-05
ThomasAM_2019_c,1302,UniRef90_Q8A293,704,0.009262955901,8,0.9374167776298269,1.2334162318242344e-05
ThomasAM_2019_c,1303,UniRef90_D4JEF3,704,0.009257893346299999,8,0.9374167776298269,1.2327421233422103e-05
ThomasAM_2019_c,1304,UniRef90_R6SP90,704,0.0092100821728,8,0.9374167776298269,1.2263757886551264e-05
ThomasAM_2019_c,1305,UniRef90_D4JBK8,704,0.009092762027999999,8,0.9374167776298269,1.2107539318242342e-05
ThomasAM_2019_c,1306,UniRef90_A0A174T7I9,704,0.009084279687,8,0.9374167776298269,1.2096244589880158e-05
ThomasAM_2019_c,1307,UniRef90_Q5L7M0,704,0.008428578386,8,0.9374167776298269,1.1223140327563249e-05
ThomasAM_2019_c,1308,UniRef90_A0A139K4H4,704,0.008311661039,8,0.9374167776298269,1.1067458107856194e-05
ThomasAM_2019_c,1309,UniRef90_B6FKG3,704,0.008070450367,8,0.9374167776298269,1.0746272126498002e-05
ThomasAM_2019_c,1310,UniRef90_Q5LD82,704,0.0078449848612,8,0.9374167776298269,1.0446051745938748e-05
ThomasAM_2019_c,1311,UniRef90_R5U546,704,0.007770303375,8,0.9374167776298269,1.0346609021304927e-05
ThomasAM_2019_c,1312,UniRef90_A0A173W777,704,0.0076262035448,8,0.9374167776298269,1.0154731750732356e-05
ThomasAM_2019_c,1313,UniRef90_A0A0F0CGD5,704,0.0071291557802,8,0.9374167776298269,9.492883861784287e-06
ThomasAM_2019_c,1314,UniRef90_A0A173T5U8,704,0.0068084618769999996,8,0.9374167776298269,9.065861354194407e-06
ThomasAM_2019_c,1315,UniRef90_U6RJK9,704,0.0067722883823,8,0.9374167776298269,9.017694250732358e-06
ThomasAM_2019_c,1316,UniRef90_I9F216,704,0.0065850786791,8,0.9374167776298269,8.768413687217044e-06
ThomasAM_2019_c,1317,UniRef90_Q64MP7,704,0.0059574300331,8,0.9374167776298269,7.932663159920107e-06
ThomasAM_2019_c,1318,UniRef90_A0A396G099,704,0.0058346547540999005,8,0.9374167776298269,7.769180764447271e-06
ThomasAM_2019_c,1319,UniRef90_A0A174MTR7,704,0.00574047688,8,0.9374167776298269,7.643777470039948e-06
ThomasAM_2019_c,1320,UniRef90_R5J3V8,704,0.005712303321,8,0.9374167776298269,7.606262744340879e-06
ThomasAM_2019_c,1321,UniRef90_A0A174XTX0,704,0.0049591909237,8,0.9374167776298269,6.603449964980026e-06
ThomasAM_2019_c,1322,UniRef90_A0A0G8GBQ2,704,0.0049206594144,8,0.9374167776298269,6.55214302849534e-06
ThomasAM_2019_c,1323,UniRef90_A0A015YD63,704,0.0043196888306999,8,0.9374167776298269,5.751915886417976e-06
ThomasAM_2019_c,1324,UniRef90_A0A174GI01,704,0.0039282221811,8,0.9374167776298269,5.230655367643142e-06
ThomasAM_2019_c,1325,UniRef90_R5GA69,704,0.0033441889059,8,0.9374167776298269,4.452981232889481e-06
ThomasAM_2019_c,1326,UniRef90_W6PL08,703,0.0549185095229,8,0.9360852197070573,7.312717646191745e-05
ThomasAM_2019_c,1327,UniRef90_A0A173UNL4,703,0.018521087294,8,0.9360852197070573,2.4661900524633822e-05
ThomasAM_2019_c,1328,UniRef90_A6P141,703,0.0180615255985,8,0.9360852197070573,2.404996750798935e-05
ThomasAM_2019_c,1329,UniRef90_R6KAH4,703,0.0147837177229,8,0.9360852197070573,1.9685376461917445e-05
ThomasAM_2019_c,1330,UniRef90_U2DW97,703,0.014491730797999999,8,0.9360852197070573,1.9296578958721703e-05
ThomasAM_2019_c,1331,UniRef90_R8W1C5,703,0.0136143139895,8,0.9360852197070573,1.8128247655792277e-05
ThomasAM_2019_c,1332,UniRef90_C4Z7L0,703,0.013285611756,8,0.9360852197070573,1.7690561592543277e-05
ThomasAM_2019_c,1333,UniRef90_A0A1L5KG17,703,0.0123584482977,8,0.9360852197070573,1.645598974394141e-05
ThomasAM_2019_c,1334,UniRef90_A0A174CE89,703,0.012045730733999999,8,0.9360852197070573,1.6039588194407457e-05
ThomasAM_2019_c,1335,UniRef90_A0A396EYX8,703,0.011981734213999999,8,0.9360852197070573,1.595437312117177e-05
ThomasAM_2019_c,1336,UniRef90_B0NZ62,703,0.011879574089,8,0.9360852197070573,1.5818340997336884e-05
ThomasAM_2019_c,1337,UniRef90_A9KJI7,703,0.011263605176,8,0.9360852197070573,1.499814271105193e-05
ThomasAM_2019_c,1338,UniRef90_A0A0P0L0E5,703,0.0112585968309,8,0.9360852197070573,1.4991473809454063e-05
ThomasAM_2019_c,1339,UniRef90_A0A395ZWL7,703,0.011151518127,8,0.9360852197070573,1.4848892312916111e-05
ThomasAM_2019_c,1340,UniRef90_A0A2J4JLE3,703,0.0110557526559999,8,0.9360852197070573,1.4721375041278163e-05
ThomasAM_2019_c,1341,UniRef90_Q8AAP0,703,0.010697076879,8,0.9360852197070573,1.4243777468708388e-05
ThomasAM_2019_c,1342,UniRef90_C0CL71,703,0.0106575928261,8,0.9360852197070573,1.4191202165246337e-05
ThomasAM_2019_c,1343,UniRef90_A5ZTH3,703,0.0104461464644,8,0.9360852197070573,1.3909649087083886e-05
ThomasAM_2019_c,1344,UniRef90_A0A3E2TX75,703,0.010361476054999999,8,0.9360852197070573,1.3796905532623167e-05
ThomasAM_2019_c,1345,UniRef90_B7AWP1,703,0.0101896439394,8,0.9360852197070573,1.3568101117709722e-05
ThomasAM_2019_c,1346,UniRef90_B7ANN6,703,0.010113715724,8,0.9360852197070573,1.346699830093209e-05
ThomasAM_2019_c,1347,UniRef90_A5TSU5,703,0.0098126930303,8,0.9360852197070573,1.3066169148202396e-05
ThomasAM_2019_c,1348,UniRef90_A0A3E2VU96,703,0.0098107750618,8,0.9360852197070573,1.3063615262050599e-05
ThomasAM_2019_c,1349,UniRef90_F7LNS5,703,0.009628726749,8,0.9360852197070573,1.2821207388814914e-05
ThomasAM_2019_c,1350,UniRef90_A7AFT2,703,0.0094795952364,8,0.9360852197070573,1.2622630141677764e-05
ThomasAM_2019_c,1351,UniRef90_B7ASF2,703,0.0094088731515,8,0.9360852197070573,1.252845958921438e-05
ThomasAM_2019_c,1352,UniRef90_R5R936,703,0.0089304217208,8,0.9360852197070573,1.1891373796005327e-05
ThomasAM_2019_c,1353,UniRef90_A0A0M6W9J4,703,0.0088958285466999,8,0.9360852197070573,1.184531098095859e-05
ThomasAM_2019_c,1354,UniRef90_E5CB79,703,0.0086966230876,8,0.9360852197070573,1.1580057373635154e-05
ThomasAM_2019_c,1355,UniRef90_D4M5W8,703,0.008647832331,8,0.9360852197070573,1.1515089655126497e-05
ThomasAM_2019_c,1356,UniRef90_Q5L925,703,0.0085096576491,8,0.9360852197070573,1.1331102062716377e-05
ThomasAM_2019_c,1357,UniRef90_A0A174FVH6,703,0.0083771549807,8,0.9360852197070573,1.115466708482024e-05
ThomasAM_2019_c,1358,UniRef90_A0A367FUA1,703,0.0082448986399,8,0.9360852197070573,1.0978560106391478e-05
ThomasAM_2019_c,1359,UniRef90_B5CM70,703,0.0080288814689,8,0.9360852197070573,1.0690920730892144e-05
ThomasAM_2019_c,1360,UniRef90_U2E3Q3,703,0.0078087968103,8,0.9360852197070573,1.0397865260053262e-05
ThomasAM_2019_c,1361,UniRef90_K1FI91,703,0.0077000970275,8,0.9360852197070573,1.0253125203062583e-05
ThomasAM_2019_c,1362,UniRef90_C4Z297,703,0.0076753529832999995,8,0.9360852197070573,1.022017707496671e-05
ThomasAM_2019_c,1363,UniRef90_A0A174KMD6,703,0.007662667903,8,0.9360852197070573,1.0203286155792277e-05
ThomasAM_2019_c,1364,UniRef90_C0CTT4,703,0.0073919235325,8,0.9360852197070573,9.842774344207722e-06
ThomasAM_2019_c,1365,UniRef90_Q8A2B1,703,0.0071168338316,8,0.9360852197070573,9.476476473501998e-06
ThomasAM_2019_c,1366,UniRef90_A0A173W0R5,703,0.006679628283,8,0.9360852197070573,8.89431196138482e-06
ThomasAM_2019_c,1367,UniRef90_A0A1R7P295,703,0.006246829634,8,0.9360852197070573,8.318015491344873e-06
ThomasAM_2019_c,1368,UniRef90_R6J4W1,703,0.0062004327786,8,0.9360852197070573,8.256235390945407e-06
ThomasAM_2019_c,1369,UniRef90_A0A2A7ABE5,703,0.0061090895378,8,0.9360852197070573,8.134606574966711e-06
ThomasAM_2019_c,1370,UniRef90_Q5L883,703,0.0059638824714,8,0.9360852197070573,7.941254955259654e-06
ThomasAM_2019_c,1371,UniRef90_A0A1C5SJC9,703,0.005817570867000001,8,0.9360852197070573,7.746432579227697e-06
ThomasAM_2019_c,1372,UniRef90_Q5LG64,703,0.005528868722,8,0.9360852197070573,7.362008950732357e-06
ThomasAM_2019_c,1373,UniRef90_R6GP05,703,0.004987412561,8,0.9360852197070573,6.641028709720373e-06
ThomasAM_2019_c,1374,UniRef90_A0A2A7BGS1,703,0.0048604522684,8,0.9360852197070573,6.4719737262316904e-06
ThomasAM_2019_c,1375,UniRef90_R6JIG2,703,0.0043616569489999,8,0.9360852197070573,5.807798866844074e-06
ThomasAM_2019_c,1376,UniRef90_A0A1Y4F8G2,703,0.0038540200809999998,8,0.9360852197070573,5.131850973368841e-06
ThomasAM_2019_c,1377,UniRef90_F3ABX3,703,0.0035770430509,8,0.9360852197070573,4.763040014513982e-06
ThomasAM_2019_c,1378,UniRef90_A0A396NCJ8,703,0.0024349102597,8,0.9360852197070573,3.242224047536618e-06
ThomasAM_2019_c,1379,UniRef90_A0A3D0DLD0,703,5.665726149e-05,8,0.9360852197070573,7.544242541944074e-08
ThomasAM_2019_c,1380,UniRef90_A7V4G3,702,0.062616677545,8,0.9347536617842876,8.337773308255658e-05
ThomasAM_2019_c,1381,UniRef90_D4JD93,702,0.021712401603,8,0.9347536617842876,2.891132037683089e-05
ThomasAM_2019_c,1382,UniRef90_A0A174SJS0,702,0.0188859114498,8,0.9347536617842876,2.5147685019707057e-05
ThomasAM_2019_c,1383,UniRef90_A0A3E2XTM8,702,0.018800790157,8,0.9347536617842876,2.5034341087882823e-05
ThomasAM_2019_c,1384,UniRef90_A0A396A061,702,0.017644310308,8,0.9347536617842876,2.3494421182423437e-05
ThomasAM_2019_c,1385,UniRef90_D1PNJ6,702,0.016058054465,8,0.9347536617842876,2.138222964713715e-05
ThomasAM_2019_c,1386,UniRef90_B7B4Y7,702,0.01422594162,8,0.9347536617842876,1.8942665272969373e-05
ThomasAM_2019_c,1387,UniRef90_A0A3E2VXQ2,702,0.0141772100434,8,0.9347536617842876,1.887777635605859e-05
ThomasAM_2019_c,1388,UniRef90_A0A2A7A3R9,702,0.0138983733811,8,0.9347536617842876,1.8506489189214383e-05
ThomasAM_2019_c,1389,UniRef90_A0A0P0M0G9,702,0.013619457631,8,0.9347536617842876,1.813509671238349e-05
ThomasAM_2019_c,1390,UniRef90_A0A076IVM9,702,0.0119848410718,8,0.9347536617842876,1.5958510082290278e-05
ThomasAM_2019_c,1391,UniRef90_D4JXR3,702,0.0118911764678,8,0.9347536617842876,1.5833790236750998e-05
ThomasAM_2019_c,1392,UniRef90_G5SL22,702,0.011554141766,8,0.9347536617842876,1.5385009009320907e-05
ThomasAM_2019_c,1393,UniRef90_C6JDK2,702,0.010783620080999999,8,0.9347536617842876,1.4359014754993342e-05
ThomasAM_2019_c,1394,UniRef90_A0A174MWG0,702,0.010681365887,8,0.9347536617842876,1.4222857372836217e-05
ThomasAM_2019_c,1395,UniRef90_A0A367FVQ7,702,0.0106247017513,8,0.9347536617842876,1.414740579400799e-05
ThomasAM_2019_c,1396,UniRef90_B7AN47,702,0.0099778881978,8,0.9347536617842876,1.3286136082290279e-05
ThomasAM_2019_c,1397,UniRef90_C7H6R0,702,0.0097415731601,8,0.9347536617842876,1.297146892157124e-05
ThomasAM_2019_c,1398,UniRef90_Q8A9V0,702,0.00958133933,8,0.9347536617842876,1.275810829560586e-05
ThomasAM_2019_c,1399,UniRef90_A0A176UAE5,702,0.009366752305,8,0.9347536617842876,1.2472373242343542e-05
ThomasAM_2019_c,1400,UniRef90_U6RFM9,702,0.009145820985,8,0.9347536617842876,1.2178190392809589e-05
ThomasAM_2019_c,1401,UniRef90_D4KUJ4,702,0.009030940784200001,8,0.9347536617842876,1.2025220751264982e-05
ThomasAM_2019_c,1402,UniRef90_R5MEZ1,702,0.0087011598008,8,0.9347536617842876,1.1586098270039945e-05
ThomasAM_2019_c,1403,UniRef90_A0A174UTQ0,702,0.008454557736700001,8,0.9347536617842876,1.1257733337816246e-05
ThomasAM_2019_c,1404,UniRef90_A0A252F3H1,702,0.0080843811249,8,0.9347536617842876,1.0764821737549934e-05
ThomasAM_2019_c,1405,UniRef90_A0A174QRZ0,702,0.0076187169529,8,0.9347536617842876,1.014476291997337e-05
ThomasAM_2019_c,1406,UniRef90_A0A173YRZ1,702,0.0075534114694,8,0.9347536617842876,1.0057804886018641e-05
ThomasAM_2019_c,1407,UniRef90_C4Z1M9,702,0.0071071619418,8,0.9347536617842876,9.463597792010653e-06
ThomasAM_2019_c,1408,UniRef90_A5KRF0,702,0.0067048894201,8,0.9347536617842876,8.927948628628496e-06
ThomasAM_2019_c,1409,UniRef90_A0A174SFY1,702,0.0065637972380000005,8,0.9347536617842876,8.740076215712384e-06
ThomasAM_2019_c,1410,UniRef90_K1V0T9,702,0.0062670698122,8,0.9347536617842876,8.344966460985353e-06
ThomasAM_2019_c,1411,UniRef90_A7B542,702,0.005736113551,8,0.9347536617842876,7.637967444740346e-06
ThomasAM_2019_c,1412,UniRef90_A0A174CV30,702,0.005225630622,8,0.9347536617842876,6.958229856191745e-06
ThomasAM_2019_c,1413,UniRef90_Q8A2F4,702,0.0050103994192,8,0.9347536617842876,6.671637042876165e-06
ThomasAM_2019_c,1414,UniRef90_Q8A448,702,0.004982422109,8,0.9347536617842876,6.634383633821572e-06
ThomasAM_2019_c,1415,UniRef90_A0A173VRE8,702,0.0049071754156,8,0.9347536617842876,6.5341883030625835e-06
ThomasAM_2019_c,1416,UniRef90_C7H649,702,0.0042034220873,8,0.9347536617842876,5.597099983089214e-06
ThomasAM_2019_c,1417,UniRef90_B1C1N3,702,0.004147045329,8,0.9347536617842876,5.522031063914781e-06
ThomasAM_2019_c,1418,UniRef90_A0A1C5Z997,702,0.0037948985507,8,0.9347536617842876,5.053127231291612e-06
ThomasAM_2019_c,1419,UniRef90_A0A373B287,702,0.0036880638039,8,0.9347536617842876,4.910870577762983e-06
ThomasAM_2019_c,1420,UniRef90_B0N9K7,702,0.00222839191941,8,0.9347536617842876,2.967232915326232e-06
ThomasAM_2019_c,1421,UniRef90_UPI000A2F3926,702,0.0004344129459,8,0.9347536617842876,5.784459998668442e-07
ThomasAM_2019_c,1422,UniRef90_A0A1C6D7S1,702,0.0001414385702,8,0.9347536617842876,1.8833364873501998e-07
ThomasAM_2019_c,1423,UniRef90_B2RLW9,701,0.043565895643,8,0.933422103861518,5.801051350599201e-05
ThomasAM_2019_c,1424,UniRef90_E9RX65,701,0.04126985784,8,0.933422103861518,5.495320617842876e-05
ThomasAM_2019_c,1425,UniRef90_C0BCB8,701,0.014468710817,8,0.933422103861518,1.9265926520639147e-05
ThomasAM_2019_c,1426,UniRef90_A0A1T4IYC5,701,0.0140888104905,8,0.933422103861518,1.87600672310253e-05
ThomasAM_2019_c,1427,UniRef90_A0A1Y3ZEQ7,701,0.0133334486664,8,0.933422103861518,1.775425920958722e-05
ThomasAM_2019_c,1428,UniRef90_A8SFP0,701,0.011967110020000001,8,0.933422103861518,1.5934900159786954e-05
ThomasAM_2019_c,1429,UniRef90_G2T3B6,701,0.011203134609,8,0.933422103861518,1.4917622648468708e-05
ThomasAM_2019_c,1430,UniRef90_A5ZJL8,701,0.010966787467,8,0.933422103861518,1.4602912739014647e-05
ThomasAM_2019_c,1431,UniRef90_A8S805,701,0.0102078280736,8,0.933422103861518,1.3592314345672437e-05
ThomasAM_2019_c,1432,UniRef90_D6DZS1,701,0.009155896015,8,0.933422103861518,1.2191605878828229e-05
ThomasAM_2019_c,1433,UniRef90_R5DDM8,701,0.0089059802862,8,0.933422103861518,1.185882861011984e-05
ThomasAM_2019_c,1434,UniRef90_A0A139KSY9,701,0.0088535758099,8,0.933422103861518,1.1789049014513982e-05
ThomasAM_2019_c,1435,UniRef90_A0A174QRB9,701,0.0084535527051,8,0.933422103861518,1.1256395080026632e-05
ThomasAM_2019_c,1436,UniRef90_D4JEF1,701,0.008404462296,8,0.933422103861518,1.1191028356857523e-05
ThomasAM_2019_c,1437,UniRef90_A0A139K6B1,701,0.008085860266,8,0.933422103861518,1.0766791299600533e-05
ThomasAM_2019_c,1438,UniRef90_B0MUR0,701,0.008076598037,8,0.933422103861518,1.0754458105193074e-05
ThomasAM_2019_c,1439,UniRef90_C5EWQ0,701,0.0079125725615,8,0.933422103861518,1.0536048683754994e-05
ThomasAM_2019_c,1440,UniRef90_A0A174BCD9,701,0.0078112698297,8,0.933422103861518,1.0401158228628495e-05
ThomasAM_2019_c,1441,UniRef90_B2PX02,701,0.0076028847892,8,0.933422103861518,1.0123681476964048e-05
ThomasAM_2019_c,1442,UniRef90_A0A1G6G227,701,0.0065773834542,8,0.933422103861518,8.758167049533955e-06
ThomasAM_2019_c,1443,UniRef90_Q8A7V7,701,0.00651526692,8,0.933422103861518,8.675455286284953e-06
ThomasAM_2019_c,1444,UniRef90_A0A396DYQ3,701,0.006208394378,8,0.933422103861518,8.266836721704394e-06
ThomasAM_2019_c,1445,UniRef90_A0A174XLP9,701,0.0061900918337999995,8,0.933422103861518,8.242465823968042e-06
ThomasAM_2019_c,1446,UniRef90_A0A3E2Y7W5,701,0.006042041449,8,0.933422103861518,8.045328161118508e-06
ThomasAM_2019_c,1447,UniRef90_Q64MT2,701,0.005845904485,8,0.933422103861518,7.784160432756325e-06
ThomasAM_2019_c,1448,UniRef90_A0A173VAN3,701,0.0057550364226,8,0.933422103861518,7.663164344340878e-06
ThomasAM_2019_c,1449,UniRef90_I9RLL3,701,0.0056412984345999995,8,0.933422103861518,7.5117156252996e-06
ThomasAM_2019_c,1450,UniRef90_D4LXM4,701,0.0056408923732,8,0.933422103861518,7.5111749310253e-06
ThomasAM_2019_c,1451,UniRef90_W4PH70,701,0.0055780252810000005,8,0.933422103861518,7.4274637563249005e-06
ThomasAM_2019_c,1452,UniRef90_A0A174LGV6,701,0.0052087588745,8,0.933422103861518,6.935764147137151e-06
ThomasAM_2019_c,1453,UniRef90_A0A0M6WU08,701,0.0051170447749,8,0.933422103861518,6.813641511185087e-06
ThomasAM_2019_c,1454,UniRef90_A0A291T9T8,701,0.005010438218,8,0.933422103861518,6.671688705725699e-06
ThomasAM_2019_c,1455,UniRef90_A0A1L5KWS6,701,0.0050004800560999995,8,0.933422103861518,6.658428836351531e-06
ThomasAM_2019_c,1456,UniRef90_A0A096B8Q8,701,0.0041990935437,8,0.933422103861518,5.5913362765645805e-06
ThomasAM_2019_c,1457,UniRef90_A0A173TBR1,701,0.004167055098,8,0.933422103861518,5.548675230359521e-06
ThomasAM_2019_c,1458,UniRef90_R7BZM5,701,0.0038512770848,8,0.933422103861518,5.128198515046605e-06
ThomasAM_2019_c,1459,UniRef90_C5EWP7,701,0.0036787648828,8,0.933422103861518,4.898488525699068e-06
ThomasAM_2019_c,1460,UniRef90_K5BRS5,701,0.0036112736228999997,8,0.933422103861518,4.808620003861518e-06
ThomasAM_2019_c,1461,UniRef90_A0A373AYM4,701,0.0029616561459,8,0.933422103861518,3.943616705592543e-06
ThomasAM_2019_c,1462,UniRef90_A0A3B8MHI9,701,0.0001686165097,8,0.933422103861518,2.2452264940079892e-07
ThomasAM_2019_c,1463,UniRef90_A7V4G1,700,0.0780129652008,8,0.9320905459387483,0.00010387878189187751
ThomasAM_2019_c,1464,UniRef90_A0A0M6WCQ3,700,0.0224731815763,8,0.9320905459387483,2.992434297776298e-05
ThomasAM_2019_c,1465,UniRef90_A6KYS7,700,0.015090836916,8,0.9320905459387483,2.0094323456724368e-05
ThomasAM_2019_c,1466,UniRef90_D4KU18,700,0.014754588538000001,8,0.9320905459387483,1.964658926498003e-05
ThomasAM_2019_c,1467,UniRef90_R7NWF7,700,0.0139738626621,8,0.9320905459387483,1.8607007539414114e-05
ThomasAM_2019_c,1468,UniRef90_B3JFM7,700,0.0130173802064,8,0.9320905459387483,1.7333395747536617e-05
ThomasAM_2019_c,1469,UniRef90_B0NQA3,700,0.012223533755,8,0.9320905459387483,1.6276343215712383e-05
ThomasAM_2019_c,1470,UniRef90_E2ZFA7,700,0.011326154302399999,8,0.9320905459387483,1.5081430495872169e-05
ThomasAM_2019_c,1471,UniRef90_A0A0P0M2Y9,700,0.0111091506033,8,0.9320905459387483,1.4792477501065247e-05
ThomasAM_2019_c,1472,UniRef90_G2T377,700,0.0110417383669,8,0.9320905459387483,1.4702714203595206e-05
ThomasAM_2019_c,1473,UniRef90_D4JSK0,700,0.0106049276333,8,0.9320905459387483,1.4121075410519306e-05
ThomasAM_2019_c,1474,UniRef90_R5CDC3,700,0.010528136779,8,0.9320905459387483,1.4018823940079894e-05
ThomasAM_2019_c,1475,UniRef90_G2T381,700,0.0104101264283,8,0.9320905459387483,1.3861686322636484e-05
ThomasAM_2019_c,1476,UniRef90_A0A174F2R6,700,0.010367355116,8,0.9320905459387483,1.3804733842876164e-05
ThomasAM_2019_c,1477,UniRef90_A0A174HBL1,700,0.010182501365,8,0.9320905459387483,1.355859036617843e-05
ThomasAM_2019_c,1478,UniRef90_A0A076J5N7,700,0.0095034706621,8,0.9320905459387483,1.2654421653928095e-05
ThomasAM_2019_c,1479,UniRef90_R6LNI9,700,0.0089249880223,8,0.9320905459387483,1.188413851171771e-05
ThomasAM_2019_c,1480,UniRef90_A0A2A7A8I5,700,0.008187436986,8,0.9320905459387483,1.0902046585885486e-05
ThomasAM_2019_c,1481,UniRef90_A0A396A2D2,700,0.0078952682443,8,0.9320905459387483,1.0513006983089216e-05
ThomasAM_2019_c,1482,UniRef90_U2D9M3,700,0.0078656215641,8,0.9320905459387483,1.0473530711185088e-05
ThomasAM_2019_c,1483,UniRef90_C9KSE2,700,0.0076092816791,8,0.9320905459387483,1.0132199306391478e-05
ThomasAM_2019_c,1484,UniRef90_A0A3E5A3P9,700,0.0075943309323,8,0.9320905459387483,1.0112291521038616e-05
ThomasAM_2019_c,1485,UniRef90_C4ZAW6,700,0.0070904993348,8,0.9320905459387483,9.441410565645807e-06
ThomasAM_2019_c,1486,UniRef90_A0A3E2U1R8,700,0.006646143268,8,0.9320905459387483,8.84972472436751e-06
ThomasAM_2019_c,1487,UniRef90_A0A173YJ72,700,0.006544847134600001,8,0.9320905459387483,8.71484305539281e-06
ThomasAM_2019_c,1488,UniRef90_A0A395ZZQ9,700,0.0063994274898,8,0.9320905459387483,8.521208375233023e-06
ThomasAM_2019_c,1489,UniRef90_A0A0M6WC88,700,0.0063693230318,8,0.9320905459387483,8.481122545672436e-06
ThomasAM_2019_c,1490,UniRef90_A0A0F0CLD1,700,0.0061118155719,8,0.9320905459387483,8.138236447270306e-06
ThomasAM_2019_c,1491,UniRef90_A0A329UBI6,700,0.0060412730172,8,0.9320905459387483,8.04430494966711e-06
ThomasAM_2019_c,1492,UniRef90_A0A134BBD5,700,0.0060378853012000005,8,0.9320905459387483,8.039794009587218e-06
ThomasAM_2019_c,1493,UniRef90_K1GB77,700,0.005928302222,8,0.9320905459387483,7.893877792276964e-06
ThomasAM_2019_c,1494,UniRef90_A0A069CY06,700,0.0057759935302,8,0.9320905459387483,7.691069947003996e-06
ThomasAM_2019_c,1495,UniRef90_A5Z4A2,700,0.0050095644651,8,0.9320905459387483,6.6705252531291614e-06
ThomasAM_2019_c,1496,UniRef90_A0A2N5NP30,700,0.0049029041538,8,0.9320905459387483,6.52850087057257e-06
ThomasAM_2019_c,1497,UniRef90_A7AYC2,700,0.0048466776671,8,0.9320905459387483,6.4536320467376835e-06
ThomasAM_2019_c,1498,UniRef90_R6JJT9,700,0.0047786552484,8,0.9320905459387483,6.363056256191744e-06
ThomasAM_2019_c,1499,UniRef90_Q8A602,700,0.00477430533,8,0.9320905459387483,6.357264087882823e-06
ThomasAM_2019_c,1500,UniRef90_R5UAL3,700,0.0046387467580000005,8,0.9320905459387483,6.176759997336885e-06
ThomasAM_2019_c,1501,UniRef90_Q8A883,700,0.0039949621516,8,0.9320905459387483,5.31952350412783e-06
ThomasAM_2019_c,1502,UniRef90_A0A2T3FJH8,700,0.0038459074029999997,8,0.9320905459387483,5.121048472703062e-06
ThomasAM_2019_c,1503,UniRef90_C7HB27,700,0.0036873449956,8,0.9320905459387483,4.9099134428761654e-06
ThomasAM_2019_c,1504,UniRef90_A0A3E4LN05,700,0.0029863406658999997,8,0.9320905459387483,3.976485573768309e-06
ThomasAM_2019_c,1505,UniRef90_A0A1C5W794,700,0.0026446354624,8,0.9320905459387483,3.5214853027962714e-06
ThomasAM_2019_c,1506,UniRef90_R7QWE6,700,0.0002137546529,8,0.9320905459387483,2.846267015978695e-07
ThomasAM_2019_c,1507,UniRef90_A0A352P4K7,700,0.0001866133617,8,0.9320905459387483,2.484865002663116e-07
ThomasAM_2019_c,1508,UniRef90_A0A353M1A7,700,0.0001100030667,8,0.9320905459387483,1.4647545499334222e-07
ThomasAM_2019_c,1509,UniRef90_A0A395UGL2,699,0.0219567127793,8,0.9307589880159787,2.9236634859254325e-05
ThomasAM_2019_c,1510,UniRef90_B0P5G9,699,0.019394723363,8,0.9307589880159787,2.5825197553928095e-05
ThomasAM_2019_c,1511,UniRef90_B6W4E8,699,0.0178899278166,8,0.9307589880159787,2.3821475121970705e-05
ThomasAM_2019_c,1512,UniRef90_A0A0M6WYX6,699,0.016422433357999998,8,0.9307589880159787,2.1867421249001328e-05
ThomasAM_2019_c,1513,UniRef90_A0A174N272,699,0.014618407045,8,0.9307589880159787,1.946525571904128e-05
ThomasAM_2019_c,1514,UniRef90_R5NYG9,699,0.014411454502,8,0.9307589880159787,1.9189686420772302e-05
ThomasAM_2019_c,1515,UniRef90_D4JXQ5,699,0.01424608694,8,0.9307589880159787,1.8969489933422104e-05
ThomasAM_2019_c,1516,UniRef90_A0A3E4IG89,699,0.0139972184574,8,0.9307589880159787,1.8638107133688416e-05
ThomasAM_2019_c,1517,UniRef90_A0A2A6ZJD3,699,0.0117625340432,8,0.9307589880159787,1.5662495397070574e-05
ThomasAM_2019_c,1518,UniRef90_A0A174HPN2,699,0.011736921461,8,0.9307589880159787,1.5628390760319572e-05
ThomasAM_2019_c,1519,UniRef90_A0A176UAD5,699,0.011143331531,8,0.9307589880159787,1.4837991386151798e-05
ThomasAM_2019_c,1520,UniRef90_D1PM75,699,0.0108704528255,8,0.9307589880159787,1.4474637583888149e-05
ThomasAM_2019_c,1521,UniRef90_A0A174SUA3,699,0.0104064280311,8,0.9307589880159787,1.3856761692543275e-05
ThomasAM_2019_c,1522,UniRef90_A0A076J735,699,0.0099735878324,8,0.9307589880159787,1.3280409896671106e-05
ThomasAM_2019_c,1523,UniRef90_D4KUS1,699,0.009853224834699999,8,0.9307589880159787,1.3120139593475364e-05
ThomasAM_2019_c,1524,UniRef90_A0A174E3N9,699,0.0094833837121,8,0.9307589880159787,1.2627674716511318e-05
ThomasAM_2019_c,1525,UniRef90_A0A329U7R9,699,0.0091889555851,8,0.9307589880159787,1.2235626611318243e-05
ThomasAM_2019_c,1526,UniRef90_A0A2M9V0X8,699,0.0091592544686,8,0.9307589880159787,1.2196077854327563e-05
ThomasAM_2019_c,1527,UniRef90_S6CP98,699,0.008664768191,8,0.9307589880159787,1.1537640733688416e-05
ThomasAM_2019_c,1528,UniRef90_C0CTR8,699,0.0082235354749,8,0.9307589880159787,1.0950113814780293e-05
ThomasAM_2019_c,1529,UniRef90_Q64XR8,699,0.008145019571,8,0.9307589880159787,1.0845565340878829e-05
ThomasAM_2019_c,1530,UniRef90_D4L110,699,0.0079682476121,8,0.9307589880159787,1.0610183238482024e-05
ThomasAM_2019_c,1531,UniRef90_F7V2H7,699,0.007896169126,8,0.9307589880159787,1.0514206559254328e-05
ThomasAM_2019_c,1532,UniRef90_A6L7P5,699,0.0076875233189,8,0.9307589880159787,1.0236382581757656e-05
ThomasAM_2019_c,1533,UniRef90_A7AZM9,699,0.0069469893369,8,0.9307589880159787,9.250318690945407e-06
ThomasAM_2019_c,1534,UniRef90_R6K8X7,699,0.0069393770022,8,0.9307589880159787,9.240182426364846e-06
ThomasAM_2019_c,1535,UniRef90_D4KAU1,699,0.0068346714924,8,0.9307589880159787,9.100760975233022e-06
ThomasAM_2019_c,1536,UniRef90_A0A395ZJH8,699,0.0066424411871,8,0.9307589880159787,8.84479518921438e-06
ThomasAM_2019_c,1537,UniRef90_A0A0K6BPE7,699,0.006286193805,8,0.9307589880159787,8.370431165113181e-06
ThomasAM_2019_c,1538,UniRef90_A0A173V552,699,0.0061101127094999996,8,0.9307589880159787,8.1359689873502e-06
ThomasAM_2019_c,1539,UniRef90_A0A174ZPX3,699,0.005601740849,8,0.9307589880159787,7.459042408788282e-06
ThomasAM_2019_c,1540,UniRef90_R6JHC6,699,0.005045920495,8,0.9307589880159787,6.718935412782956e-06
ThomasAM_2019_c,1541,UniRef90_W4PLW4,699,0.0050152552158,8,0.9307589880159787,6.678102817310253e-06
ThomasAM_2019_c,1542,UniRef90_K1GFZ0,699,0.0047080624844,8,0.9307589880159787,6.269057901997337e-06
ThomasAM_2019_c,1543,UniRef90_W6P8M8,699,0.0046828475294,8,0.9307589880159787,6.235482728894807e-06
ThomasAM_2019_c,1544,UniRef90_U2DMW7,699,0.0044521672057,8,0.9307589880159787,5.928318516245007e-06
ThomasAM_2019_c,1545,UniRef90_A0A174J0A9,699,0.0041093162832,8,0.9307589880159787,5.471792654061251e-06
ThomasAM_2019_c,1546,UniRef90_C7H719,699,0.0040147523045,8,0.9307589880159787,5.3458752390146465e-06
ThomasAM_2019_c,1547,UniRef90_A0A174HDG2,699,0.0038103508743,8,0.9307589880159787,5.073702895206392e-06
ThomasAM_2019_c,1548,UniRef90_A0A329TEL9,699,0.002643974882,8,0.9307589880159787,3.520605701731025e-06
ThomasAM_2019_c,1549,UniRef90_UPI0009DE99A3,699,0.0019460311719,8,0.9307589880159787,2.5912532249001332e-06
ThomasAM_2019_c,1550,UniRef90_R5Y9U1,699,0.001396240706,8,0.9307589880159787,1.8591753741677762e-06
ThomasAM_2019_c,1551,UniRef90_A0A1C5KIX3,699,0.0007042876763,8,0.9307589880159787,9.377998352862849e-07
ThomasAM_2019_c,1552,UniRef90_K1TVR6,699,0.0001260356839,8,0.9307589880159787,1.6782381344873502e-07
ThomasAM_2019_c,1553,UniRef90_R6EF19,699,0.0001250179384,8,0.9307589880159787,1.664686263648469e-07
ThomasAM_2019_c,1554,UniRef90_T4BXP0,698,0.198660517524,8,0.929427430093209,0.0002645279860505992
ThomasAM_2019_c,1555,UniRef90_A5ZI73,698,0.0574475881947,8,0.929427430093209,7.649479120466045e-05
ThomasAM_2019_c,1556,UniRef90_A9KJH0,698,0.0524791466529,8,0.929427430093209,6.987902350585885e-05
ThomasAM_2019_c,1557,UniRef90_A5ZTV6,698,0.030867001271,8,0.929427430093209,4.110120009454061e-05
ThomasAM_2019_c,1558,UniRef90_A0A174S4Z5,698,0.0214143395514,8,0.929427430093209,2.8514433490545938e-05
ThomasAM_2019_c,1559,UniRef90_D4JMT5,698,0.020155087813400002,8,0.929427430093209,2.6837666862050603e-05
ThomasAM_2019_c,1560,UniRef90_D1PNI7,698,0.0126972398049,8,0.929427430093209,1.690711025952064e-05
ThomasAM_2019_c,1561,UniRef90_E4VQT4,698,0.0126444742901,8,0.929427430093209,1.6836849920239683e-05
ThomasAM_2019_c,1562,UniRef90_A0A2A6ZJF5,698,0.012317710103,8,0.929427430093209,1.6401744478029294e-05
ThomasAM_2019_c,1563,UniRef90_A0A174BTQ6,698,0.011872637037,8,0.929427430093209,1.580910391078562e-05
ThomasAM_2019_c,1564,UniRef90_A6BKY6,698,0.011730736718,8,0.929427430093209,1.562015541677763e-05
ThomasAM_2019_c,1565,UniRef90_C7H8M7,698,0.011641180945,8,0.929427430093209,1.550090671770972e-05
ThomasAM_2019_c,1566,UniRef90_C4ZED7,698,0.0110456839551,8,0.929427430093209,1.4707967982822902e-05
ThomasAM_2019_c,1567,UniRef90_F4XER6,698,0.0109786741217,8,0.929427430093209,1.461874050825566e-05
ThomasAM_2019_c,1568,UniRef90_F3AB87,698,0.010963256927,8,0.929427430093209,1.4598211620505993e-05
ThomasAM_2019_c,1569,UniRef90_V2YBM4,698,0.010535681105,8,0.929427430093209,1.402886964713715e-05
ThomasAM_2019_c,1570,UniRef90_E2ZFU5,698,0.009364510395099999,8,0.929427430093209,1.246938800945406e-05
ThomasAM_2019_c,1571,UniRef90_A0A095XLP0,698,0.00915411876,8,0.929427430093209,1.2189239360852197e-05
ThomasAM_2019_c,1572,UniRef90_Q8A733,698,0.009142259576,8,0.929427430093209,1.2173448170439413e-05
ThomasAM_2019_c,1573,UniRef90_A0A016BP93,698,0.00912324613,8,0.929427430093209,1.2148130665778962e-05
ThomasAM_2019_c,1574,UniRef90_C7H993,698,0.0091053917054,8,0.929427430093209,1.2124356465246338e-05
ThomasAM_2019_c,1575,UniRef90_D4LFM2,698,0.0088648867223,8,0.929427430093209,1.1804110149533955e-05
ThomasAM_2019_c,1576,UniRef90_F3PXE5,698,0.008786815103,8,0.929427430093209,1.1700153266311585e-05
ThomasAM_2019_c,1577,UniRef90_A0A139LGH0,698,0.0086211717124,8,0.929427430093209,1.147958949720373e-05
ThomasAM_2019_c,1578,UniRef90_Q89YW6,698,0.008145172573,8,0.929427430093209,1.084576907190413e-05
ThomasAM_2019_c,1579,UniRef90_D4K8C5,698,0.00808668292,8,0.929427430093209,1.076788671105193e-05
ThomasAM_2019_c,1580,UniRef90_F7V8I3,698,0.008028787611,8,0.929427430093209,1.0690795753661784e-05
ThomasAM_2019_c,1581,UniRef90_C7H604,698,0.008008972003,8,0.929427430093209,1.0664410123834885e-05
ThomasAM_2019_c,1582,UniRef90_F3PGB6,698,0.007574498466,8,0.929427430093209,1.0085883443408788e-05
ThomasAM_2019_c,1583,UniRef90_D4L465,698,0.007552297866,8,0.929427430093209,1.005632205858855e-05
ThomasAM_2019_c,1584,UniRef90_C4ZCE7,698,0.0072865725459,8,0.929427430093209,9.702493403328895e-06
ThomasAM_2019_c,1585,UniRef90_R5S2S8,698,0.0070568355423,8,0.929427430093209,9.396585276031957e-06
ThomasAM_2019_c,1586,UniRef90_A0A173VL94,698,0.0070037678663,8,0.929427430093209,9.325922591611185e-06
ThomasAM_2019_c,1587,UniRef90_D4K8F3,698,0.0069583460338,8,0.929427430093209,9.265440790679094e-06
ThomasAM_2019_c,1588,UniRef90_Q9XDI7,698,0.006798469429,8,0.929427430093209,9.052555830892144e-06
ThomasAM_2019_c,1589,UniRef90_A0A173VWI6,698,0.0066270050228,8,0.929427430093209,8.824241042343541e-06
ThomasAM_2019_c,1590,UniRef90_K5ZL89,698,0.0064028843962,8,0.929427430093209,8.525811446338215e-06
ThomasAM_2019_c,1591,UniRef90_A0A174MUS7,698,0.0061205805939,8,0.929427430093209,8.149907581757657e-06
ThomasAM_2019_c,1592,UniRef90_A8SHE3,698,0.0059709797330000005,8,0.929427430093209,7.950705370173104e-06
ThomasAM_2019_c,1593,UniRef90_R6JRX9,698,0.005519316392,8,0.929427430093209,7.349289470039946e-06
ThomasAM_2019_c,1594,UniRef90_Q8A756,698,0.005036125429,8,0.929427430093209,6.705892715046605e-06
ThomasAM_2019_c,1595,UniRef90_A0A1Y4QUB7,698,0.004702604062,8,0.929427430093209,6.2617896964047935e-06
ThomasAM_2019_c,1596,UniRef90_B6FQM2,698,0.0046478467993,8,0.929427430093209,6.18887722942743e-06
ThomasAM_2019_c,1597,UniRef90_A0A396A1S7,698,0.0046467641103999,8,0.929427430093209,6.187435566444607e-06
ThomasAM_2019_c,1598,UniRef90_Q8A519,698,0.0046330570303,8,0.929427430093209,6.169183795339547e-06
ThomasAM_2019_c,1599,UniRef90_C7GGX5,698,0.0034666802113,8,0.929427430093209,4.6160855010652465e-06
ThomasAM_2019_c,1600,UniRef90_D9R3T4,698,0.0034049665941,8,0.929427430093209,4.5339102451398135e-06
ThomasAM_2019_c,1601,UniRef90_J6HNG2,698,0.003084411106,8,0.929427430093209,4.107072045272969e-06
ThomasAM_2019_c,1602,UniRef90_Q8GP50,698,0.0027177398562,8,0.929427430093209,3.6188280375499335e-06
ThomasAM_2019_c,1603,UniRef90_A0A2V2BZ13,698,0.00231670304523,8,0.929427430093209,3.0848242945805593e-06
ThomasAM_2019_c,1604,UniRef90_A0A1C6CLM2,698,0.002169767213,8,0.929427430093209,2.889170723035952e-06
ThomasAM_2019_c,1605,UniRef90_K7ZQ45,697,0.1167621738859,8,0.9280958721704394,0.00015547559771757658
ThomasAM_2019_c,1606,UniRef90_C4Z5E3,697,0.035009831801,8,0.9280958721704394,4.661761890945406e-05
ThomasAM_2019_c,1607,UniRef90_U2R7H4,697,0.014606073968,8,0.9280958721704394,1.94488335126498e-05
ThomasAM_2019_c,1608,UniRef90_A0A174AUA4,697,0.0128102770802,8,0.9280958721704394,1.7057625939014646e-05
ThomasAM_2019_c,1609,UniRef90_A0A095XNF2,697,0.0126798041397,8,0.9280958721704394,1.688389366138482e-05
ThomasAM_2019_c,1610,UniRef90_C7H8M1,697,0.012451347778,8,0.9280958721704394,1.657969078295606e-05
ThomasAM_2019_c,1611,UniRef90_Q8A276,697,0.011204731658,8,0.9280958721704394,1.4919749211717711e-05
ThomasAM_2019_c,1612,UniRef90_A0A396AK15,697,0.0111788921891,8,0.9280958721704394,1.4885342462183756e-05
ThomasAM_2019_c,1613,UniRef90_A0A2A6ZB54,697,0.0110836194995,8,0.9280958721704394,1.4758481357523302e-05
ThomasAM_2019_c,1614,UniRef90_A6L012,697,0.010852834252,8,0.9280958721704394,1.4451177432756324e-05
ThomasAM_2019_c,1615,UniRef90_D4LPV8,697,0.010789134142000001,8,0.9280958721704394,1.4366357046604528e-05
ThomasAM_2019_c,1616,UniRef90_A0A174BAQ9,697,0.0106478051768,8,0.9280958721704394,1.4178169343275632e-05
ThomasAM_2019_c,1617,UniRef90_Q64RV1,697,0.0103830435346,8,0.9280958721704394,1.382562388095872e-05
ThomasAM_2019_c,1618,UniRef90_B9YBY1,697,0.010219669412,8,0.9280958721704394,1.3608081773635154e-05
ThomasAM_2019_c,1619,UniRef90_C7H1D1,697,0.010142496703,8,0.9280958721704394,1.3505321841544606e-05
ThomasAM_2019_c,1620,UniRef90_A0A0P0L6M5,697,0.0100227230092,8,0.9280958721704394,1.3345836230625832e-05
ThomasAM_2019_c,1621,UniRef90_B7ARU4,697,0.010007698998000001,8,0.9280958721704394,1.3325830889480693e-05
ThomasAM_2019_c,1622,UniRef90_F4XGQ5,697,0.009426810928,8,0.9280958721704394,1.2552344777629828e-05
ThomasAM_2019_c,1623,UniRef90_D4L0Z8,697,0.0089620695088,8,0.9280958721704394,1.1933514658854861e-05
ThomasAM_2019_c,1624,UniRef90_E2ZN34,697,0.008684561773200001,8,0.9280958721704394,1.1563997034886819e-05
ThomasAM_2019_c,1625,UniRef90_E6SR13,697,0.0086217049143,8,0.9280958721704394,1.1480299486418109e-05
ThomasAM_2019_c,1626,UniRef90_A0A174X753,697,0.0086184589594,8,0.9280958721704394,1.147597730945406e-05
ThomasAM_2019_c,1627,UniRef90_A0A139LAQ7,697,0.0081182334395,8,0.9280958721704394,1.0809898055259653e-05
ThomasAM_2019_c,1628,UniRef90_A0A3E2VXJ0,697,0.007779407102,8,0.9280958721704394,1.0358731161118509e-05
ThomasAM_2019_c,1629,UniRef90_D4KXS3,697,0.0073099151197,8,0.9280958721704394,9.73357539241012e-06
ThomasAM_2019_c,1630,UniRef90_A0A0M6WF48,697,0.007124043308,8,0.9280958721704394,9.486076308921437e-06
ThomasAM_2019_c,1631,UniRef90_D9QZL6,697,0.0069766446706,8,0.9280958721704394,9.289806485486019e-06
ThomasAM_2019_c,1632,UniRef90_A0A174EF60,697,0.0067831952197,8,0.9280958721704394,9.032217336484687e-06
ThomasAM_2019_c,1633,UniRef90_A0A174XIH1,697,0.0067765886729,8,0.9280958721704394,9.023420336750998e-06
ThomasAM_2019_c,1634,UniRef90_A5ZM74,697,0.0066893021444,8,0.9280958721704394,8.907193268175765e-06
ThomasAM_2019_c,1635,UniRef90_Q5LHC9,697,0.006208276176,8,0.9280958721704394,8.266679328894807e-06
ThomasAM_2019_c,1636,UniRef90_F7K2D7,697,0.006090540088,8,0.9280958721704394,8.109906908122503e-06
ThomasAM_2019_c,1637,UniRef90_B7APN5,697,0.005182195014,8,0.9280958721704394,6.900392828229027e-06
ThomasAM_2019_c,1638,UniRef90_I8XT52,697,0.005151827027,8,0.9280958721704394,6.8599560945406126e-06
ThomasAM_2019_c,1639,UniRef90_R7H386,697,0.0048959552062,8,0.9280958721704394,6.519247944340879e-06
ThomasAM_2019_c,1640,UniRef90_A0A139JTK6,697,0.0047027361324,8,0.9280958721704394,6.2619655557922765e-06
ThomasAM_2019_c,1641,UniRef90_A0A1L5KW01,697,0.004667495743,8,0.9280958721704394,6.215040936085219e-06
ThomasAM_2019_c,1642,UniRef90_I8XU31,697,0.0045552667092,8,0.9280958721704394,6.065601476964047e-06
ThomasAM_2019_c,1643,UniRef90_R5DD49,697,0.0043786947225,8,0.9280958721704394,5.830485649134487e-06
ThomasAM_2019_c,1644,UniRef90_Q8AAP2,697,0.0041991281006,8,0.9280958721704394,5.591382291078561e-06
ThomasAM_2019_c,1645,UniRef90_UPI0009E821AD,697,0.0040099223007,8,0.9280958721704394,5.339443809187749e-06
ThomasAM_2019_c,1646,UniRef90_R0AMJ6,697,0.0037073473788,8,0.9280958721704394,4.9365477747004e-06
ThomasAM_2019_c,1647,UniRef90_E6MLD9,697,0.0033634374054,8,0.9280958721704394,4.478611724900133e-06
ThomasAM_2019_c,1648,UniRef90_C7H7L9,697,0.0029096291652999998,8,0.9280958721704394,3.874339767376831e-06
ThomasAM_2019_c,1649,UniRef90_A0A143WWX7,697,0.0026656473544,8,0.9280958721704394,3.5494638540612515e-06
ThomasAM_2019_c,1650,UniRef90_D6E491,697,0.00255944542927,8,0.9280958721704394,3.4080498392410117e-06
ThomasAM_2019_c,1651,UniRef90_D3ACI7,697,0.0023774228616000002,8,0.9280958721704394,3.1656762471371507e-06
ThomasAM_2019_c,1652,UniRef90_A0A353MUX0,697,0.0016242375705,8,0.9280958721704394,2.1627664054593878e-06
ThomasAM_2019_c,1653,UniRef90_UPI0009B6CAA6,696,0.027373146921999998,8,0.9267643142476698,3.64489306551265e-05
ThomasAM_2019_c,1654,UniRef90_A0A2N5P2T7,696,0.022455196597,8,0.9267643142476698,2.990039493608522e-05
ThomasAM_2019_c,1655,UniRef90_A5ZYV6,696,0.0176257525,8,0.9267643142476698,2.3469710386151798e-05
ThomasAM_2019_c,1656,UniRef90_D4JXR0,696,0.0132320187803,8,0.9267643142476698,1.761919944114514e-05
ThomasAM_2019_c,1657,UniRef90_F4XGS3,696,0.013167147068,8,0.9267643142476698,1.7532818998668442e-05
ThomasAM_2019_c,1658,UniRef90_D4JEB9,696,0.012859660789,8,0.9267643142476698,1.7123383207723036e-05
ThomasAM_2019_c,1659,UniRef90_A8SIA6,696,0.0119437295141,8,0.9267643142476698,1.5903767661917446e-05
ThomasAM_2019_c,1660,UniRef90_D4K9G2,696,0.0117244436,8,0.9267643142476698,1.5611775765645807e-05
ThomasAM_2019_c,1661,UniRef90_A0A3F3K7G2,696,0.0113647326624,8,0.9267643142476698,1.5132799816777629e-05
ThomasAM_2019_c,1662,UniRef90_B6FQE1,696,0.011183941042,8,0.9267643142476698,1.4892065302263648e-05
ThomasAM_2019_c,1663,UniRef90_A8SBU1,696,0.011121752208000001,8,0.9267643142476698,1.4809257267643144e-05
ThomasAM_2019_c,1664,UniRef90_E2ZLB8,696,0.0110670397672,8,0.9267643142476698,1.4736404483621838e-05
ThomasAM_2019_c,1665,UniRef90_A5Z5F1,696,0.00999269346,8,0.9267643142476698,1.3305850146471372e-05
ThomasAM_2019_c,1666,UniRef90_A0A174YSV0,696,0.009937945266999999,8,0.9267643142476698,1.3232949756324898e-05
ThomasAM_2019_c,1667,UniRef90_A0A0A2FLK3,696,0.009849526065,8,0.9267643142476698,1.311521446737683e-05
ThomasAM_2019_c,1668,UniRef90_A0A3F3K565,696,0.0095590554816,8,0.9267643142476698,1.272843606071904e-05
ThomasAM_2019_c,1669,UniRef90_A7AEL3,696,0.0095351546066,8,0.9267643142476698,1.2696610661251665e-05
ThomasAM_2019_c,1670,UniRef90_A0A3E4E7J9,696,0.0093002261823,8,0.9267643142476698,1.238378985659121e-05
ThomasAM_2019_c,1671,UniRef90_A0A174ZW36,696,0.0091684658131,8,0.9267643142476698,1.2208343293075897e-05
ThomasAM_2019_c,1672,UniRef90_D4L309,696,0.009118918112,8,0.9267643142476698,1.2142367659121172e-05
ThomasAM_2019_c,1673,UniRef90_R8W662,696,0.0089586507513,8,0.9267643142476698,1.1928962385219707e-05
ThomasAM_2019_c,1674,UniRef90_C7H6Y4,696,0.008888235335,8,0.9267643142476698,1.1835200179760318e-05
ThomasAM_2019_c,1675,UniRef90_A0A396A9Z6,696,0.0088435445826,8,0.9267643142476698,1.1775691854327563e-05
ThomasAM_2019_c,1676,UniRef90_B0GAE1,696,0.0082490216268,8,0.9267643142476698,1.0984050102263648e-05
ThomasAM_2019_c,1677,UniRef90_R6DAZ5,696,0.0081074559941,8,0.9267643142476698,1.0795547262450066e-05
ThomasAM_2019_c,1678,UniRef90_A7V331,696,0.0079449022968,8,0.9267643142476698,1.0579097598934753e-05
ThomasAM_2019_c,1679,UniRef90_A0A016CI08,696,0.0079448947961,8,0.9267643142476698,1.0579087611318241e-05
ThomasAM_2019_c,1680,UniRef90_D4L380,696,0.0077381699021,8,0.9267643142476698,1.0303821440878828e-05
ThomasAM_2019_c,1681,UniRef90_A6BF02,696,0.0076119318747000005,8,0.9267643142476698,1.0135728195339549e-05
ThomasAM_2019_c,1682,UniRef90_C5ERC1,696,0.0073697195614000005,8,0.9267643142476698,9.81320847057257e-06
ThomasAM_2019_c,1683,UniRef90_Q5L9E3,696,0.0071151950611999994,8,0.9267643142476698,9.474294355792277e-06
ThomasAM_2019_c,1684,UniRef90_R9HIX9,696,0.0068499856879,8,0.9267643142476698,9.12115271358189e-06
ThomasAM_2019_c,1685,UniRef90_Q8ABD1,696,0.006772464527,8,0.9267643142476698,9.017928797603195e-06
ThomasAM_2019_c,1686,UniRef90_D4KV53,696,0.0066644644751,8,0.9267643142476698,8.874120472836219e-06
ThomasAM_2019_c,1687,UniRef90_R5UQI8,696,0.0066212043563,8,0.9267643142476698,8.816517118908122e-06
ThomasAM_2019_c,1688,UniRef90_A0A2A7ACZ7,696,0.006485322096,8,0.9267643142476698,8.635582018641811e-06
ThomasAM_2019_c,1689,UniRef90_B0G8T0,696,0.0062038186556,8,0.9267643142476698,8.26074388229028e-06
ThomasAM_2019_c,1690,UniRef90_A0A127SNI1,696,0.0058686525162999995,8,0.9267643142476698,7.814450754061252e-06
ThomasAM_2019_c,1691,UniRef90_F3PIA3,696,0.005139121871500001,8,0.9267643142476698,6.843038444074568e-06
ThomasAM_2019_c,1692,UniRef90_A0A0K6BZ65,696,0.0051165542435,8,0.9267643142476698,6.812988340213049e-06
ThomasAM_2019_c,1693,UniRef90_A0A0P0EVF9,696,0.0046051686,8,0.9267643142476698,6.132048735019973e-06
ThomasAM_2019_c,1694,UniRef90_A0A174LXZ3,696,0.0045407645527000004,8,0.9267643142476698,6.046291015579228e-06
ThomasAM_2019_c,1695,UniRef90_U2D3S3,696,0.0042260909185,8,0.9267643142476698,5.627284844873502e-06
ThomasAM_2019_c,1696,UniRef90_A0A174HCN0,696,0.0039020054847000002,8,0.9267643142476698,5.195746317842877e-06
ThomasAM_2019_c,1697,UniRef90_A0A0P6CMA7,696,0.003811774589,8,0.9267643142476698,5.07559865379494e-06
ThomasAM_2019_c,1698,UniRef90_E2ZJN5,696,0.0034384386533999997,8,0.9267643142476698,4.578480230892143e-06
ThomasAM_2019_c,1699,UniRef90_D7GUT5,696,0.0033246639451000003,8,0.9267643142476698,4.426982616644474e-06
ThomasAM_2019_c,1700,UniRef90_C6LJ77,696,0.0030881883676000003,8,0.9267643142476698,4.112101687882823e-06
ThomasAM_2019_c,1701,UniRef90_D4KXF6,696,0.0025704742912,8,0.9267643142476698,3.422735407723036e-06
ThomasAM_2019_c,1702,UniRef90_A0A329TF74,696,0.002224062795,8,0.9267643142476698,2.961468435419441e-06
ThomasAM_2019_c,1703,UniRef90_D4M0V9,696,0.0021951830834999997,8,0.9267643142476698,2.923013426764314e-06
ThomasAM_2019_c,1704,UniRef90_A0A1Q2C6A6,696,0.001534540281,8,0.9267643142476698,2.0433292689747006e-06
ThomasAM_2019_c,1705,UniRef90_A0A173VJE4,696,0.00108139107769,8,0.9267643142476698,1.4399348571105193e-06
ThomasAM_2019_c,1706,UniRef90_A0A354D637,696,0.0003383213105,8,0.9267643142476698,4.5049442143808253e-07
ThomasAM_2019_c,1707,UniRef90_A0A373ULU7,696,0.00017873795757,8,0.9267643142476698,2.3799994350199735e-07
ThomasAM_2019_c,1708,UniRef90_A0A174S5P9,695,0.0192084469989,8,0.9254327563249002,2.557715978548602e-05
ThomasAM_2019_c,1709,UniRef90_D4JXU6,695,0.015083432627200001,8,0.9254327563249002,2.0084464217310255e-05
ThomasAM_2019_c,1710,UniRef90_D4K0A3,695,0.0129303458482,8,0.9254327563249002,1.7217504458322237e-05
ThomasAM_2019_c,1711,UniRef90_A0A395VQC8,695,0.012169365965,8,0.9254327563249002,1.620421566577896e-05
ThomasAM_2019_c,1712,UniRef90_A0A174Y457,695,0.011956567442,8,0.9254327563249002,1.5920862106524633e-05
ThomasAM_2019_c,1713,UniRef90_I9GA39,695,0.01181486411,8,0.9254327563249002,1.5732175912117177e-05
ThomasAM_2019_c,1714,UniRef90_A0A174JH13,695,0.0117017555536,8,0.9254327563249002,1.558156531770972e-05
ThomasAM_2019_c,1715,UniRef90_D1PK04,695,0.01158538628,8,0.9254327563249002,1.5426612889480694e-05
ThomasAM_2019_c,1716,UniRef90_D4LFQ1,695,0.011494690172200001,8,0.9254327563249002,1.5305845768575235e-05
ThomasAM_2019_c,1717,UniRef90_Q8A484,695,0.0113371174506,8,0.9254327563249002,1.509602856271638e-05
ThomasAM_2019_c,1718,UniRef90_C3R328,695,0.0109451534395,8,0.9254327563249002,1.4574105778295606e-05
ThomasAM_2019_c,1719,UniRef90_R6QBY1,695,0.010753632332299999,8,0.9254327563249002,1.431908433062583e-05
ThomasAM_2019_c,1720,UniRef90_A0A395UXL5,695,0.0105540670438,8,0.9254327563249002,1.4053351589613849e-05
ThomasAM_2019_c,1721,UniRef90_A0A173UPT1,695,0.010232745209,8,0.9254327563249002,1.362549295472703e-05
ThomasAM_2019_c,1722,UniRef90_D4L0Z6,695,0.009824675027000001,8,0.9254327563249002,1.3082123870838882e-05
ThomasAM_2019_c,1723,UniRef90_A0A069DBZ5,695,0.00939917556,8,0.9254327563249002,1.2515546684420773e-05
ThomasAM_2019_c,1724,UniRef90_A0A3E4IFW9,695,0.0092555385746,8,0.9254327563249002,1.2324285718508656e-05
ThomasAM_2019_c,1725,UniRef90_A0A2A7A133,695,0.0091483627606,8,0.9254327563249002,1.2181574914247669e-05
ThomasAM_2019_c,1726,UniRef90_B7AWJ3,695,0.0086867393096,8,0.9254327563249002,1.1566896550732357e-05
ThomasAM_2019_c,1727,UniRef90_A0A076ITW3,695,0.0085915489422,8,0.9254327563249002,1.1440145062849534e-05
ThomasAM_2019_c,1728,UniRef90_D3AQT2,695,0.008560746700699999,8,0.9254327563249002,1.1399130094141144e-05
ThomasAM_2019_c,1729,UniRef90_B5CXZ6,695,0.0085174194425,8,0.9254327563249002,1.1341437340213049e-05
ThomasAM_2019_c,1730,UniRef90_G2SZ75,695,0.008509116827,8,0.9254327563249002,1.1330381926764315e-05
ThomasAM_2019_c,1731,UniRef90_C7H7M0,695,0.0083967114634,8,0.9254327563249002,1.1180707674300932e-05
ThomasAM_2019_c,1732,UniRef90_D4KAN2,695,0.0082808160707,8,0.9254327563249002,1.1026386245938747e-05
ThomasAM_2019_c,1733,UniRef90_B3CC93,695,0.008219706012,8,0.9254327563249002,1.0945014663115846e-05
ThomasAM_2019_c,1734,UniRef90_A8SFH4,695,0.00818197624,8,0.9254327563249002,1.0894775286284954e-05
ThomasAM_2019_c,1735,UniRef90_A0A0E2H2C7,695,0.007860498591,8,0.9254327563249002,1.0466709175765646e-05
ThomasAM_2019_c,1736,UniRef90_A0A2A6Z881,695,0.0077882661452,8,0.9254327563249002,1.0370527490279626e-05
ThomasAM_2019_c,1737,UniRef90_F3PR87,695,0.0076603353866,8,0.9254327563249002,1.0200180275099867e-05
ThomasAM_2019_c,1738,UniRef90_A0A173V8A3,695,0.0075600881166,8,0.9254327563249002,1.006669522849534e-05
ThomasAM_2019_c,1739,UniRef90_C4ZD46,695,0.0072380300604000004,8,0.9254327563249002,9.63785627217044e-06
ThomasAM_2019_c,1740,UniRef90_A0A3F3JZV3,695,0.00721477133897,8,0.9254327563249002,9.606885937376831e-06
ThomasAM_2019_c,1741,UniRef90_D4KYQ2,695,0.00706903533,8,0.9254327563249002,9.41283e-06
ThomasAM_2019_c,1742,UniRef90_A0A2A7BHU0,695,0.0070052118818,8,0.9254327563249002,9.327845381890812e-06
ThomasAM_2019_c,1743,UniRef90_A0A174CL22,695,0.0067841723717,8,0.9254327563249002,9.033518470972038e-06
ThomasAM_2019_c,1744,UniRef90_A0A0A2FIM1,695,0.006765549645,8,0.9254327563249002,9.008721231691078e-06
ThomasAM_2019_c,1745,UniRef90_F7M6E4,695,0.0066173319864000005,8,0.9254327563249002,8.811360834087884e-06
ThomasAM_2019_c,1746,UniRef90_A0A173T4W8,695,0.006597376609,8,0.9254327563249002,8.784789093209055e-06
ThomasAM_2019_c,1747,UniRef90_A0A1L5KJJ8,695,0.006409837435,8,0.9254327563249002,8.535069820239682e-06
ThomasAM_2019_c,1748,UniRef90_U5FBZ1,695,0.006048743893,8,0.9254327563249002,8.054252853528628e-06
ThomasAM_2019_c,1749,UniRef90_A0A396AE43,695,0.0058059263263,8,0.9254327563249002,7.730927198801599e-06
ThomasAM_2019_c,1750,UniRef90_R5JK61,695,0.005515403788,8,0.9254327563249002,7.344079611185086e-06
ThomasAM_2019_c,1751,UniRef90_R6JN61,695,0.0054578623546,8,0.9254327563249002,7.2674598596537956e-06
ThomasAM_2019_c,1752,UniRef90_D4KUJ1,695,0.0054197133573,8,0.9254327563249002,7.216662260053262e-06
ThomasAM_2019_c,1753,UniRef90_E4VUQ7,695,0.0052926800999,8,0.9254327563249002,7.047510119707057e-06
ThomasAM_2019_c,1754,UniRef90_Q64ZS4,695,0.005193184689,8,0.9254327563249002,6.915026217043942e-06
ThomasAM_2019_c,1755,UniRef90_A0A396GAB1,695,0.0051300150443,8,0.9254327563249002,6.830912176165113e-06
ThomasAM_2019_c,1756,UniRef90_U2CMW0,695,0.004992503378,8,0.9254327563249002,6.647807427430093e-06
ThomasAM_2019_c,1757,UniRef90_R5T0L8,695,0.004954792877,8,0.9254327563249002,6.597593711051931e-06
ThomasAM_2019_c,1758,UniRef90_Q8A137,695,0.004853364511,8,0.9254327563249002,6.462535966711052e-06
ThomasAM_2019_c,1759,UniRef90_R6VCA7,695,0.0045772972413,8,0.9254327563249002,6.094936406524634e-06
ThomasAM_2019_c,1760,UniRef90_A5ZJX9,695,0.0045598039330999995,8,0.9254327563249002,6.071643053395472e-06
ThomasAM_2019_c,1761,UniRef90_R6E8V6,695,0.0045175832134,8,0.9254327563249002,6.0154237195739015e-06
ThomasAM_2019_c,1762,UniRef90_A9KMF6,695,0.0042707198752,8,0.9254327563249002,5.68671088575233e-06
ThomasAM_2019_c,1763,UniRef90_U2DFY2,695,0.004246685725300001,8,0.9254327563249002,5.6547080230359526e-06
ThomasAM_2019_c,1764,UniRef90_Q5LES4,695,0.0042404844149,8,0.9254327563249002,5.646450619041278e-06
ThomasAM_2019_c,1765,UniRef90_A0A3E5GMU6,695,0.0042353251103,8,0.9254327563249002,5.639580706125166e-06
ThomasAM_2019_c,1766,UniRef90_Q8A251,695,0.0041806742858,8,0.9254327563249002,5.566809967776298e-06
ThomasAM_2019_c,1767,UniRef90_C6IHF7,695,0.0039694678507,8,0.9254327563249002,5.2855763657789615e-06
ThomasAM_2019_c,1768,UniRef90_Q8A2T6,695,0.0038476062944,8,0.9254327563249002,5.123310645006658e-06
ThomasAM_2019_c,1769,UniRef90_E7GME2,695,0.002607528969,8,0.9254327563249002,3.472075857523302e-06
ThomasAM_2019_c,1770,UniRef90_D4KA57,695,0.0022925330181,8,0.9254327563249002,3.052640503462051e-06
ThomasAM_2019_c,1771,UniRef90_A0A1C6C4W3,695,0.0013064810831,8,0.9254327563249002,1.7396552371504659e-06
ThomasAM_2019_c,1772,UniRef90_R6ED45,695,0.0010395542477,8,0.9254327563249002,1.3842266946737684e-06
ThomasAM_2019_c,1773,UniRef90_UPI000E4D75D1,695,0.0009430542593,8,0.9254327563249002,1.25573137057257e-06
ThomasAM_2019_c,1774,UniRef90_A0A1C5QZ67,695,0.00012791744047,8,0.9254327563249002,1.7032948131824236e-07
ThomasAM_2019_c,1775,UniRef90_A5ZYU6,694,0.0316224589818,8,0.9241011984021305,4.210713579467377e-05
ThomasAM_2019_c,1776,UniRef90_A0A173ZUR1,694,0.0167350642294,8,0.9241011984021305,2.2283707362716378e-05
ThomasAM_2019_c,1777,UniRef90_E2ZJE0,694,0.01671150664,8,0.9241011984021305,2.225233906790945e-05
ThomasAM_2019_c,1778,UniRef90_A0A176U3W1,694,0.016498547723,8,0.9241011984021305,2.196877193475366e-05
ThomasAM_2019_c,1779,UniRef90_C0BCE2,694,0.0143207691,8,0.9241011984021305,1.9068933555259655e-05
ThomasAM_2019_c,1780,UniRef90_A0A174ARN5,694,0.0132572998032,8,0.9241011984021305,1.7652862587483354e-05
ThomasAM_2019_c,1781,UniRef90_C7H8N4,694,0.013240925902,8,0.9241011984021305,1.7631059789613847e-05
ThomasAM_2019_c,1782,UniRef90_W4UWH2,694,0.0114346334695,8,0.9241011984021305,1.5225876790279626e-05
ThomasAM_2019_c,1783,UniRef90_C6JHS6,694,0.011064233399,8,0.9241011984021305,1.4732667641810918e-05
ThomasAM_2019_c,1784,UniRef90_A0A3E5A2K3,694,0.0102946850564,8,0.9241011984021305,1.3707969449267644e-05
ThomasAM_2019_c,1785,UniRef90_A0A173UA07,694,0.009749506567,8,0.9241011984021305,1.2982032712383489e-05
ThomasAM_2019_c,1786,UniRef90_E1WKS3,694,0.0092476617216,8,0.9241011984021305,1.2313797232490013e-05
ThomasAM_2019_c,1787,UniRef90_R6QCY6,694,0.0090496427386,8,0.9241011984021305,1.2050123486817578e-05
ThomasAM_2019_c,1788,UniRef90_B7ARS6,694,0.0090410988641,8,0.9241011984021305,1.2038746823035953e-05
ThomasAM_2019_c,1789,UniRef90_D4L0Z4,694,0.0090383134047,8,0.9241011984021305,1.203503782250333e-05
ThomasAM_2019_c,1790,UniRef90_R5IPI6,694,0.008763639743,8,0.9241011984021305,1.1669293932090547e-05
ThomasAM_2019_c,1791,UniRef90_R6JHJ8,694,0.0085158619157,8,0.9241011984021305,1.1339363403062584e-05
ThomasAM_2019_c,1792,UniRef90_C9L7G1,694,0.0081070811377,8,0.9241011984021305,1.0795048119440745e-05
ThomasAM_2019_c,1793,UniRef90_A0A2A6ZHP7,694,0.0080396434524,8,0.9241011984021305,1.0705250935286285e-05
ThomasAM_2019_c,1794,UniRef90_C7H9U9,694,0.0077963610551,8,0.9241011984021305,1.0381306331691078e-05
ThomasAM_2019_c,1795,UniRef90_A0A2A7ACC7,694,0.0075238117414,8,0.9241011984021305,1.0018391133688415e-05
ThomasAM_2019_c,1796,UniRef90_A0A174DQL9,694,0.0074595675866,8,0.9241011984021305,9.932846320372836e-06
ThomasAM_2019_c,1797,UniRef90_A0A396FM21,694,0.0069591709871,8,0.9241011984021305,9.266539263781623e-06
ThomasAM_2019_c,1798,UniRef90_G4T4R8,694,0.0068840882829,8,0.9241011984021305,9.166562294141145e-06
ThomasAM_2019_c,1799,UniRef90_B6VYU5,694,0.0068663611452,8,0.9241011984021305,9.142957583488682e-06
ThomasAM_2019_c,1800,UniRef90_D4LWG4,694,0.0068130238518,8,0.9241011984021305,9.071935887882823e-06
ThomasAM_2019_c,1801,UniRef90_N2BHU9,694,0.006777214144199999,8,0.9241011984021305,9.024253188015979e-06
ThomasAM_2019_c,1802,UniRef90_A0A1E3U5G4,694,0.0066311556605,8,0.9241011984021305,8.829767856857523e-06
ThomasAM_2019_c,1803,UniRef90_Q8A9J0,694,0.0062383818532,8,0.9241011984021305,8.306766781890811e-06
ThomasAM_2019_c,1804,UniRef90_Q8A245,694,0.0058903530461,8,0.9241011984021305,7.84334626644474e-06
ThomasAM_2019_c,1805,UniRef90_I9SJ02,694,0.0054947728856,8,0.9241011984021305,7.3166083696404795e-06
ThomasAM_2019_c,1806,UniRef90_C6J9G1,694,0.0053630185679,8,0.9241011984021305,7.141169864047936e-06
ThomasAM_2019_c,1807,UniRef90_Q5LIJ5,694,0.004975113685200001,8,0.9241011984021305,6.624652044207724e-06
ThomasAM_2019_c,1808,UniRef90_G2T3U0,694,0.0048653464803,8,0.9241011984021305,6.478490652862849e-06
ThomasAM_2019_c,1809,UniRef90_R5JBY8,694,0.004437071807000001,8,0.9241011984021305,5.908218118508656e-06
ThomasAM_2019_c,1810,UniRef90_A0A077ZLM0,694,0.0044156060692,8,0.9241011984021305,5.879635245272969e-06
ThomasAM_2019_c,1811,UniRef90_R6VFX7,694,0.004387261258,8,0.9241011984021305,5.841892487350199e-06
ThomasAM_2019_c,1812,UniRef90_A5ZP86,694,0.0042887870529,8,0.9241011984021305,5.710768379360852e-06
ThomasAM_2019_c,1813,UniRef90_R6J3N3,694,0.0042587289283,8,0.9241011984021305,5.670744245406125e-06
ThomasAM_2019_c,1814,UniRef90_C6LJE9,694,0.0031069672366,8,0.9241011984021305,4.137106839680426e-06
ThomasAM_2019_c,1815,UniRef90_D9QZL4,694,0.0030351175986,8,0.9241011984021305,4.041434884953396e-06
ThomasAM_2019_c,1816,UniRef90_A6BD29,694,0.0029601538575300002,8,0.9241011984021305,3.941616321611185e-06
ThomasAM_2019_c,1817,UniRef90_R5HQ51,694,0.002392308816,8,0.9241011984021305,3.1854977576564578e-06
ThomasAM_2019_c,1818,UniRef90_C4Z0X7,694,0.0022371951377,8,0.9241011984021305,2.9789549103861516e-06
ThomasAM_2019_c,1819,UniRef90_A9KJI4,694,0.0018863693729,8,0.9241011984021305,2.5118100837549936e-06
ThomasAM_2019_c,1820,UniRef90_A0A174NBK5,694,0.0017021360491,8,0.9241011984021305,2.266492741810919e-06
ThomasAM_2019_c,1821,UniRef90_U2PDV9,694,0.00038762546012,8,0.9241011984021305,5.161457524900133e-07
ThomasAM_2019_c,1822,UniRef90_Q2RFS2,693,0.0312499480215,8,0.9227696404793608,4.1611115874167776e-05
ThomasAM_2019_c,1823,UniRef90_A0A016BWT5,693,0.027454048849,8,0.9227696404793608,3.655665625699068e-05
ThomasAM_2019_c,1824,UniRef90_A7VSA5,693,0.0219585227002,8,0.9227696404793608,2.923904487376831e-05
ThomasAM_2019_c,1825,UniRef90_A0A125MEP7,693,0.0209330953396,8,0.9227696404793608,2.787362894753662e-05
ThomasAM_2019_c,1826,UniRef90_A0A2A6ZE59,693,0.015873597722,8,0.9227696404793608,2.113661480958722e-05
ThomasAM_2019_c,1827,UniRef90_A0A2A7BD22,693,0.015025640683,8,0.9227696404793608,2.000751089613848e-05
ThomasAM_2019_c,1828,UniRef90_A7AE90,693,0.0147974884922,8,0.9227696404793608,1.9703713038881494e-05
ThomasAM_2019_c,1829,UniRef90_K0XEC8,693,0.014287598108400001,8,0.9227696404793608,1.902476445858855e-05
ThomasAM_2019_c,1830,UniRef90_A6NXN1,693,0.0131696210788,8,0.9227696404793608,1.75361132873502e-05
ThomasAM_2019_c,1831,UniRef90_E8LH06,693,0.012724109205999999,8,0.9227696404793608,1.694288842343542e-05
ThomasAM_2019_c,1832,UniRef90_U2CK93,693,0.012521899836,8,0.9227696404793608,1.667363493475366e-05
ThomasAM_2019_c,1833,UniRef90_A0A173XFH4,693,0.0112134062451,8,0.9227696404793608,1.4931299926897469e-05
ThomasAM_2019_c,1834,UniRef90_A0A1Q6QXQ1,693,0.0111948397804,8,0.9227696404793608,1.4906577603728362e-05
ThomasAM_2019_c,1835,UniRef90_A0A2A6ZB86,693,0.0111738804341,8,0.9227696404793608,1.4878669020106525e-05
ThomasAM_2019_c,1836,UniRef90_K0XI40,693,0.011150132947,8,0.9227696404793608,1.4847047865512649e-05
ThomasAM_2019_c,1837,UniRef90_D5HDH9,693,0.0106807613176,8,0.9227696404793608,1.4222052353661784e-05
ThomasAM_2019_c,1838,UniRef90_A7LT91,693,0.0106325076057,8,0.9227696404793608,1.4157799741278296e-05
ThomasAM_2019_c,1839,UniRef90_B0NZ42,693,0.010629255298999999,8,0.9227696404793608,1.4153469106524633e-05
ThomasAM_2019_c,1840,UniRef90_R6CW89,693,0.0105575402453,8,0.9227696404793608,1.4057976358588548e-05
ThomasAM_2019_c,1841,UniRef90_A0A076IUR5,693,0.0103025137467,8,0.9227696404793608,1.3718393803861518e-05
ThomasAM_2019_c,1842,UniRef90_H1AL83,693,0.0101468000602,8,0.9227696404793608,1.3511052010918775e-05
ThomasAM_2019_c,1843,UniRef90_D4JXJ0,693,0.010072750026,8,0.9227696404793608,1.3412450101198401e-05
ThomasAM_2019_c,1844,UniRef90_A0A2A6ZAU5,693,0.0098894084001,8,0.9227696404793608,1.3168320106657791e-05
ThomasAM_2019_c,1845,UniRef90_A0A015ZD93,693,0.0096784772411,8,0.9227696404793608,1.2887453050732357e-05
ThomasAM_2019_c,1846,UniRef90_R6J5Q7,693,0.009615319265,8,0.9227696404793608,1.2803354547270306e-05
ThomasAM_2019_c,1847,UniRef90_R8VU34,693,0.009346983162,8,0.9227696404793608,1.2446049483355526e-05
ThomasAM_2019_c,1848,UniRef90_G2SYU5,693,0.0091312722089,8,0.9227696404793608,1.2158817854727031e-05
ThomasAM_2019_c,1849,UniRef90_A0A2A7AZZ8,693,0.008846262893099999,8,0.9227696404793608,1.1779311442210385e-05
ThomasAM_2019_c,1850,UniRef90_A0A329U974,693,0.008816930425,8,0.9227696404793608,1.1740253561917442e-05
ThomasAM_2019_c,1851,UniRef90_D4L101,693,0.0087805122098,8,0.9227696404793608,1.1691760598934753e-05
ThomasAM_2019_c,1852,UniRef90_A0A173ZXA8,693,0.0083133187512,8,0.9227696404793608,1.1069665447669773e-05
ThomasAM_2019_c,1853,UniRef90_A0A173YLD5,693,0.00821783811,8,0.9227696404793608,1.094252744340879e-05
ThomasAM_2019_c,1854,UniRef90_A0A0P0LJL5,693,0.00796558785,8,0.9227696404793608,1.0606641611185087e-05
ThomasAM_2019_c,1855,UniRef90_D6DKS0,693,0.007872990151,8,0.9227696404793608,1.0483342411451399e-05
ThomasAM_2019_c,1856,UniRef90_D4JZK1,693,0.0076924367353,8,0.9227696404793608,1.0242925080292943e-05
ThomasAM_2019_c,1857,UniRef90_Q5L9P3,693,0.0076031063682,8,0.9227696404793608,1.0123976522237018e-05
ThomasAM_2019_c,1858,UniRef90_A0A0K6BWP1,693,0.007602499383,8,0.9227696404793608,1.0123168286284953e-05
ThomasAM_2019_c,1859,UniRef90_G8FXJ6,693,0.007597473768100001,8,0.9227696404793608,1.011647638894807e-05
ThomasAM_2019_c,1860,UniRef90_A0A076J838,693,0.0074607405767,8,0.9227696404793608,9.934408224633822e-06
ThomasAM_2019_c,1861,UniRef90_A0A174J8H6,693,0.007189201161,8,0.9227696404793608,9.572837764314248e-06
ThomasAM_2019_c,1862,UniRef90_A0A291T9W5,693,0.0070037128459,8,0.9227696404793608,9.325849328761651e-06
ThomasAM_2019_c,1863,UniRef90_A0A174HFP4,693,0.0068977782175,8,0.9227696404793608,9.184791235019973e-06
ThomasAM_2019_c,1864,UniRef90_C7H2T0,693,0.0067920362366999994,8,0.9227696404793608,9.043989662716377e-06
ThomasAM_2019_c,1865,UniRef90_A0A3D6ASL7,693,0.0067244050048,8,0.9227696404793608,8.953934760053262e-06
ThomasAM_2019_c,1866,UniRef90_G5GK94,693,0.0065894360812000004,8,0.9227696404793608,8.774215820505992e-06
ThomasAM_2019_c,1867,UniRef90_D4KU25,693,0.0061578338251,8,0.9227696404793608,8.199512416910785e-06
ThomasAM_2019_c,1868,UniRef90_A0A396FW84,693,0.0060159968781,8,0.9227696404793608,8.010648306391477e-06
ThomasAM_2019_c,1869,UniRef90_C7G7I4,693,0.0060050640592,8,0.9227696404793608,7.996090624766978e-06
ThomasAM_2019_c,1870,UniRef90_C0FTB2,693,0.005986398479700001,8,0.9227696404793608,7.971236324500666e-06
ThomasAM_2019_c,1871,UniRef90_H1B795,693,0.0058239911327,8,0.9227696404793608,7.754981534886818e-06
ThomasAM_2019_c,1872,UniRef90_F3PJG6,693,0.0056777692109,8,0.9227696404793608,7.560278576431425e-06
ThomasAM_2019_c,1873,UniRef90_A0A1M6QS72,693,0.0056761380146,8,0.9227696404793608,7.558106544074567e-06
ThomasAM_2019_c,1874,UniRef90_A0A329UXL4,693,0.0051991696287,8,0.9227696404793608,6.9229955109187754e-06
ThomasAM_2019_c,1875,UniRef90_A6P027,693,0.0051137447158,8,0.9227696404793608,6.809247291344873e-06
ThomasAM_2019_c,1876,UniRef90_G2T4T5,693,0.0048767200009,8,0.9227696404793608,6.493635154327563e-06
ThomasAM_2019_c,1877,UniRef90_A0A0P0FAE2,693,0.004738334907,8,0.9227696404793608,6.309367386151797e-06
ThomasAM_2019_c,1878,UniRef90_C6LKE7,693,0.004448097049,8,0.9227696404793608,5.922898866844208e-06
ThomasAM_2019_c,1879,UniRef90_A0A0P0EV66,693,0.0042456524099,8,0.9227696404793608,5.653332103728363e-06
ThomasAM_2019_c,1880,UniRef90_I9PNE5,693,0.0040377914532,8,0.9227696404793608,5.3765532e-06
ThomasAM_2019_c,1881,UniRef90_A0A139L5M6,693,0.003962632856,8,0.9227696404793608,5.276475174434088e-06
ThomasAM_2019_c,1882,UniRef90_Q8A9S8,693,0.003897376873,8,0.9227696404793608,5.189583053262317e-06
ThomasAM_2019_c,1883,UniRef90_C7GH06,693,0.0037576079071,8,0.9227696404793608,5.003472579360852e-06
ThomasAM_2019_c,1884,UniRef90_C9KVB5,693,0.0037154084746999997,8,0.9227696404793608,4.94728159081225e-06
ThomasAM_2019_c,1885,UniRef90_D4KYW9,693,0.0029579948869999997,8,0.9227696404793608,3.938741527296937e-06
ThomasAM_2019_c,1886,UniRef90_V8C6H4,693,0.0029441115514,8,0.9227696404793608,3.920255061784288e-06
ThomasAM_2019_c,1887,UniRef90_B0GAD2,693,0.0022130550757,8,0.9227696404793608,2.9468110195739014e-06
ThomasAM_2019_c,1888,UniRef90_C4Z9N7,693,0.00148181739871,8,0.9227696404793608,1.9731256973501996e-06
ThomasAM_2019_c,1889,UniRef90_C0FTB6,693,0.0004336987266,8,0.9227696404793608,5.774949754993342e-07
ThomasAM_2019_c,1890,UniRef90_R7BSZ3,693,0.00028996822440000003,8,0.9227696404793608,3.86109486551265e-07
ThomasAM_2019_c,1891,UniRef90_F3MUZ7,693,0.0002030544441,8,0.9227696404793608,2.703787537949401e-07
ThomasAM_2019_c,1892,UniRef90_B0NU50,692,0.0476813706581,8,0.9214380825565912,6.349050686830893e-05
ThomasAM_2019_c,1893,UniRef90_V8M0W9,692,0.0320121148776,8,0.9214380825565912,4.262598518988016e-05
ThomasAM_2019_c,1894,UniRef90_A0A3E2UB56,692,0.026806328303,8,0.9214380825565912,3.56941788322237e-05
ThomasAM_2019_c,1895,UniRef90_R6Q8L0,692,0.0260112937163,8,0.9214380825565912,3.463554422942743e-05
ThomasAM_2019_c,1896,UniRef90_A7V4G0,692,0.02296505957,8,0.9214380825565912,3.0579307017310256e-05
ThomasAM_2019_c,1897,UniRef90_A0A174YBK6,692,0.022352579015,8,0.9214380825565912,2.9763753681757655e-05
ThomasAM_2019_c,1898,UniRef90_A7ALY3,692,0.015489315139199999,8,0.9214380825565912,2.0624920291877495e-05
ThomasAM_2019_c,1899,UniRef90_G9WKL6,692,0.01481663532,8,0.9214380825565912,1.9729208149134488e-05
ThomasAM_2019_c,1900,UniRef90_F4XHW2,692,0.01429107027,8,0.9214380825565912,1.9029387842876162e-05
ThomasAM_2019_c,1901,UniRef90_A6NXR1,692,0.013916261047999999,8,0.9214380825565912,1.853030765379494e-05
ThomasAM_2019_c,1902,UniRef90_D4JXQ0,692,0.013908930651,8,0.9214380825565912,1.8520546805592544e-05
ThomasAM_2019_c,1903,UniRef90_D1PJV1,692,0.0137356494288,8,0.9214380825565912,1.8289812821304926e-05
ThomasAM_2019_c,1904,UniRef90_C0EYV5,692,0.0135757338778,8,0.9214380825565912,1.8076876002396806e-05
ThomasAM_2019_c,1905,UniRef90_A0A381I6B5,692,0.012669519233,8,0.9214380825565912,1.687019871238349e-05
ThomasAM_2019_c,1906,UniRef90_Q56VG1,692,0.0123368468286,8,0.9214380825565912,1.642722613661784e-05
ThomasAM_2019_c,1907,UniRef90_V8C7B4,692,0.012162643182,8,0.9214380825565912,1.6195263890812248e-05
ThomasAM_2019_c,1908,UniRef90_E1YPF1,692,0.0121186226314,8,0.9214380825565912,1.613664797789614e-05
ThomasAM_2019_c,1909,UniRef90_C7H8T6,692,0.0120330760065,8,0.9214380825565912,1.602273769174434e-05
ThomasAM_2019_c,1910,UniRef90_A0A174AU16,692,0.0113295044331,8,0.9214380825565912,1.5085891388948067e-05
ThomasAM_2019_c,1911,UniRef90_A8S8F3,692,0.0111655895125,8,0.9214380825565912,1.4867629177762984e-05
ThomasAM_2019_c,1912,UniRef90_A6KYJ5,692,0.010646418131,8,0.9214380825565912,1.41763224114514e-05
ThomasAM_2019_c,1913,UniRef90_A0A329UUU7,692,0.0104825972508,8,0.9214380825565912,1.3958185420505992e-05
ThomasAM_2019_c,1914,UniRef90_A0A2A7AKR0,692,0.010424492642,8,0.9214380825565912,1.3880815768308923e-05
ThomasAM_2019_c,1915,UniRef90_R5EZR3,692,0.010195228421,8,0.9214380825565912,1.3575537178428761e-05
ThomasAM_2019_c,1916,UniRef90_A0A173TX33,692,0.0101840688329,8,0.9214380825565912,1.3560677540479361e-05
ThomasAM_2019_c,1917,UniRef90_D4M3M3,692,0.010170512626,8,0.9214380825565912,1.3542626665778961e-05
ThomasAM_2019_c,1918,UniRef90_D4KNZ7,692,0.0100185929591,8,0.9214380825565912,1.3340336829693743e-05
ThomasAM_2019_c,1919,UniRef90_A0A2U2ECQ4,692,0.0097594989999,8,0.9214380825565912,1.2995338215579228e-05
ThomasAM_2019_c,1920,UniRef90_C7H9L4,692,0.009378889857,8,0.9214380825565912,1.2488535095872171e-05
ThomasAM_2019_c,1921,UniRef90_A0A174C6E8,692,0.0091258661295,8,0.9214380825565912,1.215161934687084e-05
ThomasAM_2019_c,1922,UniRef90_A8RVT9,692,0.0089539833048,8,0.9214380825565912,1.1922747409853528e-05
ThomasAM_2019_c,1923,UniRef90_B7ARS8,692,0.0088106835682,8,0.9214380825565912,1.1731935510252997e-05
ThomasAM_2019_c,1924,UniRef90_A0A173Z8E8,692,0.0087241427376,8,0.9214380825565912,1.16167013816245e-05
ThomasAM_2019_c,1925,UniRef90_D4K7N2,692,0.0086618557032,8,0.9214380825565912,1.1533762587483355e-05
ThomasAM_2019_c,1926,UniRef90_R5CHH0,692,0.0085858566026,8,0.9214380825565912,1.143256538295606e-05
ThomasAM_2019_c,1927,UniRef90_D4JYF5,692,0.008499168552000001,8,0.9214380825565912,1.1317135222370175e-05
ThomasAM_2019_c,1928,UniRef90_D4LWP0,692,0.008489911117,8,0.9214380825565912,1.1304808411451396e-05
ThomasAM_2019_c,1929,UniRef90_A0A173WZW0,692,0.0084469358357,8,0.9214380825565912,1.124758433515313e-05
ThomasAM_2019_c,1930,UniRef90_Q89Z59,692,0.0083859222954,8,0.9214380825565912,1.116634127217044e-05
ThomasAM_2019_c,1931,UniRef90_A0A173VJW1,692,0.008018635736999999,8,0.9214380825565912,1.0677277945406123e-05
ThomasAM_2019_c,1932,UniRef90_A0A174DJH1,692,0.0079634087814,8,0.9214380825565912,1.0603740055126498e-05
ThomasAM_2019_c,1933,UniRef90_A0A174XKF4,692,0.007772984165499999,8,0.9214380825565912,1.0350178649134486e-05
ThomasAM_2019_c,1934,UniRef90_A0A2N5NPS1,692,0.0075816515731,8,0.9214380825565912,1.0095408219840212e-05
ThomasAM_2019_c,1935,UniRef90_D4KV19,692,0.0074423390401,8,0.9214380825565912,9.909905512782955e-06
ThomasAM_2019_c,1936,UniRef90_A0A396EL10,692,0.007333541545000001,8,0.9214380825565912,9.76503534620506e-06
ThomasAM_2019_c,1937,UniRef90_A0A395WC15,692,0.007324447081,8,0.9214380825565912,9.752925540612517e-06
ThomasAM_2019_c,1938,UniRef90_A0A1E3U6L0,692,0.0071045175934,8,0.9214380825565912,9.460076688948068e-06
ThomasAM_2019_c,1939,UniRef90_G1WWF3,692,0.0070763195624,8,0.9214380825565912,9.422529377363515e-06
ThomasAM_2019_c,1940,UniRef90_A0A396FMV1,692,0.0069084170107,8,0.9214380825565912,9.198957404394141e-06
ThomasAM_2019_c,1941,UniRef90_R6K7C9,692,0.006829184772,8,0.9214380825565912,9.093455089214381e-06
ThomasAM_2019_c,1942,UniRef90_C0FT93,692,0.006607683829599999,8,0.9214380825565912,8.798513754460718e-06
ThomasAM_2019_c,1943,UniRef90_Q5LBZ8,692,0.0065856182201,8,0.9214380825565912,8.769132117310253e-06
ThomasAM_2019_c,1944,UniRef90_A0A139K449,692,0.0064525974777,8,0.9214380825565912,8.592007293874834e-06
ThomasAM_2019_c,1945,UniRef90_E2ZIR5,692,0.0064233746938,8,0.9214380825565912,8.553095464447404e-06
ThomasAM_2019_c,1946,UniRef90_N1ZTN4,692,0.0061970103356,8,0.9214380825565912,8.251678209853528e-06
ThomasAM_2019_c,1947,UniRef90_A0A2A6ZLQ4,692,0.0061723153088999,8,0.9214380825565912,8.218795351398003e-06
ThomasAM_2019_c,1948,UniRef90_R5JBH5,692,0.0058872043901,8,0.9214380825565912,7.839153648601865e-06
ThomasAM_2019_c,1949,UniRef90_R6DFW9,692,0.005857848728,8,0.9214380825565912,7.800064884154461e-06
ThomasAM_2019_c,1950,UniRef90_A0A180F5X8,692,0.005714962611,8,0.9214380825565912,7.609803743009321e-06
ThomasAM_2019_c,1951,UniRef90_A8SQS2,692,0.0056857669682,8,0.9214380825565912,7.570928053528629e-06
ThomasAM_2019_c,1952,UniRef90_E5VHU2,692,0.005391102649,8,0.9214380825565912,7.1785654447403455e-06
ThomasAM_2019_c,1953,UniRef90_R6JB78,692,0.0053890355399,8,0.9214380825565912,7.175812969241012e-06
ThomasAM_2019_c,1954,UniRef90_A0A158T0E6,692,0.00501607172,8,0.9214380825565912,6.6791900399467375e-06
ThomasAM_2019_c,1955,UniRef90_A0A0M6WXT1,692,0.0050078617303,8,0.9214380825565912,6.6682579631158456e-06
ThomasAM_2019_c,1956,UniRef90_A0A173Z4D4,692,0.0049909493349,8,0.9214380825565912,6.6457381290279626e-06
ThomasAM_2019_c,1957,UniRef90_D6D3P6,692,0.0048453371564000005,8,0.9214380825565912,6.451847079094542e-06
ThomasAM_2019_c,1958,UniRef90_Q5LDK8,692,0.0045789829745,8,0.9214380825565912,6.0971810579227704e-06
ThomasAM_2019_c,1959,UniRef90_Q8A7Z7,692,0.0045475613766,8,0.9214380825565912,6.055341380292942e-06
ThomasAM_2019_c,1960,UniRef90_R5U6R9,692,0.0045261125364,8,0.9214380825565912,6.026781007190412e-06
ThomasAM_2019_c,1961,UniRef90_C9KZP5,692,0.0044607789545,8,0.9214380825565912,5.939785558588549e-06
ThomasAM_2019_c,1962,UniRef90_A0A139T3R5,692,0.0044604204400999,8,0.9214380825565912,5.939308175898668e-06
ThomasAM_2019_c,1963,UniRef90_A0A0K6BQC8,692,0.0042341866922,8,0.9214380825565912,5.638064836484687e-06
ThomasAM_2019_c,1964,UniRef90_Q8A0M6,692,0.0041306019693,8,0.9214380825565912,5.500135778029294e-06
ThomasAM_2019_c,1965,UniRef90_G2T603,692,0.0040761056548,8,0.9214380825565912,5.427570778695073e-06
ThomasAM_2019_c,1966,UniRef90_D7IXY2,692,0.0039406158614,8,0.9214380825565912,5.247158270838881e-06
ThomasAM_2019_c,1967,UniRef90_R6AI05,692,0.0037209852845,8,0.9214380825565912,4.95470743608522e-06
ThomasAM_2019_c,1968,UniRef90_A0A173Y9V6,692,0.0036433163332999998,8,0.9214380825565912,4.851286728761651e-06
ThomasAM_2019_c,1969,UniRef90_F4XHR2,692,0.0036212415688,8,0.9214380825565912,4.821892901198402e-06
ThomasAM_2019_c,1970,UniRef90_R7NSP3,692,0.0034704401965000003,8,0.9214380825565912,4.621092139147803e-06
ThomasAM_2019_c,1971,UniRef90_F0YZ57,692,0.0032900924455,8,0.9214380825565912,4.380948662450066e-06
ThomasAM_2019_c,1972,UniRef90_E7FVC2,692,0.0029867261754000004,8,0.9214380825565912,3.976998901997338e-06
ThomasAM_2019_c,1973,UniRef90_A0A3E2W4F1,692,0.002812120099,8,0.9214380825565912,3.7445007976031956e-06
ThomasAM_2019_c,1974,UniRef90_A0A373ZU51,692,0.0024427942330000002,8,0.9214380825565912,3.2527220146471376e-06
ThomasAM_2019_c,1975,UniRef90_B0P977,692,0.0021640152787,8,0.9214380825565912,2.881511689347537e-06
ThomasAM_2019_c,1976,UniRef90_A0A2A7AW90,692,0.0012240879554,8,0.9214380825565912,1.6299440151797602e-06
ThomasAM_2019_c,1977,UniRef90_R5H9B9,692,0.0009794306584,8,0.9214380825565912,1.3041686529960052e-06
ThomasAM_2019_c,1978,UniRef90_A0A173RU74,692,0.0009643202792,8,0.9214380825565912,1.2840483078561918e-06
ThomasAM_2019_c,1979,UniRef90_A0A3D1E8D1,692,0.0005581471379,8,0.9214380825565912,7.43205243541944e-07
ThomasAM_2019_c,1980,UniRef90_A0A3D4R0L2,692,0.0001733293951,8,0.9214380825565912,2.307981292942743e-07
ThomasAM_2019_c,1981,UniRef90_E2ZM10,691,0.025428448336399997,8,0.9201065246338216,3.38594518460719e-05
ThomasAM_2019_c,1982,UniRef90_A0A285PS72,691,0.013765703479999999,8,0.9201065246338216,1.832983153129161e-05
ThomasAM_2019_c,1983,UniRef90_A0A174CFF5,691,0.0137056324523,8,0.9201065246338216,1.8249843478428763e-05
ThomasAM_2019_c,1984,UniRef90_G1WU35,691,0.0121376144844,8,0.9201065246338216,1.6161936730226366e-05
ThomasAM_2019_c,1985,UniRef90_E2ZHZ4,691,0.0117166352564,8,0.9201065246338216,1.560137850386152e-05
ThomasAM_2019_c,1986,UniRef90_A0A174MWS7,691,0.011667897958,8,0.9201065246338216,1.553648196804261e-05
ThomasAM_2019_c,1987,UniRef90_D4JXU5,691,0.011127855844,8,0.9201065246338216,1.4817384612516646e-05
ThomasAM_2019_c,1988,UniRef90_F4XGR4,691,0.011099376661,8,0.9201065246338216,1.4779462930758989e-05
ThomasAM_2019_c,1989,UniRef90_A0A173R2N2,691,0.010749009537999999,8,0.9201065246338216,1.4312928812250332e-05
ThomasAM_2019_c,1990,UniRef90_D4LFR8,691,0.0103642186571,8,0.9201065246338216,1.380055746617843e-05
ThomasAM_2019_c,1991,UniRef90_C7H235,691,0.010252171239,8,0.9201065246338216,1.365135983888149e-05
ThomasAM_2019_c,1992,UniRef90_D4L106,691,0.0097130263038,8,0.9201065246338216,1.2933457128894808e-05
ThomasAM_2019_c,1993,UniRef90_A6P1V0,691,0.009414653701,8,0.9201065246338216,1.2536156725699067e-05
ThomasAM_2019_c,1994,UniRef90_A0A2A6ZKJ8,691,0.0093141873572,8,0.9201065246338216,1.240237996964048e-05
ThomasAM_2019_c,1995,UniRef90_F4XGQ0,691,0.0092382722405,8,0.9201065246338216,1.2301294594540614e-05
ThomasAM_2019_c,1996,UniRef90_D4LVL6,691,0.0091767729486,8,0.9201065246338216,1.2219404725166446e-05
ThomasAM_2019_c,1997,UniRef90_C4ZI85,691,0.0087359689293,8,0.9201065246338216,1.1632448640878828e-05
ThomasAM_2019_c,1998,UniRef90_A6KXL0,691,0.0086425845685,8,0.9201065246338216,1.150810195539281e-05
ThomasAM_2019_c,1999,UniRef90_A0A3E2UZH5,691,0.0086423794854,8,0.9201065246338216,1.1507828875366179e-05
ThomasAM_2019_c,2000,UniRef90_D4JA34,691,0.0086271680433,8,0.9201065246338216,1.1487573959121172e-05
ThomasAM_2019_c,2001,UniRef90_C7HAW3,691,0.0085139321845,8,0.9201065246338216,1.1336793854194408e-05
ThomasAM_2019_c,2002,UniRef90_A8SDZ4,691,0.0084582899632,8,0.9201065246338216,1.126270301358189e-05
ThomasAM_2019_c,2003,UniRef90_E6SR39,691,0.0081036262987,8,0.9201065246338216,1.0790447801198402e-05
ThomasAM_2019_c,2004,UniRef90_A6BD89,691,0.008061809353,8,0.9201065246338216,1.073476611584554e-05
ThomasAM_2019_c,2005,UniRef90_A0A139KHA8,691,0.00774516321,8,0.9201065246338216,1.0313133435419441e-05
ThomasAM_2019_c,2006,UniRef90_A0A173TRN5,691,0.007612357012,8,0.9201065246338216,1.0136294290279628e-05
ThomasAM_2019_c,2007,UniRef90_U2CRZ1,691,0.0075869800787,8,0.9201065246338216,1.0102503433688414e-05
ThomasAM_2019_c,2008,UniRef90_L1Q5C0,691,0.0070039060460999995,8,0.9201065246338216,9.326106586018642e-06
ThomasAM_2019_c,2009,UniRef90_A0A395ZVH2,691,0.006957171141,8,0.9201065246338216,9.263876352862849e-06
ThomasAM_2019_c,2010,UniRef90_A0A3E4IFW0,691,0.0069293167824,8,0.9201065246338216,9.226786660985353e-06
ThomasAM_2019_c,2011,UniRef90_D4LWN3,691,0.006891922781,8,0.9201065246338216,9.176994382157124e-06
ThomasAM_2019_c,2012,UniRef90_A0A0M6WMK2,691,0.0068194686668999,8,0.9201065246338216,9.08051753248988e-06
ThomasAM_2019_c,2013,UniRef90_U2PFL2,691,0.0064233230863,8,0.9201065246338216,8.553026746071904e-06
ThomasAM_2019_c,2014,UniRef90_A0A329TY90,691,0.006397349765,8,0.9201065246338216,8.518441764314247e-06
ThomasAM_2019_c,2015,UniRef90_C8ZZG9,691,0.00616871699828,8,0.9201065246338216,8.214003992383489e-06
ThomasAM_2019_c,2016,UniRef90_U2BT73,691,0.006154486528,8,0.9201065246338216,8.195055296937417e-06
ThomasAM_2019_c,2017,UniRef90_A0A346FW62,691,0.0058917242463000005,8,0.9201065246338216,7.845172098934753e-06
ThomasAM_2019_c,2018,UniRef90_A0A3E5GKD4,691,0.0058238955413,8,0.9201065246338216,7.7548542494008e-06
ThomasAM_2019_c,2019,UniRef90_A0A173T014,691,0.0055827678855,8,0.9201065246338216,7.433778808921439e-06
ThomasAM_2019_c,2020,UniRef90_F7L9J0,691,0.0054671484967,8,0.9201065246338216,7.2798248957390154e-06
ThomasAM_2019_c,2021,UniRef90_A0A395ZZS6,691,0.00542736009561,8,0.9201065246338216,7.226844335033289e-06
ThomasAM_2019_c,2022,UniRef90_A5Z317,691,0.0051477108867,8,0.9201065246338216,6.854475215312916e-06
ThomasAM_2019_c,2023,UniRef90_R5RZY6,691,0.005045485382,8,0.9201065246338216,6.718356034620506e-06
ThomasAM_2019_c,2024,UniRef90_A0A173Z9H9,691,0.0050362049121,8,0.9201065246338216,6.705998551398136e-06
ThomasAM_2019_c,2025,UniRef90_K5D7J9,691,0.004992969682,8,0.9201065246338216,6.648428338215712e-06
ThomasAM_2019_c,2026,UniRef90_R7KZ69,691,0.0048913782492,8,0.9201065246338216,6.513153460985353e-06
ThomasAM_2019_c,2027,UniRef90_C0C172,691,0.0047553684893,8,0.9201065246338216,6.332048587616511e-06
ThomasAM_2019_c,2028,UniRef90_A0A374IJN4,691,0.004708852041,8,0.9201065246338216,6.270109242343542e-06
ThomasAM_2019_c,2029,UniRef90_A0A1Q6HGU0,691,0.0046628683515,8,0.9201065246338216,6.208879296271638e-06
ThomasAM_2019_c,2030,UniRef90_A0A139KQF5,691,0.004275137051,8,0.9201065246338216,5.692592611185087e-06
ThomasAM_2019_c,2031,UniRef90_E2ZM27,691,0.0042745776481,8,0.9201065246338216,5.691847733821571e-06
ThomasAM_2019_c,2032,UniRef90_C5EWQ1,691,0.0041996581227,8,0.9201065246338216,5.592088046205059e-06
ThomasAM_2019_c,2033,UniRef90_A0A3E5CUU0,691,0.004074946782000001,8,0.9201065246338216,5.426027672436752e-06
ThomasAM_2019_c,2034,UniRef90_A0A0E9ECT9,691,0.0039111535362,8,0.9201065246338216,5.207927478295606e-06
ThomasAM_2019_c,2035,UniRef90_A0A0E2AWP1,691,0.0038895127132999,8,0.9201065246338216,5.179111469107723e-06
ThomasAM_2019_c,2036,UniRef90_C0B865,691,0.002381964544,8,0.9201065246338216,3.1717237603195735e-06
ThomasAM_2019_c,2037,UniRef90_A0A1X9I1X8,691,0.00208304186469,8,0.9201065246338216,2.773690898388815e-06
ThomasAM_2019_c,2038,UniRef90_R5FW49,691,0.0020151932632,8,0.9201065246338216,2.6833465555259657e-06
ThomasAM_2019_c,2039,UniRef90_C0C3G6,691,0.0015514352083,8,0.9201065246338216,2.0658258432756326e-06
ThomasAM_2019_c,2040,UniRef90_E2ZLP2,691,0.00113790914673,8,0.9201065246338216,1.515191939720373e-06
ThomasAM_2019_c,2041,UniRef90_K1SDX2,691,0.0009425535964,8,0.9201065246338216,1.255064708921438e-06
ThomasAM_2019_c,2042,UniRef90_A0A3A8Z9P2,691,7.506887345e-05,8,0.9201065246338216,9.995855319573901e-08
ThomasAM_2019_c,2043,UniRef90_C0B5M8,690,0.025293422653800003,8,0.918774966711052,3.36796573286285e-05
ThomasAM_2019_c,2044,UniRef90_U2Z4S8,690,0.0200657503616,8,0.918774966711052,2.671870887030626e-05
ThomasAM_2019_c,2045,UniRef90_F4XER8,690,0.017155759128999998,8,0.918774966711052,2.2843886989347535e-05
ThomasAM_2019_c,2046,UniRef90_G2SY27,690,0.0144460436249,8,0.918774966711052,1.923574384141145e-05
ThomasAM_2019_c,2047,UniRef90_D4LFS2,690,0.012958485246999999,8,0.918774966711052,1.725497369773635e-05
ThomasAM_2019_c,2048,UniRef90_A0A2A6ZS95,690,0.011712374320500001,8,0.918774966711052,1.5595704820905462e-05
ThomasAM_2019_c,2049,UniRef90_A0A2A6ZBD0,690,0.0113456472128,8,0.918774966711052,1.510738643515313e-05
ThomasAM_2019_c,2050,UniRef90_A0A2A7A419,690,0.0112068663188,8,0.918774966711052,1.4922591636218375e-05
ThomasAM_2019_c,2051,UniRef90_A7LT12,690,0.0110114373472,8,0.918774966711052,1.4662366640745673e-05
ThomasAM_2019_c,2052,UniRef90_F4XGR7,690,0.010666628037,8,0.918774966711052,1.4203233071904127e-05
ThomasAM_2019_c,2053,UniRef90_E2ZMT7,690,0.009949543121,8,0.918774966711052,1.3248392970705726e-05
ThomasAM_2019_c,2054,UniRef90_A0A1Q2C5Y4,690,0.009528559604,8,0.918774966711052,1.2687829033288949e-05
ThomasAM_2019_c,2055,UniRef90_F3PN06,690,0.008950354192,8,0.918774966711052,1.1917915035952064e-05
ThomasAM_2019_c,2056,UniRef90_E2ZLB9,690,0.008885182422,8,0.918774966711052,1.1831135049267643e-05
ThomasAM_2019_c,2057,UniRef90_A0A174A493,690,0.008650386782,8,0.918774966711052,1.1518491054593876e-05
ThomasAM_2019_c,2058,UniRef90_C4Z929,690,0.0085845495447,8,0.918774966711052,1.1430824959653795e-05
ThomasAM_2019_c,2059,UniRef90_A0A329TYI2,690,0.0081697015499,8,0.918774966711052,1.0878430825432756e-05
ThomasAM_2019_c,2060,UniRef90_K0XH44,690,0.0078788889255,8,0.918774966711052,1.0491196971371505e-05
ThomasAM_2019_c,2061,UniRef90_A7V7L5,690,0.007798445296800001,8,0.918774966711052,1.0384081620239682e-05
ThomasAM_2019_c,2062,UniRef90_Q8A473,690,0.0077869632741999996,8,0.918774966711052,1.036879264207723e-05
ThomasAM_2019_c,2063,UniRef90_E6SUB0,690,0.0074256490454,8,0.918774966711052,9.887681818109188e-06
ThomasAM_2019_c,2064,UniRef90_A0A2A6ZNN7,690,0.007261588205,8,0.918774966711052,9.669225306258322e-06
ThomasAM_2019_c,2065,UniRef90_A0A173VIH1,690,0.006308065424,8,0.918774966711052,8.399554492676432e-06
ThomasAM_2019_c,2066,UniRef90_A0A3E5F7G1,690,0.0059789690051,8,0.918774966711052,7.96134354873502e-06
ThomasAM_2019_c,2067,UniRef90_C0EFU6,690,0.0058924115828,8,0.918774966711052,7.846087327296938e-06
ThomasAM_2019_c,2068,UniRef90_A8SCC9,690,0.0058479642964,8,0.918774966711052,7.786903190945406e-06
ThomasAM_2019_c,2069,UniRef90_Q8A6N7,690,0.005757750752,8,0.918774966711052,7.666778631158456e-06
ThomasAM_2019_c,2070,UniRef90_D4KU26,690,0.005719280908,8,0.918774966711052,7.615553805592543e-06
ThomasAM_2019_c,2071,UniRef90_UPI00059629C5,690,0.0056652505362,8,0.918774966711052,7.543609235952064e-06
ThomasAM_2019_c,2072,UniRef90_C0B6G4,690,0.0055307000092999995,8,0.918774966711052,7.364447415845539e-06
ThomasAM_2019_c,2073,UniRef90_A0A174D169,690,0.0054954067957,8,0.918774966711052,7.317452457656459e-06
ThomasAM_2019_c,2074,UniRef90_A0A139LFI4,690,0.005435101353,8,0.918774966711052,7.2371522676431425e-06
ThomasAM_2019_c,2075,UniRef90_A0A139TCP8,690,0.005259966378,8,0.918774966711052,7.00394990412783e-06
ThomasAM_2019_c,2076,UniRef90_A0A174ZI62,690,0.0050763606209,8,0.918774966711052,6.759468203595207e-06
ThomasAM_2019_c,2077,UniRef90_R7GRF1,690,0.0047718549793,8,0.918774966711052,6.354001303994674e-06
ThomasAM_2019_c,2078,UniRef90_A0A174BG28,690,0.0046293075163,8,0.918774966711052,6.164191100266312e-06
ThomasAM_2019_c,2079,UniRef90_A0A2A7A4X9,690,0.0046273871518,8,0.918774966711052,6.161634023701731e-06
ThomasAM_2019_c,2080,UniRef90_A0A149NGX3,690,0.0046237530079999995,8,0.918774966711052,6.156794950732356e-06
ThomasAM_2019_c,2081,UniRef90_R6S019,690,0.0045318117880000005,8,0.918774966711052,6.034369890812251e-06
ThomasAM_2019_c,2082,UniRef90_A0A0P0FEI0,690,0.004531037854,8,0.918774966711052,6.0333393528628495e-06
ThomasAM_2019_c,2083,UniRef90_A0A3E2TWX9,690,0.004257358223,8,0.918774966711052,5.6689190719041275e-06
ThomasAM_2019_c,2084,UniRef90_A0A133YP09,690,0.0042445930105,8,0.918774966711052,5.651921452063915e-06
ThomasAM_2019_c,2085,UniRef90_D4WK38,690,0.0039920968831,8,0.918774966711052,5.3157082331557925e-06
ThomasAM_2019_c,2086,UniRef90_E5C9H3,690,0.0039208087741,8,0.918774966711052,5.220783986817577e-06
ThomasAM_2019_c,2087,UniRef90_A0A0P0FKD2,690,0.0038853169324,8,0.918774966711052,5.173524543808255e-06
ThomasAM_2019_c,2088,UniRef90_U2RG75,690,0.0037445987071,8,0.918774966711052,4.986150076031957e-06
ThomasAM_2019_c,2089,UniRef90_Q8A5W4,690,0.0035261228999,8,0.918774966711052,4.695236884021305e-06
ThomasAM_2019_c,2090,UniRef90_A0A174F9K4,690,0.0031564926887,8,0.918774966711052,4.20305284780293e-06
ThomasAM_2019_c,2091,UniRef90_A0A329U2X5,690,0.0028456444816,8,0.918774966711052,3.7891404548601864e-06
ThomasAM_2019_c,2092,UniRef90_A0A134CL11,690,0.0028396637667,8,0.918774966711052,3.781176786551265e-06
ThomasAM_2019_c,2093,UniRef90_A0A3E3DIA9,690,0.0027768066801999998,8,0.918774966711052,3.697478935019973e-06
ThomasAM_2019_c,2094,UniRef90_G2T138,690,0.0011047973444,8,0.918774966711052,1.4711016569906792e-06
ThomasAM_2019_c,2095,UniRef90_F3AAM6,690,0.00013523326485000002,8,0.918774966711052,1.8007092523302265e-07
ThomasAM_2019_c,2096,UniRef90_C3R2Y6,689,0.059635926245,8,0.9174434087882823,7.940869007323568e-05
ThomasAM_2019_c,2097,UniRef90_E5UV43,689,0.0304487407874,8,0.9174434087882823,4.054426203382157e-05
ThomasAM_2019_c,2098,UniRef90_A0A3E5EJF8,689,0.0137829334309,8,0.9174434087882823,1.835277420892144e-05
ThomasAM_2019_c,2099,UniRef90_G5SL50,689,0.013605070738500001,8,0.9174434087882823,1.811593973169108e-05
ThomasAM_2019_c,2100,UniRef90_A0A380Z6K4,689,0.012765774447,8,0.9174434087882823,1.6998368105193075e-05
ThomasAM_2019_c,2101,UniRef90_A0A174AUX7,689,0.0119005264352,8,0.9174434087882823,1.5846240259920107e-05
ThomasAM_2019_c,2102,UniRef90_A0A173VHU5,689,0.01139525241,8,0.9174434087882823,1.517343862849534e-05
ThomasAM_2019_c,2103,UniRef90_A0A396ECZ7,689,0.0112350558393,8,0.9174434087882823,1.4960127615579227e-05
ThomasAM_2019_c,2104,UniRef90_C7H924,689,0.010878635272,8,0.9174434087882823,1.4485532985352863e-05
ThomasAM_2019_c,2105,UniRef90_C4ZFB9,689,0.010483050557,8,0.9174434087882823,1.3958789023968043e-05
ThomasAM_2019_c,2106,UniRef90_A0A2A6ZBI3,689,0.010394370023,8,0.9174434087882823,1.38407057563249e-05
ThomasAM_2019_c,2107,UniRef90_E2ZEC8,689,0.0100135361354,8,0.9174434087882823,1.3333603376031958e-05
ThomasAM_2019_c,2108,UniRef90_M2NCH0,689,0.009409539768,8,0.9174434087882823,1.2529347227696404e-05
ThomasAM_2019_c,2109,UniRef90_D3ANK3,689,0.009380401669,8,0.9174434087882823,1.2490548161118507e-05
ThomasAM_2019_c,2110,UniRef90_F4XGQ3,689,0.0092869851486,8,0.9174434087882823,1.2366158653262316e-05
ThomasAM_2019_c,2111,UniRef90_A0A174LZM2,689,0.009237697973,8,0.9174434087882823,1.2300529924101198e-05
ThomasAM_2019_c,2112,UniRef90_A0A0K6BYK2,689,0.009051821114,8,0.9174434087882823,1.2053024119840214e-05
ThomasAM_2019_c,2113,UniRef90_A6L074,689,0.0089620468968,8,0.9174434087882823,1.1933484549667111e-05
ThomasAM_2019_c,2114,UniRef90_R6QBN8,689,0.0089240379333,8,0.9174434087882823,1.1882873413182425e-05
ThomasAM_2019_c,2115,UniRef90_C7H1S6,689,0.008877082952,8,0.9174434087882823,1.1820350135818907e-05
ThomasAM_2019_c,2116,UniRef90_A0A173RCT8,689,0.008748084203800001,8,0.9174434087882823,1.1648580830625834e-05
ThomasAM_2019_c,2117,UniRef90_D4KA13,689,0.0087118865321999,8,0.9174434087882823,1.1600381534220906e-05
ThomasAM_2019_c,2118,UniRef90_A0A0S2W2S1,689,0.008675287850100001,8,0.9174434087882823,1.1551648269107857e-05
ThomasAM_2019_c,2119,UniRef90_A0A173RX52,689,0.0085768341686,8,0.9174434087882823,1.1420551489480694e-05
ThomasAM_2019_c,2120,UniRef90_C4ZBT7,689,0.0084486908448,8,0.9174434087882823,1.1249921231424768e-05
ThomasAM_2019_c,2121,UniRef90_R6A6S0,689,0.008280185724,8,0.9174434087882823,1.1025546902796271e-05
ThomasAM_2019_c,2122,UniRef90_A6L5I2,689,0.008193047512,8,0.9174434087882823,1.0909517326231691e-05
ThomasAM_2019_c,2123,UniRef90_E2ZH42,689,0.008164129919,8,0.9174434087882823,1.0871011876165114e-05
ThomasAM_2019_c,2124,UniRef90_C4ZBS6,689,0.0081554521919,8,0.9174434087882823,1.0859456979893475e-05
ThomasAM_2019_c,2125,UniRef90_A6L585,689,0.007984598677,8,0.9174434087882823,1.063195562849534e-05
ThomasAM_2019_c,2126,UniRef90_A0A2A7B6Q8,689,0.0079826265213,8,0.9174434087882823,1.0629329588948069e-05
ThomasAM_2019_c,2127,UniRef90_R7GRD8,689,0.007755523417,8,0.9174434087882823,1.0326928651131824e-05
ThomasAM_2019_c,2128,UniRef90_D4K398,689,0.0076371706265,8,0.9174434087882823,1.0169335055259654e-05
ThomasAM_2019_c,2129,UniRef90_D4RYN6,689,0.0070423046117,8,0.9174434087882823,9.377236500266311e-06
ThomasAM_2019_c,2130,UniRef90_C4Z926,689,0.0069360690367,8,0.9174434087882823,9.235777678695074e-06
ThomasAM_2019_c,2131,UniRef90_A0A174E206,689,0.0068347188376,8,0.9174434087882823,9.100824018109188e-06
ThomasAM_2019_c,2132,UniRef90_A0A0K6BWB8,689,0.006830235587,8,0.9174434087882823,9.094854310252996e-06
ThomasAM_2019_c,2133,UniRef90_Q5LCA5,689,0.0067861782832,8,0.9174434087882823,9.036189458322238e-06
ThomasAM_2019_c,2134,UniRef90_A0A174P1K5,689,0.006759320629000001,8,0.9174434087882823,9.00042693608522e-06
ThomasAM_2019_c,2135,UniRef90_A0A396AEL7,689,0.0067007618333,8,0.9174434087882823,8.922452507723036e-06
ThomasAM_2019_c,2136,UniRef90_A0A174DSX8,689,0.0063647535145,8,0.9174434087882823,8.475037968708389e-06
ThomasAM_2019_c,2137,UniRef90_D4ML23,689,0.0063347714491,8,0.9174434087882823,8.435115111984021e-06
ThomasAM_2019_c,2138,UniRef90_A0A174N161,689,0.0055344306893,8,0.9174434087882823,7.369415032356857e-06
ThomasAM_2019_c,2139,UniRef90_A0A174CV89,689,0.0052846987793,8,0.9174434087882823,7.036882529027963e-06
ThomasAM_2019_c,2140,UniRef90_A0A174ZPP6,689,0.005272100081,8,0.9174434087882823,7.020106632490014e-06
ThomasAM_2019_c,2141,UniRef90_A0A373IE87,689,0.005206933998,8,0.9174434087882823,6.9333342183754994e-06
ThomasAM_2019_c,2142,UniRef90_A0A174BXQ6,689,0.0051274766379,8,0.9174434087882823,6.827532141011984e-06
ThomasAM_2019_c,2143,UniRef90_A0A1C5VWW6,689,0.004874767691000001,8,0.9174434087882823,6.491035540612517e-06
ThomasAM_2019_c,2144,UniRef90_A0A174P957,689,0.0047719943584,8,0.9174434087882823,6.354186895339547e-06
ThomasAM_2019_c,2145,UniRef90_I9UMJ5,689,0.0046145399754,8,0.9174434087882823,6.144527264181092e-06
ThomasAM_2019_c,2146,UniRef90_D4J5V6,689,0.0044752427512,8,0.9174434087882823,5.959044941677762e-06
ThomasAM_2019_c,2147,UniRef90_Q84F56,689,0.0044729400820000004,8,0.9174434087882823,5.955978804260986e-06
ThomasAM_2019_c,2148,UniRef90_D4L2U4,689,0.004344426838099999,8,0.9174434087882823,5.784855976165112e-06
ThomasAM_2019_c,2149,UniRef90_A0A0P0F982,689,0.0042512935936000005,8,0.9174434087882823,5.6608436665778966e-06
ThomasAM_2019_c,2150,UniRef90_R6RZS6,689,0.0042157282834,8,0.9174434087882823,5.613486396005326e-06
ThomasAM_2019_c,2151,UniRef90_R6MHE2,689,0.0040140677009,8,0.9174434087882823,5.344963649667111e-06
ThomasAM_2019_c,2152,UniRef90_Q8A2N7,689,0.0035865295148,8,0.9174434087882823,4.7756717906790945e-06
ThomasAM_2019_c,2153,UniRef90_T4NZG2,689,0.0033158090593,8,0.9174434087882823,4.415191823302264e-06
ThomasAM_2019_c,2154,UniRef90_A0A0K0YN19,689,0.0032600697782,8,0.9174434087882823,4.3409717419440745e-06
ThomasAM_2019_c,2155,UniRef90_A8RE70,689,0.0025345331616,8,0.9174434087882823,3.3748777118508656e-06
ThomasAM_2019_c,2156,UniRef90_A0A174PY42,689,0.0019781419736,8,0.9174434087882823,2.6340106173102533e-06
ThomasAM_2019_c,2157,UniRef90_A0A068ZVY7,689,0.00160680615108,8,0.9174434087882823,2.1395554608255658e-06
ThomasAM_2019_c,2158,UniRef90_A0A3C0LXS8,689,0.0006441490652,8,0.9174434087882823,8.577217912117177e-07
ThomasAM_2019_c,2159,UniRef90_J7TNS4,688,0.022081636073,8,0.9161118508655126,2.940297746071904e-05
ThomasAM_2019_c,2160,UniRef90_U2QZ81,688,0.016378512837000002,8,0.9161118508655126,2.1808938531291612e-05
ThomasAM_2019_c,2161,UniRef90_C0B7X1,688,0.01443855262,8,0.9161118508655126,1.922576913448735e-05
ThomasAM_2019_c,2162,UniRef90_A0A2A7BC13,688,0.0128689601545,8,0.9161118508655126,1.7135765851531292e-05
ThomasAM_2019_c,2163,UniRef90_A0A173YVH6,688,0.0115518044994,8,0.9161118508655126,1.538189680346205e-05
ThomasAM_2019_c,2164,UniRef90_A0A174AWG6,688,0.01143838565,8,0.9161118508655126,1.5230873035952064e-05
ThomasAM_2019_c,2165,UniRef90_A0A0D8IWP6,688,0.011353944739,8,0.9161118508655126,1.5118435071904127e-05
ThomasAM_2019_c,2166,UniRef90_D4JY77,688,0.0111872142934,8,0.9161118508655126,1.4896423826098535e-05
ThomasAM_2019_c,2167,UniRef90_A0A2A6ZB02,688,0.011151689294,8,0.9161118508655126,1.484912023169108e-05
ThomasAM_2019_c,2168,UniRef90_F4XGN6,688,0.0103028891,8,0.9161118508655126,1.3718893608521972e-05
ThomasAM_2019_c,2169,UniRef90_E5UT40,688,0.0101693125486,8,0.9161118508655126,1.3541028693209055e-05
ThomasAM_2019_c,2170,UniRef90_A6L8S9,688,0.0100303334884,8,0.9161118508655126,1.3355970024500665e-05
ThomasAM_2019_c,2171,UniRef90_A0A2A7AFN9,688,0.009890490495000001,8,0.9161118508655126,1.3169760978695075e-05
ThomasAM_2019_c,2172,UniRef90_R6PWE5,688,0.009797415473,8,0.9161118508655126,1.3045826195739015e-05
ThomasAM_2019_c,2173,UniRef90_C0FPL2,688,0.0097217336751,8,0.9161118508655126,1.294505149813582e-05
ThomasAM_2019_c,2174,UniRef90_C7H8C1,688,0.0093686825984,8,0.9161118508655126,1.2474943539813581e-05
ThomasAM_2019_c,2175,UniRef90_A0A174D6Y9,688,0.0092630304822,8,0.9161118508655126,1.2334261627430094e-05
ThomasAM_2019_c,2176,UniRef90_A0A173SRC9,688,0.0092196059347,8,0.9161118508655126,1.2276439327163782e-05
ThomasAM_2019_c,2177,UniRef90_A8S6H1,688,0.0091856765428,8,0.9161118508655126,1.223126037656458e-05
ThomasAM_2019_c,2178,UniRef90_A0A3E4Q8G1,688,0.008792574713,8,0.9161118508655126,1.1707822520639149e-05
ThomasAM_2019_c,2179,UniRef90_D4K3Q5,688,0.0086066691962,8,0.9161118508655126,1.1460278556857523e-05
ThomasAM_2019_c,2180,UniRef90_E2ZKQ3,688,0.0083390622746,8,0.9161118508655126,1.1103944440213049e-05
ThomasAM_2019_c,2181,UniRef90_A0A174DPY8,688,0.0082734615583,8,0.9161118508655126,1.101659328668442e-05
ThomasAM_2019_c,2182,UniRef90_A0A0P0L8X9,688,0.0081983908345,8,0.9161118508655126,1.091663226964048e-05
ThomasAM_2019_c,2183,UniRef90_A0A2A7B3B8,688,0.0080609444202,8,0.9161118508655126,1.0733614407723036e-05
ThomasAM_2019_c,2184,UniRef90_B5CPL4,688,0.007756664582599999,8,0.9161118508655126,1.0328448179227695e-05
ThomasAM_2019_c,2185,UniRef90_D1PP49,688,0.0076804924667,8,0.9161118508655126,1.0227020594806924e-05
ThomasAM_2019_c,2186,UniRef90_A0A2A6ZBQ7,688,0.007497292169,8,0.9161118508655126,9.983078786950733e-06
ThomasAM_2019_c,2187,UniRef90_B5CRN4,688,0.0073528416945,8,0.9161118508655126,9.790734613182423e-06
ThomasAM_2019_c,2188,UniRef90_A0A1Q6I606,688,0.0073270106361,8,0.9161118508655126,9.756339062716378e-06
ThomasAM_2019_c,2189,UniRef90_E2ZM97,688,0.0072129946098,8,0.9161118508655126,9.604520119573902e-06
ThomasAM_2019_c,2190,UniRef90_E2ZLP5,688,0.0071299968325,8,0.9161118508655126,9.494003771637817e-06
ThomasAM_2019_c,2191,UniRef90_Q5LFT6,688,0.0070646005353,8,0.9161118508655126,9.40692481398136e-06
ThomasAM_2019_c,2192,UniRef90_A0A133YAI6,688,0.0068797887928999995,8,0.9161118508655126,9.160837274167775e-06
ThomasAM_2019_c,2193,UniRef90_A0A396AMN1,688,0.006767686948,8,0.9161118508655126,9.011567174434087e-06
ThomasAM_2019_c,2194,UniRef90_A0A397WFR9,688,0.0066248804903,8,0.9161118508655126,8.821412104260985e-06
ThomasAM_2019_c,2195,UniRef90_K1FSS9,688,0.006239912412,8,0.9161118508655126,8.308804809587218e-06
ThomasAM_2019_c,2196,UniRef90_A0A329TVU8,688,0.0060093294414,8,0.9161118508655126,8.001770228229028e-06
ThomasAM_2019_c,2197,UniRef90_A0A329UHI1,688,0.0059977851459,8,0.9161118508655126,7.986398330093208e-06
ThomasAM_2019_c,2198,UniRef90_A0A1H7P0I4,688,0.0057407471116,8,0.9161118508655126,7.64413729906791e-06
ThomasAM_2019_c,2199,UniRef90_U2R804,688,0.0055254633058,8,0.9161118508655126,7.357474441810919e-06
ThomasAM_2019_c,2200,UniRef90_R6JN51,688,0.0049890848271,8,0.9161118508655126,6.6432554288948065e-06
ThomasAM_2019_c,2201,UniRef90_B0G4M0,688,0.004954163748,8,0.9161118508655126,6.596755989347536e-06
ThomasAM_2019_c,2202,UniRef90_Q5L7Q8,688,0.0047389927475,8,0.9161118508655126,6.3102433388814916e-06
ThomasAM_2019_c,2203,UniRef90_Q5LGG9,688,0.0046317057005,8,0.9161118508655126,6.167384421438083e-06
ThomasAM_2019_c,2204,UniRef90_R5REJ2,688,0.004451950057,8,0.9161118508655126,5.9280293701731025e-06
ThomasAM_2019_c,2205,UniRef90_Q8A1F3,688,0.004309201504,8,0.9161118508655126,5.7379514034620505e-06
ThomasAM_2019_c,2206,UniRef90_A0A0K6BUJ4,688,0.0041421228115,8,0.9161118508655126,5.515476446737683e-06
ThomasAM_2019_c,2207,UniRef90_Q8A0U0,688,0.0040794985231,8,0.9161118508655126,5.432088579360852e-06
ThomasAM_2019_c,2208,UniRef90_R6J8N2,688,0.0039214891018,8,0.9161118508655126,5.221689882556591e-06
ThomasAM_2019_c,2209,UniRef90_K5BSG4,688,0.0038272676903,8,0.9161118508655126,5.096228615579228e-06
ThomasAM_2019_c,2210,UniRef90_R6JF82,688,0.0038157175676,8,0.9161118508655126,5.080848958189081e-06
ThomasAM_2019_c,2211,UniRef90_R6K753,688,0.0036297620748000003,8,0.9161118508655126,4.8332384484687085e-06
ThomasAM_2019_c,2212,UniRef90_A0A3E2TZ21,688,0.0032517235109,8,0.9161118508655126,4.329858203595207e-06
ThomasAM_2019_c,2213,UniRef90_A0A3D1PQB7,688,0.0032090772311,8,0.9161118508655126,4.273072211850866e-06
ThomasAM_2019_c,2214,UniRef90_A0A174E6L6,688,0.0030107385491,8,0.9161118508655126,4.008972768442077e-06
ThomasAM_2019_c,2215,UniRef90_B5CRH8,688,0.0026880790407,8,0.9161118508655126,3.5793329436751e-06
ThomasAM_2019_c,2216,UniRef90_A0A1B2YSN9,688,0.0026836906405,8,0.9161118508655126,3.573489534620506e-06
ThomasAM_2019_c,2217,UniRef90_B7ATA7,688,0.0024612156929,8,0.9161118508655126,3.2772512555259654e-06
ThomasAM_2019_c,2218,UniRef90_D4K4J1,688,0.0018309838433000001,8,0.9161118508655126,2.438061043009321e-06
ThomasAM_2019_c,2219,UniRef90_A0A174HPM0,688,0.0009887521757,8,0.9161118508655126,1.3165807932090546e-06
ThomasAM_2019_c,2220,UniRef90_A0A3C0HVZ6,688,0.0007230278648,8,0.9161118508655126,9.627534817576564e-07
ThomasAM_2019_c,2221,UniRef90_U2QX48,688,0.00054652132675,8,0.9161118508655126,7.27724802596538e-07
ThomasAM_2019_c,2222,UniRef90_C0FTB7,688,0.00035283286849999997,8,0.9161118508655126,4.6981740146471367e-07
ThomasAM_2019_c,2223,UniRef90_A0A3B8SFA8,688,0.00015901386781,8,0.9161118508655126,2.117361755126498e-07
ThomasAM_2019_c,2224,UniRef90_A0A3D3IXY5,688,5.446237725e-05,8,0.9161118508655126,7.251980992010652e-08
ThomasAM_2019_c,2225,UniRef90_E2N7L5,687,0.0870314243872,8,0.914780292942743,0.00011588738267270307
ThomasAM_2019_c,2226,UniRef90_A0A174ASL8,687,0.0158070645319,8,0.914780292942743,2.104802201318242e-05
ThomasAM_2019_c,2227,UniRef90_C7H292,687,0.0152785210794,8,0.914780292942743,2.0344235791478028e-05
ThomasAM_2019_c,2228,UniRef90_D4CBT3,687,0.013142260079,8,0.914780292942743,1.749968053129161e-05
ThomasAM_2019_c,2229,UniRef90_H1ALD3,687,0.0113479640745,8,0.914780292942743,1.5110471470705725e-05
ThomasAM_2019_c,2230,UniRef90_A6KXK3,687,0.010998455784299999,8,0.914780292942743,1.4645080937816243e-05
ThomasAM_2019_c,2231,UniRef90_D4JY61,687,0.0109258155685,8,0.914780292942743,1.454835628295606e-05
ThomasAM_2019_c,2232,UniRef90_D4LFQ4,687,0.0106935441963,8,0.914780292942743,1.4239073497070572e-05
ThomasAM_2019_c,2233,UniRef90_D4LGY3,687,0.010515834454,8,0.914780292942743,1.4002442681757658e-05
ThomasAM_2019_c,2234,UniRef90_A0A174SJG2,687,0.010512644538,8,0.914780292942743,1.3998195123834888e-05
ThomasAM_2019_c,2235,UniRef90_E2ZKI7,687,0.0103389680698,8,0.914780292942743,1.3766934846604526e-05
ThomasAM_2019_c,2236,UniRef90_A0A173RSC1,687,0.010211619449,8,0.914780292942743,1.3597362781624501e-05
ThomasAM_2019_c,2237,UniRef90_D4L102,687,0.010202262962,8,0.914780292942743,1.358490407723036e-05
ThomasAM_2019_c,2238,UniRef90_R6Y9C3,687,0.009772677833,8,0.914780292942743,1.301288659520639e-05
ThomasAM_2019_c,2239,UniRef90_A0A173V0Q1,687,0.009250766134000001,8,0.914780292942743,1.2317930937416778e-05
ThomasAM_2019_c,2240,UniRef90_A0A076IZ41,687,0.009193721307,8,0.914780292942743,1.2241972446071905e-05
ThomasAM_2019_c,2241,UniRef90_A0A173WY86,687,0.009012604862,8,0.914780292942743,1.2000805408788282e-05
ThomasAM_2019_c,2242,UniRef90_D4JYC0,687,0.0089949641938,8,0.914780292942743,1.197731583728362e-05
ThomasAM_2019_c,2243,UniRef90_A0A2A7BCW6,687,0.0089784214362,8,0.914780292942743,1.1955288197336884e-05
ThomasAM_2019_c,2244,UniRef90_A0A2J4JQE3,687,0.0089516549724,8,0.914780292942743,1.1919647100399468e-05
ThomasAM_2019_c,2245,UniRef90_D4JYC4,687,0.0088387390464,8,0.914780292942743,1.1769293004527296e-05
ThomasAM_2019_c,2246,UniRef90_D4K062,687,0.0088065576272,8,0.914780292942743,1.1726441580825566e-05
ThomasAM_2019_c,2247,UniRef90_R6ZMG2,687,0.0087136913889,8,0.914780292942743,1.1602784805459387e-05
ThomasAM_2019_c,2248,UniRef90_A0A173VHW5,687,0.0086910963337,8,0.914780292942743,1.157269818069241e-05
ThomasAM_2019_c,2249,UniRef90_G1WUV0,687,0.0085762025183,8,0.914780292942743,1.1419710410519308e-05
ThomasAM_2019_c,2250,UniRef90_C0EYC7,687,0.0084427082753,8,0.914780292942743,1.1241955093608522e-05
ThomasAM_2019_c,2251,UniRef90_R7PKN9,687,0.0084402253163,8,0.914780292942743,1.1238648889880159e-05
ThomasAM_2019_c,2252,UniRef90_D4K016,687,0.008319183555599999,8,0.914780292942743,1.1077474774434086e-05
ThomasAM_2019_c,2253,UniRef90_A0A1L5KYT7,687,0.008318685703,8,0.914780292942743,1.1076811854860186e-05
ThomasAM_2019_c,2254,UniRef90_C0B613,687,0.0082222041416,8,0.914780292942743,1.094834106737683e-05
ThomasAM_2019_c,2255,UniRef90_E6SVL0,687,0.0080147489038,8,0.914780292942743,1.0672102401864182e-05
ThomasAM_2019_c,2256,UniRef90_A0A173RE53,687,0.007915527294799999,8,0.914780292942743,1.0539983082290278e-05
ThomasAM_2019_c,2257,UniRef90_B0G9J5,687,0.007757663616,8,0.914780292942743,1.0329778450066578e-05
ThomasAM_2019_c,2258,UniRef90_Q89ZR3,687,0.0076202025751,8,0.914780292942743,1.0146741111984021e-05
ThomasAM_2019_c,2259,UniRef90_E8LH28,687,0.0076200465763,8,0.914780292942743,1.0146533390545939e-05
ThomasAM_2019_c,2260,UniRef90_D6DF46,687,0.0075468384537,8,0.914780292942743,1.0049052534886817e-05
ThomasAM_2019_c,2261,UniRef90_A0A173RIB1,687,0.0075456423735,8,0.914780292942743,1.004745988482024e-05
ThomasAM_2019_c,2262,UniRef90_R6R5C1,687,0.0074548922615,8,0.914780292942743,9.926620854194408e-06
ThomasAM_2019_c,2263,UniRef90_A0A396AIL1,687,0.007293750789000001,8,0.914780292942743,9.712051649800267e-06
ThomasAM_2019_c,2264,UniRef90_C7H2V0,687,0.007279830001,8,0.914780292942743,9.693515314247669e-06
ThomasAM_2019_c,2265,UniRef90_R7JYK6,687,0.007195521539000001,8,0.914780292942743,9.581253713715048e-06
ThomasAM_2019_c,2266,UniRef90_D4KY97,687,0.0071899515355,8,0.914780292942743,9.573836931424767e-06
ThomasAM_2019_c,2267,UniRef90_D1PIV9,687,0.0071581821817,8,0.914780292942743,9.531534196671104e-06
ThomasAM_2019_c,2268,UniRef90_A0A2A7BEJ4,687,0.0070687926681,8,0.914780292942743,9.4125068816245e-06
ThomasAM_2019_c,2269,UniRef90_A0A395V8Q2,687,0.007034179181,8,0.914780292942743,9.366417018641812e-06
ThomasAM_2019_c,2270,UniRef90_E8LCS9,687,0.0070143365321,8,0.914780292942743,9.339995382290279e-06
ThomasAM_2019_c,2271,UniRef90_C0FZI1,687,0.0069560541357,8,0.914780292942743,9.26238899560586e-06
ThomasAM_2019_c,2272,UniRef90_A0A2A7BFG6,687,0.0069416613667,8,0.914780292942743,9.243224190013316e-06
ThomasAM_2019_c,2273,UniRef90_C4Z9E3,687,0.00643628172,8,0.914780292942743,8.57028191744341e-06
ThomasAM_2019_c,2274,UniRef90_D4C8G0,687,0.0063326879434,8,0.914780292942743,8.43234080346205e-06
ThomasAM_2019_c,2275,UniRef90_A6KZL1,687,0.006326586066200001,8,0.914780292942743,8.424215800532625e-06
ThomasAM_2019_c,2276,UniRef90_A0A173RPT4,687,0.0062950968019,8,0.914780292942743,8.382286021171771e-06
ThomasAM_2019_c,2277,UniRef90_A0A395V9J4,687,0.0059568179962,8,0.914780292942743,7.931848197336883e-06
ThomasAM_2019_c,2278,UniRef90_A0A174GYP3,687,0.005956422026,8,0.914780292942743,7.931320940079894e-06
ThomasAM_2019_c,2279,UniRef90_C7H2S2,687,0.0058286226851999995,8,0.914780292942743,7.761148715312916e-06
ThomasAM_2019_c,2280,UniRef90_Q5LGR5,687,0.00577118532,8,0.914780292942743,7.684667536617843e-06
ThomasAM_2019_c,2281,UniRef90_A0A174V6C6,687,0.0057668684757,8,0.914780292942743,7.678919408388815e-06
ThomasAM_2019_c,2282,UniRef90_D4LN41,687,0.005674668451,8,0.914780292942743,7.556149735019974e-06
ThomasAM_2019_c,2283,UniRef90_P68893,687,0.0056178524979,8,0.914780292942743,7.480496002529961e-06
ThomasAM_2019_c,2284,UniRef90_B0MGK2,687,0.0054828659824,8,0.914780292942743,7.300753638348868e-06
ThomasAM_2019_c,2285,UniRef90_A8SHF2,687,0.0053523147526,8,0.914780292942743,7.126917113981358e-06
ThomasAM_2019_c,2286,UniRef90_A0A174SFF3,687,0.0052298858257,8,0.914780292942743,6.963895906391478e-06
ThomasAM_2019_c,2287,UniRef90_C0FW12,687,0.0052169603653,8,0.914780292942743,6.9466849071904125e-06
ThomasAM_2019_c,2288,UniRef90_I9S795,687,0.005094174065,8,0.914780292942743,6.783187836218375e-06
ThomasAM_2019_c,2289,UniRef90_B0G6W5,687,0.0049934993905,8,0.914780292942743,6.649133675765646e-06
ThomasAM_2019_c,2290,UniRef90_C0FZK5,687,0.004787050736,8,0.914780292942743,6.374235334221039e-06
ThomasAM_2019_c,2291,UniRef90_A4EB57,687,0.0046839745829999994,8,0.914780292942743,6.236983466045272e-06
ThomasAM_2019_c,2292,UniRef90_Q8A0X7,687,0.004606678231,8,0.914780292942743,6.134058896138482e-06
ThomasAM_2019_c,2293,UniRef90_A5ZS29,687,0.0046014517301,8,0.914780292942743,6.127099507456725e-06
ThomasAM_2019_c,2294,UniRef90_R5MMU2,687,0.0045036864029999995,8,0.914780292942743,5.996919311584553e-06
ThomasAM_2019_c,2295,UniRef90_A0A2A6ZJH1,687,0.0044721193815,8,0.914780292942743,5.954885994007989e-06
ThomasAM_2019_c,2296,UniRef90_R5MR56,687,0.004361446355,8,0.914780292942743,5.8075184487350195e-06
ThomasAM_2019_c,2297,UniRef90_A0A174KPR6,687,0.004219308215,8,0.914780292942743,5.61825328229028e-06
ThomasAM_2019_c,2298,UniRef90_Q8A5W2,687,0.0041689143326,8,0.914780292942743,5.551150908921438e-06
ThomasAM_2019_c,2299,UniRef90_P53638,687,0.0041665804996,8,0.914780292942743,5.5480432750998665e-06
ThomasAM_2019_c,2300,UniRef90_A0A174VVP2,687,0.0041493300563,8,0.914780292942743,5.525073310652463e-06
ThomasAM_2019_c,2301,UniRef90_R5S3R9,687,0.0041223800897,8,0.914780292942743,5.489187869107857e-06
ThomasAM_2019_c,2302,UniRef90_A8S8P9,687,0.0039705308963,8,0.914780292942743,5.286991872569907e-06
ThomasAM_2019_c,2303,UniRef90_Q8A7Z6,687,0.0039396533559,8,0.914780292942743,5.245876639014647e-06
ThomasAM_2019_c,2304,UniRef90_D6CWC8,687,0.003698409649,8,0.914780292942743,4.924646669773635e-06
ThomasAM_2019_c,2305,UniRef90_R6KC09,687,0.0036887102756,8,0.914780292942743,4.911731392276964e-06
ThomasAM_2019_c,2306,UniRef90_C9L0N2,687,0.0036667617004,8,0.914780292942743,4.882505593075899e-06
ThomasAM_2019_c,2307,UniRef90_A0A1Y4VL05,687,0.0035413618294999998,8,0.914780292942743,4.715528401464714e-06
ThomasAM_2019_c,2308,UniRef90_D4VQH3,687,0.0034786941065999997,8,0.914780292942743,4.632082698535286e-06
ThomasAM_2019_c,2309,UniRef90_B0NFF2,687,0.0033372665887,8,0.914780292942743,4.4437637665778965e-06
ThomasAM_2019_c,2310,UniRef90_C9KW68,687,0.0032602003315,8,0.914780292942743,4.341145581225034e-06
ThomasAM_2019_c,2311,UniRef90_C4VMD4,687,0.0021776837393000003,8,0.914780292942743,2.899712036351532e-06
ThomasAM_2019_c,2312,UniRef90_D4KUM4,687,0.0021350332061,8,0.914780292942743,2.8429203809587216e-06
ThomasAM_2019_c,2313,UniRef90_C0BBQ0,687,0.0011751593207,8,0.914780292942743,1.564792703994674e-06
ThomasAM_2019_c,2314,UniRef90_V2Y3W3,687,0.0009800612916,8,0.914780292942743,1.3050083776298268e-06
ThomasAM_2019_c,2315,UniRef90_D4KNZ2,686,0.026537754239,8,0.9134487350199734,3.533655690945406e-05
ThomasAM_2019_c,2316,UniRef90_C7GGW0,686,0.0218388991365,8,0.9134487350199734,2.9079759169773636e-05
ThomasAM_2019_c,2317,UniRef90_D4JXR4,686,0.017100568044,8,0.9134487350199734,2.2770396862849536e-05
ThomasAM_2019_c,2318,UniRef90_R7P2P2,686,0.016638520440799998,8,0.9134487350199734,2.2155153716111848e-05
ThomasAM_2019_c,2319,UniRef90_A0A017MZI8,686,0.0159143762654,8,0.9134487350199734,2.1190913802130494e-05
ThomasAM_2019_c,2320,UniRef90_A0A3E2XRS1,686,0.015160813655,8,0.9134487350199734,2.01875015379494e-05
ThomasAM_2019_c,2321,UniRef90_F4XHI2,686,0.0151335136218,8,0.9134487350199734,2.0151149962450065e-05
ThomasAM_2019_c,2322,UniRef90_A0A396AIU2,686,0.012830258598,8,0.9134487350199734,1.70842324873502e-05
ThomasAM_2019_c,2323,UniRef90_D4K8Y0,686,0.0122873513627,8,0.9134487350199734,1.6361320056857524e-05
ThomasAM_2019_c,2324,UniRef90_A8SH99,686,0.0115538516923,8,0.9134487350199734,1.5384622759387486e-05
ThomasAM_2019_c,2325,UniRef90_A6L1X1,686,0.0114769882501,8,0.9134487350199734,1.5282274633954728e-05
ThomasAM_2019_c,2326,UniRef90_A8RVF8,686,0.011401511511,8,0.9134487350199734,1.5181772984021305e-05
ThomasAM_2019_c,2327,UniRef90_U2BG50,686,0.010878829381800001,8,0.9134487350199734,1.4485791453794942e-05
ThomasAM_2019_c,2328,UniRef90_D4L0Z7,686,0.010831338246000001,8,0.9134487350199734,1.4422554255659123e-05
ThomasAM_2019_c,2329,UniRef90_U2PGG5,686,0.010558733639,8,0.9134487350199734,1.4059565431424766e-05
ThomasAM_2019_c,2330,UniRef90_A0A015T2R2,686,0.0104682125998,8,0.9134487350199734,1.3939031424500666e-05
ThomasAM_2019_c,2331,UniRef90_A0A2A7AG21,686,0.0102223667463,8,0.9134487350199734,1.3611673430492676e-05
ThomasAM_2019_c,2332,UniRef90_A0A173V0C8,686,0.0097071354573,8,0.9134487350199734,1.2925613125565913e-05
ThomasAM_2019_c,2333,UniRef90_C7H912,686,0.009597261721,8,0.9134487350199734,1.2779309881491345e-05
ThomasAM_2019_c,2334,UniRef90_A0A076IKJ6,686,0.009456189189,8,0.9134487350199734,1.2591463633821571e-05
ThomasAM_2019_c,2335,UniRef90_B6VYI2,686,0.009448547532,8,0.9134487350199734,1.2581288324900132e-05
ThomasAM_2019_c,2336,UniRef90_A0A174DLF7,686,0.0094437610722,8,0.9134487350199734,1.2574914876431425e-05
ThomasAM_2019_c,2337,UniRef90_A0A2A6ZT02,686,0.0093832221061,8,0.9134487350199734,1.2494303736484688e-05
ThomasAM_2019_c,2338,UniRef90_G2T525,686,0.0093661199959,8,0.9134487350199734,1.2471531286151798e-05
ThomasAM_2019_c,2339,UniRef90_A0A3E2X774,686,0.0093536778914,8,0.9134487350199734,1.2454963903328895e-05
ThomasAM_2019_c,2340,UniRef90_C7H6V3,686,0.0092303921514,8,0.9134487350199734,1.2290801799467377e-05
ThomasAM_2019_c,2341,UniRef90_A0A2A6ZNA3,686,0.0091964108042,8,0.9134487350199734,1.2245553667376832e-05
ThomasAM_2019_c,2342,UniRef90_A0A1Q6QXS7,686,0.0089904261242,8,0.9134487350199734,1.1971273134753661e-05
ThomasAM_2019_c,2343,UniRef90_S0F753,686,0.0088822844095,8,0.9134487350199734,1.1827276177762983e-05
ThomasAM_2019_c,2344,UniRef90_R6YQA7,686,0.008878529278,8,0.9134487350199734,1.1822276002663115e-05
ThomasAM_2019_c,2345,UniRef90_A0A174VVK3,686,0.0088465956268,8,0.9134487350199734,1.1779754496404793e-05
ThomasAM_2019_c,2346,UniRef90_A0A174SEG5,686,0.0086763862685,8,0.9134487350199734,1.155311087683089e-05
ThomasAM_2019_c,2347,UniRef90_A0A0P0LFD2,686,0.0086132668407,8,0.9134487350199734,1.1469063702663117e-05
ThomasAM_2019_c,2348,UniRef90_D4K321,686,0.0085735525516,8,0.9134487350199734,1.1416181826364848e-05
ThomasAM_2019_c,2349,UniRef90_A0A076J215,686,0.0085109973394,8,0.9134487350199734,1.1332885937949402e-05
ThomasAM_2019_c,2350,UniRef90_U2K7G9,686,0.0084624680996,8,0.9134487350199734,1.1268266444207722e-05
ThomasAM_2019_c,2351,UniRef90_A0A076J0M3,686,0.0083271876206,8,0.9134487350199734,1.10881326505992e-05
ThomasAM_2019_c,2352,UniRef90_A0A0P0L628,686,0.0082725563542,8,0.9134487350199734,1.1015387954993342e-05
ThomasAM_2019_c,2353,UniRef90_A8SD27,686,0.00821148013,8,0.9134487350199734,1.0934061424766978e-05
ThomasAM_2019_c,2354,UniRef90_R5W221,686,0.0081534308887,8,0.9134487350199734,1.0856765497603196e-05
ThomasAM_2019_c,2355,UniRef90_A0A174CAP2,686,0.008152854413599999,8,0.9134487350199734,1.085599788761651e-05
ThomasAM_2019_c,2356,UniRef90_H1AL91,686,0.0081026175414,8,0.9134487350199734,1.0789104582423436e-05
ThomasAM_2019_c,2357,UniRef90_A0A173RL90,686,0.0078103293972,8,0.9134487350199734,1.039990598828229e-05
ThomasAM_2019_c,2358,UniRef90_G2SWP4,686,0.007792307209,8,0.9134487350199734,1.0375908400798935e-05
ThomasAM_2019_c,2359,UniRef90_A0A2A6ZNI6,686,0.0076315879394,8,0.9134487350199734,1.0161901384021305e-05
ThomasAM_2019_c,2360,UniRef90_A0A0K2HI92,686,0.0074885066318,8,0.9134487350199734,9.971380335286286e-06
ThomasAM_2019_c,2361,UniRef90_A0A329UGZ4,686,0.0073990926818000005,8,0.9134487350199734,9.852320481757656e-06
ThomasAM_2019_c,2362,UniRef90_A0A174EZQ4,686,0.0072087697497,8,0.9134487350199734,9.598894473635153e-06
ThomasAM_2019_c,2363,UniRef90_A0A173Y2D2,686,0.007183740097,8,0.9134487350199734,9.565566041278296e-06
ThomasAM_2019_c,2364,UniRef90_C4ZF71,686,0.0070432791411,8,0.9134487350199734,9.378534142609853e-06
ThomasAM_2019_c,2365,UniRef90_A0A2V2C600,686,0.0070251592503,8,0.9134487350199734,9.354406458455393e-06
ThomasAM_2019_c,2366,UniRef90_Q64YB4,686,0.0070196525082,8,0.9134487350199734,9.34707391238349e-06
ThomasAM_2019_c,2367,UniRef90_A0A176UAM3,686,0.006963992647,8,0.9134487350199734,9.27295958322237e-06
ThomasAM_2019_c,2368,UniRef90_Q8AAB1,686,0.006805169253,8,0.9134487350199734,9.061477034620507e-06
ThomasAM_2019_c,2369,UniRef90_A0A2A7AHL1,686,0.006659376301000001,8,0.9134487350199734,8.867345274300933e-06
ThomasAM_2019_c,2370,UniRef90_D9QZJ7,686,0.0063976492917,8,0.9134487350199734,8.518840601464714e-06
ThomasAM_2019_c,2371,UniRef90_A6L5J9,686,0.0063299156642,8,0.9134487350199734,8.42864935312916e-06
ThomasAM_2019_c,2372,UniRef90_R6KJM9,686,0.006238632045,8,0.9134487350199734,8.307099926764314e-06
ThomasAM_2019_c,2373,UniRef90_C5ER99,686,0.0058122577505,8,0.9134487350199734,7.739357856857523e-06
ThomasAM_2019_c,2374,UniRef90_R5VAP6,686,0.0057798148877,8,0.9134487350199734,7.696158305858855e-06
ThomasAM_2019_c,2375,UniRef90_C0B8U6,686,0.0057751918141,8,0.9134487350199734,7.690002415579227e-06
ThomasAM_2019_c,2376,UniRef90_A0A367FVU4,686,0.0057550650242,8,0.9134487350199734,7.663202429027963e-06
ThomasAM_2019_c,2377,UniRef90_U2E905,686,0.0054652506372999,8,0.9134487350199734,7.2772977860185085e-06
ThomasAM_2019_c,2378,UniRef90_Q5LHS7,686,0.0052930238138999995,8,0.9134487350199734,7.047967794806923e-06
ThomasAM_2019_c,2379,UniRef90_A0A174CWW9,686,0.005230697368,8,0.9134487350199734,6.964976521970705e-06
ThomasAM_2019_c,2380,UniRef90_A6L4L7,686,0.0049852627835,8,0.9134487350199734,6.638166156458056e-06
ThomasAM_2019_c,2381,UniRef90_A0A391PJL7,686,0.00484382077582,8,0.9134487350199734,6.449827930519307e-06
ThomasAM_2019_c,2382,UniRef90_D4C6H5,686,0.004821550182,8,0.9134487350199734,6.4201733448735026e-06
ThomasAM_2019_c,2383,UniRef90_D4JXT0,686,0.0047194879807,8,0.9134487350199734,6.284271612117177e-06
ThomasAM_2019_c,2384,UniRef90_C7H7E8,686,0.0042317417375,8,0.9134487350199734,5.634809237683089e-06
ThomasAM_2019_c,2385,UniRef90_A0A2M9V7Z4,686,0.0041916776582,8,0.9134487350199734,5.581461595472703e-06
ThomasAM_2019_c,2386,UniRef90_R6D9C9,686,0.0041447680372,8,0.9134487350199734,5.518998717976032e-06
ThomasAM_2019_c,2387,UniRef90_A0A139KPR0,686,0.003989424723,8,0.9134487350199734,5.312150097203729e-06
ThomasAM_2019_c,2388,UniRef90_A0A0K6BS94,686,0.0038761933333,8,0.9134487350199734,5.161375943142477e-06
ThomasAM_2019_c,2389,UniRef90_R6JSF5,686,0.003825294081,8,0.9134487350199734,5.093600640479361e-06
ThomasAM_2019_c,2390,UniRef90_A0A1H7TVK1,686,0.0037911730363,8,0.9134487350199734,5.048166493075899e-06
ThomasAM_2019_c,2391,UniRef90_R6UUN2,686,0.0037682061001,8,0.9134487350199734,5.017584687217044e-06
ThomasAM_2019_c,2392,UniRef90_F7V8Z5,686,0.0035890246606,8,0.9134487350199734,4.77899422183755e-06
ThomasAM_2019_c,2393,UniRef90_A0A0N7IAS3,686,0.0035165623854,8,0.9134487350199734,4.682506505193076e-06
ThomasAM_2019_c,2394,UniRef90_R5HFR6,686,0.0035144247762,8,0.9134487350199734,4.679660154727031e-06
ThomasAM_2019_c,2395,UniRef90_A0A1L5KQG6,686,0.003505753405,8,0.9134487350199734,4.668113721704394e-06
ThomasAM_2019_c,2396,UniRef90_A0A1Q6H8U9,686,0.0035041997513,8,0.9134487350199734,4.666044941810919e-06
ThomasAM_2019_c,2397,UniRef90_Q8A0F6,686,0.0035040965707,8,0.9134487350199734,4.665907550865512e-06
ThomasAM_2019_c,2398,UniRef90_Q8A0F7,686,0.0033634162802,8,0.9134487350199734,4.478583595472703e-06
ThomasAM_2019_c,2399,UniRef90_Q8A5Z4,686,0.0033327039799999998,8,0.9134487350199734,4.437688388814913e-06
ThomasAM_2019_c,2400,UniRef90_A0A174RK11,686,0.0032845235027,8,0.9134487350199734,4.373533292543276e-06
ThomasAM_2019_c,2401,UniRef90_A0A174X006,686,0.0030575287646,8,0.9134487350199734,4.071276650599201e-06
ThomasAM_2019_c,2402,UniRef90_D3ATF1,686,0.0028807489992,8,0.9134487350199734,3.8358841533954725e-06
ThomasAM_2019_c,2403,UniRef90_R6P4G3,686,0.002874827161,8,0.9134487350199734,3.827998882822903e-06
ThomasAM_2019_c,2404,UniRef90_A0A3A6HRZ2,686,0.0014010518593,8,0.9134487350199734,1.8655817034620505e-06
ThomasAM_2019_c,2405,UniRef90_A0A174RNU0,686,0.0013877753747,8,0.9134487350199734,1.8479032952063913e-06
ThomasAM_2019_c,2406,UniRef90_A0A2V1JT56,686,0.0011258132624,8,0.9134487350199734,1.4990855691078561e-06
ThomasAM_2019_c,2407,UniRef90_R7PJB9,686,0.0006989752933,8,0.9134487350199734,9.307260896138482e-07
ThomasAM_2019_c,2408,UniRef90_UPI0003FD2CFD,686,0.000509141263,8,0.9134487350199734,6.779510825565912e-07
ThomasAM_2019_c,2409,UniRef90_E2N7L9,685,0.13556655520400002,8,0.9121171770972037,0.00018051472064447405
ThomasAM_2019_c,2410,UniRef90_A5ZWS7,685,0.0379113774212,8,0.9121171770972037,5.0481194968308926e-05
ThomasAM_2019_c,2411,UniRef90_A0A2A7BBQ2,685,0.014640792168,8,0.9121171770972037,1.9495062806924103e-05
ThomasAM_2019_c,2412,UniRef90_D4JY69,685,0.0131985380716,8,0.9121171770972037,1.757461793821571e-05
ThomasAM_2019_c,2413,UniRef90_A0A078QMM9,685,0.0129208330851,8,0.9121171770972037,1.7204837663249e-05
ThomasAM_2019_c,2414,UniRef90_A0A3E5E4Y3,685,0.012808646246,8,0.9121171770972037,1.7055454388814913e-05
ThomasAM_2019_c,2415,UniRef90_A6LH06,685,0.0121293652288,8,0.9121171770972037,1.6150952368575234e-05
ThomasAM_2019_c,2416,UniRef90_F4XGQ2,685,0.012100229357,8,0.9121171770972037,1.611215626764314e-05
ThomasAM_2019_c,2417,UniRef90_D4KAK2,685,0.012085066840800001,8,0.9121171770972037,1.609196649906791e-05
ThomasAM_2019_c,2418,UniRef90_D4JXQ6,685,0.0107848879872,8,0.9121171770972037,1.436070304553928e-05
ThomasAM_2019_c,2419,UniRef90_R6Q247,685,0.010318658306000001,8,0.9121171770972037,1.3739891219707059e-05
ThomasAM_2019_c,2420,UniRef90_U6RCV6,685,0.0101418495171,8,0.9121171770972037,1.3504460076031957e-05
ThomasAM_2019_c,2421,UniRef90_S0F7Y5,685,0.0099454390021,8,0.9121171770972037,1.3242928098668442e-05
ThomasAM_2019_c,2422,UniRef90_A0A173X984,685,0.009864952589,8,0.9121171770972037,1.3135755777629826e-05
ThomasAM_2019_c,2423,UniRef90_A6KYI4,685,0.0097523930368,8,0.9121171770972037,1.2985876214114515e-05
ThomasAM_2019_c,2424,UniRef90_E5UND7,685,0.0096366065524,8,0.9121171770972037,1.283169980346205e-05
ThomasAM_2019_c,2425,UniRef90_A0A2A6ZBT5,685,0.0095905469952,8,0.9121171770972037,1.277036883515313e-05
ThomasAM_2019_c,2426,UniRef90_A6BD35,685,0.0095322440695,8,0.9121171770972037,1.2692735112516645e-05
ThomasAM_2019_c,2427,UniRef90_A0A2A7BFQ8,685,0.0094991335108,8,0.9121171770972037,1.264864648575233e-05
ThomasAM_2019_c,2428,UniRef90_R6QFI1,685,0.0094780552024,8,0.9121171770972037,1.2620579497203729e-05
ThomasAM_2019_c,2429,UniRef90_A6KZ38,685,0.0093881355101,8,0.9121171770972037,1.2500846218508654e-05
ThomasAM_2019_c,2430,UniRef90_A0A3F3K661,685,0.0093631441766,8,0.9121171770972037,1.2467568810386153e-05
ThomasAM_2019_c,2431,UniRef90_A6KZN9,685,0.0093415565993,8,0.9121171770972037,1.2438823700798934e-05
ThomasAM_2019_c,2432,UniRef90_D4K211,685,0.0092831098169,8,0.9121171770972037,1.2360998424633822e-05
ThomasAM_2019_c,2433,UniRef90_G2SY31,685,0.0092312381495,8,0.9121171770972037,1.229192829494008e-05
ThomasAM_2019_c,2434,UniRef90_A0A3E2UG38,685,0.0091755918997,8,0.9121171770972037,1.2217832090146472e-05
ThomasAM_2019_c,2435,UniRef90_A6KZL8,685,0.008989864481999999,8,0.9121171770972037,1.1970525275632488e-05
ThomasAM_2019_c,2436,UniRef90_A0A173YV57,685,0.008894230109,8,0.9121171770972037,1.1843182568575233e-05
ThomasAM_2019_c,2437,UniRef90_R6QFJ5,685,0.0088702117483,8,0.9121171770972037,1.1811200730093208e-05
ThomasAM_2019_c,2438,UniRef90_A6KZP0,685,0.0088061106201,8,0.9121171770972037,1.1725846364980027e-05
ThomasAM_2019_c,2439,UniRef90_D4KAH4,685,0.008796169353,8,0.9121171770972037,1.1712608992010653e-05
ThomasAM_2019_c,2440,UniRef90_D4C6A6,685,0.0087798843842,8,0.9121171770972037,1.1690924612782956e-05
ThomasAM_2019_c,2441,UniRef90_B7ANI8,685,0.008692317212,8,0.9121171770972037,1.1574323850865514e-05
ThomasAM_2019_c,2442,UniRef90_A0A173ZTB6,685,0.0085046661725,8,0.9121171770972037,1.1324455622503329e-05
ThomasAM_2019_c,2443,UniRef90_F7JS59,685,0.0082879688609,8,0.9121171770972037,1.1035910600399468e-05
ThomasAM_2019_c,2444,UniRef90_D4MQP8,685,0.0081702406047,8,0.9121171770972037,1.0879148608122504e-05
ThomasAM_2019_c,2445,UniRef90_A0A3F3K2X4,685,0.0081515832803,8,0.9121171770972037,1.08543053e-05
ThomasAM_2019_c,2446,UniRef90_A0A0J1IXH8,685,0.0081067776627,8,0.9121171770972037,1.0794644024900133e-05
ThomasAM_2019_c,2447,UniRef90_E2ZEG8,685,0.008103612344,8,0.9121171770972037,1.0790429219707057e-05
ThomasAM_2019_c,2448,UniRef90_R6CPE5,685,0.0080878058544,8,0.9121171770972037,1.0769381963249002e-05
ThomasAM_2019_c,2449,UniRef90_A0A076IVK6,685,0.008018740756,8,0.9121171770972037,1.0677417784287617e-05
ThomasAM_2019_c,2450,UniRef90_A6L0A5,685,0.0080035872339,8,0.9121171770972037,1.0657239991877496e-05
ThomasAM_2019_c,2451,UniRef90_A0A3E2XA29,685,0.0079821915653,8,0.9121171770972037,1.0628750419840214e-05
ThomasAM_2019_c,2452,UniRef90_C7H4Y2,685,0.0079762598702,8,0.9121171770972037,1.0620852024234354e-05
ThomasAM_2019_c,2453,UniRef90_E2ZKH1,685,0.0078428612595,8,0.9121171770972037,1.0443224047270306e-05
ThomasAM_2019_c,2454,UniRef90_A0A0M1W5V2,685,0.0078404334547,8,0.9121171770972037,1.043999128455393e-05
ThomasAM_2019_c,2455,UniRef90_E2ZGS2,685,0.007818104196999999,8,0.9121171770972037,1.0410258584553926e-05
ThomasAM_2019_c,2456,UniRef90_A0A076J1R5,685,0.00776869478,8,0.9121171770972037,1.034446708388815e-05
ThomasAM_2019_c,2457,UniRef90_C7H5W4,685,0.0077064976685,8,0.9121171770972037,1.0261648027296938e-05
ThomasAM_2019_c,2458,UniRef90_A8S818,685,0.0076973110063,8,0.9121171770972037,1.0249415454460718e-05
ThomasAM_2019_c,2459,UniRef90_A0A076IRH5,685,0.0076839301637,8,0.9121171770972037,1.0231598087483355e-05
ThomasAM_2019_c,2460,UniRef90_D4K573,685,0.007591190076800001,8,0.9121171770972037,1.0108109290013316e-05
ThomasAM_2019_c,2461,UniRef90_A5ZN05,685,0.007581679405899999,8,0.9121171770972037,1.0095445280825566e-05
ThomasAM_2019_c,2462,UniRef90_A0A174BZU8,685,0.0075563041203,8,0.9121171770972037,1.0061656618242343e-05
ThomasAM_2019_c,2463,UniRef90_C7H5R7,685,0.0075383455542,8,0.9121171770972037,1.0037743747270306e-05
ThomasAM_2019_c,2464,UniRef90_R6QEH2,685,0.0074234262961,8,0.9121171770972037,9.884722098668443e-06
ThomasAM_2019_c,2465,UniRef90_A6L4U5,685,0.0073408272976,8,0.9121171770972037,9.774736747802929e-06
ThomasAM_2019_c,2466,UniRef90_A0A329TMV9,685,0.007320926195,8,0.9121171770972037,9.748237276964048e-06
ThomasAM_2019_c,2467,UniRef90_C0BFG8,685,0.0072465567027,8,0.9121171770972037,9.649209990279628e-06
ThomasAM_2019_c,2468,UniRef90_R6R786,685,0.0071509545936,8,0.9121171770972037,9.521910244474034e-06
ThomasAM_2019_c,2469,UniRef90_C7HAT4,685,0.0071442990942,8,0.9121171770972037,9.513048061517977e-06
ThomasAM_2019_c,2470,UniRef90_A0A3E4W3S1,685,0.006980408857,8,0.9121171770972037,9.29481871770972e-06
ThomasAM_2019_c,2471,UniRef90_A0A139K7N6,685,0.0065824011473,8,0.9121171770972037,8.764848398535286e-06
ThomasAM_2019_c,2472,UniRef90_A0A396ADX4,685,0.006514795864,8,0.9121171770972037,8.674828047936085e-06
ThomasAM_2019_c,2473,UniRef90_B0P860,685,0.0064796412028,8,0.9121171770972037,8.628017580292944e-06
ThomasAM_2019_c,2474,UniRef90_A0A0F0CGB5,685,0.0064285372723,8,0.9121171770972037,8.559969736750999e-06
ThomasAM_2019_c,2475,UniRef90_A0A076J8H6,685,0.00638442875,8,0.9121171770972037,8.501236684420773e-06
ThomasAM_2019_c,2476,UniRef90_G5GJE6,685,0.006263013581,8,0.9121171770972037,8.339565354194408e-06
ThomasAM_2019_c,2477,UniRef90_A0A1E3U6K4,685,0.0061229296314,8,0.9121171770972037,8.153035461251665e-06
ThomasAM_2019_c,2478,UniRef90_D3ACG4,685,0.006120227113999999,8,0.9121171770972037,8.14943690279627e-06
ThomasAM_2019_c,2479,UniRef90_D1PJF6,685,0.0061143706955000005,8,0.9121171770972037,8.141638742343543e-06
ThomasAM_2019_c,2480,UniRef90_A0A386EWD3,685,0.005909592546,8,0.9121171770972037,7.868964774966712e-06
ThomasAM_2019_c,2481,UniRef90_G5GJD3,685,0.0058578876538,8,0.9121171770972037,7.800116716111851e-06
ThomasAM_2019_c,2482,UniRef90_A0A2A7AZ70,685,0.005792800479,8,0.9121171770972037,7.713449372836218e-06
ThomasAM_2019_c,2483,UniRef90_A0A174M1S5,685,0.0055253618741,8,0.9121171770972037,7.357339379627164e-06
ThomasAM_2019_c,2484,UniRef90_D4ML26,685,0.0053345501665,8,0.9121171770972037,7.103262538615179e-06
ThomasAM_2019_c,2485,UniRef90_A0A174M4W1,685,0.0053247192268,8,0.9121171770972037,7.090172072969374e-06
ThomasAM_2019_c,2486,UniRef90_A0A173T247,685,0.0050417919439,8,0.9121171770972037,6.713438007856192e-06
ThomasAM_2019_c,2487,UniRef90_UPI000A310AE9,685,0.005038276626199999,8,0.9121171770972037,6.708757158721703e-06
ThomasAM_2019_c,2488,UniRef90_C0CTS1,685,0.0046989727343,8,0.9121171770972037,6.256954373235686e-06
ThomasAM_2019_c,2489,UniRef90_B5CQK2,685,0.0045654148254,8,0.9121171770972037,6.079114281491346e-06
ThomasAM_2019_c,2490,UniRef90_R5C1U7,685,0.0043967314586,8,0.9121171770972037,5.8545026079893475e-06
ThomasAM_2019_c,2491,UniRef90_I9RZU0,685,0.004308481506,8,0.9121171770972037,5.7369926844207725e-06
ThomasAM_2019_c,2492,UniRef90_A5KQF4,685,0.0041161294967,8,0.9121171770972037,5.480864842476698e-06
ThomasAM_2019_c,2493,UniRef90_R6ELW1,685,0.004108147252,8,0.9121171770972037,5.4702360213049275e-06
ThomasAM_2019_c,2494,UniRef90_R6JIX7,685,0.0040996618688,8,0.9121171770972037,5.4589372420772305e-06
ThomasAM_2019_c,2495,UniRef90_A0A175A5X1,685,0.0040840995100000005,8,0.9121171770972037,5.438215059920107e-06
ThomasAM_2019_c,2496,UniRef90_A0A0P0GPJ3,685,0.0040703993786,8,0.9121171770972037,5.419972541411451e-06
ThomasAM_2019_c,2497,UniRef90_C6JBE4,685,0.0039197147781,8,0.9121171770972037,5.219327267776298e-06
ThomasAM_2019_c,2498,UniRef90_W4V0L2,685,0.0039130095925,8,0.9121171770972037,5.210398924766977e-06
ThomasAM_2019_c,2499,UniRef90_A0A174TCE2,685,0.0038713104981999997,8,0.9121171770972037,5.154874165379493e-06
ThomasAM_2019_c,2500,UniRef90_A5ZEZ9,685,0.0038584425647,8,0.9121171770972037,5.137739766577896e-06
ThomasAM_2019_c,2501,UniRef90_F7M291,685,0.0038479466289000003,8,0.9121171770972037,5.123763820106525e-06
ThomasAM_2019_c,2502,UniRef90_Q8A8D8,685,0.0038359539835,8,0.9121171770972037,5.107794918109188e-06
ThomasAM_2019_c,2503,UniRef90_Q8AA95,685,0.0037605944,8,0.9121171770972037,5.007449267643143e-06
ThomasAM_2019_c,2504,UniRef90_D7J823,685,0.0036960806532,8,0.9121171770972037,4.9215454769640485e-06
ThomasAM_2019_c,2505,UniRef90_R5HDZ5,685,0.0036154201075,8,0.9121171770972037,4.814141288282291e-06
ThomasAM_2019_c,2506,UniRef90_A0A0E2AK40,685,0.0035266346146,8,0.9121171770972037,4.6959182617842876e-06
ThomasAM_2019_c,2507,UniRef90_R6SVV9,685,0.0034971147827,8,0.9121171770972037,4.656610895739014e-06
ThomasAM_2019_c,2508,UniRef90_B6FN03,685,0.0034557495891,8,0.9121171770972037,4.601530744474034e-06
ThomasAM_2019_c,2509,UniRef90_A0A0N7IAG8,685,0.003417358745,8,0.9121171770972037,4.550411111850866e-06
ThomasAM_2019_c,2510,UniRef90_Q89ZV6,685,0.0034084493016,8,0.9121171770972037,4.538547671904128e-06
ThomasAM_2019_c,2511,UniRef90_R6RU84,685,0.003172120573,8,0.9121171770972037,4.223862280958722e-06
ThomasAM_2019_c,2512,UniRef90_A0A176U553,685,0.0027257029406,8,0.9121171770972037,3.6294313456724366e-06
ThomasAM_2019_c,2513,UniRef90_A0A174AC24,685,0.0018860414456999999,8,0.9121171770972037,2.5113734296937414e-06
ThomasAM_2019_c,2514,UniRef90_A0A396MKB4,685,0.0015236246307,8,0.9121171770972037,2.0287944483355527e-06
ThomasAM_2019_c,2515,UniRef90_C0BAP8,685,0.0007739270896999999,8,0.9121171770972037,1.030528747936085e-06
ThomasAM_2019_c,2516,UniRef90_A0A1C7I750,685,0.00069554965,8,0.9121171770972037,9.261646471371504e-07
ThomasAM_2019_c,2517,UniRef90_UPI000E4690D3,685,0.00031905330240000003,8,0.9121171770972037,4.24837952596538e-07
ThomasAM_2019_c,2518,UniRef90_R5GZT5,685,0.0002390879126,8,0.9121171770972037,3.183594042609853e-07
ThomasAM_2019_c,2519,UniRef90_A0A3E2ESR3,685,4.424437705e-05,8,0.9121171770972037,5.8913950798934755e-08
ThomasAM_2019_c,2520,UniRef90_A0A173WH30,684,0.023960615012,8,0.9107856191744341,3.190494675366178e-05
ThomasAM_2019_c,2521,UniRef90_A0A174AR61,684,0.019786839457,8,0.9107856191744341,2.6347322845539284e-05
ThomasAM_2019_c,2522,UniRef90_A6BCK7,684,0.014767865116,8,0.9107856191744341,1.9664267797603195e-05
ThomasAM_2019_c,2523,UniRef90_A5KP19,684,0.0135417697684,8,0.9107856191744341,1.803165082343542e-05
ThomasAM_2019_c,2524,UniRef90_A0A0P0L3X2,684,0.013010065739,8,0.9107856191744341,1.732365611051931e-05
ThomasAM_2019_c,2525,UniRef90_C7H8M5,684,0.012505140323,8,0.9107856191744341,1.665131867243675e-05
ThomasAM_2019_c,2526,UniRef90_A6KYI2,684,0.0113784839312,8,0.9107856191744341,1.5151110427696405e-05
ThomasAM_2019_c,2527,UniRef90_A0A140JXE3,684,0.010719719215299999,8,0.9107856191744341,1.4273927050998667e-05
ThomasAM_2019_c,2528,UniRef90_E6SNS4,684,0.010715527798,8,0.9107856191744341,1.426834593608522e-05
ThomasAM_2019_c,2529,UniRef90_A0A173T0F5,684,0.0103638896959,8,0.9107856191744341,1.3800119435286285e-05
ThomasAM_2019_c,2530,UniRef90_A0A2A6ZC79,684,0.0102237172687,8,0.9107856191744341,1.3613471729294275e-05
ThomasAM_2019_c,2531,UniRef90_A6L0E8,684,0.0100638570137,8,0.9107856191744341,1.340060854021305e-05
ThomasAM_2019_c,2532,UniRef90_C7H8J9,684,0.0097612477804,8,0.9107856191744341,1.2997666818109189e-05
ThomasAM_2019_c,2533,UniRef90_C7H5Y9,684,0.0095998253563,8,0.9107856191744341,1.278272351038615e-05
ThomasAM_2019_c,2534,UniRef90_D4KB52,684,0.0095238307717,8,0.9107856191744341,1.2681532319174433e-05
ThomasAM_2019_c,2535,UniRef90_B6FM15,684,0.009201981837,8,0.9107856191744341,1.225297182023968e-05
ThomasAM_2019_c,2536,UniRef90_A0A174S2R0,684,0.0090545953536,8,0.9107856191744341,1.2056718180559254e-05
ThomasAM_2019_c,2537,UniRef90_D4V9Y7,684,0.008856968477,8,0.9107856191744341,1.1793566547270307e-05
ThomasAM_2019_c,2538,UniRef90_A6KZH6,684,0.0088387957709,8,0.9107856191744341,1.1769368536484687e-05
ThomasAM_2019_c,2539,UniRef90_A6KYJ4,684,0.0088193525271,8,0.9107856191744341,1.1743478731158456e-05
ThomasAM_2019_c,2540,UniRef90_A0A2A6ZTD2,684,0.008806205473499999,8,0.9107856191744341,1.1725972667776297e-05
ThomasAM_2019_c,2541,UniRef90_A0A0M6X094,684,0.0087685076893,8,0.9107856191744341,1.167577588455393e-05
ThomasAM_2019_c,2542,UniRef90_A0A291T9F5,684,0.008673648197,8,0.9107856191744341,1.1549464976031959e-05
ThomasAM_2019_c,2543,UniRef90_A0A2A6ZJK2,684,0.0086686866366,8,0.9107856191744341,1.1542858370972038e-05
ThomasAM_2019_c,2544,UniRef90_B7C9H1,684,0.008491437892,8,0.9107856191744341,1.1306841400798933e-05
ThomasAM_2019_c,2545,UniRef90_A0A2A6ZQZ7,684,0.00844499053,8,0.9107856191744341,1.1244994047936085e-05
ThomasAM_2019_c,2546,UniRef90_F4XH96,684,0.0084403347148,8,0.9107856191744341,1.1238794560319572e-05
ThomasAM_2019_c,2547,UniRef90_A0A0K2HFR2,684,0.008436407874,8,0.9107856191744341,1.123356574434088e-05
ThomasAM_2019_c,2548,UniRef90_A6L168,684,0.0083969200808,8,0.9107856191744341,1.118098546045273e-05
ThomasAM_2019_c,2549,UniRef90_A0A2A7A7N2,684,0.0082564330712,8,0.9107856191744341,1.0993918869773635e-05
ThomasAM_2019_c,2550,UniRef90_A0A3E4Q9G5,684,0.008067219709,8,0.9107856191744341,1.0741970318242343e-05
ThomasAM_2019_c,2551,UniRef90_A0A173UHY5,684,0.008017045633,8,0.9107856191744341,1.0675160629826897e-05
ThomasAM_2019_c,2552,UniRef90_A0A174LR72,684,0.0078816159671,8,0.9107856191744341,1.0494828185219708e-05
ThomasAM_2019_c,2553,UniRef90_A0A0M6WQV4,684,0.007823677144,8,0.9107856191744341,1.0417679286284954e-05
ThomasAM_2019_c,2554,UniRef90_D4K7Q3,684,0.0078023078749,8,0.9107856191744341,1.0389224866711052e-05
ThomasAM_2019_c,2555,UniRef90_C7H233,684,0.0077349790035,8,0.9107856191744341,1.0299572574567243e-05
ThomasAM_2019_c,2556,UniRef90_C7H250,684,0.007612510145,8,0.9107856191744341,1.0136498195739014e-05
ThomasAM_2019_c,2557,UniRef90_C7H838,684,0.0075989095759000005,8,0.9107856191744341,1.0118388250199735e-05
ThomasAM_2019_c,2558,UniRef90_A0A173R7Z2,684,0.0074973054291,8,0.9107856191744341,9.983096443541944e-06
ThomasAM_2019_c,2559,UniRef90_A0A173TXT3,684,0.0074449318257,8,0.9107856191744341,9.913357956990678e-06
ThomasAM_2019_c,2560,UniRef90_A0A0P0M5K0,684,0.007239523358000001,8,0.9107856191744341,9.639844684420772e-06
ThomasAM_2019_c,2561,UniRef90_E2ZFB5,684,0.0070311588385,8,0.9107856191744341,9.362395257656459e-06
ThomasAM_2019_c,2562,UniRef90_R5M766,684,0.006979382961,8,0.9107856191744341,9.293452677762983e-06
ThomasAM_2019_c,2563,UniRef90_A0A3E5EAC3,684,0.006865419062,8,0.9107856191744341,9.141703145139813e-06
ThomasAM_2019_c,2564,UniRef90_A0A318N1V3,684,0.0068571919998,8,0.9107856191744341,9.130748335286285e-06
ThomasAM_2019_c,2565,UniRef90_C6LDA3,684,0.0067741778092999996,8,0.9107856191744341,9.020210132223701e-06
ThomasAM_2019_c,2566,UniRef90_A0A3E5H739,684,0.006722716073400001,8,0.9107856191744341,8.951685850066579e-06
ThomasAM_2019_c,2567,UniRef90_A0A174DU50,684,0.0066984794217,8,0.9107856191744341,8.919413344474034e-06
ThomasAM_2019_c,2568,UniRef90_I8VZL5,684,0.0066045236641,8,0.9107856191744341,8.794305811051931e-06
ThomasAM_2019_c,2569,UniRef90_A0A173W376,684,0.0064437250206,8,0.9107856191744341,8.580193103328894e-06
ThomasAM_2019_c,2570,UniRef90_A0A173UEE0,684,0.0064131174883,8,0.9107856191744341,8.539437401198402e-06
ThomasAM_2019_c,2571,UniRef90_Q64YN3,684,0.0062996854884,8,0.9107856191744341,8.388396123035952e-06
ThomasAM_2019_c,2572,UniRef90_A0A1Y4DBS3,684,0.0062898997969,8,0.9107856191744341,8.375365907989347e-06
ThomasAM_2019_c,2573,UniRef90_A0A174U258,684,0.0062649895185,8,0.9107856191744341,8.34219642942743e-06
ThomasAM_2019_c,2574,UniRef90_C7H2S5,684,0.006208807704,8,0.9107856191744341,8.267387089214381e-06
ThomasAM_2019_c,2575,UniRef90_N1ZQE1,684,0.0058686320266,8,0.9107856191744341,7.814423470838882e-06
ThomasAM_2019_c,2576,UniRef90_C6LD75,684,0.0054988575951,8,0.9107856191744341,7.322047396937416e-06
ThomasAM_2019_c,2577,UniRef90_A0A0M6WTZ4,684,0.005383610739,8,0.9107856191744341,7.168589532623169e-06
ThomasAM_2019_c,2578,UniRef90_R5S5D3,684,0.0051506111712,8,0.9107856191744341,6.858337112117177e-06
ThomasAM_2019_c,2579,UniRef90_A8RVW4,684,0.005117518037,8,0.9107856191744341,6.814271687083888e-06
ThomasAM_2019_c,2580,UniRef90_E2ZM98,684,0.0049766816994,8,0.9107856191744341,6.626739945938748e-06
ThomasAM_2019_c,2581,UniRef90_A0A076JAP0,684,0.0049488791924,8,0.9107856191744341,6.58971929747004e-06
ThomasAM_2019_c,2582,UniRef90_D4JA55,684,0.0049082841837,8,0.9107856191744341,6.5356646920106525e-06
ThomasAM_2019_c,2583,UniRef90_R5HF38,684,0.0044951333834,8,0.9107856191744341,5.98553047057257e-06
ThomasAM_2019_c,2584,UniRef90_R6JMG6,684,0.0043524498640000004,8,0.9107856191744341,5.7955390998668445e-06
ThomasAM_2019_c,2585,UniRef90_Q8A2N8,684,0.0043237138444,8,0.9107856191744341,5.757275425299601e-06
ThomasAM_2019_c,2586,UniRef90_A0A1E3U519,684,0.0041900566365,8,0.9107856191744341,5.579303111185086e-06
ThomasAM_2019_c,2587,UniRef90_A0A1Q6HIR5,684,0.004096811566,8,0.9107856191744341,5.455141898801598e-06
ThomasAM_2019_c,2588,UniRef90_R6J924,684,0.003802248272,8,0.9107856191744341,5.062913810918775e-06
ThomasAM_2019_c,2589,UniRef90_Q8A1G8,684,0.0037404921664,8,0.9107856191744341,4.980681979227696e-06
ThomasAM_2019_c,2590,UniRef90_R9KAE4,684,0.0037263807369,8,0.9107856191744341,4.961891793475366e-06
ThomasAM_2019_c,2591,UniRef90_R6JL47,684,0.0036067569416000003,8,0.9107856191744341,4.802605781091878e-06
ThomasAM_2019_c,2592,UniRef90_R5V0P0,684,0.0036008712456,8,0.9107856191744341,4.794768635952063e-06
ThomasAM_2019_c,2593,UniRef90_R6J9C5,684,0.0035133865158000002,8,0.9107856191744341,4.678277650865513e-06
ThomasAM_2019_c,2594,UniRef90_A0A139L0W7,684,0.0034391694732,8,0.9107856191744341,4.579453359786951e-06
ThomasAM_2019_c,2595,UniRef90_D6D138,684,0.0033570546773,8,0.9107856191744341,4.470112752729694e-06
ThomasAM_2019_c,2596,UniRef90_W4V082,684,0.0033339912769,8,0.9107856191744341,4.439402499201065e-06
ThomasAM_2019_c,2597,UniRef90_R5U3S3,684,0.0032927267969,8,0.9107856191744341,4.384456453928096e-06
ThomasAM_2019_c,2598,UniRef90_D7GTJ4,684,0.0032458432729,8,0.9107856191744341,4.322028326098535e-06
ThomasAM_2019_c,2599,UniRef90_A0A3A9BPA8,684,0.0031256929836,8,0.9107856191744341,4.162041256458056e-06
ThomasAM_2019_c,2600,UniRef90_A0A174CRS3,684,0.0030964701462,8,0.9107856191744341,4.123129355792277e-06
ThomasAM_2019_c,2601,UniRef90_R5APM6,684,0.0024043515393,8,0.9107856191744341,3.2015333412782955e-06
ThomasAM_2019_c,2602,UniRef90_A5KQA4,684,0.0023733874839,8,0.9107856191744341,3.1603029079893477e-06
ThomasAM_2019_c,2603,UniRef90_A0A2A7A949,684,0.0022807014919,8,0.9107856191744341,3.036886141011984e-06
ThomasAM_2019_c,2604,UniRef90_D4K4Y7,684,0.0021830250105,8,0.9107856191744341,2.9068242483355527e-06
ThomasAM_2019_c,2605,UniRef90_R5YD26,684,0.0017755761995,8,0.9107856191744341,2.3642825559254325e-06
ThomasAM_2019_c,2606,UniRef90_R6X6P2,684,0.0010458088391,8,0.9107856191744341,1.3925550454061253e-06
ThomasAM_2019_c,2607,UniRef90_K1RZQ1,684,0.0003250876489,8,0.9107856191744341,4.328730344873502e-07
ThomasAM_2019_c,2608,UniRef90_A0A2K4ZF56,684,0.00014024902734999998,8,0.9107856191744341,1.8674970352862848e-07
ThomasAM_2019_c,2609,UniRef90_A0A354IFU0,684,0.00012928367575,8,0.9107856191744341,1.7214870272969376e-07
ThomasAM_2019_c,2610,UniRef90_A0A351IYV7,684,5.504404049e-05,8,0.9107856191744341,7.329432821571239e-08
ThomasAM_2019_c,2611,UniRef90_A0A173XQ94,683,0.04906659023225,8,0.9094540612516645,6.533500696704394e-05
ThomasAM_2019_c,2612,UniRef90_D7K7P3,683,0.0244667813478,8,0.9094540612516645,3.257893654833555e-05
ThomasAM_2019_c,2613,UniRef90_D4KAL1,683,0.0191417055205,8,0.9094540612516645,2.5488289641145138e-05
ThomasAM_2019_c,2614,UniRef90_A0A396F0F1,683,0.015551507189,8,0.9094540612516645,2.070773260852197e-05
ThomasAM_2019_c,2615,UniRef90_F4XHW3,683,0.0133658579963,8,0.9094540612516645,1.7797414109587217e-05
ThomasAM_2019_c,2616,UniRef90_A0A174DZC8,683,0.013258173513000002,8,0.9094540612516645,1.765402598268975e-05
ThomasAM_2019_c,2617,UniRef90_A0A3E4NAQ1,683,0.012766068735,8,0.9094540612516645,1.699875996671105e-05
ThomasAM_2019_c,2618,UniRef90_G5SL49,683,0.0119123480204,8,0.9094540612516645,1.5861981385352865e-05
ThomasAM_2019_c,2619,UniRef90_A0A2A6ZEP1,683,0.011825234934000001,8,0.9094540612516645,1.5745985264980028e-05
ThomasAM_2019_c,2620,UniRef90_A0A2A7BFU7,683,0.0107439053881,8,0.9094540612516645,1.4306132341011984e-05
ThomasAM_2019_c,2621,UniRef90_A0A2A7A2E8,683,0.0104936747489,8,0.9094540612516645,1.3972935750865514e-05
ThomasAM_2019_c,2622,UniRef90_E2ZNF4,683,0.010255921200999999,8,0.9094540612516645,1.3656353130492674e-05
ThomasAM_2019_c,2623,UniRef90_C7H475,683,0.0100802503071,8,0.9094540612516645,1.3422437159920107e-05
ThomasAM_2019_c,2624,UniRef90_S0F6E1,683,0.009890500275,8,0.9094540612516645,1.3169774001331559e-05
ThomasAM_2019_c,2625,UniRef90_A8SEP6,683,0.009788107091,8,0.9094540612516645,1.3033431545938748e-05
ThomasAM_2019_c,2626,UniRef90_A0A173ZFZ1,683,0.0095239341463,8,0.9094540612516645,1.2681669968442077e-05
ThomasAM_2019_c,2627,UniRef90_A0A2J4JJZ0,683,0.009401662354,8,0.9094540612516645,1.2518857994673767e-05
ThomasAM_2019_c,2628,UniRef90_A0A0P0M697,683,0.0092790150816,8,0.9094540612516645,1.2355546047403462e-05
ThomasAM_2019_c,2629,UniRef90_R6CIY6,683,0.0091602555708,8,0.9094540612516645,1.2197410879893475e-05
ThomasAM_2019_c,2630,UniRef90_A0A329TUN8,683,0.0090842283604,8,0.9094540612516645,1.209617624553928e-05
ThomasAM_2019_c,2631,UniRef90_A0A174SF86,683,0.0089072493807,8,0.9094540612516645,1.1860518482956059e-05
ThomasAM_2019_c,2632,UniRef90_A6L7Q8,683,0.008768364606000001,8,0.9094540612516645,1.1675585360852198e-05
ThomasAM_2019_c,2633,UniRef90_A0A2A7BCK2,683,0.008749354419,8,0.9094540612516645,1.1650272195739015e-05
ThomasAM_2019_c,2634,UniRef90_A0A0P0LFY4,683,0.008745714087,8,0.9094540612516645,1.1645424882822902e-05
ThomasAM_2019_c,2635,UniRef90_D1JZG9,683,0.0087325740579,8,0.9094540612516645,1.1627928172969375e-05
ThomasAM_2019_c,2636,UniRef90_A0A076IL10,683,0.008732189639,8,0.9094540612516645,1.1627416296937417e-05
ThomasAM_2019_c,2637,UniRef90_C4ZER4,683,0.0084990799353,8,0.9094540612516645,1.13170172241012e-05
ThomasAM_2019_c,2638,UniRef90_A8RVU7,683,0.0084907263286,8,0.9094540612516645,1.1305893912916112e-05
ThomasAM_2019_c,2639,UniRef90_C7H957,683,0.008489399182,8,0.9094540612516645,1.1304126740346205e-05
ThomasAM_2019_c,2640,UniRef90_A6L3E7,683,0.008449757588500001,8,0.9094540612516645,1.1251341662450067e-05
ThomasAM_2019_c,2641,UniRef90_C3R9E8,683,0.0083786568927,8,0.9094540612516645,1.1156666967643144e-05
ThomasAM_2019_c,2642,UniRef90_R6Q4K0,683,0.008370294512500001,8,0.9094540612516645,1.1145531974034621e-05
ThomasAM_2019_c,2643,UniRef90_C7H8P7,683,0.0083590924856,8,0.9094540612516645,1.1130615826364846e-05
ThomasAM_2019_c,2644,UniRef90_A8SI12,683,0.0082890109398,8,0.9094540612516645,1.1037298188814913e-05
ThomasAM_2019_c,2645,UniRef90_C7HA53,683,0.0081540470963,8,0.9094540612516645,1.0857586013715047e-05
ThomasAM_2019_c,2646,UniRef90_D4VA65,683,0.0081353084798,8,0.9094540612516645,1.083263446045273e-05
ThomasAM_2019_c,2647,UniRef90_A0A076J1F4,683,0.0080925962844,8,0.9094540612516645,1.0775760698268976e-05
ThomasAM_2019_c,2648,UniRef90_A0A2J4JQ27,683,0.0080336601,8,0.9094540612516645,1.0697283754993341e-05
ThomasAM_2019_c,2649,UniRef90_A0A173YZG9,683,0.007994127846,8,0.9094540612516645,1.06446442689747e-05
ThomasAM_2019_c,2650,UniRef90_R7A7S8,683,0.007872797976900001,8,0.9094540612516645,1.0483086520505993e-05
ThomasAM_2019_c,2651,UniRef90_R6R0T3,683,0.007842823322999999,8,0.9094540612516645,1.0443173532623167e-05
ThomasAM_2019_c,2652,UniRef90_A0A173YYY4,683,0.00776074107,8,0.9094540612516645,1.0333876258322237e-05
ThomasAM_2019_c,2653,UniRef90_R6Q3X1,683,0.0077370929056,8,0.9094540612516645,1.0302387357656458e-05
ThomasAM_2019_c,2654,UniRef90_C0EUV5,683,0.007704894038,8,0.9094540612516645,1.0259512700399467e-05
ThomasAM_2019_c,2655,UniRef90_A0A395ULW4,683,0.0074437447554,8,0.9094540612516645,9.91177730412783e-06
ThomasAM_2019_c,2656,UniRef90_E6SPC1,683,0.0072899052523999995,8,0.9094540612516645,9.706931095073234e-06
ThomasAM_2019_c,2657,UniRef90_A0A329UL13,683,0.007185052745,8,0.9094540612516645,9.567313908122503e-06
ThomasAM_2019_c,2658,UniRef90_A8SE22,683,0.0070896157225,8,0.9094540612516645,9.440233984687084e-06
ThomasAM_2019_c,2659,UniRef90_U2QWF3,683,0.0070117999640999,8,0.9094540612516645,9.336617795073101e-06
ThomasAM_2019_c,2660,UniRef90_A0A173XYB8,683,0.0070057113161,8,0.9094540612516645,9.32851040758988e-06
ThomasAM_2019_c,2661,UniRef90_A0A076IR62,683,0.0069305113848,8,0.9094540612516645,9.228377343275633e-06
ThomasAM_2019_c,2662,UniRef90_A0A173W443,683,0.0069248253552,8,0.9094540612516645,9.22080606551265e-06
ThomasAM_2019_c,2663,UniRef90_B0P2U4,683,0.0069057807637,8,0.9094540612516645,9.195447088814913e-06
ThomasAM_2019_c,2664,UniRef90_A0A0P0M5Y2,683,0.0068762230072,8,0.9094540612516645,9.156089223968042e-06
ThomasAM_2019_c,2665,UniRef90_R7CY82,683,0.0068558974817,8,0.9094540612516645,9.12902460945406e-06
ThomasAM_2019_c,2666,UniRef90_D4LFM7,683,0.0068481769652,8,0.9094540612516645,9.118744294540612e-06
ThomasAM_2019_c,2667,UniRef90_A0A2A6Z761,683,0.0067854995198,8,0.9094540612516645,9.035285645539281e-06
ThomasAM_2019_c,2668,UniRef90_A0A0P0LPD3,683,0.0067014485043,8,0.9094540612516645,8.923366849933422e-06
ThomasAM_2019_c,2669,UniRef90_A6L1V8,683,0.0066371497723,8,0.9094540612516645,8.837749363914781e-06
ThomasAM_2019_c,2670,UniRef90_B0G892,683,0.0065460316234,8,0.9094540612516645,8.716420270838881e-06
ThomasAM_2019_c,2671,UniRef90_B0P2Y8,683,0.006487526508,8,0.9094540612516645,8.63851732090546e-06
ThomasAM_2019_c,2672,UniRef90_A0A329UJU3,683,0.00647055703,8,0.9094540612516645,8.615921478029294e-06
ThomasAM_2019_c,2673,UniRef90_K9DY17,683,0.006126579319,8,0.9094540612516645,8.157895231691079e-06
ThomasAM_2019_c,2674,UniRef90_D4L328,683,0.006090062119,8,0.9094540612516645,8.109270464713715e-06
ThomasAM_2019_c,2675,UniRef90_A0A0K6BWG7,683,0.0059960337461,8,0.9094540612516645,7.984066239813581e-06
ThomasAM_2019_c,2676,UniRef90_A8S7P5,683,0.0059865656654,8,0.9094540612516645,7.971458941944075e-06
ThomasAM_2019_c,2677,UniRef90_A0A374P2G6,683,0.0058935839114,8,0.9094540612516645,7.847648350732356e-06
ThomasAM_2019_c,2678,UniRef90_A0A285PRQ4,683,0.0058915996708,8,0.9094540612516645,7.845006219440746e-06
ThomasAM_2019_c,2679,UniRef90_D4K4F0,683,0.0058628347351,8,0.9094540612516645,7.806704041411451e-06
ThomasAM_2019_c,2680,UniRef90_R6FRP1,683,0.0058511566046,8,0.9094540612516645,7.79115393422104e-06
ThomasAM_2019_c,2681,UniRef90_A0A076J7V9,683,0.0057779438918,8,0.9094540612516645,7.693666966444741e-06
ThomasAM_2019_c,2682,UniRef90_A0A076INX5,683,0.0054559236121,8,0.9094540612516645,7.264878311717709e-06
ThomasAM_2019_c,2683,UniRef90_K6AKG6,683,0.0052817698217,8,0.9094540612516645,7.0329824523302265e-06
ThomasAM_2019_c,2684,UniRef90_Q64XS0,683,0.0051886851195,8,0.9094540612516645,6.909034779627164e-06
ThomasAM_2019_c,2685,UniRef90_A0A1Q6SYH8,683,0.004882463826,8,0.9094540612516645,6.5012833901464715e-06
ThomasAM_2019_c,2686,UniRef90_R7KMK5,683,0.0048452137715,8,0.9094540612516645,6.4516827849533955e-06
ThomasAM_2019_c,2687,UniRef90_H1B798,683,0.0047204468736,8,0.9094540612516645,6.28554843355526e-06
ThomasAM_2019_c,2688,UniRef90_A0A329URD0,683,0.0046076325878,8,0.9094540612516645,6.135329677496671e-06
ThomasAM_2019_c,2689,UniRef90_A0A099I8P4,683,0.004521479606,8,0.9094540612516645,6.020611992010653e-06
ThomasAM_2019_c,2690,UniRef90_Q8A5V6,683,0.0044906899129,8,0.9094540612516645,5.979613732223702e-06
ThomasAM_2019_c,2691,UniRef90_I9F208,683,0.0044152559282,8,0.9094540612516645,5.879169012250333e-06
ThomasAM_2019_c,2692,UniRef90_Q8A287,683,0.0043111187532,8,0.9094540612516645,5.740504331824234e-06
ThomasAM_2019_c,2693,UniRef90_A0A174LD60,683,0.004116416841,8,0.9094540612516645,5.4812474580559255e-06
ThomasAM_2019_c,2694,UniRef90_Q8A9S4,683,0.004089106791,8,0.9094540612516645,5.444882544607191e-06
ThomasAM_2019_c,2695,UniRef90_Q8A0B5,683,0.0040321754825,8,0.9094540612516645,5.369075209720373e-06
ThomasAM_2019_c,2696,UniRef90_A0A174TIN9,683,0.0039827182605,8,0.9094540612516645,5.303220053928096e-06
ThomasAM_2019_c,2697,UniRef90_R6V1F1,683,0.003971594708,8,0.9094540612516645,5.288408399467376e-06
ThomasAM_2019_c,2698,UniRef90_A0A0P0FW93,683,0.003908122256999999,8,0.9094540612516645,5.203891154460718e-06
ThomasAM_2019_c,2699,UniRef90_R6JMP0,683,0.0038595725805,8,0.9094540612516645,5.139244448069241e-06
ThomasAM_2019_c,2700,UniRef90_A0A1G6GC65,683,0.0037739990906,8,0.9094540612516645,5.025298389613848e-06
ThomasAM_2019_c,2701,UniRef90_E1WU23,683,0.0037558954944,8,0.9094540612516645,5.001192402663116e-06
ThomasAM_2019_c,2702,UniRef90_A0A2U2ED32,683,0.0036038918086,8,0.9094540612516645,4.798790690545939e-06
ThomasAM_2019_c,2703,UniRef90_Q8A1A4,683,0.003579398741,8,0.9094540612516645,4.7661767523302265e-06
ThomasAM_2019_c,2704,UniRef90_A0A139LCL3,683,0.0035743397059,8,0.9094540612516645,4.759440354061252e-06
ThomasAM_2019_c,2705,UniRef90_A0A069D8W9,683,0.003532258509,8,0.9094540612516645,4.703406802929428e-06
ThomasAM_2019_c,2706,UniRef90_A5KRI8,683,0.0035104618524,8,0.9094540612516645,4.674383292143808e-06
ThomasAM_2019_c,2707,UniRef90_A0A396FI90,683,0.0034836139749,8,0.9094540612516645,4.638633788149135e-06
ThomasAM_2019_c,2708,UniRef90_C3QX97,683,0.0034195689595,8,0.9094540612516645,4.553354140479361e-06
ThomasAM_2019_c,2709,UniRef90_Q8A606,683,0.003366130422,8,0.9094540612516645,4.4821976324900136e-06
ThomasAM_2019_c,2710,UniRef90_A0A174GTZ8,683,0.0032595950653,8,0.9094540612516645,4.3403396342210385e-06
ThomasAM_2019_c,2711,UniRef90_A0A174R5P0,683,0.0030334827084,8,0.9094540612516645,4.039257933954727e-06
ThomasAM_2019_c,2712,UniRef90_K5BVK6,683,0.00296900599,8,0.9094540612516645,3.95340344873502e-06
ThomasAM_2019_c,2713,UniRef90_R5XHX7,683,0.0028646616514,8,0.9094540612516645,3.814462917976032e-06
ThomasAM_2019_c,2714,UniRef90_A0A316AJ69,683,0.0027695526995000002,8,0.9094540612516645,3.6878198395472707e-06
ThomasAM_2019_c,2715,UniRef90_UPI000944CD3B,683,0.0026162462297,8,0.9094540612516645,3.4836833950732355e-06
ThomasAM_2019_c,2716,UniRef90_D4JJ93,683,0.0023514150548,8,0.9094540612516645,3.1310453459387482e-06
ThomasAM_2019_c,2717,UniRef90_UPI0009C14AC7,683,0.0015608414356999998,8,0.9094540612516645,2.078350779893475e-06
ThomasAM_2019_c,2718,UniRef90_A0A1M6P408,683,0.00013608531299,8,0.9094540612516645,1.8120547668442077e-07
ThomasAM_2019_c,2719,UniRef90_A0A0P0M3Z0,682,0.037376171699,8,0.9081225033288948,4.976853754860187e-05
ThomasAM_2019_c,2720,UniRef90_A0A3E2SUK6,682,0.022280712724,8,0.9081225033288948,2.966805955259654e-05
ThomasAM_2019_c,2721,UniRef90_A8S9W7,682,0.014908725579,8,0.9081225033288948,1.9851831663115847e-05
ThomasAM_2019_c,2722,UniRef90_C4Z9U8,682,0.0141569046646,8,0.9081225033288948,1.8850738568042608e-05
ThomasAM_2019_c,2723,UniRef90_G9RSP7,682,0.0138647514392,8,0.9081225033288948,1.8461719626098537e-05
ThomasAM_2019_c,2724,UniRef90_A0A174CER3,682,0.0118986320908,8,0.9081225033288948,1.5843717830625833e-05
ThomasAM_2019_c,2725,UniRef90_D4KBC3,682,0.0116716047312,8,0.9081225033288948,1.554141775126498e-05
ThomasAM_2019_c,2726,UniRef90_A0A174XWP6,682,0.011622883994199999,8,0.9081225033288948,1.547654326790945e-05
ThomasAM_2019_c,2727,UniRef90_F4XHW6,682,0.0115263863685,8,0.9081225033288948,1.534805108988016e-05
ThomasAM_2019_c,2728,UniRef90_A8SEM1,682,0.011290320125,8,0.9081225033288948,1.5033715213049267e-05
ThomasAM_2019_c,2729,UniRef90_A0A174AT94,682,0.0111332214967,8,0.9081225033288948,1.482452928988016e-05
ThomasAM_2019_c,2730,UniRef90_A8S7S0,682,0.00998701427,8,0.9081225033288948,1.3298287976031958e-05
ThomasAM_2019_c,2731,UniRef90_A6KXL2,682,0.0097705238188,8,0.9081225033288948,1.3010018400532623e-05
ThomasAM_2019_c,2732,UniRef90_R6HMD9,682,0.0096643841273,8,0.9081225033288948,1.2868687253395473e-05
ThomasAM_2019_c,2733,UniRef90_C3RAS0,682,0.0094818196062,8,0.9081225033288948,1.2625592018908123e-05
ThomasAM_2019_c,2734,UniRef90_A0A0M6X082,682,0.0094705095983,8,0.9081225033288948,1.261053208828229e-05
ThomasAM_2019_c,2735,UniRef90_A0A076J5A3,682,0.009414896983,8,0.9081225033288948,1.2536480669773635e-05
ThomasAM_2019_c,2736,UniRef90_A0A329TVF3,682,0.009336722694800001,8,0.9081225033288948,1.2432387076964049e-05
ThomasAM_2019_c,2737,UniRef90_C6LDD1,682,0.009196710657,8,0.9081225033288948,1.2245952938748336e-05
ThomasAM_2019_c,2738,UniRef90_A0A076INU9,682,0.008972522626700001,8,0.9081225033288948,1.1947433590812252e-05
ThomasAM_2019_c,2739,UniRef90_A0A1Q6QU49,682,0.008782788033600001,8,0.9081225033288948,1.1694790990146473e-05
ThomasAM_2019_c,2740,UniRef90_A0A0P0LJQ0,682,0.008773417702,8,0.9081225033288948,1.1682313850865513e-05
ThomasAM_2019_c,2741,UniRef90_A8SHZ9,682,0.0087651091028,8,0.9081225033288948,1.1671250469773635e-05
ThomasAM_2019_c,2742,UniRef90_A0A069SE00,682,0.0087624567706,8,0.9081225033288948,1.1667718735818908e-05
ThomasAM_2019_c,2743,UniRef90_A0A076IWP2,682,0.0086644813722,8,0.9081225033288948,1.1537258817842876e-05
ThomasAM_2019_c,2744,UniRef90_A8S8F2,682,0.0086429204655,8,0.9081225033288948,1.1508549221704393e-05
ThomasAM_2019_c,2745,UniRef90_E5UNE1,682,0.0085800128624,8,0.9081225033288948,1.1424784104394142e-05
ThomasAM_2019_c,2746,UniRef90_A0A0M1VZG1,682,0.0083388312399,8,0.9081225033288948,1.110363680412783e-05
ThomasAM_2019_c,2747,UniRef90_A6KYP1,682,0.0082800301542,8,0.9081225033288948,1.1025339752596539e-05
ThomasAM_2019_c,2748,UniRef90_I8W962,682,0.0082086737908,8,0.9081225033288948,1.0930324621571239e-05
ThomasAM_2019_c,2749,UniRef90_A0A2A6ZBS6,682,0.008171060775,8,0.9081225033288948,1.088024071238349e-05
ThomasAM_2019_c,2750,UniRef90_A0A0N7J6N2,682,0.0081396024517,8,0.9081225033288948,1.0838352132756324e-05
ThomasAM_2019_c,2751,UniRef90_R6KLQ9,682,0.0080609699519,8,0.9081225033288948,1.0733648404660451e-05
ThomasAM_2019_c,2752,UniRef90_D4K413,682,0.008052307469,8,0.9081225033288948,1.0722113806924102e-05
ThomasAM_2019_c,2753,UniRef90_A0A1Y4PS77,682,0.0080359383866,8,0.9081225033288948,1.0700317425565912e-05
ThomasAM_2019_c,2754,UniRef90_C7H914,682,0.007975418275,8,0.9081225033288948,1.061973139147803e-05
ThomasAM_2019_c,2755,UniRef90_A0A076IVX3,682,0.0079284227602,8,0.9081225033288948,1.0557154141411451e-05
ThomasAM_2019_c,2756,UniRef90_D4VAA1,682,0.0079117457325,8,0.9081225033288948,1.0534947713049267e-05
ThomasAM_2019_c,2757,UniRef90_A0A2A6ZBA5,682,0.0079091005582,8,0.9081225033288948,1.0531425510252997e-05
ThomasAM_2019_c,2758,UniRef90_A0A0P0M677,682,0.0078325063732,8,0.9081225033288948,1.0429435916378162e-05
ThomasAM_2019_c,2759,UniRef90_A0A0P0LLF0,682,0.0078104723689999996,8,0.9081225033288948,1.0400096363515312e-05
ThomasAM_2019_c,2760,UniRef90_U6RSF2,682,0.0077970014758999995,8,0.9081225033288948,1.0382159089081225e-05
ThomasAM_2019_c,2761,UniRef90_A0A2J4JQD9,682,0.0077685639339,8,0.9081225033288948,1.034429285472703e-05
ThomasAM_2019_c,2762,UniRef90_R6KF85,682,0.0077461340719,8,0.9081225033288948,1.0314426194274301e-05
ThomasAM_2019_c,2763,UniRef90_A0A0K2HGY5,682,0.0077413683903,8,0.9081225033288948,1.0308080413182423e-05
ThomasAM_2019_c,2764,UniRef90_A0A076IWC0,682,0.0077401454405999996,8,0.9081225033288948,1.0306451984820239e-05
ThomasAM_2019_c,2765,UniRef90_A0A173SFX8,682,0.0077354588555,8,0.9081225033288948,1.03002115252996e-05
ThomasAM_2019_c,2766,UniRef90_A0A2A6Z957,682,0.0076665294099,8,0.9081225033288948,1.0208427975898803e-05
ThomasAM_2019_c,2767,UniRef90_D7GUX0,682,0.007550982504,8,0.9081225033288948,1.005457057789614e-05
ThomasAM_2019_c,2768,UniRef90_A0A0K2HE63,682,0.0075392449905,8,0.9081225033288948,1.0038941398801597e-05
ThomasAM_2019_c,2769,UniRef90_D4K117,682,0.007512099446,8,0.9081225033288948,1.0002795533954728e-05
ThomasAM_2019_c,2770,UniRef90_A0A0N7J6V1,682,0.0075112815942,8,0.9081225033288948,1.0001706516910785e-05
ThomasAM_2019_c,2771,UniRef90_H1ALC6,682,0.0075104992132999995,8,0.9081225033288948,1.0000664731424767e-05
ThomasAM_2019_c,2772,UniRef90_D4K2V6,682,0.0074765533484,8,0.9081225033288948,9.955463846071904e-06
ThomasAM_2019_c,2773,UniRef90_E2ZH60,682,0.0074440346098,8,0.9081225033288948,9.9121632620506e-06
ThomasAM_2019_c,2774,UniRef90_C3RFG5,682,0.007363433446,8,0.9081225033288948,9.804838143808256e-06
ThomasAM_2019_c,2775,UniRef90_A0A0M6WRV9,682,0.007234082102700001,8,0.9081225033288948,9.632599337816245e-06
ThomasAM_2019_c,2776,UniRef90_A0A3E4E510,682,0.0071736723491999995,8,0.9081225033288948,9.552160251930758e-06
ThomasAM_2019_c,2777,UniRef90_A6KZA8,682,0.0071190896554,8,0.9081225033288948,9.479480233555259e-06
ThomasAM_2019_c,2778,UniRef90_A6KWL1,682,0.0071035298392,8,0.9081225033288948,9.45876143701731e-06
ThomasAM_2019_c,2779,UniRef90_K5DFH8,682,0.007098867062999999,8,0.9081225033288948,9.452552680426098e-06
ThomasAM_2019_c,2780,UniRef90_A0A174MXP5,682,0.0070920827629999995,8,0.9081225033288948,9.443518992010652e-06
ThomasAM_2019_c,2781,UniRef90_C6Z1D5,682,0.0070670130534,8,0.9081225033288948,9.410137221571238e-06
ThomasAM_2019_c,2782,UniRef90_A8SF11,682,0.0070165206398,8,0.9081225033288948,9.342903648202396e-06
ThomasAM_2019_c,2783,UniRef90_C4ZFF9,682,0.0069779115307,8,0.9081225033288948,9.291493383089216e-06
ThomasAM_2019_c,2784,UniRef90_C7H7N0,682,0.006804256989,8,0.9081225033288948,9.060262302263648e-06
ThomasAM_2019_c,2785,UniRef90_A0A127SGR9,682,0.0067785097282,8,0.9081225033288948,9.025978333155791e-06
ThomasAM_2019_c,2786,UniRef90_D9QZJ6,682,0.006753967168,8,0.9081225033288948,8.993298492676431e-06
ThomasAM_2019_c,2787,UniRef90_Q8A487,682,0.006606060029,8,0.9081225033288948,8.796351569906791e-06
ThomasAM_2019_c,2788,UniRef90_A8SNQ9,682,0.006571912418,8,0.9081225033288948,8.750882047936085e-06
ThomasAM_2019_c,2789,UniRef90_A0A3E5AS22,682,0.006433481409800001,8,0.9081225033288948,8.566553142210388e-06
ThomasAM_2019_c,2790,UniRef90_R6Y875,682,0.006371970592,8,0.9081225033288948,8.484647925432755e-06
ThomasAM_2019_c,2791,UniRef90_D5Q4S0,682,0.006308094515,8,0.9081225033288948,8.399593229027964e-06
ThomasAM_2019_c,2792,UniRef90_F9ZAU7,682,0.00626960235,8,0.9081225033288948,8.348338681757658e-06
ThomasAM_2019_c,2793,UniRef90_F7K2D4,682,0.006197685276,8,0.9081225033288948,8.252576932090546e-06
ThomasAM_2019_c,2794,UniRef90_A0A173ZCN5,682,0.006100722451299999,8,0.9081225033288948,8.123465314647136e-06
ThomasAM_2019_c,2795,UniRef90_B9Y986,682,0.006092559483,8,0.9081225033288948,8.112595849533955e-06
ThomasAM_2019_c,2796,UniRef90_A0A176U8T2,682,0.0060472313400000005,8,0.9081225033288948,8.05223880159787e-06
ThomasAM_2019_c,2797,UniRef90_A0A0F0CLG3,682,0.005941125299,8,0.9081225033288948,7.910952462050599e-06
ThomasAM_2019_c,2798,UniRef90_R5V4N5,682,0.0059039172972,8,0.9081225033288948,7.861407852463382e-06
ThomasAM_2019_c,2799,UniRef90_A8SFP6,682,0.0058543146502,8,0.9081225033288948,7.795359054860186e-06
ThomasAM_2019_c,2800,UniRef90_A7B154,682,0.0057260302193,8,0.9081225033288948,7.624540904527297e-06
ThomasAM_2019_c,2801,UniRef90_C7HA90,682,0.0055811579662,8,0.9081225033288948,7.431635108122503e-06
ThomasAM_2019_c,2802,UniRef90_B0P858,682,0.0055014979069,8,0.9081225033288948,7.325563125033288e-06
ThomasAM_2019_c,2803,UniRef90_E5XEG2,682,0.005472286983,8,0.9081225033288948,7.286667087882822e-06
ThomasAM_2019_c,2804,UniRef90_A0A329TSI7,682,0.0054477947870000005,8,0.9081225033288948,7.254054310252996e-06
ThomasAM_2019_c,2805,UniRef90_R6V8F2,682,0.005434471225,8,0.9081225033288948,7.236313215712383e-06
ThomasAM_2019_c,2806,UniRef90_R7GY78,682,0.0053674020522,8,0.9081225033288948,7.1470067272969374e-06
ThomasAM_2019_c,2807,UniRef90_Q5LY60,682,0.005337338083,8,0.9081225033288948,7.106974810918775e-06
ThomasAM_2019_c,2808,UniRef90_B7CDN2,682,0.005263439856,8,0.9081225033288948,7.008575041278296e-06
ThomasAM_2019_c,2809,UniRef90_U2CKX3,682,0.0050787786688,8,0.9081225033288948,6.762687974434088e-06
ThomasAM_2019_c,2810,UniRef90_A0A069D6V6,682,0.0050705252291,8,0.9081225033288948,6.7516980414114506e-06
ThomasAM_2019_c,2811,UniRef90_A7B522,682,0.0050096465655,8,0.9081225033288948,6.670634574567243e-06
ThomasAM_2019_c,2812,UniRef90_B0G2U7,682,0.0046947680704,8,0.9081225033288948,6.251355619707057e-06
ThomasAM_2019_c,2813,UniRef90_B5CNL4,682,0.0045869690852,8,0.9081225033288948,6.10781502689747e-06
ThomasAM_2019_c,2814,UniRef90_C2GF19,682,0.0044608076612,8,0.9081225033288948,5.93982378322237e-06
ThomasAM_2019_c,2815,UniRef90_C9L7F5,682,0.0043372263132,8,0.9081225033288948,5.775268060186419e-06
ThomasAM_2019_c,2816,UniRef90_D1W262,682,0.0043125431438,8,0.9081225033288948,5.742400990412783e-06
ThomasAM_2019_c,2817,UniRef90_A0A173ZAE3,682,0.004307432253,8,0.9081225033288948,5.735595543275632e-06
ThomasAM_2019_c,2818,UniRef90_C7H2U8,682,0.004300692909699999,8,0.9081225033288948,5.726621717310252e-06
ThomasAM_2019_c,2819,UniRef90_R5U4U4,682,0.0042141595316000004,8,0.9081225033288948,5.611397512117177e-06
ThomasAM_2019_c,2820,UniRef90_A0A0K6BRB2,682,0.004167749065,8,0.9081225033288948,5.549599287616512e-06
ThomasAM_2019_c,2821,UniRef90_A0A174W374,682,0.0041532385681,8,0.9081225033288948,5.530277720505993e-06
ThomasAM_2019_c,2822,UniRef90_D4JSK7,682,0.0040582876845,8,0.9081225033288948,5.403845119174434e-06
ThomasAM_2019_c,2823,UniRef90_Q8A2N9,682,0.004018179563,8,0.9081225033288948,5.350438832223702e-06
ThomasAM_2019_c,2824,UniRef90_A0A174NNR3,682,0.0040053151073,8,0.9081225033288948,5.333309064314248e-06
ThomasAM_2019_c,2825,UniRef90_R5J413,682,0.003968676507,8,0.9081225033288948,5.2845226458055926e-06
ThomasAM_2019_c,2826,UniRef90_UPI0009BF7F86,682,0.0038506523974,8,0.9081225033288948,5.12736670758988e-06
ThomasAM_2019_c,2827,UniRef90_D4KVS1,682,0.0038257344224000003,8,0.9081225033288948,5.094186980559254e-06
ThomasAM_2019_c,2828,UniRef90_C9L0L0,682,0.0037776696066,8,0.9081225033288948,5.030185894274301e-06
ThomasAM_2019_c,2829,UniRef90_C5EWR3,682,0.0036802347439999997,8,0.9081225033288948,4.900445731025299e-06
ThomasAM_2019_c,2830,UniRef90_R6URI8,682,0.0035546188296,8,0.9081225033288948,4.733180864980026e-06
ThomasAM_2019_c,2831,UniRef90_Q8A7U2,682,0.0034976912271,8,0.9081225033288948,4.657378464846871e-06
ThomasAM_2019_c,2832,UniRef90_H1CKZ0,682,0.0034622758471,8,0.9081225033288948,4.610220835019973e-06
ThomasAM_2019_c,2833,UniRef90_D4VLF6,682,0.003455532603,8,0.9081225033288948,4.601241814913449e-06
ThomasAM_2019_c,2834,UniRef90_A0A1Y4P8Z9,682,0.0033082752356,8,0.9081225033288948,4.405160100665778e-06
ThomasAM_2019_c,2835,UniRef90_B0NGM4,682,0.0031475211616000002,8,0.9081225033288948,4.191106739813582e-06
ThomasAM_2019_c,2836,UniRef90_A0A174WP84,682,0.0031238875847999998,8,0.9081225033288948,4.159637263382157e-06
ThomasAM_2019_c,2837,UniRef90_A0A174CCH8,682,0.0029899397407,8,0.9081225033288948,3.981277950332889e-06
ThomasAM_2019_c,2838,UniRef90_C0B4Y7,682,0.0024271721865,8,0.9081225033288948,3.2319203548601864e-06
ThomasAM_2019_c,2839,UniRef90_C0FWG4,682,0.0020951189587,8,0.9081225033288948,2.789772248601864e-06
ThomasAM_2019_c,2840,UniRef90_T5RX12,682,0.0013845885278,8,0.9081225033288948,1.8436598239680427e-06
ThomasAM_2019_c,2841,UniRef90_R6EDW1,682,0.001211043896,8,0.9081225033288948,1.6125750945406125e-06
ThomasAM_2019_c,2842,UniRef90_A0A173QT70,682,0.0008914476602,8,0.9081225033288948,1.1870141946737684e-06
ThomasAM_2019_c,2843,UniRef90_K1UBL4,682,0.000423064329,8,0.9081225033288948,5.633346591211718e-07
ThomasAM_2019_c,2844,UniRef90_A0A3D1NYK5,682,0.0001840167065,8,0.9081225033288948,2.450289034620506e-07
ThomasAM_2019_c,2845,UniRef90_A0A1Q9K423,682,0.0001643163348,8,0.9081225033288948,2.1879671744340878e-07
ThomasAM_2019_c,2846,UniRef90_G7YY51,681,0.0267891581615,8,0.9067909454061251,3.56713157942743e-05
ThomasAM_2019_c,2847,UniRef90_A0A2A7AP59,681,0.019701630258,8,0.9067909454061251,2.6233861861517976e-05
ThomasAM_2019_c,2848,UniRef90_A0A078R7E6,681,0.016083718113,8,0.9067909454061251,2.141640228095872e-05
ThomasAM_2019_c,2849,UniRef90_F0YZ46,681,0.0145915748615,8,0.9067909454061251,1.9429527112516643e-05
ThomasAM_2019_c,2850,UniRef90_D4IJC6,681,0.0143791037025,8,0.9067909454061251,1.9146609457390146e-05
ThomasAM_2019_c,2851,UniRef90_A0A2A6ZB25,681,0.013657231519,8,0.9067909454061251,1.8185394832223702e-05
ThomasAM_2019_c,2852,UniRef90_A0A173UIK9,681,0.0127387846991,8,0.9067909454061251,1.6962429692543274e-05
ThomasAM_2019_c,2853,UniRef90_D4JXS9,681,0.011706353711000001,8,0.9067909454061251,1.5587688030625835e-05
ThomasAM_2019_c,2854,UniRef90_F4XGS0,681,0.011594880876,8,0.9067909454061251,1.543925549400799e-05
ThomasAM_2019_c,2855,UniRef90_D4LZV1,681,0.010867882805,8,0.9067909454061251,1.4471215452729694e-05
ThomasAM_2019_c,2856,UniRef90_A0A397WFB7,681,0.0107037110111,8,0.9067909454061251,1.4252611199866844e-05
ThomasAM_2019_c,2857,UniRef90_Q8RM73,681,0.0105651523367,8,0.9067909454061251,1.4068112299201066e-05
ThomasAM_2019_c,2858,UniRef90_A0A3E2W6K9,681,0.010448551537999999,8,0.9067909454061251,1.391285158189081e-05
ThomasAM_2019_c,2859,UniRef90_D4JA99,681,0.0103052716247,8,0.9067909454061251,1.372206607816245e-05
ThomasAM_2019_c,2860,UniRef90_C0B7D5,681,0.0102268789492,8,0.9067909454061251,1.3617681690013315e-05
ThomasAM_2019_c,2861,UniRef90_S0F7I4,681,0.0101046381985,8,0.9067909454061251,1.3454911049933423e-05
ThomasAM_2019_c,2862,UniRef90_A0A2U2EDC9,681,0.010091251954,8,0.9067909454061251,1.3437086490013316e-05
ThomasAM_2019_c,2863,UniRef90_A0A2A6ZTW9,681,0.009953766865,8,0.9067909454061251,1.3254017130492676e-05
ThomasAM_2019_c,2864,UniRef90_A0A076IQU9,681,0.0098993307306,8,0.9067909454061251,1.3181532264447405e-05
ThomasAM_2019_c,2865,UniRef90_C4Z908,681,0.0098830171774,8,0.9067909454061251,1.315980982343542e-05
ThomasAM_2019_c,2866,UniRef90_B7CD94,681,0.009793880478,8,0.9067909454061251,1.3041119145139814e-05
ThomasAM_2019_c,2867,UniRef90_R6R7V2,681,0.009678365434999999,8,0.9067909454061251,1.2887304174434086e-05
ThomasAM_2019_c,2868,UniRef90_A0A2A6ZFI5,681,0.009521657622,8,0.9067909454061251,1.2678638644474034e-05
ThomasAM_2019_c,2869,UniRef90_A8SEK7,681,0.0090523171906,8,0.9067909454061251,1.2053684674567243e-05
ThomasAM_2019_c,2870,UniRef90_B0GA91,681,0.009009188563,8,0.9067909454061251,1.1996256408788282e-05
ThomasAM_2019_c,2871,UniRef90_A5Z7E3,681,0.0089948789989,8,0.9067909454061251,1.1977202395339548e-05
ThomasAM_2019_c,2872,UniRef90_A6KZJ8,681,0.008989006157,8,0.9067909454061251,1.196938236617843e-05
ThomasAM_2019_c,2873,UniRef90_C0ESU0,681,0.0089390159325,8,0.9067909454061251,1.1902817486684422e-05
ThomasAM_2019_c,2874,UniRef90_C4ZEC6,681,0.008818763622,8,0.9067909454061251,1.1742694569906791e-05
ThomasAM_2019_c,2875,UniRef90_E2ZJH5,681,0.0087104372008,8,0.9067909454061251,1.159845166551265e-05
ThomasAM_2019_c,2876,UniRef90_B6VXB6,681,0.008683435403100001,8,0.9067909454061251,1.1562497207856193e-05
ThomasAM_2019_c,2877,UniRef90_A0A0K2HG79,681,0.008660814869,8,0.9067909454061251,1.1532376656458055e-05
ThomasAM_2019_c,2878,UniRef90_A0A173SVQ9,681,0.008465032018,8,0.9067909454061251,1.1271680450066579e-05
ThomasAM_2019_c,2879,UniRef90_A0A173ZLH7,681,0.0083565108153,8,0.9067909454061251,1.1127178182822904e-05
ThomasAM_2019_c,2880,UniRef90_A8S8D4,681,0.008354697067,8,0.9067909454061251,1.1124763071904128e-05
ThomasAM_2019_c,2881,UniRef90_A0A076IXK9,681,0.0083372736359,8,0.9067909454061251,1.1101562764181092e-05
ThomasAM_2019_c,2882,UniRef90_A0A0K2HIB7,681,0.008325476789,8,0.9067909454061251,1.1085854579227698e-05
ThomasAM_2019_c,2883,UniRef90_I9R3P9,681,0.008319082564,8,0.9067909454061251,1.1077340298268974e-05
ThomasAM_2019_c,2884,UniRef90_A0A397WKL3,681,0.008304514685,8,0.9067909454061251,1.1057942323568576e-05
ThomasAM_2019_c,2885,UniRef90_E2ZMC5,681,0.008250940951099999,8,0.9067909454061251,1.0986605793741677e-05
ThomasAM_2019_c,2886,UniRef90_A6L079,681,0.0082446298969,8,0.9067909454061251,1.0978202259520639e-05
ThomasAM_2019_c,2887,UniRef90_A6L048,681,0.0082439426577,8,0.9067909454061251,1.097728716071904e-05
ThomasAM_2019_c,2888,UniRef90_A0A0K2HHP6,681,0.008233335671,8,0.9067909454061251,1.0963163343541944e-05
ThomasAM_2019_c,2889,UniRef90_A0A0P0M1Y5,681,0.0081876806308,8,0.9067909454061251,1.0902371013049267e-05
ThomasAM_2019_c,2890,UniRef90_A8SD70,681,0.0080635279194,8,0.9067909454061251,1.0737054486551265e-05
ThomasAM_2019_c,2891,UniRef90_A6L100,681,0.0080543317684,8,0.9067909454061251,1.0724809278828229e-05
ThomasAM_2019_c,2892,UniRef90_A6L0V6,681,0.0080319206918,8,0.9067909454061251,1.0694967632223703e-05
ThomasAM_2019_c,2893,UniRef90_A0A139KJE5,681,0.0080184047367,8,0.9067909454061251,1.0676970355126497e-05
ThomasAM_2019_c,2894,UniRef90_A0A0N7J6K9,681,0.007931906323,8,0.9067909454061251,1.0561792707057259e-05
ThomasAM_2019_c,2895,UniRef90_I9FSY7,681,0.007924201939,8,0.9067909454061251,1.0551533873501998e-05
ThomasAM_2019_c,2896,UniRef90_R6Q3I2,681,0.0079095352949,8,0.9067909454061251,1.05320043873502e-05
ThomasAM_2019_c,2897,UniRef90_B6VXC1,681,0.0078977359483,8,0.9067909454061251,1.0516292873901465e-05
ThomasAM_2019_c,2898,UniRef90_R6PUB9,681,0.007822911572,8,0.9067909454061251,1.0416659882822902e-05
ThomasAM_2019_c,2899,UniRef90_E5UP80,681,0.0077611890157,8,0.9067909454061251,1.0334472723968043e-05
ThomasAM_2019_c,2900,UniRef90_A0A076IUY6,681,0.007712997557,8,0.9067909454061251,1.0270303005326232e-05
ThomasAM_2019_c,2901,UniRef90_A6KXY5,681,0.0077125633935,8,0.9067909454061251,1.026972489147803e-05
ThomasAM_2019_c,2902,UniRef90_A6KWL3,681,0.007691482559,8,0.9067909454061251,1.024165453928096e-05
ThomasAM_2019_c,2903,UniRef90_A0A1Q6JPX4,681,0.007690419939399999,8,0.9067909454061251,1.0240239599733688e-05
ThomasAM_2019_c,2904,UniRef90_D1K3W1,681,0.0076606741545,8,0.9067909454061251,1.0200631364181092e-05
ThomasAM_2019_c,2905,UniRef90_A0A1Y4IVC5,681,0.007652925846999999,8,0.9067909454061251,1.0190314043941411e-05
ThomasAM_2019_c,2906,UniRef90_A0A173U6M2,681,0.0076191655294,8,0.9067909454061251,1.0145360225565912e-05
ThomasAM_2019_c,2907,UniRef90_A0A329UE42,681,0.0076053150263,8,0.9067909454061251,1.0126917478428762e-05
ThomasAM_2019_c,2908,UniRef90_A0A173UV89,681,0.0075649324538,8,0.9067909454061251,1.0073145744074568e-05
ThomasAM_2019_c,2909,UniRef90_A0A174JGL0,681,0.007558519987,8,0.9067909454061251,1.0064607173102529e-05
ThomasAM_2019_c,2910,UniRef90_A6L1L8,681,0.007507665387399999,8,0.9067909454061251,9.996891328095872e-06
ThomasAM_2019_c,2911,UniRef90_A6L175,681,0.007502993322,8,0.9067909454061251,9.990670202396804e-06
ThomasAM_2019_c,2912,UniRef90_A0A076J5J6,681,0.007482426285,8,0.9067909454061251,9.963284001331557e-06
ThomasAM_2019_c,2913,UniRef90_C7HA22,681,0.0074619849995,8,0.9067909454061251,9.936065245672437e-06
ThomasAM_2019_c,2914,UniRef90_B6VX34,681,0.007455698755699999,8,0.9067909454061251,9.927694747936084e-06
ThomasAM_2019_c,2915,UniRef90_A0A174XWE9,681,0.0074477816246,8,0.9067909454061251,9.917152629294274e-06
ThomasAM_2019_c,2916,UniRef90_A0A076IHJ6,681,0.0073792830627,8,0.9067909454061251,9.825942826498002e-06
ThomasAM_2019_c,2917,UniRef90_A0A3E2TZ47,681,0.0073762058299999995,8,0.9067909454061251,9.821845312916112e-06
ThomasAM_2019_c,2918,UniRef90_A0A174BEL8,681,0.0073180678193,8,0.9067909454061251,9.74443118415446e-06
ThomasAM_2019_c,2919,UniRef90_A0A174WXJ6,681,0.0073149801803,8,0.9067909454061251,9.740319813981358e-06
ThomasAM_2019_c,2920,UniRef90_B6VV90,681,0.0073027921131000005,8,0.9067909454061251,9.72409069653795e-06
ThomasAM_2019_c,2921,UniRef90_A5ZWU1,681,0.007263084239700001,8,0.9067909454061251,9.671217363115846e-06
ThomasAM_2019_c,2922,UniRef90_C7H2R3,681,0.007161064399,8,0.9067909454061251,9.535372035952063e-06
ThomasAM_2019_c,2923,UniRef90_A0A173W5H6,681,0.007133920493,8,0.9067909454061251,9.49922835286285e-06
ThomasAM_2019_c,2924,UniRef90_D4JZ43,681,0.0071005737850999995,8,0.9067909454061251,9.454825279760318e-06
ThomasAM_2019_c,2925,UniRef90_A0A1Q6QQ05,681,0.0070876811619,8,0.9067909454061251,9.437658005193076e-06
ThomasAM_2019_c,2926,UniRef90_R7DCX1,681,0.0070845161971998995,8,0.9067909454061251,9.433443671371371e-06
ThomasAM_2019_c,2927,UniRef90_A0A0P0M4X5,681,0.0070185672442,8,0.9067909454061251,9.345628820505992e-06
ThomasAM_2019_c,2928,UniRef90_A0A3E2X8M6,681,0.0070032849635000005,8,0.9067909454061251,9.325279578561919e-06
ThomasAM_2019_c,2929,UniRef90_C3RCN9,681,0.0069904613333,8,0.9067909454061251,9.30820417217044e-06
ThomasAM_2019_c,2930,UniRef90_I9SDA2,681,0.0068250684308,8,0.9067909454061251,9.087973942476697e-06
ThomasAM_2019_c,2931,UniRef90_A5Z2Z7,681,0.00680995971669,8,0.9067909454061251,9.067855814500665e-06
ThomasAM_2019_c,2932,UniRef90_A6LEJ4,681,0.006713572724,8,0.9067909454061251,8.939510950732357e-06
ThomasAM_2019_c,2933,UniRef90_A0A395ZY86,681,0.0066721555040000005,8,0.9067909454061251,8.884361523302265e-06
ThomasAM_2019_c,2934,UniRef90_F7LTX8,681,0.0066561948711,8,0.9067909454061251,8.86310901611185e-06
ThomasAM_2019_c,2935,UniRef90_A0A374P2P0,681,0.0065949178427999995,8,0.9067909454061251,8.781515103595206e-06
ThomasAM_2019_c,2936,UniRef90_A6KZJ2,681,0.0065396026198,8,0.9067909454061251,8.707859680159787e-06
ThomasAM_2019_c,2937,UniRef90_F3AAH7,681,0.0064944504188000005,8,0.9067909454061251,8.647736909187751e-06
ThomasAM_2019_c,2938,UniRef90_D3AM84,681,0.006345042393,8,0.9067909454061251,8.448791468708388e-06
ThomasAM_2019_c,2939,UniRef90_A0A174SGN2,681,0.0062068444191,8,0.9067909454061251,8.264772861651131e-06
ThomasAM_2019_c,2940,UniRef90_C7H8U6,681,0.0061677714241999,8,0.9067909454061251,8.212744905725565e-06
ThomasAM_2019_c,2941,UniRef90_A0A174E6X3,681,0.0060871895105,8,0.9067909454061251,8.105445420106524e-06
ThomasAM_2019_c,2942,UniRef90_A0A2A6ZBW4,681,0.0060243969809999996,8,0.9067909454061251,8.021833529960053e-06
ThomasAM_2019_c,2943,UniRef90_A6L3G7,681,0.005997195856500001,8,0.9067909454061251,7.985613657123836e-06
ThomasAM_2019_c,2944,UniRef90_A0A3E2W7R9,681,0.0059935782218,8,0.9067909454061251,7.980796566977364e-06
ThomasAM_2019_c,2945,UniRef90_A0A3E2UCR8,681,0.0057765589767,8,0.9067909454061251,7.691822871770971e-06
ThomasAM_2019_c,2946,UniRef90_A6L3G1,681,0.0057194057111,8,0.9067909454061251,7.615719988149135e-06
ThomasAM_2019_c,2947,UniRef90_UPI00059550CE,681,0.0052373474014,8,0.9067909454061251,6.9738314266311585e-06
ThomasAM_2019_c,2948,UniRef90_W6P7T2,681,0.0051397705804,8,0.9067909454061251,6.843902237549933e-06
ThomasAM_2019_c,2949,UniRef90_R6T7Q1,681,0.0050533488899,8,0.9067909454061251,6.728826750865512e-06
ThomasAM_2019_c,2950,UniRef90_A0A285PST4,681,0.0049391322397,8,0.9067909454061251,6.576740665379494e-06
ThomasAM_2019_c,2951,UniRef90_A0A174MUZ9,681,0.004864239001,8,0.9067909454061251,6.477015980026631e-06
ThomasAM_2019_c,2952,UniRef90_A0A174EVR2,681,0.0048612987483,8,0.9067909454061251,6.473100863249002e-06
ThomasAM_2019_c,2953,UniRef90_Q8AAN7,681,0.0045041306972,8,0.9067909454061251,5.997510915046605e-06
ThomasAM_2019_c,2954,UniRef90_A0A174JNA9,681,0.00425940553,8,0.9067909454061251,5.671645179760319e-06
ThomasAM_2019_c,2955,UniRef90_A0A174D9D2,681,0.004220279691,8,0.9067909454061251,5.61954685885486e-06
ThomasAM_2019_c,2956,UniRef90_R6KA80,681,0.0041813174628,8,0.9067909454061251,5.567666395206392e-06
ThomasAM_2019_c,2957,UniRef90_A0A173SW45,681,0.0041349999611,8,0.9067909454061251,5.5059919588548605e-06
ThomasAM_2019_c,2958,UniRef90_A6BD02,681,0.0041032794993,8,0.9067909454061251,5.463754326631159e-06
ThomasAM_2019_c,2959,UniRef90_R6BKN0,681,0.0040889512276,8,0.9067909454061251,5.444675402929427e-06
ThomasAM_2019_c,2960,UniRef90_A0A0P0F0D5,681,0.0040251948316,8,0.9067909454061251,5.359780068708389e-06
ThomasAM_2019_c,2961,UniRef90_A0A176UAW6,681,0.0040219532514,8,0.9067909454061251,5.355463716910786e-06
ThomasAM_2019_c,2962,UniRef90_D4WMF0,681,0.003985012572,8,0.9067909454061251,5.306275062583222e-06
ThomasAM_2019_c,2963,UniRef90_U2CWB7,681,0.0039737606315999995,8,0.9067909454061251,5.29129245219707e-06
ThomasAM_2019_c,2964,UniRef90_R6J7H7,681,0.00396230564,8,0.9067909454061251,5.2760394673768315e-06
ThomasAM_2019_c,2965,UniRef90_A0A1C7H237,681,0.0039296581641,8,0.9067909454061251,5.232567462183755e-06
ThomasAM_2019_c,2966,UniRef90_C7H2P7,681,0.0039268380237,8,0.9067909454061251,5.228812281890812e-06
ThomasAM_2019_c,2967,UniRef90_A0A069D0E5,681,0.003902923853,8,0.9067909454061251,5.1969691784287615e-06
ThomasAM_2019_c,2968,UniRef90_A0A3E5HHK3,681,0.0038432650866,8,0.9067909454061251,5.117530075366179e-06
ThomasAM_2019_c,2969,UniRef90_R6JCE0,681,0.0038084107767000002,8,0.9067909454061251,5.071119542876165e-06
ThomasAM_2019_c,2970,UniRef90_A0A174KAJ0,681,0.0037893721730000002,8,0.9067909454061251,5.045768539280959e-06
ThomasAM_2019_c,2971,UniRef90_A0A1Y4Q1C3,681,0.0037683498773,8,0.9067909454061251,5.017776134886818e-06
ThomasAM_2019_c,2972,UniRef90_U2DVT8,681,0.0037168684550000003,8,0.9067909454061251,4.949225639147803e-06
ThomasAM_2019_c,2973,UniRef90_D6DKL2,681,0.0037156552825,8,0.9067909454061251,4.947610229693742e-06
ThomasAM_2019_c,2974,UniRef90_A0A174IZD9,681,0.0035708577606,8,0.9067909454061251,4.754803942210386e-06
ThomasAM_2019_c,2975,UniRef90_R6JB05,681,0.0035708142798,8,0.9067909454061251,4.754746045006657e-06
ThomasAM_2019_c,2976,UniRef90_R6KA18,681,0.0035670266995,8,0.9067909454061251,4.749702662450067e-06
ThomasAM_2019_c,2977,UniRef90_A0A0P0FKE6,681,0.00353249414,8,0.9067909454061251,4.703720559254328e-06
ThomasAM_2019_c,2978,UniRef90_C3QRX1,681,0.0035282386914,8,0.9067909454061251,4.698054182956059e-06
ThomasAM_2019_c,2979,UniRef90_E1WRK2,681,0.0035232231082,8,0.9067909454061251,4.691375643408789e-06
ThomasAM_2019_c,2980,UniRef90_A0A1Y4PP26,681,0.0035222555465,8,0.9067909454061251,4.690087278961385e-06
ThomasAM_2019_c,2981,UniRef90_R6DPV0,681,0.003507040033,8,0.9067909454061251,4.669826941411451e-06
ThomasAM_2019_c,2982,UniRef90_C7H6S9,681,0.0034181832666,8,0.9067909454061251,4.55150901011984e-06
ThomasAM_2019_c,2983,UniRef90_D0TNB9,681,0.0032854265191,8,0.9067909454061251,4.374735711185086e-06
ThomasAM_2019_c,2984,UniRef90_B0G307,681,0.0020204210652,8,0.9067909454061251,2.6903076766977364e-06
ThomasAM_2019_c,2985,UniRef90_A0A174F1B4,681,0.0005334000835000001,8,0.9067909454061251,7.102531071904128e-07
ThomasAM_2019_c,2986,UniRef90_D4MRJ0,681,0.000418073802,8,0.9067909454061251,5.56689483355526e-07
ThomasAM_2019_c,2987,UniRef90_A0A2V2ENA6,681,0.00014632215,8,0.9067909454061251,1.9483641810918775e-07
ThomasAM_2019_c,2988,UniRef90_A0A396QEV0,681,6.789845696e-05,8,0.9067909454061251,9.041072830892143e-08
ThomasAM_2019_c,2989,UniRef90_C5EDJ4,680,0.0247300542577,8,0.9054593874833555,3.2929499677363514e-05
ThomasAM_2019_c,2990,UniRef90_P10738,680,0.019981378175,8,0.9054593874833555,2.660636241677763e-05
ThomasAM_2019_c,2991,UniRef90_A0A3E2XAG7,680,0.014163329124,8,0.9054593874833555,1.8859293107856193e-05
ThomasAM_2019_c,2992,UniRef90_E5X3T8,680,0.013261971238,8,0.9054593874833555,1.7659082873501998e-05
ThomasAM_2019_c,2993,UniRef90_A0A3E5DM19,680,0.010533437566,8,0.9054593874833555,1.4025882245006658e-05
ThomasAM_2019_c,2994,UniRef90_A0A3E2TAZ3,680,0.010316246264,8,0.9054593874833555,1.3736679446071905e-05
ThomasAM_2019_c,2995,UniRef90_A0A2A6ZA84,680,0.0102142078788,8,0.9054593874833555,1.3600809425832223e-05
ThomasAM_2019_c,2996,UniRef90_A7V4H6,680,0.0101549367085,8,0.9054593874833555,1.352188642942743e-05
ThomasAM_2019_c,2997,UniRef90_F4XGN4,680,0.009778806921299999,8,0.9054593874833555,1.302104783129161e-05
ThomasAM_2019_c,2998,UniRef90_R5MR58,680,0.0097450203638,8,0.9054593874833555,1.2976059072969375e-05
ThomasAM_2019_c,2999,UniRef90_D4JXW5,680,0.009694227224199999,8,0.9054593874833555,1.2908425065512649e-05
ThomasAM_2019_c,3000,UniRef90_B0NL04,680,0.009628873954,8,0.9054593874833555,1.2821403400798935e-05
ThomasAM_2019_c,3001,UniRef90_A0A173V2R5,680,0.0096273736342,8,0.9054593874833555,1.2819405638082557e-05
ThomasAM_2019_c,3002,UniRef90_G2SYW2,680,0.0095640057386,8,0.9054593874833555,1.2735027614647137e-05
ThomasAM_2019_c,3003,UniRef90_A6L091,680,0.0094315814373,8,0.9054593874833555,1.2558696987083888e-05
ThomasAM_2019_c,3004,UniRef90_F4XGQ7,680,0.009383830066,8,0.9054593874833555,1.2495113270306258e-05
ThomasAM_2019_c,3005,UniRef90_F3PNR1,680,0.009356556604,8,0.9054593874833555,1.24587970758988e-05
ThomasAM_2019_c,3006,UniRef90_A0A3F3K0I6,680,0.0093495052316,8,0.9054593874833555,1.2449407765113183e-05
ThomasAM_2019_c,3007,UniRef90_C7H716,680,0.0093220878785,8,0.9054593874833555,1.2412899971371504e-05
ThomasAM_2019_c,3008,UniRef90_A6KWR4,680,0.00927982428,8,0.9054593874833555,1.2356623541944074e-05
ThomasAM_2019_c,3009,UniRef90_A0A174NH79,680,0.009096129104,8,0.9054593874833555,1.211202277496671e-05
ThomasAM_2019_c,3010,UniRef90_R6YYK5,680,0.009058133646,8,0.9054593874833555,1.206142962183755e-05
ThomasAM_2019_c,3011,UniRef90_A0A076IYQ2,680,0.009035806341,8,0.9054593874833555,1.2031699521970705e-05
ThomasAM_2019_c,3012,UniRef90_D4K2G8,680,0.0089206543526,8,0.9054593874833555,1.1878367979494007e-05
ThomasAM_2019_c,3013,UniRef90_A0A081TKZ8,680,0.0089043294704,8,0.9054593874833555,1.1856630453262315e-05
ThomasAM_2019_c,3014,UniRef90_A0A076ITS7,680,0.0087885055025,8,0.9054593874833555,1.1702404131158455e-05
ThomasAM_2019_c,3015,UniRef90_A6L0V2,680,0.0087636555373,8,0.9054593874833555,1.1669314963115845e-05
ThomasAM_2019_c,3016,UniRef90_A0A0P0LMG6,680,0.008753296027,8,0.9054593874833555,1.1655520675099867e-05
ThomasAM_2019_c,3017,UniRef90_A0A0P0LNX3,680,0.008748789399,8,0.9054593874833555,1.1649519838881491e-05
ThomasAM_2019_c,3018,UniRef90_A0A076J5E7,680,0.008698897459,8,0.9054593874833555,1.1583085830892143e-05
ThomasAM_2019_c,3019,UniRef90_A6L013,680,0.0086150838547,8,0.9054593874833555,1.14714831620506e-05
ThomasAM_2019_c,3020,UniRef90_C3R9H8,680,0.0085785038476,8,0.9054593874833555,1.1422774763781625e-05
ThomasAM_2019_c,3021,UniRef90_B6VSH7,680,0.0085747019993,8,0.9054593874833555,1.141771238255659e-05
ThomasAM_2019_c,3022,UniRef90_I8WFL2,680,0.0085287925039,8,0.9054593874833555,1.1356581230226366e-05
ThomasAM_2019_c,3023,UniRef90_A0A0K2HQB2,680,0.0085219732701,8,0.9054593874833555,1.1347501025432756e-05
ThomasAM_2019_c,3024,UniRef90_U6RBT0,680,0.008493528232,8,0.9054593874833555,1.1309624809587216e-05
ThomasAM_2019_c,3025,UniRef90_A0A076J3M3,680,0.0084317612497,8,0.9054593874833555,1.1227378494940079e-05
ThomasAM_2019_c,3026,UniRef90_C6ZAD5,680,0.00843033137,8,0.9054593874833555,1.1225474527296938e-05
ThomasAM_2019_c,3027,UniRef90_A0A173UL76,680,0.008395454645,8,0.9054593874833555,1.1179034147802928e-05
ThomasAM_2019_c,3028,UniRef90_A0A076ILW1,680,0.0083734840906,8,0.9054593874833555,1.1149779082023969e-05
ThomasAM_2019_c,3029,UniRef90_A0A0P0LBA0,680,0.0083138496216,8,0.9054593874833555,1.1070372332356858e-05
ThomasAM_2019_c,3030,UniRef90_D4VCM7,680,0.0082839819322,8,0.9054593874833555,1.1030601773901466e-05
ThomasAM_2019_c,3031,UniRef90_D4V4N2,680,0.0082364205897,8,0.9054593874833555,1.096727109147803e-05
ThomasAM_2019_c,3032,UniRef90_A6KZK0,680,0.0082100813479,8,0.9054593874833555,1.0932198865379494e-05
ThomasAM_2019_c,3033,UniRef90_A6KYN9,680,0.0081700653,8,0.9054593874833555,1.0878915179760318e-05
ThomasAM_2019_c,3034,UniRef90_A0A173TUG6,680,0.0081589526853,8,0.9054593874833555,1.0864118089613847e-05
ThomasAM_2019_c,3035,UniRef90_A0A076IJE6,680,0.008129739355,8,0.9054593874833555,1.0825218848202397e-05
ThomasAM_2019_c,3036,UniRef90_A6KZN7,680,0.0080231689431,8,0.9054593874833555,1.0683314171904127e-05
ThomasAM_2019_c,3037,UniRef90_A0A076J2S5,680,0.008014661359,8,0.9054593874833555,1.0671985830892143e-05
ThomasAM_2019_c,3038,UniRef90_A0A0K2HHG8,680,0.007987438901599999,8,0.9054593874833555,1.0635737552063913e-05
ThomasAM_2019_c,3039,UniRef90_A0A291TBK6,680,0.0079831965302,8,0.9054593874833555,1.0630088588814913e-05
ThomasAM_2019_c,3040,UniRef90_A0A174FNB0,680,0.007946687976,8,0.9054593874833555,1.0581475334221039e-05
ThomasAM_2019_c,3041,UniRef90_D4K3E5,680,0.007922700566,8,0.9054593874833555,1.0549534708388815e-05
ThomasAM_2019_c,3042,UniRef90_A0A076IV18,680,0.007915913377,8,0.9054593874833555,1.0540497173102532e-05
ThomasAM_2019_c,3043,UniRef90_C7H283,680,0.0079021798784,8,0.9054593874833555,1.0522210224234356e-05
ThomasAM_2019_c,3044,UniRef90_A0A076J0W8,680,0.0078937113305,8,0.9054593874833555,1.0510933862183754e-05
ThomasAM_2019_c,3045,UniRef90_A0A3E4WY27,680,0.007887298405,8,0.9054593874833555,1.0502394680426098e-05
ThomasAM_2019_c,3046,UniRef90_U6RCW1,680,0.0078540978045,8,0.9054593874833555,1.0458186157789615e-05
ThomasAM_2019_c,3047,UniRef90_A0A076IVU9,680,0.0078107517285,8,0.9054593874833555,1.040046834687084e-05
ThomasAM_2019_c,3048,UniRef90_B7AN56,680,0.0077405230271,8,0.9054593874833555,1.0306954763115845e-05
ThomasAM_2019_c,3049,UniRef90_A0A397WKY4,680,0.007729208798999999,8,0.9054593874833555,1.0291889213049266e-05
ThomasAM_2019_c,3050,UniRef90_A0A1Y4PGW2,680,0.0077037966536,8,0.9054593874833555,1.0258051469507324e-05
ThomasAM_2019_c,3051,UniRef90_A6L170,680,0.0076917648468,8,0.9054593874833555,1.0242030421837551e-05
ThomasAM_2019_c,3052,UniRef90_A0A174Y262,680,0.00767986292654,8,0.9054593874833555,1.0226182325619175e-05
ThomasAM_2019_c,3053,UniRef90_A0A076J627,680,0.0076757336723,8,0.9054593874833555,1.0220683984420772e-05
ThomasAM_2019_c,3054,UniRef90_A0A076IYA4,680,0.0076710655873,8,0.9054593874833555,1.021446815885486e-05
ThomasAM_2019_c,3055,UniRef90_A0A174VSZ2,680,0.0076350432235,8,0.9054593874833555,1.016650229494008e-05
ThomasAM_2019_c,3056,UniRef90_A0A0P0M157,680,0.0076325668144,8,0.9054593874833555,1.0163204812782955e-05
ThomasAM_2019_c,3057,UniRef90_A0A2A7AHY9,680,0.007620219118,8,0.9054593874833555,1.0146763139813582e-05
ThomasAM_2019_c,3058,UniRef90_A0A076J3P7,680,0.0076169150281,8,0.9054593874833555,1.0142363552729693e-05
ThomasAM_2019_c,3059,UniRef90_A0A0K2HFV0,680,0.007601090505,8,0.9054593874833555,1.0121292283621837e-05
ThomasAM_2019_c,3060,UniRef90_D4L1Y5,680,0.007591824926099999,8,0.9054593874833555,1.0108954628628494e-05
ThomasAM_2019_c,3061,UniRef90_A0A0K2HJE7,680,0.0075084989848,8,0.9054593874833555,9.998001311318243e-06
ThomasAM_2019_c,3062,UniRef90_A0A1Y3ZLI2,680,0.0074898025626,8,0.9054593874833555,9.973105942210385e-06
ThomasAM_2019_c,3063,UniRef90_A0A396F406,680,0.007487075984,8,0.9054593874833555,9.969475344873501e-06
ThomasAM_2019_c,3064,UniRef90_A8SBG3,680,0.007375170731,8,0.9054593874833555,9.820467018641811e-06
ThomasAM_2019_c,3065,UniRef90_D1K2T2,680,0.0073525190394,8,0.9054593874833555,9.790304979227696e-06
ThomasAM_2019_c,3066,UniRef90_A0A0P0L4N1,680,0.0073496401163,8,0.9054593874833555,9.786471526364846e-06
ThomasAM_2019_c,3067,UniRef90_A6KXU8,680,0.0073383642267,8,0.9054593874833555,9.77145702623169e-06
ThomasAM_2019_c,3068,UniRef90_S0F522,680,0.0073022873886,8,0.9054593874833555,9.723418626631158e-06
ThomasAM_2019_c,3069,UniRef90_A0A2A6ZY34,680,0.0072570811318,8,0.9054593874833555,9.66322387723036e-06
ThomasAM_2019_c,3070,UniRef90_A0A3F3K0U8,680,0.0072560338263999,8,0.9054593874833555,9.661829329427297e-06
ThomasAM_2019_c,3071,UniRef90_A0A0P0M145,680,0.0072322080494,8,0.9054593874833555,9.630103927296938e-06
ThomasAM_2019_c,3072,UniRef90_I9RD05,680,0.007227486197,8,0.9054593874833555,9.623816507323568e-06
ThomasAM_2019_c,3073,UniRef90_A0A0K2HHB7,680,0.0071799178205000005,8,0.9054593874833555,9.560476458721704e-06
ThomasAM_2019_c,3074,UniRef90_U6RRN0,680,0.007172146884100001,8,0.9054593874833555,9.550129006790946e-06
ThomasAM_2019_c,3075,UniRef90_A0A395ZY76,680,0.007168259973,8,0.9054593874833555,9.544953359520638e-06
ThomasAM_2019_c,3076,UniRef90_A0A076IYN8,680,0.007126004598900001,8,0.9054593874833555,9.48868788135819e-06
ThomasAM_2019_c,3077,UniRef90_A0A1Y4PH92,680,0.0070948477419,8,0.9054593874833555,9.447200721571239e-06
ThomasAM_2019_c,3078,UniRef90_A0A076IV27,680,0.0070684238983,8,0.9054593874833555,9.412015843275633e-06
ThomasAM_2019_c,3079,UniRef90_A6L1R7,680,0.0070591206128,8,0.9054593874833555,9.39962797976032e-06
ThomasAM_2019_c,3080,UniRef90_C3R9S9,680,0.0070017303826,8,0.9054593874833555,9.323209564047936e-06
ThomasAM_2019_c,3081,UniRef90_A0A174SQK0,680,0.0069078083999,8,0.9054593874833555,9.198147003861518e-06
ThomasAM_2019_c,3082,UniRef90_A6L011,680,0.006871094013,8,0.9054593874833555,9.149259671105194e-06
ThomasAM_2019_c,3083,UniRef90_A0A396FE59,680,0.0068572046017,8,0.9054593874833555,9.130765115446073e-06
ThomasAM_2019_c,3084,UniRef90_A0A174MDE8,680,0.006709780802,8,0.9054593874833555,8.934461786950732e-06
ThomasAM_2019_c,3085,UniRef90_A0A3E5A271,680,0.0066852173993,8,0.9054593874833555,8.901754193475367e-06
ThomasAM_2019_c,3086,UniRef90_C7HAT0,680,0.006469338106,8,0.9054593874833555,8.61429841011984e-06
ThomasAM_2019_c,3087,UniRef90_A0A174C8R1,680,0.0064689761263,8,0.9054593874833555,8.613816413182424e-06
ThomasAM_2019_c,3088,UniRef90_C7GH29,680,0.0063836457931,8,0.9054593874833555,8.50019413195739e-06
ThomasAM_2019_c,3089,UniRef90_A0A174J5J5,680,0.0063379009243,8,0.9054593874833555,8.439282189480692e-06
ThomasAM_2019_c,3090,UniRef90_C4ZBF9,680,0.0063314493479,8,0.9054593874833555,8.430691541810919e-06
ThomasAM_2019_c,3091,UniRef90_A0A0M6WSM8,680,0.0063005857218,8,0.9054593874833555,8.389594835952064e-06
ThomasAM_2019_c,3092,UniRef90_A0A2A6ZX32,680,0.0061247780691,8,0.9054593874833555,8.155496763115846e-06
ThomasAM_2019_c,3093,UniRef90_A0A329UMP7,680,0.0060983350331,8,0.9054593874833555,8.120286329027962e-06
ThomasAM_2019_c,3094,UniRef90_E5V8X4,680,0.0059730138817,8,0.9054593874833555,7.953413956990678e-06
ThomasAM_2019_c,3095,UniRef90_E2ZIC5,680,0.0059639117105999995,8,0.9054593874833555,7.941293888948068e-06
ThomasAM_2019_c,3096,UniRef90_D9QZK2,680,0.0059274414763,8,0.9054593874833555,7.892731659520639e-06
ThomasAM_2019_c,3097,UniRef90_A0A173XLZ0,680,0.0058754348644,8,0.9054593874833555,7.823481843408788e-06
ThomasAM_2019_c,3098,UniRef90_U2AUY7,680,0.00572017041973,8,0.9054593874833555,7.6167382419840214e-06
ThomasAM_2019_c,3099,UniRef90_A0A076IQA4,680,0.005429254324,8,0.9054593874833555,7.229366609853529e-06
ThomasAM_2019_c,3100,UniRef90_A0A0P0GTV9,680,0.0052503262955,8,0.9054593874833555,6.9911135758988016e-06
ThomasAM_2019_c,3101,UniRef90_R9MNW7,680,0.0051963578657,8,0.9054593874833555,6.919251485619174e-06
ThomasAM_2019_c,3102,UniRef90_A0A173S646,680,0.0051154357165,8,0.9054593874833555,6.811498956724367e-06
ThomasAM_2019_c,3103,UniRef90_A0A395WMA6,680,0.0050594874571,8,0.9054593874833555,6.737000608655126e-06
ThomasAM_2019_c,3104,UniRef90_B7AVV9,680,0.0049505254921,8,0.9054593874833555,6.591911440878828e-06
ThomasAM_2019_c,3105,UniRef90_A0A174SPA5,680,0.0048718364543,8,0.9054593874833555,6.487132429161118e-06
ThomasAM_2019_c,3106,UniRef90_D4LTT5,680,0.0046825755702999995,8,0.9054593874833555,6.235120599600532e-06
ThomasAM_2019_c,3107,UniRef90_U2DPW0,680,0.004614862537,8,0.9054593874833555,6.144956773635153e-06
ThomasAM_2019_c,3108,UniRef90_A0A1Q6QUP3,680,0.0045380116084,8,0.9054593874833555,6.04262531078562e-06
ThomasAM_2019_c,3109,UniRef90_Q8A2P0,680,0.0043228010943,8,0.9054593874833555,5.756060045672437e-06
ThomasAM_2019_c,3110,UniRef90_D4K4V6,680,0.004205167031799999,8,0.9054593874833555,5.5994234777629815e-06
ThomasAM_2019_c,3111,UniRef90_Q8A3C0,680,0.0041184853215,8,0.9054593874833555,5.484001759653795e-06
ThomasAM_2019_c,3112,UniRef90_A0A2N5PJM6,680,0.004020573462,8,0.9054593874833555,5.353626447403463e-06
ThomasAM_2019_c,3113,UniRef90_A0A395WK13,680,0.0038936147357,8,0.9054593874833555,5.184573549533955e-06
ThomasAM_2019_c,3114,UniRef90_A0A395XBD8,680,0.0037282162492,8,0.9054593874833555,4.964335884420772e-06
ThomasAM_2019_c,3115,UniRef90_R6KA29,680,0.0037072354453,8,0.9054593874833555,4.9363987287616515e-06
ThomasAM_2019_c,3116,UniRef90_A0A139L6D5,680,0.0036767173958,8,0.9054593874833555,4.89576217816245e-06
ThomasAM_2019_c,3117,UniRef90_A0A139JTX3,680,0.0036366721281999997,8,0.9054593874833555,4.84243958482024e-06
ThomasAM_2019_c,3118,UniRef90_A0A396E4B5,680,0.0036277492305,8,0.9054593874833555,4.830558229693742e-06
ThomasAM_2019_c,3119,UniRef90_Q8A0Y7,680,0.0036128300503,8,0.9054593874833555,4.810692477097204e-06
ThomasAM_2019_c,3120,UniRef90_R7KSD4,680,0.0036037749936,8,0.9054593874833555,4.798635144607191e-06
ThomasAM_2019_c,3121,UniRef90_D6D803,680,0.0036022708093,8,0.9054593874833555,4.7966322360852196e-06
ThomasAM_2019_c,3122,UniRef90_R6J5K4,680,0.0035888112242,8,0.9054593874833555,4.778710018908123e-06
ThomasAM_2019_c,3123,UniRef90_A0A1G8QHE7,680,0.0035530421770999998,8,0.9054593874833555,4.731081460852197e-06
ThomasAM_2019_c,3124,UniRef90_A0A396DHI3,680,0.0035344512808,8,0.9054593874833555,4.706326605592544e-06
ThomasAM_2019_c,3125,UniRef90_Q8A2A1,680,0.0035185191977,8,0.9054593874833555,4.685112114114514e-06
ThomasAM_2019_c,3126,UniRef90_Q8A5I9,680,0.0033305890978,8,0.9054593874833555,4.434872300665779e-06
ThomasAM_2019_c,3127,UniRef90_Q8A4T0,680,0.0033174035500999,8,0.9054593874833555,4.417314980159654e-06
ThomasAM_2019_c,3128,UniRef90_Q8AB53,680,0.0032837234884999997,8,0.9054593874833555,4.372468027296937e-06
ThomasAM_2019_c,3129,UniRef90_E5CFD6,680,0.0032440773531,8,0.9054593874833555,4.319676901597869e-06
ThomasAM_2019_c,3130,UniRef90_R6JK76,680,0.003170806359,8,0.9054593874833555,4.222112328894807e-06
ThomasAM_2019_c,3131,UniRef90_A5ZC85,680,0.0030662090738000003,8,0.9054593874833555,4.082834985086552e-06
ThomasAM_2019_c,3132,UniRef90_B0NHL1,680,0.0030439764730999996,8,0.9054593874833555,4.053230989480692e-06
ThomasAM_2019_c,3133,UniRef90_R6JRP7,680,0.0030226491933,8,0.9054593874833555,4.024832481091877e-06
ThomasAM_2019_c,3134,UniRef90_R6JP09,680,0.0029738659528,8,0.9054593874833555,3.9598747707057256e-06
ThomasAM_2019_c,3135,UniRef90_A0A1Y4PQJ2,680,0.0028384110773,8,0.9054593874833555,3.7795087580559255e-06
ThomasAM_2019_c,3136,UniRef90_A0A174G1Z6,680,0.002587224534,8,0.9054593874833555,3.4450393262316912e-06
ThomasAM_2019_c,3137,UniRef90_A0A174IR82,680,0.0025840516114,8,0.9054593874833555,3.4408143960053264e-06
ThomasAM_2019_c,3138,UniRef90_R6WBX7,680,0.002553805963,8,0.9054593874833555,3.4005405632490016e-06
ThomasAM_2019_c,3139,UniRef90_K8E2V0,680,0.0008680335524999999,8,0.9054593874833555,1.1558369540612515e-06
ThomasAM_2019_c,3140,UniRef90_R9LBM5,680,0.00079158984113,8,0.9054593874833555,1.0540477245406125e-06
ThomasAM_2019_c,3141,UniRef90_C7GG88,680,0.0005843683735,8,0.9054593874833555,7.781203375499334e-07
ThomasAM_2019_c,3142,UniRef90_K1RQQ9,680,0.000518294781,8,0.9054593874833555,6.901395219707058e-07
ThomasAM_2019_c,3143,UniRef90_R5YGZ5,680,0.0002516605849,8,0.9054593874833555,3.3510064567243673e-07
ThomasAM_2019_c,3144,UniRef90_A0A317TN49,680,8.915439084e-05,8,0.9054593874833555,1.1871423547270307e-07
ThomasAM_2019_c,3145,UniRef90_A0A3E2XRZ3,679,0.0250791022178,8,0.9041278295605859,3.339427725406125e-05
ThomasAM_2019_c,3146,UniRef90_A0A174SGS4,679,0.019486970684,8,0.9041278295605859,2.594803020505992e-05
ThomasAM_2019_c,3147,UniRef90_C7H8M9,679,0.014635833273,8,0.9041278295605859,1.948845975099867e-05
ThomasAM_2019_c,3148,UniRef90_E2ZMD9,679,0.0132600576406,8,0.9041278295605859,1.765653480772304e-05
ThomasAM_2019_c,3149,UniRef90_U2PKZ2,679,0.0119017110048,8,0.9041278295605859,1.5847817582956058e-05
ThomasAM_2019_c,3150,UniRef90_A0A174FZ57,679,0.0116668783277,8,0.9041278295605859,1.553512427123835e-05
ThomasAM_2019_c,3151,UniRef90_A0A3E5ECT0,679,0.011634489145,8,0.9041278295605859,1.549199619840213e-05
ThomasAM_2019_c,3152,UniRef90_A0A174MZL4,679,0.011391365941,8,0.9041278295605859,1.5168263569906792e-05
ThomasAM_2019_c,3153,UniRef90_A0A2A7B088,679,0.0110751533805,8,0.9041278295605859,1.4747208229693743e-05
ThomasAM_2019_c,3154,UniRef90_A0A076IMH5,679,0.009477959121299999,8,0.9041278295605859,1.2620451559653794e-05
ThomasAM_2019_c,3155,UniRef90_U6R7Y1,679,0.009467058851,8,0.9041278295605859,1.2605937218375499e-05
ThomasAM_2019_c,3156,UniRef90_D4V870,679,0.0091873482,8,0.9041278295605859,1.2233486284953397e-05
ThomasAM_2019_c,3157,UniRef90_A6L2W9,679,0.0091824454324,8,0.9041278295605859,1.2226957965912118e-05
ThomasAM_2019_c,3158,UniRef90_A0A076IZ64,679,0.0089565913199,8,0.9041278295605859,1.1926220133022637e-05
ThomasAM_2019_c,3159,UniRef90_A0A0P0LP13,679,0.0089292216148,8,0.9041278295605859,1.1889775785352863e-05
ThomasAM_2019_c,3160,UniRef90_A0A1Q6QUH7,679,0.0087171684942,8,0.9041278295605859,1.1607414772569906e-05
ThomasAM_2019_c,3161,UniRef90_C3R800,679,0.0086875967909,8,0.9041278295605859,1.1568038336751e-05
ThomasAM_2019_c,3162,UniRef90_A0A0P0LDE8,679,0.008670413063399999,8,0.9041278295605859,1.1545157208255657e-05
ThomasAM_2019_c,3163,UniRef90_A0A0K2HH17,679,0.0085499297193,8,0.9041278295605859,1.1384726656857522e-05
ThomasAM_2019_c,3164,UniRef90_E5UNU5,679,0.0085445176918,8,0.9041278295605859,1.1377520228761653e-05
ThomasAM_2019_c,3165,UniRef90_D4K8A4,679,0.008535488237,8,0.9041278295605859,1.1365496986684422e-05
ThomasAM_2019_c,3166,UniRef90_A0A0P0M5Q5,679,0.0085052418293,8,0.9041278295605859,1.1325222142876165e-05
ThomasAM_2019_c,3167,UniRef90_U6RDV1,679,0.0084767864687,8,0.9041278295605859,1.1287332182023969e-05
ThomasAM_2019_c,3168,UniRef90_A0A0P0LCY3,679,0.0084496613716,8,0.9041278295605859,1.1251213544074567e-05
ThomasAM_2019_c,3169,UniRef90_A0A076IY52,679,0.0084037325879,8,0.9041278295605859,1.119005670825566e-05
ThomasAM_2019_c,3170,UniRef90_A0A396B8P2,679,0.008379230393,8,0.9041278295605859,1.115743061651132e-05
ThomasAM_2019_c,3171,UniRef90_A0A076IYU9,679,0.0083724568066,8,0.9041278295605859,1.1148411193874835e-05
ThomasAM_2019_c,3172,UniRef90_A0A076IP18,679,0.008334091991,8,0.9041278295605859,1.1097326219707056e-05
ThomasAM_2019_c,3173,UniRef90_A0A076J1I5,679,0.0082522677719,8,0.9041278295605859,1.0988372532490013e-05
ThomasAM_2019_c,3174,UniRef90_A0A1Y4PSH3,679,0.0082387555259,8,0.9041278295605859,1.09703801942743e-05
ThomasAM_2019_c,3175,UniRef90_A0A1Y4PFU1,679,0.0081868807453,8,0.9041278295605859,1.0901305919174434e-05
ThomasAM_2019_c,3176,UniRef90_A0A076IZY4,679,0.0081410484768,8,0.9041278295605859,1.0840277598934755e-05
ThomasAM_2019_c,3177,UniRef90_R6Q074,679,0.008135321632,8,0.9041278295605859,1.0832651973368841e-05
ThomasAM_2019_c,3178,UniRef90_A0A076J3D4,679,0.0080897455467,8,0.9041278295605859,1.0771964775898801e-05
ThomasAM_2019_c,3179,UniRef90_A0A0P0LKS4,679,0.0080725594993,8,0.9041278295605859,1.0749080558322239e-05
ThomasAM_2019_c,3180,UniRef90_U2R5B2,679,0.0080433717648,8,0.9041278295605859,1.0710215399201065e-05
ThomasAM_2019_c,3181,UniRef90_A0A076IMG8,679,0.0080326781345,8,0.9041278295605859,1.069597621105193e-05
ThomasAM_2019_c,3182,UniRef90_U6RSC0,679,0.008016567157,8,0.9041278295605859,1.0674523511318242e-05
ThomasAM_2019_c,3183,UniRef90_A0A174LR32,679,0.0079946153786,8,0.9041278295605859,1.064529344687084e-05
ThomasAM_2019_c,3184,UniRef90_A6KXK1,679,0.0079903271968,8,0.9041278295605859,1.0639583484420772e-05
ThomasAM_2019_c,3185,UniRef90_A0A1Y3ZJ45,679,0.0079424831485,8,0.9041278295605859,1.0575876362849535e-05
ThomasAM_2019_c,3186,UniRef90_A0A0P0LHJ3,679,0.0079295300212,8,0.9041278295605859,1.0558628523568575e-05
ThomasAM_2019_c,3187,UniRef90_A0A174WY71,679,0.0079262045572,8,0.9041278295605859,1.0554200475632491e-05
ThomasAM_2019_c,3188,UniRef90_A0A076J323,679,0.007877490076,8,0.9041278295605859,1.0489334322237018e-05
ThomasAM_2019_c,3189,UniRef90_A8S7R8,679,0.0078435606904,8,0.9041278295605859,1.0444155380026632e-05
ThomasAM_2019_c,3190,UniRef90_A0A076INQ7,679,0.0078392956684,8,0.9041278295605859,1.0438476256191745e-05
ThomasAM_2019_c,3191,UniRef90_A8SDL9,679,0.007824751347,8,0.9041278295605859,1.0419109649800266e-05
ThomasAM_2019_c,3192,UniRef90_D4V3P4,679,0.007803004108,8,0.9041278295605859,1.0390151941411452e-05
ThomasAM_2019_c,3193,UniRef90_A0A0P0LLB5,679,0.0077777135869,8,0.9041278295605859,1.0356476147669773e-05
ThomasAM_2019_c,3194,UniRef90_A0A329U9G1,679,0.007771773989,8,0.9041278295605859,1.0348567229027962e-05
ThomasAM_2019_c,3195,UniRef90_A0A0K2HGZ3,679,0.0077713395203999995,8,0.9041278295605859,1.0347988708921437e-05
ThomasAM_2019_c,3196,UniRef90_A0A0N7J6U8,679,0.0077351217963,8,0.9041278295605859,1.0299762711451397e-05
ThomasAM_2019_c,3197,UniRef90_A6KZK8,679,0.0077319240975999995,8,0.9041278295605859,1.0295504790412782e-05
ThomasAM_2019_c,3198,UniRef90_C3RA93,679,0.007703252276199999,8,0.9041278295605859,1.0257326599467375e-05
ThomasAM_2019_c,3199,UniRef90_A0A397WK36,679,0.0076925755596,8,0.9041278295605859,1.024310993288948e-05
ThomasAM_2019_c,3200,UniRef90_D4KCP2,679,0.007644495583,8,0.9041278295605859,1.0179088659121172e-05
ThomasAM_2019_c,3201,UniRef90_A0A0K2HFX1,679,0.007637839877200001,8,0.9041278295605859,1.0170226201331558e-05
ThomasAM_2019_c,3202,UniRef90_A0A0K2HI22,679,0.0075921319992,8,0.9041278295605859,1.010936351424767e-05
ThomasAM_2019_c,3203,UniRef90_A0A076IRX9,679,0.0075822411119,8,0.9041278295605859,1.0096193224900133e-05
ThomasAM_2019_c,3204,UniRef90_A0A076IPE8,679,0.0075751996611,8,0.9041278295605859,1.00868171252996e-05
ThomasAM_2019_c,3205,UniRef90_A0A329UA64,679,0.0075542424219,8,0.9041278295605859,1.0058911347403463e-05
ThomasAM_2019_c,3206,UniRef90_A0A0K2HL46,679,0.0075146676062,8,0.9041278295605859,1.0006215188015978e-05
ThomasAM_2019_c,3207,UniRef90_A0A0K2HGW6,679,0.0075137724948,8,0.9041278295605859,1.0005023295339546e-05
ThomasAM_2019_c,3208,UniRef90_A0A076IP97,679,0.0074948482248,8,0.9041278295605859,9.979824533688416e-06
ThomasAM_2019_c,3209,UniRef90_A6KXS0,679,0.0074861644548,8,0.9041278295605859,9.968261590945406e-06
ThomasAM_2019_c,3210,UniRef90_D4KBW2,679,0.0074556239736,8,0.9041278295605859,9.927595171238348e-06
ThomasAM_2019_c,3211,UniRef90_A0A076IZ47,679,0.0073866495866,8,0.9041278295605859,9.83575177976032e-06
ThomasAM_2019_c,3212,UniRef90_D4V3D2,679,0.007349334965,8,0.9041278295605859,9.786065199733688e-06
ThomasAM_2019_c,3213,UniRef90_A0A1Q6QN43,679,0.007314203224,8,0.9041278295605859,9.739285251664447e-06
ThomasAM_2019_c,3214,UniRef90_A6L1Q8,679,0.0072995874437,8,0.9041278295605859,9.719823493608522e-06
ThomasAM_2019_c,3215,UniRef90_A0A076ITJ7,679,0.007266245152,8,0.9041278295605859,9.675426300932092e-06
ThomasAM_2019_c,3216,UniRef90_A0A076IHX2,679,0.0072529232144,8,0.9041278295605859,9.657687369374168e-06
ThomasAM_2019_c,3217,UniRef90_A0A076IXL6,679,0.0072058665428,8,0.9041278295605859,9.59502868548602e-06
ThomasAM_2019_c,3218,UniRef90_A0A0M1W7B1,679,0.0071871985736,8,0.9041278295605859,9.57017120319574e-06
ThomasAM_2019_c,3219,UniRef90_A0A0K2HHQ4,679,0.0071740671034,8,0.9041278295605859,9.552685890013315e-06
ThomasAM_2019_c,3220,UniRef90_A0A1Q6J7F6,679,0.0071461552491000006,8,0.9041278295605859,9.515519639280959e-06
ThomasAM_2019_c,3221,UniRef90_A0A078QY88,679,0.0071271230049999995,8,0.9041278295605859,9.490177103861518e-06
ThomasAM_2019_c,3222,UniRef90_B6VU62,679,0.0070957672535,8,0.9041278295605859,9.448425104527297e-06
ThomasAM_2019_c,3223,UniRef90_A0A2J4JNN7,679,0.0070883574821000005,8,0.9041278295605859,9.438558564713716e-06
ThomasAM_2019_c,3224,UniRef90_A0A0P0L0J3,679,0.0070690179086,8,0.9041278295605859,9.412806802396805e-06
ThomasAM_2019_c,3225,UniRef90_A0A396FF91,679,0.0070592927588,8,0.9041278295605859,9.399857202130493e-06
ThomasAM_2019_c,3226,UniRef90_R6PT98,679,0.0070314160021,8,0.9041278295605859,9.362737685885487e-06
ThomasAM_2019_c,3227,UniRef90_A0A329U594,679,0.0070276936525,8,0.9041278295605859,9.357781161784287e-06
ThomasAM_2019_c,3228,UniRef90_A6L686,679,0.0070215623257,8,0.9041278295605859,9.349616945006658e-06
ThomasAM_2019_c,3229,UniRef90_B6VTR7,679,0.0070054576424,8,0.9041278295605859,9.328172626364847e-06
ThomasAM_2019_c,3230,UniRef90_A0A076IMG9,679,0.0069190029368,8,0.9041278295605859,9.21305317816245e-06
ThomasAM_2019_c,3231,UniRef90_A0A076J0X1,679,0.0068756589718,8,0.9041278295605859,9.15533817816245e-06
ThomasAM_2019_c,3232,UniRef90_D4VBS8,679,0.006874102682,8,0.9041278295605859,9.153265888149135e-06
ThomasAM_2019_c,3233,UniRef90_A0A173QTZ7,679,0.0068737102639,8,0.9041278295605859,9.15274336071904e-06
ThomasAM_2019_c,3234,UniRef90_A0A1Y4PDW8,679,0.0068433271597,8,0.9041278295605859,9.112286497603195e-06
ThomasAM_2019_c,3235,UniRef90_H1CHY2,679,0.0068072294146,8,0.9041278295605859,9.064220259121172e-06
ThomasAM_2019_c,3236,UniRef90_A0A329TW13,679,0.006727435789,8,0.9041278295605859,8.957970424766978e-06
ThomasAM_2019_c,3237,UniRef90_R6R868,679,0.0066979558921,8,0.9041278295605859,8.91871623448735e-06
ThomasAM_2019_c,3238,UniRef90_A6L7T5,679,0.006690642454200001,8,0.9041278295605859,8.908977968308922e-06
ThomasAM_2019_c,3239,UniRef90_B0NVF6,679,0.0066799632499000006,8,0.9041278295605859,8.894757989214382e-06
ThomasAM_2019_c,3240,UniRef90_Q64YL9,679,0.0066666808268,8,0.9041278295605859,8.877071673501998e-06
ThomasAM_2019_c,3241,UniRef90_A0A397WMH6,679,0.006666010122,8,0.9041278295605859,8.876178591211719e-06
ThomasAM_2019_c,3242,UniRef90_D4V6M4,679,0.0066388972151,8,0.9041278295605859,8.840076185219707e-06
ThomasAM_2019_c,3243,UniRef90_R6R743,679,0.0065294015981,8,0.9041278295605859,8.694276428894806e-06
ThomasAM_2019_c,3244,UniRef90_A0A076IUQ2,679,0.0065125009056,8,0.9041278295605859,8.671772177896139e-06
ThomasAM_2019_c,3245,UniRef90_A0A3E2U493,679,0.0064761710534,8,0.9041278295605859,8.623396875366178e-06
ThomasAM_2019_c,3246,UniRef90_A0A076ISC1,679,0.006434410202,8,0.9041278295605859,8.567789882822903e-06
ThomasAM_2019_c,3247,UniRef90_A0A076IQV2,679,0.006389844867,8,0.9041278295605859,8.50844855792277e-06
ThomasAM_2019_c,3248,UniRef90_A0A329TSE1,679,0.0063884308509,8,0.9041278295605859,8.506565713581892e-06
ThomasAM_2019_c,3249,UniRef90_I9R7Z9,679,0.006387584877,8,0.9041278295605859,8.50543925033289e-06
ThomasAM_2019_c,3250,UniRef90_A0A173WDM0,679,0.0063581299759,8,0.9041278295605859,8.466218343408788e-06
ThomasAM_2019_c,3251,UniRef90_E2ZIJ2,679,0.0063406554883,8,0.9041278295605859,8.442950050998668e-06
ThomasAM_2019_c,3252,UniRef90_A0A076J5N3,679,0.0063098005416,8,0.9041278295605859,8.401864902263649e-06
ThomasAM_2019_c,3253,UniRef90_A0A0P0GVF8,679,0.006263414667,8,0.9041278295605859,8.340099423435418e-06
ThomasAM_2019_c,3254,UniRef90_D4JA91,679,0.0062553409586,8,0.9041278295605859,8.329348813049267e-06
ThomasAM_2019_c,3255,UniRef90_E2ZHA1,679,0.0062507456199999995,8,0.9041278295605859,8.323229853528627e-06
ThomasAM_2019_c,3256,UniRef90_A6KYG9,679,0.0061534492973,8,0.9041278295605859,8.193674164181092e-06
ThomasAM_2019_c,3257,UniRef90_A0A2J4JQ23,679,0.0060916718259999,8,0.9041278295605859,8.11141388282277e-06
ThomasAM_2019_c,3258,UniRef90_C5ERC2,679,0.0060166724509999,8,0.9041278295605859,8.011547870838747e-06
ThomasAM_2019_c,3259,UniRef90_A6L5E2,679,0.0059448558646,8,0.9041278295605859,7.91591992623169e-06
ThomasAM_2019_c,3260,UniRef90_R6R539,679,0.0059099846272,8,0.9041278295605859,7.86948685379494e-06
ThomasAM_2019_c,3261,UniRef90_R6QA87,679,0.005850248767000001,8,0.9041278295605859,7.78994509587217e-06
ThomasAM_2019_c,3262,UniRef90_D4J5V5,679,0.0057013342175,8,0.9041278295605859,7.591656747669774e-06
ThomasAM_2019_c,3263,UniRef90_A0A3E2UBM5,679,0.0056099603289,8,0.9041278295605859,7.469987122370173e-06
ThomasAM_2019_c,3264,UniRef90_A0A076YZQ3,679,0.005490336201,8,0.9041278295605859,7.310700667110519e-06
ThomasAM_2019_c,3265,UniRef90_D5H1L5,679,0.0053619305242,8,0.9041278295605859,7.139721070838882e-06
ThomasAM_2019_c,3266,UniRef90_H1B507,679,0.0053615852349,8,0.9041278295605859,7.139261298135819e-06
ThomasAM_2019_c,3267,UniRef90_B6FQS0,679,0.0052577803738,8,0.9041278295605859,7.001039112916112e-06
ThomasAM_2019_c,3268,UniRef90_A0A174AIQ5,679,0.0052140820794999996,8,0.9041278295605859,6.942852302929426e-06
ThomasAM_2019_c,3269,UniRef90_A0A0S2W2P8,679,0.0051559569166999995,8,0.9041278295605859,6.8654552818908115e-06
ThomasAM_2019_c,3270,UniRef90_A5Z4V0,679,0.004792143958,8,0.9041278295605859,6.381017254327563e-06
ThomasAM_2019_c,3271,UniRef90_C5ER76,679,0.004788573533,8,0.9041278295605859,6.376263026631159e-06
ThomasAM_2019_c,3272,UniRef90_A0A396FHA2,679,0.0047449416289,8,0.9041278295605859,6.318164619041278e-06
ThomasAM_2019_c,3273,UniRef90_A0A1Y4FP79,679,0.0045658013143,8,0.9041278295605859,6.079628913848202e-06
ThomasAM_2019_c,3274,UniRef90_A8SG42,679,0.004395248042,8,0.9041278295605859,5.852527352862849e-06
ThomasAM_2019_c,3275,UniRef90_C9KR75,679,0.0043325030621,8,0.9041278295605859,5.768978777762983e-06
ThomasAM_2019_c,3276,UniRef90_C7H2C6,679,0.0042711673743,8,0.9041278295605859,5.6873067567243674e-06
ThomasAM_2019_c,3277,UniRef90_R9LK49,679,0.0041027273854000006,8,0.9041278295605859,5.463019154993343e-06
ThomasAM_2019_c,3278,UniRef90_A0A2A7AD25,679,0.0040994613302,8,0.9041278295605859,5.458670213315579e-06
ThomasAM_2019_c,3279,UniRef90_G1WVG1,679,0.0039681722986,8,0.9041278295605859,5.283851263115845e-06
ThomasAM_2019_c,3280,UniRef90_A5ZJR5,679,0.0039621875518,8,0.9041278295605859,5.275882226098535e-06
ThomasAM_2019_c,3281,UniRef90_Q8A5U5,679,0.0039132951244999995,8,0.9041278295605859,5.210779127163781e-06
ThomasAM_2019_c,3282,UniRef90_A5ZF89,679,0.0039063176724999996,8,0.9041278295605859,5.201488245672436e-06
ThomasAM_2019_c,3283,UniRef90_V8C6R3,679,0.0038901558554,8,0.9041278295605859,5.179967850066578e-06
ThomasAM_2019_c,3284,UniRef90_R5U2V5,679,0.0038829226819,8,0.9041278295605859,5.170336460585886e-06
ThomasAM_2019_c,3285,UniRef90_R6J7T6,679,0.0038710413724,8,0.9041278295605859,5.154515808788283e-06
ThomasAM_2019_c,3286,UniRef90_R6JD81,679,0.0037974589938,8,0.9041278295605859,5.0565366095872165e-06
ThomasAM_2019_c,3287,UniRef90_A0A139KV96,679,0.0037532329541,8,0.9041278295605859,4.997647076031957e-06
ThomasAM_2019_c,3288,UniRef90_B5CRJ4,679,0.00375217099,8,0.9041278295605859,4.9962330093209055e-06
ThomasAM_2019_c,3289,UniRef90_R6J6S5,679,0.003742302634,8,0.9041278295605859,4.983092721704394e-06
ThomasAM_2019_c,3290,UniRef90_Q8A1A0,679,0.003711081265,8,0.9041278295605859,4.9415196604527296e-06
ThomasAM_2019_c,3291,UniRef90_Q8A260,679,0.0036753158430999997,8,0.9041278295605859,4.893895929560586e-06
ThomasAM_2019_c,3292,UniRef90_D4ML41,679,0.0036697174210999998,8,0.9041278295605859,4.8864413063914775e-06
ThomasAM_2019_c,3293,UniRef90_A0A139KC75,679,0.003659647491,8,0.9041278295605859,4.8730326111850864e-06
ThomasAM_2019_c,3294,UniRef90_C3QSV7,679,0.0035707133308,8,0.9041278295605859,4.754611625565912e-06
ThomasAM_2019_c,3295,UniRef90_Q8A0V3,679,0.0035669994903999,8,0.9041278295605859,4.749666431957257e-06
ThomasAM_2019_c,3296,UniRef90_D6CXV5,679,0.0035458352938,8,0.9041278295605859,4.721485078295606e-06
ThomasAM_2019_c,3297,UniRef90_Q8A5G4,679,0.0035355712728,8,0.9041278295605859,4.707817939813582e-06
ThomasAM_2019_c,3298,UniRef90_Q8A8Y4,679,0.0034683331108,8,0.9041278295605859,4.618286432490013e-06
ThomasAM_2019_c,3299,UniRef90_A0A396E160,679,0.0034479313825,8,0.9041278295605859,4.591120349533954e-06
ThomasAM_2019_c,3300,UniRef90_R6K4Z0,679,0.0034172538800000003,8,0.9041278295605859,4.550271478029295e-06
ThomasAM_2019_c,3301,UniRef90_A0A1I5CTC2,679,0.0034131646665,8,0.9041278295605859,4.544826453395472e-06
ThomasAM_2019_c,3302,UniRef90_A0A174GQN8,679,0.0033541679737,8,0.9041278295605859,4.466268939680426e-06
ThomasAM_2019_c,3303,UniRef90_Q5LGN1,679,0.0033526082662,8,0.9041278295605859,4.4641920988015976e-06
ThomasAM_2019_c,3304,UniRef90_A0A0P0EX92,679,0.0033351021438,8,0.9041278295605859,4.440881682822903e-06
ThomasAM_2019_c,3305,UniRef90_A0A371A4J5,679,0.0033319066999,8,0.9041278295605859,4.4366267641810915e-06
ThomasAM_2019_c,3306,UniRef90_R6JC60,679,0.0032109541533,8,0.9041278295605859,4.275571442476698e-06
ThomasAM_2019_c,3307,UniRef90_R6J9F9,679,0.003206888813,8,0.9041278295605859,4.270158206391478e-06
ThomasAM_2019_c,3308,UniRef90_A0A0P0EPF0,679,0.0031931769762,8,0.9041278295605859,4.251900101464714e-06
ThomasAM_2019_c,3309,UniRef90_R5HE43,679,0.0031765285492000002,8,0.9041278295605859,4.229731756591212e-06
ThomasAM_2019_c,3310,UniRef90_A0A2Z5TND2,679,0.0027439707272,8,0.9041278295605859,3.653755961651132e-06
ThomasAM_2019_c,3311,UniRef90_A0A134CL94,679,0.002592050718,8,0.9041278295605859,3.451465669773635e-06
ThomasAM_2019_c,3312,UniRef90_B9Y9A8,679,0.002573187856,8,0.9041278295605859,3.4263486764314245e-06
ThomasAM_2019_c,3313,UniRef90_D7GTQ1,679,0.0023311860639,8,0.9041278295605859,3.1041092728362187e-06
ThomasAM_2019_c,3314,UniRef90_A0A174V0Q5,679,0.002299332646,8,0.9041278295605859,3.0616946018641808e-06
ThomasAM_2019_c,3315,UniRef90_C0CVE1,679,0.0021684116187,8,0.9041278295605859,2.8873656707057257e-06
ThomasAM_2019_c,3316,UniRef90_C0B6N7,679,0.0020881710501999998,8,0.9041278295605859,2.78052070599201e-06
ThomasAM_2019_c,3317,UniRef90_D4KXM1,679,0.0016915829728,8,0.9041278295605859,2.2524407094540613e-06
ThomasAM_2019_c,3318,UniRef90_D6DDN4,679,0.0012251174717,8,0.9041278295605859,1.6313148757656458e-06
ThomasAM_2019_c,3319,UniRef90_R9KJF7,679,0.00018074251159,8,0.9041278295605859,2.406691232889481e-07
ThomasAM_2019_c,3320,UniRef90_R6NIQ6,679,0.00013932939878,8,0.9041278295605859,1.8552516482023968e-07
ThomasAM_2019_c,3321,UniRef90_A0A3C0THH0,679,8.08709073e-05,8,0.9041278295605859,1.0768429733688416e-07
ThomasAM_2019_c,3322,UniRef90_J9FTK5,679,2.465272442e-05,8,0.9041278295605859,3.282653051930759e-08
ThomasAM_2019_c,3323,UniRef90_C3R2Z9,678,0.039988255688,8,0.9027962716378163,5.3246678679094536e-05
ThomasAM_2019_c,3324,UniRef90_A0A0P0M2A9,678,0.0167499182086,8,0.9027962716378163,2.2303486296404796e-05
ThomasAM_2019_c,3325,UniRef90_A0A0P0M495,678,0.016279527627400002,8,0.9027962716378163,2.167713399121172e-05
ThomasAM_2019_c,3326,UniRef90_E8LE05,678,0.0123291343695,8,0.9027962716378163,1.64169565505992e-05
ThomasAM_2019_c,3327,UniRef90_R9I0V2,678,0.012270919461899999,8,0.9027962716378163,1.6339440029161116e-05
ThomasAM_2019_c,3328,UniRef90_A0A0K2Y5T8,678,0.011103767997,8,0.9027962716378163,1.4785310249001331e-05
ThomasAM_2019_c,3329,UniRef90_U6RQI7,678,0.010553898376000001,8,0.9027962716378163,1.4053126998668444e-05
ThomasAM_2019_c,3330,UniRef90_A0A076IZE7,678,0.0102144438278,8,0.9027962716378163,1.3601123605592544e-05
ThomasAM_2019_c,3331,UniRef90_A0A174XZM4,678,0.0099175564871,8,0.9027962716378163,1.320580091491345e-05
ThomasAM_2019_c,3332,UniRef90_A0A396FM87,678,0.009793401015,8,0.9027962716378163,1.3040480712383488e-05
ThomasAM_2019_c,3333,UniRef90_C7H3G4,678,0.0097067937932,8,0.9027962716378163,1.2925158180026632e-05
ThomasAM_2019_c,3334,UniRef90_A0A3E5E3S0,678,0.0094625637138,8,0.9027962716378163,1.2599951682822904e-05
ThomasAM_2019_c,3335,UniRef90_C6LDC9,678,0.009453777285,8,0.9027962716378163,1.2588252043941411e-05
ThomasAM_2019_c,3336,UniRef90_A6KXA1,678,0.009311996733,8,0.9027962716378163,1.2399463026631159e-05
ThomasAM_2019_c,3337,UniRef90_A5Z4A1,678,0.0091021554816,8,0.9027962716378163,1.2120047245805593e-05
ThomasAM_2019_c,3338,UniRef90_A0A069SLM8,678,0.0090734957713,8,0.9027962716378163,1.2081885181491345e-05
ThomasAM_2019_c,3339,UniRef90_A0A173ZSE2,678,0.009051419452,8,0.9027962716378163,1.2052489283621837e-05
ThomasAM_2019_c,3340,UniRef90_A7VFU5,678,0.009035814074,8,0.9027962716378163,1.2031709818908123e-05
ThomasAM_2019_c,3341,UniRef90_R5W667,678,0.0088042342947,8,0.9027962716378163,1.1723347929027963e-05
ThomasAM_2019_c,3342,UniRef90_A0A0M1W8Y4,678,0.0087916119997,8,0.9027962716378163,1.1706540612117177e-05
ThomasAM_2019_c,3343,UniRef90_A0A173U152,678,0.0087869935579,8,0.9027962716378163,1.1700390889347537e-05
ThomasAM_2019_c,3344,UniRef90_B0NQW3,678,0.0087035800536,8,0.9027962716378163,1.1589320976830893e-05
ThomasAM_2019_c,3345,UniRef90_A0A173S8X3,678,0.0084061853403,8,0.9027962716378163,1.119332269014647e-05
ThomasAM_2019_c,3346,UniRef90_C3RAI4,678,0.0083963839215,8,0.9027962716378163,1.1180271533288948e-05
ThomasAM_2019_c,3347,UniRef90_D1K3W2,678,0.008333442227,8,0.9027962716378163,1.1096461021304928e-05
ThomasAM_2019_c,3348,UniRef90_A0A0P0M6D2,678,0.0082802605293,8,0.9027962716378163,1.1025646510386152e-05
ThomasAM_2019_c,3349,UniRef90_A0A173YWT5,678,0.008241773181,8,0.9027962716378163,1.0974398376830893e-05
ThomasAM_2019_c,3350,UniRef90_A0A3E4KCP7,678,0.008169262759,8,0.9027962716378163,1.0877846549933422e-05
ThomasAM_2019_c,3351,UniRef90_D1K8S5,678,0.008165435387,8,0.9027962716378163,1.0872750182423436e-05
ThomasAM_2019_c,3352,UniRef90_A6L1H7,678,0.0081488777383,8,0.9027962716378163,1.0850702714114514e-05
ThomasAM_2019_c,3353,UniRef90_A6KXA6,678,0.0081007630732,8,0.9027962716378163,1.0786635250599202e-05
ThomasAM_2019_c,3354,UniRef90_A0A0K2HFA0,678,0.008073931874,8,0.9027962716378163,1.0750907954727032e-05
ThomasAM_2019_c,3355,UniRef90_A0A0K2HPR1,678,0.008070600781,8,0.9027962716378163,1.0746472411451399e-05
ThomasAM_2019_c,3356,UniRef90_A0A076IWD1,678,0.008057600668,8,0.9027962716378163,1.0729162007989349e-05
ThomasAM_2019_c,3357,UniRef90_A0A076IRJ0,678,0.008033273138,8,0.9027962716378163,1.0696768492676432e-05
ThomasAM_2019_c,3358,UniRef90_A0A076ISV7,678,0.0080111370761,8,0.9027962716378163,1.0667293044074566e-05
ThomasAM_2019_c,3359,UniRef90_D1K6Y4,678,0.00798369334,8,0.9027962716378163,1.0630750119840213e-05
ThomasAM_2019_c,3360,UniRef90_A0A3E4W1C5,678,0.007951248620999999,8,0.9027962716378163,1.0587548097203727e-05
ThomasAM_2019_c,3361,UniRef90_A0A076J0N4,678,0.0079453086315,8,0.9027962716378163,1.0579638657123834e-05
ThomasAM_2019_c,3362,UniRef90_A0A076IJU7,678,0.00794205126,8,0.9027962716378163,1.0575301278295605e-05
ThomasAM_2019_c,3363,UniRef90_A8SSF3,678,0.0079339699579,8,0.9027962716378163,1.0564540556458055e-05
ThomasAM_2019_c,3364,UniRef90_A0A076ILV8,678,0.007929800249,8,0.9027962716378163,1.0558988347536618e-05
ThomasAM_2019_c,3365,UniRef90_U6RB05,678,0.0079208257309,8,0.9027962716378163,1.0547038256857523e-05
ThomasAM_2019_c,3366,UniRef90_A0A0K2HGD6,678,0.0079054529916,8,0.9027962716378163,1.0526568564047936e-05
ThomasAM_2019_c,3367,UniRef90_A0A076IYT9,678,0.007867069297,8,0.9027962716378163,1.0475458451398135e-05
ThomasAM_2019_c,3368,UniRef90_A6L0W8,678,0.0078611183404,8,0.9027962716378163,1.0467534407989347e-05
ThomasAM_2019_c,3369,UniRef90_D1K6S8,678,0.0078323091668,8,0.9027962716378163,1.0429173324633821e-05
ThomasAM_2019_c,3370,UniRef90_A6KXM3,678,0.0078018277228,8,0.9027962716378163,1.0388585516378162e-05
ThomasAM_2019_c,3371,UniRef90_A6KZ28,678,0.0077806743196000006,8,0.9027962716378163,1.0360418534753662e-05
ThomasAM_2019_c,3372,UniRef90_A0A076IXT1,678,0.0077772086153,8,0.9027962716378163,1.035580374873502e-05
ThomasAM_2019_c,3373,UniRef90_B6VYD3,678,0.0077713119154,8,0.9027962716378163,1.034795195126498e-05
ThomasAM_2019_c,3374,UniRef90_A0A0K2HE86,678,0.0077669017856999995,8,0.9027962716378163,1.0342079608122503e-05
ThomasAM_2019_c,3375,UniRef90_A6KZZ5,678,0.0077081698936,8,0.9027962716378163,1.0263874691877496e-05
ThomasAM_2019_c,3376,UniRef90_A0A1Y4PSQ4,678,0.007678253024,8,0.9027962716378163,1.022403864713715e-05
ThomasAM_2019_c,3377,UniRef90_A0A0N7J806,678,0.0076669115748,8,0.9027962716378163,1.0208936850599202e-05
ThomasAM_2019_c,3378,UniRef90_B6FT19,678,0.007653644452,8,0.9027962716378163,1.0191270908122503e-05
ThomasAM_2019_c,3379,UniRef90_R6Q519,678,0.007653463304,8,0.9027962716378163,1.019102969906791e-05
ThomasAM_2019_c,3380,UniRef90_A0A076J1V0,678,0.0076097424390000005,8,0.9027962716378163,1.0132812834886818e-05
ThomasAM_2019_c,3381,UniRef90_R7P1E3,678,0.0075989985226,8,0.9027962716378163,1.0118506687882822e-05
ThomasAM_2019_c,3382,UniRef90_A0A174GGQ3,678,0.0075912925088,8,0.9027962716378163,1.010824568415446e-05
ThomasAM_2019_c,3383,UniRef90_A8S7D7,678,0.007585242219,8,0.9027962716378163,1.010018937283622e-05
ThomasAM_2019_c,3384,UniRef90_A0A0P0LPA8,678,0.007537589101100001,8,0.9027962716378163,1.0036736486151799e-05
ThomasAM_2019_c,3385,UniRef90_A0A397WDD1,678,0.007537194618,8,0.9027962716378163,1.0036211209054593e-05
ThomasAM_2019_c,3386,UniRef90_A0A076ILN2,678,0.007522012476,8,0.9027962716378163,1.001599530758988e-05
ThomasAM_2019_c,3387,UniRef90_I8WFG7,678,0.007521733739,8,0.9027962716378163,1.001562415312916e-05
ThomasAM_2019_c,3388,UniRef90_A6L169,678,0.00750169524,8,0.9027962716378163,9.9889417310253e-06
ThomasAM_2019_c,3389,UniRef90_R9HNU4,678,0.0074987326887,8,0.9027962716378163,9.984996922370173e-06
ThomasAM_2019_c,3390,UniRef90_A6L2I3,678,0.0074892110773,8,0.9027962716378163,9.97231834527297e-06
ThomasAM_2019_c,3391,UniRef90_F7JS50,678,0.0074883971269,8,0.9027962716378163,9.971234523169107e-06
ThomasAM_2019_c,3392,UniRef90_A8SG10,678,0.0074754821202999,8,0.9027962716378163,9.954037443808121e-06
ThomasAM_2019_c,3393,UniRef90_B6VV56,678,0.007472535883,8,0.9027962716378163,9.950114358189081e-06
ThomasAM_2019_c,3394,UniRef90_A0A076JBZ1,678,0.007463764727,8,0.9027962716378163,9.938435055925432e-06
ThomasAM_2019_c,3395,UniRef90_A0A0N7J6V0,678,0.007437958745,8,0.9027962716378163,9.904072896138482e-06
ThomasAM_2019_c,3396,UniRef90_A0A0K2HG58,678,0.0074327874636,8,0.9027962716378163,9.89718703541944e-06
ThomasAM_2019_c,3397,UniRef90_I9R2L8,678,0.0074009039704,8,0.9027962716378163,9.85473231744341e-06
ThomasAM_2019_c,3398,UniRef90_A0A076ILK4,678,0.0073798674929,8,0.9027962716378163,9.82672102916112e-06
ThomasAM_2019_c,3399,UniRef90_A0A1Q6JRH3,678,0.00736685529,8,0.9027962716378163,9.809394527296937e-06
ThomasAM_2019_c,3400,UniRef90_U6RCK6,678,0.007364579802,8,0.9027962716378163,9.80636458322237e-06
ThomasAM_2019_c,3401,UniRef90_C7H386,678,0.0073316403321,8,0.9027962716378163,9.762503771105193e-06
ThomasAM_2019_c,3402,UniRef90_A0A174M183,678,0.0073288692936,8,0.9027962716378163,9.758813972836218e-06
ThomasAM_2019_c,3403,UniRef90_A0A174L6I2,678,0.0073106671894,8,0.9027962716378163,9.73457681677763e-06
ThomasAM_2019_c,3404,UniRef90_A0A396F0Z1,678,0.0072996172738,8,0.9027962716378163,9.719863214114513e-06
ThomasAM_2019_c,3405,UniRef90_C3RE72,678,0.0072497613268,8,0.9027962716378163,9.65347713288948e-06
ThomasAM_2019_c,3406,UniRef90_A0A396F0S3,678,0.0072277391946,8,0.9027962716378163,9.62415338828229e-06
ThomasAM_2019_c,3407,UniRef90_A0A173Z9C0,678,0.007225958684,8,0.9027962716378163,9.621782535286285e-06
ThomasAM_2019_c,3408,UniRef90_D1K3A1,678,0.0072246054852,8,0.9027962716378163,9.619980672703063e-06
ThomasAM_2019_c,3409,UniRef90_A0A076J137,678,0.0072140570298,8,0.9027962716378163,9.60593479334221e-06
ThomasAM_2019_c,3410,UniRef90_A0A076J355,678,0.0071933911695,8,0.9027962716378163,9.578417003328895e-06
ThomasAM_2019_c,3411,UniRef90_B0NSF5,678,0.0071898672216999995,8,0.9027962716378163,9.573724662716377e-06
ThomasAM_2019_c,3412,UniRef90_A0A397WKW9,678,0.0071752838362,8,0.9027962716378163,9.55430604021305e-06
ThomasAM_2019_c,3413,UniRef90_D4V869,678,0.0071622660585,8,0.9027962716378163,9.536972115179759e-06
ThomasAM_2019_c,3414,UniRef90_A0A2A7APR9,678,0.007139694146600001,8,0.9027962716378163,9.506916307057257e-06
ThomasAM_2019_c,3415,UniRef90_A0A078QXB4,678,0.0071390393331,8,0.9027962716378163,9.506044384953395e-06
ThomasAM_2019_c,3416,UniRef90_A7VAS8,678,0.0071142604071,8,0.9027962716378163,9.473049809720373e-06
ThomasAM_2019_c,3417,UniRef90_A0A076J0P2,678,0.0071094032334,8,0.9027962716378163,9.466582201597869e-06
ThomasAM_2019_c,3418,UniRef90_A0A2A7B648,678,0.00710227304,8,0.9027962716378163,9.45708793608522e-06
ThomasAM_2019_c,3419,UniRef90_A0A076IZD8,678,0.0070844926124,8,0.9027962716378163,9.433412266844208e-06
ThomasAM_2019_c,3420,UniRef90_D9QZL0,678,0.007078021249,8,0.9027962716378163,9.424795271637816e-06
ThomasAM_2019_c,3421,UniRef90_A0A173XA66,678,0.0070461932739,8,0.9027962716378163,9.382414479227696e-06
ThomasAM_2019_c,3422,UniRef90_A6L3Y2,678,0.0070352246407,8,0.9027962716378163,9.367809108788282e-06
ThomasAM_2019_c,3423,UniRef90_D4V5T2,678,0.0070242936359,8,0.9027962716378163,9.353253842743009e-06
ThomasAM_2019_c,3424,UniRef90_A0A1Q6JIG9,678,0.0070196304813,8,0.9027962716378163,9.34704458229028e-06
ThomasAM_2019_c,3425,UniRef90_C4Z239,678,0.006998909622,8,0.9027962716378163,9.31945355792277e-06
ThomasAM_2019_c,3426,UniRef90_A0A0M6X1I1,678,0.006982582130600001,8,0.9027962716378163,9.297712557390148e-06
ThomasAM_2019_c,3427,UniRef90_R6B5N2,678,0.0069776533342999995,8,0.9027962716378163,9.291149579627164e-06
ThomasAM_2019_c,3428,UniRef90_D4K4V0,678,0.006973342961,8,0.9027962716378163,9.285410067909454e-06
ThomasAM_2019_c,3429,UniRef90_A6KX17,678,0.0069531117074,8,0.9027962716378163,9.258470981890812e-06
ThomasAM_2019_c,3430,UniRef90_C3RAI9,678,0.0069358536115000004,8,0.9027962716378163,9.23549082756325e-06
ThomasAM_2019_c,3431,UniRef90_I9R1F7,678,0.006931726327,8,0.9027962716378163,9.22999510918775e-06
ThomasAM_2019_c,3432,UniRef90_F3APC4,678,0.006907621063,8,0.9027962716378163,9.197897553928096e-06
ThomasAM_2019_c,3433,UniRef90_U6RCA1,678,0.00690019493,8,0.9027962716378163,9.188009227696404e-06
ThomasAM_2019_c,3434,UniRef90_I8ZBR2,678,0.0068966531534,8,0.9027962716378163,9.183293147003994e-06
ThomasAM_2019_c,3435,UniRef90_A0A076J0P7,678,0.0068584010745,8,0.9027962716378163,9.132358288282291e-06
ThomasAM_2019_c,3436,UniRef90_D4KXU9,678,0.006855269353500001,8,0.9027962716378163,9.128188220372837e-06
ThomasAM_2019_c,3437,UniRef90_A0A2A6ZDL9,678,0.0068523218233,8,0.9027962716378163,9.124263413182423e-06
ThomasAM_2019_c,3438,UniRef90_A0A174P3Q3,678,0.0068416708034,8,0.9027962716378163,9.110080963249001e-06
ThomasAM_2019_c,3439,UniRef90_S3YUW5,678,0.0068215700483,8,0.9027962716378163,9.083315643541944e-06
ThomasAM_2019_c,3440,UniRef90_A6KZM1,678,0.006816788023,8,0.9027962716378163,9.076948099866844e-06
ThomasAM_2019_c,3441,UniRef90_C0BFF9,678,0.0067507941442,8,0.9027962716378163,8.989073427696405e-06
ThomasAM_2019_c,3442,UniRef90_A6L2J9,678,0.0067476891680000005,8,0.9027962716378163,8.984938972037283e-06
ThomasAM_2019_c,3443,UniRef90_A0A0K2HG48,678,0.0067312844068000005,8,0.9027962716378163,8.963095082290281e-06
ThomasAM_2019_c,3444,UniRef90_C3RED9,678,0.0066864223085,8,0.9027962716378163,8.903358599866845e-06
ThomasAM_2019_c,3445,UniRef90_A0A076J0N2,678,0.00666423664,8,0.9027962716378163,8.873817097203729e-06
ThomasAM_2019_c,3446,UniRef90_A0A076IQ49,678,0.0066539970986,8,0.9027962716378163,8.86018255472703e-06
ThomasAM_2019_c,3447,UniRef90_I8WHI1,678,0.006623947664,8,0.9027962716378163,8.820169992010652e-06
ThomasAM_2019_c,3448,UniRef90_A0A395US25,678,0.006616919923,8,0.9027962716378163,8.81081214780293e-06
ThomasAM_2019_c,3449,UniRef90_D4K344,678,0.006611167291,8,0.9027962716378163,8.803152185086551e-06
ThomasAM_2019_c,3450,UniRef90_A0A0P0M392,678,0.00656324811,8,0.9027962716378163,8.73934501997337e-06
ThomasAM_2019_c,3451,UniRef90_A0A0M6X160,678,0.0065178035107000005,8,0.9027962716378163,8.678832903728362e-06
ThomasAM_2019_c,3452,UniRef90_A0A0M1VZ43,678,0.0064762438,8,0.9027962716378163,8.623493741677763e-06
ThomasAM_2019_c,3453,UniRef90_A0A139KLM2,678,0.006445040058,8,0.9027962716378163,8.581944151797603e-06
ThomasAM_2019_c,3454,UniRef90_A0A173X1S7,678,0.0064359614177,8,0.9027962716378163,8.569855416378162e-06
ThomasAM_2019_c,3455,UniRef90_A0A395US62,678,0.0063773970702,8,0.9027962716378163,8.491873595472704e-06
ThomasAM_2019_c,3456,UniRef90_C6Z9D8,678,0.0063600076083,8,0.9027962716378163,8.468718519707056e-06
ThomasAM_2019_c,3457,UniRef90_I8WGA2,678,0.0063511909446,8,0.9027962716378163,8.456978621304927e-06
ThomasAM_2019_c,3458,UniRef90_C7HAP2,678,0.0063367581966,8,0.9027962716378163,8.437760581358188e-06
ThomasAM_2019_c,3459,UniRef90_D4KLV5,678,0.0063321456934,8,0.9027962716378163,8.431618766178428e-06
ThomasAM_2019_c,3460,UniRef90_A0A396CIN6,678,0.006241667141,8,0.9027962716378163,8.31114133288948e-06
ThomasAM_2019_c,3461,UniRef90_U2DNV4,678,0.006186164874,8,0.9027962716378163,8.237236849533954e-06
ThomasAM_2019_c,3462,UniRef90_A0A0P0M440,678,0.0061634894870000005,8,0.9027962716378163,8.207043258322237e-06
ThomasAM_2019_c,3463,UniRef90_A0A174C3D3,678,0.0060339304489,8,0.9027962716378163,8.03452789467377e-06
ThomasAM_2019_c,3464,UniRef90_A0A0E2H733,678,0.0059011734949,8,0.9027962716378163,7.857754320772304e-06
ThomasAM_2019_c,3465,UniRef90_D4VDC5,678,0.0057390394429,8,0.9027962716378163,7.641863439280959e-06
ThomasAM_2019_c,3466,UniRef90_C3R516,678,0.0056646846441000005,8,0.9027962716378163,7.542855717842877e-06
ThomasAM_2019_c,3467,UniRef90_D4V3P6,678,0.005649141634,8,0.9027962716378163,7.522159299600532e-06
ThomasAM_2019_c,3468,UniRef90_D4LQI2,678,0.0055835997616,8,0.9027962716378163,7.434886500133156e-06
ThomasAM_2019_c,3469,UniRef90_A7B6M9,678,0.0055652561327999995,8,0.9027962716378163,7.41046089587217e-06
ThomasAM_2019_c,3470,UniRef90_A0A076IV24,678,0.005518224101,8,0.9027962716378163,7.347835021304928e-06
ThomasAM_2019_c,3471,UniRef90_U2DJP4,678,0.0054542920735,8,0.9027962716378163,7.262705823568575e-06
ThomasAM_2019_c,3472,UniRef90_A0A173X7D7,678,0.0054113581378,8,0.9027962716378163,7.205536801331558e-06
ThomasAM_2019_c,3473,UniRef90_C4Z2D4,678,0.0053846255493,8,0.9027962716378163,7.169940811318243e-06
ThomasAM_2019_c,3474,UniRef90_D4LTV0,678,0.0053323053903,8,0.9027962716378163,7.100273489081225e-06
ThomasAM_2019_c,3475,UniRef90_A6L404,678,0.0052997227386,8,0.9027962716378163,7.056887801065247e-06
ThomasAM_2019_c,3476,UniRef90_A0A0P0F9L4,678,0.0051548085415,8,0.9027962716378163,6.8639261537949395e-06
ThomasAM_2019_c,3477,UniRef90_A0A381I8Q5,678,0.005153526228,8,0.9027962716378163,6.8622186790945405e-06
ThomasAM_2019_c,3478,UniRef90_A0A174XLQ3,678,0.0051001838479999,8,0.9027962716378163,6.7911902103860185e-06
ThomasAM_2019_c,3479,UniRef90_D4M2V4,678,0.004771346853,8,0.9027962716378163,6.353324704394141e-06
ThomasAM_2019_c,3480,UniRef90_A0A2A7B2F4,678,0.0047260798186999995,8,0.9027962716378163,6.29304902623169e-06
ThomasAM_2019_c,3481,UniRef90_R5RSP5,678,0.0046154693857,8,0.9027962716378163,6.145764827829561e-06
ThomasAM_2019_c,3482,UniRef90_A0A396FTV1,678,0.0044484971826,8,0.9027962716378163,5.923431667909455e-06
ThomasAM_2019_c,3483,UniRef90_R6JE84,678,0.0042807857569,8,0.9027962716378163,5.700114190279627e-06
ThomasAM_2019_c,3484,UniRef90_A0A329TN14,678,0.0042032330128999994,8,0.9027962716378163,5.5968482195739004e-06
ThomasAM_2019_c,3485,UniRef90_Q8A250,678,0.0041737709564,8,0.9027962716378163,5.55761778482024e-06
ThomasAM_2019_c,3486,UniRef90_A0A076IRS7,678,0.0040956202471999995,8,0.9027962716378163,5.453555588814913e-06
ThomasAM_2019_c,3487,UniRef90_R5U8M7,678,0.004081637811000001,8,0.9027962716378163,5.434937165113183e-06
ThomasAM_2019_c,3488,UniRef90_Q8AA27,678,0.004020295186,8,0.9027962716378163,5.353255906790946e-06
ThomasAM_2019_c,3489,UniRef90_A0A174KK60,678,0.0039854073072,8,0.9027962716378163,5.306800675366178e-06
ThomasAM_2019_c,3490,UniRef90_R6JKD1,678,0.0037782990244,8,0.9027962716378163,5.031024000532623e-06
ThomasAM_2019_c,3491,UniRef90_Q8A2U2,678,0.0037483379527,8,0.9027962716378163,4.991129098135819e-06
ThomasAM_2019_c,3492,UniRef90_U2R5F8,678,0.0036933011613000002,8,0.9027962716378163,4.917844422503329e-06
ThomasAM_2019_c,3493,UniRef90_D4WA76,678,0.00363042326,8,0.9027962716378163,4.8341188548601865e-06
ThomasAM_2019_c,3494,UniRef90_I8XUF5,678,0.0036159864721,8,0.9027962716378163,4.814895435552597e-06
ThomasAM_2019_c,3495,UniRef90_E2ZJ29,678,0.0035944046636000003,8,0.9027962716378163,4.786158007456725e-06
ThomasAM_2019_c,3496,UniRef90_A0A1Y4VQ01,678,0.003576208373,8,0.9027962716378163,4.7619285925432755e-06
ThomasAM_2019_c,3497,UniRef90_R6JF89,678,0.0035291297046,8,0.9027962716378163,4.699240618641811e-06
ThomasAM_2019_c,3498,UniRef90_A0A149NIV9,678,0.0035092934329,8,0.9027962716378163,4.6728274739014645e-06
ThomasAM_2019_c,3499,UniRef90_K5CB73,678,0.0033818882566,8,0.9027962716378163,4.5031801019973365e-06
ThomasAM_2019_c,3500,UniRef90_R7KUM4,678,0.0033800721108,8,0.9027962716378163,4.500761798668442e-06
ThomasAM_2019_c,3501,UniRef90_Q8A005,678,0.0033658076871,8,0.9027962716378163,4.481767892276964e-06
ThomasAM_2019_c,3502,UniRef90_A0A0P0F8B5,678,0.0033475416926,8,0.9027962716378163,4.457445662583222e-06
ThomasAM_2019_c,3503,UniRef90_R6D817,678,0.0033292246932,8,0.9027962716378163,4.433055516910786e-06
ThomasAM_2019_c,3504,UniRef90_R6JPH7,678,0.003328976584,8,0.9027962716378163,4.432725145139813e-06
ThomasAM_2019_c,3505,UniRef90_Q8A681,678,0.0032960428529,8,0.9027962716378163,4.388871974567244e-06
ThomasAM_2019_c,3506,UniRef90_A0A174RWZ0,678,0.0032652238231999997,8,0.9027962716378163,4.347834651398136e-06
ThomasAM_2019_c,3507,UniRef90_Q8A9C3,678,0.0032468234667,8,0.9027962716378163,4.323333510918775e-06
ThomasAM_2019_c,3508,UniRef90_A0A174IDF9,678,0.00323696566,8,0.9027962716378163,4.3102072703062585e-06
ThomasAM_2019_c,3509,UniRef90_A0A174UZZ2,678,0.0031758129375,8,0.9027962716378163,4.22877887816245e-06
ThomasAM_2019_c,3510,UniRef90_A0A139KRU2,678,0.0031148106745,8,0.9027962716378163,4.147550831557923e-06
ThomasAM_2019_c,3511,UniRef90_I9JFK4,678,0.003085129279,8,0.9027962716378163,4.108028334221038e-06
ThomasAM_2019_c,3512,UniRef90_D7J3P2,678,0.0030430155666,8,0.9027962716378163,4.0519514868175764e-06
ThomasAM_2019_c,3513,UniRef90_A0A173Z243,678,0.0029598746498,8,0.9027962716378163,3.941244540346205e-06
ThomasAM_2019_c,3514,UniRef90_E2ZLQ4,678,0.0028692341616,8,0.9027962716378163,3.8205514801597865e-06
ThomasAM_2019_c,3515,UniRef90_D4LZ49,678,0.0027533086028,8,0.9027962716378163,3.666189883888149e-06
ThomasAM_2019_c,3516,UniRef90_A0A3E4XS79,678,0.00264355439989,8,0.9027962716378163,3.5200458054460715e-06
ThomasAM_2019_c,3517,UniRef90_A0A174A317,678,0.002468585617,8,0.9027962716378163,3.287064736351531e-06
ThomasAM_2019_c,3518,UniRef90_A0A1C5PWH9,678,0.0021674307537,8,0.9027962716378163,2.8860595921438086e-06
ThomasAM_2019_c,3519,UniRef90_R6SRH8,678,0.002093380444,8,0.9027962716378163,2.7874573155792277e-06
ThomasAM_2019_c,3520,UniRef90_A0A174FNZ6,678,0.0020910424926,8,0.9027962716378163,2.784344197869507e-06
ThomasAM_2019_c,3521,UniRef90_A0A1C7FPL6,678,0.0018040486515,8,0.9027962716378163,2.402195274966711e-06
ThomasAM_2019_c,3522,UniRef90_R6AK71,678,0.00174430451851,8,0.9027962716378163,2.3226425013448736e-06
ThomasAM_2019_c,3523,UniRef90_A0A2A6Z9N4,678,0.0015402235016,8,0.9027962716378163,2.050896806391478e-06
ThomasAM_2019_c,3524,UniRef90_A0A174J980,678,0.0008362919566,8,0.9027962716378163,1.1135711805592544e-06
ThomasAM_2019_c,3525,UniRef90_R9JE32,678,0.0007399935219,8,0.9027962716378163,9.853442368841545e-07
ThomasAM_2019_c,3526,UniRef90_A0A139KBQ1,677,0.0183579271125,8,0.9014647137150466,2.4444643292276962e-05
ThomasAM_2019_c,3527,UniRef90_C4ZFJ3,677,0.014020602991000001,8,0.9014647137150466,1.866924499467377e-05
ThomasAM_2019_c,3528,UniRef90_A0A2A7AIX1,677,0.012059842023,8,0.9014647137150466,1.60583781930759e-05
ThomasAM_2019_c,3529,UniRef90_A6KYL2,677,0.0102464247655,8,0.9014647137150466,1.3643708076564582e-05
ThomasAM_2019_c,3530,UniRef90_A0A076IX78,677,0.0096741017198,8,0.9014647137150466,1.2881626790679095e-05
ThomasAM_2019_c,3531,UniRef90_U6RRE7,677,0.0091456443111,8,0.9014647137150466,1.2177955141278295e-05
ThomasAM_2019_c,3532,UniRef90_A0A0P0L7V7,677,0.009122937059999999,8,0.9014647137150466,1.214771912117177e-05
ThomasAM_2019_c,3533,UniRef90_A6KZ78,677,0.0090682763805,8,0.9014647137150466,1.2074935260319573e-05
ThomasAM_2019_c,3534,UniRef90_C3RE11,677,0.008899121757,8,0.9014647137150466,1.1849696081225034e-05
ThomasAM_2019_c,3535,UniRef90_D4VAF8,677,0.0087172185559,8,0.9014647137150466,1.1607481432623169e-05
ThomasAM_2019_c,3536,UniRef90_A0A0P0LLV2,677,0.0086499713039,8,0.9014647137150466,1.1517937821438083e-05
ThomasAM_2019_c,3537,UniRef90_A0A069SD51,677,0.0086181960782,8,0.9014647137150466,1.1475627267909455e-05
ThomasAM_2019_c,3538,UniRef90_U6RCF6,677,0.0085981983798,8,0.9014647137150466,1.1448999174167776e-05
ThomasAM_2019_c,3539,UniRef90_F7K095,677,0.008501914899,8,0.9014647137150466,1.1320792142476698e-05
ThomasAM_2019_c,3540,UniRef90_A0A139K4G6,677,0.008447708452,8,0.9014647137150466,1.1248613118508656e-05
ThomasAM_2019_c,3541,UniRef90_A0A076IPH6,677,0.0084375109726,8,0.9014647137150466,1.1235034584021304e-05
ThomasAM_2019_c,3542,UniRef90_A0A0K2HFZ2,677,0.0083536013032,8,0.9014647137150466,1.1123303998934754e-05
ThomasAM_2019_c,3543,UniRef90_F7K0A9,677,0.0083479437014,8,0.9014647137150466,1.1115770574434088e-05
ThomasAM_2019_c,3544,UniRef90_D4VA04,677,0.008288002229,8,0.9014647137150466,1.103595503195739e-05
ThomasAM_2019_c,3545,UniRef90_H1CB27,677,0.0082554045699,8,0.9014647137150466,1.0992549360719041e-05
ThomasAM_2019_c,3546,UniRef90_A0A2A6ZQQ9,677,0.0082192672926,8,0.9014647137150466,1.0944430482822904e-05
ThomasAM_2019_c,3547,UniRef90_A0A076INJ7,677,0.008203922515699999,8,0.9014647137150466,1.0923998023568573e-05
ThomasAM_2019_c,3548,UniRef90_D4JMR5,677,0.0081501478104,8,0.9014647137150466,1.0852393888681758e-05
ThomasAM_2019_c,3549,UniRef90_U6RBJ5,677,0.008143447985,8,0.9014647137150466,1.0843472683089214e-05
ThomasAM_2019_c,3550,UniRef90_A0A076J5W7,677,0.0080565393965,8,0.9014647137150466,1.0727748863515313e-05
ThomasAM_2019_c,3551,UniRef90_D1K3N9,677,0.0080411923379,8,0.9014647137150466,1.0707313366045273e-05
ThomasAM_2019_c,3552,UniRef90_A0A076J0A5,677,0.0080165181627,8,0.9014647137150466,1.0674458272569906e-05
ThomasAM_2019_c,3553,UniRef90_A0A2A6Z8B1,677,0.0079617185423,8,0.9014647137150466,1.0601489403861518e-05
ThomasAM_2019_c,3554,UniRef90_A0A076IIM7,677,0.0079021059872,8,0.9014647137150466,1.0522111833821572e-05
ThomasAM_2019_c,3555,UniRef90_A0A2A7B994,677,0.007891094022,8,0.9014647137150466,1.0507448764314247e-05
ThomasAM_2019_c,3556,UniRef90_R6Q8D0,677,0.007889802799,8,0.9014647137150466,1.0505729426098534e-05
ThomasAM_2019_c,3557,UniRef90_A6L1J5,677,0.007873026471,8,0.9014647137150466,1.0483390773635152e-05
ThomasAM_2019_c,3558,UniRef90_A0A0K2HG23,677,0.007821526336000001,8,0.9014647137150466,1.0414815360852199e-05
ThomasAM_2019_c,3559,UniRef90_C7HAW9,677,0.0078192688849,8,0.9014647137150466,1.0411809433954727e-05
ThomasAM_2019_c,3560,UniRef90_W0U6Q9,677,0.0078089061934,8,0.9014647137150466,1.0398010909986684e-05
ThomasAM_2019_c,3561,UniRef90_A0A076IP72,677,0.007791818708,8,0.9014647137150466,1.0375257933422103e-05
ThomasAM_2019_c,3562,UniRef90_R5WZT6,677,0.0077850695614,8,0.9014647137150466,1.036627105379494e-05
ThomasAM_2019_c,3563,UniRef90_D4M0A6,677,0.007779464038,8,0.9014647137150466,1.0358806974700399e-05
ThomasAM_2019_c,3564,UniRef90_A0A076IQ12,677,0.0077634107995,8,0.9014647137150466,1.0337431157789614e-05
ThomasAM_2019_c,3565,UniRef90_A0A174BXN0,677,0.0076869105285,8,0.9014647137150466,1.023556661584554e-05
ThomasAM_2019_c,3566,UniRef90_A0A076INK8,677,0.0076396820996,8,0.9014647137150466,1.0172679227163782e-05
ThomasAM_2019_c,3567,UniRef90_A0A076J4R7,677,0.007626794389,8,0.9014647137150466,1.015551849400799e-05
ThomasAM_2019_c,3568,UniRef90_A0A076J2W3,677,0.007620481842,8,0.9014647137150466,1.0147112972037285e-05
ThomasAM_2019_c,3569,UniRef90_A0A396FCJ5,677,0.0076191135084,8,0.9014647137150466,1.0145290956591213e-05
ThomasAM_2019_c,3570,UniRef90_A0A173ZRL1,677,0.007601749553199999,8,0.9014647137150466,1.0122169844474033e-05
ThomasAM_2019_c,3571,UniRef90_A0A174KXL6,677,0.0075914100559,8,0.9014647137150466,1.0108402204926764e-05
ThomasAM_2019_c,3572,UniRef90_A0A076IHK2,677,0.0075735525276,8,0.9014647137150466,1.0084623871637816e-05
ThomasAM_2019_c,3573,UniRef90_A0A0P0M0V8,677,0.0075682177755,8,0.9014647137150466,1.007752034021305e-05
ThomasAM_2019_c,3574,UniRef90_A6KYS6,677,0.0075284020114,8,0.9014647137150466,1.0024503344074567e-05
ThomasAM_2019_c,3575,UniRef90_C3RC30,677,0.0075189347996000005,8,0.9014647137150466,1.001189720319574e-05
ThomasAM_2019_c,3576,UniRef90_A0A0K2HIR4,677,0.0074985764733,8,0.9014647137150466,9.984788912516644e-06
ThomasAM_2019_c,3577,UniRef90_A0A3E4JUF7,677,0.0074725547427,8,0.9014647137150466,9.950139470972036e-06
ThomasAM_2019_c,3578,UniRef90_A0A174L9Z9,677,0.007464954981,8,0.9014647137150466,9.940019948069241e-06
ThomasAM_2019_c,3579,UniRef90_C3RFD0,677,0.0074636834777,8,0.9014647137150466,9.938326867776298e-06
ThomasAM_2019_c,3580,UniRef90_A0A0K2HFM8,677,0.007410080032,8,0.9014647137150466,9.866950774966712e-06
ThomasAM_2019_c,3581,UniRef90_A6KZT2,677,0.007401889490299999,8,0.9014647137150466,9.8560445942743e-06
ThomasAM_2019_c,3582,UniRef90_A0A076J1C9,677,0.007395737901700001,8,0.9014647137150466,9.847853397736352e-06
ThomasAM_2019_c,3583,UniRef90_A0A076J0Q9,677,0.007382989074,8,0.9014647137150466,9.830877595206391e-06
ThomasAM_2019_c,3584,UniRef90_C3R9N0,677,0.0073765763836,8,0.9014647137150466,9.822338726498002e-06
ThomasAM_2019_c,3585,UniRef90_A0A0P0L8N9,677,0.0073652513872,8,0.9014647137150466,9.807258837816245e-06
ThomasAM_2019_c,3586,UniRef90_A0A0P0L5P9,677,0.007361926258,8,0.9014647137150466,9.802831235685752e-06
ThomasAM_2019_c,3587,UniRef90_A0A0K2HHI5,677,0.007359320103,8,0.9014647137150466,9.799360989347537e-06
ThomasAM_2019_c,3588,UniRef90_A6L078,677,0.0073561681244000005,8,0.9014647137150466,9.795163947270307e-06
ThomasAM_2019_c,3589,UniRef90_A0A076IXU4,677,0.007344752529199999,8,0.9014647137150466,9.779963421038614e-06
ThomasAM_2019_c,3590,UniRef90_B6W0U2,677,0.0073371195541,8,0.9014647137150466,9.769799672569906e-06
ThomasAM_2019_c,3591,UniRef90_A0A139KDS5,677,0.0073361361839,8,0.9014647137150466,9.768490258189082e-06
ThomasAM_2019_c,3592,UniRef90_A0A076J288,677,0.007297295314,8,0.9014647137150466,9.716771390146471e-06
ThomasAM_2019_c,3593,UniRef90_S3YF09,677,0.007290264267,8,0.9014647137150466,9.707409143808255e-06
ThomasAM_2019_c,3594,UniRef90_A0A3E4JP05,677,0.007276273717,8,0.9014647137150466,9.68877991611185e-06
ThomasAM_2019_c,3595,UniRef90_U6RSA3,677,0.00727607372,8,0.9014647137150466,9.68851360852197e-06
ThomasAM_2019_c,3596,UniRef90_A0A395UZG9,677,0.007272174865700001,8,0.9014647137150466,9.683322058189083e-06
ThomasAM_2019_c,3597,UniRef90_C3RCX1,677,0.0072579543157999995,8,0.9014647137150466,9.664386572303595e-06
ThomasAM_2019_c,3598,UniRef90_A0A076ILG1,677,0.007250841312,8,0.9014647137150466,9.654915195739015e-06
ThomasAM_2019_c,3599,UniRef90_A6L3M9,677,0.0072490096705,8,0.9014647137150466,9.652476258988015e-06
ThomasAM_2019_c,3600,UniRef90_A0A0P0LGD0,677,0.0072415302724,8,0.9014647137150466,9.642517007190413e-06
ThomasAM_2019_c,3601,UniRef90_A0A0M1W8D4,677,0.007223418586399999,8,0.9014647137150466,9.618400248202396e-06
ThomasAM_2019_c,3602,UniRef90_A0A076J0R4,677,0.0072090828366999996,8,0.9014647137150466,9.599311367110518e-06
ThomasAM_2019_c,3603,UniRef90_A6KYS3,677,0.007208535971099999,8,0.9014647137150466,9.598583183888147e-06
ThomasAM_2019_c,3604,UniRef90_A0A174GDC6,677,0.007208441237999999,8,0.9014647137150466,9.598457041278294e-06
ThomasAM_2019_c,3605,UniRef90_A0A076J5Z3,677,0.0071747312129,8,0.9014647137150466,9.553570190279627e-06
ThomasAM_2019_c,3606,UniRef90_U6RRN7,677,0.0071680541527,8,0.9014647137150466,9.544679297869508e-06
ThomasAM_2019_c,3607,UniRef90_A0A174NN75,677,0.0071541226788,8,0.9014647137150466,9.526128733422104e-06
ThomasAM_2019_c,3608,UniRef90_D1K6J6,677,0.007143873218,8,0.9014647137150466,9.512480982689747e-06
ThomasAM_2019_c,3609,UniRef90_A6L0W2,677,0.0071285454739,8,0.9014647137150466,9.492071203595207e-06
ThomasAM_2019_c,3610,UniRef90_D1K6D2,677,0.0071221508335,8,0.9014647137150466,9.483556369507323e-06
ThomasAM_2019_c,3611,UniRef90_D4V5T3,677,0.0071171100523000005,8,0.9014647137150466,9.476844277363516e-06
ThomasAM_2019_c,3612,UniRef90_A0A0P0M1D2,677,0.007115703557,8,0.9014647137150466,9.474971447403462e-06
ThomasAM_2019_c,3613,UniRef90_C7H7J1,677,0.0070949756249999996,8,0.9014647137150466,9.44737100532623e-06
ThomasAM_2019_c,3614,UniRef90_A0A076J1L6,677,0.0070861684401,8,0.9014647137150466,9.435643728495339e-06
ThomasAM_2019_c,3615,UniRef90_I8VKZ2,677,0.0070757683455,8,0.9014647137150466,9.421795400133155e-06
ThomasAM_2019_c,3616,UniRef90_A0A3E2W1L4,677,0.007026760911300001,8,0.9014647137150466,9.356539162849536e-06
ThomasAM_2019_c,3617,UniRef90_A0A396ATC5,677,0.0070242477214000005,8,0.9014647137150466,9.353192704926765e-06
ThomasAM_2019_c,3618,UniRef90_A6KXB3,677,0.0070230593995,8,0.9014647137150466,9.351610385486018e-06
ThomasAM_2019_c,3619,UniRef90_A0A076IWI5,677,0.0069928901137,8,0.9014647137150466,9.311438233954726e-06
ThomasAM_2019_c,3620,UniRef90_A0A174KKF4,677,0.0069863394114,8,0.9014647137150466,9.302715594407457e-06
ThomasAM_2019_c,3621,UniRef90_A0A0P0M0P6,677,0.006977057698,8,0.9014647137150466,9.29035645539281e-06
ThomasAM_2019_c,3622,UniRef90_D4V563,677,0.006945804962,8,0.9014647137150466,9.248741627163783e-06
ThomasAM_2019_c,3623,UniRef90_D4V3T8,677,0.0069379861017,8,0.9014647137150466,9.238330361784289e-06
ThomasAM_2019_c,3624,UniRef90_A0A0P0M5V4,677,0.0069343011228000006,8,0.9014647137150466,9.233423598934754e-06
ThomasAM_2019_c,3625,UniRef90_A6L7M5,677,0.0069284134192,8,0.9014647137150466,9.225583780559254e-06
ThomasAM_2019_c,3626,UniRef90_A0A0P0LHQ9,677,0.0069201958773000005,8,0.9014647137150466,9.214641647536619e-06
ThomasAM_2019_c,3627,UniRef90_C0B4G4,677,0.0068880657762,8,0.9014647137150466,9.171858556857523e-06
ThomasAM_2019_c,3628,UniRef90_A0A0K2HDJ6,677,0.0068668305096,8,0.9014647137150466,9.143582569374167e-06
ThomasAM_2019_c,3629,UniRef90_A0A076IS96,677,0.00686595968,8,0.9014647137150466,9.142423009320907e-06
ThomasAM_2019_c,3630,UniRef90_C5ERB0,677,0.0068427528181,8,0.9014647137150466,9.11152172849534e-06
ThomasAM_2019_c,3631,UniRef90_C3R7A7,677,0.0068412821428,8,0.9014647137150466,9.109563439147803e-06
ThomasAM_2019_c,3632,UniRef90_A6L1Z2,677,0.0068404508104,8,0.9014647137150466,9.108456471904128e-06
ThomasAM_2019_c,3633,UniRef90_A0A076ITY4,677,0.0068397974765,8,0.9014647137150466,9.10758651997337e-06
ThomasAM_2019_c,3634,UniRef90_C3R9Z5,677,0.0068350571720999995,8,0.9014647137150466,9.101274530093208e-06
ThomasAM_2019_c,3635,UniRef90_A0A0P0M0U6,677,0.006810361565,8,0.9014647137150466,9.068390898801597e-06
ThomasAM_2019_c,3636,UniRef90_A0A0P0M5C6,677,0.0068090675556,8,0.9014647137150466,9.06666785033289e-06
ThomasAM_2019_c,3637,UniRef90_A0A076IQP9,677,0.0068007667919,8,0.9014647137150466,9.055614902663117e-06
ThomasAM_2019_c,3638,UniRef90_D4JT24,677,0.0067956521474,8,0.9014647137150466,9.04880445725699e-06
ThomasAM_2019_c,3639,UniRef90_A0A076IJP2,677,0.0067529937175,8,0.9014647137150466,8.992002286950732e-06
ThomasAM_2019_c,3640,UniRef90_A0A174JG35,677,0.0067039063291,8,0.9014647137150466,8.926639586018642e-06
ThomasAM_2019_c,3641,UniRef90_A0A174P3J6,677,0.0066890656467,8,0.9014647137150466,8.906878357789615e-06
ThomasAM_2019_c,3642,UniRef90_R6MKL0,677,0.0066792174281,8,0.9014647137150466,8.893764884287617e-06
ThomasAM_2019_c,3643,UniRef90_A6L1P6,677,0.0066662802968999995,8,0.9014647137150466,8.876538344740346e-06
ThomasAM_2019_c,3644,UniRef90_A0A076IV89,677,0.0065893145109,8,0.9014647137150466,8.774053942609854e-06
ThomasAM_2019_c,3645,UniRef90_A0A2A7B8Q8,677,0.0065588804099,8,0.9014647137150466,8.733529174300932e-06
ThomasAM_2019_c,3646,UniRef90_I8W726,677,0.0065582267235,8,0.9014647137150466,8.732658752996005e-06
ThomasAM_2019_c,3647,UniRef90_A0A076J793,677,0.0065213289111,8,0.9014647137150466,8.683527178561917e-06
ThomasAM_2019_c,3648,UniRef90_A0A076IV00,677,0.0064940865795999995,8,0.9014647137150466,8.647252436218374e-06
ThomasAM_2019_c,3649,UniRef90_R7JTL9,677,0.0064715585118000005,8,0.9014647137150466,8.617255009054594e-06
ThomasAM_2019_c,3650,UniRef90_A0A076IQT6,677,0.006423622738,8,0.9014647137150466,8.55342574966711e-06
ThomasAM_2019_c,3651,UniRef90_A0A076IUI7,677,0.006365583885299999,8,0.9014647137150466,8.476143655525965e-06
ThomasAM_2019_c,3652,UniRef90_C7H926,677,0.0063605096607,8,0.9014647137150466,8.469387031557923e-06
ThomasAM_2019_c,3653,UniRef90_A0A076J0L0,677,0.0063337989878,8,0.9014647137150466,8.43382022343542e-06
ThomasAM_2019_c,3654,UniRef90_A6L5G7,677,0.0063159474842,8,0.9014647137150466,8.410049912383489e-06
ThomasAM_2019_c,3655,UniRef90_A0A076J2D4,677,0.0062405478414,8,0.9014647137150466,8.309650920639147e-06
ThomasAM_2019_c,3656,UniRef90_A6KZV1,677,0.0061442629723,8,0.9014647137150466,8.181442040346205e-06
ThomasAM_2019_c,3657,UniRef90_A0A0P0M3H2,677,0.0061039912154,8,0.9014647137150466,8.127817863382157e-06
ThomasAM_2019_c,3658,UniRef90_I8W5V7,677,0.0060785347375,8,0.9014647137150466,8.093921088548602e-06
ThomasAM_2019_c,3659,UniRef90_A0A0K2HL51,677,0.0059283779189,8,0.9014647137150466,7.893978587083888e-06
ThomasAM_2019_c,3660,UniRef90_C3R961,677,0.005921690767,8,0.9014647137150466,7.88507425699068e-06
ThomasAM_2019_c,3661,UniRef90_U6RBZ2,677,0.0058877905587,8,0.9014647137150466,7.839934166045272e-06
ThomasAM_2019_c,3662,UniRef90_A0A0N7J7P1,677,0.005831686696,8,0.9014647137150466,7.765228623169108e-06
ThomasAM_2019_c,3663,UniRef90_A0A0P0M4W7,677,0.005777414690600001,8,0.9014647137150466,7.692962304394143e-06
ThomasAM_2019_c,3664,UniRef90_E2ZHW1,677,0.0057713452503,8,0.9014647137150466,7.684880493075899e-06
ThomasAM_2019_c,3665,UniRef90_A0A396ATB7,677,0.0057575499555,8,0.9014647137150466,7.666511258988017e-06
ThomasAM_2019_c,3666,UniRef90_I8WNH5,677,0.0057483531017,8,0.9014647137150466,7.654265115446072e-06
ThomasAM_2019_c,3667,UniRef90_A6L4M4,677,0.005682843133700001,8,0.9014647137150466,7.5670347985352875e-06
ThomasAM_2019_c,3668,UniRef90_A0A380ZJN2,677,0.0056580077025,8,0.9014647137150466,7.533964983355525e-06
ThomasAM_2019_c,3669,UniRef90_B0G2M5,677,0.0055313616427,8,0.9014647137150466,7.365328419041279e-06
ThomasAM_2019_c,3670,UniRef90_A0A395ZUR8,677,0.005465088723,8,0.9014647137150466,7.277082187749667e-06
ThomasAM_2019_c,3671,UniRef90_A0A076J8I9,677,0.0054597692302,8,0.9014647137150466,7.269998974966712e-06
ThomasAM_2019_c,3672,UniRef90_H1BBI7,677,0.0054303902436,8,0.9014647137150466,7.230879152596538e-06
ThomasAM_2019_c,3673,UniRef90_A0A173TJN1,677,0.005374734355,8,0.9014647137150466,7.156770113182423e-06
ThomasAM_2019_c,3674,UniRef90_G1WPI4,677,0.0051004849809,8,0.9014647137150466,6.791591186284953e-06
ThomasAM_2019_c,3675,UniRef90_A0A396FU29,677,0.0049495321315999995,8,0.9014647137150466,6.590588723834886e-06
ThomasAM_2019_c,3676,UniRef90_R6QIJ2,677,0.0048922541199,8,0.9014647137150466,6.51431973355526e-06
ThomasAM_2019_c,3677,UniRef90_A0A174XUX8,677,0.004865639255,8,0.9014647137150466,6.478880499334221e-06
ThomasAM_2019_c,3678,UniRef90_D4KV49,677,0.00481453126,8,0.9014647137150466,6.4108272436751e-06
ThomasAM_2019_c,3679,UniRef90_C7G949,677,0.0046802687531,8,0.9014647137150466,6.232048938881492e-06
ThomasAM_2019_c,3680,UniRef90_D4K4I8,677,0.0046763226158999995,8,0.9014647137150466,6.226794428628495e-06
ThomasAM_2019_c,3681,UniRef90_B0GA28,677,0.0045926488575,8,0.9014647137150466,6.115377972703063e-06
ThomasAM_2019_c,3682,UniRef90_A0A174H5Y9,677,0.004532561268,8,0.9014647137150466,6.035367866844207e-06
ThomasAM_2019_c,3683,UniRef90_A0A2A7B772,677,0.004479543167,8,0.9014647137150466,5.964771194407456e-06
ThomasAM_2019_c,3684,UniRef90_D5HHN0,677,0.004459691464,8,0.9014647137150466,5.938337501997336e-06
ThomasAM_2019_c,3685,UniRef90_R6JNQ9,677,0.004452977313,8,0.9014647137150466,5.929397221038616e-06
ThomasAM_2019_c,3686,UniRef90_A0A2N5NFG3,677,0.0043792850839,8,0.9014647137150466,5.831271749533955e-06
ThomasAM_2019_c,3687,UniRef90_A0A174P8U3,677,0.0043400441995,8,0.9014647137150466,5.779020239014647e-06
ThomasAM_2019_c,3688,UniRef90_A0A069DBF6,677,0.0042476912339999996,8,0.9014647137150466,5.65604691611185e-06
ThomasAM_2019_c,3689,UniRef90_C7H697,677,0.0041753433367,8,0.9014647137150466,5.5597115002663115e-06
ThomasAM_2019_c,3690,UniRef90_R6JPW2,677,0.0040400500719,8,0.9014647137150466,5.3795606816245006e-06
ThomasAM_2019_c,3691,UniRef90_R5UTQ0,677,0.0040074906757,8,0.9014647137150466,5.336205959653795e-06
ThomasAM_2019_c,3692,UniRef90_R5UY19,677,0.004007218476,8,0.9014647137150466,5.335843509986684e-06
ThomasAM_2019_c,3693,UniRef90_Q8A4S8,677,0.003931953622,8,0.9014647137150466,5.2356239973368845e-06
ThomasAM_2019_c,3694,UniRef90_A0A0P0FFT5,677,0.0039104596013999,8,0.9014647137150466,5.207003463914647e-06
ThomasAM_2019_c,3695,UniRef90_A0A1G8DID3,677,0.003857825352,8,0.9014647137150466,5.136917912117177e-06
ThomasAM_2019_c,3696,UniRef90_D4CAI1,677,0.0038381817265,8,0.9014647137150466,5.1107612869507325e-06
ThomasAM_2019_c,3697,UniRef90_A0A0P0FJV2,677,0.0038007881232,8,0.9014647137150466,5.060969538215712e-06
ThomasAM_2019_c,3698,UniRef90_A0A1C5WIB6,677,0.0037543097384,8,0.9014647137150466,4.999080876697736e-06
ThomasAM_2019_c,3699,UniRef90_A0A174LZD1,677,0.0037427204859,8,0.9014647137150466,4.983649115712384e-06
ThomasAM_2019_c,3700,UniRef90_A0A1C6EGD0,677,0.0037412725959000003,8,0.9014647137150466,4.981721166311585e-06
ThomasAM_2019_c,3701,UniRef90_D1JU88,677,0.0037284289577000002,8,0.9014647137150466,4.9646191181091884e-06
ThomasAM_2019_c,3702,UniRef90_A0A173VFF8,677,0.0037098392589999998,8,0.9014647137150466,4.939865857523302e-06
ThomasAM_2019_c,3703,UniRef90_D7J066,677,0.00369034569,8,0.9014647137150466,4.913909041278296e-06
ThomasAM_2019_c,3704,UniRef90_R5U4M6,677,0.00367970067,8,0.9014647137150466,4.899734580559255e-06
ThomasAM_2019_c,3705,UniRef90_C9KYC3,677,0.0036552357666000002,8,0.9014647137150466,4.867158144607191e-06
ThomasAM_2019_c,3706,UniRef90_A0A0P0FCM3,677,0.0036424900007,8,0.9014647137150466,4.850186419041278e-06
ThomasAM_2019_c,3707,UniRef90_A0A139JZ01,677,0.0035427394468000003,8,0.9014647137150466,4.717362778695074e-06
ThomasAM_2019_c,3708,UniRef90_R6VG54,677,0.0035380317876,8,0.9014647137150466,4.711094257789614e-06
ThomasAM_2019_c,3709,UniRef90_R6K8Z3,677,0.0035333420198,8,0.9014647137150466,4.704849560319573e-06
ThomasAM_2019_c,3710,UniRef90_A0A371A8L1,677,0.0035256537847,8,0.9014647137150466,4.6946122299600535e-06
ThomasAM_2019_c,3711,UniRef90_Q8A0Y3,677,0.0034639441719,8,0.9014647137150466,4.612442306125166e-06
ThomasAM_2019_c,3712,UniRef90_A0A395ZUF3,677,0.0034406183664,8,0.9014647137150466,4.581382645006658e-06
ThomasAM_2019_c,3713,UniRef90_R5UWM0,677,0.0034198607005,8,0.9014647137150466,4.553742610519308e-06
ThomasAM_2019_c,3714,UniRef90_D7J3H2,677,0.0033972151346,8,0.9014647137150466,4.52358872782956e-06
ThomasAM_2019_c,3715,UniRef90_D7K6U8,677,0.0032947037245999997,8,0.9014647137150466,4.387088847669773e-06
ThomasAM_2019_c,3716,UniRef90_A0A139L6J7,677,0.003209823223,8,0.9014647137150466,4.2740655432756325e-06
ThomasAM_2019_c,3717,UniRef90_A0A173YQS4,677,0.0031979431632,8,0.9014647137150466,4.258246555525966e-06
ThomasAM_2019_c,3718,UniRef90_A0A1G8HGB8,677,0.0031711536607,8,0.9014647137150466,4.222574781225033e-06
ThomasAM_2019_c,3719,UniRef90_A0A2S9I3B8,677,0.0031551867891,8,0.9014647137150466,4.201313966844208e-06
ThomasAM_2019_c,3720,UniRef90_R5UQ08,677,0.0027948706985,8,0.9014647137150466,3.7215322217043945e-06
ThomasAM_2019_c,3721,UniRef90_Q8A8D9,677,0.0027118910832,8,0.9014647137150466,3.611040057523302e-06
ThomasAM_2019_c,3722,UniRef90_C7H5A5,677,0.0020933795473,8,0.9014647137150466,2.787456121571238e-06
ThomasAM_2019_c,3723,UniRef90_A5ZU75,677,0.0010773245068,8,0.9014647137150466,1.4345199824234352e-06
ThomasAM_2019_c,3724,UniRef90_A0A3D3Y124,677,0.0006145622928,8,0.9014647137150466,8.183252900133156e-07
ThomasAM_2019_c,3725,UniRef90_UPI000E551B98,677,0.0005555067655,8,0.9014647137150466,7.396894347536617e-07
ThomasAM_2019_c,3726,UniRef90_K1SC02,677,0.00034930139109,8,0.9014647137150466,4.651150347403462e-07
ThomasAM_2019_c,3727,UniRef90_UPI000E555DCC,677,0.0003085655719,8,0.9014647137150466,4.108729319573902e-07
ThomasAM_2019_c,3728,UniRef90_C0C6S4,677,0.0002824213002,8,0.9014647137150466,3.7606031984021305e-07
ThomasAM_2019_c,3729,UniRef90_A0A351ZGG4,677,0.0001382349163,8,0.9014647137150466,1.840677980026631e-07
ThomasAM_2019_c,3730,UniRef90_D1PK18,676,0.04230489901,8,0.9001331557922769,5.633142344873502e-05
ThomasAM_2019_c,3731,UniRef90_A7AJP9,676,0.0252333712358,8,0.9001331557922769,3.359969538721704e-05
ThomasAM_2019_c,3732,UniRef90_C0BDI1,676,0.01574515502259,8,0.9001331557922769,2.0965585915565912e-05
ThomasAM_2019_c,3733,UniRef90_C7H8R2,676,0.013202507398,8,0.9001331557922769,1.757990332623169e-05
ThomasAM_2019_c,3734,UniRef90_A0A174CRA0,676,0.012030263102,8,0.9001331557922769,1.601899214647137e-05
ThomasAM_2019_c,3735,UniRef90_C7H9F8,676,0.011277977864,8,0.9001331557922769,1.5017280777629827e-05
ThomasAM_2019_c,3736,UniRef90_B0G4M3,676,0.010973169614,8,0.9001331557922769,1.4611410937416778e-05
ThomasAM_2019_c,3737,UniRef90_G5SL06,676,0.009883500294,8,0.9001331557922769,1.316045312117177e-05
ThomasAM_2019_c,3738,UniRef90_A0A0K2HFR8,676,0.0097567845577,8,0.9001331557922769,1.2991723778561917e-05
ThomasAM_2019_c,3739,UniRef90_B6VSP0,676,0.0097244040344,8,0.9001331557922769,1.2948607236218374e-05
ThomasAM_2019_c,3740,UniRef90_R7EJR5,676,0.009432507684,8,0.9001331557922769,1.2559930338215713e-05
ThomasAM_2019_c,3741,UniRef90_A0A174B5P9,676,0.0091489675418,8,0.9001331557922769,1.2182380215446072e-05
ThomasAM_2019_c,3742,UniRef90_A6BL08,676,0.0087802602536,8,0.9001331557922769,1.1691425104660453e-05
ThomasAM_2019_c,3743,UniRef90_A0A076INP2,676,0.008763337963,8,0.9001331557922769,1.1668892094540613e-05
ThomasAM_2019_c,3744,UniRef90_A7M5P2,676,0.0086152318014,8,0.9001331557922769,1.1471680161651131e-05
ThomasAM_2019_c,3745,UniRef90_U6R7V5,676,0.0085519109012,8,0.9001331557922769,1.1387364715312916e-05
ThomasAM_2019_c,3746,UniRef90_A0A0P0M1T8,676,0.0084075552968,8,0.9001331557922769,1.1195146866577897e-05
ThomasAM_2019_c,3747,UniRef90_A0A395UQZ5,676,0.0083741577248,8,0.9001331557922769,1.1150676064980027e-05
ThomasAM_2019_c,3748,UniRef90_D4M0A2,676,0.0083072409237,8,0.9001331557922769,1.1061572468308922e-05
ThomasAM_2019_c,3749,UniRef90_A0A076J4P5,676,0.0083070584813,8,0.9001331557922769,1.1061329535685753e-05
ThomasAM_2019_c,3750,UniRef90_A0A3E4VZR9,676,0.008268184112000001,8,0.9001331557922769,1.1009566061251665e-05
ThomasAM_2019_c,3751,UniRef90_A6L075,676,0.008254868055,8,0.9001331557922769,1.0991834960053262e-05
ThomasAM_2019_c,3752,UniRef90_A0A174S739,676,0.0081821963307,8,0.9001331557922769,1.0895068349800266e-05
ThomasAM_2019_c,3753,UniRef90_A0A076II47,676,0.008162423142,8,0.9001331557922769,1.0868739203728363e-05
ThomasAM_2019_c,3754,UniRef90_C7H7F5,676,0.0080842753261,8,0.9001331557922769,1.0764680860319573e-05
ThomasAM_2019_c,3755,UniRef90_D4M0C0,676,0.0080369605043,8,0.9001331557922769,1.070167843448735e-05
ThomasAM_2019_c,3756,UniRef90_A0A174ME99,676,0.008010766516,8,0.9001331557922769,1.066679962183755e-05
ThomasAM_2019_c,3757,UniRef90_A0A0P0LDV8,676,0.0079997613947,8,0.9001331557922769,1.0652145665379494e-05
ThomasAM_2019_c,3758,UniRef90_A0A329TI34,676,0.0079627469189,8,0.9001331557922769,1.0602858746870839e-05
ThomasAM_2019_c,3759,UniRef90_U6RJ00,676,0.007918687694,8,0.9001331557922769,1.0544191336884155e-05
ThomasAM_2019_c,3760,UniRef90_A0A0K2HGW7,676,0.0078885674324,8,0.9001331557922769,1.0504084463914781e-05
ThomasAM_2019_c,3761,UniRef90_A0A1Y4PSG1,676,0.007863954536,8,0.9001331557922769,1.0471310966711052e-05
ThomasAM_2019_c,3762,UniRef90_R6PYF5,676,0.0078474552235,8,0.9001331557922769,1.0449341176431424e-05
ThomasAM_2019_c,3763,UniRef90_A6KYS2,676,0.007801942898,8,0.9001331557922769,1.038873887882823e-05
ThomasAM_2019_c,3764,UniRef90_D1K3L5,676,0.0077684717984999995,8,0.9001331557922769,1.0344170171105192e-05
ThomasAM_2019_c,3765,UniRef90_A6L2J2,676,0.0077557078998,8,0.9001331557922769,1.0327174300665778e-05
ThomasAM_2019_c,3766,UniRef90_A0A0P0LLI9,676,0.0077297692227,8,0.9001331557922769,1.0292635449667111e-05
ThomasAM_2019_c,3767,UniRef90_A0A3E4FXA9,676,0.0076806575353,8,0.9001331557922769,1.0227240393209054e-05
ThomasAM_2019_c,3768,UniRef90_A0A174M1S7,676,0.0076785278266,8,0.9001331557922769,1.0224404562716378e-05
ThomasAM_2019_c,3769,UniRef90_A0A076IYJ2,676,0.007649361738,8,0.9001331557922769,1.0185568226364848e-05
ThomasAM_2019_c,3770,UniRef90_A0A0K2HFG2,676,0.0076433199845,8,0.9001331557922769,1.0177523281624501e-05
ThomasAM_2019_c,3771,UniRef90_U6RBY3,676,0.007638451791,8,0.9001331557922769,1.0171041e-05
ThomasAM_2019_c,3772,UniRef90_K9EIH7,676,0.0076286416561,8,0.9001331557922769,1.0157978237150467e-05
ThomasAM_2019_c,3773,UniRef90_A0A076J0Q5,676,0.0076187297818,8,0.9001331557922769,1.0144780002396804e-05
ThomasAM_2019_c,3774,UniRef90_A0A076J5W2,676,0.0076134751585,8,0.9001331557922769,1.013778316711052e-05
ThomasAM_2019_c,3775,UniRef90_E5UPC0,676,0.0076031148444,8,0.9001331557922769,1.0123987808788283e-05
ThomasAM_2019_c,3776,UniRef90_A0A0K2HH56,676,0.0075872208862,8,0.9001331557922769,1.0102824082822903e-05
ThomasAM_2019_c,3777,UniRef90_A0A076J2P1,676,0.00756237624,8,0.9001331557922769,1.0069741997336884e-05
ThomasAM_2019_c,3778,UniRef90_A0A076IMM1,676,0.0075608880051,8,0.9001331557922769,1.0067760326364847e-05
ThomasAM_2019_c,3779,UniRef90_C4ZGF4,676,0.007532265899,8,0.9001331557922769,1.0029648334221038e-05
ThomasAM_2019_c,3780,UniRef90_S0FAP6,676,0.0075139592103,8,0.9001331557922769,1.0005271917842877e-05
ThomasAM_2019_c,3781,UniRef90_A6L1Z3,676,0.0075070975291,8,0.9001331557922769,9.996135191877496e-06
ThomasAM_2019_c,3782,UniRef90_A0A396F4S8,676,0.0074995408061,8,0.9001331557922769,9.986072977496671e-06
ThomasAM_2019_c,3783,UniRef90_A0A076J249,676,0.0074845895943999995,8,0.9001331557922769,9.966164573102529e-06
ThomasAM_2019_c,3784,UniRef90_A6KXL8,676,0.007479086788,8,0.9001331557922769,9.958837267643143e-06
ThomasAM_2019_c,3785,UniRef90_A0A076J0D7,676,0.0074722517959999995,8,0.9001331557922769,9.949736079893475e-06
ThomasAM_2019_c,3786,UniRef90_A0A076IWJ8,676,0.0074700803212,8,0.9001331557922769,9.946844635419441e-06
ThomasAM_2019_c,3787,UniRef90_D1K6P6,676,0.0074633882414,8,0.9001331557922769,9.937933743541944e-06
ThomasAM_2019_c,3788,UniRef90_A0A076J147,676,0.0074624930273,8,0.9001331557922769,9.936741714114514e-06
ThomasAM_2019_c,3789,UniRef90_B6W5B3,676,0.0074494017617,8,0.9001331557922769,9.919309935685753e-06
ThomasAM_2019_c,3790,UniRef90_A0A076IXG6,676,0.0074463603576,8,0.9001331557922769,9.915260129960054e-06
ThomasAM_2019_c,3791,UniRef90_A0A0K2HHJ7,676,0.007440338651,8,0.9001331557922769,9.907241878828229e-06
ThomasAM_2019_c,3792,UniRef90_R6Q4U9,676,0.0074124288948,8,0.9001331557922769,9.87007842183755e-06
ThomasAM_2019_c,3793,UniRef90_C6Z4I1,676,0.0074047841402,8,0.9001331557922769,9.859898988282291e-06
ThomasAM_2019_c,3794,UniRef90_D4V565,676,0.0073894443864,8,0.9001331557922769,9.839473217576564e-06
ThomasAM_2019_c,3795,UniRef90_A0A076J3T7,676,0.007381498852,8,0.9001331557922769,9.828893278295606e-06
ThomasAM_2019_c,3796,UniRef90_D4RZN6,676,0.0073743873250000005,8,0.9001331557922769,9.819423868175766e-06
ThomasAM_2019_c,3797,UniRef90_A0A076J770,676,0.00737366063,8,0.9001331557922769,9.81845623169108e-06
ThomasAM_2019_c,3798,UniRef90_I9RBI9,676,0.0073730759062,8,0.9001331557922769,9.817677638082557e-06
ThomasAM_2019_c,3799,UniRef90_I8VF16,676,0.0073575251605,8,0.9001331557922769,9.796970919440745e-06
ThomasAM_2019_c,3800,UniRef90_R6FCY4,676,0.0073382990515,8,0.9001331557922769,9.771370241677764e-06
ThomasAM_2019_c,3801,UniRef90_A0A0P0M116,676,0.0073237902251,8,0.9001331557922769,9.752050898934755e-06
ThomasAM_2019_c,3802,UniRef90_A6L070,676,0.0073111306758,8,0.9001331557922769,9.735193975765645e-06
ThomasAM_2019_c,3803,UniRef90_A0A0N7J804,676,0.0072887989358,8,0.9001331557922769,9.705457970439415e-06
ThomasAM_2019_c,3804,UniRef90_A0A076ITT2,676,0.007285143149,8,0.9001331557922769,9.700590078561917e-06
ThomasAM_2019_c,3805,UniRef90_A0A076IW64,676,0.0072833617330000005,8,0.9001331557922769,9.69821801997337e-06
ThomasAM_2019_c,3806,UniRef90_R5K3J5,676,0.0072760140642,8,0.9001331557922769,9.688434173368842e-06
ThomasAM_2019_c,3807,UniRef90_C6Z4N4,676,0.007274422664,8,0.9001331557922769,9.686315131824234e-06
ThomasAM_2019_c,3808,UniRef90_A0A108TCH3,676,0.007263248273,8,0.9001331557922769,9.67143578295606e-06
ThomasAM_2019_c,3809,UniRef90_A0A3E2XAA4,676,0.0072612254908,8,0.9001331557922769,9.668742331291612e-06
ThomasAM_2019_c,3810,UniRef90_R6QDH4,676,0.0072511687782,8,0.9001331557922769,9.655351235952064e-06
ThomasAM_2019_c,3811,UniRef90_A0A0K2HGY1,676,0.0072425732950000005,8,0.9001331557922769,9.643905852197071e-06
ThomasAM_2019_c,3812,UniRef90_A0A076IUD8,676,0.0072411458691,8,0.9001331557922769,9.642005151930759e-06
ThomasAM_2019_c,3813,UniRef90_F3PWG3,676,0.0072404053569,8,0.9001331557922769,9.641019117043941e-06
ThomasAM_2019_c,3814,UniRef90_A0A396B8R5,676,0.007237243517,8,0.9001331557922769,9.636808944074567e-06
ThomasAM_2019_c,3815,UniRef90_A0A0P0M6J9,676,0.0072347593199,8,0.9001331557922769,9.63350109174434e-06
ThomasAM_2019_c,3816,UniRef90_A0A076IV90,676,0.0072309711615,8,0.9001331557922769,9.628456939414115e-06
ThomasAM_2019_c,3817,UniRef90_A6L2N4,676,0.007227777647,8,0.9001331557922769,9.62420458988016e-06
ThomasAM_2019_c,3818,UniRef90_C3RFD1,676,0.0072202272008,8,0.9001331557922769,9.614150733422104e-06
ThomasAM_2019_c,3819,UniRef90_A0A076ISP7,676,0.0072169472334,8,0.9001331557922769,9.609783266844209e-06
ThomasAM_2019_c,3820,UniRef90_A0A076IY48,676,0.007211752419,8,0.9001331557922769,9.602866070572569e-06
ThomasAM_2019_c,3821,UniRef90_I9FTG5,676,0.0072034646015,8,0.9001331557922769,9.591830361517976e-06
ThomasAM_2019_c,3822,UniRef90_A0A380ZGG4,676,0.0071924460823,8,0.9001331557922769,9.577158564980026e-06
ThomasAM_2019_c,3823,UniRef90_A0A076IZX2,676,0.0071792121930000004,8,0.9001331557922769,9.559536874833555e-06
ThomasAM_2019_c,3824,UniRef90_A0A0M1W0Y9,676,0.007175986351,8,0.9001331557922769,9.555241479360853e-06
ThomasAM_2019_c,3825,UniRef90_A0A076J279,676,0.0071645720547,8,0.9001331557922769,9.540042682689746e-06
ThomasAM_2019_c,3826,UniRef90_A0A076J1G9,676,0.0071565218379,8,0.9001331557922769,9.529323352729695e-06
ThomasAM_2019_c,3827,UniRef90_A0A1Y3ZL52,676,0.0071478518979,8,0.9001331557922769,9.517778825432757e-06
ThomasAM_2019_c,3828,UniRef90_R7DCF9,676,0.0071400076238,8,0.9001331557922769,9.507333720106524e-06
ThomasAM_2019_c,3829,UniRef90_B6VS10,676,0.007126459703,8,0.9001331557922769,9.48929387882823e-06
ThomasAM_2019_c,3830,UniRef90_A0A076IZZ3,676,0.007092699989,8,0.9001331557922769,9.444340864181092e-06
ThomasAM_2019_c,3831,UniRef90_D1K0L2,676,0.0070910692487,8,0.9001331557922769,9.442169439014647e-06
ThomasAM_2019_c,3832,UniRef90_A0A076JC04,676,0.007076784033,8,0.9001331557922769,9.423147846870839e-06
ThomasAM_2019_c,3833,UniRef90_A0A0K2HEQ9,676,0.007049916378,8,0.9001331557922769,9.387372007989348e-06
ThomasAM_2019_c,3834,UniRef90_A0A174A414,676,0.0070475597346,8,0.9001331557922769,9.384234000798935e-06
ThomasAM_2019_c,3835,UniRef90_B6VVH6,676,0.007034736158599999,8,0.9001331557922769,9.367158666577895e-06
ThomasAM_2019_c,3836,UniRef90_D4LI56,676,0.0069955229394,8,0.9001331557922769,9.314943993874834e-06
ThomasAM_2019_c,3837,UniRef90_U6REW2,676,0.0069677724149,8,0.9001331557922769,9.277992563115846e-06
ThomasAM_2019_c,3838,UniRef90_A6KX92,676,0.006963852748,8,0.9001331557922769,9.272773299600532e-06
ThomasAM_2019_c,3839,UniRef90_F3PYH1,676,0.006930110544,8,0.9001331557922769,9.227843600532623e-06
ThomasAM_2019_c,3840,UniRef90_A0A0M1W9N1,676,0.0069245235863,8,0.9001331557922769,9.220404242743009e-06
ThomasAM_2019_c,3841,UniRef90_C3RDJ2,676,0.0068990718878,8,0.9001331557922769,9.18651383195739e-06
ThomasAM_2019_c,3842,UniRef90_A0A076IWJ1,676,0.0068977332120000005,8,0.9001331557922769,9.184731307589881e-06
ThomasAM_2019_c,3843,UniRef90_A0A1Y4PR89,676,0.0068837733954,8,0.9001331557922769,9.16614300319574e-06
ThomasAM_2019_c,3844,UniRef90_A0A1H7JIB2,676,0.0068818781273999995,8,0.9001331557922769,9.163619344074567e-06
ThomasAM_2019_c,3845,UniRef90_A0A0K2HE02,676,0.0068742637299,8,0.9001331557922769,9.153480332756326e-06
ThomasAM_2019_c,3846,UniRef90_B6VTH0,676,0.006858433041000001,8,0.9001331557922769,9.13240085352863e-06
ThomasAM_2019_c,3847,UniRef90_C7H3L2,676,0.006853914978,8,0.9001331557922769,9.126384790945406e-06
ThomasAM_2019_c,3848,UniRef90_A0A076ITD9,676,0.0068430033974,8,0.9001331557922769,9.111855389347537e-06
ThomasAM_2019_c,3849,UniRef90_A0A076J626,676,0.0068354149238,8,0.9001331557922769,9.101750897203728e-06
ThomasAM_2019_c,3850,UniRef90_C3R8E0,676,0.006831925397,8,0.9001331557922769,9.097104390146471e-06
ThomasAM_2019_c,3851,UniRef90_A0A1Y3ZE18,676,0.0068231064742,8,0.9001331557922769,9.085361483621838e-06
ThomasAM_2019_c,3852,UniRef90_A0A076ITR7,676,0.00682102719,8,0.9001331557922769,9.082592796271636e-06
ThomasAM_2019_c,3853,UniRef90_A0A174UQ44,676,0.006800408711,8,0.9001331557922769,9.055138097203729e-06
ThomasAM_2019_c,3854,UniRef90_A0A076J3J8,676,0.0067993906787999995,8,0.9001331557922769,9.053782528362183e-06
ThomasAM_2019_c,3855,UniRef90_A0A0K2HE35,676,0.006784821631,8,0.9001331557922769,9.034382997336884e-06
ThomasAM_2019_c,3856,UniRef90_D4V4U7,676,0.006759508609999999,8,0.9001331557922769,9.0006772436751e-06
ThomasAM_2019_c,3857,UniRef90_A0A3E5H8P0,676,0.006752896560000001,8,0.9001331557922769,8.991872916111851e-06
ThomasAM_2019_c,3858,UniRef90_A0A076J588,676,0.006743795227,8,0.9001331557922769,8.979753964047936e-06
ThomasAM_2019_c,3859,UniRef90_A0A076IKG2,676,0.0067307470589,8,0.9001331557922769,8.962379572436751e-06
ThomasAM_2019_c,3860,UniRef90_B6W1I5,676,0.0067243511158,8,0.9001331557922769,8.953863003728362e-06
ThomasAM_2019_c,3861,UniRef90_A0A076IR94,676,0.0067207121133,8,0.9001331557922769,8.949017461118509e-06
ThomasAM_2019_c,3862,UniRef90_H1LWR3,676,0.0067014919929,8,0.9001331557922769,8.923424757523302e-06
ThomasAM_2019_c,3863,UniRef90_R6QIK7,676,0.006701420506,8,0.9001331557922769,8.923329568575234e-06
ThomasAM_2019_c,3864,UniRef90_A0A0P0M3C9,676,0.0066842759164,8,0.9001331557922769,8.900500554460719e-06
ThomasAM_2019_c,3865,UniRef90_A0A076J192,676,0.0066730340426,8,0.9001331557922769,8.885531348335553e-06
ThomasAM_2019_c,3866,UniRef90_A0A076INL3,676,0.0066593264067,8,0.9001331557922769,8.867278837150467e-06
ThomasAM_2019_c,3867,UniRef90_A0A174TTD6,676,0.0066315068752,8,0.9001331557922769,8.8302355195739e-06
ThomasAM_2019_c,3868,UniRef90_A0A076JBD8,676,0.0066246272912,8,0.9001331557922769,8.821074954993342e-06
ThomasAM_2019_c,3869,UniRef90_A0A0P0L9Z5,676,0.0066228193999,8,0.9001331557922769,8.818667643009321e-06
ThomasAM_2019_c,3870,UniRef90_A0A0K2HNW9,676,0.0066223342768,8,0.9001331557922769,8.818021673501997e-06
ThomasAM_2019_c,3871,UniRef90_I9QH96,676,0.006615779253,8,0.9001331557922769,8.809293279627163e-06
ThomasAM_2019_c,3872,UniRef90_A0A0P0M4J7,676,0.0066094419989,8,0.9001331557922769,8.800854858721704e-06
ThomasAM_2019_c,3873,UniRef90_E6SQH5,676,0.006601258838,8,0.9001331557922769,8.78995850599201e-06
ThomasAM_2019_c,3874,UniRef90_A0A0P0M531,676,0.0065931485193,8,0.9001331557922769,8.77915914687084e-06
ThomasAM_2019_c,3875,UniRef90_R7NVI7,676,0.006586865404,8,0.9001331557922769,8.770792814913448e-06
ThomasAM_2019_c,3876,UniRef90_U6RP94,676,0.006576960743,8,0.9001331557922769,8.757604185086552e-06
ThomasAM_2019_c,3877,UniRef90_A0A0P0M0N3,676,0.0065754431638,8,0.9001331557922769,8.75558344047936e-06
ThomasAM_2019_c,3878,UniRef90_A8S7T0,676,0.006513853402900001,8,0.9001331557922769,8.673573106391479e-06
ThomasAM_2019_c,3879,UniRef90_I8VLN7,676,0.006508150478,8,0.9001331557922769,8.665979331557922e-06
ThomasAM_2019_c,3880,UniRef90_A0A0P0M2T2,676,0.0065025284478,8,0.9001331557922769,8.658493272703063e-06
ThomasAM_2019_c,3881,UniRef90_A0A0K2HIG2,676,0.006500546983,8,0.9001331557922769,8.655854837549934e-06
ThomasAM_2019_c,3882,UniRef90_A0A174P791,676,0.0064963337046999,8,0.9001331557922769,8.650244613448602e-06
ThomasAM_2019_c,3883,UniRef90_I8WCZ9,676,0.0064909130207,8,0.9001331557922769,8.643026658721705e-06
ThomasAM_2019_c,3884,UniRef90_A0A396ALF5,676,0.0064696948755,8,0.9001331557922769,8.614773469374169e-06
ThomasAM_2019_c,3885,UniRef90_A0A076IRA9,676,0.006456989514,8,0.9001331557922769,8.59785554460719e-06
ThomasAM_2019_c,3886,UniRef90_A0A076INE6,676,0.0064497473189,8,0.9001331557922769,8.588212142343541e-06
ThomasAM_2019_c,3887,UniRef90_A0A0N7J7Z4,676,0.0064423464505,8,0.9001331557922769,8.578357457390146e-06
ThomasAM_2019_c,3888,UniRef90_A6L2M8,676,0.0063968341829,8,0.9001331557922769,8.517755236884155e-06
ThomasAM_2019_c,3889,UniRef90_A0A076J1J4,676,0.0063618543557,8,0.9001331557922769,8.471177570838881e-06
ThomasAM_2019_c,3890,UniRef90_A0A396FF80,676,0.006346172898,8,0.9001331557922769,8.45029680159787e-06
ThomasAM_2019_c,3891,UniRef90_A0A076ILB2,676,0.0063289997748,8,0.9001331557922769,8.427429793342211e-06
ThomasAM_2019_c,3892,UniRef90_B5CPM6,676,0.0063227870812,8,0.9001331557922769,8.41915723195739e-06
ThomasAM_2019_c,3893,UniRef90_A0A173UXG5,676,0.0063070881661,8,0.9001331557922769,8.398253217177097e-06
ThomasAM_2019_c,3894,UniRef90_E5UNL8,676,0.0062639015249,8,0.9001331557922769,8.340747702929427e-06
ThomasAM_2019_c,3895,UniRef90_U5JE20,676,0.006258585224,8,0.9001331557922769,8.333668740346205e-06
ThomasAM_2019_c,3896,UniRef90_B6VTE1,676,0.0061791931582,8,0.9001331557922769,8.227953606125167e-06
ThomasAM_2019_c,3897,UniRef90_A0A0K2HN45,676,0.0061526666982,8,0.9001331557922769,8.192632088149134e-06
ThomasAM_2019_c,3898,UniRef90_I9R8R7,676,0.0061168918016,8,0.9001331557922769,8.14499574114514e-06
ThomasAM_2019_c,3899,UniRef90_A0A076J422,676,0.0060819619927,8,0.9001331557922769,8.098484677363515e-06
ThomasAM_2019_c,3900,UniRef90_D4V6U7,676,0.0060810744739,8,0.9001331557922769,8.097302894673768e-06
ThomasAM_2019_c,3901,UniRef90_A0A0P0M4G2,676,0.0060689631776,8,0.9001331557922769,8.081176002130492e-06
ThomasAM_2019_c,3902,UniRef90_A0A076IRM7,676,0.0060459201514,8,0.9001331557922769,8.050492878029295e-06
ThomasAM_2019_c,3903,UniRef90_A0A329U549,676,0.0060456676385,8,0.9001331557922769,8.050156642476697e-06
ThomasAM_2019_c,3904,UniRef90_A0A2A7B7T6,676,0.0060076804433,8,0.9001331557922769,7.99957449174434e-06
ThomasAM_2019_c,3905,UniRef90_E5UWS7,676,0.0060036607973,8,0.9001331557922769,7.994222100266313e-06
ThomasAM_2019_c,3906,UniRef90_B6FKD6,676,0.0059994859356,8,0.9001331557922769,7.98866303009321e-06
ThomasAM_2019_c,3907,UniRef90_A0A174ILV5,676,0.0059969667713,8,0.9001331557922769,7.985308616910785e-06
ThomasAM_2019_c,3908,UniRef90_C3R6I8,676,0.0059958370449999,8,0.9001331557922769,7.983804320905326e-06
ThomasAM_2019_c,3909,UniRef90_A0A127SNB8,676,0.0059819850483,8,0.9001331557922769,7.965359584953396e-06
ThomasAM_2019_c,3910,UniRef90_A0A0M1VYI6,676,0.00596705902,8,0.9001331557922769,7.945484713715047e-06
ThomasAM_2019_c,3911,UniRef90_C3RAF2,676,0.0058874183903,8,0.9001331557922769,7.839438602263648e-06
ThomasAM_2019_c,3912,UniRef90_A0A076J5L2,676,0.0058343803711,8,0.9001331557922769,7.76881540758988e-06
ThomasAM_2019_c,3913,UniRef90_A0A076IUD6,676,0.0058191885798,8,0.9001331557922769,7.748586657523302e-06
ThomasAM_2019_c,3914,UniRef90_A0A173RCC0,676,0.0057717712832,8,0.9001331557922769,7.685447780559255e-06
ThomasAM_2019_c,3915,UniRef90_A0A2A6Z7A5,676,0.0057457207042,8,0.9001331557922769,7.650759925699068e-06
ThomasAM_2019_c,3916,UniRef90_A0A174PHW9,676,0.0057283043463,8,0.9001331557922769,7.627569036351531e-06
ThomasAM_2019_c,3917,UniRef90_A0A076IPG1,676,0.0056995030232,8,0.9001331557922769,7.589218406391478e-06
ThomasAM_2019_c,3918,UniRef90_A0A3B8TLY4,676,0.0056270420567,8,0.9001331557922769,7.492732432356858e-06
ThomasAM_2019_c,3919,UniRef90_C0CK36,676,0.0056186496859,8,0.9001331557922769,7.481557504527297e-06
ThomasAM_2019_c,3920,UniRef90_C7H3A9,676,0.0055980896059,8,0.9001331557922769,7.454180567110519e-06
ThomasAM_2019_c,3921,UniRef90_A0A076J4J6,676,0.0055694488406,8,0.9001331557922769,7.416043729161118e-06
ThomasAM_2019_c,3922,UniRef90_U2QZ59,676,0.0055126488097,8,0.9001331557922769,7.340411198002663e-06
ThomasAM_2019_c,3923,UniRef90_A0A076J543,676,0.0054956643474,8,0.9001331557922769,7.317795402663116e-06
ThomasAM_2019_c,3924,UniRef90_A7VY02,676,0.0054798043818,8,0.9001331557922769,7.296676939813582e-06
ThomasAM_2019_c,3925,UniRef90_C3RBJ7,676,0.0054473826916,8,0.9001331557922769,7.253505581358189e-06
ThomasAM_2019_c,3926,UniRef90_A0A396FFH9,676,0.0053705281641,8,0.9001331557922769,7.151169326364848e-06
ThomasAM_2019_c,3927,UniRef90_A0A395ZHS7,676,0.005343389456,8,0.9001331557922769,7.115032564580559e-06
ThomasAM_2019_c,3928,UniRef90_R6HMP3,676,0.0051955663241,8,0.9001331557922769,6.918197502130493e-06
ThomasAM_2019_c,3929,UniRef90_A5ZSY5,676,0.0048546918442,8,0.9001331557922769,6.464303387749667e-06
ThomasAM_2019_c,3930,UniRef90_D7J831,676,0.004713474205,8,0.9001331557922769,6.276263921438082e-06
ThomasAM_2019_c,3931,UniRef90_A0A176UAJ5,676,0.0046431447554,8,0.9001331557922769,6.182616185619174e-06
ThomasAM_2019_c,3932,UniRef90_A0A3E4N5Q3,676,0.0045989749599,8,0.9001331557922769,6.123801544474035e-06
ThomasAM_2019_c,3933,UniRef90_A0A076J1X6,676,0.0045967089606,8,0.9001331557922769,6.12078423515313e-06
ThomasAM_2019_c,3934,UniRef90_A0A0N7IAY5,676,0.0045451732465,8,0.9001331557922769,6.052161446737683e-06
ThomasAM_2019_c,3935,UniRef90_A0A0K6BRZ6,676,0.0043585884549999995,8,0.9001331557922769,5.803712989347536e-06
ThomasAM_2019_c,3936,UniRef90_A0A174PEM6,676,0.0043301822174,8,0.9001331557922769,5.76588843861518e-06
ThomasAM_2019_c,3937,UniRef90_A0A139L9V6,676,0.0042025551205,8,0.9001331557922769,5.595945566577896e-06
ThomasAM_2019_c,3938,UniRef90_A0A3E2UBK5,676,0.004094446067,8,0.9001331557922769,5.451992099866844e-06
ThomasAM_2019_c,3939,UniRef90_R6DCI9,676,0.0040919429531,8,0.9001331557922769,5.448659058721705e-06
ThomasAM_2019_c,3940,UniRef90_A0A3E2U321,676,0.0040689344407000005,8,0.9001331557922769,5.418021891744342e-06
ThomasAM_2019_c,3941,UniRef90_R7KPA1,676,0.0039087809269,8,0.9001331557922769,5.204768211584554e-06
ThomasAM_2019_c,3942,UniRef90_W6P901,676,0.0038706539026999998,8,0.9001331557922769,5.1539998704394134e-06
ThomasAM_2019_c,3943,UniRef90_R6JJ34,676,0.00385597052,8,0.9001331557922769,5.13444809587217e-06
ThomasAM_2019_c,3944,UniRef90_Q8A1M1,676,0.0038207575703,8,0.9001331557922769,5.0875600137150465e-06
ThomasAM_2019_c,3945,UniRef90_A0A3E5HGG9,676,0.0036977393199,8,0.9001331557922769,4.923754087749667e-06
ThomasAM_2019_c,3946,UniRef90_W4P588,676,0.0036733738991,8,0.9001331557922769,4.891310118641811e-06
ThomasAM_2019_c,3947,UniRef90_A0A0P0EPP4,676,0.0035786683786,8,0.9001331557922769,4.7652042324900135e-06
ThomasAM_2019_c,3948,UniRef90_A0A173YIN8,676,0.0035662043841,8,0.9001331557922769,4.748607701864181e-06
ThomasAM_2019_c,3949,UniRef90_A7M5T6,676,0.0035627098635,8,0.9001331557922769,4.7439545452729695e-06
ThomasAM_2019_c,3950,UniRef90_A5ZK94,676,0.003546761793,8,0.9001331557922769,4.722718765645806e-06
ThomasAM_2019_c,3951,UniRef90_C3Q9Z8,676,0.0035317478659,8,0.9001331557922769,4.702726852063915e-06
ThomasAM_2019_c,3952,UniRef90_D4JZB7,676,0.0035093566391,8,0.9001331557922769,4.672911636617843e-06
ThomasAM_2019_c,3953,UniRef90_A0A3D2LNR6,676,0.0035035460920000002,8,0.9001331557922769,4.665174556591212e-06
ThomasAM_2019_c,3954,UniRef90_A0A395VTL6,676,0.003491652436,8,0.9001331557922769,4.649337464713715e-06
ThomasAM_2019_c,3955,UniRef90_A5ZBD6,676,0.003487830969,8,0.9001331557922769,4.644248960053262e-06
ThomasAM_2019_c,3956,UniRef90_A0A395W731,676,0.0034693993553999002,8,0.9001331557922769,4.619706198934621e-06
ThomasAM_2019_c,3957,UniRef90_A0A0P0FR62,676,0.0034660208625,8,0.9001331557922769,4.615207539946738e-06
ThomasAM_2019_c,3958,UniRef90_A5ZKA2,676,0.0034479521937000003,8,0.9001331557922769,4.5911480608521975e-06
ThomasAM_2019_c,3959,UniRef90_Q8A4M8,676,0.003436900497,8,0.9001331557922769,4.576432086551265e-06
ThomasAM_2019_c,3960,UniRef90_R6JCC1,676,0.0034103056154,8,0.9001331557922769,4.541019461251664e-06
ThomasAM_2019_c,3961,UniRef90_D6CXE1,676,0.0033819535201,8,0.9001331557922769,4.50326700412783e-06
ThomasAM_2019_c,3962,UniRef90_A5ZL41,676,0.0033673105609,8,0.9001331557922769,4.483769055792277e-06
ThomasAM_2019_c,3963,UniRef90_F7YJA4,676,0.00333929001663,8,0.9001331557922769,4.446458078069241e-06
ThomasAM_2019_c,3964,UniRef90_A0A0P0EUX2,676,0.0033371270713000003,8,0.9001331557922769,4.443577991078562e-06
ThomasAM_2019_c,3965,UniRef90_A0A0P0FC22,676,0.0033292655929,8,0.9001331557922769,4.433109977230359e-06
ThomasAM_2019_c,3966,UniRef90_A0A174DCX9,676,0.0033101120394000002,8,0.9001331557922769,4.407605911318243e-06
ThomasAM_2019_c,3967,UniRef90_R6J4C8,676,0.0033030257731,8,0.9001331557922769,4.398170137283622e-06
ThomasAM_2019_c,3968,UniRef90_Q8A878,676,0.003273988621,8,0.9001331557922769,4.3595054873501995e-06
ThomasAM_2019_c,3969,UniRef90_A7B8B9,676,0.003273657935,8,0.9001331557922769,4.35906515978695e-06
ThomasAM_2019_c,3970,UniRef90_R6SDV6,676,0.0032441372873,8,0.9001331557922769,4.319756707456725e-06
ThomasAM_2019_c,3971,UniRef90_A0A1Q6JPS7,676,0.0032432832638,8,0.9001331557922769,4.318619525699068e-06
ThomasAM_2019_c,3972,UniRef90_A0A139JTR1,676,0.0032355301661,8,0.9001331557922769,4.3082958270306254e-06
ThomasAM_2019_c,3973,UniRef90_A0A174H1H3,676,0.0032311712299,8,0.9001331557922769,4.302491650998669e-06
ThomasAM_2019_c,3974,UniRef90_A0A0K6BQI8,676,0.0032087995839,8,0.9001331557922769,4.2727025085219705e-06
ThomasAM_2019_c,3975,UniRef90_A0A395VPC1,676,0.003182797168,8,0.9001331557922769,4.238078785619174e-06
ThomasAM_2019_c,3976,UniRef90_A0A1Y4VV50,676,0.003176957178,8,0.9001331557922769,4.230302500665779e-06
ThomasAM_2019_c,3977,UniRef90_Q8A9P4,676,0.0031709265799,8,0.9001331557922769,4.2222724099866845e-06
ThomasAM_2019_c,3978,UniRef90_A0A139K806,676,0.0031527828247,8,0.9001331557922769,4.1981129490013315e-06
ThomasAM_2019_c,3979,UniRef90_A0A174UIJ5,676,0.003139898188,8,0.9001331557922769,4.180956308921438e-06
ThomasAM_2019_c,3980,UniRef90_R6JH80,676,0.0031225275105999997,8,0.9001331557922769,4.157826245805592e-06
ThomasAM_2019_c,3981,UniRef90_R6D7Z6,676,0.0030746932459999998,8,0.9001331557922769,4.094132151797603e-06
ThomasAM_2019_c,3982,UniRef90_A0A1Q6HKH0,676,0.0030625217891,8,0.9001331557922769,4.0779251519307594e-06
ThomasAM_2019_c,3983,UniRef90_R6K519,676,0.0030406094982,8,0.9001331557922769,4.048747667376831e-06
ThomasAM_2019_c,3984,UniRef90_Q89ZW6,676,0.0030271803357,8,0.9001331557922769,4.030865959653795e-06
ThomasAM_2019_c,3985,UniRef90_R7KY52,676,0.0029909920076,8,0.9001331557922769,3.982679104660453e-06
ThomasAM_2019_c,3986,UniRef90_C9KZU0,676,0.0028348945866,8,0.9001331557922769,3.774826347003995e-06
ThomasAM_2019_c,3987,UniRef90_A7VCW2,676,0.0026747032493,8,0.9001331557922769,3.5615223026631158e-06
ThomasAM_2019_c,3988,UniRef90_R6YSQ2,676,0.0023254746809,8,0.9001331557922769,3.096504235552597e-06
ThomasAM_2019_c,3989,UniRef90_E5XIP5,676,0.0021525644852,8,0.9001331557922769,2.8662642945406127e-06
ThomasAM_2019_c,3990,UniRef90_A0A0J1FZ55,676,0.0016942469479000002,8,0.9001331557922769,2.2559879466045276e-06
ThomasAM_2019_c,3991,UniRef90_R6CX53,676,0.0016855405363,8,0.9001331557922769,2.244394855259654e-06
ThomasAM_2019_c,3992,UniRef90_C5EVN8,676,0.0014469738599999999,8,0.9001331557922769,1.9267295073235684e-06
ThomasAM_2019_c,3993,UniRef90_A0A174K3R6,676,0.0014282479082000001,8,0.9001331557922769,1.9017948178428762e-06
ThomasAM_2019_c,3994,UniRef90_C0BFE2,676,0.001115508183,8,0.9001331557922769,1.485363758988016e-06
ThomasAM_2019_c,3995,UniRef90_G9YSZ3,676,0.00110989431524,8,0.9001331557922769,1.477888568894807e-06
ThomasAM_2019_c,3996,UniRef90_R5IR36,676,0.0009440329787,8,0.9001331557922769,1.2570345921438083e-06
ThomasAM_2019_c,3997,UniRef90_K1UIJ2,676,0.00022262909725,8,0.9001331557922769,2.964435382822903e-07
ThomasAM_2019_c,3998,UniRef90_A0A348N5N4,676,0.00019576946839999998,8,0.9001331557922769,2.606783866844207e-07
ThomasAM_2019_c,3999,UniRef90_A0A396FGB3,675,0.113147005981,8,0.8988015978695073,0.00015066179225166443
ThomasAM_2019_c,4000,UniRef90_A0A0E2H0J4,675,0.0277246433518,8,0.8988015978695073,3.6916968511051926e-05
ThomasAM_2019_c,4001,UniRef90_E2ZNH3,675,0.019078385194,8,0.8988015978695073,2.5403974958721704e-05
ThomasAM_2019_c,4002,UniRef90_R6YP67,675,0.0163770986642,8,0.8988015978695073,2.1807055478295606e-05
ThomasAM_2019_c,4003,UniRef90_A7AE91,675,0.014960223059,8,0.8988015978695073,1.9920403540612515e-05
ThomasAM_2019_c,4004,UniRef90_C6LDD5,675,0.013664299236,8,0.8988015978695073,1.8194805906790947e-05
ThomasAM_2019_c,4005,UniRef90_A7V2K8,675,0.013604137321499999,8,0.8988015978695073,1.811469683288948e-05
ThomasAM_2019_c,4006,UniRef90_C7H8U0,675,0.011896569693,8,0.8988015978695073,1.584097162849534e-05
ThomasAM_2019_c,4007,UniRef90_E2ZME0,675,0.0116802393274,8,0.8988015978695073,1.5552915216245007e-05
ThomasAM_2019_c,4008,UniRef90_I9UBB8,675,0.011281783576000001,8,0.8988015978695073,1.5022348303595207e-05
ThomasAM_2019_c,4009,UniRef90_H1ALD0,675,0.010962954641,8,0.8988015978695073,1.459780910918775e-05
ThomasAM_2019_c,4010,UniRef90_D4KAT6,675,0.010858367322,8,0.8988015978695073,1.4458545035952065e-05
ThomasAM_2019_c,4011,UniRef90_D4LVG7,675,0.0106203994337,8,0.8988015978695073,1.4141677008921438e-05
ThomasAM_2019_c,4012,UniRef90_C0BCA8,675,0.010145703865,8,0.8988015978695073,1.3509592363515313e-05
ThomasAM_2019_c,4013,UniRef90_A0A069SL80,675,0.0095441129131,8,0.8988015978695073,1.2708539165246338e-05
ThomasAM_2019_c,4014,UniRef90_A0A076IUE9,675,0.0092380388761,8,0.8988015978695073,1.23009838563249e-05
ThomasAM_2019_c,4015,UniRef90_A0A2A6ZB14,675,0.008994820288399999,8,0.8988015978695073,1.1977124218908121e-05
ThomasAM_2019_c,4016,UniRef90_A0A396F6U5,675,0.0089595370753,8,0.8988015978695073,1.1930142576964049e-05
ThomasAM_2019_c,4017,UniRef90_R5MTI9,675,0.0089238793573,8,0.8988015978695073,1.1882662260053262e-05
ThomasAM_2019_c,4018,UniRef90_A0A174SXL5,675,0.0088587629048,8,0.8988015978695073,1.1795955931824234e-05
ThomasAM_2019_c,4019,UniRef90_R7A3V8,675,0.0086619207885,8,0.8988015978695073,1.1533849252330226e-05
ThomasAM_2019_c,4020,UniRef90_D4VAV8,675,0.008589886165000001,8,0.8988015978695073,1.1437930978695074e-05
ThomasAM_2019_c,4021,UniRef90_A0A2A6ZAV3,675,0.0085168085761,8,0.8988015978695073,1.1340623936218375e-05
ThomasAM_2019_c,4022,UniRef90_A6L005,675,0.0085026769333,8,0.8988015978695073,1.1321806835286286e-05
ThomasAM_2019_c,4023,UniRef90_A0A0K2HIA2,675,0.008437291099,8,0.8988015978695073,1.1234741809587218e-05
ThomasAM_2019_c,4024,UniRef90_A0A076J094,675,0.008401823464,8,0.8988015978695073,1.1187514599201067e-05
ThomasAM_2019_c,4025,UniRef90_A6L083,675,0.0083934101244,8,0.8988015978695073,1.1176311750199733e-05
ThomasAM_2019_c,4026,UniRef90_I8WCF1,675,0.0082402731059,8,0.8988015978695073,1.0972400939946738e-05
ThomasAM_2019_c,4027,UniRef90_C0CKM7,675,0.008212837174,8,0.8988015978695073,1.0935868407456726e-05
ThomasAM_2019_c,4028,UniRef90_A0A076J096,675,0.0082122780195,8,0.8988015978695073,1.0935123860852198e-05
ThomasAM_2019_c,4029,UniRef90_A0A076J1H5,675,0.0081406202958,8,0.8988015978695073,1.0839707451131824e-05
ThomasAM_2019_c,4030,UniRef90_A0A076ISR6,675,0.0080512036442,8,0.8988015978695073,1.0720644000266313e-05
ThomasAM_2019_c,4031,UniRef90_D1K2M1,675,0.0079883444715,8,0.8988015978695073,1.0636943370838882e-05
ThomasAM_2019_c,4032,UniRef90_D4V591,675,0.0079866470877,8,0.8988015978695073,1.063468320599201e-05
ThomasAM_2019_c,4033,UniRef90_A6L028,675,0.0079722356146,8,0.8988015978695073,1.0615493494806925e-05
ThomasAM_2019_c,4034,UniRef90_D4VA78,675,0.0079663071467,8,0.8988015978695073,1.0607599396404794e-05
ThomasAM_2019_c,4035,UniRef90_F3PNG5,675,0.0079548757966,8,0.8988015978695073,1.0592377891611184e-05
ThomasAM_2019_c,4036,UniRef90_A0A076J0X0,675,0.007910226438999999,8,0.8988015978695073,1.0532924685752329e-05
ThomasAM_2019_c,4037,UniRef90_A0A0P0L443,675,0.007884774486,8,0.8988015978695073,1.0499033936085218e-05
ThomasAM_2019_c,4038,UniRef90_G5SSK1,675,0.0078334642382,8,0.8988015978695073,1.0430711369107856e-05
ThomasAM_2019_c,4039,UniRef90_A0A0P0LHJ6,675,0.0077511623909,8,0.8988015978695073,1.0321121692276964e-05
ThomasAM_2019_c,4040,UniRef90_C7H4N5,675,0.007739260037700001,8,0.8988015978695073,1.0305273019573902e-05
ThomasAM_2019_c,4041,UniRef90_R6M820,675,0.0077234062598,8,0.8988015978695073,1.0284162796005326e-05
ThomasAM_2019_c,4042,UniRef90_A0A076IZG2,675,0.0077196058322,8,0.8988015978695073,1.0279102306524634e-05
ThomasAM_2019_c,4043,UniRef90_B6W0S8,675,0.0077104394885,8,0.8988015978695073,1.026689678894807e-05
ThomasAM_2019_c,4044,UniRef90_D4V5U2,675,0.0076927296383,8,0.8988015978695073,1.0243315097603197e-05
ThomasAM_2019_c,4045,UniRef90_A0A0K2HHI4,675,0.007677870647,8,0.8988015978695073,1.0223529490013316e-05
ThomasAM_2019_c,4046,UniRef90_A0A076IXB1,675,0.0076683681220000004,8,0.8988015978695073,1.021087632756325e-05
ThomasAM_2019_c,4047,UniRef90_A0A076J2S9,675,0.0076683466143,8,0.8988015978695073,1.0210847688814913e-05
ThomasAM_2019_c,4048,UniRef90_D1K3Q6,675,0.007576115712,8,0.8988015978695073,1.0088036900133156e-05
ThomasAM_2019_c,4049,UniRef90_A0A076IYC1,675,0.0075731730248999995,8,0.8988015978695073,1.0084118541810918e-05
ThomasAM_2019_c,4050,UniRef90_A0A174NEN4,675,0.0075626483267,8,0.8988015978695073,1.007010429653795e-05
ThomasAM_2019_c,4051,UniRef90_D4VC12,675,0.0075605409047,8,0.8988015978695073,1.006729814207723e-05
ThomasAM_2019_c,4052,UniRef90_A0A174LNQ9,675,0.0075574085293,8,0.8988015978695073,1.0063127202796272e-05
ThomasAM_2019_c,4053,UniRef90_A0A395YWN9,675,0.0075170541409999994,8,0.8988015978695073,1.0009392997336883e-05
ThomasAM_2019_c,4054,UniRef90_I9FTZ4,675,0.0075122464632,8,0.8988015978695073,1.000299129587217e-05
ThomasAM_2019_c,4055,UniRef90_A0A0N7J6V2,675,0.0074999302928999995,8,0.8988015978695073,9.986591601731024e-06
ThomasAM_2019_c,4056,UniRef90_D4VAI3,675,0.007467648982,8,0.8988015978695073,9.94360716644474e-06
ThomasAM_2019_c,4057,UniRef90_D1JYH4,675,0.0074589413819999995,8,0.8988015978695073,9.932012492676431e-06
ThomasAM_2019_c,4058,UniRef90_A6L0Y0,675,0.0074304368021,8,0.8988015978695073,9.894056993475366e-06
ThomasAM_2019_c,4059,UniRef90_A0A0P0LCH8,675,0.0074277827944,8,0.8988015978695073,9.89052302849534e-06
ThomasAM_2019_c,4060,UniRef90_D1K421,675,0.0074272604865,8,0.8988015978695073,9.889827545272969e-06
ThomasAM_2019_c,4061,UniRef90_A0A076IXI4,675,0.0074237592007,8,0.8988015978695073,9.885165380426099e-06
ThomasAM_2019_c,4062,UniRef90_A0A076IZD5,675,0.007421151652,8,0.8988015978695073,9.881693278295605e-06
ThomasAM_2019_c,4063,UniRef90_A0A076J0P3,675,0.007416074594,8,0.8988015978695073,9.874932881491345e-06
ThomasAM_2019_c,4064,UniRef90_A0A076J005,675,0.0073651065767,8,0.8988015978695073,9.80706601424767e-06
ThomasAM_2019_c,4065,UniRef90_A0A0P0L3R3,675,0.007364296745,8,0.8988015978695073,9.805987676431425e-06
ThomasAM_2019_c,4066,UniRef90_A0A0K2HI27,675,0.007349139198,8,0.8988015978695073,9.785804524633821e-06
ThomasAM_2019_c,4067,UniRef90_A0A076IXE2,675,0.0073471199859,8,0.8988015978695073,9.783115826764313e-06
ThomasAM_2019_c,4068,UniRef90_A0A076IVP1,675,0.0073459824436999995,8,0.8988015978695073,9.781601123435419e-06
ThomasAM_2019_c,4069,UniRef90_A0A3E5HCD5,675,0.0073363913638,8,0.8988015978695073,9.768830045006658e-06
ThomasAM_2019_c,4070,UniRef90_A0A174U119,675,0.00731550785,8,0.8988015978695073,9.741022436750998e-06
ThomasAM_2019_c,4071,UniRef90_A0A0K2HE91,675,0.0073117486881000004,8,0.8988015978695073,9.73601689494008e-06
ThomasAM_2019_c,4072,UniRef90_A0A0K2HH15,675,0.0073108090705999995,8,0.8988015978695073,9.734765739813582e-06
ThomasAM_2019_c,4073,UniRef90_A0A0P0LGR6,675,0.0072953457097,8,0.8988015978695073,9.714175379094541e-06
ThomasAM_2019_c,4074,UniRef90_A0A0P0M668,675,0.0072830485981,8,0.8988015978695073,9.69780106271638e-06
ThomasAM_2019_c,4075,UniRef90_I9R4C5,675,0.0072821783139,8,0.8988015978695073,9.696642228894807e-06
ThomasAM_2019_c,4076,UniRef90_A0A1Y4PBJ5,675,0.0072740166267,8,0.8988015978695073,9.68577446964048e-06
ThomasAM_2019_c,4077,UniRef90_E6SV56,675,0.007256320002,8,0.8988015978695073,9.662210388814914e-06
ThomasAM_2019_c,4078,UniRef90_A0A076IPI2,675,0.007240234855099999,8,0.8988015978695073,9.640792084021303e-06
ThomasAM_2019_c,4079,UniRef90_I9R5T1,675,0.007234040519,8,0.8988015978695073,9.632543966711051e-06
ThomasAM_2019_c,4080,UniRef90_A0A174D4E5,675,0.00720568697,8,0.8988015978695073,9.594789573901464e-06
ThomasAM_2019_c,4081,UniRef90_A0A0M1W8W3,675,0.0071937845806,8,0.8988015978695073,9.578940852996005e-06
ThomasAM_2019_c,4082,UniRef90_A0A076IZT0,675,0.007183115476,8,0.8988015978695073,9.564734322237018e-06
ThomasAM_2019_c,4083,UniRef90_A6L6X0,675,0.00718085188,8,0.8988015978695073,9.561720213049267e-06
ThomasAM_2019_c,4084,UniRef90_A6L7E4,675,0.0071734948191,8,0.8988015978695073,9.551923860319574e-06
ThomasAM_2019_c,4085,UniRef90_D4KXV1,675,0.0071639876729,8,0.8988015978695073,9.539264544474034e-06
ThomasAM_2019_c,4086,UniRef90_C3R9T7,675,0.007149487216,8,0.8988015978695073,9.519956346205061e-06
ThomasAM_2019_c,4087,UniRef90_A8RVW8,675,0.007146178891,8,0.8988015978695073,9.515551119840214e-06
ThomasAM_2019_c,4088,UniRef90_A0A1Q6JDM7,675,0.0071187955799,8,0.8988015978695073,9.479088654993342e-06
ThomasAM_2019_c,4089,UniRef90_A0A174G281,675,0.007100173869,8,0.8988015978695073,9.45429276830892e-06
ThomasAM_2019_c,4090,UniRef90_A0A0K2HF93,675,0.0070920524478,8,0.8988015978695073,9.443478625565912e-06
ThomasAM_2019_c,4091,UniRef90_D6CZF8,675,0.0070688159407,8,0.8988015978695073,9.412537870439413e-06
ThomasAM_2019_c,4092,UniRef90_I9G0G1,675,0.0070647667365,8,0.8988015978695073,9.407146120505993e-06
ThomasAM_2019_c,4093,UniRef90_I9FHZ1,675,0.007048748454,8,0.8988015978695073,9.385816849533954e-06
ThomasAM_2019_c,4094,UniRef90_C7H5G4,675,0.0070445221953,8,0.8988015978695073,9.380189341278296e-06
ThomasAM_2019_c,4095,UniRef90_A0A076J5J0,675,0.007040018253000001,8,0.8988015978695073,9.374192081225034e-06
ThomasAM_2019_c,4096,UniRef90_A6L239,675,0.0070280227766,8,0.8988015978695073,9.358219409587217e-06
ThomasAM_2019_c,4097,UniRef90_A6KYN3,675,0.0070219574971,8,0.8988015978695073,9.35014313861518e-06
ThomasAM_2019_c,4098,UniRef90_A6KXB4,675,0.007020895751,8,0.8988015978695073,9.348729362183755e-06
ThomasAM_2019_c,4099,UniRef90_A0A139K3M5,675,0.007018223953,8,0.8988015978695073,9.345171708388815e-06
ThomasAM_2019_c,4100,UniRef90_A0A076IXF0,675,0.0070151440772,8,0.8988015978695073,9.341070675366178e-06
ThomasAM_2019_c,4101,UniRef90_B6W150,675,0.0070027611259,8,0.8988015978695073,9.324582058455393e-06
ThomasAM_2019_c,4102,UniRef90_A6KX96,675,0.0069848650606,8,0.8988015978695073,9.300752410918774e-06
ThomasAM_2019_c,4103,UniRef90_A0A380ZJI0,675,0.006984172164,8,0.8988015978695073,9.299829778961385e-06
ThomasAM_2019_c,4104,UniRef90_D1K210,675,0.006983236304,8,0.8988015978695073,9.298583627163782e-06
ThomasAM_2019_c,4105,UniRef90_A0A0P0M5V5,675,0.006980918119,8,0.8988015978695073,9.295496829560585e-06
ThomasAM_2019_c,4106,UniRef90_D1K3M3,675,0.0069772663864,8,0.8988015978695073,9.29063433608522e-06
ThomasAM_2019_c,4107,UniRef90_A0A1Y3ZLJ2,675,0.006975400342,8,0.8988015978695073,9.288149589880159e-06
ThomasAM_2019_c,4108,UniRef90_A6KZJ9,675,0.0069354261469,8,0.8988015978695073,9.234921633688415e-06
ThomasAM_2019_c,4109,UniRef90_A0A0M1VZA8,675,0.0068985998494,8,0.8988015978695073,9.18588528548602e-06
ThomasAM_2019_c,4110,UniRef90_A0A174XCC5,675,0.0068643431573,8,0.8988015978695073,9.140270515712384e-06
ThomasAM_2019_c,4111,UniRef90_A0A076IYL7,675,0.006856729289,8,0.8988015978695073,9.130132209054594e-06
ThomasAM_2019_c,4112,UniRef90_A0A0K2HIZ8,675,0.006853106716,8,0.8988015978695073,9.125308543275632e-06
ThomasAM_2019_c,4113,UniRef90_A0A076J3A1,675,0.0068505121756,8,0.8988015978695073,9.121853762450066e-06
ThomasAM_2019_c,4114,UniRef90_F3PJ22,675,0.0068440210161,8,0.8988015978695073,9.113210407589881e-06
ThomasAM_2019_c,4115,UniRef90_A0A174SRQ8,675,0.0068401771600999995,8,0.8988015978695073,9.108092090679093e-06
ThomasAM_2019_c,4116,UniRef90_A6L1N4,675,0.0068342044130000005,8,0.8988015978695073,9.10013903195739e-06
ThomasAM_2019_c,4117,UniRef90_U6RAH3,675,0.0068301341817,8,0.8988015978695073,9.09471928322237e-06
ThomasAM_2019_c,4118,UniRef90_A0A174DAG5,675,0.0068198996482,8,0.8988015978695073,9.081091409054593e-06
ThomasAM_2019_c,4119,UniRef90_A0A397WIJ8,675,0.006819821513,8,0.8988015978695073,9.080987367509987e-06
ThomasAM_2019_c,4120,UniRef90_R6G829,675,0.0068078251266999994,8,0.8988015978695073,9.065013484287616e-06
ThomasAM_2019_c,4121,UniRef90_A0A1Y3ZPT6,675,0.0067777084665,8,0.8988015978695073,9.024911406790947e-06
ThomasAM_2019_c,4122,UniRef90_U6R9D3,675,0.00677088828,8,0.8988015978695073,9.015829933422104e-06
ThomasAM_2019_c,4123,UniRef90_A0A174WM95,675,0.0067644391350000005,8,0.8988015978695073,9.007242523302265e-06
ThomasAM_2019_c,4124,UniRef90_R6QIZ9,675,0.0067632157847,8,0.8988015978695073,9.005613561517976e-06
ThomasAM_2019_c,4125,UniRef90_A0A396FAB6,675,0.0067548242697,8,0.8988015978695073,8.994439773235686e-06
ThomasAM_2019_c,4126,UniRef90_A0A076J1P1,675,0.0067497355137,8,0.8988015978695073,8.987663799866843e-06
ThomasAM_2019_c,4127,UniRef90_A0A0K2HIG7,675,0.0067189236804,8,0.8988015978695073,8.946636059121172e-06
ThomasAM_2019_c,4128,UniRef90_C7H372,675,0.006715924727499999,8,0.8988015978695073,8.942642779627163e-06
ThomasAM_2019_c,4129,UniRef90_A0A136Q5X8,675,0.0067157758747,8,0.8988015978695073,8.942444573501998e-06
ThomasAM_2019_c,4130,UniRef90_A0A0P0M4D2,675,0.0067102946754,8,0.8988015978695073,8.935146039147804e-06
ThomasAM_2019_c,4131,UniRef90_U6RK63,675,0.0067067449349,8,0.8988015978695073,8.930419354061251e-06
ThomasAM_2019_c,4132,UniRef90_A6L6X1,675,0.0067064867438,8,0.8988015978695073,8.930075557656458e-06
ThomasAM_2019_c,4133,UniRef90_A0A0P0M597,675,0.006690917623700001,8,0.8988015978695073,8.909344372436751e-06
ThomasAM_2019_c,4134,UniRef90_A0A076INV9,675,0.006689312444300001,8,0.8988015978695073,8.907206983089215e-06
ThomasAM_2019_c,4135,UniRef90_R6LH10,675,0.006669194004,8,0.8988015978695073,8.88041811451398e-06
ThomasAM_2019_c,4136,UniRef90_A0A0P0M550,675,0.0066476825142,8,0.8988015978695073,8.851774319840213e-06
ThomasAM_2019_c,4137,UniRef90_D1K217,675,0.006647118867,8,0.8988015978695073,8.851023790945405e-06
ThomasAM_2019_c,4138,UniRef90_A0A396BD07,675,0.0065731580843,8,0.8988015978695073,8.752540724766978e-06
ThomasAM_2019_c,4139,UniRef90_A0A0P0M4S5,675,0.0065635911069,8,0.8988015978695073,8.73980174021305e-06
ThomasAM_2019_c,4140,UniRef90_I9F0V9,675,0.0065342652207,8,0.8988015978695073,8.700752624101199e-06
ThomasAM_2019_c,4141,UniRef90_A0A0K2HDL8,675,0.0065249607637,8,0.8988015978695073,8.688363200665778e-06
ThomasAM_2019_c,4142,UniRef90_A0A396FS59,675,0.0064937732166999995,8,0.8988015978695073,8.646835175366178e-06
ThomasAM_2019_c,4143,UniRef90_A0A0M1W4C5,675,0.0064930132105,8,0.8988015978695073,8.645823183089215e-06
ThomasAM_2019_c,4144,UniRef90_A0A0M1W022,675,0.0064810638353,8,0.8988015978695073,8.629911897869507e-06
ThomasAM_2019_c,4145,UniRef90_A0A076IND8,675,0.006473214065,8,0.8988015978695073,8.61945947403462e-06
ThomasAM_2019_c,4146,UniRef90_A6KWL7,675,0.0064495583191,8,0.8988015978695073,8.58796047816245e-06
ThomasAM_2019_c,4147,UniRef90_E6SQA1,675,0.006449295155,8,0.8988015978695073,8.587610059920106e-06
ThomasAM_2019_c,4148,UniRef90_D4VCP4,675,0.006439127892300001,8,0.8988015978695073,8.574071760719042e-06
ThomasAM_2019_c,4149,UniRef90_A6KWS3,675,0.0064327096034,8,0.8988015978695073,8.565525437283622e-06
ThomasAM_2019_c,4150,UniRef90_A0A2A6ZTT8,675,0.0063986216444,8,0.8988015978695073,8.520135345406125e-06
ThomasAM_2019_c,4151,UniRef90_A0A076IQX5,675,0.0063973374554,8,0.8988015978695073,8.518425373368841e-06
ThomasAM_2019_c,4152,UniRef90_A0A396BJT2,675,0.0063950251481000005,8,0.8988015978695073,8.515346402263648e-06
ThomasAM_2019_c,4153,UniRef90_I9IHY3,675,0.006325440133,8,0.8988015978695073,8.422689924101199e-06
ThomasAM_2019_c,4154,UniRef90_A0A1Q6J500,675,0.0063170564573999,8,0.8988015978695073,8.411526574433955e-06
ThomasAM_2019_c,4155,UniRef90_A0A076IQ71,675,0.0062916582401,8,0.8988015978695073,8.377707376964048e-06
ThomasAM_2019_c,4156,UniRef90_A0A0P0M5A3,675,0.0062866389945,8,0.8988015978695073,8.371023960719043e-06
ThomasAM_2019_c,4157,UniRef90_B6VU21,675,0.006283256389,8,0.8988015978695073,8.366519825565913e-06
ThomasAM_2019_c,4158,UniRef90_A0A0P0LC42,675,0.0062771614155,8,0.8988015978695073,8.358404015312916e-06
ThomasAM_2019_c,4159,UniRef90_A0A0P0M574,675,0.0062697985905,8,0.8988015978695073,8.3485999873502e-06
ThomasAM_2019_c,4160,UniRef90_A0A0P0M2S1,675,0.0062692880835,8,0.8988015978695073,8.34792021770972e-06
ThomasAM_2019_c,4161,UniRef90_R7E6D1,675,0.006260262427,8,0.8988015978695073,8.335902033288949e-06
ThomasAM_2019_c,4162,UniRef90_A0A396EYV4,675,0.0062262177460999,8,0.8988015978695073,8.290569568708255e-06
ThomasAM_2019_c,4163,UniRef90_D4KAB8,675,0.0062225571818,8,0.8988015978695073,8.285695315312916e-06
ThomasAM_2019_c,4164,UniRef90_A6L4P0,675,0.0062216714675,8,0.8988015978695073,8.28451593541944e-06
ThomasAM_2019_c,4165,UniRef90_A0A076ISH7,675,0.0062039222989,8,0.8988015978695073,8.260881889347536e-06
ThomasAM_2019_c,4166,UniRef90_A0A174T8J2,675,0.0061978748363000005,8,0.8988015978695073,8.252829342609854e-06
ThomasAM_2019_c,4167,UniRef90_A0A0P0M5U0,675,0.0061798237879999995,8,0.8988015978695073,8.228793326231691e-06
ThomasAM_2019_c,4168,UniRef90_A6L5E7,675,0.0061781951003,8,0.8988015978695073,8.22662463422104e-06
ThomasAM_2019_c,4169,UniRef90_A0A173XN64,675,0.006168436097400001,8,0.8988015978695073,8.213629956591212e-06
ThomasAM_2019_c,4170,UniRef90_A0A076J8B0,675,0.0061327573153,8,0.8988015978695073,8.166121591611184e-06
ThomasAM_2019_c,4171,UniRef90_A0A2A6ZE42,675,0.0060791145568,8,0.8988015978695073,8.094693151531292e-06
ThomasAM_2019_c,4172,UniRef90_A0A076J6F3,675,0.0060702177609,8,0.8988015978695073,8.082846552463383e-06
ThomasAM_2019_c,4173,UniRef90_I9R9Q1,675,0.0060687858298,8,0.8988015978695073,8.080939853262316e-06
ThomasAM_2019_c,4174,UniRef90_A0A174XDM2,675,0.006057840216300001,8,0.8988015978695073,8.066365134886818e-06
ThomasAM_2019_c,4175,UniRef90_A0A1B0FD75,675,0.0060440764720000005,8,0.8988015978695073,8.048037912117178e-06
ThomasAM_2019_c,4176,UniRef90_A0A174IEJ1,675,0.0060287938367,8,0.8988015978695073,8.027688198002664e-06
ThomasAM_2019_c,4177,UniRef90_D4ML27,675,0.0060118223837,8,0.8988015978695073,8.0050897252996e-06
ThomasAM_2019_c,4178,UniRef90_R7D3C7,675,0.0059540471325,8,0.8988015978695073,7.928158631824235e-06
ThomasAM_2019_c,4179,UniRef90_A0A0M6WDC4,675,0.0059062949186,8,0.8988015978695073,7.864573793075899e-06
ThomasAM_2019_c,4180,UniRef90_A0A1Y3ZI32,675,0.0058684693873000005,8,0.8988015978695073,7.814206907190413e-06
ThomasAM_2019_c,4181,UniRef90_D4VCR9,675,0.005850502252,8,0.8988015978695073,7.790282625832224e-06
ThomasAM_2019_c,4182,UniRef90_A0A173R8U4,675,0.0058101096721,8,0.8988015978695073,7.736497566045272e-06
ThomasAM_2019_c,4183,UniRef90_D1JY47,675,0.0057590190795,8,0.8988015978695073,7.668467482689747e-06
ThomasAM_2019_c,4184,UniRef90_B0PI29,675,0.005738179062,8,0.8988015978695073,7.640717792276964e-06
ThomasAM_2019_c,4185,UniRef90_A0A173V6I5,675,0.0057253527215,8,0.8988015978695073,7.623638776964048e-06
ThomasAM_2019_c,4186,UniRef90_A0A1Y4PMS5,675,0.0057148145535999995,8,0.8988015978695073,7.609606596005326e-06
ThomasAM_2019_c,4187,UniRef90_A0A3E2UH17,675,0.0056910428572999995,8,0.8988015978695073,7.577953205459387e-06
ThomasAM_2019_c,4188,UniRef90_D4V9B6,675,0.0056658148901,8,0.8988015978695073,7.544360705858854e-06
ThomasAM_2019_c,4189,UniRef90_H1B4Y5,675,0.005620641278,8,0.8988015978695073,7.484209424766977e-06
ThomasAM_2019_c,4190,UniRef90_A0A2N5NJQ6,675,0.0055966155333,8,0.8988015978695073,7.452217754061252e-06
ThomasAM_2019_c,4191,UniRef90_E2ZHR2,675,0.0055632814296,8,0.8988015978695073,7.4078314641810925e-06
ThomasAM_2019_c,4192,UniRef90_A0A174RU34,675,0.005426053628,8,0.8988015978695073,7.225104697736352e-06
ThomasAM_2019_c,4193,UniRef90_A0A173ZHT6,675,0.0053935088954,8,0.8988015978695073,7.181769501198402e-06
ThomasAM_2019_c,4194,UniRef90_A6L4R8,675,0.0053125402797,8,0.8988015978695073,7.073955099467377e-06
ThomasAM_2019_c,4195,UniRef90_R7N1F8,675,0.0052922986148,8,0.8988015978695073,7.047002150199734e-06
ThomasAM_2019_c,4196,UniRef90_U2PFK4,675,0.0052586415910999,8,0.8988015978695073,7.002185873635019e-06
ThomasAM_2019_c,4197,UniRef90_B6VSB1,675,0.0052497876576,8,0.8988015978695073,6.990396348335553e-06
ThomasAM_2019_c,4198,UniRef90_A0A174F446,675,0.005128549689,8,0.8988015978695073,6.828960970705726e-06
ThomasAM_2019_c,4199,UniRef90_C7GAX9,675,0.0051254684893,8,0.8988015978695073,6.8248581748335556e-06
ThomasAM_2019_c,4200,UniRef90_A0A3E4JRE0,675,0.0049996783855,8,0.8988015978695073,6.65736136551265e-06
ThomasAM_2019_c,4201,UniRef90_C6JEF3,675,0.0049479447573,8,0.8988015978695073,6.588475043009321e-06
ThomasAM_2019_c,4202,UniRef90_A0A174N765,675,0.0049463413132,8,0.8988015978695073,6.586339964314247e-06
ThomasAM_2019_c,4203,UniRef90_A0A174WEI1,675,0.00485835296,8,0.8988015978695073,6.469178375499334e-06
ThomasAM_2019_c,4204,UniRef90_A0A076IUP2,675,0.0048073995209,8,0.8988015978695073,6.401330919973369e-06
ThomasAM_2019_c,4205,UniRef90_G2T1L5,675,0.0047555068075,8,0.8988015978695073,6.332232766311584e-06
ThomasAM_2019_c,4206,UniRef90_A5ZY57,675,0.004539248794,8,0.8988015978695073,6.044272695073236e-06
ThomasAM_2019_c,4207,UniRef90_D4LTT7,675,0.0045212732678,8,0.8988015978695073,6.020337240745673e-06
ThomasAM_2019_c,4208,UniRef90_T1CIM3,675,0.0044887766403,8,0.8988015978695073,5.977066098934755e-06
ThomasAM_2019_c,4209,UniRef90_A0A0N7IAX7,675,0.00417947979,8,0.8988015978695073,5.565219427430094e-06
ThomasAM_2019_c,4210,UniRef90_A8RQB6,675,0.0039426768402,8,0.8988015978695073,5.249902583488681e-06
ThomasAM_2019_c,4211,UniRef90_C9KVX0,675,0.0039136032381999995,8,0.8988015978695073,5.21118939840213e-06
ThomasAM_2019_c,4212,UniRef90_D7IZR9,675,0.003879468122,8,0.8988015978695073,5.165736513981358e-06
ThomasAM_2019_c,4213,UniRef90_A0A0W7TUW7,675,0.0038119748258,8,0.8988015978695073,5.07586528069241e-06
ThomasAM_2019_c,4214,UniRef90_R5USW4,675,0.0037862628023,8,0.8988015978695073,5.041628232090546e-06
ThomasAM_2019_c,4215,UniRef90_A0A2N5NE31,675,0.0037777540167,8,0.8988015978695073,5.030298291211717e-06
ThomasAM_2019_c,4216,UniRef90_A0A139LB70,675,0.0037091528666,8,0.8988015978695073,4.9389518862849535e-06
ThomasAM_2019_c,4217,UniRef90_A0A174QXJ7,675,0.0036963664253,8,0.8988015978695073,4.921925999067909e-06
ThomasAM_2019_c,4218,UniRef90_A0A0P0FDZ6,675,0.003683016357,8,0.8988015978695073,4.904149609853529e-06
ThomasAM_2019_c,4219,UniRef90_A0A1G6GC26,675,0.0036215841118,8,0.8988015978695073,4.822349017043941e-06
ThomasAM_2019_c,4220,UniRef90_C9KYU1,675,0.0035766857288,8,0.8988015978695073,4.762564219440746e-06
ThomasAM_2019_c,4221,UniRef90_Q64RX9,675,0.003570478461,8,0.8988015978695073,4.754298882822903e-06
ThomasAM_2019_c,4222,UniRef90_F7LC31,675,0.0035622390835999998,8,0.8988015978695073,4.743327674567244e-06
ThomasAM_2019_c,4223,UniRef90_C6IJN2,675,0.0035058698771000003,8,0.8988015978695073,4.668268811051931e-06
ThomasAM_2019_c,4224,UniRef90_D6D111,675,0.0034960944307999998,8,0.8988015978695073,4.655252238082556e-06
ThomasAM_2019_c,4225,UniRef90_UPI000A0106DD,675,0.00347097656579,8,0.8988015978695073,4.621806345925433e-06
ThomasAM_2019_c,4226,UniRef90_Q8A029,675,0.00346791317,8,0.8988015978695073,4.617727256990679e-06
ThomasAM_2019_c,4227,UniRef90_A0A139K1U4,675,0.0034669076291,8,0.8988015978695073,4.616388321038615e-06
ThomasAM_2019_c,4228,UniRef90_R6JGD7,675,0.0034393817922,8,0.8988015978695073,4.5797360748335555e-06
ThomasAM_2019_c,4229,UniRef90_R6US12,675,0.0034274274755999997,8,0.8988015978695073,4.5638182098535285e-06
ThomasAM_2019_c,4230,UniRef90_Q8A874,675,0.0034245046398,8,0.8988015978695073,4.559926284687084e-06
ThomasAM_2019_c,4231,UniRef90_R6JR19,675,0.003415211586,8,0.8988015978695073,4.547552045272969e-06
ThomasAM_2019_c,4232,UniRef90_Q8A120,675,0.0033524113862,8,0.8988015978695073,4.4639299416777625e-06
ThomasAM_2019_c,4233,UniRef90_R6JDG8,675,0.0033423172284,8,0.8988015978695073,4.450488985885486e-06
ThomasAM_2019_c,4234,UniRef90_C9KVK2,675,0.003312937099,8,0.8988015978695073,4.411367641810919e-06
ThomasAM_2019_c,4235,UniRef90_C6IPI8,675,0.0032379972962,8,0.8988015978695073,4.3115809536617845e-06
ThomasAM_2019_c,4236,UniRef90_A0A173UDN6,675,0.0032317381486,8,0.8988015978695073,4.30324653608522e-06
ThomasAM_2019_c,4237,UniRef90_Q8A018,675,0.0032154714321,8,0.8988015978695073,4.281586460852197e-06
ThomasAM_2019_c,4238,UniRef90_R7KXS5,675,0.0031844560481,8,0.8988015978695073,4.2402876805592544e-06
ThomasAM_2019_c,4239,UniRef90_UPI000931B22C,675,0.0031790072131,8,0.8988015978695073,4.23303224114514e-06
ThomasAM_2019_c,4240,UniRef90_K5CAD5,675,0.0031785685693,8,0.8988015978695073,4.232448161517976e-06
ThomasAM_2019_c,4241,UniRef90_R6DCF0,675,0.0031664000264,8,0.8988015978695073,4.216245041810919e-06
ThomasAM_2019_c,4242,UniRef90_A0A1Q6HDL7,675,0.0031424632434,8,0.8988015978695073,4.184371828761651e-06
ThomasAM_2019_c,4243,UniRef90_Q8A861,675,0.0031094414867,8,0.8988015978695073,4.140401447003995e-06
ThomasAM_2019_c,4244,UniRef90_D4KYJ2,675,0.0030860520358999997,8,0.8988015978695073,4.1092570384820236e-06
ThomasAM_2019_c,4245,UniRef90_R6J2G1,675,0.0030598090039000003,8,0.8988015978695073,4.0743129213049275e-06
ThomasAM_2019_c,4246,UniRef90_A0A1G9WT41,675,0.0030492024493,8,0.8988015978695073,4.060189679494008e-06
ThomasAM_2019_c,4247,UniRef90_A0A174KR90,675,0.0029056169487,8,0.8988015978695073,3.868997268575233e-06
ThomasAM_2019_c,4248,UniRef90_R5HIY2,675,0.0029018477772,8,0.8988015978695073,3.86397839840213e-06
ThomasAM_2019_c,4249,UniRef90_A0A127SRK9,675,0.0028084616682,8,0.8988015978695073,3.7396293850865514e-06
ThomasAM_2019_c,4250,UniRef90_D4L1J7,675,0.0026989192063,8,0.8988015978695073,3.5937672520639146e-06
ThomasAM_2019_c,4251,UniRef90_D4LS49,675,0.0026521448343,8,0.8988015978695073,3.5314844664447403e-06
ThomasAM_2019_c,4252,UniRef90_R6JMK7,675,0.0026074928562,8,0.8988015978695073,3.472027771238349e-06
ThomasAM_2019_c,4253,UniRef90_A0A0M6X3A3,675,0.0024395007317999998,8,0.8988015978695073,3.2483365270306257e-06
ThomasAM_2019_c,4254,UniRef90_U2EXG4,675,0.0023057421054,8,0.8988015978695073,3.070229168308921e-06
ThomasAM_2019_c,4255,UniRef90_A0A0N9HU65,675,0.0022882712162,8,0.8988015978695073,3.046965667376831e-06
ThomasAM_2019_c,4256,UniRef90_A0A174YGK5,675,0.0019357118558,8,0.8988015978695073,2.577512457789614e-06
ThomasAM_2019_c,4257,UniRef90_A0A1L5KH62,675,0.0014057267819,8,0.8988015978695073,1.8718066336884155e-06
ThomasAM_2019_c,4258,UniRef90_A0A258TSG2,675,0.00121746526313,8,0.8988015978695073,1.6211255168175766e-06
ThomasAM_2019_c,4259,UniRef90_R5IJG8,675,0.0007461154184,8,0.8988015978695073,9.93495896671105e-07
ThomasAM_2019_c,4260,UniRef90_R5H0D1,675,0.0003551742078,8,0.8988015978695073,4.7293503035952067e-07
ThomasAM_2019_c,4261,UniRef90_R6P2H0,675,0.0003118243109,8,0.8988015978695073,4.152121316910786e-07
ThomasAM_2019_c,4262,UniRef90_A0A3A9AHQ3,675,6.420405098e-05,8,0.8988015978695073,8.549141275632491e-08
ThomasAM_2019_c,4263,UniRef90_Q8ABX0,674,0.0152071549333,8,0.8974700399467377,2.024920763422104e-05
ThomasAM_2019_c,4264,UniRef90_F0R8V1,674,0.012916600079,8,0.8974700399467377,1.7199201170439413e-05
ThomasAM_2019_c,4265,UniRef90_D4LFP4,674,0.0120222218053,8,0.8974700399467377,1.6008284694141146e-05
ThomasAM_2019_c,4266,UniRef90_A0A176UBZ7,674,0.0103350479156,8,0.8974700399467377,1.376171493422104e-05
ThomasAM_2019_c,4267,UniRef90_U6RAZ3,674,0.0103240166969,8,0.8974700399467377,1.3747026227563248e-05
ThomasAM_2019_c,4268,UniRef90_A6L064,674,0.009886159298,8,0.8974700399467377,1.3163993739014648e-05
ThomasAM_2019_c,4269,UniRef90_S0F6F0,674,0.0097220661496,8,0.8974700399467377,1.2945494207190414e-05
ThomasAM_2019_c,4270,UniRef90_A7UZU6,674,0.009360606478,8,0.8974700399467377,1.246418971770972e-05
ThomasAM_2019_c,4271,UniRef90_U6REJ0,674,0.008822400854,8,0.8974700399467377,1.1747537754993343e-05
ThomasAM_2019_c,4272,UniRef90_C7H710,674,0.008712367634,8,0.8974700399467377,1.1601022149134489e-05
ThomasAM_2019_c,4273,UniRef90_A6KXY8,674,0.0086008229452,8,0.8974700399467377,1.1452493935019972e-05
ThomasAM_2019_c,4274,UniRef90_B6VYG9,674,0.0085064904434,8,0.8974700399467377,1.13268847448735e-05
ThomasAM_2019_c,4275,UniRef90_U6RDY1,674,0.008485838171,8,0.8974700399467377,1.1299385047936084e-05
ThomasAM_2019_c,4276,UniRef90_A0A076J0A3,674,0.008476561409,8,0.8974700399467377,1.1287032501997335e-05
ThomasAM_2019_c,4277,UniRef90_A0A139K2N8,674,0.0083950947051,8,0.8974700399467377,1.1178554866977364e-05
ThomasAM_2019_c,4278,UniRef90_A0A076INL4,674,0.008338691483,8,0.8974700399467377,1.1103450709720373e-05
ThomasAM_2019_c,4279,UniRef90_A0A076J199,674,0.0082912313118,8,0.8974700399467377,1.104025474274301e-05
ThomasAM_2019_c,4280,UniRef90_A6KZR2,674,0.0082548610548,8,0.8974700399467377,1.099182563888149e-05
ThomasAM_2019_c,4281,UniRef90_A6KZP3,674,0.008247053398,8,0.8974700399467377,1.0981429291611184e-05
ThomasAM_2019_c,4282,UniRef90_A6L046,674,0.008219305083,8,0.8974700399467377,1.0944480802929428e-05
ThomasAM_2019_c,4283,UniRef90_D4K8A5,674,0.008139385954,8,0.8974700399467377,1.0838063853528627e-05
ThomasAM_2019_c,4284,UniRef90_A0A076IZ77,674,0.008122761573,8,0.8974700399467377,1.0815927527296939e-05
ThomasAM_2019_c,4285,UniRef90_A0A1Q6JA31,674,0.008087423595,8,0.8974700399467377,1.0768872962716378e-05
ThomasAM_2019_c,4286,UniRef90_D4C6E8,674,0.0080178368918,8,0.8974700399467377,1.0676214236750999e-05
ThomasAM_2019_c,4287,UniRef90_R7NWM3,674,0.008015096637,8,0.8974700399467377,1.0672565428761652e-05
ThomasAM_2019_c,4288,UniRef90_A0A076J0A0,674,0.0080106321792,8,0.8974700399467377,1.0666620744607191e-05
ThomasAM_2019_c,4289,UniRef90_A0A2A7AGJ5,674,0.0079705271111,8,0.8974700399467377,1.061321852343542e-05
ThomasAM_2019_c,4290,UniRef90_A0A174DS81,674,0.007930095396,8,0.8974700399467377,1.0559381352862849e-05
ThomasAM_2019_c,4291,UniRef90_A0A076IMR9,674,0.0078786616576,8,0.8974700399467377,1.049089435099867e-05
ThomasAM_2019_c,4292,UniRef90_D4VAL2,674,0.0078785388513,8,0.8974700399467377,1.0490730827296937e-05
ThomasAM_2019_c,4293,UniRef90_A0A076IH76,674,0.0077947043022,8,0.8974700399467377,1.0379100269241012e-05
ThomasAM_2019_c,4294,UniRef90_A0A076IHG6,674,0.0077507834546,8,0.8974700399467377,1.0320617116644474e-05
ThomasAM_2019_c,4295,UniRef90_C9L7G4,674,0.0077009763220000004,8,0.8974700399467377,1.0254296034620507e-05
ThomasAM_2019_c,4296,UniRef90_A0A076J0Y1,674,0.0076860592671,8,0.8974700399467377,1.0234433111984022e-05
ThomasAM_2019_c,4297,UniRef90_A0A0P0L1W7,674,0.0076831645271,8,0.8974700399467377,1.0230578598002664e-05
ThomasAM_2019_c,4298,UniRef90_E5UQ30,674,0.0076662011317,8,0.8974700399467377,1.0207990854460719e-05
ThomasAM_2019_c,4299,UniRef90_A0A076J5M4,674,0.0076651667288000006,8,0.8974700399467377,1.020661348708389e-05
ThomasAM_2019_c,4300,UniRef90_D9QZJ9,674,0.007662017598,8,0.8974700399467377,1.020242023701731e-05
ThomasAM_2019_c,4301,UniRef90_A0A0P0M0Y1,674,0.007651529929,8,0.8974700399467377,1.0188455298268976e-05
ThomasAM_2019_c,4302,UniRef90_C3RCP9,674,0.0076506985682,8,0.8974700399467377,1.0187348293209055e-05
ThomasAM_2019_c,4303,UniRef90_D4VC11,674,0.0076290677452000005,8,0.8974700399467377,1.0158545599467378e-05
ThomasAM_2019_c,4304,UniRef90_A0A076IQP1,674,0.0076222488210000005,8,0.8974700399467377,1.0149465806924102e-05
ThomasAM_2019_c,4305,UniRef90_B6VXN1,674,0.0076044259475,8,0.8974700399467377,1.0125733618508654e-05
ThomasAM_2019_c,4306,UniRef90_A6KXG9,674,0.007601948766,8,0.8974700399467377,1.0122435107856192e-05
ThomasAM_2019_c,4307,UniRef90_A0A0P0M5P7,674,0.0076013664024,8,0.8974700399467377,1.0121659656990678e-05
ThomasAM_2019_c,4308,UniRef90_A0A0M1W019,674,0.007593940335,8,0.8974700399467377,1.0111771418109189e-05
ThomasAM_2019_c,4309,UniRef90_R5S6M9,674,0.0075772298637,8,0.8974700399467377,1.0089520457656459e-05
ThomasAM_2019_c,4310,UniRef90_A0A0M1W6F3,674,0.0075569873843,8,0.8974700399467377,1.0062566423834886e-05
ThomasAM_2019_c,4311,UniRef90_W6P0L2,674,0.0075299597875,8,0.8974700399467377,1.0026577613182424e-05
ThomasAM_2019_c,4312,UniRef90_A6KY05,674,0.0074714867112,8,0.8974700399467377,9.948717325166445e-06
ThomasAM_2019_c,4313,UniRef90_A0A0K2HG35,674,0.007467839019,8,0.8974700399467377,9.94386021171771e-06
ThomasAM_2019_c,4314,UniRef90_A0A076IUS6,674,0.007434814462,8,0.8974700399467377,9.899886101198402e-06
ThomasAM_2019_c,4315,UniRef90_A0A0P0M1B5,674,0.007426751163,8,0.8974700399467377,9.889149351531293e-06
ThomasAM_2019_c,4316,UniRef90_A0A076IZW3,674,0.007414720965,8,0.8974700399467377,9.873130446071903e-06
ThomasAM_2019_c,4317,UniRef90_A0A0K2HH52,674,0.007405480812,8,0.8974700399467377,9.860826647137151e-06
ThomasAM_2019_c,4318,UniRef90_A0A0K2HFG6,674,0.007398693078,8,0.8974700399467377,9.851788386151797e-06
ThomasAM_2019_c,4319,UniRef90_A0A076J0P5,674,0.007374526209,8,0.8974700399467377,9.819608800266312e-06
ThomasAM_2019_c,4320,UniRef90_A6L030,674,0.007369432301,8,0.8974700399467377,9.812825966711051e-06
ThomasAM_2019_c,4321,UniRef90_R5JPG2,674,0.0073556855571000005,8,0.8974700399467377,9.794521380958723e-06
ThomasAM_2019_c,4322,UniRef90_A0A0M1VZJ5,674,0.0073255513655,8,0.8974700399467377,9.754395959387482e-06
ThomasAM_2019_c,4323,UniRef90_A0A076J6J3,674,0.0073113194828,8,0.8974700399467377,9.73544538322237e-06
ThomasAM_2019_c,4324,UniRef90_A0A076IRA3,674,0.0073066361344,8,0.8974700399467377,9.729209233555259e-06
ThomasAM_2019_c,4325,UniRef90_A0A076IPU3,674,0.007278744219,8,0.8974700399467377,9.692069532623169e-06
ThomasAM_2019_c,4326,UniRef90_A0A076ILU2,674,0.007277586187,8,0.8974700399467377,9.690527545938747e-06
ThomasAM_2019_c,4327,UniRef90_A0A0K2HFN2,674,0.0072722569127,8,0.8974700399467377,9.68343130852197e-06
ThomasAM_2019_c,4328,UniRef90_A0A0K2HET7,674,0.0072668478331,8,0.8974700399467377,9.676228805725699e-06
ThomasAM_2019_c,4329,UniRef90_A0A139KJ68,674,0.0072536964418,8,0.8974700399467377,9.65871696644474e-06
ThomasAM_2019_c,4330,UniRef90_A0A0P0LPT7,674,0.0071949390712,8,0.8974700399467377,9.580478124101198e-06
ThomasAM_2019_c,4331,UniRef90_A0A076J0R2,674,0.0071826584862,8,0.8974700399467377,9.564125813848203e-06
ThomasAM_2019_c,4332,UniRef90_A0A0K2HHR7,674,0.0071825657557,8,0.8974700399467377,9.564002337816246e-06
ThomasAM_2019_c,4333,UniRef90_I8VUT9,674,0.0071788520885,8,0.8974700399467377,9.559057374833555e-06
ThomasAM_2019_c,4334,UniRef90_A0A076IRU4,674,0.007166658946,8,0.8974700399467377,9.54282149933422e-06
ThomasAM_2019_c,4335,UniRef90_D4L153,674,0.007155333948500001,8,0.8974700399467377,9.52774160918775e-06
ThomasAM_2019_c,4336,UniRef90_R5DYZ8,674,0.0071403935204,8,0.8974700399467377,9.507847563781624e-06
ThomasAM_2019_c,4337,UniRef90_A6L1K4,674,0.0071256456276,8,0.8974700399467377,9.488209890279627e-06
ThomasAM_2019_c,4338,UniRef90_A0A0P0M2V7,674,0.007122867794,8,0.8974700399467377,9.484511043941412e-06
ThomasAM_2019_c,4339,UniRef90_A0A397WLY9,674,0.007089020039,8,0.8974700399467377,9.439440797603195e-06
ThomasAM_2019_c,4340,UniRef90_A0A076J5U1,674,0.0070726596341,8,0.8974700399467377,9.417655970838881e-06
ThomasAM_2019_c,4341,UniRef90_A0A076IWR4,674,0.0070619986502,8,0.8974700399467377,9.403460253262317e-06
ThomasAM_2019_c,4342,UniRef90_A0A1Y4PI28,674,0.0070552106217,8,0.8974700399467377,9.394421600133155e-06
ThomasAM_2019_c,4343,UniRef90_A0A0M1W0Z2,674,0.0070538388622,8,0.8974700399467377,9.392595022902797e-06
ThomasAM_2019_c,4344,UniRef90_D1JZJ4,674,0.007048585905,8,0.8974700399467377,9.385600406125166e-06
ThomasAM_2019_c,4345,UniRef90_A6KWC5,674,0.0070033289391000005,8,0.8974700399467377,9.325338134620507e-06
ThomasAM_2019_c,4346,UniRef90_A6KXH6,674,0.0069969993668,8,0.8974700399467377,9.316909942476698e-06
ThomasAM_2019_c,4347,UniRef90_R5Z5I5,674,0.0069962086862,8,0.8974700399467377,9.315857105459387e-06
ThomasAM_2019_c,4348,UniRef90_A0A076IZZ7,674,0.0069912484812,8,0.8974700399467377,9.309252305193077e-06
ThomasAM_2019_c,4349,UniRef90_C3RAI3,674,0.0069774707788,8,0.8974700399467377,9.290906496404793e-06
ThomasAM_2019_c,4350,UniRef90_A0A0K2HIB0,674,0.006959635618000001,8,0.8974700399467377,9.267157946737684e-06
ThomasAM_2019_c,4351,UniRef90_A0A076IST5,674,0.006958412346,8,0.8974700399467377,9.265529089214381e-06
ThomasAM_2019_c,4352,UniRef90_A0A076IIN4,674,0.006955504162,8,0.8974700399467377,9.261656673768308e-06
ThomasAM_2019_c,4353,UniRef90_A0A076JB01,674,0.006946154797,8,0.8974700399467377,9.249207452729693e-06
ThomasAM_2019_c,4354,UniRef90_C3RET8,674,0.0069374521722,8,0.8974700399467377,9.237619403728362e-06
ThomasAM_2019_c,4355,UniRef90_A0A076IYX7,674,0.0069361306669,8,0.8974700399467377,9.235859742876166e-06
ThomasAM_2019_c,4356,UniRef90_A0A076ISS9,674,0.0069336823037,8,0.8974700399467377,9.232599605459387e-06
ThomasAM_2019_c,4357,UniRef90_A0A0K2HJD8,674,0.0069269870098,8,0.8974700399467377,9.223684433821572e-06
ThomasAM_2019_c,4358,UniRef90_A0A076IVD2,674,0.006925232491,8,0.8974700399467377,9.221348190412784e-06
ThomasAM_2019_c,4359,UniRef90_C3R645,674,0.0069048485425999995,8,0.8974700399467377,9.194205782423435e-06
ThomasAM_2019_c,4360,UniRef90_B6VS45,674,0.0068901518163,8,0.8974700399467377,9.174636240079893e-06
ThomasAM_2019_c,4361,UniRef90_C3RGN1,674,0.006886260248,8,0.8974700399467377,9.169454391478028e-06
ThomasAM_2019_c,4362,UniRef90_A0A076IUW0,674,0.0068795077298,8,0.8974700399467377,9.160463022370173e-06
ThomasAM_2019_c,4363,UniRef90_R6QBB9,674,0.0068749443747,8,0.8974700399467377,9.154386650732357e-06
ThomasAM_2019_c,4364,UniRef90_A0A173YBA3,674,0.0068602872299,8,0.8974700399467377,9.134869813448734e-06
ThomasAM_2019_c,4365,UniRef90_A6L3C0,674,0.0068561092847000005,8,0.8974700399467377,9.129306637416778e-06
ThomasAM_2019_c,4366,UniRef90_A0A1Y3ZJY6,674,0.006837109401,8,0.8974700399467377,9.104007191744341e-06
ThomasAM_2019_c,4367,UniRef90_A0A0P0LBB2,674,0.0068247654612,8,0.8974700399467377,9.08757052090546e-06
ThomasAM_2019_c,4368,UniRef90_A0A0K2HKE1,674,0.0068179163817,8,0.8974700399467377,9.078450574833556e-06
ThomasAM_2019_c,4369,UniRef90_U3KUV1,674,0.006801821195,8,0.8974700399467377,9.057018901464713e-06
ThomasAM_2019_c,4370,UniRef90_A0A076IUY2,674,0.0067937242212,8,0.8974700399467377,9.046237311850866e-06
ThomasAM_2019_c,4371,UniRef90_A0A076J0F5,674,0.0067870385412,8,0.8974700399467377,9.037334941677763e-06
ThomasAM_2019_c,4372,UniRef90_A0A076J1I2,674,0.0067847906481,8,0.8974700399467377,9.034341741810918e-06
ThomasAM_2019_c,4373,UniRef90_A0A0K2HJ19,674,0.0067799226798,8,0.8974700399467377,9.027859760053262e-06
ThomasAM_2019_c,4374,UniRef90_A0A2A6ZIJ6,674,0.006759224903,8,0.8974700399467377,9.000299471371504e-06
ThomasAM_2019_c,4375,UniRef90_A0A174KD57,674,0.0067309238372,8,0.8974700399467377,8.96261496298269e-06
ThomasAM_2019_c,4376,UniRef90_A0A0P0M572,674,0.0067076028677,8,0.8974700399467377,8.931561741278296e-06
ThomasAM_2019_c,4377,UniRef90_A6L313,674,0.0067046404698000005,8,0.8974700399467377,8.927617136884155e-06
ThomasAM_2019_c,4378,UniRef90_A0A3E5FA08,674,0.0067040184013,8,0.8974700399467377,8.926788816644474e-06
ThomasAM_2019_c,4379,UniRef90_A0A076IX87,674,0.0066867964381,8,0.8974700399467377,8.903856775099866e-06
ThomasAM_2019_c,4380,UniRef90_A0A174LCJ3,674,0.006667162203,8,0.8974700399467377,8.877712653794941e-06
ThomasAM_2019_c,4381,UniRef90_A0A076IMV5,674,0.0066564500022,8,0.8974700399467377,8.863448737949402e-06
ThomasAM_2019_c,4382,UniRef90_A6L4N0,674,0.006654789797,8,0.8974700399467377,8.861238078561918e-06
ThomasAM_2019_c,4383,UniRef90_A0A076J5E4,674,0.0066546303039,8,0.8974700399467377,8.861025704260986e-06
ThomasAM_2019_c,4384,UniRef90_A0A076IXM6,674,0.0066419485902,8,0.8974700399467377,8.844139267909454e-06
ThomasAM_2019_c,4385,UniRef90_D1K6M2,674,0.0066418848291,8,0.8974700399467377,8.844054366311585e-06
ThomasAM_2019_c,4386,UniRef90_A6L4M2,674,0.006638532616,8,0.8974700399467377,8.839590700399467e-06
ThomasAM_2019_c,4387,UniRef90_A0A0P0M242,674,0.006627080118,8,0.8974700399467377,8.824341035952064e-06
ThomasAM_2019_c,4388,UniRef90_B0NTN7,674,0.0066231351934999995,8,0.8974700399467377,8.81908814047936e-06
ThomasAM_2019_c,4389,UniRef90_A0A2A6ZA74,674,0.0066215887444,8,0.8974700399467377,8.817028953928096e-06
ThomasAM_2019_c,4390,UniRef90_A0A396F791,674,0.006614511792,8,0.8974700399467377,8.807605581890812e-06
ThomasAM_2019_c,4391,UniRef90_A0A076IWX0,674,0.0066068793793,8,0.8974700399467377,8.797442582290279e-06
ThomasAM_2019_c,4392,UniRef90_A0A174V479,674,0.00660242486,8,0.8974700399467377,8.791511131824234e-06
ThomasAM_2019_c,4393,UniRef90_U6RM83,674,0.006598076098,8,0.8974700399467377,8.785720503328894e-06
ThomasAM_2019_c,4394,UniRef90_A0A0K2HDD4,674,0.0065642516039999994,8,0.8974700399467377,8.74068123035952e-06
ThomasAM_2019_c,4395,UniRef90_D4VAJ0,674,0.006562053944,8,0.8974700399467377,8.737754918774966e-06
ThomasAM_2019_c,4396,UniRef90_A0A1Q6QNR5,674,0.006556977962,8,0.8974700399467377,8.73099595472703e-06
ThomasAM_2019_c,4397,UniRef90_A0A076IRR9,674,0.006556732379,8,0.8974700399467377,8.730668946737683e-06
ThomasAM_2019_c,4398,UniRef90_A0A076IT69,674,0.006544250627,8,0.8974700399467377,8.714048770972038e-06
ThomasAM_2019_c,4399,UniRef90_A0A076J5W5,674,0.0065326132797,8,0.8974700399467377,8.6985529689747e-06
ThomasAM_2019_c,4400,UniRef90_R6FLL0,674,0.006524049414,8,0.8974700399467377,8.68714968575233e-06
ThomasAM_2019_c,4401,UniRef90_D1K074,674,0.0064862158575,8,0.8974700399467377,8.636772113848203e-06
ThomasAM_2019_c,4402,UniRef90_A6L1V0,674,0.0064814091445,8,0.8974700399467377,8.630371697070572e-06
ThomasAM_2019_c,4403,UniRef90_A0A076ITA9,674,0.006478962953,8,0.8974700399467377,8.627114451398136e-06
ThomasAM_2019_c,4404,UniRef90_E5UYI2,674,0.0064774854107,8,0.8974700399467377,8.625147018242344e-06
ThomasAM_2019_c,4405,UniRef90_B6VSS7,674,0.0064695601658999995,8,0.8974700399467377,8.614594095739013e-06
ThomasAM_2019_c,4406,UniRef90_A0A0M1W407,674,0.0064681267469000004,8,0.8974700399467377,8.612685415312916e-06
ThomasAM_2019_c,4407,UniRef90_A0A174W463,674,0.0064620603278,8,0.8974700399467377,8.60460762689747e-06
ThomasAM_2019_c,4408,UniRef90_A0A3E5H4U5,674,0.0064295885545,8,0.8974700399467377,8.561369579893475e-06
ThomasAM_2019_c,4409,UniRef90_B6VVH5,674,0.006423115494999999,8,0.8974700399467377,8.55275032623169e-06
ThomasAM_2019_c,4410,UniRef90_I9R6K6,674,0.0063873358246,8,0.8974700399467377,8.505107622636484e-06
ThomasAM_2019_c,4411,UniRef90_I9Q8N6,674,0.0063819688647,8,0.8974700399467377,8.497961204660452e-06
ThomasAM_2019_c,4412,UniRef90_A0A0K2HKE3,674,0.0063765393725,8,0.8974700399467377,8.490731521304926e-06
ThomasAM_2019_c,4413,UniRef90_A0A076IJA2,674,0.0063510188281,8,0.8974700399467377,8.456749438215713e-06
ThomasAM_2019_c,4414,UniRef90_A0A396BH28,674,0.006338675708,8,0.8974700399467377,8.44031385885486e-06
ThomasAM_2019_c,4415,UniRef90_A0A0M1VZR4,674,0.0063308281838,8,0.8974700399467377,8.429864425832223e-06
ThomasAM_2019_c,4416,UniRef90_C3RAC5,674,0.0063047110267,8,0.8974700399467377,8.3950879183755e-06
ThomasAM_2019_c,4417,UniRef90_A0A076IUA4,674,0.0062974547163,8,0.8974700399467377,8.385425720772305e-06
ThomasAM_2019_c,4418,UniRef90_D4V8P7,674,0.0062894750648,8,0.8974700399467377,8.374800352596538e-06
ThomasAM_2019_c,4419,UniRef90_A0A1S2U4D4,674,0.006275867972,8,0.8974700399467377,8.356681720372837e-06
ThomasAM_2019_c,4420,UniRef90_A0A397WCV4,674,0.0062686352049999994,8,0.8974700399467377,8.347050872170439e-06
ThomasAM_2019_c,4421,UniRef90_I9FSV4,674,0.006248832482,8,0.8974700399467377,8.320682399467378e-06
ThomasAM_2019_c,4422,UniRef90_A0A076IKY2,674,0.006248086139,8,0.8974700399467377,8.319688600532622e-06
ThomasAM_2019_c,4423,UniRef90_A0A174VX83,674,0.0062445748245,8,0.8974700399467377,8.315013081890811e-06
ThomasAM_2019_c,4424,UniRef90_A0A0M1VYH5,674,0.0062435711427,8,0.8974700399467377,8.313676621438082e-06
ThomasAM_2019_c,4425,UniRef90_A0A076IUP9,674,0.006235260381,8,0.8974700399467377,8.302610360852197e-06
ThomasAM_2019_c,4426,UniRef90_A0A076J5Q5,674,0.006226814343,8,0.8974700399467377,8.291363972037284e-06
ThomasAM_2019_c,4427,UniRef90_A0A0P0M3X7,674,0.0061721755065,8,0.8974700399467377,8.218609196404793e-06
ThomasAM_2019_c,4428,UniRef90_B6VVN3,674,0.0061636966175999995,8,0.8974700399467377,8.207319064713714e-06
ThomasAM_2019_c,4429,UniRef90_D1K1H5,674,0.0061626235990000005,8,0.8974700399467377,8.205890278295607e-06
ThomasAM_2019_c,4430,UniRef90_D4LP03,674,0.0061530701844999995,8,0.8974700399467377,8.193169353528628e-06
ThomasAM_2019_c,4431,UniRef90_A6KZ74,674,0.0061393351185,8,0.8974700399467377,8.174880317576564e-06
ThomasAM_2019_c,4432,UniRef90_D1K3G9,674,0.0061161073415,8,0.8974700399467377,8.143951187083889e-06
ThomasAM_2019_c,4433,UniRef90_A0A0K2HP99,674,0.0061045393981,8,0.8974700399467377,8.128547800399467e-06
ThomasAM_2019_c,4434,UniRef90_D1JZ37,674,0.0060940090001,8,0.8974700399467377,8.11452596551265e-06
ThomasAM_2019_c,4435,UniRef90_A7B6N3,674,0.0060876507806999994,8,0.8974700399467377,8.106059628095872e-06
ThomasAM_2019_c,4436,UniRef90_A0A174GZ16,674,0.0060814296821,8,0.8974700399467377,8.09777587496671e-06
ThomasAM_2019_c,4437,UniRef90_A0A076J9W6,674,0.0060773111026,8,0.8974700399467377,8.09229174780293e-06
ThomasAM_2019_c,4438,UniRef90_A0A0K2HM02,674,0.0060758999472,8,0.8974700399467377,8.0904127126498e-06
ThomasAM_2019_c,4439,UniRef90_D4V6Q3,674,0.0060619633858,8,0.8974700399467377,8.071855373901465e-06
ThomasAM_2019_c,4440,UniRef90_I9F7V4,674,0.0060463632074,8,0.8974700399467377,8.051082832756324e-06
ThomasAM_2019_c,4441,UniRef90_A0A076IL88,674,0.0060208260115000006,8,0.8974700399467377,8.01707857723036e-06
ThomasAM_2019_c,4442,UniRef90_I9FXU5,674,0.006020591276,8,0.8974700399467377,8.01676601331558e-06
ThomasAM_2019_c,4443,UniRef90_A0A076IL07,674,0.0060056128879999995,8,0.8974700399467377,7.99682142210386e-06
ThomasAM_2019_c,4444,UniRef90_A0A1Y4PL60,674,0.0060039633786999995,8,0.8974700399467377,7.994625004926763e-06
ThomasAM_2019_c,4445,UniRef90_U6RJB2,674,0.0059803222305,8,0.8974700399467377,7.963145446737683e-06
ThomasAM_2019_c,4446,UniRef90_A0A076INX0,674,0.005970626486,8,0.8974700399467377,7.950235001331559e-06
ThomasAM_2019_c,4447,UniRef90_A0A0P0LHW5,674,0.0059325993891,8,0.8974700399467377,7.899599719174434e-06
ThomasAM_2019_c,4448,UniRef90_A0A076IRW4,674,0.0058726469961,8,0.8974700399467377,7.819769635286285e-06
ThomasAM_2019_c,4449,UniRef90_A0A396AKD0,674,0.0058631688259999995,8,0.8974700399467377,7.80714890279627e-06
ThomasAM_2019_c,4450,UniRef90_B6VVT2,674,0.0058531345882,8,0.8974700399467377,7.793787733954727e-06
ThomasAM_2019_c,4451,UniRef90_I8WT81,674,0.0058416647711,8,0.8974700399467377,7.778515008122503e-06
ThomasAM_2019_c,4452,UniRef90_A0A076J6K5,674,0.0058299745563,8,0.8974700399467377,7.762948809986685e-06
ThomasAM_2019_c,4453,UniRef90_A0A0P0M475,674,0.0058135591424,8,0.8974700399467377,7.741090735552597e-06
ThomasAM_2019_c,4454,UniRef90_C3RD31,674,0.005790125146,8,0.8974700399467377,7.709887011984022e-06
ThomasAM_2019_c,4455,UniRef90_A0A076IUA3,674,0.0057799708917,8,0.8974700399467377,7.696366034221039e-06
ThomasAM_2019_c,4456,UniRef90_A8SFA1,674,0.0057596646198,8,0.8974700399467377,7.669327056990679e-06
ThomasAM_2019_c,4457,UniRef90_U2DGL1,674,0.0057420445,8,0.8974700399467377,7.64586484687084e-06
ThomasAM_2019_c,4458,UniRef90_A0A395VB99,674,0.005737833863,8,0.8974700399467377,7.640258139813581e-06
ThomasAM_2019_c,4459,UniRef90_A0A0K2HN30,674,0.0057295019075,8,0.8974700399467377,7.629163658455393e-06
ThomasAM_2019_c,4460,UniRef90_A0A174PRW7,674,0.005722111213,8,0.8974700399467377,7.619322520639148e-06
ThomasAM_2019_c,4461,UniRef90_A0A174UVX5,674,0.0057183793302,8,0.8974700399467377,7.61435330252996e-06
ThomasAM_2019_c,4462,UniRef90_C3R4J3,674,0.0057097003801999,8,0.8974700399467377,7.602796777896006e-06
ThomasAM_2019_c,4463,UniRef90_C3RC03,674,0.0056711715018,8,0.8974700399467377,7.5514933446071905e-06
ThomasAM_2019_c,4464,UniRef90_A0A329TVG6,674,0.0056674016138,8,0.8974700399467377,7.546473520372837e-06
ThomasAM_2019_c,4465,UniRef90_A0A076JAA0,674,0.0056309820014,8,0.8974700399467377,7.497978696937417e-06
ThomasAM_2019_c,4466,UniRef90_D1K0J3,674,0.0056241394499,8,0.8974700399467377,7.488867443275633e-06
ThomasAM_2019_c,4467,UniRef90_R6V1N1,674,0.0056164904655999996,8,0.8974700399467377,7.478682377629827e-06
ThomasAM_2019_c,4468,UniRef90_R6NQ72,674,0.005614978073299999,8,0.8974700399467377,7.476668539680425e-06
ThomasAM_2019_c,4469,UniRef90_A0A076IR60,674,0.0056072431538,8,0.8974700399467377,7.466369046338216e-06
ThomasAM_2019_c,4470,UniRef90_D1JXH0,674,0.0055450734847,8,0.8974700399467377,7.383586530892143e-06
ThomasAM_2019_c,4471,UniRef90_R7P2H8,674,0.0055427913655,8,0.8974700399467377,7.3805477569906795e-06
ThomasAM_2019_c,4472,UniRef90_A0A0M1W1C3,674,0.0054961591394,8,0.8974700399467377,7.3184542468708385e-06
ThomasAM_2019_c,4473,UniRef90_A0A0P0GYG0,674,0.0054944262443,8,0.8974700399467377,7.316146796671105e-06
ThomasAM_2019_c,4474,UniRef90_Q64ZA1,674,0.0054798172258,8,0.8974700399467377,7.2966940423435415e-06
ThomasAM_2019_c,4475,UniRef90_A0A0P0LJ92,674,0.005472937893,8,0.8974700399467377,7.287533812250333e-06
ThomasAM_2019_c,4476,UniRef90_C3RG84,674,0.0054339641608,8,0.8974700399467377,7.235638030359521e-06
ThomasAM_2019_c,4477,UniRef90_A0A174K6X2,674,0.0054218758636,8,0.8974700399467377,7.2195417624500665e-06
ThomasAM_2019_c,4478,UniRef90_U2ETT9,674,0.0054213202077,8,0.8974700399467377,7.2188018744340875e-06
ThomasAM_2019_c,4479,UniRef90_A0A0K2HIZ4,674,0.0054140740432999,8,0.8974700399467377,7.209153186817443e-06
ThomasAM_2019_c,4480,UniRef90_A0A076J404,674,0.005380397538,8,0.8974700399467377,7.164310969374168e-06
ThomasAM_2019_c,4481,UniRef90_E5UQL1,674,0.0053662032566,8,0.8974700399467377,7.145410461517976e-06
ThomasAM_2019_c,4482,UniRef90_A0A173WDG5,674,0.0053326293211,8,0.8974700399467377,7.100704821704394e-06
ThomasAM_2019_c,4483,UniRef90_A0A396AMA8,674,0.0053288358531,8,0.8974700399467377,7.095653599334221e-06
ThomasAM_2019_c,4484,UniRef90_B6W1B9,674,0.0052907261951,8,0.8974700399467377,7.04490838229028e-06
ThomasAM_2019_c,4485,UniRef90_A0A2A6Z968,674,0.0052719864322,8,0.8974700399467377,7.01995530252996e-06
ThomasAM_2019_c,4486,UniRef90_A0A2J4JS91,674,0.0052313205564,8,0.8974700399467377,6.965806333422104e-06
ThomasAM_2019_c,4487,UniRef90_A0A174V1G2,674,0.005169841275,8,0.8974700399467377,6.88394310918775e-06
ThomasAM_2019_c,4488,UniRef90_A0A076IKX3,674,0.0051612621472,8,0.8974700399467377,6.872519503595207e-06
ThomasAM_2019_c,4489,UniRef90_D4CB61,674,0.0050040619954,8,0.8974700399467377,6.663198396005327e-06
ThomasAM_2019_c,4490,UniRef90_A0A1M6PAE7,674,0.004984112478,8,0.8974700399467377,6.636634458055925e-06
ThomasAM_2019_c,4491,UniRef90_A8SA15,674,0.0049407399169,8,0.8974700399467377,6.57888138069241e-06
ThomasAM_2019_c,4492,UniRef90_A0A1Q6QPQ2,674,0.0048712515096,8,0.8974700399467377,6.4863535414114515e-06
ThomasAM_2019_c,4493,UniRef90_A0A3E2VAI1,674,0.0048703489671,8,0.8974700399467377,6.48515175379494e-06
ThomasAM_2019_c,4494,UniRef90_A0A3E2VZR9,674,0.0048343356524,8,0.8974700399467377,6.4371979392809585e-06
ThomasAM_2019_c,4495,UniRef90_D1K8S2,674,0.0048024683421,8,0.8974700399467377,6.394764769773636e-06
ThomasAM_2019_c,4496,UniRef90_A0A2A6Z963,674,0.0047698708018,8,0.8974700399467377,6.351359256724368e-06
ThomasAM_2019_c,4497,UniRef90_D4JZZ1,674,0.0047429716559999995,8,0.8974700399467377,6.315541486018641e-06
ThomasAM_2019_c,4498,UniRef90_A0A0K2HDS4,674,0.0047360138053,8,0.8974700399467377,6.306276704793608e-06
ThomasAM_2019_c,4499,UniRef90_A0A174UHJ0,674,0.0044667169695,8,0.8974700399467377,5.947692369507324e-06
ThomasAM_2019_c,4500,UniRef90_A0A069S4Z5,674,0.0041673114383,8,0.8974700399467377,5.549016562316911e-06
ThomasAM_2019_c,4501,UniRef90_A0A174T1T5,674,0.004148949038,8,0.8974700399467377,5.524565962716378e-06
ThomasAM_2019_c,4502,UniRef90_A0A174MKY0,674,0.0040912267761,8,0.8974700399467377,5.447705427563249e-06
ThomasAM_2019_c,4503,UniRef90_B0NEZ3,674,0.0039358084680999,8,0.8974700399467377,5.240756948202264e-06
ThomasAM_2019_c,4504,UniRef90_B6FJD7,674,0.0039222481507,8,0.8974700399467377,5.222700600133156e-06
ThomasAM_2019_c,4505,UniRef90_U2E0C4,674,0.0038005324164,8,0.8974700399467377,5.060629049800267e-06
ThomasAM_2019_c,4506,UniRef90_R7DCT5,674,0.0037895959175,8,0.8974700399467377,5.04606646804261e-06
ThomasAM_2019_c,4507,UniRef90_A0A1G8H0C8,674,0.0037603486269,8,0.8974700399467377,5.007122006524634e-06
ThomasAM_2019_c,4508,UniRef90_D7K408,674,0.003653151437,8,0.8974700399467377,4.864382739014647e-06
ThomasAM_2019_c,4509,UniRef90_A0A3E5HZ02,674,0.0036415276320000004,8,0.8974700399467377,4.848904969374168e-06
ThomasAM_2019_c,4510,UniRef90_R8VZS7,674,0.0036111749175,8,0.8974700399467377,4.808488571904128e-06
ThomasAM_2019_c,4511,UniRef90_C3QSV5,674,0.0036050039023,8,0.8974700399467377,4.800271507723036e-06
ThomasAM_2019_c,4512,UniRef90_A0A174LYP1,674,0.0035972379074999997,8,0.8974700399467377,4.789930635818908e-06
ThomasAM_2019_c,4513,UniRef90_R6J5D1,674,0.0035915810394,8,0.8974700399467377,4.782398188282291e-06
ThomasAM_2019_c,4514,UniRef90_A0A174B5D6,674,0.0035803567601,8,0.8974700399467377,4.7674524102529965e-06
ThomasAM_2019_c,4515,UniRef90_A0A0P0FSS5,674,0.0035787224755,8,0.8974700399467377,4.7652762656458056e-06
ThomasAM_2019_c,4516,UniRef90_R6J8P1,674,0.0035743368956,8,0.8974700399467377,4.7594366119840215e-06
ThomasAM_2019_c,4517,UniRef90_A0A139L0K4,674,0.0035102187566,8,0.8974700399467377,4.674059596005326e-06
ThomasAM_2019_c,4518,UniRef90_R6V702,674,0.0034787926648,8,0.8974700399467377,4.63221393448735e-06
ThomasAM_2019_c,4519,UniRef90_R6VDS6,674,0.0034599871188998998,8,0.8974700399467377,4.607173260852064e-06
ThomasAM_2019_c,4520,UniRef90_A0A0P0FB50,674,0.0034183280336,8,0.8974700399467377,4.551701775765646e-06
ThomasAM_2019_c,4521,UniRef90_A0A0N7IAV0,674,0.0033884663371,8,0.8974700399467377,4.511939197203728e-06
ThomasAM_2019_c,4522,UniRef90_A0A0P0F5A8,674,0.0033819713337,8,0.8974700399467377,4.503290723968043e-06
ThomasAM_2019_c,4523,UniRef90_R6DFU0,674,0.0033781390206,8,0.8974700399467377,4.498187777097203e-06
ThomasAM_2019_c,4524,UniRef90_R5ULY2,674,0.0032996423179999,8,0.8974700399467377,4.393664870838749e-06
ThomasAM_2019_c,4525,UniRef90_A0A329UHB1,674,0.0032522703282,8,0.8974700399467377,4.330586322503329e-06
ThomasAM_2019_c,4526,UniRef90_R6JKV6,674,0.0032135194222,8,0.8974700399467377,4.278987246604527e-06
ThomasAM_2019_c,4527,UniRef90_Q8A258,674,0.0032091751519999997,8,0.8974700399467377,4.273202599201065e-06
ThomasAM_2019_c,4528,UniRef90_Q8AAP9,674,0.0031737212118000003,8,0.8974700399467377,4.225993624234355e-06
ThomasAM_2019_c,4529,UniRef90_Q8A9B8,674,0.0031596823287,8,0.8974700399467377,4.207300038215712e-06
ThomasAM_2019_c,4530,UniRef90_A0A2A7B7W5,674,0.003111668491,8,0.8974700399467377,4.143366832223701e-06
ThomasAM_2019_c,4531,UniRef90_Q02550,674,0.0030067506711,8,0.8974700399467377,4.003662677896138e-06
ThomasAM_2019_c,4532,UniRef90_R5H131,674,0.0029460092544,8,0.8974700399467377,3.922781963249001e-06
ThomasAM_2019_c,4533,UniRef90_A0A1C7H2T5,674,0.0029327870670000002,8,0.8974700399467377,3.905175854860187e-06
ThomasAM_2019_c,4534,UniRef90_A0A174UA00,674,0.0028926864845,8,0.8974700399467377,3.851779606524634e-06
ThomasAM_2019_c,4535,UniRef90_R6J9A5,674,0.0028741417351,8,0.8974700399467377,3.827086198535286e-06
ThomasAM_2019_c,4536,UniRef90_A0A1G8E5E6,674,0.0028496307037,8,0.8974700399467377,3.7944483404793606e-06
ThomasAM_2019_c,4537,UniRef90_A0A176U6Y0,674,0.0028357577753,8,0.8974700399467377,3.7759757327563246e-06
ThomasAM_2019_c,4538,UniRef90_G1WRA4,674,0.0027573214421,8,0.8974700399467377,3.6715332118508656e-06
ThomasAM_2019_c,4539,UniRef90_C0FUL9,674,0.0027366032567,8,0.8974700399467377,3.6439457479360853e-06
ThomasAM_2019_c,4540,UniRef90_R6K531,674,0.0026913250809,8,0.8974700399467377,3.5836552342210385e-06
ThomasAM_2019_c,4541,UniRef90_C3QHA8,674,0.0026310165815,8,0.8974700399467377,3.5033509740346204e-06
ThomasAM_2019_c,4542,UniRef90_A0A1Y4K7U4,674,0.0025768145639,8,0.8974700399467377,3.4311778480692407e-06
ThomasAM_2019_c,4543,UniRef90_A6NXF7,674,0.0019603231854,8,0.8974700399467377,2.6102838687083886e-06
ThomasAM_2019_c,4544,UniRef90_A0A176U0T4,674,0.0014923178724,8,0.8974700399467377,1.9871076862849535e-06
ThomasAM_2019_c,4545,UniRef90_A0A0E2HH77,674,0.0014630824265,8,0.8974700399467377,1.948178996671105e-06
ThomasAM_2019_c,4546,UniRef90_R6G608,674,0.00037886335562000004,8,0.8974700399467377,5.044785028229028e-07
ThomasAM_2019_c,4547,UniRef90_A0A0P0L614,673,0.0192506476654,8,0.8961384820239681,2.5633352417310256e-05
ThomasAM_2019_c,4548,UniRef90_A0A3E4IMU5,673,0.019034437419,8,0.8961384820239681,2.5345455950732355e-05
ThomasAM_2019_c,4549,UniRef90_E2ZJS2,673,0.0159031368443,8,0.8961384820239681,2.1175947861917444e-05
ThomasAM_2019_c,4550,UniRef90_C4ZAM0,673,0.0118064328821,8,0.8961384820239681,1.5720949243808254e-05
ThomasAM_2019_c,4551,UniRef90_C3R6N1,673,0.0108421320186,8,0.8961384820239681,1.4436926789081227e-05
ThomasAM_2019_c,4552,UniRef90_D4IJC7,673,0.0104069973179,8,0.8961384820239681,1.3857519730892143e-05
ThomasAM_2019_c,4553,UniRef90_F7K2G6,673,0.0102779831679,8,0.8961384820239681,1.3685729917310254e-05
ThomasAM_2019_c,4554,UniRef90_A0A0P0M2E3,673,0.009558620475,8,0.8961384820239681,1.2727856824234354e-05
ThomasAM_2019_c,4555,UniRef90_A0A173RIE8,673,0.0094279932966,8,0.8961384820239681,1.2553919169906792e-05
ThomasAM_2019_c,4556,UniRef90_D1K2U9,673,0.00936573284,8,0.8961384820239681,1.2471015765645806e-05
ThomasAM_2019_c,4557,UniRef90_E5UQD5,673,0.0092637091185,8,0.8961384820239681,1.2335165270972038e-05
ThomasAM_2019_c,4558,UniRef90_A0A0A2FIZ3,673,0.009007693495,8,0.8961384820239681,1.1994265639147803e-05
ThomasAM_2019_c,4559,UniRef90_C7H1M6,673,0.008909857914,8,0.8961384820239681,1.186399189613848e-05
ThomasAM_2019_c,4560,UniRef90_A0A174JLB0,673,0.0086177592835,8,0.8961384820239681,1.1475045650466046e-05
ThomasAM_2019_c,4561,UniRef90_Q8VRK6,673,0.008615550372,8,0.8961384820239681,1.1472104356857523e-05
ThomasAM_2019_c,4562,UniRef90_A0A0P0M112,673,0.0085938561798,8,0.8961384820239681,1.1443217283355525e-05
ThomasAM_2019_c,4563,UniRef90_A0A076IYU5,673,0.008435075316,8,0.8961384820239681,1.123179136617843e-05
ThomasAM_2019_c,4564,UniRef90_A0A076IZB5,673,0.00838602772,8,0.8961384820239681,1.1166481651131823e-05
ThomasAM_2019_c,4565,UniRef90_A0A015P2L2,673,0.0083712424255,8,0.8961384820239681,1.1146794175099867e-05
ThomasAM_2019_c,4566,UniRef90_D4LFP9,673,0.008356046127599999,8,0.8961384820239681,1.1126559424234353e-05
ThomasAM_2019_c,4567,UniRef90_U2EKC9,673,0.008188421612,8,0.8961384820239681,1.0903357672436752e-05
ThomasAM_2019_c,4568,UniRef90_D4VAJ8,673,0.008160610381,8,0.8961384820239681,1.0866325407456724e-05
ThomasAM_2019_c,4569,UniRef90_U2PA26,673,0.008132102129,8,0.8961384820239681,1.0828365018641812e-05
ThomasAM_2019_c,4570,UniRef90_A0A396EX22,673,0.0080939217761,8,0.8961384820239681,1.0777525667243677e-05
ThomasAM_2019_c,4571,UniRef90_A0A3E4HLD6,673,0.008087261394,8,0.8961384820239681,1.0768656982689746e-05
ThomasAM_2019_c,4572,UniRef90_A0A076J784,673,0.0080617815151,8,0.8961384820239681,1.073472904806924e-05
ThomasAM_2019_c,4573,UniRef90_A0A173UE17,673,0.008054770823,8,0.8961384820239681,1.072539390545939e-05
ThomasAM_2019_c,4574,UniRef90_A0A396BMU7,673,0.0080539854353,8,0.8961384820239681,1.0724348116245007e-05
ThomasAM_2019_c,4575,UniRef90_A0A3E5DY27,673,0.0080224377434,8,0.8961384820239681,1.0682340537150465e-05
ThomasAM_2019_c,4576,UniRef90_A0A076IRY5,673,0.0080213536651,8,0.8961384820239681,1.0680897024101197e-05
ThomasAM_2019_c,4577,UniRef90_A0A0P0M689,673,0.008018180081,8,0.8961384820239681,1.0676671213049267e-05
ThomasAM_2019_c,4578,UniRef90_A0A076IXN5,673,0.007978177255,8,0.8961384820239681,1.0623405133155793e-05
ThomasAM_2019_c,4579,UniRef90_D4VAB7,673,0.007909404206,8,0.8961384820239681,1.0531829834886817e-05
ThomasAM_2019_c,4580,UniRef90_C0FSG5,673,0.0078966508964,8,0.8961384820239681,1.0514848064447402e-05
ThomasAM_2019_c,4581,UniRef90_A0A076J541,673,0.007884075385,8,0.8961384820239681,1.0498103042609854e-05
ThomasAM_2019_c,4582,UniRef90_R6L9G3,673,0.0078746351729,8,0.8961384820239681,1.0485532853395472e-05
ThomasAM_2019_c,4583,UniRef90_A0A0P0LBV1,673,0.0078383995911,8,0.8961384820239681,1.0437283077363515e-05
ThomasAM_2019_c,4584,UniRef90_C3RBU8,673,0.0078148360507,8,0.8961384820239681,1.0405906858455393e-05
ThomasAM_2019_c,4585,UniRef90_A0A315ZYJ3,673,0.0077787374499,8,0.8961384820239681,1.0357839480559255e-05
ThomasAM_2019_c,4586,UniRef90_A0A076IV02,673,0.007748623712,8,0.8961384820239681,1.0317741294274301e-05
ThomasAM_2019_c,4587,UniRef90_A0A174NCV0,673,0.0076666951306,8,0.8961384820239681,1.0208648642609854e-05
ThomasAM_2019_c,4588,UniRef90_U6RE60,673,0.007628235289399999,8,0.8961384820239681,1.015743713635153e-05
ThomasAM_2019_c,4589,UniRef90_B6VXQ9,673,0.007618844891,8,0.8961384820239681,1.0144933276964048e-05
ThomasAM_2019_c,4590,UniRef90_A0A0K2HIK9,673,0.007612067952,8,0.8961384820239681,1.013590939014647e-05
ThomasAM_2019_c,4591,UniRef90_A0A1Y4PN26,673,0.007541724556,8,0.8961384820239681,1.0042243083888149e-05
ThomasAM_2019_c,4592,UniRef90_A0A076IMQ8,673,0.007456312188000001,8,0.8961384820239681,9.928511568575233e-06
ThomasAM_2019_c,4593,UniRef90_A0A329URW2,673,0.0074314698713000005,8,0.8961384820239681,9.895432584953395e-06
ThomasAM_2019_c,4594,UniRef90_A0A0N7J791,673,0.0074158078216,8,0.8961384820239681,9.874577658588548e-06
ThomasAM_2019_c,4595,UniRef90_A0A076IX63,673,0.0073686165073,8,0.8961384820239681,9.811739690146472e-06
ThomasAM_2019_c,4596,UniRef90_A6KZ76,673,0.0073175623251,8,0.8961384820239681,9.743758089347537e-06
ThomasAM_2019_c,4597,UniRef90_D4V874,673,0.0072930878249,8,0.8961384820239681,9.7111688747004e-06
ThomasAM_2019_c,4598,UniRef90_A0A076IYE2,673,0.007287085045,8,0.8961384820239681,9.703175825565912e-06
ThomasAM_2019_c,4599,UniRef90_A0A076ISY7,673,0.0072411061167,8,0.8961384820239681,9.64195221930759e-06
ThomasAM_2019_c,4600,UniRef90_A0A076IK62,673,0.007235755688,8,0.8961384820239681,9.63482781358189e-06
ThomasAM_2019_c,4601,UniRef90_C3R9H3,673,0.007217382905,8,0.8961384820239681,9.610363388814914e-06
ThomasAM_2019_c,4602,UniRef90_C3RGM9,673,0.0071909670132999995,8,0.8961384820239681,9.575189098934754e-06
ThomasAM_2019_c,4603,UniRef90_A6L3C5,673,0.0071796188391,8,0.8961384820239681,9.560078347669774e-06
ThomasAM_2019_c,4604,UniRef90_A0A076J1G0,673,0.0071753936236,8,0.8961384820239681,9.55445222849534e-06
ThomasAM_2019_c,4605,UniRef90_C3RE95,673,0.007167968305,8,0.8961384820239681,9.544564986684421e-06
ThomasAM_2019_c,4606,UniRef90_A0A0P0L4L9,673,0.007166419997,8,0.8961384820239681,9.542503324900133e-06
ThomasAM_2019_c,4607,UniRef90_A0A396F1C0,673,0.0071646432727,8,0.8961384820239681,9.54013751358189e-06
ThomasAM_2019_c,4608,UniRef90_A0A076J531,673,0.007148638849,8,0.8961384820239681,9.518826696404794e-06
ThomasAM_2019_c,4609,UniRef90_A6L2V6,673,0.0071352842366,8,0.8961384820239681,9.501044256458056e-06
ThomasAM_2019_c,4610,UniRef90_A0A174M9P4,673,0.0071066084132,8,0.8961384820239681,9.462860736617843e-06
ThomasAM_2019_c,4611,UniRef90_A0A076IXX9,673,0.007084253264,8,0.8961384820239681,9.433093560585887e-06
ThomasAM_2019_c,4612,UniRef90_I8WGC1,673,0.0070816975937,8,0.8961384820239681,9.429690537549934e-06
ThomasAM_2019_c,4613,UniRef90_A0A076J5R5,673,0.0070800816172,8,0.8961384820239681,9.427538771238348e-06
ThomasAM_2019_c,4614,UniRef90_A0A0P0M5G4,673,0.0070691647755,8,0.8961384820239681,9.413002364181092e-06
ThomasAM_2019_c,4615,UniRef90_A0A076J490,673,0.0070517661588,8,0.8961384820239681,9.389835098268975e-06
ThomasAM_2019_c,4616,UniRef90_A0A076J1K6,673,0.007050499581,8,0.8961384820239681,9.38814857656458e-06
ThomasAM_2019_c,4617,UniRef90_A0A0K2HGQ5,673,0.0070313476213,8,0.8961384820239681,9.362646632889481e-06
ThomasAM_2019_c,4618,UniRef90_A0A0M1W7K5,673,0.0070306845883,8,0.8961384820239681,9.361763766045272e-06
ThomasAM_2019_c,4619,UniRef90_D4V697,673,0.0070230773599999005,8,0.8961384820239681,9.351634300931958e-06
ThomasAM_2019_c,4620,UniRef90_A0A1Y4PC68,673,0.0070215013974,8,0.8961384820239681,9.349535815446072e-06
ThomasAM_2019_c,4621,UniRef90_A6KYC8,673,0.0070127221570000006,8,0.8961384820239681,9.337845748335554e-06
ThomasAM_2019_c,4622,UniRef90_B0NZF6,673,0.0069679487788,8,0.8961384820239681,9.278227401864181e-06
ThomasAM_2019_c,4623,UniRef90_I9QFA9,673,0.006955875277,8,0.8961384820239681,9.262150834886817e-06
ThomasAM_2019_c,4624,UniRef90_D4V935,673,0.0069539871293,8,0.8961384820239681,9.259636656857524e-06
ThomasAM_2019_c,4625,UniRef90_A0A139LDE6,673,0.0069520853899999995,8,0.8961384820239681,9.257104380825565e-06
ThomasAM_2019_c,4626,UniRef90_D1K7E8,673,0.006941288167,8,0.8961384820239681,9.242727252996005e-06
ThomasAM_2019_c,4627,UniRef90_A0A0K2HLL0,673,0.0069352408689,8,0.8961384820239681,9.2346749252996e-06
ThomasAM_2019_c,4628,UniRef90_A0A076IU82,673,0.0069199753591,8,0.8961384820239681,9.214348014780293e-06
ThomasAM_2019_c,4629,UniRef90_A0A0N7J704,673,0.0069134594810000005,8,0.8961384820239681,9.205671745672438e-06
ThomasAM_2019_c,4630,UniRef90_A0A3E2UUY4,673,0.0069003942700000005,8,0.8961384820239681,9.18827466045273e-06
ThomasAM_2019_c,4631,UniRef90_A0A1Y4PJZ1,673,0.0068997516097000005,8,0.8961384820239681,9.187418921038616e-06
ThomasAM_2019_c,4632,UniRef90_A0A076IZC5,673,0.0068930932218,8,0.8961384820239681,9.178552891877496e-06
ThomasAM_2019_c,4633,UniRef90_A0A380ZKV5,673,0.0068772852251,8,0.8961384820239681,9.157503628628495e-06
ThomasAM_2019_c,4634,UniRef90_A0A076INI7,673,0.0068727310504,8,0.8961384820239681,9.151439481225033e-06
ThomasAM_2019_c,4635,UniRef90_A0A076J3F4,673,0.006865945334,8,0.8961384820239681,9.142403906790944e-06
ThomasAM_2019_c,4636,UniRef90_A0A397WL89,673,0.0068390732053,8,0.8961384820239681,9.106622110918775e-06
ThomasAM_2019_c,4637,UniRef90_A0A173TYZ3,673,0.0068194082885,8,0.8961384820239681,9.08043713515313e-06
ThomasAM_2019_c,4638,UniRef90_A6L3K7,673,0.0068175596557,8,0.8961384820239681,9.077975573501997e-06
ThomasAM_2019_c,4639,UniRef90_D1K3C3,673,0.006802672852,8,0.8961384820239681,9.058152932090547e-06
ThomasAM_2019_c,4640,UniRef90_A0A3E4TRJ7,673,0.006790112099,8,0.8961384820239681,9.041427561917444e-06
ThomasAM_2019_c,4641,UniRef90_A6KXU3,673,0.0067812475707,8,0.8961384820239681,9.029623929027963e-06
ThomasAM_2019_c,4642,UniRef90_A0A174NTU2,673,0.006751493894,8,0.8961384820239681,8.99000518508655e-06
ThomasAM_2019_c,4643,UniRef90_A0A0P0M3X3,673,0.0067491394857999995,8,0.8961384820239681,8.986870154194406e-06
ThomasAM_2019_c,4644,UniRef90_A0A0M1W6U2,673,0.006744519552,8,0.8961384820239681,8.980718444740347e-06
ThomasAM_2019_c,4645,UniRef90_A6L7J9,673,0.006732578705,8,0.8961384820239681,8.964818515312916e-06
ThomasAM_2019_c,4646,UniRef90_A0A076IUP8,673,0.0067273456642,8,0.8961384820239681,8.9578504183755e-06
ThomasAM_2019_c,4647,UniRef90_A0A076IZ80,673,0.006716114957,8,0.8961384820239681,8.942896081225033e-06
ThomasAM_2019_c,4648,UniRef90_D4V5A7,673,0.0067129502457,8,0.8961384820239681,8.93868208482024e-06
ThomasAM_2019_c,4649,UniRef90_A0A174VN96,673,0.0067007069697,8,0.8961384820239681,8.922379453661784e-06
ThomasAM_2019_c,4650,UniRef90_A6KXH3,673,0.0066984006690999996,8,0.8961384820239681,8.919308480825565e-06
ThomasAM_2019_c,4651,UniRef90_C0CTT0,673,0.006673521468,8,0.8961384820239681,8.886180383488682e-06
ThomasAM_2019_c,4652,UniRef90_C3REY9,673,0.0066613414712,8,0.8961384820239681,8.869962012250333e-06
ThomasAM_2019_c,4653,UniRef90_A0A076JBK6,673,0.00665592981,8,0.8961384820239681,8.862756071904128e-06
ThomasAM_2019_c,4654,UniRef90_A0A0P0M1N4,673,0.006654412337,8,0.8961384820239681,8.860735468708389e-06
ThomasAM_2019_c,4655,UniRef90_B6VUL0,673,0.0066388383951,8,0.8961384820239681,8.83999786298269e-06
ThomasAM_2019_c,4656,UniRef90_D1K675,673,0.0066315894471999995,8,0.8961384820239681,8.8303454689747e-06
ThomasAM_2019_c,4657,UniRef90_R7GPW0,673,0.0065991107367,8,0.8961384820239681,8.787098184687083e-06
ThomasAM_2019_c,4658,UniRef90_A0A076IX80,673,0.0065713434296,8,0.8961384820239681,8.750124406924101e-06
ThomasAM_2019_c,4659,UniRef90_A0A3E4XQG6,673,0.006567644432,8,0.8961384820239681,8.745198977363515e-06
ThomasAM_2019_c,4660,UniRef90_A0A076IXK3,673,0.0065566208475,8,0.8961384820239681,8.73052043608522e-06
ThomasAM_2019_c,4661,UniRef90_E5UQX1,673,0.0065496516192,8,0.8961384820239681,8.721240504926765e-06
ThomasAM_2019_c,4662,UniRef90_A6L3D0,673,0.006543708413,8,0.8961384820239681,8.7133267816245e-06
ThomasAM_2019_c,4663,UniRef90_A0A174J4M7,673,0.0065178997864,8,0.8961384820239681,8.678961100399469e-06
ThomasAM_2019_c,4664,UniRef90_D4VB42,673,0.0065061258389999994,8,0.8961384820239681,8.663283407456723e-06
ThomasAM_2019_c,4665,UniRef90_A0A396BKE4,673,0.00648935171,8,0.8961384820239681,8.640947683089215e-06
ThomasAM_2019_c,4666,UniRef90_D1K2J1,673,0.0064818336161,8,0.8961384820239681,8.630936905592544e-06
ThomasAM_2019_c,4667,UniRef90_A0A0P0M185,673,0.006456916316,8,0.8961384820239681,8.59775807723036e-06
ThomasAM_2019_c,4668,UniRef90_A0A1Y4PKT0,673,0.0064516673361,8,0.8961384820239681,8.590768756458056e-06
ThomasAM_2019_c,4669,UniRef90_A0A395VTV6,673,0.0064480189878000005,8,0.8961384820239681,8.585910769374169e-06
ThomasAM_2019_c,4670,UniRef90_R9HLX9,673,0.0064456139116000006,8,0.8961384820239681,8.582708271105194e-06
ThomasAM_2019_c,4671,UniRef90_A0A076INX8,673,0.006443590269,8,0.8961384820239681,8.580013673768309e-06
ThomasAM_2019_c,4672,UniRef90_B6W208,673,0.006435942208,8,0.8961384820239681,8.569829837549934e-06
ThomasAM_2019_c,4673,UniRef90_A0A076J1Q0,673,0.006401908724,8,0.8961384820239681,8.52451228229028e-06
ThomasAM_2019_c,4674,UniRef90_A6L2V8,673,0.0063995361486,8,0.8961384820239681,8.521353060719041e-06
ThomasAM_2019_c,4675,UniRef90_A0A0K2HG11,673,0.0063967604305,8,0.8961384820239681,8.517657031291612e-06
ThomasAM_2019_c,4676,UniRef90_A0A1H7LWE0,673,0.0063965245949,8,0.8961384820239681,8.51734300252996e-06
ThomasAM_2019_c,4677,UniRef90_A0A329U2M1,673,0.006394420439,8,0.8961384820239681,8.514541197070572e-06
ThomasAM_2019_c,4678,UniRef90_D4K3U9,673,0.0063822359534,8,0.8961384820239681,8.498316848735021e-06
ThomasAM_2019_c,4679,UniRef90_A6L330,673,0.0063353617711,8,0.8961384820239681,8.435901159920106e-06
ThomasAM_2019_c,4680,UniRef90_A0A076ITU8,673,0.0063338320356999996,8,0.8961384820239681,8.433864228628494e-06
ThomasAM_2019_c,4681,UniRef90_D4V7E2,673,0.0063182144825,8,0.8961384820239681,8.41306855193076e-06
ThomasAM_2019_c,4682,UniRef90_E5UXH4,673,0.0063092376305,8,0.8961384820239681,8.401115353528629e-06
ThomasAM_2019_c,4683,UniRef90_D1JZT6,673,0.0062881117074,8,0.8961384820239681,8.372984963249002e-06
ThomasAM_2019_c,4684,UniRef90_A0A076J2E9,673,0.0062615729108,8,0.8961384820239681,8.337647018375499e-06
ThomasAM_2019_c,4685,UniRef90_A6L2I1,673,0.0062453839401,8,0.8961384820239681,8.316090466178429e-06
ThomasAM_2019_c,4686,UniRef90_A0A076IV47,673,0.006238724019,8,0.8961384820239681,8.307222395472703e-06
ThomasAM_2019_c,4687,UniRef90_A0A076IRD1,673,0.006235902231,8,0.8961384820239681,8.303465021304927e-06
ThomasAM_2019_c,4688,UniRef90_A0A1Y4PRU5,673,0.0062286104661999995,8,0.8961384820239681,8.293755614114513e-06
ThomasAM_2019_c,4689,UniRef90_A0A076ITY2,673,0.006213853553499999,8,0.8961384820239681,8.274105930093208e-06
ThomasAM_2019_c,4690,UniRef90_D4V3D6,673,0.0062076135686,8,0.8961384820239681,8.26579702876165e-06
ThomasAM_2019_c,4691,UniRef90_A6KWC4,673,0.0062008550727,8,0.8961384820239681,8.2567977e-06
ThomasAM_2019_c,4692,UniRef90_A6L710,673,0.0061999008699999995,8,0.8961384820239681,8.255527123834887e-06
ThomasAM_2019_c,4693,UniRef90_A0A0P0GTX7,673,0.006194752358,8,0.8961384820239681,8.248671581890811e-06
ThomasAM_2019_c,4694,UniRef90_A0A0M1VYD5,673,0.0061919638538,8,0.8961384820239681,8.244958527030627e-06
ThomasAM_2019_c,4695,UniRef90_A8S687,673,0.006190113479,8,0.8961384820239681,8.242494645805593e-06
ThomasAM_2019_c,4696,UniRef90_A0A076INR7,673,0.0061747358393,8,0.8961384820239681,8.22201842782956e-06
ThomasAM_2019_c,4697,UniRef90_A0A0M1VYB5,673,0.0061630731024,8,0.8961384820239681,8.206488818109187e-06
ThomasAM_2019_c,4698,UniRef90_A0A0K2HDL7,673,0.006138183422,8,0.8961384820239681,8.173346766977364e-06
ThomasAM_2019_c,4699,UniRef90_A0A395UP83,673,0.0061332791679999995,8,0.8961384820239681,8.166816468708388e-06
ThomasAM_2019_c,4700,UniRef90_A0A076JAP5,673,0.006120512284,8,0.8961384820239681,8.149816623169109e-06
ThomasAM_2019_c,4701,UniRef90_A0A0P0LCX4,673,0.0061098456255,8,0.8961384820239681,8.135613349533954e-06
ThomasAM_2019_c,4702,UniRef90_D1K0J9,673,0.0061086944180000005,8,0.8961384820239681,8.134080450066578e-06
ThomasAM_2019_c,4703,UniRef90_R6KPU8,673,0.0060945347263,8,0.8961384820239681,8.115226000399467e-06
ThomasAM_2019_c,4704,UniRef90_A0A076JAM0,673,0.006093644988900001,8,0.8961384820239681,8.114041263515314e-06
ThomasAM_2019_c,4705,UniRef90_A6L3H3,673,0.0060603064753,8,0.8961384820239681,8.06964910159787e-06
ThomasAM_2019_c,4706,UniRef90_A0A076IMP9,673,0.0060582407349999996,8,0.8961384820239681,8.06689844873502e-06
ThomasAM_2019_c,4707,UniRef90_A0A174IFZ3,673,0.0060332105963,8,0.8961384820239681,8.033569369241012e-06
ThomasAM_2019_c,4708,UniRef90_E5UX07,673,0.0060240174559999995,8,0.8961384820239681,8.021328170439413e-06
ThomasAM_2019_c,4709,UniRef90_D4LJQ0,673,0.0060221223477,8,0.8961384820239681,8.018804723968043e-06
ThomasAM_2019_c,4710,UniRef90_I8W7V3,673,0.0060165058019999995,8,0.8961384820239681,8.01132596804261e-06
ThomasAM_2019_c,4711,UniRef90_A0A0N7J7R7,673,0.006013261683,8,0.8961384820239681,8.007006235685753e-06
ThomasAM_2019_c,4712,UniRef90_A0A1Y4PGP9,673,0.005997950232,8,0.8961384820239681,7.986618151797603e-06
ThomasAM_2019_c,4713,UniRef90_A0A380ZIQ0,673,0.005972776532,8,0.8961384820239681,7.953097912117177e-06
ThomasAM_2019_c,4714,UniRef90_A0A076JBC9,673,0.0059657168346,8,0.8961384820239681,7.94369751611185e-06
ThomasAM_2019_c,4715,UniRef90_A0A0K2HKR8,673,0.005960831649,8,0.8961384820239681,7.937192608521972e-06
ThomasAM_2019_c,4716,UniRef90_A0A076IPW2,673,0.0059294561479,8,0.8961384820239681,7.895414311451398e-06
ThomasAM_2019_c,4717,UniRef90_I9QT74,673,0.005927065085,8,0.8961384820239681,7.892230472703063e-06
ThomasAM_2019_c,4718,UniRef90_A0A174PD41,673,0.0059228141591,8,0.8961384820239681,7.88657011864181e-06
ThomasAM_2019_c,4719,UniRef90_D3AFU1,673,0.0058918992003,8,0.8961384820239681,7.845405060319574e-06
ThomasAM_2019_c,4720,UniRef90_A0A076IP71,673,0.0058765662685,8,0.8961384820239681,7.824988373501996e-06
ThomasAM_2019_c,4721,UniRef90_A0A395UTD2,673,0.0058662396413,8,0.8961384820239681,7.811237871238349e-06
ThomasAM_2019_c,4722,UniRef90_A0A076J3B4,673,0.0058526678644,8,0.8961384820239681,7.793166264181093e-06
ThomasAM_2019_c,4723,UniRef90_D3AFY1,673,0.0058518802525,8,0.8961384820239681,7.792117513315579e-06
ThomasAM_2019_c,4724,UniRef90_A0A136Q5P9,673,0.0058311236013,8,0.8961384820239681,7.764478829960053e-06
ThomasAM_2019_c,4725,UniRef90_E2ZK72,673,0.0058259876194,8,0.8961384820239681,7.757639972569908e-06
ThomasAM_2019_c,4726,UniRef90_A0A1C5UTA0,673,0.005824876479,8,0.8961384820239681,7.756160424766976e-06
ThomasAM_2019_c,4727,UniRef90_I9QEJ7,673,0.0058235533112,8,0.8961384820239681,7.754398550199734e-06
ThomasAM_2019_c,4728,UniRef90_A0A0K2HML4,673,0.0058191065861,8,0.8961384820239681,7.748477478162451e-06
ThomasAM_2019_c,4729,UniRef90_A6L5J0,673,0.0058045018157,8,0.8961384820239681,7.729030380426099e-06
ThomasAM_2019_c,4730,UniRef90_D4LT32,673,0.0057917976916,8,0.8961384820239681,7.712114103328896e-06
ThomasAM_2019_c,4731,UniRef90_I9QLY8,673,0.005763039567,8,0.8961384820239681,7.673820994673769e-06
ThomasAM_2019_c,4732,UniRef90_A0A076IQH5,673,0.005686725844,8,0.8961384820239681,7.572204852197071e-06
ThomasAM_2019_c,4733,UniRef90_B6VS38,673,0.0056596480823,8,0.8961384820239681,7.536149244074567e-06
ThomasAM_2019_c,4734,UniRef90_A0A076JB70,673,0.0056477965126,8,0.8961384820239681,7.520368192543276e-06
ThomasAM_2019_c,4735,UniRef90_A0A076ILN7,673,0.005646030774,8,0.8961384820239681,7.518017009320906e-06
ThomasAM_2019_c,4736,UniRef90_A6L4C6,673,0.0056448693114,8,0.8961384820239681,7.516470454593875e-06
ThomasAM_2019_c,4737,UniRef90_A0A395VC48,673,0.0056428921111,8,0.8961384820239681,7.513837697869507e-06
ThomasAM_2019_c,4738,UniRef90_I9FAM5,673,0.005634763044399999,8,0.8961384820239681,7.5030133747003984e-06
ThomasAM_2019_c,4739,UniRef90_A0A1Q6JDV0,673,0.0056331300485,8,0.8961384820239681,7.5008389460719045e-06
ThomasAM_2019_c,4740,UniRef90_A0A076JA10,673,0.0056172761633,8,0.8961384820239681,7.4797285796271645e-06
ThomasAM_2019_c,4741,UniRef90_A0A076J7X0,673,0.0056164626703,8,0.8961384820239681,7.478645366577897e-06
ThomasAM_2019_c,4742,UniRef90_C3R4D7,673,0.0056070789128,8,0.8961384820239681,7.466150349933423e-06
ThomasAM_2019_c,4743,UniRef90_A8S6X1,673,0.005534698906,8,0.8961384820239681,7.369772178428762e-06
ThomasAM_2019_c,4744,UniRef90_A0A0M1W4C1,673,0.005531340424,8,0.8961384820239681,7.365300165113182e-06
ThomasAM_2019_c,4745,UniRef90_A0A076ISL1,673,0.0055255435,8,0.8961384820239681,7.357581225033289e-06
ThomasAM_2019_c,4746,UniRef90_A0A174P1L0,673,0.0055129286875,8,0.8961384820239681,7.34078387150466e-06
ThomasAM_2019_c,4747,UniRef90_A0A174PZ91,673,0.005471905996,8,0.8961384820239681,7.286159781624501e-06
ThomasAM_2019_c,4748,UniRef90_D1JXS4,673,0.0054694105295,8,0.8961384820239681,7.28283692343542e-06
ThomasAM_2019_c,4749,UniRef90_A0A174TV79,673,0.0054689853545,8,0.8961384820239681,7.282270778295605e-06
ThomasAM_2019_c,4750,UniRef90_A0A174DBD0,673,0.0054587611197,8,0.8961384820239681,7.268656617443409e-06
ThomasAM_2019_c,4751,UniRef90_A0A329TS31,673,0.0054573321163,8,0.8961384820239681,7.266753816644473e-06
ThomasAM_2019_c,4752,UniRef90_A0A174XHE3,673,0.0054521128614,8,0.8961384820239681,7.259804076431425e-06
ThomasAM_2019_c,4753,UniRef90_A6L1M6,673,0.0054152884392,8,0.8961384820239681,7.2107702252996e-06
ThomasAM_2019_c,4754,UniRef90_A0A173R6D7,673,0.0054148553632,8,0.8961384820239681,7.210193559520639e-06
ThomasAM_2019_c,4755,UniRef90_A0A2V1JU71,673,0.005398781436,8,0.8961384820239681,7.188790194407457e-06
ThomasAM_2019_c,4756,UniRef90_A0A174MDI8,673,0.005396666281,8,0.8961384820239681,7.18597374300932e-06
ThomasAM_2019_c,4757,UniRef90_A0A0K2HM13,673,0.0053848360692,8,0.8961384820239681,7.170221130758989e-06
ThomasAM_2019_c,4758,UniRef90_A0A0P0LI34,673,0.0052940979535999,8,0.8961384820239681,7.049398074034487e-06
ThomasAM_2019_c,4759,UniRef90_A0A076INR1,673,0.0052780788080000005,8,0.8961384820239681,7.02806765379494e-06
ThomasAM_2019_c,4760,UniRef90_A0A1H7F8J7,673,0.0052754646199,8,0.8961384820239681,7.024586710918775e-06
ThomasAM_2019_c,4761,UniRef90_A0A0M1W1V6,673,0.0052444855658,8,0.8961384820239681,6.983336305992011e-06
ThomasAM_2019_c,4762,UniRef90_A0A1Y4PS38,673,0.0052290373337,8,0.8961384820239681,6.962766090146471e-06
ThomasAM_2019_c,4763,UniRef90_A6L5X6,673,0.0051933183084999,8,0.8961384820239681,6.915204139147669e-06
ThomasAM_2019_c,4764,UniRef90_A0A0N7J6N3,673,0.0051726444522,8,0.8961384820239681,6.887675701997337e-06
ThomasAM_2019_c,4765,UniRef90_A0A0P0M5C7,673,0.0051592504239999,8,0.8961384820239681,6.8698407776296935e-06
ThomasAM_2019_c,4766,UniRef90_A0A173WXI3,673,0.0051555542493,8,0.8961384820239681,6.864919106924101e-06
ThomasAM_2019_c,4767,UniRef90_A0A0M1W7Q9,673,0.00506636193,8,0.8961384820239681,6.746154367509987e-06
ThomasAM_2019_c,4768,UniRef90_A0A396FTF8,673,0.004983473945,8,0.8961384820239681,6.635784214380825e-06
ThomasAM_2019_c,4769,UniRef90_A0A329TH64,673,0.004971718035,8,0.8961384820239681,6.6201305392809594e-06
ThomasAM_2019_c,4770,UniRef90_D4LTT8,673,0.0049101787504,8,0.8961384820239681,6.538187417310254e-06
ThomasAM_2019_c,4771,UniRef90_A0A076INP5,673,0.0048166832474,8,0.8961384820239681,6.413692739547271e-06
ThomasAM_2019_c,4772,UniRef90_A8SF32,673,0.004815663803,8,0.8961384820239681,6.412335290279627e-06
ThomasAM_2019_c,4773,UniRef90_C7G7I5,673,0.0048080353558,8,0.8961384820239681,6.402177570972037e-06
ThomasAM_2019_c,4774,UniRef90_A6BGQ7,673,0.0047914990773,8,0.8961384820239681,6.380158558322237e-06
ThomasAM_2019_c,4775,UniRef90_D4VDD7,673,0.0047563459831,8,0.8961384820239681,6.33335017723036e-06
ThomasAM_2019_c,4776,UniRef90_A0A329TNV5,673,0.0047275893278,8,0.8961384820239681,6.295059025033288e-06
ThomasAM_2019_c,4777,UniRef90_A0A174Q8M0,673,0.0047200764570000005,8,0.8961384820239681,6.2850552023968045e-06
ThomasAM_2019_c,4778,UniRef90_A0A173VF74,673,0.0047085250723,8,0.8961384820239681,6.269673864580559e-06
ThomasAM_2019_c,4779,UniRef90_E2ZLU3,673,0.004582549011,8,0.8961384820239681,6.101929442077231e-06
ThomasAM_2019_c,4780,UniRef90_A8SV55,673,0.00451312716,8,0.8961384820239681,6.0094902263648465e-06
ThomasAM_2019_c,4781,UniRef90_A0A1R7L574,673,0.0045084377656,8,0.8961384820239681,6.003246026098535e-06
ThomasAM_2019_c,4782,UniRef90_A0A174FBJ6,673,0.004435604612,8,0.8961384820239681,5.906264463382158e-06
ThomasAM_2019_c,4783,UniRef90_A5KMP1,673,0.0043971568084,8,0.8961384820239681,5.855068985885486e-06
ThomasAM_2019_c,4784,UniRef90_A0A2A7BH94,673,0.0043328106607,8,0.8961384820239681,5.769388363115846e-06
ThomasAM_2019_c,4785,UniRef90_A0A076ISN8,673,0.0040888768073,8,0.8961384820239681,5.444576307989348e-06
ThomasAM_2019_c,4786,UniRef90_A0A1C7H6K2,673,0.004030615609,8,0.8961384820239681,5.366998147802929e-06
ThomasAM_2019_c,4787,UniRef90_A0A174UG46,673,0.0039463654725,8,0.8961384820239681,5.254814211051932e-06
ThomasAM_2019_c,4788,UniRef90_R6DPA8,673,0.003832792934,8,0.8961384820239681,5.103585797603196e-06
ThomasAM_2019_c,4789,UniRef90_A0A0P0FT99,673,0.0036133890897999997,8,0.8961384820239681,4.811436870572569e-06
ThomasAM_2019_c,4790,UniRef90_A0A0P0FIE6,673,0.0035541045656,8,0.8961384820239681,4.732496092676432e-06
ThomasAM_2019_c,4791,UniRef90_Q8A3H9,673,0.0035450175880000004,8,0.8961384820239681,4.7203962556591215e-06
ThomasAM_2019_c,4792,UniRef90_A5ZGB6,673,0.0034441032742,8,0.8961384820239681,4.5860230015978694e-06
ThomasAM_2019_c,4793,UniRef90_B0PCQ0,673,0.003417857249,8,0.8961384820239681,4.551074898801598e-06
ThomasAM_2019_c,4794,UniRef90_R6RT43,673,0.0033997181037000003,8,0.8961384820239681,4.526921576165114e-06
ThomasAM_2019_c,4795,UniRef90_UPI000E4800DC,673,0.0033869827779999997,8,0.8961384820239681,4.509963752330226e-06
ThomasAM_2019_c,4796,UniRef90_A0A0N7I9N0,673,0.0033797007175,8,0.8961384820239681,4.500267266977364e-06
ThomasAM_2019_c,4797,UniRef90_R6UV36,673,0.0033733899861,8,0.8961384820239681,4.491864162583222e-06
ThomasAM_2019_c,4798,UniRef90_R6JDF1,673,0.003368720233,8,0.8961384820239681,4.485646115845539e-06
ThomasAM_2019_c,4799,UniRef90_A0A1Q6QD10,673,0.0033502503939999997,8,0.8961384820239681,4.461052455392809e-06
ThomasAM_2019_c,4800,UniRef90_D4KYJ1,673,0.0033008131750000003,8,0.8961384820239681,4.3952239347536625e-06
ThomasAM_2019_c,4801,UniRef90_A0A174G5R7,673,0.003285162573,8,0.8961384820239681,4.374384251664448e-06
ThomasAM_2019_c,4802,UniRef90_A0A1G8C9V6,673,0.0032762139009,8,0.8961384820239681,4.362468576431425e-06
ThomasAM_2019_c,4803,UniRef90_A0A0P0FMY7,673,0.0032680721365,8,0.8961384820239681,4.351627345539281e-06
ThomasAM_2019_c,4804,UniRef90_R6J594,673,0.0032615049696000003,8,0.8961384820239681,4.342882782423436e-06
ThomasAM_2019_c,4805,UniRef90_R6KAS7,673,0.0032491956764,8,0.8961384820239681,4.326492245539281e-06
ThomasAM_2019_c,4806,UniRef90_A0A396G2U5,673,0.0032477885005,8,0.8961384820239681,4.324618509320905e-06
ThomasAM_2019_c,4807,UniRef90_A0A174TPC8,673,0.0032081142219,8,0.8961384820239681,4.271789909320905e-06
ThomasAM_2019_c,4808,UniRef90_Q8AAQ1,673,0.0032051169908,8,0.8961384820239681,4.267798922503328e-06
ThomasAM_2019_c,4809,UniRef90_I8YC47,673,0.0032016180967000003,8,0.8961384820239681,4.263139942343542e-06
ThomasAM_2019_c,4810,UniRef90_Q8AAD5,673,0.0031910827425,8,0.8961384820239681,4.249111507989347e-06
ThomasAM_2019_c,4811,UniRef90_A0A139KKC1,673,0.0031887286066,8,0.8961384820239681,4.245976839680426e-06
ThomasAM_2019_c,4812,UniRef90_A0A396EAS3,673,0.0031507853764999997,8,0.8961384820239681,4.195453231025299e-06
ThomasAM_2019_c,4813,UniRef90_R6V7A7,673,0.0030997262788,8,0.8961384820239681,4.1274650849533956e-06
ThomasAM_2019_c,4814,UniRef90_R6JHH8,673,0.0030641543369,8,0.8961384820239681,4.080098983888149e-06
ThomasAM_2019_c,4815,UniRef90_R6DJE2,673,0.0030618445897,8,0.8961384820239681,4.077023421704394e-06
ThomasAM_2019_c,4816,UniRef90_A0A174XAE3,673,0.0030498649215,8,0.8961384820239681,4.061071799600533e-06
ThomasAM_2019_c,4817,UniRef90_Q8A753,673,0.0030393917622,8,0.8961384820239681,4.047126181358189e-06
ThomasAM_2019_c,4818,UniRef90_D7J772,673,0.0030336194553,8,0.8961384820239681,4.0394400203728365e-06
ThomasAM_2019_c,4819,UniRef90_R6JN49,673,0.003032088342,8,0.8961384820239681,4.037401254327563e-06
ThomasAM_2019_c,4820,UniRef90_A0A2A7BFC2,673,0.002994186431,8,0.8961384820239681,3.9869326644474034e-06
ThomasAM_2019_c,4821,UniRef90_D6CYU4,673,0.0029752538675,8,0.8961384820239681,3.9617228595206395e-06
ThomasAM_2019_c,4822,UniRef90_A0A174WZM3,673,0.002972631607,8,0.8961384820239681,3.958231167776299e-06
ThomasAM_2019_c,4823,UniRef90_A0A395VXT0,673,0.0029686437578000002,8,0.8961384820239681,3.952921115579228e-06
ThomasAM_2019_c,4824,UniRef90_R6JGF3,673,0.0029470631104,8,0.8961384820239681,3.9241852335552595e-06
ThomasAM_2019_c,4825,UniRef90_Q8A9K9,673,0.0029432382053,8,0.8961384820239681,3.919092150865513e-06
ThomasAM_2019_c,4826,UniRef90_A0A139L108,673,0.0028737698656,8,0.8961384820239681,3.826591032756325e-06
ThomasAM_2019_c,4827,UniRef90_E5CE90,673,0.0026055246905,8,0.8961384820239681,3.469407044607191e-06
ThomasAM_2019_c,4828,UniRef90_C7H858,673,0.0026042093989,8,0.8961384820239681,3.467655657656458e-06
ThomasAM_2019_c,4829,UniRef90_A0A173UE93,673,0.0025902535539000003,8,0.8961384820239681,3.4490726416777635e-06
ThomasAM_2019_c,4830,UniRef90_A0A127SAX6,673,0.0025720033469999997,8,0.8961384820239681,3.4247714340878824e-06
ThomasAM_2019_c,4831,UniRef90_R6QSE8,673,0.000511489876,8,0.8961384820239681,6.810783968042611e-07
ThomasAM_2019_c,4832,UniRef90_A0A1Q6TZC0,673,0.0004303134152,8,0.8961384820239681,5.729872372836218e-07
ThomasAM_2019_c,4833,UniRef90_R6V6S2,673,0.0003814127407,8,0.8961384820239681,5.078731567243675e-07
ThomasAM_2019_c,4834,UniRef90_A0A354I8R6,673,0.0002867425892,8,0.8961384820239681,3.818143664447403e-07
ThomasAM_2019_c,4835,UniRef90_A0A1C6IDF8,673,0.00026367571186,8,0.8961384820239681,3.5109948316910784e-07
ThomasAM_2019_c,4836,UniRef90_A0A3A9AL39,673,0.00015499459293,8,0.8961384820239681,2.063842782023968e-07
ThomasAM_2019_c,4837,UniRef90_E5XHF2,673,0.022317798395,7,0.8961384820239681,2.9717441271637818e-05
ThomasAM_2019_c,4838,UniRef90_A0A192CAU6,672,0.0582903811173,8,0.8948069241011984,7.761701879800266e-05
ThomasAM_2019_c,4839,UniRef90_A0A0E2AL27,672,0.0220517886615,8,0.8948069241011984,2.936323390346205e-05
ThomasAM_2019_c,4840,UniRef90_A0A076IXF3,672,0.014333149312,8,0.8948069241011984,1.908541852463382e-05
ThomasAM_2019_c,4841,UniRef90_C5EWS2,672,0.01153557699193,8,0.8948069241011984,1.536028893732357e-05
ThomasAM_2019_c,4842,UniRef90_A5Z5H9,672,0.01137583380038,8,0.8948069241011984,1.5147581625006659e-05
ThomasAM_2019_c,4843,UniRef90_R9H3Z8,672,0.0109177418184,8,0.8948069241011984,1.4537605617043942e-05
ThomasAM_2019_c,4844,UniRef90_C7GIG6,672,0.010884564849,8,0.8948069241011984,1.4493428560585885e-05
ThomasAM_2019_c,4845,UniRef90_A0A076IZR8,672,0.0108394001085,8,0.8948069241011984,1.4433289092543275e-05
ThomasAM_2019_c,4846,UniRef90_A8SEK6,672,0.0108364624376,8,0.8948069241011984,1.442937741358189e-05
ThomasAM_2019_c,4847,UniRef90_A0A3E4TBP1,672,0.010741960021,8,0.8948069241011984,1.4303541972037284e-05
ThomasAM_2019_c,4848,UniRef90_A0A173V9E1,672,0.009964808639,8,0.8948069241011984,1.3268719892143809e-05
ThomasAM_2019_c,4849,UniRef90_A0A174H8H7,672,0.0095398414901,8,0.8948069241011984,1.2702851518109189e-05
ThomasAM_2019_c,4850,UniRef90_A0A174N9V0,672,0.0093712006306,8,0.8948069241011984,1.2478296445539282e-05
ThomasAM_2019_c,4851,UniRef90_B0N074,672,0.008776294535,8,0.8948069241011984,1.1686144520639147e-05
ThomasAM_2019_c,4852,UniRef90_D6E5T2,672,0.0087001275926,8,0.8948069241011984,1.158472382503329e-05
ThomasAM_2019_c,4853,UniRef90_A0A0P0LMZ4,672,0.008664655169699999,8,0.8948069241011984,1.1537490239280958e-05
ThomasAM_2019_c,4854,UniRef90_D4VAL7,672,0.0085545782508,8,0.8948069241011984,1.1390916445805593e-05
ThomasAM_2019_c,4855,UniRef90_A0A397WEF1,672,0.008488117387,8,0.8948069241011984,1.1302419956058589e-05
ThomasAM_2019_c,4856,UniRef90_A0A069SCE7,672,0.008425116335,8,0.8948069241011984,1.1218530406125166e-05
ThomasAM_2019_c,4857,UniRef90_A7UZS6,672,0.0083310314477,8,0.8948069241011984,1.1093250929027962e-05
ThomasAM_2019_c,4858,UniRef90_A0A076J3Z5,672,0.0083100862169,8,0.8948069241011984,1.1065361141011982e-05
ThomasAM_2019_c,4859,UniRef90_A0A0P0LBY8,672,0.008244037967,8,0.8948069241011984,1.097741407057257e-05
ThomasAM_2019_c,4860,UniRef90_U6R9G9,672,0.008150362508000001,8,0.8948069241011984,1.085267977097204e-05
ThomasAM_2019_c,4861,UniRef90_A0A076IJK7,672,0.008112186367999999,8,0.8948069241011984,1.0801846029294273e-05
ThomasAM_2019_c,4862,UniRef90_A0A127SM24,672,0.0080052861425,8,0.8948069241011984,1.0659502187083888e-05
ThomasAM_2019_c,4863,UniRef90_A0A076IYH9,672,0.007990592152,8,0.8948069241011984,1.0639936287616512e-05
ThomasAM_2019_c,4864,UniRef90_A0A374NNC1,672,0.007958919511,8,0.8948069241011984,1.0597762331557921e-05
ThomasAM_2019_c,4865,UniRef90_R6AJ99,672,0.007958513209,8,0.8948069241011984,1.0597221316910785e-05
ThomasAM_2019_c,4866,UniRef90_A0A1Y4PPY7,672,0.007869525267,8,0.8948069241011984,1.0478728717709722e-05
ThomasAM_2019_c,4867,UniRef90_A0A076IYL4,672,0.007777933224,8,0.8948069241011984,1.0356768607190413e-05
ThomasAM_2019_c,4868,UniRef90_A6L2J6,672,0.007768794002,8,0.8948069241011984,1.0344599203728363e-05
ThomasAM_2019_c,4869,UniRef90_U6RNF0,672,0.007635255148,8,0.8948069241011984,1.0166784484687084e-05
ThomasAM_2019_c,4870,UniRef90_D4JA60,672,0.0076314387782999,8,0.8948069241011984,1.0161702767376698e-05
ThomasAM_2019_c,4871,UniRef90_A0A0M1W9G7,672,0.0076277135286,8,0.8948069241011984,1.0156742381624501e-05
ThomasAM_2019_c,4872,UniRef90_I8VF80,672,0.007599074704,8,0.8948069241011984,1.011860812782956e-05
ThomasAM_2019_c,4873,UniRef90_A0A396ART5,672,0.007592745465,8,0.8948069241011984,1.0110180379494009e-05
ThomasAM_2019_c,4874,UniRef90_U2SSD5,672,0.0075746335605999995,8,0.8948069241011984,1.0086063329693741e-05
ThomasAM_2019_c,4875,UniRef90_A0A0K2HQ24,672,0.0075655623948,8,0.8948069241011984,1.0073984547003994e-05
ThomasAM_2019_c,4876,UniRef90_D4JZX7,672,0.007557280065,8,0.8948069241011984,1.0062956145139813e-05
ThomasAM_2019_c,4877,UniRef90_A6L0Z9,672,0.00754196673,8,0.8948069241011984,1.0042565552596538e-05
ThomasAM_2019_c,4878,UniRef90_A0A076IJZ0,672,0.007532744541,8,0.8948069241011984,1.003028567376831e-05
ThomasAM_2019_c,4879,UniRef90_A0A0P0M0Q1,672,0.0075303198748,8,0.8948069241011984,1.0027057090279628e-05
ThomasAM_2019_c,4880,UniRef90_A0A1Y4PG73,672,0.0075297851679,8,0.8948069241011984,1.0026345097070573e-05
ThomasAM_2019_c,4881,UniRef90_A0A0P0M153,672,0.0075273398078,8,0.8948069241011984,1.0023088958455393e-05
ThomasAM_2019_c,4882,UniRef90_A6L0X5,672,0.0075204076933,8,0.8948069241011984,1.001385844647137e-05
ThomasAM_2019_c,4883,UniRef90_A0A174P1Q8,672,0.007454615814,8,0.8948069241011984,9.926252748335552e-06
ThomasAM_2019_c,4884,UniRef90_R6M7Y6,672,0.007432482887,8,0.8948069241011984,9.896781474034621e-06
ThomasAM_2019_c,4885,UniRef90_A0A0K2HHQ5,672,0.0074002892562,8,0.8948069241011984,9.85391378988016e-06
ThomasAM_2019_c,4886,UniRef90_A6L1U8,672,0.007385879721999999,8,0.8948069241011984,9.83472666045273e-06
ThomasAM_2019_c,4887,UniRef90_A0A0N7J790,672,0.0073821738607999995,8,0.8948069241011984,9.829792091611184e-06
ThomasAM_2019_c,4888,UniRef90_I9FPK5,672,0.0073761736754999994,8,0.8948069241011984,9.821802497336884e-06
ThomasAM_2019_c,4889,UniRef90_A0A0K2HGU4,672,0.0073313047,8,0.8948069241011984,9.762056857523302e-06
ThomasAM_2019_c,4890,UniRef90_A6L0S5,672,0.007322525204,8,0.8948069241011984,9.750366450066578e-06
ThomasAM_2019_c,4891,UniRef90_A6KXW6,672,0.0073076757236,8,0.8948069241011984,9.730593506790945e-06
ThomasAM_2019_c,4892,UniRef90_D1K0E5,672,0.007307240419,8,0.8948069241011984,9.730013873501997e-06
ThomasAM_2019_c,4893,UniRef90_A0A076IY21,672,0.0073026980962,8,0.8948069241011984,9.72396550758988e-06
ThomasAM_2019_c,4894,UniRef90_A0A139LFQ4,672,0.0072980534359,8,0.8948069241011984,9.71778087336884e-06
ThomasAM_2019_c,4895,UniRef90_A0A076INK3,672,0.0072890813076,8,0.8948069241011984,9.705833964846871e-06
ThomasAM_2019_c,4896,UniRef90_D4V8H5,672,0.0072756950849,8,0.8948069241011984,9.688009433954727e-06
ThomasAM_2019_c,4897,UniRef90_D1K2M7,672,0.007257924535,8,0.8948069241011984,9.664346917443409e-06
ThomasAM_2019_c,4898,UniRef90_A0A076IPH3,672,0.007246509729,8,0.8948069241011984,9.649147442077231e-06
ThomasAM_2019_c,4899,UniRef90_A0A0P0M190,672,0.0071831519004,8,0.8948069241011984,9.564782823435418e-06
ThomasAM_2019_c,4900,UniRef90_A6KXF7,672,0.0071468219575,8,0.8948069241011984,9.516407400133155e-06
ThomasAM_2019_c,4901,UniRef90_A0A139KEU4,672,0.0071436766771,8,0.8948069241011984,9.512219277097203e-06
ThomasAM_2019_c,4902,UniRef90_D1KA78,672,0.00713957012,8,0.8948069241011984,9.506751158455393e-06
ThomasAM_2019_c,4903,UniRef90_A0A139K8I3,672,0.0071358695348,8,0.8948069241011984,9.501823614913449e-06
ThomasAM_2019_c,4904,UniRef90_B5CXI4,672,0.0070636979679000005,8,0.8948069241011984,9.405722993209056e-06
ThomasAM_2019_c,4905,UniRef90_A0A0P0LNZ1,672,0.006999702565,8,0.8948069241011984,9.320509407456723e-06
ThomasAM_2019_c,4906,UniRef90_D4VEE0,672,0.0069949631823,8,0.8948069241011984,9.314198644873502e-06
ThomasAM_2019_c,4907,UniRef90_A0A0M1W7E9,672,0.00698720501,8,0.8948069241011984,9.303868189081225e-06
ThomasAM_2019_c,4908,UniRef90_D4LPV0,672,0.0069831855256,8,0.8948069241011984,9.298516012782957e-06
ThomasAM_2019_c,4909,UniRef90_A0A076J0B4,672,0.0069547626749,8,0.8948069241011984,9.260669340745672e-06
ThomasAM_2019_c,4910,UniRef90_C0FVX4,672,0.006922182355899999,8,0.8948069241011984,9.21728675885486e-06
ThomasAM_2019_c,4911,UniRef90_A0A076IVW9,672,0.0069058930921,8,0.8948069241011984,9.195596660585886e-06
ThomasAM_2019_c,4912,UniRef90_A0A1Y4PCJ7,672,0.0068967007234,8,0.8948069241011984,9.18335648921438e-06
ThomasAM_2019_c,4913,UniRef90_A0A076IV16,672,0.0068792241139,8,0.8948069241011984,9.160085371371505e-06
ThomasAM_2019_c,4914,UniRef90_A0A174I7X5,672,0.006872334482,8,0.8948069241011984,9.150911427430094e-06
ThomasAM_2019_c,4915,UniRef90_A6KXG4,672,0.0068623602232,8,0.8948069241011984,9.137630124101198e-06
ThomasAM_2019_c,4916,UniRef90_A0A076J4I6,672,0.0068431641455,8,0.8948069241011984,9.112069434753662e-06
ThomasAM_2019_c,4917,UniRef90_A0A076IZ32,672,0.0068324508021,8,0.8948069241011984,9.09780399747004e-06
ThomasAM_2019_c,4918,UniRef90_A0A174H4Q0,672,0.0067953674209,8,0.8948069241011984,9.048425327430093e-06
ThomasAM_2019_c,4919,UniRef90_A0A0K2HE60,672,0.006786510149,8,0.8948069241011984,9.036631356857522e-06
ThomasAM_2019_c,4920,UniRef90_K9EA01,672,0.0067716535693,8,0.8948069241011984,9.01684896045273e-06
ThomasAM_2019_c,4921,UniRef90_A0A076J4S2,672,0.0067688111992,8,0.8948069241011984,9.013064180026631e-06
ThomasAM_2019_c,4922,UniRef90_R6AJF3,672,0.0067646656368,8,0.8948069241011984,9.007544123568575e-06
ThomasAM_2019_c,4923,UniRef90_C6Z7F9,672,0.0067596641178,8,0.8948069241011984,9.000884311318242e-06
ThomasAM_2019_c,4924,UniRef90_U2DJP5,672,0.0067399076476,8,0.8948069241011984,8.974577426897471e-06
ThomasAM_2019_c,4925,UniRef90_A0A076IZ89,672,0.0067198800742,8,0.8948069241011984,8.947909552862849e-06
ThomasAM_2019_c,4926,UniRef90_A0A076J6I8,672,0.0067120323377999995,8,0.8948069241011984,8.937459837283622e-06
ThomasAM_2019_c,4927,UniRef90_A0A174S8S6,672,0.00671140986,8,0.8948069241011984,8.936630972037284e-06
ThomasAM_2019_c,4928,UniRef90_A0A1Y3ZFT3,672,0.006706459368399999,8,0.8948069241011984,8.930039105725698e-06
ThomasAM_2019_c,4929,UniRef90_A0A0N7J7E1,672,0.0066942025491,8,0.8948069241011984,8.913718440878828e-06
ThomasAM_2019_c,4930,UniRef90_A0A076J654,672,0.006675736285,8,0.8948069241011984,8.889129540612516e-06
ThomasAM_2019_c,4931,UniRef90_A0A1Y3ZJC6,672,0.0066744985657,8,0.8948069241011984,8.887481445672437e-06
ThomasAM_2019_c,4932,UniRef90_H1B749,672,0.0066718942581,8,0.8948069241011984,8.884013659254327e-06
ThomasAM_2019_c,4933,UniRef90_A0A076IQ72,672,0.006667730601,8,0.8948069241011984,8.878469508655126e-06
ThomasAM_2019_c,4934,UniRef90_F3PQG5,672,0.0066427219484,8,0.8948069241011984,8.845169039147803e-06
ThomasAM_2019_c,4935,UniRef90_A0A0P0M4K2,672,0.0066413547858,8,0.8948069241011984,8.843348582956059e-06
ThomasAM_2019_c,4936,UniRef90_F0TH24,672,0.006628505939200001,8,0.8948069241011984,8.826239599467377e-06
ThomasAM_2019_c,4937,UniRef90_B6W235,672,0.0066162688869,8,0.8948069241011984,8.809945255525966e-06
ThomasAM_2019_c,4938,UniRef90_A0A076ISS3,672,0.0065977688141,8,0.8948069241011984,8.78531133701731e-06
ThomasAM_2019_c,4939,UniRef90_A0A076IQQ9,672,0.006594079035,8,0.8948069241011984,8.780398182423435e-06
ThomasAM_2019_c,4940,UniRef90_A6KWQ7,672,0.0065658144835,8,0.8948069241011984,8.74276229494008e-06
ThomasAM_2019_c,4941,UniRef90_A0A076IZR6,672,0.0065386579278,8,0.8948069241011984,8.70660176804261e-06
ThomasAM_2019_c,4942,UniRef90_A0A076II75,672,0.006532289604,8,0.8948069241011984,8.698121976031958e-06
ThomasAM_2019_c,4943,UniRef90_A0A076IUN9,672,0.006531411454,8,0.8948069241011984,8.696952668442076e-06
ThomasAM_2019_c,4944,UniRef90_A0A076J710,672,0.0065226564003999996,8,0.8948069241011984,8.685294807456724e-06
ThomasAM_2019_c,4945,UniRef90_A0A0P0L8B7,672,0.0065116806358,8,0.8948069241011984,8.67067994114514e-06
ThomasAM_2019_c,4946,UniRef90_A0A076IV82,672,0.0064893802742,8,0.8948069241011984,8.640985717976032e-06
ThomasAM_2019_c,4947,UniRef90_A0A076J1V1,672,0.006486026293,8,0.8948069241011984,8.636519697736351e-06
ThomasAM_2019_c,4948,UniRef90_D1K216,672,0.006485762263,8,0.8948069241011984,8.636168126498002e-06
ThomasAM_2019_c,4949,UniRef90_A0A076IWJ5,672,0.0064857232625,8,0.8948069241011984,8.636116195073235e-06
ThomasAM_2019_c,4950,UniRef90_A0A076J593,672,0.006484747442,8,0.8948069241011984,8.63481683355526e-06
ThomasAM_2019_c,4951,UniRef90_A6L6X5,672,0.0064745480147,8,0.8948069241011984,8.621235705326231e-06
ThomasAM_2019_c,4952,UniRef90_A0A0K2HJ37,672,0.006472479759,8,0.8948069241011984,8.618481703062583e-06
ThomasAM_2019_c,4953,UniRef90_A0A174X9E8,672,0.0064411120309,8,0.8948069241011984,8.576713756191744e-06
ThomasAM_2019_c,4954,UniRef90_A0A1H7GCU0,672,0.0064290075114,8,0.8948069241011984,8.5605958873502e-06
ThomasAM_2019_c,4955,UniRef90_B0NUR5,672,0.0064088361885,8,0.8948069241011984,8.53373660252996e-06
ThomasAM_2019_c,4956,UniRef90_A0A076IN50,672,0.0063972804638,8,0.8948069241011984,8.51834948575233e-06
ThomasAM_2019_c,4957,UniRef90_D4V960,672,0.006389961921,8,0.8948069241011984,8.508604422103861e-06
ThomasAM_2019_c,4958,UniRef90_A0A076IW76,672,0.0063813970662,8,0.8948069241011984,8.49719982183755e-06
ThomasAM_2019_c,4959,UniRef90_A0A076IXB5,672,0.0063753407847999995,8,0.8948069241011984,8.489135532356857e-06
ThomasAM_2019_c,4960,UniRef90_A0A0M1VXT7,672,0.006364191202,8,0.8948069241011984,8.474289217043942e-06
ThomasAM_2019_c,4961,UniRef90_A0A1E3AZP4,672,0.0062529476609999995,8,0.8948069241011984,8.326161998668442e-06
ThomasAM_2019_c,4962,UniRef90_A0A076IPR0,672,0.0062444022203,8,0.8948069241011984,8.314783249400798e-06
ThomasAM_2019_c,4963,UniRef90_B6VSZ1,672,0.0062431907148,8,0.8948069241011984,8.313170059653794e-06
ThomasAM_2019_c,4964,UniRef90_A0A076IRX3,672,0.0062220433751999996,8,0.8948069241011984,8.285011152063915e-06
ThomasAM_2019_c,4965,UniRef90_A0A076IWS9,672,0.006219681966,8,0.8948069241011984,8.281866798934754e-06
ThomasAM_2019_c,4966,UniRef90_A0A396EWW7,672,0.0062170267879,8,0.8948069241011984,8.278331275499334e-06
ThomasAM_2019_c,4967,UniRef90_A0A0P0M667,672,0.006209315006,8,0.8948069241011984,8.268062591211718e-06
ThomasAM_2019_c,4968,UniRef90_A0A0P0M332,672,0.0062063853642,8,0.8948069241011984,8.26416160346205e-06
ThomasAM_2019_c,4969,UniRef90_A6L7P7,672,0.0062060211945,8,0.8948069241011984,8.263676690412784e-06
ThomasAM_2019_c,4970,UniRef90_A0A076J7U9,672,0.0061951569186,8,0.8948069241011984,8.249210277762982e-06
ThomasAM_2019_c,4971,UniRef90_A6KWK5,672,0.0061937164125000005,8,0.8948069241011984,8.24729216045273e-06
ThomasAM_2019_c,4972,UniRef90_A0A0K2HJQ5,672,0.006183403469,8,0.8948069241011984,8.23355987882823e-06
ThomasAM_2019_c,4973,UniRef90_A0A0K2HMH3,672,0.006161401194,8,0.8948069241011984,8.204262575233022e-06
ThomasAM_2019_c,4974,UniRef90_C6Z9G6,672,0.0061495426844,8,0.8948069241011984,8.188472282822903e-06
ThomasAM_2019_c,4975,UniRef90_A0A076IQ37,672,0.0061454599248,8,0.8948069241011984,8.18303585193076e-06
ThomasAM_2019_c,4976,UniRef90_D4V6R4,672,0.0061424904162,8,0.8948069241011984,8.179081779227696e-06
ThomasAM_2019_c,4977,UniRef90_A0A139KHM5,672,0.0061358738042,8,0.8948069241011984,8.170271377097204e-06
ThomasAM_2019_c,4978,UniRef90_A0A076IQW0,672,0.006130639672,8,0.8948069241011984,8.16330182689747e-06
ThomasAM_2019_c,4979,UniRef90_A0A076IK37,672,0.006127169621,8,0.8948069241011984,8.158681252996005e-06
ThomasAM_2019_c,4980,UniRef90_A0A076IKK6,672,0.006125668805,8,0.8948069241011984,8.156682829560586e-06
ThomasAM_2019_c,4981,UniRef90_A0A174RMW0,672,0.0061211673655,8,0.8948069241011984,8.150688902130493e-06
ThomasAM_2019_c,4982,UniRef90_I8W803,672,0.0061196999568999995,8,0.8948069241011984,8.148734962583222e-06
ThomasAM_2019_c,4983,UniRef90_E5UQ06,672,0.0060964712707,8,0.8948069241011984,8.117804621438083e-06
ThomasAM_2019_c,4984,UniRef90_A0A396A9Y6,672,0.006076309333,8,0.8948069241011984,8.09095783355526e-06
ThomasAM_2019_c,4985,UniRef90_A0A0K2HHM4,672,0.0060628539377,8,0.8948069241011984,8.073041195339548e-06
ThomasAM_2019_c,4986,UniRef90_A0A076J986,672,0.0060583564933,8,0.8948069241011984,8.067052587616512e-06
ThomasAM_2019_c,4987,UniRef90_A6L5L6,672,0.006054390615,8,0.8948069241011984,8.061771790945407e-06
ThomasAM_2019_c,4988,UniRef90_A0A076ISC0,672,0.006026804649,8,0.8948069241011984,8.025039479360851e-06
ThomasAM_2019_c,4989,UniRef90_A0A076IQD9,672,0.0060183347661,8,0.8948069241011984,8.013761339680425e-06
ThomasAM_2019_c,4990,UniRef90_A0A396B9B1,672,0.0060144522433,8,0.8948069241011984,8.008591535685752e-06
ThomasAM_2019_c,4991,UniRef90_B6W4P0,672,0.0060135095412,8,0.8948069241011984,8.007336273235685e-06
ThomasAM_2019_c,4992,UniRef90_E2ZMN9,672,0.0060011236928,8,0.8948069241011984,7.990843798668442e-06
ThomasAM_2019_c,4993,UniRef90_A0A3F3JYL0,672,0.0059865926469999005,8,0.8948069241011984,7.971494869507191e-06
ThomasAM_2019_c,4994,UniRef90_A0A0P0L8U5,672,0.0059747675772,8,0.8948069241011984,7.95574910412783e-06
ThomasAM_2019_c,4995,UniRef90_A0A076IXS5,672,0.0059679800633,8,0.8948069241011984,7.946711136218376e-06
ThomasAM_2019_c,4996,UniRef90_A0A396EWP3,672,0.0059641815307,8,0.8948069241011984,7.941653170039947e-06
ThomasAM_2019_c,4997,UniRef90_A0A0P0LIG2,672,0.005962615046,8,0.8948069241011984,7.939567304926764e-06
ThomasAM_2019_c,4998,UniRef90_D1K1Z1,672,0.0059559880158,8,0.8948069241011984,7.93074303035952e-06
ThomasAM_2019_c,4999,UniRef90_A0A076J4I9,672,0.0059258806804,8,0.8948069241011984,7.890653369374167e-06
ThomasAM_2019_c,5000,UniRef90_A0A076J865,672,0.0059154880558,8,0.8948069241011984,7.876814987749667e-06
