held_out_cohort,rank,gene_id,n_nonzero,total_abundance,n_cohorts,prevalence,mean_abundance
VogtmannE_2016,1,UniRef90_A7B5X2,1234,0.51073941501,9,0.9991902834008097,0.00041355418219433195
VogtmannE_2016,2,UniRef90_A5KRL1,1233,0.202097884671,9,0.9983805668016195,0.00016364201187935224
VogtmannE_2016,3,UniRef90_A8S6F0,1233,0.169129286771,9,0.9983805668016195,0.0001369467909076923
VogtmannE_2016,4,UniRef90_A5ZTV7,1233,0.15141685148700001,9,0.9983805668016195,0.00012260473804615385
VogtmannE_2016,5,UniRef90_A0A329UIW4,1233,0.084739633132,9,0.9983805668016195,6.86150875562753e-05
VogtmannE_2016,6,UniRef90_G2T0F8,1233,0.060441040904,9,0.9983805668016195,4.894011409230769e-05
VogtmannE_2016,7,UniRef90_O52836,1233,0.035704298661100003,9,0.9983805668016195,2.8910363288340084e-05
VogtmannE_2016,8,UniRef90_A7B5X1,1232,0.328208235825,9,0.9975708502024292,0.00026575565653846157
VogtmannE_2016,9,UniRef90_A5Z319,1232,0.23073733629800003,9,0.9975708502024292,0.0001868318512534413
VogtmannE_2016,10,UniRef90_A5Z511,1232,0.163703096952,9,0.9975708502024292,0.0001325531149408907
VogtmannE_2016,11,UniRef90_A0A3E5E271,1232,0.1034486663536,9,0.9975708502024292,8.376410231060729e-05
VogtmannE_2016,12,UniRef90_A0A1E3U755,1232,0.099788603282,9,0.9975708502024292,8.08004884874494e-05
VogtmannE_2016,13,UniRef90_E9RZN0,1232,0.09441142526299999,9,0.9975708502024292,7.644649818866395e-05
VogtmannE_2016,14,UniRef90_B0PBV1,1232,0.09025992990699999,9,0.9975708502024292,7.308496348744939e-05
VogtmannE_2016,15,UniRef90_A0A1C5SJL7,1232,0.055602868244,9,0.9975708502024292,4.502256537975709e-05
VogtmannE_2016,16,UniRef90_R9J210,1232,0.046394511081,9,0.9975708502024292,3.7566405733603235e-05
VogtmannE_2016,17,UniRef90_A5KR94,1231,0.080927480673,9,0.9967611336032388,6.552832443157895e-05
VogtmannE_2016,18,UniRef90_A0A2A7BHE3,1231,0.0410253167363,9,0.9967611336032388,3.3218879948421054e-05
VogtmannE_2016,19,UniRef90_A0A2G5ZAL1,1231,0.03061080938,9,0.9967611336032388,2.4786080469635627e-05
VogtmannE_2016,20,UniRef90_P10952,1231,0.030125375849,9,0.9967611336032388,2.439301688178138e-05
VogtmannE_2016,21,UniRef90_A0A373N964,1231,0.0265529818689,9,0.9967611336032388,2.1500390177246965e-05
VogtmannE_2016,22,UniRef90_D1KAJ3,1230,0.126707192578,9,0.9959514170040485,0.00010259691706720648
VogtmannE_2016,23,UniRef90_A7B8Q0,1230,0.10159591519899999,9,0.9959514170040485,8.226389894655869e-05
VogtmannE_2016,24,UniRef90_A0A174CTY8,1230,0.05029651558,9,0.9959514170040485,4.07259235465587e-05
VogtmannE_2016,25,UniRef90_G8FXM5,1230,0.038367736151000004,9,0.9959514170040485,3.1066992834817815e-05
VogtmannE_2016,26,UniRef90_A0A176U927,1229,0.0863701839034,9,0.9951417004048583,6.99353715817004e-05
VogtmannE_2016,27,UniRef90_A0A396GB52,1229,0.053688716848,9,0.9951417004048583,4.347264522105263e-05
VogtmannE_2016,28,UniRef90_A0A136WGM7,1229,0.048052288049000004,9,0.9951417004048583,3.890873526234818e-05
VogtmannE_2016,29,UniRef90_B0P4F9,1229,0.04626920785,9,0.9951417004048583,3.746494562753037e-05
VogtmannE_2016,30,UniRef90_A0A0S2W775,1229,0.038701335894,9,0.9951417004048583,3.1337114084210525e-05
VogtmannE_2016,31,UniRef90_A0A0P6IRT9,1229,0.038063479933,9,0.9951417004048583,3.0820631524696354e-05
VogtmannE_2016,32,UniRef90_B6FSS6,1229,0.034245626878,9,0.9951417004048583,2.7729252532793523e-05
VogtmannE_2016,33,UniRef90_A0A176U5Z8,1229,0.0299836341693,9,0.9951417004048583,2.4278246290931175e-05
VogtmannE_2016,34,UniRef90_C0BDI2,1228,0.106378928097,9,0.994331983805668,8.613678388421053e-05
VogtmannE_2016,35,UniRef90_G9RSQ0,1228,0.048980881613,9,0.994331983805668,3.9660632885020246e-05
VogtmannE_2016,36,UniRef90_D4C6N2,1228,0.032983268594,9,0.994331983805668,2.6707100076113358e-05
VogtmannE_2016,37,UniRef90_T4C374,1228,0.0279189854576,9,0.994331983805668,2.260646595757085e-05
VogtmannE_2016,38,UniRef90_A8RDX0,1228,0.023907830267,9,0.994331983805668,1.9358567017813765e-05
VogtmannE_2016,39,UniRef90_A0A2I7ZEY3,1228,0.019757425679,9,0.994331983805668,1.5997915529554657e-05
VogtmannE_2016,40,UniRef90_A0A116NS82,1228,0.018701453870999998,9,0.994331983805668,1.514287762834008e-05
VogtmannE_2016,41,UniRef90_A0A0J8Z0N3,1228,0.016177516521,9,0.994331983805668,1.3099203660728745e-05
VogtmannE_2016,42,UniRef90_A0A173XT59,1227,0.35086721840289997,9,0.9935222672064777,0.0002841030108525506
VogtmannE_2016,43,UniRef90_B0GAB5,1227,0.062192402399,9,0.9935222672064777,5.0358220565991904e-05
VogtmannE_2016,44,UniRef90_A7AZN6,1227,0.052166741938,9,0.9935222672064777,4.2240276872874497e-05
VogtmannE_2016,45,UniRef90_A0A1E3AIV3,1227,0.045598727482,9,0.9935222672064777,3.6922046544129556e-05
VogtmannE_2016,46,UniRef90_A0A174VDA7,1227,0.039425888494,9,0.9935222672064777,3.1923796351417005e-05
VogtmannE_2016,47,UniRef90_A0A174C1Q1,1227,0.036945591016,9,0.9935222672064777,2.9915458312550608e-05
VogtmannE_2016,48,UniRef90_C7H3I9,1227,0.035090782456,9,0.9935222672064777,2.8413589033198384e-05
VogtmannE_2016,49,UniRef90_A0A096B5B1,1227,0.032543009526,9,0.9935222672064777,2.6350615000809715e-05
VogtmannE_2016,50,UniRef90_D4L0W7,1227,0.0270509780397,9,0.9935222672064777,2.1903625943076922e-05
VogtmannE_2016,51,UniRef90_D4JTZ5,1227,0.02604321193,9,0.9935222672064777,2.1087620995951418e-05
VogtmannE_2016,52,UniRef90_UPI0003B4B9B1,1227,0.022552268339699998,9,0.9935222672064777,1.8260946024048582e-05
VogtmannE_2016,53,UniRef90_A7AJP8,1226,0.8222187835221,9,0.9927125506072875,0.0006657641971838866
VogtmannE_2016,54,UniRef90_A7UXY6,1226,0.4096342905114,9,0.9927125506072875,0.00033168768462461535
VogtmannE_2016,55,UniRef90_G2T5K3,1226,0.0713510575659999,9,0.9927125506072875,5.777413568097158e-05
VogtmannE_2016,56,UniRef90_A7VD49,1226,0.043484537946,9,0.9927125506072875,3.521015218299595e-05
VogtmannE_2016,57,UniRef90_A0A1V5J5Q1,1226,0.017597066437,9,0.9927125506072875,1.4248636791093117e-05
VogtmannE_2016,58,UniRef90_A6P024,1226,0.0166746454106,9,0.9927125506072875,1.35017371745749e-05
VogtmannE_2016,59,UniRef90_A0A3E4HP53,1225,0.39858401217809997,9,0.9919028340080972,0.0003227400908324696
VogtmannE_2016,60,UniRef90_E2SRB6,1225,0.09293792719980001,9,0.9919028340080972,7.525338234801621e-05
VogtmannE_2016,61,UniRef90_D4LY41,1225,0.062542026318,9,0.9919028340080972,5.064131685668016e-05
VogtmannE_2016,62,UniRef90_A0A173YTU2,1225,0.0386976644901,9,0.9919028340080972,3.133414128753036e-05
VogtmannE_2016,63,UniRef90_B0N9J6,1225,0.036109568978,9,0.9919028340080972,2.9238517391093117e-05
VogtmannE_2016,64,UniRef90_A7AZM6,1225,0.02967718657,9,0.9919028340080972,2.403011058299595e-05
VogtmannE_2016,65,UniRef90_A0A134CL89,1225,0.0239800117265,9,0.9919028340080972,1.94170135437247e-05
VogtmannE_2016,66,UniRef90_A7V4G2,1224,2.189647582108,9,0.9910931174089069,0.0017729939936097165
VogtmannE_2016,67,UniRef90_A5KRI2,1224,0.124000294926,9,0.9910931174089069,0.00010040509710607287
VogtmannE_2016,68,UniRef90_A0A396A9Y4,1224,0.076510025468,9,0.9910931174089069,6.195143762591092e-05
VogtmannE_2016,69,UniRef90_C4Z731,1224,0.067983747038,9,0.9910931174089069,5.5047568451821866e-05
VogtmannE_2016,70,UniRef90_A0A174EV71,1224,0.065467558435,9,0.9910931174089069,5.301016877327936e-05
VogtmannE_2016,71,UniRef90_A6KYH2,1224,0.0614439275874,9,0.9910931174089069,4.9752168086963565e-05
VogtmannE_2016,72,UniRef90_A0A395V457,1224,0.011204428198,9,0.9910931174089069,9.072411496356276e-06
VogtmannE_2016,73,UniRef90_J7TUV6,1223,0.21103506555520002,9,0.9902834008097166,0.00017087859559125507
VogtmannE_2016,74,UniRef90_A5Z498,1223,0.0916122761851,9,0.9902834008097166,7.417998071668016e-05
VogtmannE_2016,75,UniRef90_A6LEG9,1223,0.0808791779359,9,0.9902834008097166,6.548921290356276e-05
VogtmannE_2016,76,UniRef90_Q08425,1223,0.0717184127564,9,0.9902834008097166,5.8071589276437244e-05
VogtmannE_2016,77,UniRef90_A6KYJ9,1223,0.0682236091236,9,0.9902834008097166,5.524178876404858e-05
VogtmannE_2016,78,UniRef90_A8ST13,1223,0.0611507137184,9,0.9902834008097166,4.951474795012146e-05
VogtmannE_2016,79,UniRef90_A0A3E5GAA7,1223,0.052177980602000004,9,0.9902834008097166,4.224937700566802e-05
VogtmannE_2016,80,UniRef90_A9KJG8,1223,0.04774014746,9,0.9902834008097166,3.865598984615385e-05
VogtmannE_2016,81,UniRef90_A0A173VH24,1223,0.047044156572,9,0.9902834008097166,3.809243447125506e-05
VogtmannE_2016,82,UniRef90_A6P028,1223,0.0389593604049,9,0.9902834008097166,3.154604081368421e-05
VogtmannE_2016,83,UniRef90_D4KTF5,1223,0.038715715437,9,0.9902834008097166,3.13487574388664e-05
VogtmannE_2016,84,UniRef90_A0A3E4VBF9,1223,0.034373547589,9,0.9902834008097166,2.7832832055870445e-05
VogtmannE_2016,85,UniRef90_A0A2X2VRZ5,1223,0.031891058231,9,0.9902834008097166,2.5822719215384613e-05
VogtmannE_2016,86,UniRef90_E5VKQ7,1223,0.027356640008,9,0.9902834008097166,2.2151125512550608e-05
VogtmannE_2016,87,UniRef90_A0A174E4H8,1223,0.024554495429,9,0.9902834008097166,1.988218253360324e-05
VogtmannE_2016,88,UniRef90_A0A068NYL3,1223,0.02393140302271,9,0.9902834008097166,1.937765426940081e-05
VogtmannE_2016,89,UniRef90_A0A0E1X896,1222,0.4431077334906,9,0.9894736842105263,0.0003587916870369231
VogtmannE_2016,90,UniRef90_B5CLP5,1222,0.1242429582665,9,0.9894736842105263,0.00010060158564089069
VogtmannE_2016,91,UniRef90_Q8A499,1222,0.0643508677653,9,0.9894736842105263,5.2105965801862344e-05
VogtmannE_2016,92,UniRef90_R9LJ58,1222,0.049683303745000004,9,0.9894736842105263,4.022939574493928e-05
VogtmannE_2016,93,UniRef90_F7KIU0,1222,0.039335786943,9,0.9894736842105263,3.1850839629959514e-05
VogtmannE_2016,94,UniRef90_A0A2D1TZK6,1222,0.030762702334,9,0.9894736842105263,2.4909070715789474e-05
VogtmannE_2016,95,UniRef90_D3AQS6,1222,0.0282214111431,9,0.9894736842105263,2.2851345055141698e-05
VogtmannE_2016,96,UniRef90_A0A3A6I5M8,1222,0.0114804294321,9,0.9894736842105263,9.295894277004049e-06
VogtmannE_2016,97,UniRef90_A0A0C1R4M8,1222,0.0067448433207,9,0.9894736842105263,5.461411595708502e-06
VogtmannE_2016,98,UniRef90_A0A174I2V0,1221,0.4055568438724,9,0.988663967611336,0.00032838610839870446
VogtmannE_2016,99,UniRef90_A5ZYU0,1221,0.3589046373381,9,0.988663967611336,0.0002906110423790284
VogtmannE_2016,100,UniRef90_A8S630,1221,0.0941752279461,9,0.988663967611336,7.625524530048584e-05
VogtmannE_2016,101,UniRef90_A0A174TQZ1,1221,0.065559082504,9,0.988663967611336,5.3084277331174087e-05
VogtmannE_2016,102,UniRef90_R6MNH0,1221,0.062685898629,9,0.988663967611336,5.0757812655060726e-05
VogtmannE_2016,103,UniRef90_B0PDG5,1221,0.049345069248,9,0.988663967611336,3.99555216582996e-05
VogtmannE_2016,104,UniRef90_A0A0E9FSE3,1221,0.039090506331,9,0.988663967611336,3.1652231846963565e-05
VogtmannE_2016,105,UniRef90_R0CK04,1221,0.0379251759985,9,0.988663967611336,3.0708644533198383e-05
VogtmannE_2016,106,UniRef90_D4L1Y8,1221,0.037620251054,9,0.988663967611336,3.0461741744129553e-05
VogtmannE_2016,107,UniRef90_A0A346FUW7,1221,0.024363853171999898,9,0.988663967611336,1.9727816333603155e-05
VogtmannE_2016,108,UniRef90_R9KPA6,1221,0.01109575135,9,0.988663967611336,8.984414048582996e-06
VogtmannE_2016,109,UniRef90_A0A3E4TAH0,1220,0.051680130041,9,0.9878542510121457,4.184625914251012e-05
VogtmannE_2016,110,UniRef90_B5CNA7,1220,0.049609744866,9,0.9878542510121457,4.016983389959514e-05
VogtmannE_2016,111,UniRef90_A6BD33,1220,0.049149784991,9,0.9878542510121457,3.979739675384615e-05
VogtmannE_2016,112,UniRef90_C4Z2U0,1220,0.044819714205,9,0.9878542510121457,3.629126656275303e-05
VogtmannE_2016,113,UniRef90_A0A173X6V6,1220,0.044267311651,9,0.9878542510121457,3.584397704534413e-05
VogtmannE_2016,114,UniRef90_D4LWI4,1220,0.037563862594,9,0.9878542510121457,3.0416083072064776e-05
VogtmannE_2016,115,UniRef90_A6NW75,1220,0.0336886094204,9,0.9878542510121457,2.7278226251336035e-05
VogtmannE_2016,116,UniRef90_R0BXG6,1220,0.026470473406,9,0.9878542510121457,2.1433581705263158e-05
VogtmannE_2016,117,UniRef90_A0A396GFV9,1220,0.0178349976992,9,0.9878542510121457,1.4441293683562754e-05
VogtmannE_2016,118,UniRef90_D4CI29,1220,0.017572151294,9,0.9878542510121457,1.4228462586234817e-05
VogtmannE_2016,119,UniRef90_D0TK99,1219,0.39946718150999994,9,0.9870445344129555,0.0003234552077004048
VogtmannE_2016,120,UniRef90_A0A174NV69,1219,0.216092759007,9,0.9870445344129555,0.00017497389393279352
VogtmannE_2016,121,UniRef90_A7B6K6,1219,0.092743928886,9,0.9870445344129555,7.509629869311741e-05
VogtmannE_2016,122,UniRef90_D4L1Z3,1219,0.046553264961,9,0.9870445344129555,3.76949513854251e-05
VogtmannE_2016,123,UniRef90_A0A136WGK3,1219,0.0379967056245,9,0.9870445344129555,3.076656325870445e-05
VogtmannE_2016,124,UniRef90_A0A174GBZ5,1219,0.034369781231,9,0.9870445344129555,2.7829782373279353e-05
VogtmannE_2016,125,UniRef90_A0A3E4V6K6,1219,0.033341306515,9,0.9870445344129555,2.6997009323886643e-05
VogtmannE_2016,126,UniRef90_A0A1Y3RCS7,1219,0.0296268830878,9,0.9870445344129555,2.3989379018461537e-05
VogtmannE_2016,127,UniRef90_A0A0S2W8L4,1219,0.0280584634275,9,0.9870445344129555,2.2719403585020242e-05
VogtmannE_2016,128,UniRef90_U5F4Y0,1219,0.0270545360969,9,0.9870445344129555,2.190650696105263e-05
VogtmannE_2016,129,UniRef90_F7KHD1,1219,0.025923954621099997,9,0.9870445344129555,2.099105637336032e-05
VogtmannE_2016,130,UniRef90_A0A173QWR1,1219,0.022694459935,9,0.9870445344129555,1.8376080919028343e-05
VogtmannE_2016,131,UniRef90_A0A173YA79,1219,0.0202422151046,9,0.9870445344129555,1.6390457574574897e-05
VogtmannE_2016,132,UniRef90_H1B4Y0,1219,0.0194308147179999,9,0.9870445344129555,1.5733453212955385e-05
VogtmannE_2016,133,UniRef90_A0A1Y4M362,1218,0.0943078182543,9,0.9862348178137652,7.636260587392713e-05
VogtmannE_2016,134,UniRef90_E6SR85,1218,0.0827949595549,9,0.9862348178137652,6.704045308089069e-05
VogtmannE_2016,135,UniRef90_E1YSQ9,1218,0.0684487796645,9,0.9862348178137652,5.5424113088663966e-05
VogtmannE_2016,136,UniRef90_A9KRZ1,1218,0.047724214204,9,0.9862348178137652,3.86430884242915e-05
VogtmannE_2016,137,UniRef90_E1KN21,1218,0.0409369872895,9,0.9862348178137652,3.3147358129149796e-05
VogtmannE_2016,138,UniRef90_A0A174Z1D1,1218,0.038839168082999996,9,0.9862348178137652,3.144871909554656e-05
VogtmannE_2016,139,UniRef90_S0F6D4,1218,0.0384769449896,9,0.9862348178137652,3.1155421044210526e-05
VogtmannE_2016,140,UniRef90_A8R8S8,1218,0.0297475840905,9,0.9862348178137652,2.408711262388664e-05
VogtmannE_2016,141,UniRef90_D4K6T2,1218,0.0288623155914,9,0.9862348178137652,2.33702960254251e-05
VogtmannE_2016,142,UniRef90_U2R7I4,1218,0.025192750879,9,0.9862348178137652,2.0398988565991904e-05
VogtmannE_2016,143,UniRef90_C0CLV9,1218,0.021233230876999902,9,0.9862348178137652,1.7192899495546478e-05
VogtmannE_2016,144,UniRef90_F5RQN3,1218,0.0145335874315,9,0.9862348178137652,1.1768086989068826e-05
VogtmannE_2016,145,UniRef90_B0G8N9,1217,0.079853666276,9,0.9854251012145749,6.465883908987854e-05
VogtmannE_2016,146,UniRef90_E4VR83,1217,0.053340619285,9,0.9854251012145749,4.3190784846153845e-05
VogtmannE_2016,147,UniRef90_Q8AAN9,1217,0.052372568299,9,0.9854251012145749,4.240693789392713e-05
VogtmannE_2016,148,UniRef90_A0A133PU47,1217,0.0471797093005,9,0.9854251012145749,3.820219376558704e-05
VogtmannE_2016,149,UniRef90_C3R2Z0,1217,0.0436392887301,9,0.9854251012145749,3.533545646161943e-05
VogtmannE_2016,150,UniRef90_Q9AE24,1217,0.043328430618,9,0.9854251012145749,3.508374948825911e-05
VogtmannE_2016,151,UniRef90_A7VRM9,1217,0.037503549859,9,0.9854251012145749,3.0367246849392712e-05
VogtmannE_2016,152,UniRef90_C0FQ15,1217,0.0337329276641,9,0.9854251012145749,2.7314111468906882e-05
VogtmannE_2016,153,UniRef90_D4KYI8,1217,0.033625558912,9,0.9854251012145749,2.722717320809717e-05
VogtmannE_2016,154,UniRef90_A0A174EIN5,1217,0.03297736117,9,0.9854251012145749,2.6702316736842103e-05
VogtmannE_2016,155,UniRef90_C7H7K4,1217,0.02657815182,9,0.9854251012145749,2.152077070445344e-05
VogtmannE_2016,156,UniRef90_A0A0P6AFG5,1217,0.026531378311,9,0.9854251012145749,2.1482897417813766e-05
VogtmannE_2016,157,UniRef90_A0A174LPJ5,1217,0.020497507959999998,9,0.9854251012145749,1.6597172437246963e-05
VogtmannE_2016,158,UniRef90_R0AZG5,1217,0.01945714193,9,0.9854251012145749,1.575477079352227e-05
VogtmannE_2016,159,UniRef90_A0A174S825,1217,0.016521134033,9,0.9854251012145749,1.337743646396761e-05
VogtmannE_2016,160,UniRef90_A7B6K2,1216,0.310069106529,9,0.9846153846153847,0.00025106810245263157
VogtmannE_2016,161,UniRef90_A0A174QSW1,1216,0.266112075136,9,0.9846153846153847,0.00021547536448259107
VogtmannE_2016,162,UniRef90_A5ZYK6,1216,0.1249547555329999,9,0.9846153846153847,0.00010117793970283392
VogtmannE_2016,163,UniRef90_A0A2P2F5X9,1216,0.0972496167475,9,0.9846153846153847,7.874462894534413e-05
VogtmannE_2016,164,UniRef90_A0A396E3S1,1216,0.082853746738,9,0.9846153846153847,6.708805403886639e-05
VogtmannE_2016,165,UniRef90_D4WHX6,1216,0.059151953672000004,9,0.9846153846153847,4.789631876275304e-05
VogtmannE_2016,166,UniRef90_I4Z7P1,1216,0.056290600658,9,0.9846153846153847,4.557943373117409e-05
VogtmannE_2016,167,UniRef90_A6LEJ2,1216,0.0537376447491,9,0.9846153846153847,4.351226295473684e-05
VogtmannE_2016,168,UniRef90_B0NE07,1216,0.037671263544,9,0.9846153846153847,3.0503047404048585e-05
VogtmannE_2016,169,UniRef90_D4JB62,1216,0.034358707972,9,0.9846153846153847,2.7820816171659917e-05
VogtmannE_2016,170,UniRef90_A0A135YTH6,1216,0.0317148476969999,9,0.9846153846153847,2.568003862105255e-05
VogtmannE_2016,171,UniRef90_C9YMF1,1216,0.0249039976324,9,0.9846153846153847,2.0165180269149798e-05
VogtmannE_2016,172,UniRef90_E4M058,1216,0.024613879968,9,0.9846153846153847,1.9930267180566802e-05
VogtmannE_2016,173,UniRef90_G2T0G7,1216,0.022728967486,9,0.9846153846153847,1.8404022255870444e-05
VogtmannE_2016,174,UniRef90_F7KLV8,1216,0.016548744017,9,0.9846153846153847,1.3399792726315788e-05
VogtmannE_2016,175,UniRef90_D4LS50,1216,0.013365082879300001,9,0.9846153846153847,1.0821929456923079e-05
VogtmannE_2016,176,UniRef90_A8SBJ8,1215,0.143244314214,9,0.9838056680161943,0.00011598729895870444
VogtmannE_2016,177,UniRef90_A0A3E4USV0,1215,0.07672184953700001,9,0.9838056680161943,6.212295509068827e-05
VogtmannE_2016,178,UniRef90_A0A0N7J6W0,1215,0.073037467614,9,0.9838056680161943,5.913964988987854e-05
VogtmannE_2016,179,UniRef90_B5D2D5,1215,0.0476932145906,9,0.9838056680161943,3.861798752275304e-05
VogtmannE_2016,180,UniRef90_W4PUR5,1215,0.042328030343,9,0.9838056680161943,3.427370877975708e-05
VogtmannE_2016,181,UniRef90_A9KMW6,1215,0.036908008075,9,0.9838056680161943,2.9885026781376517e-05
VogtmannE_2016,182,UniRef90_D4L1Z7,1215,0.032764188976,9,0.9838056680161943,2.6529707672874496e-05
VogtmannE_2016,183,UniRef90_A0A285PPQ3,1215,0.0246923100175999,9,0.9838056680161943,1.999377329360316e-05
VogtmannE_2016,184,UniRef90_G2T3B2,1215,0.0212132496148,9,0.9838056680161943,1.7176720335870443e-05
VogtmannE_2016,185,UniRef90_A0A1L5L421,1215,0.014939208857999901,9,0.9838056680161943,1.2096525391093037e-05
VogtmannE_2016,186,UniRef90_C5EWP5,1215,0.010751880503,9,0.9838056680161943,8.705976115789474e-06
VogtmannE_2016,187,UniRef90_D4CI30,1214,0.1474562374267,9,0.982995951417004,0.00011939776309854251
VogtmannE_2016,188,UniRef90_A5Z3S1,1214,0.1377538826190999,9,0.982995951417004,0.00011154160535959506
VogtmannE_2016,189,UniRef90_Q8A485,1214,0.076474028951,9,0.982995951417004,6.1922290648583e-05
VogtmannE_2016,190,UniRef90_K6AL67,1214,0.0742399758477,9,0.982995951417004,6.0113340767368416e-05
VogtmannE_2016,191,UniRef90_K9E6V7,1214,0.0638660003275,9,0.982995951417004,5.171336058906883e-05
VogtmannE_2016,192,UniRef90_Q8A488,1214,0.049930095808,9,0.982995951417004,4.0429227374898784e-05
VogtmannE_2016,193,UniRef90_D4VEF8,1214,0.0388410418911,9,0.982995951417004,3.145023634906883e-05
VogtmannE_2016,194,UniRef90_B5CKQ6,1214,0.038147906363,9,0.982995951417004,3.088899300647773e-05
VogtmannE_2016,195,UniRef90_C7H6T9,1214,0.028806831398,9,0.982995951417004,2.3325369553036438e-05
VogtmannE_2016,196,UniRef90_I9KG80,1214,0.028295100113,9,0.982995951417004,2.2911012237246963e-05
VogtmannE_2016,197,UniRef90_A0A136Q7W4,1214,0.025517641835,9,0.982995951417004,2.0662058165991903e-05
VogtmannE_2016,198,UniRef90_A0A1L5KFG5,1214,0.0143648348558,9,0.982995951417004,1.1631445227368422e-05
VogtmannE_2016,199,UniRef90_B0NWG2,1213,0.1597748705299,9,0.9821862348178138,0.00012937236480153847
VogtmannE_2016,200,UniRef90_A0A3E5DK23,1213,0.07037404665699999,9,0.9821862348178138,5.698303373036437e-05
VogtmannE_2016,201,UniRef90_Q8A466,1213,0.0561319023112,9,0.9821862348178138,4.545093304550607e-05
VogtmannE_2016,202,UniRef90_A0A396DV75,1213,0.054663700158,9,0.9821862348178138,4.4262105391093114e-05
VogtmannE_2016,203,UniRef90_A0A3E5DLS5,1213,0.048641646354499996,9,0.9821862348178138,3.938594846518218e-05
VogtmannE_2016,204,UniRef90_A0A127SAM3,1213,0.0444121629546,9,0.9821862348178138,3.59612655502834e-05
VogtmannE_2016,205,UniRef90_P94598,1213,0.0435371603686,9,0.9821862348178138,3.525276143206478e-05
VogtmannE_2016,206,UniRef90_Q8A6P8,1213,0.0406350424801,9,0.9821862348178138,3.290286840493927e-05
VogtmannE_2016,207,UniRef90_W0ERK2,1213,0.038331782629,9,0.9821862348178138,3.103788067125506e-05
VogtmannE_2016,208,UniRef90_A0A0K2HGC7,1213,0.0371273037703,9,0.9821862348178138,3.00625941459919e-05
VogtmannE_2016,209,UniRef90_A0A173SUT5,1213,0.0356345908991,9,0.9821862348178138,2.885391975635627e-05
VogtmannE_2016,210,UniRef90_E2SL15,1213,0.0257754974636,9,0.9821862348178138,2.0870848148663967e-05
VogtmannE_2016,211,UniRef90_D4JTZ6,1213,0.021235554227999998,9,0.9821862348178138,1.7194780751417e-05
VogtmannE_2016,212,UniRef90_C4ZES9,1213,0.018227292372300002,9,0.9821862348178138,1.475894119214575e-05
VogtmannE_2016,213,UniRef90_A0A174IKQ7,1213,0.014764058656,9,0.9821862348178138,1.1954703365182186e-05
VogtmannE_2016,214,UniRef90_B0N9J9,1213,0.0144168469664999,9,0.9821862348178138,1.1673560296761053e-05
VogtmannE_2016,215,UniRef90_N9XGD7,1213,0.0130710414014,9,0.9821862348178138,1.0583839191417005e-05
VogtmannE_2016,216,UniRef90_A6P025,1213,0.0128664422092,9,0.9821862348178138,1.0418171829311741e-05
VogtmannE_2016,217,UniRef90_UPI000E4CFF93,1213,0.0071936253063999995,9,0.9821862348178138,5.824797818947368e-06
VogtmannE_2016,218,UniRef90_Q8A480,1212,0.0854432435003,9,0.9813765182186235,6.91848125508502e-05
VogtmannE_2016,219,UniRef90_C3R255,1212,0.0526230900107,9,0.9813765182186235,4.260978948234818e-05
VogtmannE_2016,220,UniRef90_A0A3E4GX70,1212,0.0460851586631,9,0.9813765182186235,3.731591794582996e-05
VogtmannE_2016,221,UniRef90_F3PQ22,1212,0.0446512976458,9,0.9813765182186235,3.6154896879190286e-05
VogtmannE_2016,222,UniRef90_A0A139JRM5,1212,0.0442266327533,9,0.9813765182186235,3.5811038666639673e-05
VogtmannE_2016,223,UniRef90_Q8A6M0,1212,0.0441831268399,9,0.9813765182186235,3.577581120639676e-05
VogtmannE_2016,224,UniRef90_A0A3E5DVA8,1212,0.0403952690547,9,0.9813765182186235,3.2708719882348176e-05
VogtmannE_2016,225,UniRef90_A0A139L6L7,1212,0.039738421025,9,0.9813765182186235,3.217685912955465e-05
VogtmannE_2016,226,UniRef90_F7JMP3,1212,0.039405484752,9,0.9813765182186235,3.190727510283401e-05
VogtmannE_2016,227,UniRef90_A0A015S3B6,1212,0.039401688488000006,9,0.9813765182186235,3.19042012048583e-05
VogtmannE_2016,228,UniRef90_Q8AA33,1212,0.0383481507251,9,0.9813765182186235,3.105113419036437e-05
VogtmannE_2016,229,UniRef90_A0A396GCB6,1212,0.0378343008868,9,0.9813765182186235,3.063506144680162e-05
VogtmannE_2016,230,UniRef90_C7H6U5,1212,0.030802115511,9,0.9813765182186235,2.49409842194332e-05
VogtmannE_2016,231,UniRef90_A8SVC3,1212,0.030625262662,9,0.9813765182186235,2.4797783531983805e-05
VogtmannE_2016,232,UniRef90_A0A015YJI0,1212,0.0285912156291,9,0.9813765182186235,2.3150781885910933e-05
VogtmannE_2016,233,UniRef90_A6BKX9,1212,0.0254879312716,9,0.9813765182186235,2.0638001029635627e-05
VogtmannE_2016,234,UniRef90_A8RVD6,1212,0.0242673420999999,9,0.9813765182186235,1.964966971659911e-05
VogtmannE_2016,235,UniRef90_D4JTZ7,1212,0.023238456858000002,9,0.9813765182186235,1.881656425748988e-05
VogtmannE_2016,236,UniRef90_A0A396FC19,1212,0.022696750561,9,0.9813765182186235,1.8377935676923078e-05
VogtmannE_2016,237,UniRef90_A0A346FUW5,1212,0.019353395992,9,0.9813765182186235,1.56707659854251e-05
VogtmannE_2016,238,UniRef90_A0A174TTF8,1212,0.0180168885383,9,0.9813765182186235,1.4588573715222671e-05
VogtmannE_2016,239,UniRef90_A0A2A7ADF2,1212,0.015452147179300001,9,0.9813765182186235,1.2511860064210527e-05
VogtmannE_2016,240,UniRef90_U5F4E0,1212,0.0150126297656,9,0.9813765182186235,1.2155975518704452e-05
VogtmannE_2016,241,UniRef90_UPI0009DBE405,1212,0.006265476725,9,0.9813765182186235,5.073260506072874e-06
VogtmannE_2016,242,UniRef90_A7ACF2,1211,0.097293493715,9,0.9805668016194332,7.878015685425101e-05
VogtmannE_2016,243,UniRef90_A5Z300,1211,0.0802956295621,9,0.9805668016194332,6.50167040988664e-05
VogtmannE_2016,244,UniRef90_R7KL80,1211,0.07603022041280001,9,0.9805668016194332,6.156293150834009e-05
VogtmannE_2016,245,UniRef90_A6KYI5,1211,0.0703901536831999,9,0.9805668016194332,5.699607585684202e-05
VogtmannE_2016,246,UniRef90_A0A016FI57,1211,0.051631429740400005,9,0.9805668016194332,4.180682570072875e-05
VogtmannE_2016,247,UniRef90_A6L1I4,1211,0.049163913237,9,0.9805668016194332,3.98088366291498e-05
VogtmannE_2016,248,UniRef90_Q8A474,1211,0.048966580205,9,0.9805668016194332,3.9649052797570846e-05
VogtmannE_2016,249,UniRef90_C0B7X5,1211,0.047955307985,9,0.9805668016194332,3.883020889473684e-05
VogtmannE_2016,250,UniRef90_A6LFQ4,1211,0.045389184744,9,0.9805668016194332,3.675237631093118e-05
VogtmannE_2016,251,UniRef90_A0A174UG67,1211,0.044387523061900004,9,0.9805668016194332,3.594131422016195e-05
VogtmannE_2016,252,UniRef90_R5K610,1211,0.039567683707,9,0.9805668016194332,3.203861028906883e-05
VogtmannE_2016,253,UniRef90_A0A174XK61,1211,0.039456768897,9,0.9805668016194332,3.1948800726315785e-05
VogtmannE_2016,254,UniRef90_A6KXG8,1211,0.036689012374000005,9,0.9805668016194332,2.970770232712551e-05
VogtmannE_2016,255,UniRef90_A0A016BWL8,1211,0.034502857524,9,0.9805668016194332,2.793753645668016e-05
VogtmannE_2016,256,UniRef90_A0A139SYK8,1211,0.0345019263188,9,0.9805668016194332,2.7936782444372472e-05
VogtmannE_2016,257,UniRef90_A0A0K9NBB8,1211,0.030334265414,9,0.9805668016194332,2.4562158229959513e-05
VogtmannE_2016,258,UniRef90_Q5LIX0,1211,0.028393427441999998,9,0.9805668016194332,2.2990629507692306e-05
VogtmannE_2016,259,UniRef90_A0A174Z407,1211,0.019581240329,9,0.9805668016194332,1.5855255327125507e-05
VogtmannE_2016,260,UniRef90_D9SLI1,1211,0.014500462981,9,0.9805668016194332,1.1741265571659919e-05
VogtmannE_2016,261,UniRef90_E2SL03,1211,0.011371462597999999,9,0.9805668016194332,9.207662022672064e-06
VogtmannE_2016,262,UniRef90_A7VEU0,1211,0.0093349621409,9,0.9805668016194332,7.558673798299596e-06
VogtmannE_2016,263,UniRef90_R9JR68,1211,0.0087729731935,9,0.9805668016194332,7.1036220190283404e-06
VogtmannE_2016,264,UniRef90_B1BA66,1211,0.008487683329999999,9,0.9805668016194332,6.872618080971659e-06
VogtmannE_2016,265,UniRef90_D4LWJ1,1210,0.06302077682,9,0.979757085020243,5.1028969085020245e-05
VogtmannE_2016,266,UniRef90_Q8A490,1210,0.053191611198,9,0.979757085020243,4.3070130524696356e-05
VogtmannE_2016,267,UniRef90_Q8A469,1210,0.0512917696812,9,0.979757085020243,4.153179731271255e-05
VogtmannE_2016,268,UniRef90_A0A139KPT2,1210,0.0452287173359,9,0.979757085020243,3.662244318696356e-05
VogtmannE_2016,269,UniRef90_A0A015WBF1,1210,0.045142056066000004,9,0.979757085020243,3.655227211821863e-05
VogtmannE_2016,270,UniRef90_Q8A481,1210,0.043967634897,9,0.979757085020243,3.560132380323887e-05
VogtmannE_2016,271,UniRef90_Q5L8Z8,1210,0.0392489340492,9,0.979757085020243,3.178051340016194e-05
VogtmannE_2016,272,UniRef90_A0A0K6BVC0,1210,0.0351164328542,9,0.979757085020243,2.843435858639676e-05
VogtmannE_2016,273,UniRef90_C4ZBS3,1210,0.023592816488699903,9,0.979757085020243,1.910349513255053e-05
VogtmannE_2016,274,UniRef90_B7ANM9,1210,0.020551559056,9,0.979757085020243,1.664093850688259e-05
VogtmannE_2016,275,UniRef90_A0A396A3N3,1210,0.0174837320469,9,0.979757085020243,1.415686805417004e-05
VogtmannE_2016,276,UniRef90_B0G6W4,1210,0.0112291588752,9,0.979757085020243,9.092436336194332e-06
VogtmannE_2016,277,UniRef90_A8S6E9,1209,0.16417550050920002,9,0.9789473684210527,0.00013293562794267208
VogtmannE_2016,278,UniRef90_B2RH62,1209,0.09252033428300001,9,0.9789473684210527,7.491525043157895e-05
VogtmannE_2016,279,UniRef90_Q8A493,1209,0.053482405101,9,0.9789473684210527,4.330559117489878e-05
VogtmannE_2016,280,UniRef90_Q5L8B5,1209,0.0486151594062,9,0.9789473684210527,3.9364501543481786e-05
VogtmannE_2016,281,UniRef90_Q8A4V8,1209,0.047117889754,9,0.9789473684210527,3.8152137452631576e-05
VogtmannE_2016,282,UniRef90_U7UPK0,1209,0.0451317072648,9,0.9789473684210527,3.6543892522105267e-05
VogtmannE_2016,283,UniRef90_R7KG75,1209,0.040671294339,9,0.9789473684210527,3.2932222136842106e-05
VogtmannE_2016,284,UniRef90_A0A0P0M4G8,1209,0.0387709175338,9,0.9789473684210527,3.139345549295546e-05
VogtmannE_2016,285,UniRef90_A0A3E2X5R4,1209,0.0382908200423,9,0.9789473684210527,3.10047125848583e-05
VogtmannE_2016,286,UniRef90_A6KYK2,1209,0.0380932060655,9,0.9789473684210527,3.0844701267611334e-05
VogtmannE_2016,287,UniRef90_A0A1Q6HB63,1209,0.0365425334866,9,0.9789473684210527,2.95890959405668e-05
VogtmannE_2016,288,UniRef90_Q8A4A1,1209,0.035319007324,9,0.9789473684210527,2.859838649716599e-05
VogtmannE_2016,289,UniRef90_Q8A9S7,1209,0.031166125442000002,9,0.9789473684210527,2.523572910283401e-05
VogtmannE_2016,290,UniRef90_A0A395X3P0,1209,0.026928113311,9,0.9789473684210527,2.1804140332793522e-05
VogtmannE_2016,291,UniRef90_C5EWQ2,1209,0.0220482558369,9,0.9789473684210527,1.7852838734331985e-05
VogtmannE_2016,292,UniRef90_A0A174E815,1209,0.0144541928791,9,0.9789473684210527,1.1703799902105263e-05
VogtmannE_2016,293,UniRef90_U5FB63,1209,0.010425533248400001,9,0.9789473684210527,8.441727326639677e-06
VogtmannE_2016,294,UniRef90_E5VPR3,1209,0.00413406776977,9,0.9789473684210527,3.3474232953603243e-06
VogtmannE_2016,295,UniRef90_A5ZYV3,1208,0.755729372362,9,0.9781376518218623,0.000611926617297166
VogtmannE_2016,296,UniRef90_A5KRL0,1208,0.055671461024999994,9,0.9781376518218623,4.50781060931174e-05
VogtmannE_2016,297,UniRef90_A0A014AUH4,1208,0.046639394885,9,0.9781376518218623,3.77646922145749e-05
VogtmannE_2016,298,UniRef90_R5CD91,1208,0.0456432928637,9,0.9781376518218623,3.69581318734413e-05
VogtmannE_2016,299,UniRef90_A6L0V1,1208,0.0420241236325,9,0.9781376518218623,3.402763047165992e-05
VogtmannE_2016,300,UniRef90_R5MXZ2,1208,0.0417784524341,9,0.9781376518218623,3.382870642437247e-05
VogtmannE_2016,301,UniRef90_Q8A129,1208,0.0410035744233,9,0.9781376518218623,3.3201274836680164e-05
VogtmannE_2016,302,UniRef90_B6W2B1,1208,0.040291250834399994,9,0.9781376518218623,3.262449460275303e-05
VogtmannE_2016,303,UniRef90_A6KWD6,1208,0.0388450066386,9,0.9781376518218623,3.145344667093118e-05
VogtmannE_2016,304,UniRef90_R5C3D9,1208,0.034813428375,9,0.9781376518218623,2.8189010829959512e-05
VogtmannE_2016,305,UniRef90_A0A139JUF4,1208,0.0335507329255,9,0.9781376518218623,2.716658536477733e-05
VogtmannE_2016,306,UniRef90_A0A174IWH6,1208,0.032838333891299996,9,0.9781376518218623,2.658974404153846e-05
VogtmannE_2016,307,UniRef90_K1FTU8,1208,0.0327940674313,9,0.9781376518218623,2.655390075408907e-05
VogtmannE_2016,308,UniRef90_C0B5T7,1208,0.031180269780000002,9,0.9781376518218623,2.524718200809717e-05
VogtmannE_2016,309,UniRef90_F3PL25,1208,0.0287755177449,9,0.9781376518218623,2.3300014368340082e-05
VogtmannE_2016,310,UniRef90_C0EVZ0,1208,0.0260135305149999,9,0.9781376518218623,2.106358746153838e-05
VogtmannE_2016,311,UniRef90_A0A173UXL2,1208,0.021397309313,9,0.9781376518218623,1.732575652874494e-05
VogtmannE_2016,312,UniRef90_B0N9Q2,1208,0.020825239603,9,0.9781376518218623,1.6862542188663966e-05
VogtmannE_2016,313,UniRef90_A0A3E2UVE4,1208,0.0155448041348999,9,0.9781376518218623,1.2586885939190202e-05
VogtmannE_2016,314,UniRef90_A7VCV6,1208,0.012160777772400001,9,0.9781376518218623,9.84678362137652e-06
VogtmannE_2016,315,UniRef90_V2Y2V4,1208,0.0111154460691,9,0.9781376518218623,9.000361189554655e-06
VogtmannE_2016,316,UniRef90_R5C195,1207,0.0436970521145,9,0.977327935222672,3.538222843279352e-05
VogtmannE_2016,317,UniRef90_Q8A0Z8,1207,0.0421226006149,9,0.977327935222672,3.410736891894737e-05
VogtmannE_2016,318,UniRef90_R6JM89,1207,0.0416733944917,9,0.977327935222672,3.3743639264534413e-05
VogtmannE_2016,319,UniRef90_A6L227,1207,0.0391533497942,9,0.977327935222672,3.170311724226721e-05
VogtmannE_2016,320,UniRef90_P94316,1207,0.038332836978,9,0.977327935222672,3.10387343951417e-05
VogtmannE_2016,321,UniRef90_B0NR18,1207,0.0378512558865,9,0.977327935222672,3.064879019149798e-05
VogtmannE_2016,322,UniRef90_R6JBJ8,1207,0.036538081927999996,9,0.977327935222672,2.958549143967611e-05
VogtmannE_2016,323,UniRef90_A0A3E4G4R4,1207,0.030817082813,9,0.977327935222672,2.4953103492307694e-05
VogtmannE_2016,324,UniRef90_A0A173V3I4,1207,0.029957825931,9,0.977327935222672,2.4257348931983806e-05
VogtmannE_2016,325,UniRef90_C0FW47,1207,0.0215810400574,9,0.977327935222672,1.7474526362267207e-05
VogtmannE_2016,326,UniRef90_A0A396A4F3,1207,0.011258374804600001,9,0.977327935222672,9.116092959190285e-06
VogtmannE_2016,327,UniRef90_I0R6Y6,1207,0.010296739271000001,9,0.977327935222672,8.33744070526316e-06
VogtmannE_2016,328,UniRef90_Q8A483,1206,0.054356165534300005,9,0.9765182186234818,4.4013089501457495e-05
VogtmannE_2016,329,UniRef90_Q8A492,1206,0.052076426597,9,0.9765182186234818,4.216714704210526e-05
VogtmannE_2016,330,UniRef90_D4IQJ0,1206,0.051863741740000004,9,0.9765182186234818,4.199493258299595e-05
VogtmannE_2016,331,UniRef90_D4IQJ2,1206,0.0495493443034,9,0.9765182186234818,4.012092656145749e-05
VogtmannE_2016,332,UniRef90_Q5LAX0,1206,0.0412037041161,9,0.9765182186234818,3.336332317093117e-05
VogtmannE_2016,333,UniRef90_A0A329TKY9,1206,0.040005405610599995,9,0.9765182186234818,3.239304098024291e-05
VogtmannE_2016,334,UniRef90_A5KR91,1206,0.0368245360509,9,0.9765182186234818,2.9817438097894736e-05
VogtmannE_2016,335,UniRef90_A0A0P0L796,1206,0.0347165079911,9,0.9765182186234818,2.811053278631579e-05
VogtmannE_2016,336,UniRef90_Q8A9M2,1206,0.0335574490768,9,0.9765182186234818,2.717202354396761e-05
VogtmannE_2016,337,UniRef90_A0A395V4J0,1206,0.0310579584017,9,0.9765182186234818,2.5148144454817815e-05
VogtmannE_2016,338,UniRef90_R6J7M6,1206,0.030608300098,9,0.9765182186234818,2.4784048662348177e-05
VogtmannE_2016,339,UniRef90_R5JME6,1206,0.030114348271,9,0.9765182186234818,2.438408766882591e-05
VogtmannE_2016,340,UniRef90_A0A2N5NWD5,1206,0.025869003167999997,9,0.9765182186234818,2.0946561269635626e-05
VogtmannE_2016,341,UniRef90_A0A396AFP6,1206,0.0224833466739999,9,0.9765182186234818,1.8205139007287366e-05
VogtmannE_2016,342,UniRef90_C4ZEM7,1206,0.0198096966561,9,0.9765182186234818,1.604024020736842e-05
VogtmannE_2016,343,UniRef90_A0A174I2N9,1206,0.0167265365231,9,0.9765182186234818,1.35437542697166e-05
VogtmannE_2016,344,UniRef90_A7AZK8,1206,0.015322371591999999,9,0.9765182186234818,1.2406778617004048e-05
VogtmannE_2016,345,UniRef90_A0A0F0C8D4,1206,0.0110134556212999,9,0.9765182186234818,8.917777831012064e-06
VogtmannE_2016,346,UniRef90_Q650G6,1205,0.0627388397601,9,0.9757085020242915,5.080067996769231e-05
VogtmannE_2016,347,UniRef90_B0NTF1,1205,0.040464335792999996,9,0.9757085020242915,3.2764644366801616e-05
VogtmannE_2016,348,UniRef90_E6SW15,1205,0.038540406177,9,0.9757085020242915,3.120680662105263e-05
VogtmannE_2016,349,UniRef90_E2SL22,1205,0.033662064729999996,9,0.9757085020242915,2.725673257489878e-05
VogtmannE_2016,350,UniRef90_R7DWY8,1205,0.033229940337200004,9,0.9757085020242915,2.6906834281133607e-05
VogtmannE_2016,351,UniRef90_Q8A155,1205,0.031930975284,9,0.9757085020242915,2.5855040715789473e-05
VogtmannE_2016,352,UniRef90_Q8A2S4,1205,0.0297803920144,9,0.9757085020242915,2.4113677744453442e-05
VogtmannE_2016,353,UniRef90_C9YME1,1205,0.028974689150699902,9,0.9757085020242915,2.3461286761700324e-05
VogtmannE_2016,354,UniRef90_B5CNT5,1205,0.028966900663,9,0.9757085020242915,2.3454980293927124e-05
VogtmannE_2016,355,UniRef90_C9YMF2,1205,0.027385511699799997,9,0.9757085020242915,2.217450340064777e-05
VogtmannE_2016,356,UniRef90_A7LRB1,1205,0.026566107903,9,0.9757085020242915,2.151101854493927e-05
VogtmannE_2016,357,UniRef90_A0A174YAF1,1205,0.0264430257554,9,0.9757085020242915,2.1411356886963564e-05
VogtmannE_2016,358,UniRef90_D4JTZ8,1205,0.026331364339299997,9,0.9757085020242915,2.13209427848583e-05
VogtmannE_2016,359,UniRef90_U2DKD6,1205,0.0211309530517999,9,0.9757085020242915,1.7110083442752955e-05
VogtmannE_2016,360,UniRef90_A8RRJ5,1205,0.020045083435,9,0.9757085020242915,1.6230836789473683e-05
VogtmannE_2016,361,UniRef90_U2ISN9,1205,0.0156901966511,9,0.9757085020242915,1.2704612672955466e-05
VogtmannE_2016,362,UniRef90_A0A2A6ZL80,1205,0.0155012464437,9,0.9757085020242915,1.2551616553603239e-05
VogtmannE_2016,363,UniRef90_C5ER71,1205,0.0143260019252,9,0.9757085020242915,1.1600001558866396e-05
VogtmannE_2016,364,UniRef90_A0A078SQG7,1205,0.0118140970808,9,0.9757085020242915,9.56607051076923e-06
VogtmannE_2016,365,UniRef90_A0A1L5KH88,1205,0.0090972107762,9,0.9757085020242915,7.366162571821862e-06
VogtmannE_2016,366,UniRef90_C7XG97,1204,0.0689409724983,9,0.9748987854251012,5.582264979619433e-05
VogtmannE_2016,367,UniRef90_E2SIR4,1204,0.0544670108597,9,0.9748987854251012,4.410284280137652e-05
VogtmannE_2016,368,UniRef90_B0B4B4,1204,0.046815977245,9,0.9748987854251012,3.7907673882591095e-05
VogtmannE_2016,369,UniRef90_A0A173U4I8,1204,0.0452449641039,9,0.9748987854251012,3.6635598464696356e-05
VogtmannE_2016,370,UniRef90_Q8A491,1204,0.044775051014000006,9,0.9748987854251012,3.625510203562754e-05
VogtmannE_2016,371,UniRef90_Q8A1F7,1204,0.039526960235,9,0.9748987854251012,3.2005635817813766e-05
VogtmannE_2016,372,UniRef90_A0A173V6Z4,1204,0.0390441780562,9,0.9748987854251012,3.1614719073846155e-05
VogtmannE_2016,373,UniRef90_W4PT15,1204,0.036297976687,9,0.9748987854251012,2.939107424048583e-05
VogtmannE_2016,374,UniRef90_D4K8L8,1204,0.0315746788003,9,0.9748987854251012,2.5566541538704456e-05
VogtmannE_2016,375,UniRef90_D4VDF7,1204,0.0310625494443,9,0.9748987854251012,2.5151861898218625e-05
VogtmannE_2016,376,UniRef90_R5VX92,1204,0.0271465845284,9,0.9748987854251012,2.198104010396761e-05
VogtmannE_2016,377,UniRef90_R6JF12,1204,0.0265127629446,9,0.9748987854251012,2.1467824246639677e-05
VogtmannE_2016,378,UniRef90_A0A395VCF6,1204,0.0241882324234,9,0.9748987854251012,1.9585613298299596e-05
VogtmannE_2016,379,UniRef90_A0A127T6H1,1204,0.0214010846012,9,0.9748987854251012,1.7328813442267206e-05
VogtmannE_2016,380,UniRef90_E2ZM22,1204,0.017430439198,9,0.9748987854251012,1.411371594979757e-05
VogtmannE_2016,381,UniRef90_A0A0J9BBM1,1204,0.0141336588292,9,0.9748987854251012,1.1444258161295548e-05
VogtmannE_2016,382,UniRef90_D4JTX2,1204,0.0062831386646,9,0.9748987854251012,5.08756167174089e-06
VogtmannE_2016,383,UniRef90_A5ZLI4,1203,0.1028693628205,9,0.974089068825911,8.329503062388664e-05
VogtmannE_2016,384,UniRef90_Q650G5,1203,0.0745133135872999,9,0.974089068825911,6.0334666872307615e-05
VogtmannE_2016,385,UniRef90_R9HXJ2,1203,0.0505572841104,9,0.974089068825911,4.093707215417004e-05
VogtmannE_2016,386,UniRef90_A5ZNS7,1203,0.0370176723126,9,0.974089068825911,2.997382373489879e-05
VogtmannE_2016,387,UniRef90_A0A139LMC3,1203,0.0366015232883,9,0.974089068825911,2.9636860962186234e-05
VogtmannE_2016,388,UniRef90_Q8AA38,1203,0.03399265565,9,0.974089068825911,2.7524417530364374e-05
VogtmannE_2016,389,UniRef90_Q89Z22,1203,0.031661996407,9,0.974089068825911,2.5637244054251013e-05
VogtmannE_2016,390,UniRef90_Q8A475,1203,0.031443438727699995,9,0.974089068825911,2.546027427344129e-05
VogtmannE_2016,391,UniRef90_Q8A525,1203,0.0298660337924,9,0.974089068825911,2.418302331368421e-05
VogtmannE_2016,392,UniRef90_Q8AAG5,1203,0.0279483678766,9,0.974089068825911,2.2630257389959513e-05
VogtmannE_2016,393,UniRef90_D4L1Y4,1203,0.025636123785999998,9,0.974089068825911,2.075799496842105e-05
VogtmannE_2016,394,UniRef90_Q8A9C2,1203,0.0245721590528,9,0.974089068825911,1.9896485062995952e-05
VogtmannE_2016,395,UniRef90_U2KQU1,1203,0.0243781290764,9,0.974089068825911,1.973937577036437e-05
VogtmannE_2016,396,UniRef90_A0A174LAB2,1203,0.023763764895,9,0.974089068825911,1.9241914894736845e-05
VogtmannE_2016,397,UniRef90_A7B8Q2,1203,0.020440995030760002,9,0.974089068825911,1.6551412980372472e-05
VogtmannE_2016,398,UniRef90_D4ML19,1203,0.01958150282,9,0.974089068825911,1.5855467870445342e-05
VogtmannE_2016,399,UniRef90_C0FW50,1203,0.016748780720000002,9,0.974089068825911,1.3561765765182187e-05
VogtmannE_2016,400,UniRef90_U2SJF7,1203,0.0062927661078,9,0.974089068825911,5.095357172307692e-06
VogtmannE_2016,401,UniRef90_A0A3E4GL34,1202,0.0741630802108,9,0.9732793522267207,6.005107709376518e-05
VogtmannE_2016,402,UniRef90_I9QVV4,1202,0.0482178319195,9,0.9732793522267207,3.9042778882186236e-05
VogtmannE_2016,403,UniRef90_R6EPT0,1202,0.047794665792,9,0.9732793522267207,3.870013424453441e-05
VogtmannE_2016,404,UniRef90_Q8A465,1202,0.047486846546,9,0.9732793522267207,3.8450887891497975e-05
VogtmannE_2016,405,UniRef90_A6L5E4,1202,0.037126000127,9,0.9732793522267207,3.006153856437247e-05
VogtmannE_2016,406,UniRef90_A0A0P0M4R8,1202,0.036826409254,9,0.9732793522267207,2.9818954861538462e-05
VogtmannE_2016,407,UniRef90_A0A139K2S1,1202,0.032773738146899996,9,0.9732793522267207,2.6537439795060724e-05
VogtmannE_2016,408,UniRef90_Q8A9J2,1202,0.0300217557983,9,0.9732793522267207,2.4309114006720646e-05
VogtmannE_2016,409,UniRef90_W6NZG1,1202,0.029965141301700002,9,0.9732793522267207,2.426327230906883e-05
VogtmannE_2016,410,UniRef90_A0A1C6JTL5,1202,0.017274654035,9,0.9732793522267207,1.3987574117408907e-05
VogtmannE_2016,411,UniRef90_F7KMY8,1202,0.017236821501,9,0.9732793522267207,1.3956940486639677e-05
VogtmannE_2016,412,UniRef90_D4M218,1202,0.0147277785001,9,0.9732793522267207,1.1925326720728744e-05
VogtmannE_2016,413,UniRef90_A0A176U4A7,1202,0.0124560114659999,9,0.9732793522267207,1.0085839243724616e-05
VogtmannE_2016,414,UniRef90_C0FQI1,1202,0.0116523042637,9,0.9732793522267207,9.435064181133603e-06
VogtmannE_2016,415,UniRef90_UPI000E553183,1202,0.009857782114,9,0.9732793522267207,7.982009808906882e-06
VogtmannE_2016,416,UniRef90_A0A1L5KWH2,1202,0.0081261287159,9,0.9732793522267207,6.5798613084210534e-06
VogtmannE_2016,417,UniRef90_A0A395YXK2,1201,0.104254670687,9,0.9724696356275304,8.441673739838057e-05
VogtmannE_2016,418,UniRef90_Q5L8C7,1201,0.088085467433,9,0.9724696356275304,7.132426512793521e-05
VogtmannE_2016,419,UniRef90_A0A174DNB1,1201,0.0649802156291,9,0.9724696356275304,5.261555921384616e-05
VogtmannE_2016,420,UniRef90_R9HNH3,1201,0.060192462763,9,0.9724696356275304,4.873883624534413e-05
VogtmannE_2016,421,UniRef90_A0A174ES80,1201,0.058162962359,9,0.9724696356275304,4.7095516080161945e-05
VogtmannE_2016,422,UniRef90_D4IQJ1,1201,0.049759776872,9,0.9724696356275304,4.029131730526316e-05
VogtmannE_2016,423,UniRef90_A6L6L6,1201,0.035766366353,9,0.9724696356275304,2.896062052874494e-05
VogtmannE_2016,424,UniRef90_R7J8P5,1201,0.035289180355,9,0.9724696356275304,2.8574235105263157e-05
VogtmannE_2016,425,UniRef90_U2PNB7,1201,0.026711509259,9,0.9724696356275304,2.1628752436437247e-05
VogtmannE_2016,426,UniRef90_R5JUT8,1201,0.0261653131551,9,0.9724696356275304,2.118648838469636e-05
VogtmannE_2016,427,UniRef90_R5S2B6,1201,0.0260462966007,9,0.9724696356275304,2.1090118705020243e-05
VogtmannE_2016,428,UniRef90_E2ZN31,1201,0.0256963868512,9,0.9724696356275304,2.080679097263158e-05
VogtmannE_2016,429,UniRef90_E5XF82,1201,0.0237585611964,9,0.9724696356275304,1.923770137360324e-05
VogtmannE_2016,430,UniRef90_A0A3E4WS26,1201,0.02087280911034,9,0.9724696356275304,1.690106000837247e-05
VogtmannE_2016,431,UniRef90_A0A0M6WPL1,1201,0.0157793127627,9,0.9724696356275304,1.277677146777328e-05
VogtmannE_2016,432,UniRef90_C6LH49,1201,0.015762969733699998,9,0.9724696356275304,1.276353824591093e-05
VogtmannE_2016,433,UniRef90_H1B4W0,1201,0.0146878269442,9,0.9724696356275304,1.1892977282753037e-05
VogtmannE_2016,434,UniRef90_A0A3E2VW53,1201,0.0129836937319,9,0.9724696356275304,1.0513112333522268e-05
VogtmannE_2016,435,UniRef90_C6LMP6,1201,0.0118089353469,9,0.9724696356275304,9.561890969149797e-06
VogtmannE_2016,436,UniRef90_B5D3F5,1201,0.011033875440700001,9,0.9724696356275304,8.934312097732794e-06
VogtmannE_2016,437,UniRef90_H1HWJ5,1201,0.010650224328,9,0.9724696356275304,8.623663423481781e-06
VogtmannE_2016,438,UniRef90_A8RSS0,1201,0.0094172449585,9,0.9724696356275304,7.6252995615384615e-06
VogtmannE_2016,439,UniRef90_A0A174QXS4,1201,0.008977712528899999,9,0.9724696356275304,7.269402857408906e-06
VogtmannE_2016,440,UniRef90_C7HAG3,1200,0.0820269252323,9,0.97165991902834,6.641856294113361e-05
VogtmannE_2016,441,UniRef90_D1JU46,1200,0.07491274046310001,9,0.97165991902834,6.0658089443805675e-05
VogtmannE_2016,442,UniRef90_R9HWQ8,1200,0.0488680198326,9,0.97165991902834,3.95692468280162e-05
VogtmannE_2016,443,UniRef90_A6L050,1200,0.046146223658500005,9,0.97165991902834,3.736536328623482e-05
VogtmannE_2016,444,UniRef90_C4Z2U3,1200,0.0438505529168,9,0.97165991902834,3.5506520580404856e-05
VogtmannE_2016,445,UniRef90_D4K4J9,1200,0.033429405901,9,0.97165991902834,2.706834485910931e-05
VogtmannE_2016,446,UniRef90_A0A3E4WLB1,1200,0.033087428614000006,9,0.97165991902834,2.6791440173279358e-05
VogtmannE_2016,447,UniRef90_E4MAW9,1200,0.032765788549,9,0.97165991902834,2.653100287368421e-05
VogtmannE_2016,448,UniRef90_A0A0P0GDE8,1200,0.0327128176175,9,0.97165991902834,2.648811143117409e-05
VogtmannE_2016,449,UniRef90_A0A069D0K7,1200,0.031790134403,9,0.97165991902834,2.574099951659919e-05
VogtmannE_2016,450,UniRef90_A6KYH6,1200,0.0314966002006,9,0.97165991902834,2.5503320000485833e-05
VogtmannE_2016,451,UniRef90_D4KKP9,1200,0.030797400426199998,9,0.97165991902834,2.4937166337004048e-05
VogtmannE_2016,452,UniRef90_D4JS14,1200,0.0301675071299999,9,0.97165991902834,2.4427131279352144e-05
VogtmannE_2016,453,UniRef90_G9YL23,1200,0.0299867230898,9,0.97165991902834,2.4280747441133605e-05
VogtmannE_2016,454,UniRef90_A0A076J2Q7,1200,0.0258005946506,9,0.97165991902834,2.089116975757085e-05
VogtmannE_2016,455,UniRef90_A0A139LIJ9,1200,0.022897080942999998,9,0.97165991902834,1.8540146512550605e-05
VogtmannE_2016,456,UniRef90_A0A174SKG1,1200,0.0215109199512,9,0.97165991902834,1.7417748948340082e-05
VogtmannE_2016,457,UniRef90_C7H3I1,1200,0.019918468845300002,9,0.97165991902834,1.612831485449393e-05
VogtmannE_2016,458,UniRef90_C0BE67,1200,0.0194995820546,9,0.97165991902834,1.5789135266882592e-05
VogtmannE_2016,459,UniRef90_A0A395V6C3,1200,0.018642594085000002,9,0.97165991902834,1.5095217882591095e-05
VogtmannE_2016,460,UniRef90_E7GMB4,1200,0.0174023970108,9,0.97165991902834,1.4091009725344129e-05
VogtmannE_2016,461,UniRef90_B0PDJ9,1200,0.015939239682,9,0.97165991902834,1.2906266948987854e-05
VogtmannE_2016,462,UniRef90_A0A1Y4MFI1,1200,0.015858063456799902,9,0.97165991902834,1.2840537211983727e-05
VogtmannE_2016,463,UniRef90_C0FQQ4,1200,0.015463451468,9,0.97165991902834,1.2521013334412954e-05
VogtmannE_2016,464,UniRef90_D4JB63,1200,0.0148599230381,9,0.97165991902834,1.2032326346639676e-05
VogtmannE_2016,465,UniRef90_H9CDJ3,1200,0.0111891092965,9,0.97165991902834,9.060007527530365e-06
VogtmannE_2016,466,UniRef90_A6BKY7,1199,0.2690320495902,9,0.9708502024291498,0.00021783971626736841
VogtmannE_2016,467,UniRef90_Q8A1F6,1199,0.214697506555,9,0.9708502024291498,0.0001738441348623482
VogtmannE_2016,468,UniRef90_E5WY79,1199,0.0424194676903,9,0.9708502024291498,3.4347747117651824e-05
VogtmannE_2016,469,UniRef90_B7ARW3,1199,0.0342951527154,9,0.9708502024291498,2.77693544254251e-05
VogtmannE_2016,470,UniRef90_Q8A0Z5,1199,0.033979443622,9,0.9708502024291498,2.7513719531983805e-05
VogtmannE_2016,471,UniRef90_Q5L8B2,1199,0.029726000386000002,9,0.9708502024291498,2.4069635940080973e-05
VogtmannE_2016,472,UniRef90_A0A081TW72,1199,0.0292942202595,9,0.9708502024291498,2.3720016404453442e-05
VogtmannE_2016,473,UniRef90_A6KYK4,1199,0.029069492844,9,0.9708502024291498,2.353805088582996e-05
VogtmannE_2016,474,UniRef90_R6JK25,1199,0.0284515469533,9,0.9708502024291498,2.3037689840728743e-05
VogtmannE_2016,475,UniRef90_C4ZFG4,1199,0.0235848185212,9,0.9708502024291498,1.909701904550607e-05
VogtmannE_2016,476,UniRef90_A0A174Y9Z1,1199,0.0231516122998,9,0.9708502024291498,1.874624477716599e-05
VogtmannE_2016,477,UniRef90_A6L5A6,1199,0.0223927826721,9,0.9708502024291498,1.813180783165992e-05
VogtmannE_2016,478,UniRef90_A0A1M6KEV5,1199,0.020469695593,9,0.9708502024291498,1.657465230202429e-05
VogtmannE_2016,479,UniRef90_A0A396G6G2,1199,0.018610724026,9,0.9708502024291498,1.5069412166801619e-05
VogtmannE_2016,480,UniRef90_G1VSP2,1199,0.017806800796,9,0.9708502024291498,1.4418462182995951e-05
VogtmannE_2016,481,UniRef90_W0FML8,1199,0.01760061637291,9,0.9708502024291498,1.4251511233125508e-05
VogtmannE_2016,482,UniRef90_A0A176U3W6,1199,0.0172894332489,9,0.9708502024291498,1.3999541092226722e-05
VogtmannE_2016,483,UniRef90_A0A0S2W8P0,1199,0.0147016829063999,9,0.9708502024291498,1.1904196685344049e-05
VogtmannE_2016,484,UniRef90_B0NGI2,1199,0.0091256936998,9,0.9708502024291498,7.389225667854251e-06
VogtmannE_2016,485,UniRef90_C0B7X0,1198,0.052999131776,9,0.9700404858299595,4.291427674170041e-05
VogtmannE_2016,486,UniRef90_A5KP23,1198,0.0373063754965,9,0.9700404858299595,3.02075914951417e-05
VogtmannE_2016,487,UniRef90_Q8A9A0,1198,0.0364246537298,9,0.9700404858299595,2.9493646744777328e-05
VogtmannE_2016,488,UniRef90_A0A0P0L353,1198,0.034091463663999996,9,0.9700404858299595,2.7604424019433194e-05
VogtmannE_2016,489,UniRef90_A0A174ZJF4,1198,0.0310401098754,9,0.9700404858299595,2.5133692206801618e-05
VogtmannE_2016,490,UniRef90_A0A076IVA3,1198,0.030664383059,9,0.9700404858299595,2.4829459966801618e-05
VogtmannE_2016,491,UniRef90_Q8A8R5,1198,0.029952704192200003,9,0.9700404858299595,2.425320177506073e-05
VogtmannE_2016,492,UniRef90_D4J4C3,1198,0.0284070045761,9,0.9700404858299595,2.300162313854251e-05
VogtmannE_2016,493,UniRef90_R7CVM1,1198,0.028393161754,9,0.9700404858299595,2.2990414375708502e-05
VogtmannE_2016,494,UniRef90_D1PJ38,1198,0.026030993481,9,0.9700404858299595,2.1077727514979756e-05
VogtmannE_2016,495,UniRef90_A8SCH0,1198,0.0258885711692,9,0.9700404858299595,2.0962405805020243e-05
VogtmannE_2016,496,UniRef90_A0A174ZHE4,1198,0.0242797450839999,9,0.9700404858299595,1.96597126186234e-05
VogtmannE_2016,497,UniRef90_R9KD72,1198,0.0217533556408,9,0.9700404858299595,1.7614053150445343e-05
VogtmannE_2016,498,UniRef90_C7H6T3,1198,0.021528643759000002,9,0.9700404858299595,1.74321002097166e-05
VogtmannE_2016,499,UniRef90_D4ML13,1198,0.021172862761,9,0.9700404858299595,1.7144018429959514e-05
VogtmannE_2016,500,UniRef90_Q8A624,1198,0.0198575837201,9,0.9700404858299595,1.6079015157975708e-05
VogtmannE_2016,501,UniRef90_G9YLS6,1198,0.017000999898,9,0.9700404858299595,1.3765991820242915e-05
VogtmannE_2016,502,UniRef90_D5Q4B6,1198,0.00793258105729,9,0.9700404858299595,6.4231425565101215e-06
VogtmannE_2016,503,UniRef90_UPI000E51D229,1198,0.0053750853269,9,0.9700404858299595,4.352295811255061e-06
VogtmannE_2016,504,UniRef90_A0A0P0M182,1197,0.0626192075642,9,0.9692307692307692,5.07038117928745e-05
VogtmannE_2016,505,UniRef90_U2KCM5,1197,0.0555128631995,9,0.9692307692307692,4.494968680121458e-05
VogtmannE_2016,506,UniRef90_D3AK44,1197,0.055131786347699996,9,0.9692307692307692,4.464112254874494e-05
VogtmannE_2016,507,UniRef90_A0A2A7AMB7,1197,0.033763044899,9,0.9692307692307692,2.7338497893927125e-05
VogtmannE_2016,508,UniRef90_A0A2X3W5A8,1197,0.029230066465000003,9,0.9692307692307692,2.366807001214575e-05
VogtmannE_2016,509,UniRef90_Q8A6P7,1197,0.028889571779,9,0.9692307692307692,2.3392365812955464e-05
VogtmannE_2016,510,UniRef90_K9EIT5,1197,0.0268650521161,9,0.9692307692307692,2.175307863651822e-05
VogtmannE_2016,511,UniRef90_C0B9Z9,1197,0.0267161664758,9,0.9692307692307692,2.1632523462186234e-05
VogtmannE_2016,512,UniRef90_R6JI09,1197,0.0257011495581,9,0.9692307692307692,2.0810647415465587e-05
VogtmannE_2016,513,UniRef90_A6KYJ8,1197,0.025646995243,9,0.9692307692307692,2.0766797767611338e-05
VogtmannE_2016,514,UniRef90_D4V9V2,1197,0.0235474945649,9,0.9692307692307692,1.906679721854251e-05
VogtmannE_2016,515,UniRef90_W4UXB0,1197,0.0218718319666,9,0.9692307692307692,1.770998539805668e-05
VogtmannE_2016,516,UniRef90_C0EWA4,1197,0.0189471542065,9,0.9692307692307692,1.5341825268421052e-05
VogtmannE_2016,517,UniRef90_A0A173X477,1197,0.017621601772,9,0.9692307692307692,1.4268503459109312e-05
VogtmannE_2016,518,UniRef90_A8SHC7,1197,0.015273439099,9,0.9692307692307692,1.2367157165182187e-05
VogtmannE_2016,519,UniRef90_W5R5G6,1197,0.0128596944368,9,0.9692307692307692,1.0412708045991903e-05
VogtmannE_2016,520,UniRef90_U5F5C0,1197,0.0112232069593,9,0.9692307692307692,9.087616971093118e-06
VogtmannE_2016,521,UniRef90_R5F2A6,1197,0.00017380920332000003,9,0.9692307692307692,1.4073619702024295e-07
VogtmannE_2016,522,UniRef90_B6FT18,1196,0.054845861256,9,0.968421052631579,4.4409604255870446e-05
VogtmannE_2016,523,UniRef90_B0NSG7,1196,0.0342333975623,9,0.968421052631579,2.771935025287449e-05
VogtmannE_2016,524,UniRef90_R5M1J0,1196,0.031080783971,9,0.968421052631579,2.5166626697165993e-05
VogtmannE_2016,525,UniRef90_R6CPJ3,1196,0.029653465132,9,0.968421052631579,2.401090294089069e-05
VogtmannE_2016,526,UniRef90_A6L7J7,1196,0.029454861664,9,0.968421052631579,2.385009041619433e-05
VogtmannE_2016,527,UniRef90_G2T4S6,1196,0.027664999932,9,0.968421052631579,2.2400809661538463e-05
VogtmannE_2016,528,UniRef90_B0P655,1196,0.0259273123193,9,0.968421052631579,2.0993775157327937e-05
VogtmannE_2016,529,UniRef90_R5J6I6,1196,0.0250146692956,9,0.968421052631579,2.0254792951902832e-05
VogtmannE_2016,530,UniRef90_C4Z2T8,1196,0.0246053494537,9,0.968421052631579,1.992335988153846e-05
VogtmannE_2016,531,UniRef90_A6BL09,1196,0.0228037378219999,9,0.968421052631579,1.8464565038056598e-05
VogtmannE_2016,532,UniRef90_A0A174GT87,1196,0.022040363288999998,9,0.968421052631579,1.784644800728745e-05
VogtmannE_2016,533,UniRef90_F7LF68,1196,0.020940759889,9,0.968421052631579,1.6956080881781377e-05
VogtmannE_2016,534,UniRef90_A7AZP9,1196,0.020657511357,9,0.968421052631579,1.6726729843724697e-05
VogtmannE_2016,535,UniRef90_A0A174Y440,1196,0.020186523786,9,0.968421052631579,1.6345363389473684e-05
VogtmannE_2016,536,UniRef90_D7GUY4,1196,0.016824552032,9,0.968421052631579,1.3623119054251012e-05
VogtmannE_2016,537,UniRef90_C5ER84,1196,0.0165962805764,9,0.968421052631579,1.3438283867530364e-05
VogtmannE_2016,538,UniRef90_R7ADE8,1196,0.012679929921599999,9,0.968421052631579,1.0267149734089069e-05
VogtmannE_2016,539,UniRef90_A0A0N7J738,1196,0.011900139261600001,9,0.968421052631579,9.635740292793522e-06
VogtmannE_2016,540,UniRef90_V2XJP5,1196,0.010733307600999999,9,0.968421052631579,8.690937328744938e-06
VogtmannE_2016,541,UniRef90_A0A396E717,1195,0.067978878162,9,0.9676113360323887,5.504362604210526e-05
VogtmannE_2016,542,UniRef90_I9FJM4,1195,0.060165123610999995,9,0.9676113360323887,4.871669928016194e-05
VogtmannE_2016,543,UniRef90_R5JSR8,1195,0.035299710196,9,0.9676113360323887,2.8582761292307692e-05
VogtmannE_2016,544,UniRef90_A0A3E2YA41,1195,0.023963390677,9,0.9676113360323887,1.9403555204048582e-05
VogtmannE_2016,545,UniRef90_Q8A1A2,1195,0.0231767705975,9,0.9676113360323887,1.8766615868421053e-05
VogtmannE_2016,546,UniRef90_F3PTR4,1195,0.0223934004205,9,0.9676113360323887,1.8132308032793522e-05
VogtmannE_2016,547,UniRef90_C4ZEN0,1195,0.0222607285597,9,0.9676113360323887,1.8024881424858298e-05
VogtmannE_2016,548,UniRef90_A0A396G5C6,1195,0.0214835240695,9,0.9676113360323887,1.7395566048178137e-05
VogtmannE_2016,549,UniRef90_Q5LJ70,1195,0.0212497379576,9,0.9676113360323887,1.720626555271255e-05
VogtmannE_2016,550,UniRef90_Q8A468,1195,0.0200374699829999,9,0.9676113360323887,1.6224672051012065e-05
VogtmannE_2016,551,UniRef90_A8SV00,1195,0.019856435201,9,0.9676113360323887,1.6078085182995952e-05
VogtmannE_2016,552,UniRef90_C0FZS9,1195,0.019617122838,9,0.9676113360323887,1.58843099902834e-05
VogtmannE_2016,553,UniRef90_A0A173YUY9,1195,0.018872226606300002,9,0.9676113360323887,1.528115514680162e-05
VogtmannE_2016,554,UniRef90_U5F4R0,1195,0.0169472986364,9,0.9676113360323887,1.3722509017327937e-05
VogtmannE_2016,555,UniRef90_Q8A9V4,1195,0.0168474021222,9,0.9676113360323887,1.3641621151578949e-05
VogtmannE_2016,556,UniRef90_UPI0009EC6804,1195,0.0161150004646,9,0.9676113360323887,1.304858337214575e-05
VogtmannE_2016,557,UniRef90_A0A0F5JRS5,1195,0.0146320161175,9,0.9676113360323887,1.1847786329959515e-05
VogtmannE_2016,558,UniRef90_H1LZ82,1195,0.014032747845,9,0.9676113360323887,1.1362548862348178e-05
VogtmannE_2016,559,UniRef90_E1Z1J4,1194,0.055047342187,9,0.9668016194331984,4.4572746710121456e-05
VogtmannE_2016,560,UniRef90_A6KWD7,1194,0.038198911837699995,9,0.9668016194331984,3.0930292985991896e-05
VogtmannE_2016,561,UniRef90_A0A174UML5,1194,0.034048729198000005,9,0.9668016194331984,2.756982121295547e-05
VogtmannE_2016,562,UniRef90_A5ZWV4,1194,0.0281217709329,9,0.9668016194331984,2.2770664722995953e-05
VogtmannE_2016,563,UniRef90_D4L236,1194,0.0276759875745,9,0.9668016194331984,2.240970653805668e-05
VogtmannE_2016,564,UniRef90_D4JBN5,1194,0.0271853534771,9,0.9668016194331984,2.201243196526316e-05
VogtmannE_2016,565,UniRef90_D4L247,1194,0.0270707000556,9,0.9668016194331984,2.1919595186720647e-05
VogtmannE_2016,566,UniRef90_A0A396AE49,1194,0.026463614289,9,0.9668016194331984,2.1428027764372472e-05
VogtmannE_2016,567,UniRef90_C7H5A0,1194,0.024598684611,9,0.9668016194331984,1.9917963247773278e-05
VogtmannE_2016,568,UniRef90_C0FWL4,1194,0.0241795382332,9,0.9668016194331984,1.9578573468178138e-05
VogtmannE_2016,569,UniRef90_A0A174VPV8,1194,0.0228820846198,9,0.9668016194331984,1.8528003740728745e-05
VogtmannE_2016,570,UniRef90_A0A3E4KLQ4,1194,0.0221277781941,9,0.9668016194331984,1.7917229306963562e-05
VogtmannE_2016,571,UniRef90_R5J0A3,1194,0.0220865011689,9,0.9668016194331984,1.7883806614493926e-05
VogtmannE_2016,572,UniRef90_Q8A1E9,1194,0.0214437499949,9,0.9668016194331984,1.7363360319757087e-05
VogtmannE_2016,573,UniRef90_A0A374NTF3,1194,0.020304299456999998,9,0.9668016194331984,1.6440728305263156e-05
VogtmannE_2016,574,UniRef90_A0A174UXW6,1194,0.0196770896846,9,0.9668016194331984,1.593286614137652e-05
VogtmannE_2016,575,UniRef90_Q8A2E9,1194,0.0190258006146,9,0.9668016194331984,1.5405506570526316e-05
VogtmannE_2016,576,UniRef90_A0A174EHG3,1194,0.017866676316100002,9,0.9668016194331984,1.4466944385506074e-05
VogtmannE_2016,577,UniRef90_A0A139K7N7,1194,0.0170314464414,9,0.9668016194331984,1.3790644891821861e-05
VogtmannE_2016,578,UniRef90_A6P143,1194,0.015532215420259999,9,0.9668016194331984,1.2576692647983805e-05
VogtmannE_2016,579,UniRef90_A0A285PZB9,1194,0.0135910448296,9,0.9668016194331984,1.1004894598866397e-05
VogtmannE_2016,580,UniRef90_A0A174UTZ4,1194,0.0110758442211,9,0.9668016194331984,8.968294915870446e-06
VogtmannE_2016,581,UniRef90_D1JU67,1193,0.0790031885152,9,0.965991902834008,6.397019312971659e-05
VogtmannE_2016,582,UniRef90_A6KYH0,1193,0.032696406184,9,0.965991902834008,2.647482282105263e-05
VogtmannE_2016,583,UniRef90_A0A396DXA9,1193,0.030582631367499998,9,0.965991902834008,2.4763264265182186e-05
VogtmannE_2016,584,UniRef90_A0A174Z6W2,1193,0.029752617651799998,9,0.965991902834008,2.409118838202429e-05
VogtmannE_2016,585,UniRef90_D3AK48,1193,0.0280444075347,9,0.965991902834008,2.2708022295303645e-05
VogtmannE_2016,586,UniRef90_A7B4E8,1193,0.028042037444000002,9,0.965991902834008,2.270610319352227e-05
VogtmannE_2016,587,UniRef90_A0A3E4W6B3,1193,0.0220245532517,9,0.965991902834008,1.7833646357651823e-05
VogtmannE_2016,588,UniRef90_A0A396AFS7,1193,0.021652632935,9,0.965991902834008,1.7532496303643725e-05
VogtmannE_2016,589,UniRef90_A0A139KFG6,1193,0.0213867236037,9,0.965991902834008,1.7317185104210524e-05
VogtmannE_2016,590,UniRef90_A0A3E4FZP2,1193,0.0209773342101,9,0.965991902834008,1.6985695716680162e-05
VogtmannE_2016,591,UniRef90_Q5L8L7,1193,0.0209291569788999,9,0.965991902834008,1.6946685812874413e-05
VogtmannE_2016,592,UniRef90_R6K3Z5,1193,0.0208755897799,9,0.965991902834008,1.6903311562672065e-05
VogtmannE_2016,593,UniRef90_W4PJH4,1193,0.0195917691108,9,0.965991902834008,1.586378065651822e-05
VogtmannE_2016,594,UniRef90_Q8A608,1193,0.019147164548999902,9,0.965991902834008,1.550377696275296e-05
VogtmannE_2016,595,UniRef90_R5U104,1193,0.0188098824233,9,0.965991902834008,1.5230674026963563e-05
VogtmannE_2016,596,UniRef90_A0A139L5E5,1193,0.0183786314645,9,0.965991902834008,1.4881482967206477e-05
VogtmannE_2016,597,UniRef90_A0A173SRB7,1193,0.017887720144,9,0.965991902834008,1.4483983922267206e-05
VogtmannE_2016,598,UniRef90_A0A396A1T1,1193,0.017511211853600002,9,0.965991902834008,1.4179118909797572e-05
VogtmannE_2016,599,UniRef90_D4LFV9,1193,0.0139058947912,9,0.965991902834008,1.125983383902834e-05
VogtmannE_2016,600,UniRef90_A0A0E2H2A6,1193,0.0136964199748,9,0.965991902834008,1.1090218603076923e-05
VogtmannE_2016,601,UniRef90_C7H6T0,1193,0.0134623965066,9,0.965991902834008,1.0900725916275303e-05
VogtmannE_2016,602,UniRef90_A0A0T8UEX8,1193,0.013051925939,9,0.965991902834008,1.0568361084210527e-05
VogtmannE_2016,603,UniRef90_D4ML29,1193,0.0117923623703,9,0.965991902834008,9.548471554898786e-06
VogtmannE_2016,604,UniRef90_C7GDM5,1193,0.0112177100361,9,0.965991902834008,9.083166021133604e-06
VogtmannE_2016,605,UniRef90_A0A396G9A0,1193,0.010837003503099999,9,0.965991902834008,8.774901621943319e-06
VogtmannE_2016,606,UniRef90_C0D875,1193,0.0054393284177,9,0.965991902834008,4.404314508259109e-06
VogtmannE_2016,607,UniRef90_A6LE88,1192,0.04322526197,9,0.9651821862348178,3.500021212145749e-05
VogtmannE_2016,608,UniRef90_D4WMR9,1192,0.028614000714,9,0.9651821862348178,2.316923134736842e-05
VogtmannE_2016,609,UniRef90_R6X734,1192,0.0244216114516,9,0.9651821862348178,1.9774584171336034e-05
VogtmannE_2016,610,UniRef90_G2T4T7,1192,0.0237276439656999,9,0.9651821862348178,1.9212667178704375e-05
VogtmannE_2016,611,UniRef90_Q8A2S5,1192,0.023299682098,9,0.9651821862348178,1.8866139350607288e-05
VogtmannE_2016,612,UniRef90_Q5LJ28,1192,0.0227696075908,9,0.9651821862348178,1.843692922331984e-05
VogtmannE_2016,613,UniRef90_U2CWG0,1192,0.021188468489999997,9,0.9651821862348178,1.7156654647773277e-05
VogtmannE_2016,614,UniRef90_A0A139KHM2,1192,0.020935643427,9,0.9651821862348178,1.6951937997570852e-05
VogtmannE_2016,615,UniRef90_Q8A6N4,1192,0.02065566654,9,0.9651821862348178,1.6725236064777328e-05
VogtmannE_2016,616,UniRef90_Q5L7Z7,1192,0.020560124723999998,9,0.9651821862348178,1.6647874270445344e-05
VogtmannE_2016,617,UniRef90_F3PU10,1192,0.020557153059699997,9,0.9651821862348178,1.664546806453441e-05
VogtmannE_2016,618,UniRef90_Q8A5J0,1192,0.020520054015,9,0.9651821862348178,1.661542835222672e-05
VogtmannE_2016,619,UniRef90_Q8A0F5,1192,0.0195894022359999,9,0.9651821862348178,1.5861864158704372e-05
VogtmannE_2016,620,UniRef90_F7LJ47,1192,0.0187603614249999,9,0.9651821862348178,1.5190576052631498e-05
VogtmannE_2016,621,UniRef90_C6IGG8,1192,0.0180165126604,9,0.9651821862348178,1.4588269360647773e-05
VogtmannE_2016,622,UniRef90_Q8A9S3,1192,0.0180163391195,9,0.9651821862348178,1.4588128841700404e-05
VogtmannE_2016,623,UniRef90_Q8AAW1,1192,0.0174456239896999,9,0.9651821862348178,1.4126011327692226e-05
VogtmannE_2016,624,UniRef90_U2CGQ3,1192,0.0172338168179,9,0.9651821862348178,1.39545075448583e-05
VogtmannE_2016,625,UniRef90_R6VHQ2,1192,0.0161745229503,9,0.9651821862348178,1.3096779716842103e-05
VogtmannE_2016,626,UniRef90_A0A149NF03,1192,0.014849085966899999,9,0.9651821862348178,1.2023551390202428e-05
VogtmannE_2016,627,UniRef90_A5ZS75,1192,0.01293462461796,9,0.9651821862348178,1.047338025745749e-05
VogtmannE_2016,628,UniRef90_D1PJ32,1192,0.0114866772644,9,0.9651821862348178,9.300953250526316e-06
VogtmannE_2016,629,UniRef90_A0A396G4X1,1191,0.1046260480857,9,0.9643724696356275,8.471744784267207e-05
VogtmannE_2016,630,UniRef90_A0A1C6GXE7,1191,0.0476949659637,9,0.9643724696356275,3.8619405638623484e-05
VogtmannE_2016,631,UniRef90_W6NZ48,1191,0.037183412691,9,0.9643724696356275,3.0108026470445343e-05
VogtmannE_2016,632,UniRef90_A5KRH1,1191,0.0328728114455,9,0.9643724696356275,2.6617661089473684e-05
VogtmannE_2016,633,UniRef90_A0A173S9W5,1191,0.025011542926,9,0.9643724696356275,2.025226147854251e-05
VogtmannE_2016,634,UniRef90_Q8A1A7,1191,0.024333338507,9,0.9643724696356275,1.9703108102834008e-05
VogtmannE_2016,635,UniRef90_A0A120A3C2,1191,0.0235219940445,9,0.9643724696356275,1.904614902388664e-05
VogtmannE_2016,636,UniRef90_A0A1Q6HIL9,1191,0.0213075005911,9,0.9643724696356275,1.7253036915870445e-05
VogtmannE_2016,637,UniRef90_Q8A477,1191,0.021178925626,9,0.9643724696356275,1.7148927632388664e-05
VogtmannE_2016,638,UniRef90_G9RNY1,1191,0.0209628705133,9,0.9643724696356275,1.6973984221295547e-05
VogtmannE_2016,639,UniRef90_Q8A0Z3,1191,0.0204418662435,9,0.9643724696356275,1.6552118415789476e-05
VogtmannE_2016,640,UniRef90_Q5L9Q6,1191,0.0197179423307,9,0.9643724696356275,1.5965945207044535e-05
VogtmannE_2016,641,UniRef90_A0A1Y4VD92,1191,0.019222428069,9,0.9643724696356275,1.5564719084210527e-05
VogtmannE_2016,642,UniRef90_Q8A479,1191,0.018926543304,9,0.9643724696356275,1.532513627854251e-05
VogtmannE_2016,643,UniRef90_R6SKW0,1191,0.0187389219493,9,0.9643724696356275,1.5173216153279351e-05
VogtmannE_2016,644,UniRef90_B6W3T5,1191,0.0183525475006,9,0.9643724696356275,1.4860362348663967e-05
VogtmannE_2016,645,UniRef90_A0A173X9Q0,1191,0.018300876338,9,0.9643724696356275,1.4818523350607288e-05
VogtmannE_2016,646,UniRef90_Q8A015,1191,0.0180157140406,9,0.9643724696356275,1.4587622704939272e-05
VogtmannE_2016,647,UniRef90_C4Z0Q6,1191,0.0177769834673,9,0.9643724696356275,1.4394318597004049e-05
VogtmannE_2016,648,UniRef90_R6VFW8,1191,0.0165152662111,9,0.9643724696356275,1.3372685191174088e-05
VogtmannE_2016,649,UniRef90_Q8A255,1191,0.0160283781738,9,0.9643724696356275,1.2978443865425102e-05
VogtmannE_2016,650,UniRef90_Q5LGL5,1191,0.0139346477238,9,0.9643724696356275,1.128311556582996e-05
VogtmannE_2016,651,UniRef90_D1PJ25,1191,0.013002791661,9,0.9643724696356275,1.0528576243724695e-05
VogtmannE_2016,652,UniRef90_U2BWN4,1191,0.012569199587,9,0.9643724696356275,1.0177489544129554e-05
VogtmannE_2016,653,UniRef90_B8QUH0,1191,0.011793021114,9,0.9643724696356275,9.549004950607288e-06
VogtmannE_2016,654,UniRef90_A0A3E4V1D1,1191,0.0095396958791,9,0.9643724696356275,7.724450104534413e-06
VogtmannE_2016,655,UniRef90_C0FXK6,1191,0.008323916899600001,9,0.9643724696356275,6.740013683886641e-06
VogtmannE_2016,656,UniRef90_A0A3A8Z586,1191,0.0035633133958999997,9,0.9643724696356275,2.8852740047773275e-06
VogtmannE_2016,657,UniRef90_E5UU61,1190,0.050970981332,9,0.9635627530364372,4.1272049661538466e-05
VogtmannE_2016,658,UniRef90_A5ZSE4,1190,0.0415154375608,9,0.9635627530364372,3.3615738915627527e-05
VogtmannE_2016,659,UniRef90_A6KYR3,1190,0.0338532744072,9,0.9635627530364372,2.741155822445344e-05
VogtmannE_2016,660,UniRef90_E5VPG8,1190,0.02931081414,9,0.9635627530364372,2.373345274493927e-05
VogtmannE_2016,661,UniRef90_A0A0J0U668,1190,0.026775883714,9,0.9635627530364372,2.1680877501214574e-05
VogtmannE_2016,662,UniRef90_F3PVG7,1190,0.026625423448,9,0.9635627530364372,2.155904732631579e-05
VogtmannE_2016,663,UniRef90_A7VCS4,1190,0.02639351656538,9,0.9635627530364372,2.13712684739919e-05
VogtmannE_2016,664,UniRef90_Q8A5S7,1190,0.025199617177,9,0.9635627530364372,2.040454832145749e-05
VogtmannE_2016,665,UniRef90_A0A174EJL6,1190,0.025068646663000002,9,0.9635627530364372,2.029849932226721e-05
VogtmannE_2016,666,UniRef90_Q8A489,1190,0.0246005565575,9,0.9635627530364372,1.9919478993927127e-05
VogtmannE_2016,667,UniRef90_R6K688,1190,0.022072454592,9,0.9635627530364372,1.7872432868016192e-05
VogtmannE_2016,668,UniRef90_R6MDY5,1190,0.021597034564800003,9,0.9635627530364372,1.748747738040486e-05
VogtmannE_2016,669,UniRef90_A0A174T2A6,1190,0.0211080676604,9,0.9635627530364372,1.709155276145749e-05
VogtmannE_2016,670,UniRef90_Q8A094,1190,0.020286725855,9,0.9635627530364372,1.6426498668016194e-05
VogtmannE_2016,671,UniRef90_Q8A135,1190,0.020084180303,9,0.9635627530364372,1.6262494172469636e-05
VogtmannE_2016,672,UniRef90_A0A139KHH7,1190,0.0198909452282,9,0.9635627530364372,1.61060285248583e-05
VogtmannE_2016,673,UniRef90_A0A139K309,1190,0.0195442582871,9,0.9635627530364372,1.5825310353927123e-05
VogtmannE_2016,674,UniRef90_R7EI38,1190,0.0195369519102999,9,0.9635627530364372,1.5819394259352144e-05
VogtmannE_2016,675,UniRef90_Q5LD96,1190,0.0194630780932999,9,0.9635627530364372,1.5759577403481703e-05
VogtmannE_2016,676,UniRef90_R6J8M2,1190,0.0193370136286,9,0.9635627530364372,1.565750091384615e-05
VogtmannE_2016,677,UniRef90_C7H6R1,1190,0.0181077821601,9,0.9635627530364372,1.4662171789554654e-05
VogtmannE_2016,678,UniRef90_A0A396E1H8,1190,0.0174486305779,9,0.9635627530364372,1.4128445812064776e-05
VogtmannE_2016,679,UniRef90_R6KLK7,1190,0.0171426431878,9,0.9635627530364372,1.3880682743157895e-05
VogtmannE_2016,680,UniRef90_Q8A988,1190,0.016771088102000002,9,0.9635627530364372,1.3579828422672066e-05
VogtmannE_2016,681,UniRef90_Q8A997,1190,0.0163567400528,9,0.9635627530364372,1.3244323929392711e-05
VogtmannE_2016,682,UniRef90_A0A1H4BVR5,1190,0.0127395125182,9,0.9635627530364372,1.0315394751578948e-05
VogtmannE_2016,683,UniRef90_C6LJT8,1190,0.0104501229418,9,0.9635627530364372,8.461638009554656e-06
VogtmannE_2016,684,UniRef90_J6HFP1,1190,0.0073148166417999995,9,0.9635627530364372,5.922928454898785e-06
VogtmannE_2016,685,UniRef90_J5UNM3,1190,0.00717601121,9,0.9635627530364372,5.8105353927125505e-06
VogtmannE_2016,686,UniRef90_A7B5W7,1189,0.1380735695627,9,0.962753036437247,0.00011180046118437248
VogtmannE_2016,687,UniRef90_A5Z5I8,1189,0.0492842556756,9,0.962753036437247,3.9906279899271255e-05
VogtmannE_2016,688,UniRef90_A0A139K413,1189,0.043561992640000005,9,0.962753036437247,3.527286853441296e-05
VogtmannE_2016,689,UniRef90_A0A374QB39,1189,0.0261159981926,9,0.962753036437247,2.114655724097166e-05
VogtmannE_2016,690,UniRef90_Q8A476,1189,0.025552939056,9,0.962753036437247,2.069063891174089e-05
VogtmannE_2016,691,UniRef90_K5CBL1,1189,0.023763726731999998,9,0.962753036437247,1.9241883993522264e-05
VogtmannE_2016,692,UniRef90_I8V0Z4,1189,0.0234922665909,9,0.962753036437247,1.902207821125506e-05
VogtmannE_2016,693,UniRef90_Q5LGS0,1189,0.0220973678539,9,0.962753036437247,1.78926055497166e-05
VogtmannE_2016,694,UniRef90_A0A174EAY6,1189,0.021868937708,9,0.962753036437247,1.770764186882591e-05
VogtmannE_2016,695,UniRef90_K9E1G2,1189,0.0207533258339999,9,0.962753036437247,1.680431241619425e-05
VogtmannE_2016,696,UniRef90_I9JB29,1189,0.0201590965426,9,0.962753036437247,1.632315509522267e-05
VogtmannE_2016,697,UniRef90_I8XN29,1189,0.020086563945,9,0.962753036437247,1.6264424246963564e-05
VogtmannE_2016,698,UniRef90_Q8A463,1189,0.019927983120999998,9,0.962753036437247,1.613601872145749e-05
VogtmannE_2016,699,UniRef90_Q8A1D5,1189,0.019913713673899998,9,0.962753036437247,1.612446451327935e-05
VogtmannE_2016,700,UniRef90_D7GUX7,1189,0.019859520151,9,0.962753036437247,1.6080583118218623e-05
VogtmannE_2016,701,UniRef90_B6W3Z6,1189,0.019464078281,9,0.962753036437247,1.5760387272064777e-05
VogtmannE_2016,702,UniRef90_A0A395V6Q9,1189,0.017932627089299998,9,0.962753036437247,1.4520345821295545e-05
VogtmannE_2016,703,UniRef90_Q8A294,1189,0.0171371208477,9,0.962753036437247,1.387621121271255e-05
VogtmannE_2016,704,UniRef90_A0A173TI16,1189,0.0167355750132,9,0.962753036437247,1.3551072885182186e-05
VogtmannE_2016,705,UniRef90_Q8A004,1189,0.0141501610464999,9,0.962753036437247,1.1457620280566721e-05
VogtmannE_2016,706,UniRef90_C0CY94,1189,0.0137538910382,9,0.962753036437247,1.113675387708502e-05
VogtmannE_2016,707,UniRef90_A0A174HSR4,1189,0.01154659973802,9,0.962753036437247,9.349473472080972e-06
VogtmannE_2016,708,UniRef90_C4ZEP3,1189,0.011409415990100001,9,0.962753036437247,9.238393514251013e-06
VogtmannE_2016,709,UniRef90_F7JK95,1189,0.0113498586546,9,0.962753036437247,9.190168951093118e-06
VogtmannE_2016,710,UniRef90_B6FT28,1189,0.010705822146,9,0.962753036437247,8.668681899595142e-06
VogtmannE_2016,711,UniRef90_D4MWD7,1189,0.009465295878,9,0.962753036437247,7.664207188663968e-06
VogtmannE_2016,712,UniRef90_A0A1C5YWX9,1189,0.0084246462049,9,0.962753036437247,6.821575874412956e-06
VogtmannE_2016,713,UniRef90_B8QUG9,1189,0.0075091643153,9,0.962753036437247,6.0802949921457495e-06
VogtmannE_2016,714,UniRef90_Q45122,1188,0.5617684434818,9,0.9619433198380567,0.000454873233588502
VogtmannE_2016,715,UniRef90_C4ZER8,1188,0.16786192770379998,9,0.9619433198380567,0.00013592058923384614
VogtmannE_2016,716,UniRef90_D4KN84,1188,0.030272395532,9,0.9619433198380567,2.451206115951417e-05
VogtmannE_2016,717,UniRef90_R7AEJ7,1188,0.0272117181405,9,0.9619433198380567,2.20337798708502e-05
VogtmannE_2016,718,UniRef90_B7ANN7,1188,0.0265051259257,9,0.9619433198380567,2.1461640425668016e-05
VogtmannE_2016,719,UniRef90_D4L188,1188,0.025000430365,9,0.9619433198380567,2.0243263453441296e-05
VogtmannE_2016,720,UniRef90_A0A174FKR7,1188,0.0243177604973,9,0.9619433198380567,1.969049432979757e-05
VogtmannE_2016,721,UniRef90_K9E0F3,1188,0.023839306526,9,0.9619433198380567,1.930308220728745e-05
VogtmannE_2016,722,UniRef90_A0A1E3A9M3,1188,0.0234077390165999,9,0.9619433198380567,1.8953634831254977e-05
VogtmannE_2016,723,UniRef90_A0A1E3UNY3,1188,0.023314253058,9,0.9619433198380567,1.8877937698785426e-05
VogtmannE_2016,724,UniRef90_A0A016DEW0,1188,0.022619639211000003,9,0.9619433198380567,1.831549733684211e-05
VogtmannE_2016,725,UniRef90_A0A0D0ZIG5,1188,0.022266202832999998,9,0.9619433198380567,1.8029314034817813e-05
VogtmannE_2016,726,UniRef90_A0A3E4I5X3,1188,0.0221071501303,9,0.9619433198380567,1.7900526421295547e-05
VogtmannE_2016,727,UniRef90_A0A174KPV5,1188,0.021563449284599998,9,0.9619433198380567,1.746028282153846e-05
VogtmannE_2016,728,UniRef90_Q8A5V7,1188,0.021221169758,9,0.9619433198380567,1.718313340728745e-05
VogtmannE_2016,729,UniRef90_Q8A7G0,1188,0.0211839359442,9,0.9619433198380567,1.715298457020243e-05
VogtmannE_2016,730,UniRef90_I8XGM3,1188,0.0211789474297,9,0.9619433198380567,1.7148945287206478e-05
VogtmannE_2016,731,UniRef90_Q8A639,1188,0.02053773373,9,0.9619433198380567,1.6629743910931173e-05
VogtmannE_2016,732,UniRef90_U2D5N3,1188,0.0203181913317,9,0.9619433198380567,1.645197678680162e-05
VogtmannE_2016,733,UniRef90_R5JC86,1188,0.0203094771133,9,0.9619433198380567,1.644492073951417e-05
VogtmannE_2016,734,UniRef90_Q5LAS7,1188,0.0197376296374,9,0.9619433198380567,1.5981886346072873e-05
VogtmannE_2016,735,UniRef90_B6FKK1,1188,0.019544478302,9,0.9619433198380567,1.5825488503643724e-05
VogtmannE_2016,736,UniRef90_A0A174DTK3,1188,0.018896277104,9,0.9619433198380567,1.5300629234008098e-05
VogtmannE_2016,737,UniRef90_A0A1C5Z857,1188,0.0181111628002,9,0.9619433198380567,1.4664909149959515e-05
VogtmannE_2016,738,UniRef90_R6FPH6,1188,0.0174636942484999,9,0.9619433198380567,1.414064311619425e-05
VogtmannE_2016,739,UniRef90_R6AK17,1188,0.0172127300155,9,0.9619433198380567,1.3937433210931174e-05
VogtmannE_2016,740,UniRef90_Q89YY3,1188,0.0164870865319,9,0.9619433198380567,1.3349867637165993e-05
VogtmannE_2016,741,UniRef90_Q5LBQ4,1188,0.0151777345309,9,0.9619433198380567,1.2289663587773278e-05
VogtmannE_2016,742,UniRef90_R6K4C9,1188,0.014335438173,9,0.9619433198380567,1.160764224534413e-05
VogtmannE_2016,743,UniRef90_Q8A528,1188,0.0142045991984999,9,0.9619433198380567,1.1501699755870365e-05
VogtmannE_2016,744,UniRef90_Q5LC76,1188,0.0135004094586,9,0.9619433198380567,1.0931505634493926e-05
VogtmannE_2016,745,UniRef90_A0A0J9I2L5,1188,0.0108395944293,9,0.9619433198380567,8.776999537894736e-06
VogtmannE_2016,746,UniRef90_A0A174QCE9,1188,0.0096058419652,9,0.9619433198380567,7.778009688421053e-06
VogtmannE_2016,747,UniRef90_A0A078RXH7,1188,0.0085484624768,9,0.9619433198380567,6.921831965020243e-06
VogtmannE_2016,748,UniRef90_A0A0J8Z0W9,1188,0.008523730454000001,9,0.9619433198380567,6.901806035627531e-06
VogtmannE_2016,749,UniRef90_U2CUG5,1188,0.007257729617,9,0.9619433198380567,5.876704143319838e-06
VogtmannE_2016,750,UniRef90_A0A0P6CHJ0,1188,0.0069741101241,9,0.9619433198380567,5.6470527320647774e-06
VogtmannE_2016,751,UniRef90_T4BVE4,1187,0.7702964098874999,9,0.9611336032388664,0.000623721789382591
VogtmannE_2016,752,UniRef90_A0A174N306,1187,0.042631103231,9,0.9611336032388664,3.451911192793522e-05
VogtmannE_2016,753,UniRef90_A0A174DHG3,1187,0.031282927875000005,9,0.9611336032388664,2.5330305971659924e-05
VogtmannE_2016,754,UniRef90_A5ZV45,1187,0.031281421528,9,0.9611336032388664,2.532908625748988e-05
VogtmannE_2016,755,UniRef90_E6SRC4,1187,0.025250371992,9,0.9611336032388664,2.044564533765182e-05
VogtmannE_2016,756,UniRef90_A0A173YQT1,1187,0.024597349306,9,0.9611336032388664,1.99168820291498e-05
VogtmannE_2016,757,UniRef90_A0A3E4IFP6,1187,0.0245797343076,9,0.9611336032388664,1.990261887255061e-05
VogtmannE_2016,758,UniRef90_A0A078PLC9,1187,0.0239680124032,9,0.9611336032388664,1.9407297492469636e-05
VogtmannE_2016,759,UniRef90_C4ZFE2,1187,0.0232253118738999,9,0.9611336032388664,1.8805920545667936e-05
VogtmannE_2016,760,UniRef90_A0A1R7JGV1,1187,0.022444940243,9,0.9611336032388664,1.817404068259109e-05
VogtmannE_2016,761,UniRef90_D6D3U5,1187,0.0212027268834,9,0.9611336032388664,1.7168199905587044e-05
VogtmannE_2016,762,UniRef90_D4LGZ5,1187,0.020639923886,9,0.9611336032388664,1.671248897651822e-05
VogtmannE_2016,763,UniRef90_Q5LI10,1187,0.0204124561889999,9,0.9611336032388664,1.6528304606477654e-05
VogtmannE_2016,764,UniRef90_E5WVY3,1187,0.019797208322,9,0.9611336032388664,1.6030128195951417e-05
VogtmannE_2016,765,UniRef90_A0A0M6WEI8,1187,0.0197301502368,9,0.9611336032388664,1.5975830151255062e-05
VogtmannE_2016,766,UniRef90_B5D0R2,1187,0.01935073867,9,0.9611336032388664,1.5668614307692307e-05
VogtmannE_2016,767,UniRef90_P22841,1187,0.0188656472913,9,0.9611336032388664,1.5275827766234817e-05
VogtmannE_2016,768,UniRef90_P15623,1187,0.0176688655678,9,0.9611336032388664,1.4306773739109313e-05
VogtmannE_2016,769,UniRef90_A5ZGJ8,1187,0.0173183128596,9,0.9611336032388664,1.4022925392388664e-05
VogtmannE_2016,770,UniRef90_R6FT54,1187,0.0170980942907,9,0.9611336032388664,1.3844610761700406e-05
VogtmannE_2016,771,UniRef90_A0A0D8J402,1187,0.0169734021061,9,0.9611336032388664,1.3743645430040485e-05
VogtmannE_2016,772,UniRef90_R5CBB2,1187,0.0165436626944,9,0.9611336032388664,1.3395678295060728e-05
VogtmannE_2016,773,UniRef90_A0A174RP44,1187,0.0163865648714,9,0.9611336032388664,1.3268473580080973e-05
VogtmannE_2016,774,UniRef90_A0A3E4IC05,1187,0.016245507896799998,9,0.9611336032388664,1.3154257406315789e-05
VogtmannE_2016,775,UniRef90_Q8A9E3,1187,0.015980168620200002,9,0.9611336032388664,1.2939407789635629e-05
VogtmannE_2016,776,UniRef90_A0A0P0GUH0,1187,0.015459321003,9,0.9611336032388664,1.251766882834008e-05
VogtmannE_2016,777,UniRef90_Q5L7B7,1187,0.01360050582,9,0.9611336032388664,1.1012555319838057e-05
VogtmannE_2016,778,UniRef90_A0A0P0GD67,1187,0.013585211176199999,9,0.9611336032388664,1.1000170992874494e-05
VogtmannE_2016,779,UniRef90_D3AUQ8,1187,0.0121568577624,9,0.9611336032388664,9.843609524210527e-06
VogtmannE_2016,780,UniRef90_R5MCK3,1187,0.0102078232306,9,0.9611336032388664,8.265443911417004e-06
VogtmannE_2016,781,UniRef90_R8W025,1187,0.00348586156754,9,0.9611336032388664,2.822559973716599e-06
VogtmannE_2016,782,UniRef90_C0FSN2,1186,0.156659367802,9,0.9603238866396762,0.0001268496905279352
VogtmannE_2016,783,UniRef90_A0A3E2V1T3,1186,0.1063076758361,9,0.9603238866396762,8.607908974582996e-05
VogtmannE_2016,784,UniRef90_A6L5E5,1186,0.0415128524465,9,0.9603238866396762,3.3613645705668016e-05
VogtmannE_2016,785,UniRef90_C3RAI8,1186,0.032349375908100005,9,0.9603238866396762,2.6193826646234823e-05
VogtmannE_2016,786,UniRef90_B5D0K9,1186,0.0292288709142,9,0.9603238866396762,2.3667101954817814e-05
VogtmannE_2016,787,UniRef90_B0NQJ5,1186,0.0274669826344,9,0.9603238866396762,2.2240471768744937e-05
VogtmannE_2016,788,UniRef90_K5ZNU4,1186,0.0240045516962,9,0.9603238866396762,1.9436883964534412e-05
VogtmannE_2016,789,UniRef90_Q8A4A3,1186,0.023346986389,9,0.9603238866396762,1.8904442420242915e-05
VogtmannE_2016,790,UniRef90_Q5L923,1186,0.021896466292,9,0.9603238866396762,1.7729932220242914e-05
VogtmannE_2016,791,UniRef90_A0A395X5F0,1186,0.0210213598063,9,0.9603238866396762,1.702134397271255e-05
VogtmannE_2016,792,UniRef90_A0A3E2VAN0,1186,0.0205830369178,9,0.9603238866396762,1.666642665408907e-05
VogtmannE_2016,793,UniRef90_B5D0R0,1186,0.020014349903000002,9,0.9603238866396762,1.620595133846154e-05
VogtmannE_2016,794,UniRef90_A0A329TNI2,1186,0.01983526972406,9,0.9603238866396762,1.6060947144987852e-05
VogtmannE_2016,795,UniRef90_F3PHR0,1186,0.019085928345800002,9,0.9603238866396762,1.545419299255061e-05
VogtmannE_2016,796,UniRef90_A0A285PPJ6,1186,0.018783808169,9,0.9603238866396762,1.5209561270445344e-05
VogtmannE_2016,797,UniRef90_R6SZ51,1186,0.0182620604172,9,0.9603238866396762,1.4787093455222672e-05
VogtmannE_2016,798,UniRef90_D4ML16,1186,0.018133097158,9,0.9603238866396762,1.4682669763562752e-05
VogtmannE_2016,799,UniRef90_C3R9X8,1186,0.0179297022906,9,0.9603238866396762,1.4517977563238867e-05
VogtmannE_2016,800,UniRef90_R5JRC2,1186,0.0176101235518,9,0.9603238866396762,1.425920935368421e-05
VogtmannE_2016,801,UniRef90_D4WFW2,1186,0.0173846225083,9,0.9603238866396762,1.4076617415627532e-05
VogtmannE_2016,802,UniRef90_Q8A9W1,1186,0.0172703639072,9,0.9603238866396762,1.39841003297166e-05
VogtmannE_2016,803,UniRef90_A0A3E4VXM1,1186,0.017055499491899998,9,0.9603238866396762,1.3810121046072872e-05
VogtmannE_2016,804,UniRef90_C7H6Y3,1186,0.0168028147286,9,0.9603238866396762,1.3605517998866395e-05
VogtmannE_2016,805,UniRef90_Q8AA75,1186,0.0162186254204,9,0.9603238866396762,1.3132490218947369e-05
VogtmannE_2016,806,UniRef90_A0A139K266,1186,0.0149593979582,9,0.9603238866396762,1.2112872840647773e-05
VogtmannE_2016,807,UniRef90_C9LBR4,1186,0.01336474723,9,0.9603238866396762,1.082165767611336e-05
VogtmannE_2016,808,UniRef90_Q8AA47,1186,0.012767403969300001,9,0.9603238866396762,1.0337978922510123e-05
VogtmannE_2016,809,UniRef90_B6FNP2,1186,0.012211112846559999,9,0.9603238866396762,9.887540766445342e-06
VogtmannE_2016,810,UniRef90_A0A1E3AP68,1186,0.0077849608740000005,9,0.9603238866396762,6.303612043724697e-06
VogtmannE_2016,811,UniRef90_A0A174VPA8,1186,0.0068966131988,9,0.9603238866396762,5.584302185263158e-06
VogtmannE_2016,812,UniRef90_A8S470,1185,0.15662587366080002,9,0.9595141700404858,0.00012682256976583
VogtmannE_2016,813,UniRef90_A0A175AB67,1185,0.0754655292762,9,0.9595141700404858,6.110569172161943e-05
VogtmannE_2016,814,UniRef90_A0A3E2XTM8,1185,0.0353463614112,9,0.9595141700404858,2.862053555562753e-05
VogtmannE_2016,815,UniRef90_C0F0D4,1185,0.026776662243000002,9,0.9595141700404858,2.1681507889068826e-05
VogtmannE_2016,816,UniRef90_U2DQ57,1185,0.022896872986,9,0.9595141700404858,1.853997812631579e-05
VogtmannE_2016,817,UniRef90_C6LD81,1185,0.021452094683,9,0.9595141700404858,1.7370117152226723e-05
VogtmannE_2016,818,UniRef90_A0A3E4IFT2,1185,0.0208200315288,9,0.9595141700404858,1.6858325124534412e-05
VogtmannE_2016,819,UniRef90_A9KJI7,1185,0.018176334266,9,0.9595141700404858,1.4717679567611336e-05
VogtmannE_2016,820,UniRef90_F3PFC2,1185,0.0177881116955999,9,0.9595141700404858,1.4403329308178056e-05
VogtmannE_2016,821,UniRef90_U6RFM9,1185,0.017567642798,9,0.9595141700404858,1.4224811982186236e-05
VogtmannE_2016,822,UniRef90_E6SPK9,1185,0.0171912038057,9,0.9595141700404858,1.392000308153846e-05
VogtmannE_2016,823,UniRef90_D4LNK5,1185,0.0170672836779,9,0.9595141700404858,1.3819662897085019e-05
VogtmannE_2016,824,UniRef90_R5JD85,1185,0.0167843014813,9,0.9595141700404858,1.3590527515222673e-05
VogtmannE_2016,825,UniRef90_A0A173YRZ1,1185,0.0159075035914,9,0.9595141700404858,1.2880569709635626e-05
VogtmannE_2016,826,UniRef90_A0A395X463,1185,0.014406242753,9,0.9595141700404858,1.1664973889068826e-05
VogtmannE_2016,827,UniRef90_A0A0K6BTG9,1185,0.0142842551562,9,0.9595141700404858,1.1566198507044535e-05
VogtmannE_2016,828,UniRef90_C0CYA8,1185,0.0134625855111,9,0.9595141700404858,1.0900878956356275e-05
VogtmannE_2016,829,UniRef90_B0PDJ0,1185,0.013203152281,9,0.9595141700404858,1.0690811563562752e-05
VogtmannE_2016,830,UniRef90_R5W4D0,1185,0.0097981887996,9,0.9595141700404858,7.933756113036438e-06
VogtmannE_2016,831,UniRef90_UPI000E5061B6,1185,0.0020401833113999,9,0.9595141700404858,1.6519702926314978e-06
VogtmannE_2016,832,UniRef90_B0NEY0,1184,0.0441442648112,9,0.9587044534412955,3.574434397668016e-05
VogtmannE_2016,833,UniRef90_A7VY07,1184,0.0374998314025,9,0.9587044534412955,3.0364235953441297e-05
VogtmannE_2016,834,UniRef90_R6DH93,1184,0.0331736003046,9,0.9587044534412955,2.6861214821538463e-05
VogtmannE_2016,835,UniRef90_B3JFM7,1184,0.0290652802904,9,0.9587044534412955,2.3534639911255063e-05
VogtmannE_2016,836,UniRef90_D4JD40,1184,0.027921788500400002,9,0.9587044534412955,2.2608735627854253e-05
VogtmannE_2016,837,UniRef90_Q8A2E6,1184,0.02516741954,9,0.9587044534412955,2.0378477360323887e-05
VogtmannE_2016,838,UniRef90_Q8A5S6,1184,0.0228321628289,9,0.9587044534412955,1.848758123797571e-05
VogtmannE_2016,839,UniRef90_A0A396C2N2,1184,0.022723297525399998,9,0.9587044534412955,1.839943119465587e-05
VogtmannE_2016,840,UniRef90_A0A3E5EGA0,1184,0.0214976451445,9,0.9587044534412955,1.740700011700405e-05
VogtmannE_2016,841,UniRef90_Q5LG30,1184,0.020733947255,9,0.9587044534412955,1.678862125910931e-05
VogtmannE_2016,842,UniRef90_D6DLD6,1184,0.0203143909921,9,0.9587044534412955,1.644889958874494e-05
VogtmannE_2016,843,UniRef90_Q8A012,1184,0.0194313102521999,9,0.9587044534412955,1.573385445522259e-05
VogtmannE_2016,844,UniRef90_F7KH41,1184,0.0184395278374,9,0.9587044534412955,1.4930791771174089e-05
VogtmannE_2016,845,UniRef90_W4PMK4,1184,0.0180158159899999,9,0.9587044534412955,1.4587705255060648e-05
VogtmannE_2016,846,UniRef90_A0A0P0G9A9,1184,0.017693564199,9,0.9587044534412955,1.432677263076923e-05
VogtmannE_2016,847,UniRef90_W4PJV7,1184,0.0165864601329999,9,0.9587044534412955,1.3430332091497895e-05
VogtmannE_2016,848,UniRef90_Q5L8B9,1184,0.016428011789,9,0.9587044534412955,1.3302033837246963e-05
VogtmannE_2016,849,UniRef90_A0A0K6BQY7,1184,0.0147809700105,9,0.9587044534412955,1.1968396769635626e-05
VogtmannE_2016,850,UniRef90_F3PQX9,1184,0.0147176531038,9,0.9587044534412955,1.1917128019271256e-05
VogtmannE_2016,851,UniRef90_A0A396E7W7,1184,0.0144343785358,9,0.9587044534412955,1.1687755899433198e-05
VogtmannE_2016,852,UniRef90_C9L352,1184,0.0137263099813,9,0.9587044534412955,1.1114421037489879e-05
VogtmannE_2016,853,UniRef90_E1KPU4,1184,0.0126788188813999,9,0.9587044534412955,1.0266250106396681e-05
VogtmannE_2016,854,UniRef90_B6FN01,1184,0.0123094465373,9,0.9587044534412955,9.967163188097166e-06
VogtmannE_2016,855,UniRef90_R9JHQ9,1184,0.0112795658764,9,0.9587044534412955,9.133251721781376e-06
VogtmannE_2016,856,UniRef90_A0A174SPG7,1184,0.0083355001691,9,0.9587044534412955,6.7493928494736845e-06
VogtmannE_2016,857,UniRef90_C4Z2R9,1184,0.0083232004805,9,0.9587044534412955,6.739433587449393e-06
VogtmannE_2016,858,UniRef90_H1LZ69,1184,0.007771682471400001,9,0.9587044534412955,6.2928603007287455e-06
VogtmannE_2016,859,UniRef90_A0A1Y4UDK6,1184,0.0058821759293,9,0.9587044534412955,4.762895489311741e-06
VogtmannE_2016,860,UniRef90_E2ZLQ0,1183,0.050725709483,9,0.9578947368421052,4.107344897408907e-05
VogtmannE_2016,861,UniRef90_P10738,1183,0.030248898942000002,9,0.9578947368421052,2.4493035580566804e-05
VogtmannE_2016,862,UniRef90_A0A396A061,1183,0.0277220864666,9,0.9578947368421052,2.2447033576194332e-05
VogtmannE_2016,863,UniRef90_A7VCS5,1183,0.026397860373,9,0.9578947368421052,2.1374785727125506e-05
VogtmannE_2016,864,UniRef90_A0A1Y4P879,1183,0.0222650306595,9,0.9578947368421052,1.8028364906477733e-05
VogtmannE_2016,865,UniRef90_A0A3E4IFI0,1183,0.0218558361399,9,0.9578947368421052,1.769703331165992e-05
VogtmannE_2016,866,UniRef90_Q64RV7,1183,0.0216648900661,9,0.9578947368421052,1.7542421106153846e-05
VogtmannE_2016,867,UniRef90_R6FQM5,1183,0.0194115765287,9,0.9578947368421052,1.571787573174089e-05
VogtmannE_2016,868,UniRef90_A0A2N5NXW5,1183,0.018579903385999998,9,0.9578947368421052,1.504445618299595e-05
VogtmannE_2016,869,UniRef90_D5Q544,1183,0.018119053737,9,0.9578947368421052,1.4671298572469634e-05
VogtmannE_2016,870,UniRef90_Q8A9A8,1183,0.0168957180808,9,0.9578947368421052,1.3680743385263156e-05
VogtmannE_2016,871,UniRef90_U6R8L3,1183,0.01678552547,9,0.9578947368421052,1.3591518599190283e-05
VogtmannE_2016,872,UniRef90_B0NIC2,1183,0.014642487066,9,0.9578947368421052,1.185626483076923e-05
VogtmannE_2016,873,UniRef90_A5ZQA7,1183,0.0141858954836,9,0.9578947368421052,1.1486555047449393e-05
VogtmannE_2016,874,UniRef90_A0A081TLM3,1183,0.0138711739976,9,0.9578947368421052,1.1231719836113361e-05
VogtmannE_2016,875,UniRef90_B0G4Z3,1183,0.012900958680300001,9,0.9578947368421052,1.0446120388906883e-05
VogtmannE_2016,876,UniRef90_U2E1W9,1183,0.0125911163121,9,0.9578947368421052,1.0195235880242915e-05
VogtmannE_2016,877,UniRef90_U5F4H4,1183,0.0097236588147,9,0.9578947368421052,7.873407947125507e-06
VogtmannE_2016,878,UniRef90_U2DA10,1183,0.009230479210599999,9,0.9578947368421052,7.474072235303643e-06
VogtmannE_2016,879,UniRef90_A5KM54,1183,0.0085214154918,9,0.9578947368421052,6.899931572307692e-06
VogtmannE_2016,880,UniRef90_A0A174UX70,1183,0.0083857134262,9,0.9578947368421052,6.7900513572469635e-06
VogtmannE_2016,881,UniRef90_A0A2T3FJH8,1183,0.006987449828499999,9,0.9578947368421052,5.657854112145748e-06
VogtmannE_2016,882,UniRef90_A0A373AYM4,1183,0.0069626802349,9,0.9578947368421052,5.6377977610526315e-06
VogtmannE_2016,883,UniRef90_A0A077ZLA3,1183,0.00548764762,9,0.9578947368421052,4.443439368421053e-06
VogtmannE_2016,884,UniRef90_A0A174KZR2,1183,0.00400329010901,9,0.9578947368421052,3.2415304526396765e-06
VogtmannE_2016,885,UniRef90_E4W393,1182,0.8921569697324,9,0.957085020242915,0.0007223943074756275
VogtmannE_2016,886,UniRef90_A0A174Q9G9,1182,0.6583386784001001,9,0.957085020242915,0.0005330677557895547
VogtmannE_2016,887,UniRef90_A5ZI73,1182,0.1539726019845,9,0.957085020242915,0.00012467417164736843
VogtmannE_2016,888,UniRef90_A0A3E2V1V9,1182,0.0935651245762,9,0.957085020242915,7.576123447465587e-05
VogtmannE_2016,889,UniRef90_B7C9C8,1182,0.06331269575010001,9,0.957085020242915,5.126534068834009e-05
VogtmannE_2016,890,UniRef90_A0A174YT04,1182,0.0314408224886,9,0.957085020242915,2.5458155861214576e-05
VogtmannE_2016,891,UniRef90_C4Z2T4,1182,0.0220754718936,9,0.957085020242915,1.7874876027206476e-05
VogtmannE_2016,892,UniRef90_C0BCB8,1182,0.021803367648,9,0.957085020242915,1.765454870283401e-05
VogtmannE_2016,893,UniRef90_A0A174H8K5,1182,0.0207688129409999,9,0.957085020242915,1.6816852583805587e-05
VogtmannE_2016,894,UniRef90_R5MEZ1,1182,0.020384933908799998,9,0.957085020242915,1.6506019359352226e-05
VogtmannE_2016,895,UniRef90_A0A396F3B0,1182,0.0194102606239,9,0.957085020242915,1.5716810221781377e-05
VogtmannE_2016,896,UniRef90_A0A396FMH1,1182,0.0183023504735,9,0.957085020242915,1.4819716982591094e-05
VogtmannE_2016,897,UniRef90_R6M6L8,1182,0.0171780987125,9,0.957085020242915,1.3909391670040485e-05
VogtmannE_2016,898,UniRef90_A0A173W0R5,1182,0.0168108060796,9,0.957085020242915,1.3611988728421053e-05
VogtmannE_2016,899,UniRef90_I3WHK0,1182,0.0157929741152,9,0.957085020242915,1.2787833291659919e-05
VogtmannE_2016,900,UniRef90_U2E3J8,1182,0.015072953286699999,9,0.957085020242915,1.2204820475060727e-05
VogtmannE_2016,901,UniRef90_D4CFG5,1182,0.012187486005499999,9,0.957085020242915,9.86840972105263e-06
VogtmannE_2016,902,UniRef90_A0A174XTX0,1182,0.0083206539449,9,0.957085020242915,6.737371615303643e-06
VogtmannE_2016,903,UniRef90_A0A015TZE4,1182,0.0054418409144,9,0.957085020242915,4.4063489185425105e-06
VogtmannE_2016,904,UniRef90_A0A292RKG4,1182,0.0018752828373,9,0.957085020242915,1.5184476415384615e-06
VogtmannE_2016,905,UniRef90_A0A069S980,1181,0.13346917144200002,9,0.9562753036437247,0.00010807220359676115
VogtmannE_2016,906,UniRef90_E6ST13,1181,0.10711140037930009,9,0.9562753036437247,8.67298788496357e-05
VogtmannE_2016,907,UniRef90_D0TLK8,1181,0.0313421783386,9,0.9562753036437247,2.537828205554656e-05
VogtmannE_2016,908,UniRef90_Q8A8R2,1181,0.0267541973329,9,0.9562753036437247,2.166331767846154e-05
VogtmannE_2016,909,UniRef90_A0A0P0M1Z2,1181,0.0237953256981,9,0.9562753036437247,1.9267470200890688e-05
VogtmannE_2016,910,UniRef90_R7E8Y2,1181,0.020482280073,9,0.9562753036437247,1.658484216437247e-05
VogtmannE_2016,911,UniRef90_A0A374NP07,1181,0.0196301111803,9,0.9562753036437247,1.5894826866639676e-05
VogtmannE_2016,912,UniRef90_A0A3E4RQI8,1181,0.01860065614809,9,0.9562753036437247,1.506126003893927e-05
VogtmannE_2016,913,UniRef90_C4ZBU3,1181,0.0183368523868,9,0.9562753036437247,1.4847653754493927e-05
VogtmannE_2016,914,UniRef90_A0A174MWG0,1181,0.01809138784,9,0.9562753036437247,1.4648897036437248e-05
VogtmannE_2016,915,UniRef90_U2DZN0,1181,0.017821414209,9,0.9562753036437247,1.4430294906072873e-05
VogtmannE_2016,916,UniRef90_C4ZEP4,1181,0.016622276972,9,0.9562753036437247,1.3459333580566801e-05
VogtmannE_2016,917,UniRef90_E6SVY1,1181,0.0157973160035,9,0.9562753036437247,1.279134899068826e-05
VogtmannE_2016,918,UniRef90_B5CM70,1181,0.015090837707380001,9,0.9562753036437247,1.2219301787352228e-05
VogtmannE_2016,919,UniRef90_A6KZW5,1181,0.0139085333103,9,0.9562753036437247,1.1261970291740891e-05
VogtmannE_2016,920,UniRef90_E1WWW7,1181,0.012201594653,9,0.9562753036437247,9.879833727125505e-06
VogtmannE_2016,921,UniRef90_A7B542,1181,0.010075929911,9,0.9562753036437247,8.158647701214576e-06
VogtmannE_2016,922,UniRef90_A0A174AYK4,1181,0.0090717225565,9,0.9562753036437247,7.345524337246963e-06
VogtmannE_2016,923,UniRef90_G9YL28,1181,0.0084869836532,9,0.9562753036437247,6.872051541052631e-06
VogtmannE_2016,924,UniRef90_R7JTG9,1181,0.002562897841,9,0.9562753036437247,2.0752209238866396e-06
VogtmannE_2016,925,UniRef90_D1KAJ0,1180,0.0643472356785,9,0.9554655870445344,5.210302484089068e-05
VogtmannE_2016,926,UniRef90_A0A3E4JIY8,1180,0.04037530984,9,0.9554655870445344,3.269255857489878e-05
VogtmannE_2016,927,UniRef90_A6KYS7,1180,0.039452671978,9,0.9554655870445344,3.194548338299595e-05
VogtmannE_2016,928,UniRef90_A5ZJL8,1180,0.022148354409,9,0.9554655870445344,1.79338902097166e-05
VogtmannE_2016,929,UniRef90_G5SS34,1180,0.017466905537,9,0.9554655870445344,1.4143243349797571e-05
VogtmannE_2016,930,UniRef90_R7DK98,1180,0.017174206825,9,0.9554655870445344,1.3906240344129554e-05
VogtmannE_2016,931,UniRef90_U2NZJ4,1180,0.016919501868099998,9,0.9554655870445344,1.3700001512631577e-05
VogtmannE_2016,932,UniRef90_A0A173T960,1180,0.0158550961459,9,0.9554655870445344,1.2838134531093117e-05
VogtmannE_2016,933,UniRef90_A0A3E4WBS7,1180,0.0149451605764,9,0.9554655870445344,1.2101344596275304e-05
VogtmannE_2016,934,UniRef90_Q9RQ15,1180,0.0148337272513,9,0.9554655870445344,1.2011115183238866e-05
VogtmannE_2016,935,UniRef90_C4Z9Z8,1180,0.013763188793200001,9,0.9554655870445344,1.1144282423643725e-05
VogtmannE_2016,936,UniRef90_A0A015Y6C2,1180,0.013478037892699999,9,0.9554655870445344,1.0913391006234816e-05
VogtmannE_2016,937,UniRef90_A0A0M6WYS7,1180,0.0133487464112,9,0.9554655870445344,1.0808701547530364e-05
VogtmannE_2016,938,UniRef90_A0A174KMD6,1180,0.0130721954169999,9,0.9554655870445344,1.0584773617003968e-05
VogtmannE_2016,939,UniRef90_Q8A4A2,1180,0.0120158141941,9,0.9554655870445344,9.729404205748988e-06
VogtmannE_2016,940,UniRef90_A7AZM9,1180,0.011225424858900001,9,0.9554655870445344,9.089412841214576e-06
VogtmannE_2016,941,UniRef90_C5EWQ8,1180,0.0101422585138,9,0.9554655870445344,8.212355071902834e-06
VogtmannE_2016,942,UniRef90_R6J7M1,1180,0.0091675985588,9,0.9554655870445344,7.423156727773279e-06
VogtmannE_2016,943,UniRef90_A0A173VRE8,1180,0.0084717804133,9,0.9554655870445344,6.85974122534413e-06
VogtmannE_2016,944,UniRef90_C4Z2R6,1180,0.0050444178412,9,0.9554655870445344,4.0845488592712554e-06
VogtmannE_2016,945,UniRef90_A0A1T2WYT5,1180,0.0047502348408,9,0.9554655870445344,3.846344000647773e-06
VogtmannE_2016,946,UniRef90_G2SWG8,1179,0.0324381410596,9,0.9546558704453442,2.626570126283401e-05
VogtmannE_2016,947,UniRef90_A0A076IVM9,1179,0.027961095388799997,9,0.9546558704453442,2.2640563067854248e-05
VogtmannE_2016,948,UniRef90_A5ZYV6,1179,0.0268562427509999,9,0.9546558704453442,2.174594554736834e-05
VogtmannE_2016,949,UniRef90_A0A174JYK3,1179,0.0261595919035,9,0.9546558704453442,2.118185579230769e-05
VogtmannE_2016,950,UniRef90_A7AFT2,1179,0.0201593353374,9,0.9546558704453442,1.6323348451336032e-05
VogtmannE_2016,951,UniRef90_A6L7P5,1179,0.0186097711209,9,0.9546558704453442,1.5068640583724696e-05
VogtmannE_2016,952,UniRef90_Q8A293,1179,0.016481903503,9,0.9546558704453442,1.3345670852631577e-05
VogtmannE_2016,953,UniRef90_E5CB79,1179,0.015841182491599902,9,0.9546558704453442,1.2826868414250933e-05
VogtmannE_2016,954,UniRef90_F4XGQ5,1179,0.0156817158009,9,0.9546558704453442,1.269774558777328e-05
VogtmannE_2016,955,UniRef90_U2PTN3,1179,0.0146301088656,9,0.9546558704453442,1.1846241996437247e-05
VogtmannE_2016,956,UniRef90_A0A174FN26,1179,0.0144036094666,9,0.9546558704453442,1.1662841673360324e-05
VogtmannE_2016,957,UniRef90_D4WH19,1179,0.013986373807,9,0.9546558704453442,1.1324999034008096e-05
VogtmannE_2016,958,UniRef90_D4MQQ2,1179,0.0130374635242,9,0.9546558704453442,1.0556650626882591e-05
VogtmannE_2016,959,UniRef90_R5U546,1179,0.012702904720400001,9,0.9546558704453442,1.0285752810040487e-05
VogtmannE_2016,960,UniRef90_A0A367FUA1,1179,0.0113286536909,9,0.9546558704453442,9.17299894e-06
VogtmannE_2016,961,UniRef90_G2T4T0,1179,0.00991406145383,9,0.9546558704453442,8.027580124558705e-06
VogtmannE_2016,962,UniRef90_A0A081DUL1,1179,0.008992059557799999,9,0.9546558704453442,7.2810198848582984e-06
VogtmannE_2016,963,UniRef90_A0A174LGV6,1179,0.0083431627395,9,0.9546558704453442,6.755597359919029e-06
VogtmannE_2016,964,UniRef90_A7VSA7,1178,0.055051791281,9,0.9538461538461539,4.457634921538461e-05
VogtmannE_2016,965,UniRef90_A0A2A7BD22,1178,0.029590599955499997,9,0.9538461538461539,2.395999996396761e-05
VogtmannE_2016,966,UniRef90_A0A016BL47,1178,0.026571031324,9,0.9538461538461539,2.151500512064777e-05
VogtmannE_2016,967,UniRef90_B6W1I3,1178,0.0257880329778,9,0.9538461538461539,2.088099836259109e-05
VogtmannE_2016,968,UniRef90_A0A078PVF0,1178,0.0240373006641,9,0.9538461538461539,1.9463401347449395e-05
VogtmannE_2016,969,UniRef90_A0A076J735,1178,0.0230533722524,9,0.9538461538461539,1.866669818008097e-05
VogtmannE_2016,970,UniRef90_A0A0P0L0E5,1178,0.021499562192899998,9,0.9538461538461539,1.740855238291498e-05
VogtmannE_2016,971,UniRef90_F4XGS3,1178,0.020723488089,9,0.9538461538461539,1.6780152298785425e-05
VogtmannE_2016,972,UniRef90_A5ZAM4,1178,0.0205427009305,9,0.9538461538461539,1.663376593562753e-05
VogtmannE_2016,973,UniRef90_A0A2A6ZB54,1178,0.0185288113271,9,0.9538461538461539,1.5003086094817814e-05
VogtmannE_2016,974,UniRef90_C5ERC1,1178,0.014396349251399999,9,0.9538461538461539,1.165696295659919e-05
VogtmannE_2016,975,UniRef90_I9F216,1178,0.0138685585141,9,0.9538461538461539,1.1229602035708502e-05
VogtmannE_2016,976,UniRef90_A0A2A7AHW3,1178,0.013764432489,9,0.9538461538461539,1.1145289464777329e-05
VogtmannE_2016,977,UniRef90_A5Z5E6,1178,0.01374337166,9,0.9538461538461539,1.112823616194332e-05
VogtmannE_2016,978,UniRef90_Q8A2B1,1178,0.0119856145506,9,0.9538461538461539,9.70495105311741e-06
VogtmannE_2016,979,UniRef90_A0A174T7I9,1178,0.011667188440999999,9,0.9538461538461539,9.447116146558704e-06
VogtmannE_2016,980,UniRef90_A6P1U3,1178,0.008858330476000001,9,0.9538461538461539,7.172737227530365e-06
VogtmannE_2016,981,UniRef90_A5ZNW4,1178,0.008240989901,9,0.9538461538461539,6.67286631659919e-06
VogtmannE_2016,982,UniRef90_A0A174GI01,1178,0.0076277966344000005,9,0.9538461538461539,6.176353550121458e-06
VogtmannE_2016,983,UniRef90_A0A174WU36,1178,0.0061406264312,9,0.9538461538461539,4.9721671507692305e-06
VogtmannE_2016,984,UniRef90_D3ACI7,1178,0.0041607828066,9,0.9538461538461539,3.369054904129555e-06
VogtmannE_2016,985,UniRef90_T4BXP0,1177,0.950617038417,9,0.9530364372469635,0.0007697303954793522
VogtmannE_2016,986,UniRef90_A5KRK4,1177,0.0259662214133,9,0.9530364372469635,2.102528049659919e-05
VogtmannE_2016,987,UniRef90_A0A174K528,1177,0.0246920008142,9,0.9530364372469635,1.9993522926477734e-05
VogtmannE_2016,988,UniRef90_A0A174ARQ5,1177,0.024624317601800002,9,0.9530364372469635,1.993871870591093e-05
VogtmannE_2016,989,UniRef90_F3PGU7,1177,0.024415938339,9,0.9530364372469635,1.9769990557894735e-05
VogtmannE_2016,990,UniRef90_A0A3E4IFX0,1177,0.0236089141851,9,0.9530364372469635,1.911652970453441e-05
VogtmannE_2016,991,UniRef90_A0A076J5N7,1177,0.0208202334067,9,0.9530364372469635,1.6858488588421054e-05
VogtmannE_2016,992,UniRef90_A0A396GCE4,1177,0.0205733346770999,9,0.9530364372469635,1.6658570588744858e-05
VogtmannE_2016,993,UniRef90_R5CDC3,1177,0.0173358300488,9,0.9530364372469635,1.4037109351255059e-05
VogtmannE_2016,994,UniRef90_A0A396A2D2,1177,0.0165587777793,9,0.9530364372469635,1.3407917230202429e-05
VogtmannE_2016,995,UniRef90_A0A173TP98,1177,0.0160567497451,9,0.9530364372469635,1.3001416797651824e-05
VogtmannE_2016,996,UniRef90_R7N2R9,1177,0.0154109002986,9,0.9530364372469635,1.2478461780242916e-05
VogtmannE_2016,997,UniRef90_C0FQS4,1177,0.0153145614672,9,0.9530364372469635,1.2400454629311741e-05
VogtmannE_2016,998,UniRef90_A0A174FJF4,1177,0.015183644711300001,9,0.9530364372469635,1.229444915894737e-05
VogtmannE_2016,999,UniRef90_B0GA48,1177,0.015001865404,9,0.9530364372469635,1.2147259436437247e-05
VogtmannE_2016,1000,UniRef90_A0A139K4H4,1177,0.0147049438017,9,0.9530364372469635,1.1906837086396761e-05
VogtmannE_2016,1001,UniRef90_A0A174PVT9,1177,0.0141208099081,9,0.9530364372469635,1.143385417659919e-05
VogtmannE_2016,1002,UniRef90_U6RJK9,1177,0.0122324179933,9,0.9530364372469635,9.904791897408908e-06
VogtmannE_2016,1003,UniRef90_D4JG11,1177,0.0078757444082,9,0.9530364372469635,6.3771209782995955e-06
VogtmannE_2016,1004,UniRef90_A7AYC2,1177,0.0078668080701,9,0.9530364372469635,6.3698850770040486e-06
VogtmannE_2016,1005,UniRef90_UPI000E509EF5,1177,0.0069974469583,9,0.9530364372469635,5.665948954089069e-06
VogtmannE_2016,1006,UniRef90_F7KLS3,1177,0.00222287978921,9,0.9530364372469635,1.799902663327935e-06
VogtmannE_2016,1007,UniRef90_C3QN54,1176,0.0498882275067,9,0.9522267206477733,4.0395325916356276e-05
VogtmannE_2016,1008,UniRef90_A0A0P0M0G9,1176,0.028296079396999997,9,0.9522267206477733,2.291180517975708e-05
VogtmannE_2016,1009,UniRef90_C7GI03,1176,0.026719740813,9,0.9522267206477733,2.1635417662348177e-05
VogtmannE_2016,1010,UniRef90_A6L012,1176,0.026070983353,9,0.9522267206477733,2.111010797813765e-05
VogtmannE_2016,1011,UniRef90_D7GUX9,1176,0.025641251504000002,9,0.9522267206477733,2.0762146966801622e-05
VogtmannE_2016,1012,UniRef90_D4M0W3,1176,0.0179433365587,9,0.9522267206477733,1.4529017456437247e-05
VogtmannE_2016,1013,UniRef90_Q5LG55,1176,0.0173021202098,9,0.9522267206477733,1.400981393506073e-05
VogtmannE_2016,1014,UniRef90_B0MUR0,1176,0.0171220149989999,9,0.9522267206477733,1.3863979756275224e-05
VogtmannE_2016,1015,UniRef90_R5R936,1176,0.0163424553414,9,0.9522267206477733,1.323275736145749e-05
VogtmannE_2016,1016,UniRef90_D4JMB0,1176,0.0156567745252,9,0.9522267206477733,1.2677550222834008e-05
VogtmannE_2016,1017,UniRef90_A0A2A7A133,1176,0.014880110661499999,9,0.9522267206477733,1.2048672600404858e-05
VogtmannE_2016,1018,UniRef90_E8LCS8,1176,0.014774384922,9,0.9522267206477733,1.1963064714170041e-05
VogtmannE_2016,1019,UniRef90_R6KK61,1176,0.0143695876556,9,0.9522267206477733,1.1635293648259108e-05
VogtmannE_2016,1020,UniRef90_E7GQ64,1176,0.0142660557567,9,0.9522267206477733,1.1551462151174089e-05
VogtmannE_2016,1021,UniRef90_A0A139LAQ7,1176,0.0131948980417,9,0.9522267206477733,1.0684127968987854e-05
VogtmannE_2016,1022,UniRef90_A0A139K6B1,1176,0.0131221587987,9,0.9522267206477733,1.0625229796518219e-05
VogtmannE_2016,1023,UniRef90_F7V8I3,1176,0.012989448957,9,0.9522267206477733,1.0517772434817814e-05
VogtmannE_2016,1024,UniRef90_F7V2H7,1176,0.01276350064,9,0.9522267206477733,1.0334818331983805e-05
VogtmannE_2016,1025,UniRef90_D4JEF1,1176,0.012626125275,9,0.9522267206477733,1.0223583218623483e-05
VogtmannE_2016,1026,UniRef90_R6J4W1,1176,0.0115129149784,9,0.9522267206477733,9.322198363076924e-06
VogtmannE_2016,1027,UniRef90_A0A0M6WL63,1176,0.0096903298483,9,0.9522267206477733,7.846420929797571e-06
VogtmannE_2016,1028,UniRef90_R5J3V8,1176,0.009285088584,9,0.9522267206477733,7.5182903514170036e-06
VogtmannE_2016,1029,UniRef90_Q5L883,1176,0.009198073976,9,0.9522267206477733,7.447833178947369e-06
VogtmannE_2016,1030,UniRef90_A0A173U645,1176,0.0073368474165,9,0.9522267206477733,5.940767138866397e-06
VogtmannE_2016,1031,UniRef90_U2D4U5,1176,0.0067842727264,9,0.9522267206477733,5.49333824e-06
VogtmannE_2016,1032,UniRef90_A0A173SLK3,1176,0.0050025850683,9,0.9522267206477733,4.050676168663967e-06
VogtmannE_2016,1033,UniRef90_C0B5S4,1176,0.0005207350665,9,0.9522267206477733,4.2164782712550606e-07
VogtmannE_2016,1034,UniRef90_R6KAH4,1175,0.027230924641900002,9,0.951417004048583,2.2049331693846155e-05
VogtmannE_2016,1035,UniRef90_A0A1Y3ZEQ7,1175,0.0261151382274,9,0.951417004048583,2.1145860912874496e-05
VogtmannE_2016,1036,UniRef90_A0A1T4IYC5,1175,0.0244253496335,9,0.951417004048583,1.9777611039271255e-05
VogtmannE_2016,1037,UniRef90_Q8AAP0,1175,0.022897475863000002,9,0.951417004048583,1.854046628582996e-05
VogtmannE_2016,1038,UniRef90_Q8A9V0,1175,0.018765764519,9,0.951417004048583,1.5194951027530365e-05
VogtmannE_2016,1039,UniRef90_A0A174PPU0,1175,0.01840908528,9,0.951417004048583,1.4906141927125506e-05
VogtmannE_2016,1040,UniRef90_R5DDM8,1175,0.0177134629122,9,0.951417004048583,1.4342884949149797e-05
VogtmannE_2016,1041,UniRef90_C9KSE2,1175,0.0172331970051,9,0.951417004048583,1.3954005672145749e-05
VogtmannE_2016,1042,UniRef90_G2T376,1175,0.0167976342153,9,0.951417004048583,1.360132325125506e-05
VogtmannE_2016,1043,UniRef90_A0A174X753,1175,0.0167710488194,9,0.951417004048583,1.3579796614898785e-05
VogtmannE_2016,1044,UniRef90_A0A174GXS8,1175,0.0165777287129,9,0.951417004048583,1.3423262115708502e-05
VogtmannE_2016,1045,UniRef90_A0A174XP28,1175,0.0165643862896,9,0.951417004048583,1.3412458534089069e-05
VogtmannE_2016,1046,UniRef90_R6LNI9,1175,0.0159481854784,9,0.951417004048583,1.2913510508825912e-05
VogtmannE_2016,1047,UniRef90_B0NZ62,1175,0.015798504719,9,0.951417004048583,1.2792311513360324e-05
VogtmannE_2016,1048,UniRef90_F7LNS5,1175,0.0156951223047,9,0.951417004048583,1.2708601056437248e-05
VogtmannE_2016,1049,UniRef90_F3AB87,1175,0.015303814053900001,9,0.951417004048583,1.2391752270364374e-05
VogtmannE_2016,1050,UniRef90_A0A396FKF2,1175,0.0151636872022,9,0.951417004048583,1.2278289232550608e-05
VogtmannE_2016,1051,UniRef90_R6JJ97,1175,0.0150564854333,9,0.951417004048583,1.2191486180809716e-05
VogtmannE_2016,1052,UniRef90_A0A139LGH0,1175,0.0148423485081,9,0.951417004048583,1.2018095957975709e-05
VogtmannE_2016,1053,UniRef90_C0CL71,1175,0.0142620399101,9,0.951417004048583,1.1548210453522266e-05
VogtmannE_2016,1054,UniRef90_C7H736,1175,0.0141148287741999,9,0.951417004048583,1.14290111531983e-05
VogtmannE_2016,1055,UniRef90_A0A173Y905,1175,0.013942056961,9,0.951417004048583,1.1289114948178137e-05
VogtmannE_2016,1056,UniRef90_A0A174QRB9,1175,0.0136009692823,9,0.951417004048583,1.1012930592955465e-05
VogtmannE_2016,1057,UniRef90_C7H6R0,1175,0.0121562046752,9,0.951417004048583,9.843080708663969e-06
VogtmannE_2016,1058,UniRef90_R6K8X7,1175,0.011852802995400001,9,0.951417004048583,9.597411332307694e-06
VogtmannE_2016,1059,UniRef90_A0A175A4P5,1175,0.0095139366121,9,0.951417004048583,7.703592398461539e-06
VogtmannE_2016,1060,UniRef90_R6V5M5,1175,0.0094643060098,9,0.951417004048583,7.663405675951417e-06
VogtmannE_2016,1061,UniRef90_A0A3E2Y7W5,1175,0.009308632344,9,0.951417004048583,7.537354124696356e-06
VogtmannE_2016,1062,UniRef90_A0A015YD63,1175,0.0079098277846999,9,0.951417004048583,6.404718854008016e-06
VogtmannE_2016,1063,UniRef90_G5GJ65,1175,0.0077233947442,9,0.951417004048583,6.253760926477733e-06
VogtmannE_2016,1064,UniRef90_A0A174HDG2,1175,0.006940699098799999,9,0.951417004048583,5.6199992702834e-06
VogtmannE_2016,1065,UniRef90_S0J749,1175,0.0021832777681,9,0.951417004048583,1.767836249473684e-06
VogtmannE_2016,1066,UniRef90_J7SHX6,1174,0.1042953197333,9,0.9506072874493927,8.444965160591093e-05
VogtmannE_2016,1067,UniRef90_A6BKX8,1174,0.0281047908138,9,0.9506072874493927,2.2756915638704455e-05
VogtmannE_2016,1068,UniRef90_B0NQA3,1174,0.0267809686143,9,0.9506072874493927,2.168499482939271e-05
VogtmannE_2016,1069,UniRef90_D3AQT2,1174,0.0246590384007,9,0.9506072874493927,1.996683271311741e-05
VogtmannE_2016,1070,UniRef90_A0A329U187,1174,0.0238840894132,9,0.9506072874493927,1.9339343654412956e-05
VogtmannE_2016,1071,UniRef90_A0A0P0L6M5,1174,0.0236884751652,9,0.9506072874493927,1.918095155076923e-05
VogtmannE_2016,1072,UniRef90_A0A0P0M2Y9,1174,0.0236808435318,9,0.9506072874493927,1.9174772090526316e-05
VogtmannE_2016,1073,UniRef90_C0BCE2,1174,0.023087400224,9,0.9506072874493927,1.869425119352227e-05
VogtmannE_2016,1074,UniRef90_A0A3E2TPS1,1174,0.0189132313797,9,0.9506072874493927,1.5314357392469636e-05
VogtmannE_2016,1075,UniRef90_A0A174RDH8,1174,0.0188993433039,9,0.9506072874493927,1.5303111986963565e-05
VogtmannE_2016,1076,UniRef90_A0A069DBZ5,1174,0.018307224614,9,0.9506072874493927,1.482366365506073e-05
VogtmannE_2016,1077,UniRef90_H1AL83,1174,0.0170121056239,9,0.9506072874493927,1.3774984310850203e-05
VogtmannE_2016,1078,UniRef90_Q89YW6,1174,0.016264703733,9,0.9506072874493927,1.3169800593522267e-05
VogtmannE_2016,1079,UniRef90_F3PXE5,1174,0.0149323857709,9,0.9506072874493927,1.2091000624210525e-05
VogtmannE_2016,1080,UniRef90_A0A176UAD5,1174,0.014631028447999999,9,0.9506072874493927,1.184698659757085e-05
VogtmannE_2016,1081,UniRef90_C7H2T7,1174,0.014360482865299999,9,0.9506072874493927,1.1627921348421052e-05
VogtmannE_2016,1082,UniRef90_Q5LD82,1174,0.014086311709,9,0.9506072874493927,1.140592041214575e-05
VogtmannE_2016,1083,UniRef90_A0A396E540,1174,0.01401666085324,9,0.9506072874493927,1.1349522958089069e-05
VogtmannE_2016,1084,UniRef90_A0A174F2R6,1174,0.013916136289,9,0.9506072874493927,1.126812654979757e-05
VogtmannE_2016,1085,UniRef90_K1FI91,1174,0.0135287913495999,9,0.9506072874493927,1.0954486922752954e-05
VogtmannE_2016,1086,UniRef90_D4JEF3,1174,0.0131635849833,9,0.9506072874493927,1.0658773265829959e-05
VogtmannE_2016,1087,UniRef90_A7B028,1174,0.0117992711614,9,0.9506072874493927,9.554065717732793e-06
VogtmannE_2016,1088,UniRef90_A0A1E3U5G4,1174,0.0110991079205,9,0.9506072874493927,8.987131919433197e-06
VogtmannE_2016,1089,UniRef90_Q64MP7,1174,0.0095996752821,9,0.9506072874493927,7.773016422753036e-06
VogtmannE_2016,1090,UniRef90_Q8A011,1174,0.0094212945706,9,0.9506072874493927,7.628578599676113e-06
VogtmannE_2016,1091,UniRef90_A0A069CY06,1174,0.0093083326162,9,0.9506072874493927,7.537111430121457e-06
VogtmannE_2016,1092,UniRef90_W8YEK8,1174,0.0085550439474,9,0.9506072874493927,6.927161091012146e-06
VogtmannE_2016,1093,UniRef90_UPI0009DE99A3,1174,0.002259163722,9,0.9506072874493927,1.8292823659919028e-06
VogtmannE_2016,1094,UniRef90_A0A174LFC4,1173,0.0243056521809,9,0.9497975708502024,1.9680690025020244e-05
VogtmannE_2016,1095,UniRef90_A0A396EYX8,1173,0.023541351942,9,0.9497975708502024,1.9061823434817815e-05
VogtmannE_2016,1096,UniRef90_A6L171,1173,0.021769295265499998,9,0.9497975708502024,1.7626959729149797e-05
VogtmannE_2016,1097,UniRef90_C6JCC1,1173,0.02133499426861,9,0.9497975708502024,1.7275299002923074e-05
VogtmannE_2016,1098,UniRef90_B5CXZ6,1173,0.0190621422595,9,0.9497975708502024,1.5434933003643723e-05
VogtmannE_2016,1099,UniRef90_F7KH42,1173,0.0167664009965,9,0.9497975708502024,1.357603319554656e-05
VogtmannE_2016,1100,UniRef90_A8RVT9,1173,0.0157138920188,9,0.9497975708502024,1.2723799205506072e-05
VogtmannE_2016,1101,UniRef90_D4L2I7,1173,0.0143184196421,9,0.9497975708502024,1.1593862058380567e-05
VogtmannE_2016,1102,UniRef90_A7VCV5,1173,0.01363495209126,9,0.9497975708502024,1.104044703745749e-05
VogtmannE_2016,1103,UniRef90_D9QZM2,1173,0.0123448659457,9,0.9497975708502024,9.995842871012145e-06
VogtmannE_2016,1104,UniRef90_A0A396DYQ3,1173,0.0104964331236,9,0.9497975708502024,8.499136132469636e-06
VogtmannE_2016,1105,UniRef90_Q64MT2,1173,0.0098297514514,9,0.9497975708502024,7.959312916113361e-06
VogtmannE_2016,1106,UniRef90_Q5LG64,1173,0.009187688465300001,9,0.9497975708502024,7.439423858542511e-06
VogtmannE_2016,1107,UniRef90_W4PH70,1173,0.008983360422700001,9,0.9497975708502024,7.273976050769232e-06
VogtmannE_2016,1108,UniRef90_R5DD49,1173,0.0066932471045,9,0.9497975708502024,5.4196332829959515e-06
VogtmannE_2016,1109,UniRef90_D9R3T4,1173,0.0047676230371,9,0.9497975708502024,3.860423511821862e-06
VogtmannE_2016,1110,UniRef90_A0A173VE53,1173,0.0024025283630300003,9,0.9497975708502024,1.9453670955708504e-06
VogtmannE_2016,1111,UniRef90_K7ZQ45,1172,0.4375023342044,9,0.9489878542510122,0.0003542529021897976
VogtmannE_2016,1112,UniRef90_R6CW89,1172,0.0253675615163,9,0.9489878542510122,2.0540535640728745e-05
VogtmannE_2016,1113,UniRef90_E8LH06,1172,0.0241697573535,9,0.9489878542510122,1.9570653727530365e-05
VogtmannE_2016,1114,UniRef90_K6ADG5,1172,0.0237976885615,9,0.9489878542510122,1.9269383450607287e-05
VogtmannE_2016,1115,UniRef90_A0A174MWS7,1172,0.0201867124609999,9,0.9489878542510122,1.6345516162752954e-05
VogtmannE_2016,1116,UniRef90_A0A016CI08,1172,0.0197748588261,9,0.9489878542510122,1.601203143813765e-05
VogtmannE_2016,1117,UniRef90_A6BEX3,1172,0.0171360424043,9,0.9489878542510122,1.3875337979190284e-05
VogtmannE_2016,1118,UniRef90_A0A173T603,1172,0.0168583403918,9,0.9489878542510122,1.3650478050040488e-05
VogtmannE_2016,1119,UniRef90_A0A3E4TMC8,1172,0.016524514533,9,0.9489878542510122,1.3380173710931174e-05
VogtmannE_2016,1120,UniRef90_Q5L7M0,1172,0.0149005070873,9,0.9489878542510122,1.206518792493927e-05
VogtmannE_2016,1121,UniRef90_R8W662,1172,0.014449759829799999,9,0.9489878542510122,1.1700210388502023e-05
VogtmannE_2016,1122,UniRef90_A0A174FVH6,1172,0.0140851874969,9,0.9489878542510122,1.1405010118947367e-05
VogtmannE_2016,1123,UniRef90_U2E3Q3,1172,0.0137822632003,9,0.9489878542510122,1.1159727287692308e-05
VogtmannE_2016,1124,UniRef90_A0A329TP94,1172,0.013266477226600001,9,0.9489878542510122,1.0742086823157896e-05
VogtmannE_2016,1125,UniRef90_I9RLL3,1172,0.0107959756356,9,0.9489878542510122,8.741680676599191e-06
VogtmannE_2016,1126,UniRef90_E6MLD9,1172,0.009863563675000001,9,0.9489878542510122,7.986691234817814e-06
VogtmannE_2016,1127,UniRef90_B0NZ71,1172,0.009677084341,9,0.9489878542510122,7.835695822672064e-06
VogtmannE_2016,1128,UniRef90_A0A174M6D1,1172,0.009582974183,9,0.9489878542510122,7.759493265587045e-06
VogtmannE_2016,1129,UniRef90_Q8A2F4,1172,0.0086591051704,9,0.9489878542510122,7.011421190607287e-06
VogtmannE_2016,1130,UniRef90_A0A134CL94,1172,0.0050834663411,9,0.9489878542510122,4.116167077813765e-06
VogtmannE_2016,1131,UniRef90_A0A3A6HRZ2,1172,0.0035621002039,9,0.9489878542510122,2.8842916630769233e-06
VogtmannE_2016,1132,UniRef90_C3R328,1171,0.0372880678985,9,0.9481781376518219,3.0192767529149796e-05
VogtmannE_2016,1133,UniRef90_Q5LI34,1171,0.0366539014485,9,0.9481781376518219,2.967927242793522e-05
VogtmannE_2016,1134,UniRef90_A0A139KBM3,1171,0.0342614301683,9,0.9481781376518219,2.7742048719271255e-05
VogtmannE_2016,1135,UniRef90_A6BIC0,1171,0.027838227706,9,0.9481781376518219,2.2541075065587047e-05
VogtmannE_2016,1136,UniRef90_A0A173UNL4,1171,0.0227816822238,9,0.9481781376518219,1.8446706254089068e-05
VogtmannE_2016,1137,UniRef90_U2R7H4,1171,0.0199276641019,9,0.9481781376518219,1.613576040639676e-05
VogtmannE_2016,1138,UniRef90_A0A329TZU2,1171,0.0181711035784,9,0.9481781376518219,1.4713444193036436e-05
VogtmannE_2016,1139,UniRef90_Q5L925,1171,0.0155627461431,9,0.9481781376518219,1.2601413881052631e-05
VogtmannE_2016,1140,UniRef90_F3PR87,1171,0.0131814765196,9,0.9481781376518219,1.0673260339757084e-05
VogtmannE_2016,1141,UniRef90_A0A1G6G227,1171,0.012192994615000001,9,0.9481781376518219,9.87287013360324e-06
VogtmannE_2016,1142,UniRef90_C9L7F6,1171,0.0105836777571,9,0.9481781376518219,8.569779560404858e-06
VogtmannE_2016,1143,UniRef90_Q8A7V7,1171,0.0102618933702,9,0.9481781376518219,8.30922540097166e-06
VogtmannE_2016,1144,UniRef90_C0FW27,1171,0.0094764679354,9,0.9481781376518219,7.673253388987854e-06
VogtmannE_2016,1145,UniRef90_A0A395ZZQ9,1171,0.0085130736485,9,0.9481781376518219,6.893177043319838e-06
VogtmannE_2016,1146,UniRef90_Q8A448,1171,0.0085008509948,9,0.9481781376518219,6.883280157732793e-06
VogtmannE_2016,1147,UniRef90_F7R0D4,1171,0.0078427092693,9,0.9481781376518219,6.350371877975709e-06
VogtmannE_2016,1148,UniRef90_A0A2A7BGS1,1171,0.0065227786174,9,0.9481781376518219,5.281602119352227e-06
VogtmannE_2016,1149,UniRef90_A0A0S2W734,1171,0.006044759823,9,0.9481781376518219,4.894542366801619e-06
VogtmannE_2016,1150,UniRef90_C5EWP7,1171,0.0040792902759,9,0.9481781376518219,3.3030690493117408e-06
VogtmannE_2016,1151,UniRef90_R5FW49,1171,0.0035296057351999997,9,0.9481781376518219,2.857980352388664e-06
VogtmannE_2016,1152,UniRef90_A0A395UGL2,1170,0.0447323182163,9,0.9473684210526315,3.622050058e-05
VogtmannE_2016,1153,UniRef90_A0A174DC02,1170,0.034067152991,9,0.9473684210526315,2.7584739263967613e-05
VogtmannE_2016,1154,UniRef90_A0A2A7A3Q8,1170,0.0276888958092,9,0.9473684210526315,2.2420158549959513e-05
VogtmannE_2016,1155,UniRef90_A0A076IUR5,1170,0.0257227682927,9,0.9473684210526315,2.0828152463724698e-05
VogtmannE_2016,1156,UniRef90_E4VQT4,1170,0.0243478505375,9,0.9473684210526315,1.9714858734817814e-05
VogtmannE_2016,1157,UniRef90_Q8A276,1170,0.021981054687000002,9,0.9473684210526315,1.7798424847773282e-05
VogtmannE_2016,1158,UniRef90_A0A381I6B5,1170,0.020001917964,9,0.9473684210526315,1.6195884991093117e-05
VogtmannE_2016,1159,UniRef90_A7AEL3,1170,0.0185713302735999,9,0.9473684210526315,1.5037514391578867e-05
VogtmannE_2016,1160,UniRef90_F4XGR7,1170,0.0184526121805,9,0.9473684210526315,1.4941386380971661e-05
VogtmannE_2016,1161,UniRef90_Q89Z59,1170,0.0175792739045,9,0.9473684210526315,1.4234229882186234e-05
VogtmannE_2016,1162,UniRef90_Q8A733,1170,0.017282397187,9,0.9473684210526315,1.3993843876113361e-05
VogtmannE_2016,1163,UniRef90_B6FQE1,1170,0.014668854364099999,9,0.9473684210526315,1.1877614869716598e-05
VogtmannE_2016,1164,UniRef90_A0A329TLD1,1170,0.0141963142611,9,0.9473684210526315,1.1494991304534414e-05
VogtmannE_2016,1165,UniRef90_F3PGB6,1170,0.013191479344000001,9,0.9473684210526315,1.0681359792712552e-05
VogtmannE_2016,1166,UniRef90_D4JBK8,1170,0.012910117125999999,9,0.9473684210526315,1.0453536134412954e-05
VogtmannE_2016,1167,UniRef90_B6VYU5,1170,0.0126681742522,9,0.9473684210526315,1.0257630973441295e-05
VogtmannE_2016,1168,UniRef90_D4CBB3,1170,0.0125843064783,9,0.9473684210526315,1.0189721844777328e-05
VogtmannE_2016,1169,UniRef90_R9HIX9,1170,0.0119783730859,9,0.9473684210526315,9.699087518947367e-06
VogtmannE_2016,1170,UniRef90_A0A173VFD7,1170,0.0107325026353,9,0.9473684210526315,8.690285534655871e-06
VogtmannE_2016,1171,UniRef90_K1GB77,1170,0.010400507235,9,0.9473684210526315,8.421463348178137e-06
VogtmannE_2016,1172,UniRef90_A0A174Z481,1170,0.0095383055636,9,0.9473684210526315,7.723324342995951e-06
VogtmannE_2016,1173,UniRef90_A0A174XIH1,1170,0.0093199492007,9,0.9473684210526315,7.546517571417004e-06
VogtmannE_2016,1174,UniRef90_I9SJ02,1170,0.0093112795892,9,0.9473684210526315,7.539497643076923e-06
VogtmannE_2016,1175,UniRef90_A8RCH3,1170,0.0091314686937,9,0.9473684210526315,7.393901776275304e-06
VogtmannE_2016,1176,UniRef90_C4Z2R0,1170,0.0086984629785,9,0.9473684210526315,7.043289861133604e-06
VogtmannE_2016,1177,UniRef90_Q8A602,1170,0.0080348496616,9,0.9473684210526315,6.5059511429959516e-06
VogtmannE_2016,1178,UniRef90_A0A173SXT0,1170,0.0075465467871,9,0.9473684210526315,6.110564200080971e-06
VogtmannE_2016,1179,UniRef90_A0A285PUH3,1170,0.0051799178129,9,0.9473684210526315,4.194265435546559e-06
VogtmannE_2016,1180,UniRef90_A0A174UIU3,1170,0.0050206765026,9,0.9473684210526315,4.065325103319838e-06
VogtmannE_2016,1181,UniRef90_B0G6W6,1169,0.0252654068216,9,0.9465587044534413,2.045781928874494e-05
VogtmannE_2016,1182,UniRef90_A0A2M9V0X8,1169,0.0208220175773,9,0.9465587044534413,1.6859933260971662e-05
VogtmannE_2016,1183,UniRef90_A0A395V4X9,1169,0.018725651899,9,0.9465587044534413,1.5162471173279351e-05
VogtmannE_2016,1184,UniRef90_A0A076ITW3,1169,0.017452990002200002,9,0.9465587044534413,1.4131975710283403e-05
VogtmannE_2016,1185,UniRef90_A0A139KSY9,1169,0.0156683650139,9,0.9465587044534413,1.2686935233927125e-05
VogtmannE_2016,1186,UniRef90_A0A174VVK3,1169,0.0152495856498,9,0.9465587044534413,1.2347842631417004e-05
VogtmannE_2016,1187,UniRef90_Q64XR8,1169,0.0135830527037,9,0.9465587044534413,1.0998423241862348e-05
VogtmannE_2016,1188,UniRef90_K5ZL89,1169,0.0132033828442,9,0.9465587044534413,1.0690998254412955e-05
VogtmannE_2016,1189,UniRef90_A0A2A7ACC7,1169,0.012353970934,9,0.9465587044534413,1.0003215331174089e-05
VogtmannE_2016,1190,UniRef90_A0A2A7A8I5,1169,0.0116950119093,9,0.9465587044534413,9.469645270688258e-06
VogtmannE_2016,1191,UniRef90_U2BT73,1169,0.0111348928879,9,0.9465587044534413,9.016107601538461e-06
VogtmannE_2016,1192,UniRef90_A0A174ZI62,1169,0.0090197544108,9,0.9465587044534413,7.303444867044534e-06
VogtmannE_2016,1193,UniRef90_C0C172,1169,0.0084416008563,9,0.9465587044534413,6.8353043370850205e-06
VogtmannE_2016,1194,UniRef90_B0MI66,1169,0.00837710297,9,0.9465587044534413,6.783079327935222e-06
VogtmannE_2016,1195,UniRef90_R6JIG2,1169,0.007597208034,9,0.9465587044534413,6.151585452631579e-06
VogtmannE_2016,1196,UniRef90_A0A1L5KW01,1169,0.0073351022673,9,0.9465587044534413,5.939354062591093e-06
VogtmannE_2016,1197,UniRef90_A0A086ZXH7,1169,0.005952867755899999,9,0.9465587044534413,4.8201358347368416e-06
VogtmannE_2016,1198,UniRef90_A0A3F3K6N7,1169,0.002841358768,9,0.9465587044534413,2.3006953587044533e-06
VogtmannE_2016,1199,UniRef90_A0A173VNX7,1168,0.0440300301423,9,0.945748987854251,3.565184626906883e-05
VogtmannE_2016,1200,UniRef90_A0A3E4IG89,1168,0.038603749390400004,9,0.945748987854251,3.1258096672388666e-05
VogtmannE_2016,1201,UniRef90_D4JQL3,1168,0.0367955863506,9,0.945748987854251,2.9793997045020243e-05
VogtmannE_2016,1202,UniRef90_A0A174N272,1168,0.025447584258,9,0.945748987854251,2.060533138299595e-05
VogtmannE_2016,1203,UniRef90_A0A016BP93,1168,0.017087950866,9,0.945748987854251,1.3836397462348178e-05
VogtmannE_2016,1204,UniRef90_B3CC93,1168,0.016486834576,9,0.945748987854251,1.3349663624291498e-05
VogtmannE_2016,1205,UniRef90_A6L4U5,1168,0.0162693004493,9,0.945748987854251,1.3173522631012146e-05
VogtmannE_2016,1206,UniRef90_E6SR13,1168,0.015553413259,9,0.945748987854251,1.2593856889878543e-05
VogtmannE_2016,1207,UniRef90_D4LFM2,1168,0.0153740275494,9,0.945748987854251,1.2448605303157895e-05
VogtmannE_2016,1208,UniRef90_R7R1N4,1168,0.014054668523899999,9,0.945748987854251,1.1380298399919028e-05
VogtmannE_2016,1209,UniRef90_A0A174EZQ4,1168,0.014003208864,9,0.945748987854251,1.1338630659109312e-05
VogtmannE_2016,1210,UniRef90_A0A174D2X7,1168,0.0136429618229,9,0.945748987854251,1.1046932650121458e-05
VogtmannE_2016,1211,UniRef90_Q8ABD1,1168,0.0121050980409,9,0.945748987854251,9.80169881854251e-06
VogtmannE_2016,1212,UniRef90_R6DFW9,1168,0.0116614777789,9,0.945748987854251,9.442492128663967e-06
VogtmannE_2016,1213,UniRef90_A0A0K6BPE7,1168,0.0114800556111,9,0.945748987854251,9.295591587935223e-06
VogtmannE_2016,1214,UniRef90_R6JRX9,1168,0.0090510917238,9,0.945748987854251,7.3288192095546555e-06
VogtmannE_2016,1215,UniRef90_R5UAL3,1168,0.007743257018000001,9,0.945748987854251,6.2698437392712556e-06
VogtmannE_2016,1216,UniRef90_R6JJT9,1168,0.0076385959279,9,0.945748987854251,6.185097917327935e-06
VogtmannE_2016,1217,UniRef90_R5GA69,1168,0.0053791582272,9,0.945748987854251,4.355593706234818e-06
VogtmannE_2016,1218,UniRef90_A0A143WWX7,1168,0.0050223134095,9,0.945748987854251,4.0666505340080975e-06
VogtmannE_2016,1219,UniRef90_E7GME2,1168,0.004504595446,9,0.945748987854251,3.647445705263158e-06
VogtmannE_2016,1220,UniRef90_A0A3D2YDV6,1168,0.0002083134947300001,9,0.945748987854251,1.686748945182187e-07
VogtmannE_2016,1221,UniRef90_E2N7L5,1167,0.4109985144054,9,0.9449392712550607,0.00033279231935659916
VogtmannE_2016,1222,UniRef90_A7V4G0,1167,0.058124753945999995,9,0.9449392712550607,4.706457809392712e-05
VogtmannE_2016,1223,UniRef90_A6KYJ5,1167,0.026106910829,9,0.9449392712550607,2.1139199051821862e-05
VogtmannE_2016,1224,UniRef90_A0A3E2UG38,1167,0.021576289970699998,9,0.9449392712550607,1.7470680138218623e-05
VogtmannE_2016,1225,UniRef90_R6J5Q7,1167,0.0186660037562,9,0.9449392712550607,1.5114173081943319e-05
VogtmannE_2016,1226,UniRef90_A6L585,1167,0.018277181964,9,0.9449392712550607,1.4799337622672067e-05
VogtmannE_2016,1227,UniRef90_A0A3E4IFW9,1167,0.0177470337096,9,0.9449392712550607,1.4370067781052631e-05
VogtmannE_2016,1228,UniRef90_D4J494,1167,0.0167343912338,9,0.9449392712550607,1.3550114359352228e-05
VogtmannE_2016,1229,UniRef90_C4ZBD3,1167,0.014771598975100001,9,0.9449392712550607,1.1960808886720648e-05
VogtmannE_2016,1230,UniRef90_Q9XDI7,1167,0.0125715665362,9,0.9449392712550607,1.0179406102186235e-05
VogtmannE_2016,1231,UniRef90_A0A176UAE5,1167,0.0118650740232,9,0.9449392712550607,9.607347387206479e-06
VogtmannE_2016,1232,UniRef90_A0A174ZW36,1167,0.0107551772638,9,0.9449392712550607,8.708645557732794e-06
VogtmannE_2016,1233,UniRef90_D4ML28,1167,0.0082034619993,9,0.9449392712550607,6.64247935165992e-06
VogtmannE_2016,1234,UniRef90_R6EJZ1,1167,0.0076465865358,9,0.9449392712550607,6.191568045182187e-06
VogtmannE_2016,1235,UniRef90_U2DMW7,1167,0.0075169034697,9,0.9449392712550607,6.086561513927126e-06
VogtmannE_2016,1236,UniRef90_Q8A2T6,1167,0.006937451559700001,9,0.9449392712550607,5.6173696839676115e-06
VogtmannE_2016,1237,UniRef90_A0A1Y4MUD3,1167,0.006847187229000001,9,0.9449392712550607,5.544281157085021e-06
VogtmannE_2016,1238,UniRef90_K5BRS5,1167,0.0061102934018,9,0.9449392712550607,4.9476059933603235e-06
VogtmannE_2016,1239,UniRef90_G1VJV9,1167,0.0058262263673,9,0.9449392712550607,4.717592200242915e-06
VogtmannE_2016,1240,UniRef90_V8C6H4,1167,0.0048335098271,9,0.9449392712550607,3.9137731393522266e-06
VogtmannE_2016,1241,UniRef90_A0A3E5G3Y1,1166,0.0625496696313,9,0.9441295546558705,5.064750577433199e-05
VogtmannE_2016,1242,UniRef90_B8QUG6,1166,0.0406829474847,9,0.9441295546558705,3.2941657882348176e-05
VogtmannE_2016,1243,UniRef90_S0F753,1166,0.0217688908495,9,0.9441295546558705,1.7626632266801618e-05
VogtmannE_2016,1244,UniRef90_A6KXL0,1166,0.0187402188895,9,0.9441295546558705,1.517426630728745e-05
VogtmannE_2016,1245,UniRef90_A6L5I2,1166,0.018595053602,9,0.9441295546558705,1.5056723564372468e-05
VogtmannE_2016,1246,UniRef90_A0A173T7G7,1166,0.0183857736387,9,0.9441295546558705,1.4887266104210527e-05
VogtmannE_2016,1247,UniRef90_A0A396EL10,1166,0.0176763853499999,9,0.9441295546558705,1.4312862631578866e-05
VogtmannE_2016,1248,UniRef90_G2T0E6,1166,0.015529790710200001,9,0.9441295546558705,1.257472932e-05
VogtmannE_2016,1249,UniRef90_A0A395WC15,1166,0.014593696479000001,9,0.9441295546558705,1.1816758282591094e-05
VogtmannE_2016,1250,UniRef90_D4M3M3,1166,0.013919924978,9,0.9441295546558705,1.1271194314170041e-05
VogtmannE_2016,1251,UniRef90_A0A3D6ASL7,1166,0.013377125916799999,9,0.9441295546558705,1.0831680904291497e-05
VogtmannE_2016,1252,UniRef90_Q5L9E3,1166,0.012107389207700001,9,0.9441295546558705,9.803554014331985e-06
VogtmannE_2016,1253,UniRef90_A0A2N5NPS1,1166,0.0115602387411,9,0.9441295546558705,9.360517199271254e-06
VogtmannE_2016,1254,UniRef90_Q5LHC9,1166,0.0114028410583,9,0.9441295546558705,9.233069682834008e-06
VogtmannE_2016,1255,UniRef90_D4M219,1166,0.0112502374544,9,0.9441295546558705,9.10950401165992e-06
VogtmannE_2016,1256,UniRef90_A0A0D8J3P3,1166,0.0110672646247,9,0.9441295546558705,8.961347874251013e-06
VogtmannE_2016,1257,UniRef90_D4M5W4,1166,0.0104768402715,9,0.9441295546558705,8.483271474898786e-06
VogtmannE_2016,1258,UniRef90_Q8A9J0,1166,0.0099459931937,9,0.9441295546558705,8.053435784372471e-06
VogtmannE_2016,1259,UniRef90_F3PIA3,1166,0.008234058520999999,9,0.9441295546558705,6.667253863157894e-06
VogtmannE_2016,1260,UniRef90_I8XU31,1166,0.0080680146818,9,0.9441295546558705,6.532805410364373e-06
VogtmannE_2016,1261,UniRef90_A0A0P0EVF9,1166,0.008011081136,9,0.9441295546558705,6.4867053732793515e-06
VogtmannE_2016,1262,UniRef90_A0A077ZLM0,1166,0.0071438542072,9,0.9441295546558705,5.784497333765182e-06
VogtmannE_2016,1263,UniRef90_A0A0S2W3X4,1166,0.0069291317589,9,0.9441295546558705,5.610633003157895e-06
VogtmannE_2016,1264,UniRef90_Q5LES4,1166,0.0066596793606,9,0.9441295546558705,5.3924529235627535e-06
VogtmannE_2016,1265,UniRef90_Q8AAP2,1166,0.0065901188607,9,0.9441295546558705,5.336128632145749e-06
VogtmannE_2016,1266,UniRef90_Q8A883,1166,0.0064515838818000005,9,0.9441295546558705,5.223954560161944e-06
VogtmannE_2016,1267,UniRef90_T0NDH0,1166,0.0062467285428,9,0.9441295546558705,5.058079791740891e-06
VogtmannE_2016,1268,UniRef90_C7GEU3,1166,0.00384835405849,9,0.9441295546558705,3.116076160720648e-06
VogtmannE_2016,1269,UniRef90_E7GGY5,1166,0.00057243569939,9,0.9441295546558705,4.6351068776518215e-07
VogtmannE_2016,1270,UniRef90_R7QWE6,1166,0.00026890813015,9,0.9441295546558705,2.177393766396761e-07
VogtmannE_2016,1271,UniRef90_A7V4G3,1165,0.191952342248,9,0.9433198380566802,0.00015542699777165993
VogtmannE_2016,1272,UniRef90_U2Z4S8,1165,0.0632347299228,9,0.9433198380566802,5.1202210463805674e-05
VogtmannE_2016,1273,UniRef90_I3YIY6,1165,0.0402260968615,9,0.9433198380566802,3.257173834939271e-05
VogtmannE_2016,1274,UniRef90_A0A396ABW1,1165,0.035829138564,9,0.9433198380566802,2.9011448229959517e-05
VogtmannE_2016,1275,UniRef90_A0A174JH13,1165,0.0282134906556,9,0.9433198380566802,2.284493170493927e-05
VogtmannE_2016,1276,UniRef90_A0A174E0F2,1165,0.0269930166905,9,0.9433198380566802,2.1856693676518216e-05
VogtmannE_2016,1277,UniRef90_A0A395VQC8,1165,0.026261686093,9,0.9433198380566802,2.126452315222672e-05
VogtmannE_2016,1278,UniRef90_D4S2D0,1165,0.016337077725,9,0.9433198380566802,1.3228403016194332e-05
VogtmannE_2016,1279,UniRef90_R5CHH0,1165,0.0162097835092,9,0.9433198380566802,1.3125330776680163e-05
VogtmannE_2016,1280,UniRef90_A0A173T3I9,1165,0.0161423628563,9,0.9433198380566802,1.3070739154898785e-05
VogtmannE_2016,1281,UniRef90_R7PKN9,1165,0.013892444473800001,9,0.9433198380566802,1.1248942893765183e-05
VogtmannE_2016,1282,UniRef90_C9L7G1,1165,0.0128855729677,9,0.9433198380566802,1.043366232202429e-05
VogtmannE_2016,1283,UniRef90_R5IPI6,1165,0.0127595132896,9,0.9433198380566802,1.0331589708178138e-05
VogtmannE_2016,1284,UniRef90_A0A2A6ZIF3,1165,0.0126969719625,9,0.9433198380566802,1.0280948957489879e-05
VogtmannE_2016,1285,UniRef90_A5KRF0,1165,0.0111546627677,9,0.9433198380566802,9.032115601376518e-06
VogtmannE_2016,1286,UniRef90_C5ER99,1165,0.0105304684325,9,0.9433198380566802,8.526695087044535e-06
VogtmannE_2016,1287,UniRef90_Q8A245,1165,0.0103926079451,9,0.9433198380566802,8.41506716202429e-06
VogtmannE_2016,1288,UniRef90_U5FBZ1,1165,0.0095169321067,9,0.9433198380566802,7.706017900161944e-06
VogtmannE_2016,1289,UniRef90_A0A174XCS7,1165,0.0094179666848,9,0.9433198380566802,7.625883955303643e-06
VogtmannE_2016,1290,UniRef90_R6JN61,1165,0.0090680643525,9,0.9433198380566802,7.34256222874494e-06
VogtmannE_2016,1291,UniRef90_I8XT52,1165,0.0090101863421,9,0.9433198380566802,7.295697442995951e-06
VogtmannE_2016,1292,UniRef90_Q8A137,1165,0.0082017665518,9,0.9433198380566802,6.641106519676114e-06
VogtmannE_2016,1293,UniRef90_A0A096B8Q8,1165,0.0078662612502,9,0.9433198380566802,6.369442307854252e-06
VogtmannE_2016,1294,UniRef90_W4PLW4,1165,0.0078612058068,9,0.9433198380566802,6.365348831417004e-06
VogtmannE_2016,1295,UniRef90_A0A2N5NP30,1165,0.0078145537183,9,0.9433198380566802,6.327573860971659e-06
VogtmannE_2016,1296,UniRef90_Q8A519,1165,0.0077322045071,9,0.9433198380566802,6.260894337732794e-06
VogtmannE_2016,1297,UniRef90_A0A174J0A9,1165,0.0068730238534,9,0.9433198380566802,5.565201500728744e-06
VogtmannE_2016,1298,UniRef90_F4XHR2,1165,0.0064227628846,9,0.9433198380566802,5.2006177203238865e-06
VogtmannE_2016,1299,UniRef90_A7VSA4,1164,0.0617356567245,9,0.9425101214574899,4.998838601174089e-05
VogtmannE_2016,1300,UniRef90_J7TNS4,1164,0.0446487176327,9,0.9425101214574899,3.615280779975709e-05
VogtmannE_2016,1301,UniRef90_A6KXK3,1164,0.0270823982703,9,0.9425101214574899,2.192906742534413e-05
VogtmannE_2016,1302,UniRef90_A6KYI2,1164,0.0262215434443,9,0.9425101214574899,2.1232018983238866e-05
VogtmannE_2016,1303,UniRef90_R6Y9C3,1164,0.024994720074000002,9,0.9425101214574899,2.023863973603239e-05
VogtmannE_2016,1304,UniRef90_A0A174MZL4,1164,0.022704830335000002,9,0.9425101214574899,1.8384478004048583e-05
VogtmannE_2016,1305,UniRef90_F4XGS0,1164,0.021398809616999998,9,0.9425101214574899,1.732697134979757e-05
VogtmannE_2016,1306,UniRef90_R6YQA7,1164,0.020196030436,9,0.9425101214574899,1.6353061081781378e-05
VogtmannE_2016,1307,UniRef90_F4XGR4,1164,0.019789904158,9,0.9425101214574899,1.6024213893117408e-05
VogtmannE_2016,1308,UniRef90_A6L074,1164,0.019083898068800002,9,0.9425101214574899,1.5452549043562754e-05
VogtmannE_2016,1309,UniRef90_F4XGN6,1164,0.017880926119999998,9,0.9425101214574899,1.4478482688259108e-05
VogtmannE_2016,1310,UniRef90_F4XGQ7,1164,0.016392611161,9,0.9425101214574899,1.3273369361133602e-05
VogtmannE_2016,1311,UniRef90_C0FQS1,1164,0.0154284433712,9,0.9425101214574899,1.2492666697327934e-05
VogtmannE_2016,1312,UniRef90_A6L5J9,1164,0.0153038777612,9,0.9425101214574899,1.2391803855222672e-05
VogtmannE_2016,1313,UniRef90_K0XH44,1164,0.015162138465500002,9,0.9425101214574899,1.2277035194736844e-05
VogtmannE_2016,1314,UniRef90_R6K7C9,1164,0.014725061694000001,9,0.9425101214574899,1.1923126877732795e-05
VogtmannE_2016,1315,UniRef90_D6DKS0,1164,0.014058040054,9,0.9425101214574899,1.1383028383805668e-05
VogtmannE_2016,1316,UniRef90_C0BE66,1164,0.013856428181,9,0.9425101214574899,1.1219779903643725e-05
VogtmannE_2016,1317,UniRef90_R5S2S8,1164,0.0119681024793,9,0.9425101214574899,9.690771238299595e-06
VogtmannE_2016,1318,UniRef90_A0A2A7A0J8,1164,0.0113781189426,9,0.9425101214574899,9.213051775384615e-06
VogtmannE_2016,1319,UniRef90_A0A1Y4DBS3,1164,0.0099633065931,9,0.9425101214574899,8.06745473125506e-06
VogtmannE_2016,1320,UniRef90_W6P8M8,1164,0.0081129601984,9,0.9425101214574899,6.569198541214575e-06
VogtmannE_2016,1321,UniRef90_Q8A756,1164,0.0080661785788,9,0.9425101214574899,6.531318687287449e-06
VogtmannE_2016,1322,UniRef90_K1GFZ0,1164,0.0080283160869,9,0.9425101214574899,6.500660799109311e-06
VogtmannE_2016,1323,UniRef90_A0A1E3UA98,1164,0.0078284947948,9,0.9425101214574899,6.338862182024292e-06
VogtmannE_2016,1324,UniRef90_A0A396A1S7,1164,0.0070269617482999,9,0.9425101214574899,5.6898475694736034e-06
VogtmannE_2016,1325,UniRef90_A0A373ZU51,1164,0.0057985487767,9,0.9425101214574899,4.6951811957085024e-06
VogtmannE_2016,1326,UniRef90_G5FA78,1164,0.0056678843492,9,0.9425101214574899,4.589380039838057e-06
VogtmannE_2016,1327,UniRef90_A0A329U2X5,1164,0.00385910503627,9,0.9425101214574899,3.1247814058866397e-06
VogtmannE_2016,1328,UniRef90_D4M217,1164,0.00369902788741,9,0.9425101214574899,2.995164281303644e-06
VogtmannE_2016,1329,UniRef90_A0A2A6ZA84,1163,0.0311594823902,9,0.9417004048582996,2.5230350113522267e-05
VogtmannE_2016,1330,UniRef90_A0A285PS72,1163,0.020503887661,9,0.9417004048582996,1.6602338187044535e-05
VogtmannE_2016,1331,UniRef90_R6ZMG2,1163,0.0198695797359,9,0.9417004048582996,1.6088728531093118e-05
VogtmannE_2016,1332,UniRef90_G1WU35,1163,0.0190950810244,9,0.9417004048582996,1.546160406834008e-05
VogtmannE_2016,1333,UniRef90_R6CPE5,1163,0.0187009530204,9,0.9417004048582996,1.5142472081295547e-05
VogtmannE_2016,1334,UniRef90_R5W221,1163,0.0182061923877,9,0.9417004048582996,1.4741856184372469e-05
VogtmannE_2016,1335,UniRef90_A0A174SJJ8,1163,0.0169177743187,9,0.9417004048582996,1.3698602687206478e-05
VogtmannE_2016,1336,UniRef90_A8RVU7,1163,0.0165222188544,9,0.9417004048582996,1.3378314861862348e-05
VogtmannE_2016,1337,UniRef90_A0A076J838,1163,0.015142663094699998,9,0.9417004048582996,1.2261265663724695e-05
VogtmannE_2016,1338,UniRef90_A0A396ACA8,1163,0.0141461364559,9,0.9417004048582996,1.1454361502753036e-05
VogtmannE_2016,1339,UniRef90_A7V331,1163,0.0131539618446,9,0.9417004048582996,1.0650981250688259e-05
VogtmannE_2016,1340,UniRef90_A0A0K6BWP1,1163,0.0128677630632,9,0.9417004048582996,1.0419241346720647e-05
VogtmannE_2016,1341,UniRef90_A0A139K449,1163,0.0120410276789999,9,0.9417004048582996,9.74981998299587e-06
VogtmannE_2016,1342,UniRef90_A0A2X2UK29,1163,0.0115822840432,9,0.9417004048582996,9.37836764631579e-06
VogtmannE_2016,1343,UniRef90_A0A3E5EAC3,1163,0.010323348142,9,0.9417004048582996,8.35898634979757e-06
VogtmannE_2016,1344,UniRef90_A0A374P2G6,1163,0.0101112218024,9,0.9417004048582996,8.187224131497976e-06
VogtmannE_2016,1345,UniRef90_A0A180F5X8,1163,0.010101472739800001,9,0.9417004048582996,8.179330153684211e-06
VogtmannE_2016,1346,UniRef90_A0A0K9NB76,1163,0.0097748943231,9,0.9417004048582996,7.91489418874494e-06
VogtmannE_2016,1347,UniRef90_F3PJG6,1163,0.0092826560779,9,0.9417004048582996,7.516320710850202e-06
VogtmannE_2016,1348,UniRef90_R5JK61,1163,0.0090317091665,9,0.9417004048582996,7.313124831174089e-06
VogtmannE_2016,1349,UniRef90_A0A174MTR7,1163,0.008122400346,9,0.9417004048582996,6.576842385425101e-06
VogtmannE_2016,1350,UniRef90_A0A174LXZ3,1163,0.0075413773177,9,0.9417004048582996,6.106378394898786e-06
VogtmannE_2016,1351,UniRef90_A0A0P0FAE2,1163,0.007474210249,9,0.9417004048582996,6.051992104453441e-06
VogtmannE_2016,1352,UniRef90_F7V8Z5,1163,0.0072905127857,9,0.9417004048582996,5.903249219190283e-06
VogtmannE_2016,1353,UniRef90_R6VFX7,1163,0.0071120427837,9,0.9417004048582996,5.75873909611336e-06
VogtmannE_2016,1354,UniRef90_A0A3E5GMU6,1163,0.0068416112652,9,0.9417004048582996,5.539766206639676e-06
VogtmannE_2016,1355,UniRef90_R6GP05,1163,0.0065106219868,9,0.9417004048582996,5.271758693765182e-06
VogtmannE_2016,1356,UniRef90_R5LCI4,1163,0.006405252895199999,9,0.9417004048582996,5.18643959125506e-06
VogtmannE_2016,1357,UniRef90_C0C3G6,1163,0.0035150897546,9,0.9417004048582996,2.8462265219433198e-06
VogtmannE_2016,1358,UniRef90_UPI0009C14AC7,1163,0.00254170917888,9,0.9417004048582996,2.0580641124534414e-06
VogtmannE_2016,1359,UniRef90_A0A396E773,1162,0.0692396476526,9,0.9408906882591093,5.606449202639676e-05
VogtmannE_2016,1360,UniRef90_A0A176U4K1,1162,0.0392651588715,9,0.9408906882591093,3.179365090809716e-05
VogtmannE_2016,1361,UniRef90_C5EDJ4,1162,0.0381671088137,9,0.9408906882591093,3.090454154955466e-05
VogtmannE_2016,1362,UniRef90_A6L1X1,1162,0.0289323678581,9,0.9408906882591093,2.3427018508582997e-05
VogtmannE_2016,1363,UniRef90_B7B4Y7,1162,0.024981834839999998,9,0.9408906882591093,2.0228206348178135e-05
VogtmannE_2016,1364,UniRef90_U6RCV6,1162,0.024945939661399998,9,0.9408906882591093,2.0199141426234816e-05
VogtmannE_2016,1365,UniRef90_A6L0E8,1162,0.024782245148699998,9,0.9408906882591093,2.006659526210526e-05
VogtmannE_2016,1366,UniRef90_B0P5G9,1162,0.0225338931543,9,0.9408906882591093,1.8246067331417003e-05
VogtmannE_2016,1367,UniRef90_C7H3J4,1162,0.0219429920124,9,0.9408906882591093,1.776760486834008e-05
VogtmannE_2016,1368,UniRef90_A0A2A6ZB02,1162,0.021089690066000002,9,0.9408906882591093,1.7076672118218625e-05
VogtmannE_2016,1369,UniRef90_A0A2A7A419,1162,0.0200993725977999,9,0.9408906882591093,1.627479562574891e-05
VogtmannE_2016,1370,UniRef90_A0A076IZ41,1162,0.019950966486,9,0.9408906882591093,1.615462873360324e-05
VogtmannE_2016,1371,UniRef90_A0A076IRH5,1162,0.0196827706917,9,0.9408906882591093,1.5937466147125508e-05
VogtmannE_2016,1372,UniRef90_F4XGQ0,1162,0.0170034811444,9,0.9408906882591093,1.3768000926639676e-05
VogtmannE_2016,1373,UniRef90_D4LFQ1,1162,0.016197265106800002,9,0.9408906882591093,1.311519441846154e-05
VogtmannE_2016,1374,UniRef90_A0A174HPN2,1162,0.015558578558,9,0.9408906882591093,1.2598039318218623e-05
VogtmannE_2016,1375,UniRef90_R5VAP6,1162,0.0145348324859,9,0.9408906882591093,1.1769095130283402e-05
VogtmannE_2016,1376,UniRef90_H1AL91,1162,0.0144753790588999,9,0.9408906882591093,1.1720954703562672e-05
VogtmannE_2016,1377,UniRef90_E8LH28,1162,0.0122448316776,9,0.9408906882591093,9.914843463643724e-06
VogtmannE_2016,1378,UniRef90_A0A133YAI6,1162,0.012140677917,9,0.9408906882591093,9.830508434817813e-06
VogtmannE_2016,1379,UniRef90_D4JA34,1162,0.0119248521721,9,0.9408906882591093,9.655750746639677e-06
VogtmannE_2016,1380,UniRef90_A0A396ADT9,1162,0.011621011569,9,0.9408906882591093,9.40972596680162e-06
VogtmannE_2016,1381,UniRef90_A0A395ZZS6,1162,0.01035353500191,9,0.9408906882591093,8.38342915134413e-06
VogtmannE_2016,1382,UniRef90_A0A174XKF4,1162,0.010081085820899999,9,0.9408906882591093,8.162822527044533e-06
VogtmannE_2016,1383,UniRef90_A0A1L5KJJ8,1162,0.009144354015,9,0.9408906882591093,7.404335234817814e-06
VogtmannE_2016,1384,UniRef90_B0G4M0,1162,0.0090786253756,9,0.9408906882591093,7.3511136644534415e-06
VogtmannE_2016,1385,UniRef90_R6JHC6,1162,0.008552024906,9,0.9408906882591093,6.924716523076924e-06
VogtmannE_2016,1386,UniRef90_R6MHE2,1162,0.008316696550900001,9,0.9408906882591093,6.734167247692309e-06
VogtmannE_2016,1387,UniRef90_A0A139JTK6,1162,0.0080278577424,9,0.9408906882591093,6.500289669959515e-06
VogtmannE_2016,1388,UniRef90_A0A173V552,1162,0.0077697654805000006,9,0.9408906882591093,6.291308081376519e-06
VogtmannE_2016,1389,UniRef90_A5ZJX9,1162,0.0077227959401,9,0.9408906882591093,6.2532760648583e-06
VogtmannE_2016,1390,UniRef90_R5JBY8,1162,0.007618599177,9,0.9408906882591093,6.168906216194332e-06
VogtmannE_2016,1391,UniRef90_A0A1Q6HGU0,1162,0.0075071650260999994,9,0.9408906882591093,6.078676134493927e-06
VogtmannE_2016,1392,UniRef90_R6VCA7,1162,0.0073954588097,9,0.9408906882591093,5.988225756842105e-06
VogtmannE_2016,1393,UniRef90_D4KAT9,1162,0.0070326301392,9,0.9408906882591093,5.694437359676113e-06
VogtmannE_2016,1394,UniRef90_R7H386,1162,0.0065768058402,9,0.9408906882591093,5.3253488584615386e-06
VogtmannE_2016,1395,UniRef90_C6IHF7,1162,0.0064408047804,9,0.9408906882591093,5.2152265428340085e-06
VogtmannE_2016,1396,UniRef90_C4Z1I4,1162,0.0046721047326,9,0.9408906882591093,3.7830807551417e-06
VogtmannE_2016,1397,UniRef90_J6HNG2,1162,0.0042388524685,9,0.9408906882591093,3.4322692052631576e-06
VogtmannE_2016,1398,UniRef90_A0A396MKB4,1162,0.0032660277353,9,0.9408906882591093,2.6445568706882593e-06
VogtmannE_2016,1399,UniRef90_R7GE19,1162,0.00035252740773000004,9,0.9408906882591093,2.8544729370850206e-07
VogtmannE_2016,1400,UniRef90_A0A3E2W7G5,1161,0.1512295612801,9,0.940080971659919,0.00012245308605676115
VogtmannE_2016,1401,UniRef90_B6W4E8,1161,0.034669037707899995,9,0.940080971659919,2.807209531004048e-05
VogtmannE_2016,1402,UniRef90_A0A140JXE0,1161,0.0340735281119,9,0.940080971659919,2.7589901305182187e-05
VogtmannE_2016,1403,UniRef90_A0A120A0G9,1161,0.0316788753268,9,0.940080971659919,2.5650911195789472e-05
VogtmannE_2016,1404,UniRef90_B7ANN6,1161,0.025302201051,9,0.940080971659919,2.0487612187044532e-05
VogtmannE_2016,1405,UniRef90_C4ZD95,1161,0.023760923415,9,0.940080971659919,1.9239614101214575e-05
VogtmannE_2016,1406,UniRef90_A6L8S9,1161,0.022872940943400002,9,0.940080971659919,1.8520599954170043e-05
VogtmannE_2016,1407,UniRef90_R6CIY6,1161,0.022147114369800002,9,0.940080971659919,1.7932886129392713e-05
VogtmannE_2016,1408,UniRef90_A0A173ZUR1,1161,0.0214763040924,9,0.940080971659919,1.7389719912874495e-05
VogtmannE_2016,1409,UniRef90_A0A076J1F4,1161,0.0207733397704,9,0.940080971659919,1.682051803271255e-05
VogtmannE_2016,1410,UniRef90_H1ALD3,1161,0.020571636151,9,0.940080971659919,1.6657195263967613e-05
VogtmannE_2016,1411,UniRef90_B0PDH4,1161,0.0203199840203,9,0.940080971659919,1.6453428356518218e-05
VogtmannE_2016,1412,UniRef90_V8C7B4,1161,0.017747742188,9,0.940080971659919,1.4370641447773281e-05
VogtmannE_2016,1413,UniRef90_A0A318N1V3,1161,0.0175071022558,9,0.940080971659919,1.4175791300242915e-05
VogtmannE_2016,1414,UniRef90_F4XGQ3,1161,0.0163255356376,9,0.940080971659919,1.3219057196437246e-05
VogtmannE_2016,1415,UniRef90_A0A396AK15,1161,0.0162059739208,9,0.940080971659919,1.31222460897166e-05
VogtmannE_2016,1416,UniRef90_V8CFS4,1161,0.0150405467269,9,0.940080971659919,1.2178580345668016e-05
VogtmannE_2016,1417,UniRef90_C4ZEQ8,1161,0.013358974564,9,0.940080971659919,1.081698345263158e-05
VogtmannE_2016,1418,UniRef90_A0A139KHA8,1161,0.013310149534,9,0.940080971659919,1.0777449015384616e-05
VogtmannE_2016,1419,UniRef90_Q5L9P3,1161,0.0132454797889,9,0.940080971659919,1.0725084849311742e-05
VogtmannE_2016,1420,UniRef90_Q5LBZ8,1161,0.011762268089,9,0.940080971659919,9.524103715789474e-06
VogtmannE_2016,1421,UniRef90_B0P2Y8,1161,0.011653249359,9,0.940080971659919,9.435829440485831e-06
VogtmannE_2016,1422,UniRef90_C5ERC2,1161,0.0110149607719999,9,0.940080971659919,8.918996576518138e-06
VogtmannE_2016,1423,UniRef90_F7M6E4,1161,0.010509979748399999,9,0.940080971659919,8.510105059433197e-06
VogtmannE_2016,1424,UniRef90_E5VHU2,1161,0.009579752952,9,0.940080971659919,7.756884981376518e-06
VogtmannE_2016,1425,UniRef90_A0A0K6BZ65,1161,0.0094446362293,9,0.940080971659919,7.647478728178139e-06
VogtmannE_2016,1426,UniRef90_A0A139LFI4,1161,0.0094240260094,9,0.940080971659919,7.630790291012146e-06
VogtmannE_2016,1427,UniRef90_D6D3P6,1161,0.0083370284364,9,0.940080971659919,6.750630312874493e-06
VogtmannE_2016,1428,UniRef90_E4VUQ7,1161,0.0080285109939,9,0.940080971659919,6.5008186185425094e-06
VogtmannE_2016,1429,UniRef90_R6E8V6,1161,0.007828546453199999,9,0.940080971659919,6.338904010688258e-06
VogtmannE_2016,1430,UniRef90_R6J3N3,1161,0.0074070987473999995,9,0.940080971659919,5.997650807611336e-06
VogtmannE_2016,1431,UniRef90_A5KQF4,1161,0.0071579416830999994,9,0.940080971659919,5.795904196842105e-06
VogtmannE_2016,1432,UniRef90_Q8A251,1161,0.007005037087899999,9,0.940080971659919,5.672094808016194e-06
VogtmannE_2016,1433,UniRef90_B1C1N3,1161,0.0055035284132,9,0.940080971659919,4.456298310283401e-06
VogtmannE_2016,1434,UniRef90_C6LJE9,1161,0.0050595684201,9,0.940080971659919,4.096816534493927e-06
VogtmannE_2016,1435,UniRef90_A0A134CL11,1161,0.0047640477653,9,0.940080971659919,3.857528554898786e-06
VogtmannE_2016,1436,UniRef90_A0A3E4LN05,1161,0.00390405950843,9,0.940080971659919,3.1611817882024293e-06
VogtmannE_2016,1437,UniRef90_A0A1X9I1X8,1161,0.00272304801019,9,0.940080971659919,2.204897174242915e-06
VogtmannE_2016,1438,UniRef90_UPI000A2F3926,1161,0.0009934028301,9,0.940080971659919,8.043747612145749e-07
VogtmannE_2016,1439,UniRef90_A0A351UX12,1161,0.0005280766418,9,0.940080971659919,4.275924225101215e-07
VogtmannE_2016,1440,UniRef90_D4MYD8,1160,0.04055220288618,9,0.9392712550607287,3.283579181067206e-05
VogtmannE_2016,1441,UniRef90_U2AZI4,1160,0.0389610469608,9,0.9392712550607287,3.15474064459919e-05
VogtmannE_2016,1442,UniRef90_E5UT40,1160,0.0279426945203,9,0.9392712550607287,2.2625663579190285e-05
VogtmannE_2016,1443,UniRef90_F4XGQ2,1160,0.025688386340099997,9,0.9392712550607287,2.08003128259919e-05
VogtmannE_2016,1444,UniRef90_Q8A484,1160,0.024504047603599997,9,0.9392712550607287,1.9841334091983803e-05
VogtmannE_2016,1445,UniRef90_S0F7Y5,1160,0.0242825089321,9,0.9392712550607287,1.966195055230769e-05
VogtmannE_2016,1446,UniRef90_A0A396ECZ7,1160,0.0240076098265,9,0.9392712550607287,1.943936018340081e-05
VogtmannE_2016,1447,UniRef90_A0A176UA43,1160,0.022494796166999998,9,0.9392712550607287,1.8214409851821862e-05
VogtmannE_2016,1448,UniRef90_A0A0P0LFD2,1160,0.0204961610767,9,0.9392712550607287,1.6596081843481782e-05
VogtmannE_2016,1449,UniRef90_A0A174DZC8,1160,0.019240395883,9,0.9392712550607287,1.557926792145749e-05
VogtmannE_2016,1450,UniRef90_A0A2A6ZAU5,1160,0.0179323715799,9,0.9392712550607287,1.4520138931093116e-05
VogtmannE_2016,1451,UniRef90_R6JHJ8,1160,0.0176412465527,9,0.9392712550607287,1.4284410164129555e-05
VogtmannE_2016,1452,UniRef90_E1WKS3,1160,0.0175415959086,9,0.9392712550607287,1.4203721383481782e-05
VogtmannE_2016,1453,UniRef90_E2ZJN6,1160,0.0174262719121,9,0.9392712550607287,1.411034162923077e-05
VogtmannE_2016,1454,UniRef90_A0A0P0LJL5,1160,0.016803423205,9,0.9392712550607287,1.3606010692307692e-05
VogtmannE_2016,1455,UniRef90_Q8A487,1160,0.016372939868,9,0.9392712550607287,1.3257441188663968e-05
VogtmannE_2016,1456,UniRef90_C4ZB99,1160,0.016183954810199998,9,0.9392712550607287,1.310441685036437e-05
VogtmannE_2016,1457,UniRef90_F3PN06,1160,0.0159757539319999,9,0.9392712550607287,1.2935833143319756e-05
VogtmannE_2016,1458,UniRef90_A0A395ZXE4,1160,0.014475283168,9,0.9392712550607287,1.1720877059109312e-05
VogtmannE_2016,1459,UniRef90_A7V7L5,1160,0.013731555825700001,9,0.9392712550607287,1.1118668684777328e-05
VogtmannE_2016,1460,UniRef90_C4Z954,1160,0.0137056900248,9,0.9392712550607287,1.1097724716437248e-05
VogtmannE_2016,1461,UniRef90_Q64ZS4,1160,0.010387614596,9,0.9392712550607287,8.41102396437247e-06
VogtmannE_2016,1462,UniRef90_A8RVW4,1160,0.010349511153999999,9,0.9392712550607287,8.380170974898784e-06
VogtmannE_2016,1463,UniRef90_A0A174E3N9,1160,0.01021821674184,9,0.9392712550607287,8.273859709991902e-06
VogtmannE_2016,1464,UniRef90_Q8A6N7,1160,0.0099456521953,9,0.9392712550607287,8.053159672307691e-06
VogtmannE_2016,1465,UniRef90_F7L9J0,1160,0.0093320379475,9,0.9392712550607287,7.5563060303643724e-06
VogtmannE_2016,1466,UniRef90_R6JB78,1160,0.008765335815,9,0.9392712550607287,7.0974379068825915e-06
VogtmannE_2016,1467,UniRef90_Q84F56,1160,0.008662143755,9,0.9392712550607287,7.013881582995952e-06
VogtmannE_2016,1468,UniRef90_U2CMW0,1160,0.0081760732601,9,0.9392712550607287,6.620302234898785e-06
VogtmannE_2016,1469,UniRef90_A0A1R7P295,1160,0.0078036110953,9,0.9392712550607287,6.318713437489879e-06
VogtmannE_2016,1470,UniRef90_A0A139T3R5,1160,0.0075746472286999,9,0.9392712550607287,6.133317594088988e-06
VogtmannE_2016,1471,UniRef90_Q8A0U0,1160,0.0074412988649,9,0.9392712550607287,6.025343210445344e-06
VogtmannE_2016,1472,UniRef90_A0A139KQF5,1160,0.006929877741,9,0.9392712550607287,5.611237037246964e-06
VogtmannE_2016,1473,UniRef90_Q8A5W4,1160,0.0061208964999,9,0.9392712550607287,4.956191497894736e-06
VogtmannE_2016,1474,UniRef90_UPI000931B22C,1160,0.0050313541067,9,0.9392712550607287,4.073970936599191e-06
VogtmannE_2016,1475,UniRef90_B0NFF2,1160,0.0049002318957,9,0.9392712550607287,3.967799105829959e-06
VogtmannE_2016,1476,UniRef90_A0A317FX43,1160,0.0028367682759,9,0.9392712550607287,2.2969783610526316e-06
VogtmannE_2016,1477,UniRef90_A0A125MEP7,1159,0.0485707806346,9,0.9384615384615385,3.932856731546559e-05
VogtmannE_2016,1478,UniRef90_E1YPF1,1159,0.0442307866611,9,0.9384615384615385,3.5814402154736845e-05
VogtmannE_2016,1479,UniRef90_A0A3E2XRS1,1159,0.02994065724,9,0.9384615384615385,2.424344715789474e-05
VogtmannE_2016,1480,UniRef90_S0F6E1,1159,0.023833777365999998,9,0.9384615384615385,1.929860515465587e-05
VogtmannE_2016,1481,UniRef90_A6KZ38,1159,0.0223858322371,9,0.9384615384615385,1.8126179949068825e-05
VogtmannE_2016,1482,UniRef90_A0A076IKJ6,1159,0.020760463459,9,0.9384615384615385,1.6810091869635627e-05
VogtmannE_2016,1483,UniRef90_A6L3E7,1159,0.0201270994435,9,0.9384615384615385,1.6297246512955465e-05
VogtmannE_2016,1484,UniRef90_A6KZP0,1159,0.0197871088761,9,0.9384615384615385,1.602195050696356e-05
VogtmannE_2016,1485,UniRef90_A6L7Q8,1159,0.0187686276456,9,0.9384615384615385,1.5197269348663968e-05
VogtmannE_2016,1486,UniRef90_C9L7J1,1159,0.0182030533869,9,0.9384615384615385,1.4739314483319837e-05
VogtmannE_2016,1487,UniRef90_A0A173VFV9,1159,0.017117147292,9,0.9384615384615385,1.3860038293117408e-05
VogtmannE_2016,1488,UniRef90_E6SVL0,1159,0.0164646418636999,9,0.9384615384615385,1.333169381676105e-05
VogtmannE_2016,1489,UniRef90_G2SYN9,1159,0.015935752569,9,0.9384615384615385,1.2903443375708503e-05
VogtmannE_2016,1490,UniRef90_E6SR39,1159,0.0148762335819,9,0.9384615384615385,1.2045533264696356e-05
VogtmannE_2016,1491,UniRef90_A7VFZ9,1159,0.014751841243,9,0.9384615384615385,1.1944810723076923e-05
VogtmannE_2016,1492,UniRef90_A0A136Q5S8,1159,0.014643283043299999,9,0.9384615384615385,1.1856909346801619e-05
VogtmannE_2016,1493,UniRef90_R5M766,1159,0.014499140703,9,0.9384615384615385,1.1740194901214575e-05
VogtmannE_2016,1494,UniRef90_D4LWP0,1159,0.013824310235499999,9,0.9384615384615385,1.1193773470040486e-05
VogtmannE_2016,1495,UniRef90_B0GAD4,1159,0.0122619921194,9,0.9384615384615385,9.928738558218623e-06
VogtmannE_2016,1496,UniRef90_A0A174Q0V3,1159,0.011917230192999999,9,0.9384615384615385,9.649579103643723e-06
VogtmannE_2016,1497,UniRef90_A0A3E2UBM5,1159,0.011229388678400001,9,0.9384615384615385,9.09262241165992e-06
VogtmannE_2016,1498,UniRef90_A7B154,1159,0.010686882820899999,9,0.9384615384615385,8.65334641368421e-06
VogtmannE_2016,1499,UniRef90_A0A069D6V6,1159,0.010596065079,9,0.9384615384615385,8.5798097805668e-06
VogtmannE_2016,1500,UniRef90_D4ML18,1159,0.0095352325881,9,0.9384615384615385,7.720836103724696e-06
VogtmannE_2016,1501,UniRef90_A0A139TCP8,1159,0.0094539252589,9,0.9384615384615385,7.655000209635629e-06
VogtmannE_2016,1502,UniRef90_A6P1V0,1159,0.0094197115375,9,0.9384615384615385,7.6272967914979755e-06
VogtmannE_2016,1503,UniRef90_D4LWI0,1159,0.008987072348,9,0.9384615384615385,7.276981658299596e-06
VogtmannE_2016,1504,UniRef90_A0A2A7ACZ7,1159,0.0085596390974,9,0.9384615384615385,6.930881860242915e-06
VogtmannE_2016,1505,UniRef90_Q5LIJ5,1159,0.008315430853199999,9,0.9384615384615385,6.7331423912550595e-06
VogtmannE_2016,1506,UniRef90_C9KZP5,1159,0.0079334367885,9,0.9384615384615385,6.423835456275304e-06
VogtmannE_2016,1507,UniRef90_I9UMJ5,1159,0.0077347324449,9,0.9384615384615385,6.262941250931174e-06
VogtmannE_2016,1508,UniRef90_A0A0P0EV66,1159,0.0071740987344,9,0.9384615384615385,5.808986829473685e-06
VogtmannE_2016,1509,UniRef90_A0A139L5M6,1159,0.0069385518004,9,0.9384615384615385,5.618260567125506e-06
VogtmannE_2016,1510,UniRef90_R6JF82,1159,0.0068344655883,9,0.9384615384615385,5.533980233441296e-06
VogtmannE_2016,1511,UniRef90_C9KVB5,1159,0.0058929586275,9,0.9384615384615385,4.7716264190283404e-06
VogtmannE_2016,1512,UniRef90_A0A396F0F1,1158,0.049956442009000006,9,0.9376518218623482,4.045056033117409e-05
VogtmannE_2016,1513,UniRef90_W4UWH2,1158,0.0236428346097,9,0.9376518218623482,1.9143995635384616e-05
VogtmannE_2016,1514,UniRef90_A6KXL2,1158,0.023491224480800002,9,0.9376518218623482,1.902123439740891e-05
VogtmannE_2016,1515,UniRef90_A6KWR4,1158,0.0231756969061,9,0.9376518218623482,1.8765746482672063e-05
VogtmannE_2016,1516,UniRef90_K6A127,1158,0.0220684460588,9,0.9376518218623482,1.786918709214575e-05
VogtmannE_2016,1517,UniRef90_A0A076IWP2,1158,0.0211984051432,9,0.9376518218623482,1.7164700520809716e-05
VogtmannE_2016,1518,UniRef90_A0A329TPK5,1158,0.0191867354912,9,0.9376518218623482,1.5535818211497978e-05
VogtmannE_2016,1519,UniRef90_D4LFS2,1158,0.0190075189709999,9,0.9376518218623482,1.5390703620242833e-05
VogtmannE_2016,1520,UniRef90_B6VYI2,1158,0.0189132000594,9,0.9376518218623482,1.5314332031902833e-05
VogtmannE_2016,1521,UniRef90_C0CKE3,1158,0.0175818447295,9,0.9376518218623482,1.423631152186235e-05
VogtmannE_2016,1522,UniRef90_A0A0P0L628,1158,0.0170930757442,9,0.9376518218623482,1.3840547161295547e-05
VogtmannE_2016,1523,UniRef90_D4JBI5,1158,0.0170079717153,9,0.9376518218623482,1.3771637016437247e-05
VogtmannE_2016,1524,UniRef90_A0A173XFH4,1158,0.0166949192353,9,0.9376518218623482,1.3518153226963563e-05
VogtmannE_2016,1525,UniRef90_A0A0K6BYK2,1158,0.0159558261736,9,0.9376518218623482,1.2919697306558702e-05
VogtmannE_2016,1526,UniRef90_A0A174IM38,1158,0.0159002216427,9,0.9376518218623482,1.2874673394898786e-05
VogtmannE_2016,1527,UniRef90_B7ARS8,1158,0.015108194002,9,0.9376518218623482,1.2233355467206478e-05
VogtmannE_2016,1528,UniRef90_A0A3E4IFW0,1158,0.0148387387144,9,0.9376518218623482,1.2015173048097166e-05
VogtmannE_2016,1529,UniRef90_R6A6S0,1158,0.0146805770117999,9,0.9376518218623482,1.1887106892145668e-05
VogtmannE_2016,1530,UniRef90_Q8A473,1158,0.014104875345899999,9,0.9376518218623482,1.142095169708502e-05
VogtmannE_2016,1531,UniRef90_A0A396G0I2,1158,0.014015355858,9,0.9376518218623482,1.1348466281781377e-05
VogtmannE_2016,1532,UniRef90_A0A395ZWL7,1158,0.013721995799,9,0.9376518218623482,1.1110927772469636e-05
VogtmannE_2016,1533,UniRef90_A0A0K6BWB8,1158,0.013156625113699999,9,0.9376518218623482,1.065313774388664e-05
VogtmannE_2016,1534,UniRef90_I8VZL5,1158,0.012334461534500001,9,0.9376518218623482,9.987418246558705e-06
VogtmannE_2016,1535,UniRef90_B9Y986,1158,0.01138409561,9,0.9376518218623482,9.217891182186235e-06
VogtmannE_2016,1536,UniRef90_R5JBH5,1158,0.0110073443031,9,0.9376518218623482,8.912829395222673e-06
VogtmannE_2016,1537,UniRef90_A6L4L7,1158,0.0108868854045,9,0.9376518218623482,8.815291825506073e-06
VogtmannE_2016,1538,UniRef90_A0A158T0E6,1158,0.010818197548100001,9,0.9376518218623482,8.759674128016195e-06
VogtmannE_2016,1539,UniRef90_U2CRZ1,1158,0.009865955109199999,9,0.9376518218623482,7.988627618785424e-06
VogtmannE_2016,1540,UniRef90_A0A174XLP9,1158,0.009694684448,9,0.9376518218623482,7.84994692145749e-06
VogtmannE_2016,1541,UniRef90_K5D7J9,1158,0.0081845664016,9,0.9376518218623482,6.627179272550608e-06
VogtmannE_2016,1542,UniRef90_D5Q4D4,1158,0.007742395504299999,9,0.9376518218623482,6.269146157327935e-06
VogtmannE_2016,1543,UniRef90_A0A0K6BQC8,1158,0.0076911529982,9,0.9376518218623482,6.227654249554656e-06
VogtmannE_2016,1544,UniRef90_A0A174ZPX3,1158,0.007631554464,9,0.9376518218623482,6.179396327125506e-06
VogtmannE_2016,1545,UniRef90_A0A0E2AWP1,1158,0.0076228614933,9,0.9376518218623482,6.172357484453441e-06
VogtmannE_2016,1546,UniRef90_A0A3E4V167,1158,0.0072478043822,9,0.9376518218623482,5.868667515951417e-06
VogtmannE_2016,1547,UniRef90_A0A174HCN0,1158,0.0072359777727999995,9,0.9376518218623482,5.859091314008097e-06
VogtmannE_2016,1548,UniRef90_E5C9H3,1158,0.006917611782499999,9,0.9376518218623482,5.601305087044534e-06
VogtmannE_2016,1549,UniRef90_R5MR56,1158,0.0068512742974,9,0.9376518218623482,5.547590524210526e-06
VogtmannE_2016,1550,UniRef90_Q8A0M6,1158,0.0068229789583,9,0.9376518218623482,5.5246793184615385e-06
VogtmannE_2016,1551,UniRef90_A0A0P0FKD2,1158,0.0065608647926,9,0.9376518218623482,5.312441127611336e-06
VogtmannE_2016,1552,UniRef90_UPI000A310AE9,1158,0.0065237751441,9,0.9376518218623482,5.282409023562753e-06
VogtmannE_2016,1553,UniRef90_A0A1Y4VL05,1158,0.0064771661024,9,0.9376518218623482,5.2446689088259116e-06
VogtmannE_2016,1554,UniRef90_Q8A9S8,1158,0.006275612010999999,9,0.9376518218623482,5.0814672153846145e-06
VogtmannE_2016,1555,UniRef90_Q8A2N7,1158,0.0062344941147999995,9,0.9376518218623482,5.048173372307692e-06
VogtmannE_2016,1556,UniRef90_R6K753,1158,0.0061545301968,9,0.9376518218623482,4.9834252605668016e-06
VogtmannE_2016,1557,UniRef90_A0A133YP09,1158,0.006054478933199999,9,0.9376518218623482,4.902412091659919e-06
VogtmannE_2016,1558,UniRef90_R5XHX7,1158,0.0052601583769,9,0.9376518218623482,4.259237552145749e-06
VogtmannE_2016,1559,UniRef90_A0A3A9BPA8,1158,0.0049676232388,9,0.9376518218623482,4.022366994979757e-06
VogtmannE_2016,1560,UniRef90_A0A174RNU0,1158,0.0038757705308000005,9,0.9376518218623482,3.1382757334412957e-06
VogtmannE_2016,1561,UniRef90_A0A352T742,1158,0.00023258505746,9,0.9376518218623482,1.8832798174898785e-07
VogtmannE_2016,1562,UniRef90_A0A016JHV3,1157,0.0840660302045,9,0.9368421052631579,6.806966008461539e-05
VogtmannE_2016,1563,UniRef90_A7AE90,1157,0.0327675721524,9,0.9368421052631579,2.653244708696356e-05
VogtmannE_2016,1564,UniRef90_A0A2N5P2T7,1157,0.031395007588,9,0.9368421052631579,2.5421058775708502e-05
VogtmannE_2016,1565,UniRef90_S0F7I4,1157,0.024513762394500004,9,0.9368421052631579,1.98492003194332e-05
VogtmannE_2016,1566,UniRef90_A0A174LZM2,1157,0.022730170115,9,0.9368421052631579,1.8404996044534414e-05
VogtmannE_2016,1567,UniRef90_C3RAS0,1157,0.0216407018592,9,0.9368421052631579,1.752283551352227e-05
VogtmannE_2016,1568,UniRef90_R6YYK5,1157,0.020870846114000002,9,0.9368421052631579,1.6899470537651823e-05
VogtmannE_2016,1569,UniRef90_A0A0K2HQB2,1157,0.0200206256391,9,0.9368421052631579,1.6211032906153847e-05
VogtmannE_2016,1570,UniRef90_A7LT12,1157,0.019678167285799998,9,0.9368421052631579,1.5933738692955466e-05
VogtmannE_2016,1571,UniRef90_U2KW29,1157,0.01781611873392,9,0.9368421052631579,1.4426007072e-05
VogtmannE_2016,1572,UniRef90_C7H6C0,1157,0.0173044439438,9,0.9368421052631579,1.4011695501052631e-05
VogtmannE_2016,1573,UniRef90_B7AWN4,1157,0.0160622631175,9,0.9368421052631579,1.300588106680162e-05
VogtmannE_2016,1574,UniRef90_A0A1Y3V2S0,1157,0.0154914282568,9,0.9368421052631579,1.2543666604696355e-05
VogtmannE_2016,1575,UniRef90_UPI000DE4AA75,1157,0.0154151628425999,9,0.9368421052631579,1.2481913232874413e-05
VogtmannE_2016,1576,UniRef90_A0A095XNF2,1157,0.0152167690466,9,0.9368421052631579,1.2321270483076923e-05
VogtmannE_2016,1577,UniRef90_A0A174BZU8,1157,0.0146976756493,9,0.9368421052631579,1.1900951942753036e-05
VogtmannE_2016,1578,UniRef90_A5ZTH3,1157,0.013787770714299999,9,0.9368421052631579,1.116418681319838e-05
VogtmannE_2016,1579,UniRef90_C0FXH0,1157,0.0132274521144,9,0.9368421052631579,1.0710487542024292e-05
VogtmannE_2016,1580,UniRef90_A5Z5F1,1157,0.012931631262,9,0.9368421052631579,1.0470956487449394e-05
VogtmannE_2016,1581,UniRef90_E5XEG2,1157,0.012787847087,9,0.9368421052631579,1.0354532054251013e-05
VogtmannE_2016,1582,UniRef90_R6VDK6,1157,0.010076390108,9,0.9368421052631579,8.159020330364373e-06
VogtmannE_2016,1583,UniRef90_A7VCU8,1157,0.0091910311294,9,0.9368421052631579,7.4421304691497975e-06
VogtmannE_2016,1584,UniRef90_R5RZY6,1157,0.009147180053,9,0.9368421052631579,7.406623524696356e-06
VogtmannE_2016,1585,UniRef90_C5ER76,1157,0.0084252605006,9,0.9368421052631579,6.8220732798380565e-06
VogtmannE_2016,1586,UniRef90_A0A0P0FEI0,1157,0.007915580993,9,0.9368421052631579,6.409377322267206e-06
VogtmannE_2016,1587,UniRef90_R5U6R9,1157,0.0073818081074000005,9,0.9368421052631579,5.97717255659919e-06
VogtmannE_2016,1588,UniRef90_A0A174XQ94,1157,0.0066828470896,9,0.9368421052631579,5.411212218299595e-06
VogtmannE_2016,1589,UniRef90_R6KC09,1157,0.0065246785907,9,0.9368421052631579,5.283140559271255e-06
VogtmannE_2016,1590,UniRef90_D7IXY2,1157,0.006464720805900001,9,0.9368421052631579,5.234591745668017e-06
VogtmannE_2016,1591,UniRef90_A0A1G6GC65,1157,0.0063258809184,9,0.9368421052631579,5.122170784129554e-06
VogtmannE_2016,1592,UniRef90_R7GRF1,1157,0.0061876381688000005,9,0.9368421052631579,5.010233335060729e-06
VogtmannE_2016,1593,UniRef90_E6LJT6,1157,0.0061841190098,9,0.9368421052631579,5.007383813603239e-06
VogtmannE_2016,1594,UniRef90_D6CWC8,1157,0.0060133993052,9,0.9368421052631579,4.869149234979757e-06
VogtmannE_2016,1595,UniRef90_R6EF19,1157,0.00024501331121,9,0.9368421052631579,1.9839134510931177e-07
VogtmannE_2016,1596,UniRef90_E2N7L9,1156,0.43316003355439997,9,0.9360323886639677,0.0003507368692748178
VogtmannE_2016,1597,UniRef90_A7VSA5,1156,0.03032407395,9,0.9360323886639677,2.455390603238866e-05
VogtmannE_2016,1598,UniRef90_A6L2W9,1156,0.023554417871300002,9,0.9360323886639677,1.9072403134655872e-05
VogtmannE_2016,1599,UniRef90_A6KYI4,1156,0.023191999707,9,0.9360323886639677,1.877894713117409e-05
VogtmannE_2016,1600,UniRef90_A0A076J5A3,1156,0.022251307705,9,0.9360323886639677,1.801725320242915e-05
VogtmannE_2016,1601,UniRef90_B7ARS1,1156,0.02138680775499,9,0.9360323886639677,1.731725324290688e-05
VogtmannE_2016,1602,UniRef90_A0A076IP18,1156,0.02014350555,9,0.9360323886639677,1.63105308097166e-05
VogtmannE_2016,1603,UniRef90_A6KXK1,1156,0.0197176141208,9,0.9360323886639677,1.5965679450040485e-05
VogtmannE_2016,1604,UniRef90_A0A076J215,1156,0.0192978889244,9,0.9360323886639677,1.5625820991417004e-05
VogtmannE_2016,1605,UniRef90_S0F522,1156,0.0180260871786,9,0.9360323886639677,1.4596022006963562e-05
VogtmannE_2016,1606,UniRef90_D4V4N2,1156,0.0178351334487,9,0.9360323886639677,1.4441403602186234e-05
VogtmannE_2016,1607,UniRef90_A6L0A5,1156,0.0162074406749,9,0.9360323886639677,1.31234337448583e-05
VogtmannE_2016,1608,UniRef90_A0A0A2FLK3,1156,0.015469823481999899,9,0.9360323886639677,1.2526172859918946e-05
VogtmannE_2016,1609,UniRef90_D6DZU4,1156,0.0149572998854,9,0.9360323886639677,1.2111173996275304e-05
VogtmannE_2016,1610,UniRef90_A6KZL1,1156,0.0141525667232,9,0.9360323886639677,1.1459568196923077e-05
VogtmannE_2016,1611,UniRef90_C6JDK2,1156,0.013236013690799998,9,0.9360323886639677,1.0717419992550606e-05
VogtmannE_2016,1612,UniRef90_H1ALC6,1156,0.0128035907922,9,0.9360323886639677,1.036727999368421e-05
VogtmannE_2016,1613,UniRef90_Q5LCA5,1156,0.0119643188859,9,0.9360323886639677,9.68770759991903e-06
VogtmannE_2016,1614,UniRef90_Q64YB4,1156,0.0119633926153,9,0.9360323886639677,9.686957583238866e-06
VogtmannE_2016,1615,UniRef90_R6QJQ5,1156,0.0118963357948,9,0.9360323886639677,9.632660562591092e-06
VogtmannE_2016,1616,UniRef90_A0A374P2P0,1156,0.0112557300458,9,0.9360323886639677,9.113951454089068e-06
VogtmannE_2016,1617,UniRef90_D3AFY1,1156,0.01052400488982,9,0.9360323886639677,8.521461449246964e-06
VogtmannE_2016,1618,UniRef90_B0PI29,1156,0.010429990495,9,0.9360323886639677,8.44533643319838e-06
VogtmannE_2016,1619,UniRef90_R7KMK5,1156,0.0089635886367,9,0.9360323886639677,7.257966507449393e-06
VogtmannE_2016,1620,UniRef90_A0A174P957,1156,0.0083708325264,9,0.9360323886639677,6.778002045668016e-06
VogtmannE_2016,1621,UniRef90_Q5LDK8,1156,0.0078199421048,9,0.9360323886639677,6.3319369269635625e-06
VogtmannE_2016,1622,UniRef90_D4LN41,1156,0.0071390571048,9,0.9360323886639677,5.780613040323887e-06
VogtmannE_2016,1623,UniRef90_R6RZS6,1156,0.0071111049215,9,0.9360323886639677,5.757979693522267e-06
VogtmannE_2016,1624,UniRef90_C9L0N2,1156,0.0064376939276,9,0.9360323886639677,5.2127076336842105e-06
VogtmannE_2016,1625,UniRef90_C4ZB96,1156,0.006228709223799999,9,0.9360323886639677,5.0434892500404855e-06
VogtmannE_2016,1626,UniRef90_D7GUT5,1156,0.0049019125048,9,0.9360323886639677,3.9691599229149795e-06
VogtmannE_2016,1627,UniRef90_D6DDN4,1156,0.0021232357937,9,0.9360323886639677,1.7192192661538462e-06
VogtmannE_2016,1628,UniRef90_R5IR36,1156,0.0019516756005999998,9,0.9360323886639677,1.5803041300404857e-06
VogtmannE_2016,1629,UniRef90_D4JD93,1155,0.02644790571,9,0.9352226720647774,2.1415308267206477e-05
VogtmannE_2016,1630,UniRef90_R5MR58,1155,0.0248987772728,9,0.9352226720647774,2.0160953257327936e-05
VogtmannE_2016,1631,UniRef90_R5W667,1155,0.0236142842617,9,0.9352226720647774,1.9120877944696357e-05
VogtmannE_2016,1632,UniRef90_A0A076IL10,1155,0.0212971717234,9,0.9352226720647774,1.7244673460242915e-05
VogtmannE_2016,1633,UniRef90_A6KZH6,1155,0.0196924417939,9,0.9352226720647774,1.594529699910931e-05
VogtmannE_2016,1634,UniRef90_A0A0P0M1Y5,1155,0.0183114191298,9,0.9352226720647774,1.4827060024129554e-05
VogtmannE_2016,1635,UniRef90_A6L686,1155,0.0180096586937,9,0.9352226720647774,1.4582719590040487e-05
VogtmannE_2016,1636,UniRef90_R7A7S8,1155,0.0179645212609,9,0.9352226720647774,1.454617106145749e-05
VogtmannE_2016,1637,UniRef90_C5ERB0,1155,0.0149105664453,9,0.9352226720647774,1.207333315408907e-05
VogtmannE_2016,1638,UniRef90_A0A2A6ZAV3,1155,0.0147153511894,9,0.9352226720647774,1.191526412097166e-05
VogtmannE_2016,1639,UniRef90_D4JT21,1155,0.0145800558124,9,0.9352226720647774,1.1805713208421052e-05
VogtmannE_2016,1640,UniRef90_A0A397WFR9,1155,0.0140407093243,9,0.9352226720647774,1.1368995404291498e-05
VogtmannE_2016,1641,UniRef90_B0P879,1155,0.0133645399985,9,0.9352226720647774,1.0821489877327936e-05
VogtmannE_2016,1642,UniRef90_A0A174SEG5,1155,0.0131082439433,9,0.9352226720647774,1.0613962707125505e-05
VogtmannE_2016,1643,UniRef90_A0A139K7N6,1155,0.012738835370300001,9,0.9352226720647774,1.0314846453684212e-05
VogtmannE_2016,1644,UniRef90_K1FSS9,1155,0.0126110501687,9,0.9352226720647774,1.0211376654817815e-05
VogtmannE_2016,1645,UniRef90_A0A3E5F7G1,1155,0.0119859513641,9,0.9352226720647774,9.70522377659919e-06
VogtmannE_2016,1646,UniRef90_A0A1E3AZP4,1155,0.011103547279,9,0.9352226720647774,8.990726541700405e-06
VogtmannE_2016,1647,UniRef90_A5ZM74,1155,0.00905365654,9,0.9352226720647774,7.330895983805668e-06
VogtmannE_2016,1648,UniRef90_A0A174CV89,1155,0.0082467937253,9,0.9352226720647774,6.677565769473684e-06
VogtmannE_2016,1649,UniRef90_R6JMG6,1155,0.007698902932,9,0.9352226720647774,6.2339294995951416e-06
VogtmannE_2016,1650,UniRef90_A0A149NGX3,1155,0.007688089375,9,0.9352226720647774,6.225173582995952e-06
VogtmannE_2016,1651,UniRef90_A0A174BG28,1155,0.00750849577,9,0.9352226720647774,6.0797536599190286e-06
VogtmannE_2016,1652,UniRef90_A0A0P0F982,1155,0.0072453429371,9,0.9352226720647774,5.866674442995952e-06
VogtmannE_2016,1653,UniRef90_R6S019,1155,0.0071650328902,9,0.9352226720647774,5.801646064939271e-06
VogtmannE_2016,1654,UniRef90_A5ZEZ9,1155,0.0071113422537,9,0.9352226720647774,5.758171865344129e-06
VogtmannE_2016,1655,UniRef90_D7J823,1155,0.0065173030395,9,0.9352226720647774,5.2771684530364375e-06
VogtmannE_2016,1656,UniRef90_A0A139LCL3,1155,0.0064713941993,9,0.9352226720647774,5.2399953030769235e-06
VogtmannE_2016,1657,UniRef90_R6UUN2,1155,0.0064568270661999995,9,0.9352226720647774,5.2282000536032385e-06
VogtmannE_2016,1658,UniRef90_A0A3E5CUU0,1155,0.006447226386,9,0.9352226720647774,5.220426223481781e-06
VogtmannE_2016,1659,UniRef90_R6J8N2,1155,0.0064225191864,9,0.9352226720647774,5.200420393846154e-06
VogtmannE_2016,1660,UniRef90_Q8A5W2,1155,0.0063668890442,9,0.9352226720647774,5.155375744291498e-06
VogtmannE_2016,1661,UniRef90_Q8A7Z6,1155,0.0063471517049,9,0.9352226720647774,5.139394093036438e-06
VogtmannE_2016,1662,UniRef90_R6JL47,1155,0.0063143612066,9,0.9352226720647774,5.1128430822672065e-06
VogtmannE_2016,1663,UniRef90_R6SVV9,1155,0.0061968931447000004,9,0.9352226720647774,5.017727242672065e-06
VogtmannE_2016,1664,UniRef90_A0A2Z5TND2,1155,0.0061668937573,9,0.9352226720647774,4.993436240728745e-06
VogtmannE_2016,1665,UniRef90_A0A3E2TWX9,1155,0.0061033469992000005,9,0.9352226720647774,4.941981375870446e-06
VogtmannE_2016,1666,UniRef90_A0A0N7IAG8,1155,0.0060586776311,9,0.9352226720647774,4.9058118470445344e-06
VogtmannE_2016,1667,UniRef90_B5CRJ4,1155,0.0059173178874,9,0.9352226720647774,4.79135051611336e-06
VogtmannE_2016,1668,UniRef90_A0A316AJ69,1155,0.0053811738295,9,0.9352226720647774,4.357225772874494e-06
VogtmannE_2016,1669,UniRef90_A0A2A7B7W5,1155,0.00531544143,9,0.9352226720647774,4.304001157894737e-06
VogtmannE_2016,1670,UniRef90_UPI000931CA6F,1155,0.0019663966288,9,0.9352226720647774,1.592223990931174e-06
VogtmannE_2016,1671,UniRef90_A0A3E2ESS1,1155,0.0002447387325,9,0.9352226720647774,1.9816901417004046e-07
VogtmannE_2016,1672,UniRef90_A7V130,1154,0.0357677040773,9,0.934412955465587,2.8961703706315786e-05
VogtmannE_2016,1673,UniRef90_Q64RV1,1154,0.027299150095599998,9,0.934412955465587,2.210457497619433e-05
VogtmannE_2016,1674,UniRef90_A6KZN9,1154,0.0223423520273,9,0.934412955465587,1.8090973301457487e-05
VogtmannE_2016,1675,UniRef90_A0A076INU9,1154,0.0202158699867,9,0.934412955465587,1.6369125495303645e-05
VogtmannE_2016,1676,UniRef90_H1ALD0,1154,0.019706383911,9,0.934412955465587,1.5956586162753035e-05
VogtmannE_2016,1677,UniRef90_D4V9Y7,1154,0.019218332874,9,0.934412955465587,1.5561403136842104e-05
VogtmannE_2016,1678,UniRef90_I9GA39,1154,0.018503466351,9,0.934412955465587,1.4982563846963562e-05
VogtmannE_2016,1679,UniRef90_A0A3E4Q9G5,1154,0.0183832384521,9,0.934412955465587,1.488521332153846e-05
VogtmannE_2016,1680,UniRef90_A0A0P0LFY4,1154,0.0174247426265,9,0.934412955465587,1.4109103341295548e-05
VogtmannE_2016,1681,UniRef90_A6KYG9,1154,0.0162675078042999,9,0.934412955465587,1.3172071096599111e-05
VogtmannE_2016,1682,UniRef90_A0A2V2C600,1154,0.0158371350823,9,0.934412955465587,1.2823591159757084e-05
VogtmannE_2016,1683,UniRef90_A0A395US25,1154,0.015699888928,9,0.934412955465587,1.2712460670445342e-05
VogtmannE_2016,1684,UniRef90_C0FVR2,1154,0.0152417709385,9,0.934412955465587,1.2341514929959514e-05
VogtmannE_2016,1685,UniRef90_A0A1Q6I606,1154,0.0147615711601,9,0.934412955465587,1.1952689198461539e-05
VogtmannE_2016,1686,UniRef90_G2T370,1154,0.014286804778400001,9,0.934412955465587,1.1568262978461539e-05
VogtmannE_2016,1687,UniRef90_E6SUB0,1154,0.0140899099814,9,0.934412955465587,1.1408833993036438e-05
VogtmannE_2016,1688,UniRef90_Q5LFT6,1154,0.0124420769451,9,0.934412955465587,1.0074556230850202e-05
VogtmannE_2016,1689,UniRef90_A0A173W4W5,1154,0.0123014364483,9,0.934412955465587,9.960677286072876e-06
VogtmannE_2016,1690,UniRef90_Q8AAB1,1154,0.0115608922245,9,0.934412955465587,9.36104633562753e-06
VogtmannE_2016,1691,UniRef90_R6NI67,1154,0.011433676515,9,0.934412955465587,9.25803766396761e-06
VogtmannE_2016,1692,UniRef90_U5JE20,1154,0.0108820409949,9,0.934412955465587,8.811369226639676e-06
VogtmannE_2016,1693,UniRef90_R5UQI8,1154,0.0107012696647,9,0.934412955465587,8.664995679919028e-06
VogtmannE_2016,1694,UniRef90_A0A173T5U8,1154,0.0106096311964,9,0.934412955465587,8.590794491012146e-06
VogtmannE_2016,1695,UniRef90_A7B522,1154,0.010351330711899899,9,0.934412955465587,8.381644301133521e-06
VogtmannE_2016,1696,UniRef90_D3AFU1,1154,0.0103253685937,9,0.934412955465587,8.360622343076924e-06
VogtmannE_2016,1697,UniRef90_A0A0E2H733,1154,0.0101807628231,9,0.934412955465587,8.243532650283402e-06
VogtmannE_2016,1698,UniRef90_A0A174TSL2,1154,0.01001484306,9,0.934412955465587,8.109184663967612e-06
VogtmannE_2016,1699,UniRef90_A0A174M8I9,1154,0.0088714087222,9,0.934412955465587,7.1833269005668015e-06
VogtmannE_2016,1700,UniRef90_B0G8T0,1154,0.0087546364237,9,0.934412955465587,7.088774432145749e-06
VogtmannE_2016,1701,UniRef90_R7KZ69,1154,0.008751549616,9,0.934412955465587,7.0862749927125505e-06
VogtmannE_2016,1702,UniRef90_A0A2A7BEA2,1154,0.0086225231986,9,0.934412955465587,6.9818001608097164e-06
VogtmannE_2016,1703,UniRef90_Q8A2N8,1154,0.0081747827669,9,0.934412955465587,6.619257301133604e-06
VogtmannE_2016,1704,UniRef90_C0B6G4,1154,0.0078475084143,9,0.934412955465587,6.354257825344129e-06
VogtmannE_2016,1705,UniRef90_R6J924,1154,0.0073091629285,9,0.934412955465587,5.9183505493927125e-06
VogtmannE_2016,1706,UniRef90_Q8A7Z7,1154,0.0072976082431,9,0.934412955465587,5.908994528825911e-06
VogtmannE_2016,1707,UniRef90_A0A0P0FW93,1154,0.007197061388,9,0.934412955465587,5.82758007125506e-06
VogtmannE_2016,1708,UniRef90_A0A0P0GPJ3,1154,0.0071248751827,9,0.934412955465587,5.769129702591093e-06
VogtmannE_2016,1709,UniRef90_B6FQM2,1154,0.006970049183999999,9,0.934412955465587,5.643764521457489e-06
VogtmannE_2016,1710,UniRef90_R5REJ2,1154,0.0068310739509,9,0.934412955465587,5.531233968340081e-06
VogtmannE_2016,1711,UniRef90_Q8A1G8,1154,0.0067275809244,9,0.934412955465587,5.44743394688259e-06
VogtmannE_2016,1712,UniRef90_A0A069D8W9,1154,0.006636602389000001,9,0.934412955465587,5.373767116599191e-06
VogtmannE_2016,1713,UniRef90_R6D9C9,1154,0.0065309632072,9,0.934412955465587,5.28822931757085e-06
VogtmannE_2016,1714,UniRef90_A0A0K6BS94,1154,0.006343697768,9,0.934412955465587,5.136597382995952e-06
VogtmannE_2016,1715,UniRef90_Q8A5Z4,1154,0.0061952464292,9,0.934412955465587,5.016393869797571e-06
VogtmannE_2016,1716,UniRef90_Q8A7U2,1154,0.0060847641291,9,0.934412955465587,4.926934517489879e-06
VogtmannE_2016,1717,UniRef90_A0A1L5KQG6,1154,0.0057680957580999994,9,0.934412955465587,4.670522881052631e-06
VogtmannE_2016,1718,UniRef90_A0A139L0W7,1154,0.0057265676849999995,9,0.934412955465587,4.6368969109311734e-06
VogtmannE_2016,1719,UniRef90_R5HQ51,1154,0.0042685475755,9,0.934412955465587,3.4563138263157898e-06
VogtmannE_2016,1720,UniRef90_C0CVE1,1154,0.0036927420334,9,0.934412955465587,2.9900745209716597e-06
VogtmannE_2016,1721,UniRef90_A0A174BUL0,1154,0.00279886673144,9,0.934412955465587,2.266288851368421e-06
VogtmannE_2016,1722,UniRef90_A0A140JXE1,1153,0.03686675896739,9,0.9336032388663967,2.9851626694242917e-05
VogtmannE_2016,1723,UniRef90_E0X5I3,1153,0.0365612426179,9,0.9336032388663967,2.9604245034736845e-05
VogtmannE_2016,1724,UniRef90_A0A0K2Y5T8,1153,0.025171201493,9,0.9336032388663967,2.0381539670445343e-05
VogtmannE_2016,1725,UniRef90_A0A076IX78,1153,0.0235364981928,9,0.9336032388663967,1.9057893273522267e-05
VogtmannE_2016,1726,UniRef90_D4K0T9,1153,0.0190592849387,9,0.9336032388663967,1.5432619383562753e-05
VogtmannE_2016,1727,UniRef90_U6RJ00,1153,0.018663947736,9,0.9336032388663967,1.511250828825911e-05
VogtmannE_2016,1728,UniRef90_A0A076J0M3,1153,0.0184815820344,9,0.9336032388663967,1.4964843752550607e-05
VogtmannE_2016,1729,UniRef90_A0A076IVK6,1153,0.017852198726,9,0.9336032388663967,1.4455221640485829e-05
VogtmannE_2016,1730,UniRef90_D1JZG9,1153,0.0176582720148999,9,0.9336032388663967,1.42981959634817e-05
VogtmannE_2016,1731,UniRef90_A0A0K2HG79,1153,0.017645937624,9,0.9336032388663967,1.4288208602429151e-05
VogtmannE_2016,1732,UniRef90_B0NQW3,1153,0.0172188631026,9,0.9336032388663967,1.3942399273360323e-05
VogtmannE_2016,1733,UniRef90_A0A0P0L8X9,1153,0.0171102853937,9,0.9336032388663967,1.3854482100161942e-05
VogtmannE_2016,1734,UniRef90_A0A395X5I7,1153,0.0163225394209,9,0.9336032388663967,1.3216631110040486e-05
VogtmannE_2016,1735,UniRef90_A0A0K2HL51,1153,0.0160858194209,9,0.9336032388663967,1.3024954996680163e-05
VogtmannE_2016,1736,UniRef90_A0A395ULW4,1153,0.0158132033824,9,0.9336032388663967,1.2804213265101213e-05
VogtmannE_2016,1737,UniRef90_A0A0K2HI92,1153,0.015604150672799902,9,0.9336032388663967,1.2634939816032309e-05
VogtmannE_2016,1738,UniRef90_D4L1G6,1153,0.01504024422217,9,0.9336032388663967,1.2178335402566802e-05
VogtmannE_2016,1739,UniRef90_A0A0P0M5Y2,1153,0.0144803825183,9,0.9336032388663967,1.1725006087692308e-05
VogtmannE_2016,1740,UniRef90_A0A174GWM5,1153,0.0113723326942999,9,0.9336032388663967,9.208366554088988e-06
VogtmannE_2016,1741,UniRef90_A0A174UTQ0,1153,0.0111339958657,9,0.9336032388663967,9.01538126777328e-06
VogtmannE_2016,1742,UniRef90_A0A174E206,1153,0.0107365996336,9,0.9336032388663967,8.693602942186235e-06
VogtmannE_2016,1743,UniRef90_A0A174J8H6,1153,0.010672314484999999,9,0.9336032388663967,8.6415501902834e-06
VogtmannE_2016,1744,UniRef90_Q5LGR5,1153,0.009615644954,9,0.9336032388663967,7.78594733117409e-06
VogtmannE_2016,1745,UniRef90_A0A174D169,1153,0.008816616280699999,9,0.9336032388663967,7.1389605511740885e-06
VogtmannE_2016,1746,UniRef90_R6JN51,1153,0.0085284437551,9,0.9336032388663967,6.9056224737651826e-06
VogtmannE_2016,1747,UniRef90_Q8A1F3,1153,0.0075246020757,9,0.9336032388663967,6.092795202995951e-06
VogtmannE_2016,1748,UniRef90_R6JIX7,1153,0.0073422737288,9,0.9336032388663967,5.945160914008097e-06
VogtmannE_2016,1749,UniRef90_R5U4U4,1153,0.0069282633315,9,0.9336032388663967,5.609929823076923e-06
VogtmannE_2016,1750,UniRef90_C9L0L0,1153,0.006885278150599999,9,0.9336032388663967,5.575124008582995e-06
VogtmannE_2016,1751,UniRef90_A0A1Y4Q1C3,1153,0.0066599748055,9,0.9336032388663967,5.392692150202429e-06
VogtmannE_2016,1752,UniRef90_A0A0K6BUJ4,1153,0.0066085824006,9,0.9336032388663967,5.351078866882591e-06
VogtmannE_2016,1753,UniRef90_A0A0N7IAS3,1153,0.0063917024784,9,0.9336032388663967,5.175467593846154e-06
VogtmannE_2016,1754,UniRef90_A0A1H7TVK1,1153,0.0063153878717,9,0.9336032388663967,5.113674390040486e-06
VogtmannE_2016,1755,UniRef90_Q8A0F6,1153,0.0062241792477,9,0.9336032388663967,5.0398212531983805e-06
VogtmannE_2016,1756,UniRef90_D4VLF6,1153,0.0059522389389,9,0.9336032388663967,4.819626671174089e-06
VogtmannE_2016,1757,UniRef90_Q8A0F7,1153,0.0057769217392,9,0.9336032388663967,4.6776694244534415e-06
VogtmannE_2016,1758,UniRef90_A0A1Q6H8U9,1153,0.0057622692753,9,0.9336032388663967,4.665805081214575e-06
VogtmannE_2016,1759,UniRef90_A0A3E3DIA9,1153,0.0043004977972,9,0.9336032388663967,3.482184451174089e-06
VogtmannE_2016,1760,UniRef90_C5EVN8,1153,0.0030477376196000002,9,0.9336032388663967,2.4678037405668018e-06
VogtmannE_2016,1761,UniRef90_A0A353MUX0,1153,0.0029309916472,9,0.9336032388663967,2.3732725888259112e-06
VogtmannE_2016,1762,UniRef90_A6BCK7,1152,0.2015880053089,9,0.9327935222672065,0.0001632291540962753
VogtmannE_2016,1763,UniRef90_A0A3E2W8H8,1152,0.1066151456632,9,0.9327935222672065,8.6328053168583e-05
VogtmannE_2016,1764,UniRef90_A0A0P0L3X2,1152,0.061885175179,9,0.9327935222672065,5.010945358623482e-05
VogtmannE_2016,1765,UniRef90_F0R8V1,1152,0.040879564294,9,0.9327935222672065,3.310086177651822e-05
VogtmannE_2016,1766,UniRef90_A5ZTV6,1152,0.0317699331749,9,0.9327935222672065,2.5724642246882588e-05
VogtmannE_2016,1767,UniRef90_A0A076IZE7,1152,0.0234221403018,9,0.9327935222672065,1.8965295790931173e-05
VogtmannE_2016,1768,UniRef90_D1PNJ1,1152,0.0232195369539999,9,0.9327935222672065,1.880124449716591e-05
VogtmannE_2016,1769,UniRef90_A0A395UQZ5,1152,0.0207261640408,9,0.9327935222672065,1.6782319061376518e-05
VogtmannE_2016,1770,UniRef90_B0NL04,1152,0.0206916183299,9,0.9327935222672065,1.675434682582996e-05
VogtmannE_2016,1771,UniRef90_A0A069SE00,1152,0.0198194941496,9,0.9327935222672065,1.604817340048583e-05
VogtmannE_2016,1772,UniRef90_R7A3V8,1152,0.0196012809195,9,0.9327935222672065,1.5871482525910932e-05
VogtmannE_2016,1773,UniRef90_A0A0P0M697,1152,0.0190918207183,9,0.9327935222672065,1.5458964144372467e-05
VogtmannE_2016,1774,UniRef90_S0FAP6,1152,0.0189552417353,9,0.9327935222672065,1.534837387473684e-05
VogtmannE_2016,1775,UniRef90_D4VA65,1152,0.0185316484298,9,0.9327935222672065,1.500538334396761e-05
VogtmannE_2016,1776,UniRef90_D1K8S5,1152,0.018447285004,9,0.9327935222672065,1.4937072877732792e-05
VogtmannE_2016,1777,UniRef90_A0A076IXB1,1152,0.018098929491,9,0.9327935222672065,1.4655003636437247e-05
VogtmannE_2016,1778,UniRef90_D4VAA1,1152,0.0179546202615,9,0.9327935222672065,1.4538154057894736e-05
VogtmannE_2016,1779,UniRef90_A5ZN05,1152,0.0170825827837,9,0.9327935222672065,1.3832050837004047e-05
VogtmannE_2016,1780,UniRef90_A0A174CBR2,1152,0.017004140802,9,0.9327935222672065,1.3768535062348177e-05
VogtmannE_2016,1781,UniRef90_A0A0K2HE63,1152,0.0156215465595,9,0.9327935222672065,1.2649025554251012e-05
VogtmannE_2016,1782,UniRef90_A0A0K2HJE7,1152,0.0155337019574,9,0.9327935222672065,1.2577896321781377e-05
VogtmannE_2016,1783,UniRef90_A6KWL1,1152,0.015091529371199999,9,0.9327935222672065,1.221986183902834e-05
VogtmannE_2016,1784,UniRef90_D4LFQ4,1152,0.0150901030833,9,0.9327935222672065,1.2218706950040485e-05
VogtmannE_2016,1785,UniRef90_A0A0P0M5K0,1152,0.014602656472,9,0.9327935222672065,1.1824013337651822e-05
VogtmannE_2016,1786,UniRef90_R0BV64,1152,0.013977315323,9,0.9327935222672065,1.1317664229149798e-05
VogtmannE_2016,1787,UniRef90_D4LPV8,1152,0.0137115123575,9,0.9327935222672065,1.1102439155870446e-05
VogtmannE_2016,1788,UniRef90_A0A0P0LPD3,1152,0.0130457153323,9,0.9327935222672065,1.0563332252874494e-05
VogtmannE_2016,1789,UniRef90_D4K3M5,1152,0.0128934586234,9,0.9327935222672065,1.044004746834008e-05
VogtmannE_2016,1790,UniRef90_D4M5W8,1152,0.012864996564,9,0.9327935222672065,1.0417001266396761e-05
VogtmannE_2016,1791,UniRef90_E6SPC1,1152,0.0126197450105,9,0.9327935222672065,1.0218417012550608e-05
VogtmannE_2016,1792,UniRef90_A0A174U258,1152,0.0124426293945,9,0.9327935222672065,1.0075003558299596e-05
VogtmannE_2016,1793,UniRef90_A0A174HBL1,1152,0.0121907481632,9,0.9327935222672065,9.871051144291497e-06
VogtmannE_2016,1794,UniRef90_R6FRP1,1152,0.011087204084,9,0.9327935222672065,8.977493185425101e-06
VogtmannE_2016,1795,UniRef90_A0A395ZUR8,1152,0.0107036760676,9,0.9327935222672065,8.666944184291498e-06
VogtmannE_2016,1796,UniRef90_C4ZI84,1152,0.0102625146658,9,0.9327935222672065,8.309728474331984e-06
VogtmannE_2016,1797,UniRef90_R5S5D3,1152,0.0088665321247,9,0.9327935222672065,7.179378238623482e-06
VogtmannE_2016,1798,UniRef90_A0A174F446,1152,0.0081022631614,9,0.9327935222672065,6.560536972793522e-06
VogtmannE_2016,1799,UniRef90_Q8A0X7,1152,0.0079613534341,9,0.9327935222672065,6.446440027611336e-06
VogtmannE_2016,1800,UniRef90_R6KA80,1152,0.0073101895958,9,0.9327935222672065,5.919181858947369e-06
VogtmannE_2016,1801,UniRef90_A0A1Q6HIR5,1152,0.007093807296,9,0.9327935222672065,5.743973519028341e-06
VogtmannE_2016,1802,UniRef90_D4ML25,1152,0.0068872002755,9,0.9327935222672065,5.576680385020243e-06
VogtmannE_2016,1803,UniRef90_R5S3R9,1152,0.0067878231627,9,0.9327935222672065,5.4962130872064775e-06
VogtmannE_2016,1804,UniRef90_R5V0P0,1152,0.0065502149746,9,0.9327935222672065,5.303817793198381e-06
VogtmannE_2016,1805,UniRef90_D4WK38,1152,0.0065471159844,9,0.9327935222672065,5.301308489392713e-06
VogtmannE_2016,1806,UniRef90_C3QRX1,1152,0.0064883578124,9,0.9327935222672065,5.253731022186235e-06
VogtmannE_2016,1807,UniRef90_R6J9C5,1152,0.0064274980047,9,0.9327935222672065,5.204451825668017e-06
VogtmannE_2016,1808,UniRef90_K5BSG4,1152,0.0062940246537,9,0.9327935222672065,5.096376237813765e-06
VogtmannE_2016,1809,UniRef90_Q8A4T0,1152,0.0060030760985,9,0.9327935222672065,4.8607903631578946e-06
VogtmannE_2016,1810,UniRef90_R6JSF5,1152,0.0059144173902,9,0.9327935222672065,4.789001935384615e-06
VogtmannE_2016,1811,UniRef90_C9KW68,1152,0.005517640263,9,0.9327935222672065,4.467724909311741e-06
VogtmannE_2016,1812,UniRef90_A7B8B9,1152,0.005327955712,9,0.9327935222672065,4.314134179757085e-06
VogtmannE_2016,1813,UniRef90_R6WBX7,1152,0.0043900993647,9,0.9327935222672065,3.5547363276923078e-06
VogtmannE_2016,1814,UniRef90_A0A352P4K7,1152,0.00029906600630000003,9,0.9327935222672065,2.421587095546559e-07
VogtmannE_2016,1815,UniRef90_A7V4G1,1151,0.0741253319055,9,0.9319838056680162,6.002051166437247e-05
VogtmannE_2016,1816,UniRef90_G2T525,1151,0.0394520011588,9,0.9319838056680162,3.194494020955466e-05
VogtmannE_2016,1817,UniRef90_A0A0K2HFR8,1151,0.0225928506467,9,0.9319838056680162,1.8293806191659918e-05
VogtmannE_2016,1818,UniRef90_A6KXA1,1151,0.021946606452,9,0.9319838056680162,1.777053154008097e-05
VogtmannE_2016,1819,UniRef90_A0A076IYU9,1151,0.0201298894048,9,0.9319838056680162,1.6299505590931176e-05
VogtmannE_2016,1820,UniRef90_E5UND7,1151,0.0199553416874,9,0.9319838056680162,1.6158171406801618e-05
VogtmannE_2016,1821,UniRef90_R5MTI9,1151,0.0196101481933,9,0.9319838056680162,1.5878662504696356e-05
VogtmannE_2016,1822,UniRef90_E5UNE1,1151,0.019009106310400002,9,0.9319838056680162,1.5391988915303645e-05
VogtmannE_2016,1823,UniRef90_A0A0M1VZG1,1151,0.0186656946099,9,0.9319838056680162,1.511392276105263e-05
VogtmannE_2016,1824,UniRef90_A0A0N7J6N2,1151,0.0184016546327,9,0.9319838056680162,1.4900125208663968e-05
VogtmannE_2016,1825,UniRef90_A0A0K2HFR2,1151,0.018224828435,9,0.9319838056680162,1.4756946101214574e-05
VogtmannE_2016,1826,UniRef90_A6KXA6,1151,0.0174976980772,9,0.9319838056680162,1.4168176580728743e-05
VogtmannE_2016,1827,UniRef90_A0A0P0M677,1151,0.0173571569692,9,0.9319838056680162,1.405437811271255e-05
VogtmannE_2016,1828,UniRef90_A0A0N7J6V1,1151,0.0171044220175,9,0.9319838056680162,1.3849734427125505e-05
VogtmannE_2016,1829,UniRef90_F4XGN4,1151,0.0168389756573,9,0.9319838056680162,1.3634798103076925e-05
VogtmannE_2016,1830,UniRef90_A6L048,1151,0.0168113799207,9,0.9319838056680162,1.3612453377085021e-05
VogtmannE_2016,1831,UniRef90_A0A076IXK9,1151,0.0167025741821999,9,0.9319838056680162,1.3524351564534332e-05
VogtmannE_2016,1832,UniRef90_A0A0N7J6K9,1151,0.016565598103,9,0.9319838056680162,1.3413439759514172e-05
VogtmannE_2016,1833,UniRef90_A0A076J1R5,1151,0.016539407491,9,0.9319838056680162,1.3392232786234817e-05
VogtmannE_2016,1834,UniRef90_C7G920,1151,0.0162652765947,9,0.9319838056680162,1.3170264449149798e-05
VogtmannE_2016,1835,UniRef90_A0A0M1W5V2,1151,0.0152107823117,9,0.9319838056680162,1.231642292445344e-05
VogtmannE_2016,1836,UniRef90_R7CY82,1151,0.0147000287697,9,0.9319838056680162,1.190285730340081e-05
VogtmannE_2016,1837,UniRef90_C3RDJ2,1151,0.0143608709708,9,0.9319838056680162,1.162823560388664e-05
VogtmannE_2016,1838,UniRef90_A0A2A6ZAW7,1151,0.0141211995976,9,0.9319838056680162,1.143416971465587e-05
VogtmannE_2016,1839,UniRef90_H1CB27,1151,0.0141010365909,9,0.9319838056680162,1.1417843393441295e-05
VogtmannE_2016,1840,UniRef90_C4ZBT1,1151,0.0131034322504,9,0.9319838056680162,1.061006659951417e-05
VogtmannE_2016,1841,UniRef90_G2T390,1151,0.0119713910588999,9,0.9319838056680162,9.693434055789392e-06
VogtmannE_2016,1842,UniRef90_F9ZAU7,1151,0.011822306909,9,0.9319838056680162,9.57271814493927e-06
VogtmannE_2016,1843,UniRef90_A0A0J8Z099,1151,0.0107423661787,9,0.9319838056680162,8.698272209473685e-06
VogtmannE_2016,1844,UniRef90_C9L7J4,1151,0.0107120603223,9,0.9319838056680162,8.673733054493927e-06
VogtmannE_2016,1845,UniRef90_A0A0J1IXH8,1151,0.0105226016527,9,0.9319838056680162,8.5203252248583e-06
VogtmannE_2016,1846,UniRef90_A0A3E2VXJ0,1151,0.010481821563,9,0.9319838056680162,8.487304909311741e-06
VogtmannE_2016,1847,UniRef90_A0A2A7B7T6,1151,0.0099008970694,9,0.9319838056680162,8.016920703967611e-06
VogtmannE_2016,1848,UniRef90_D9QZK9,1151,0.0096124724187,9,0.9319838056680162,7.783378476680162e-06
VogtmannE_2016,1849,UniRef90_A0A252F3H1,1151,0.0094682457392,9,0.9319838056680162,7.666595740242914e-06
VogtmannE_2016,1850,UniRef90_H1BBI7,1151,0.008960247445200001,9,0.9319838056680162,7.25526108923077e-06
VogtmannE_2016,1851,UniRef90_A0A139L9V6,1151,0.0079188236283,9,0.9319838056680162,6.4120029378947376e-06
VogtmannE_2016,1852,UniRef90_A0A174E6X3,1151,0.0077324554124999995,9,0.9319838056680162,6.2610975e-06
VogtmannE_2016,1853,UniRef90_Q8A287,1151,0.0075690549071999996,9,0.9319838056680162,6.12878939854251e-06
VogtmannE_2016,1854,UniRef90_A0A174KK60,1151,0.0073411223075999996,9,0.9319838056680162,5.944228589149797e-06
VogtmannE_2016,1855,UniRef90_U2E905,1151,0.0072850343411999,9,0.9319838056680162,5.8988132317408095e-06
VogtmannE_2016,1856,UniRef90_A0A174TIN9,1151,0.0071727331935,9,0.9319838056680162,5.80788112834008e-06
VogtmannE_2016,1857,UniRef90_A0A373IE87,1151,0.007098224493500001,9,0.9319838056680162,5.7475501971659925e-06
VogtmannE_2016,1858,UniRef90_Q8A2N9,1151,0.007015933222,9,0.9319838056680162,5.680917588663968e-06
VogtmannE_2016,1859,UniRef90_F7M291,1151,0.0068142329201999995,9,0.9319838056680162,5.517597506234817e-06
VogtmannE_2016,1860,UniRef90_R6J7H7,1151,0.0068087374279,9,0.9319838056680162,5.513147714898785e-06
VogtmannE_2016,1861,UniRef90_A0A139KV96,1151,0.0067080574819,9,0.9319838056680162,5.431625491417004e-06
VogtmannE_2016,1862,UniRef90_A0A139KPR0,1151,0.006448438559,9,0.9319838056680162,5.2214077400809715e-06
VogtmannE_2016,1863,UniRef90_A0A174IZD9,1151,0.0063285201952,9,0.9319838056680162,5.124307850364373e-06
VogtmannE_2016,1864,UniRef90_Q8AA95,1151,0.0062192911914,9,0.9319838056680162,5.035863312874494e-06
VogtmannE_2016,1865,UniRef90_A0A1Y4PP26,1151,0.0061226494486,9,0.9319838056680162,4.957610889554656e-06
VogtmannE_2016,1866,UniRef90_A0A1Y4P8Z9,1151,0.0059608772017,9,0.9319838056680162,4.826621215951417e-06
VogtmannE_2016,1867,UniRef90_R6KA18,1151,0.005934546071,9,0.9319838056680162,4.805300462348178e-06
VogtmannE_2016,1868,UniRef90_A0A0E2AK40,1151,0.0058924481988000006,9,0.9319838056680162,4.771213116437248e-06
VogtmannE_2016,1869,UniRef90_R5U3S3,1151,0.005685911038399999,9,0.9319838056680162,4.60397654931174e-06
VogtmannE_2016,1870,UniRef90_A0A0P0EPF0,1151,0.0056083032077,9,0.9319838056680162,4.541136200566801e-06
VogtmannE_2016,1871,UniRef90_D6D138,1151,0.0055463681043,9,0.9319838056680162,4.490986319271255e-06
VogtmannE_2016,1872,UniRef90_A0A0E2H0J4,1150,0.040416806010899996,9,0.9311740890688259,3.272615871327935e-05
VogtmannE_2016,1873,UniRef90_A6LH06,1150,0.0266728995198,9,0.9311740890688259,2.15974894897166e-05
VogtmannE_2016,1874,UniRef90_A0A174CRA0,1150,0.024779151455399998,9,0.9311740890688259,2.0064090247287446e-05
VogtmannE_2016,1875,UniRef90_A0A397WFB7,1150,0.023528635567099998,9,0.9311740890688259,1.9051526774979754e-05
VogtmannE_2016,1876,UniRef90_B6VSH7,1150,0.0199589957103,9,0.9311740890688259,1.616113012979757e-05
VogtmannE_2016,1877,UniRef90_A6KZ78,1150,0.019800771218499998,9,0.9311740890688259,1.603301313238866e-05
VogtmannE_2016,1878,UniRef90_U2DV50,1150,0.0197971737911,9,0.9311740890688259,1.60301002357085e-05
VogtmannE_2016,1879,UniRef90_I8W962,1150,0.0190133826998,9,0.9311740890688259,1.5395451578785427e-05
VogtmannE_2016,1880,UniRef90_A6L0V6,1150,0.018252206865100002,9,0.9311740890688259,1.4779114870526318e-05
VogtmannE_2016,1881,UniRef90_C3R800,1150,0.0182368637748999,9,0.9311740890688259,1.4766691315708421e-05
VogtmannE_2016,1882,UniRef90_A0A1Q6JPX4,1150,0.0178976385963999,9,0.9311740890688259,1.4492015057813684e-05
VogtmannE_2016,1883,UniRef90_A0A0P0M5Q5,1150,0.0178421010553,9,0.9311740890688259,1.4447045388906882e-05
VogtmannE_2016,1884,UniRef90_A6L168,1150,0.0173559574787999,9,0.9311740890688259,1.405340686542502e-05
VogtmannE_2016,1885,UniRef90_A0A0K2HGY5,1150,0.017078326584300002,9,0.9311740890688259,1.3828604521700407e-05
VogtmannE_2016,1886,UniRef90_A0A076IYA4,1150,0.0168795879743,9,0.9311740890688259,1.36676825702834e-05
VogtmannE_2016,1887,UniRef90_A0A076IWC0,1150,0.0166288387606,9,0.9311740890688259,1.3464646769716599e-05
VogtmannE_2016,1888,UniRef90_D1K3W1,1150,0.0164933232735,9,0.9311740890688259,1.3354917630364374e-05
VogtmannE_2016,1889,UniRef90_A0A396F406,1150,0.016129213296999997,9,0.9311740890688259,1.3060091738461536e-05
VogtmannE_2016,1890,UniRef90_A6KZA8,1150,0.0160644697774,9,0.9311740890688259,1.3007667835951417e-05
VogtmannE_2016,1891,UniRef90_A0A0K2HH17,1150,0.0157888033303,9,0.9311740890688259,1.2784456137894737e-05
VogtmannE_2016,1892,UniRef90_A0A0P0L4N1,1150,0.0155629624703,9,0.9311740890688259,1.2601589044777327e-05
VogtmannE_2016,1893,UniRef90_A0A0K2HHB7,1150,0.015202018164499998,9,0.9311740890688259,1.2309326448987852e-05
VogtmannE_2016,1894,UniRef90_U6RSF2,1150,0.0149633528659,9,0.9311740890688259,1.211607519506073e-05
VogtmannE_2016,1895,UniRef90_A6KZJ2,1150,0.014788972584800001,9,0.9311740890688259,1.1974876586882592e-05
VogtmannE_2016,1896,UniRef90_A0A396FF91,1150,0.0144610875188,9,0.9311740890688259,1.170938260631579e-05
VogtmannE_2016,1897,UniRef90_C6Z1D5,1150,0.0140922766954,9,0.9311740890688259,1.1410750360647773e-05
VogtmannE_2016,1898,UniRef90_G2T3B6,1150,0.0129068966878,9,0.9311740890688259,1.045092849214575e-05
VogtmannE_2016,1899,UniRef90_A0A076INX5,1150,0.012091545436700001,9,0.9311740890688259,9.790725049959515e-06
VogtmannE_2016,1900,UniRef90_C0BDJ2,1150,0.011095328599,9,0.9311740890688259,8.984071740080972e-06
VogtmannE_2016,1901,UniRef90_B0MGK2,1150,0.0095275101874,9,0.9311740890688259,7.714583147692308e-06
VogtmannE_2016,1902,UniRef90_A0A173VIH1,1150,0.009050739895,9,0.9311740890688259,7.3285343279352225e-06
VogtmannE_2016,1903,UniRef90_A0A0P0GTV9,1150,0.0085324646942,9,0.9311740890688259,6.908878294898785e-06
VogtmannE_2016,1904,UniRef90_Q8A2P0,1150,0.0085029441933,9,0.9311740890688259,6.8849750553036435e-06
VogtmannE_2016,1905,UniRef90_Q64XS0,1150,0.0079795488843,9,0.9311740890688259,6.4611731856680165e-06
VogtmannE_2016,1906,UniRef90_A0A174D9D2,1150,0.0075240415575,9,0.9311740890688259,6.092341342105263e-06
VogtmannE_2016,1907,UniRef90_A0A0P0F0D5,1150,0.0074622924512,9,0.9311740890688259,6.042342065748987e-06
VogtmannE_2016,1908,UniRef90_Q5LGG9,1150,0.0074002950255,9,0.9311740890688259,5.992141721052632e-06
VogtmannE_2016,1909,UniRef90_Q5L7Q8,1150,0.0072506094605,9,0.9311740890688259,5.870938834412956e-06
VogtmannE_2016,1910,UniRef90_R5U2V5,1150,0.0070756354515999,9,0.9311740890688259,5.729259474979676e-06
VogtmannE_2016,1911,UniRef90_A0A2M9V7Z4,1150,0.0070754354361,9,0.9311740890688259,5.729097519109311e-06
VogtmannE_2016,1912,UniRef90_Q8A0B5,1150,0.0069911027341,9,0.9311740890688259,5.6608119304453445e-06
VogtmannE_2016,1913,UniRef90_I9PNE5,1150,0.0068692249803,9,0.9311740890688259,5.562125490121457e-06
VogtmannE_2016,1914,UniRef90_P53638,1150,0.0065762066846,9,0.9311740890688259,5.324863712226721e-06
VogtmannE_2016,1915,UniRef90_R7KSD4,1150,0.0064783574654,9,0.9311740890688259,5.245633575222672e-06
VogtmannE_2016,1916,UniRef90_R6J5K4,1150,0.0064669790494,9,0.9311740890688259,5.2364202829149794e-06
VogtmannE_2016,1917,UniRef90_Q8A8D8,1150,0.0063130682579,9,0.9311740890688259,5.111796160242915e-06
VogtmannE_2016,1918,UniRef90_R6JMP0,1150,0.0062765660305,9,0.9311740890688259,5.082239700809717e-06
VogtmannE_2016,1919,UniRef90_D6CXV5,1150,0.0062150073775,9,0.9311740890688259,5.032394637651822e-06
VogtmannE_2016,1920,UniRef90_D0TNB9,1150,0.0061295437788000005,9,0.9311740890688259,4.963193343157895e-06
VogtmannE_2016,1921,UniRef90_R6JB05,1150,0.0059835056258000004,9,0.9311740890688259,4.844943826558705e-06
VogtmannE_2016,1922,UniRef90_R6URI8,1150,0.0059659082518,9,0.9311740890688259,4.830694940728745e-06
VogtmannE_2016,1923,UniRef90_C3QX97,1150,0.0059216125625,9,0.9311740890688259,4.79482798582996e-06
VogtmannE_2016,1924,UniRef90_R6K4Z0,1150,0.0058908524638,9,0.9311740890688259,4.769921023319838e-06
VogtmannE_2016,1925,UniRef90_A0A174GTZ8,1150,0.0058035518053,9,0.9311740890688259,4.699232231012146e-06
VogtmannE_2016,1926,UniRef90_Q8A606,1150,0.0056606206642,9,0.9311740890688259,4.583498513522267e-06
VogtmannE_2016,1927,UniRef90_K5BVK6,1150,0.0051983368271,9,0.9311740890688259,4.2091796170850204e-06
VogtmannE_2016,1928,UniRef90_A0A2V1JT56,1150,0.0022134256281,9,0.9311740890688259,1.7922474721457492e-06
VogtmannE_2016,1929,UniRef90_A0A3E5ECT0,1149,0.047749287976999996,9,0.9303643724696357,3.866339107449393e-05
VogtmannE_2016,1930,UniRef90_A0A076IXF3,1149,0.042490265828,9,0.9303643724696357,3.440507354493927e-05
VogtmannE_2016,1931,UniRef90_A0A132GMG5,1149,0.026254403266200002,9,0.9303643724696357,2.1258626126477734e-05
VogtmannE_2016,1932,UniRef90_A0A3E2VU96,1149,0.025533425608700002,9,0.9303643724696357,2.067483854955466e-05
VogtmannE_2016,1933,UniRef90_A0A174NH79,1149,0.021532349522,9,0.9303643724696357,1.7435100827530364e-05
VogtmannE_2016,1934,UniRef90_A6KZJ8,1149,0.020072712961,9,0.9303643724696357,1.6253208875303645e-05
VogtmannE_2016,1935,UniRef90_I9R3P9,1149,0.0195933800275,9,0.9303643724696357,1.586508504251012e-05
VogtmannE_2016,1936,UniRef90_A7LT91,1149,0.0195536104965,9,0.9303643724696357,1.583288299311741e-05
VogtmannE_2016,1937,UniRef90_A6L013,1149,0.019358894340699997,9,0.9303643724696357,1.5675218089635626e-05
VogtmannE_2016,1938,UniRef90_A0A076IMH5,1149,0.0192509209733,9,0.9303643724696357,1.5587790261781376e-05
VogtmannE_2016,1939,UniRef90_A0A329TH38,1149,0.0191619799379999,9,0.9303643724696357,1.5515773229149715e-05
VogtmannE_2016,1940,UniRef90_A0A0P0LMG6,1149,0.018770852079000002,9,0.9303643724696357,1.5199070509311742e-05
VogtmannE_2016,1941,UniRef90_A0A174CF54,1149,0.0181670917863,9,0.9303643724696357,1.4710195778380568e-05
VogtmannE_2016,1942,UniRef90_A0A076J2S5,1149,0.018057758177,9,0.9303643724696357,1.4621666540080973e-05
VogtmannE_2016,1943,UniRef90_A0A076IMG8,1149,0.0177679452385,9,0.9303643724696357,1.438700019311741e-05
VogtmannE_2016,1944,UniRef90_A0A0P0LLB5,1149,0.017712471365900002,9,0.9303643724696357,1.4342082077651824e-05
VogtmannE_2016,1945,UniRef90_A6KZK8,1149,0.0175745258256,9,0.9303643724696357,1.4230385283886639e-05
VogtmannE_2016,1946,UniRef90_C3R9E8,1149,0.0175612478377,9,0.9303643724696357,1.4219633876680163e-05
VogtmannE_2016,1947,UniRef90_A0A1L5KG17,1149,0.017389285297,9,0.9303643724696357,1.4080392953036435e-05
VogtmannE_2016,1948,UniRef90_A0A076J1I5,1149,0.0173770297269,9,0.9303643724696357,1.4070469414493928e-05
VogtmannE_2016,1949,UniRef90_A0A0K2HHG8,1149,0.0173606057326,9,0.9303643724696357,1.405717063368421e-05
VogtmannE_2016,1950,UniRef90_A6KYN9,1149,0.017355361004,9,0.9303643724696357,1.4052923889878544e-05
VogtmannE_2016,1951,UniRef90_A0A174VSZ2,1149,0.0172678899925,9,0.9303643724696357,1.3982097159919029e-05
VogtmannE_2016,1952,UniRef90_A0A076IV18,1149,0.016982209248999902,9,0.9303643724696357,1.3750776719837977e-05
VogtmannE_2016,1953,UniRef90_A6KWL3,1149,0.016857064847,9,0.9303643724696357,1.3649445220242915e-05
VogtmannE_2016,1954,UniRef90_A0A076IHJ6,1149,0.016746244110699998,9,0.9303643724696357,1.3559711830526315e-05
VogtmannE_2016,1955,UniRef90_A6KYJ4,1149,0.0165319682527999,9,0.9303643724696357,1.3386209111578866e-05
VogtmannE_2016,1956,UniRef90_E5UP80,1149,0.016504938507699997,9,0.9303643724696357,1.3364322678299593e-05
VogtmannE_2016,1957,UniRef90_A0A0N7J6U8,1149,0.0163222259813,9,0.9303643724696357,1.3216377312793521e-05
VogtmannE_2016,1958,UniRef90_A6KXY5,1149,0.0162781766795,9,0.9303643724696357,1.318070986194332e-05
VogtmannE_2016,1959,UniRef90_A6L175,1149,0.0162515248589999,9,0.9303643724696357,1.3159129440485749e-05
VogtmannE_2016,1960,UniRef90_A0A1Y3ZJ45,1149,0.0162323260645,9,0.9303643724696357,1.3143583857894738e-05
VogtmannE_2016,1961,UniRef90_A8SFP0,1149,0.0162268640470999,9,0.9303643724696357,1.313916117174081e-05
VogtmannE_2016,1962,UniRef90_A6KYP1,1149,0.0161480641812,9,0.9303643724696357,1.3075355612307692e-05
VogtmannE_2016,1963,UniRef90_B6VV90,1149,0.0158916085971,9,0.9303643724696357,1.2867699268906882e-05
VogtmannE_2016,1964,UniRef90_A0A076J3P7,1149,0.015837097197,9,0.9303643724696357,1.2823560483400811e-05
VogtmannE_2016,1965,UniRef90_A0A1Q6J7F6,1149,0.0157759668621,9,0.9303643724696357,1.2774062236518219e-05
VogtmannE_2016,1966,UniRef90_B6VX34,1149,0.0156894612737,9,0.9303643724696357,1.2704017225668014e-05
VogtmannE_2016,1967,UniRef90_A0A076J627,1149,0.0156577862873,9,0.9303643724696357,1.267836946340081e-05
VogtmannE_2016,1968,UniRef90_A0A076IVX3,1149,0.015610852693199999,9,0.9303643724696357,1.264036655319838e-05
VogtmannE_2016,1969,UniRef90_A0A076JBZ1,1149,0.015551720919999998,9,0.9303643724696357,1.2592486574898783e-05
VogtmannE_2016,1970,UniRef90_A6L1L8,1149,0.0155112860034,9,0.9303643724696357,1.2559745751740891e-05
VogtmannE_2016,1971,UniRef90_A0A173RQY0,1149,0.014557321273,9,0.9303643724696357,1.1787304674493926e-05
VogtmannE_2016,1972,UniRef90_U6RRN0,1149,0.0145032492491,9,0.9303643724696357,1.1743521659190284e-05
VogtmannE_2016,1973,UniRef90_A0A174V7J3,1149,0.013829691530999999,9,0.9303643724696357,1.1198130794331983e-05
VogtmannE_2016,1974,UniRef90_D4V6M4,1149,0.0137989524673,9,0.9303643724696357,1.1173240864210528e-05
VogtmannE_2016,1975,UniRef90_A6L1V8,1149,0.0137541045642,9,0.9303643724696357,1.113692677263158e-05
VogtmannE_2016,1976,UniRef90_U6RK63,1149,0.0132810543579,9,0.9303643724696357,1.0753890168340082e-05
VogtmannE_2016,1977,UniRef90_F7LTX8,1149,0.012772693321699901,9,0.9303643724696357,1.0342261798947288e-05
VogtmannE_2016,1978,UniRef90_C0B613,1149,0.0122656926868,9,0.9303643724696357,9.931734969068826e-06
VogtmannE_2016,1979,UniRef90_A0A0M6WQV4,1149,0.0116165980276,9,0.9303643724696357,9.406152249068825e-06
VogtmannE_2016,1980,UniRef90_A6L3G1,1149,0.0113338891286,9,0.9303643724696357,9.177238160809716e-06
VogtmannE_2016,1981,UniRef90_A0A3E3DDI7,1149,0.011313064458800001,9,0.9303643724696357,9.160376080000001e-06
VogtmannE_2016,1982,UniRef90_G9RUW2,1149,0.0111809501965,9,0.9303643724696357,9.053400968825911e-06
VogtmannE_2016,1983,UniRef90_D4L465,1149,0.011013086149,9,0.9303643724696357,8.917478663157895e-06
VogtmannE_2016,1984,UniRef90_A0A395V8D4,1149,0.0105437839141,9,0.9303643724696357,8.537476853522267e-06
VogtmannE_2016,1985,UniRef90_A0A095XLP0,1149,0.0105413067944,9,0.9303643724696357,8.535471088582996e-06
VogtmannE_2016,1986,UniRef90_B0PGG6,1149,0.010388098624299999,9,0.9303643724696357,8.411415890121457e-06
VogtmannE_2016,1987,UniRef90_A0A396FMV1,1149,0.0094854849106,9,0.9303643724696357,7.680554583481781e-06
VogtmannE_2016,1988,UniRef90_A0A173VAN3,1149,0.008681205607,9,0.9303643724696357,7.02931628097166e-06
VogtmannE_2016,1989,UniRef90_A0A3E2U0M3,1149,0.0086692107319,9,0.9303643724696357,7.019603831497976e-06
VogtmannE_2016,1990,UniRef90_Q8A5V6,1149,0.0078215494099,9,0.9303643724696357,6.3332383885829955e-06
VogtmannE_2016,1991,UniRef90_A0A3E4X4E9,1149,0.0074874403812,9,0.9303643724696357,6.062704762105263e-06
VogtmannE_2016,1992,UniRef90_A0A396G099,1149,0.007388067782300001,9,0.9303643724696357,5.982241119271255e-06
VogtmannE_2016,1993,UniRef90_D4WMF0,1149,0.0071252053306,9,0.9303643724696357,5.769397028825911e-06
VogtmannE_2016,1994,UniRef90_A0A174KAJ0,1149,0.0070999454446,9,0.9303643724696357,5.748943679838057e-06
VogtmannE_2016,1995,UniRef90_Q8A0Y7,1149,0.0067147457913,9,0.9303643724696357,5.437041126558704e-06
VogtmannE_2016,1996,UniRef90_A0A3E5HHK3,1149,0.006702094204600001,9,0.9303643724696357,5.42679692680162e-06
VogtmannE_2016,1997,UniRef90_A0A139L6D5,1149,0.0066755851263,9,0.9303643724696357,5.405332086072875e-06
VogtmannE_2016,1998,UniRef90_W4V0L2,1149,0.0066168719395,9,0.9303643724696357,5.357791044129554e-06
VogtmannE_2016,1999,UniRef90_R6JKD1,1149,0.0064969508703,9,0.9303643724696357,5.260688963805668e-06
VogtmannE_2016,2000,UniRef90_Q8A5U5,1149,0.0064384287076,9,0.9303643724696357,5.213302597246963e-06
VogtmannE_2016,2001,UniRef90_R6JCE0,1149,0.006363815268700001,9,0.9303643724696357,5.152886857246964e-06
VogtmannE_2016,2002,UniRef90_A0A139KC75,1149,0.006220289086100001,9,0.9303643724696357,5.036671324777328e-06
VogtmannE_2016,2003,UniRef90_A0A1G8QHE7,1149,0.0061319121382,9,0.9303643724696357,4.965111043076923e-06
VogtmannE_2016,2004,UniRef90_A0A174GQN8,1149,0.0060635176255,9,0.9303643724696357,4.909730870850203e-06
VogtmannE_2016,2005,UniRef90_A0A1I5CTC2,1149,0.0060628885235,9,0.9303643724696357,4.909221476518219e-06
VogtmannE_2016,2006,UniRef90_B5CQK2,1149,0.0060601774623,9,0.9303643724696357,4.907026285263158e-06
VogtmannE_2016,2007,UniRef90_A0A174KPR6,1149,0.0060572311470000004,9,0.9303643724696357,4.9046406048583e-06
VogtmannE_2016,2008,UniRef90_W4V082,1149,0.0054572492178,9,0.9303643724696357,4.41882527757085e-06
VogtmannE_2016,2009,UniRef90_A5ZC85,1149,0.005399666379700001,9,0.9303643724696357,4.372199497732794e-06
VogtmannE_2016,2010,UniRef90_C6LJ77,1149,0.004359189174,9,0.9303643724696357,3.5297078331983804e-06
VogtmannE_2016,2011,UniRef90_A5KQA4,1149,0.0043343925781000004,9,0.9303643724696357,3.509629617894737e-06
VogtmannE_2016,2012,UniRef90_A9KJI4,1149,0.0028458537769000002,9,0.9303643724696357,2.3043350420242916e-06
VogtmannE_2016,2013,UniRef90_R5GU90,1149,0.0012533183926999,9,0.9303643724696357,1.014832706639595e-06
VogtmannE_2016,2014,UniRef90_A0A2I1K572,1148,0.30647431472662,9,0.9295546558704454,0.00024815733985961136
VogtmannE_2016,2015,UniRef90_D4LVI9,1148,0.0593315755533,9,0.9295546558704454,4.8041761581619433e-05
VogtmannE_2016,2016,UniRef90_A0A3E4NAQ1,1148,0.0359036902849,9,0.9295546558704454,2.9071813995870447e-05
VogtmannE_2016,2017,UniRef90_A7ALY3,1148,0.0339387166142,9,0.9295546558704454,2.7480742197732792e-05
VogtmannE_2016,2018,UniRef90_A0A174S4Z5,1148,0.030476453948,9,0.9295546558704454,2.4677290646153843e-05
VogtmannE_2016,2019,UniRef90_A0A076IYQ2,1148,0.020879847134,9,0.9295546558704454,1.6906758812955464e-05
VogtmannE_2016,2020,UniRef90_I8WFL2,1148,0.0196519461559,9,0.9295546558704454,1.5912507008825914e-05
VogtmannE_2016,2021,UniRef90_A0A076IXT1,1148,0.0194129532237,9,0.9295546558704454,1.5718990464534412e-05
VogtmannE_2016,2022,UniRef90_E5UNU5,1148,0.0188515512068,9,0.9295546558704454,1.5264413932631577e-05
VogtmannE_2016,2023,UniRef90_A6KZK0,1148,0.0187117105959,9,0.9295546558704454,1.5151182668744938e-05
VogtmannE_2016,2024,UniRef90_A0A076J3M3,1148,0.0187062057287,9,0.9295546558704454,1.5146725286396761e-05
VogtmannE_2016,2025,UniRef90_A0A0P0LBA0,1148,0.018657687036,9,0.9295546558704454,1.5107438895546559e-05
VogtmannE_2016,2026,UniRef90_A0A0M6W9J4,1148,0.018420916449499898,9,0.9295546558704454,1.4915721821457407e-05
VogtmannE_2016,2027,UniRef90_A0A076IZY4,1148,0.018232692977799902,9,0.9295546558704454,1.4763314152064697e-05
VogtmannE_2016,2028,UniRef90_A0A0P0LKS4,1148,0.018203723635,9,0.9295546558704454,1.4739857194331982e-05
VogtmannE_2016,2029,UniRef90_A6L0V2,1148,0.0179803446716,9,0.9295546558704454,1.4558983539757084e-05
VogtmannE_2016,2030,UniRef90_G5SSK1,1148,0.0179382555243,9,0.9295546558704454,1.452490325854251e-05
VogtmannE_2016,2031,UniRef90_A0A397WKY4,1148,0.01792925394,9,0.9295546558704454,1.451761452631579e-05
VogtmannE_2016,2032,UniRef90_C3R9H8,1148,0.0178615968126,9,0.9295546558704454,1.4462831427206479e-05
VogtmannE_2016,2033,UniRef90_U6RBT0,1148,0.017714550960000002,9,0.9295546558704454,1.4343765959514172e-05
VogtmannE_2016,2034,UniRef90_A0A0P0LDV8,1148,0.017529596260000002,9,0.9295546558704454,1.4194005068825913e-05
VogtmannE_2016,2035,UniRef90_D4VCM7,1148,0.017440403381199898,9,0.9295546558704454,1.4121784114331901e-05
VogtmannE_2016,2036,UniRef90_A0A0K2HIB7,1148,0.017361138116999998,9,0.9295546558704454,1.405760171417004e-05
VogtmannE_2016,2037,UniRef90_A0A076ILV8,1148,0.017109513974000002,9,0.9295546558704454,1.3853857468825913e-05
VogtmannE_2016,2038,UniRef90_A0A174GGQ3,1148,0.0170996807898,9,0.9295546558704454,1.3845895376356275e-05
VogtmannE_2016,2039,UniRef90_D1K3W2,1148,0.017075324877,9,0.9295546558704454,1.3826173989473685e-05
VogtmannE_2016,2040,UniRef90_A0A1Y4PGW2,1148,0.0170155877296,9,0.9295546558704454,1.3777803829635628e-05
VogtmannE_2016,2041,UniRef90_B6VXC1,1148,0.0169874167063,9,0.9295546558704454,1.375499328445344e-05
VogtmannE_2016,2042,UniRef90_A0A0K2HGW6,1148,0.016912977274799998,9,0.9295546558704454,1.3694718441133602e-05
VogtmannE_2016,2043,UniRef90_A0A2A6ZAF7,1148,0.0168863074071,9,0.9295546558704454,1.3673123406558704e-05
VogtmannE_2016,2044,UniRef90_A0A3E4WY27,1148,0.016618315159999997,9,0.9295546558704454,1.3456125635627528e-05
VogtmannE_2016,2045,UniRef90_A0A076J5E7,1148,0.016550655564,9,0.9295546558704454,1.3401340537651821e-05
VogtmannE_2016,2046,UniRef90_D1K2T2,1148,0.016488694183399998,9,0.9295546558704454,1.3351169379271254e-05
VogtmannE_2016,2047,UniRef90_A6L100,1148,0.0164862881624,9,0.9295546558704454,1.3349221184129555e-05
VogtmannE_2016,2048,UniRef90_A0A0P0LHJ3,1148,0.016469951485200002,9,0.9295546558704454,1.3335993105425102e-05
VogtmannE_2016,2049,UniRef90_A0A174L6I2,1148,0.0164357970884,9,0.9295546558704454,1.330833772340081e-05
VogtmannE_2016,2050,UniRef90_A0A396F0Z1,1148,0.0160533298458,9,0.9295546558704454,1.2998647648421053e-05
VogtmannE_2016,2051,UniRef90_A0A076IVU9,1148,0.0157077273804,9,0.9295546558704454,1.2718807595465588e-05
VogtmannE_2016,2052,UniRef90_A0A076IJE6,1148,0.015618012923,9,0.9295546558704454,1.2646164310121458e-05
VogtmannE_2016,2053,UniRef90_A0A078QY88,1148,0.015593545226999999,9,0.9295546558704454,1.2626352410526316e-05
VogtmannE_2016,2054,UniRef90_A0A1Y3ZLI2,1148,0.015560430933600001,9,0.9295546558704454,1.259953921748988e-05
VogtmannE_2016,2055,UniRef90_A0A0P0M4D2,1148,0.0153588778794,9,0.9295546558704454,1.243633836388664e-05
VogtmannE_2016,2056,UniRef90_A0A076IZD8,1148,0.015213007759400002,9,0.9295546558704454,1.2318224906396763e-05
VogtmannE_2016,2057,UniRef90_A0A1Y4PH92,1148,0.015136947342899998,9,0.9295546558704454,1.2256637524615384e-05
VogtmannE_2016,2058,UniRef90_A0A0K2HL46,1148,0.0148368785235,9,0.9295546558704454,1.2013666820647773e-05
VogtmannE_2016,2059,UniRef90_A0A076J5J6,1148,0.0147640188659,9,0.9295546558704454,1.1954671146477733e-05
VogtmannE_2016,2060,UniRef90_A0A0P0M5C6,1148,0.0146767606446,9,0.9295546558704454,1.1884016716275304e-05
VogtmannE_2016,2061,UniRef90_A6KZM1,1148,0.014623860730999999,9,0.9295546558704454,1.184118277813765e-05
VogtmannE_2016,2062,UniRef90_A0A0P0M4X5,1148,0.0144940227647,9,0.9295546558704454,1.1736050821619434e-05
VogtmannE_2016,2063,UniRef90_I8WGA2,1148,0.0144671705406,9,0.9295546558704454,1.1714308130040487e-05
VogtmannE_2016,2064,UniRef90_A0A0P0M145,1148,0.0144520666814,9,0.9295546558704454,1.1702078284534412e-05
VogtmannE_2016,2065,UniRef90_A0A3E5H739,1148,0.0143318087284,9,0.9295546558704454,1.1604703423805668e-05
VogtmannE_2016,2066,UniRef90_B6VU62,1148,0.0142111142675,9,0.9295546558704454,1.1506975115384615e-05
VogtmannE_2016,2067,UniRef90_A0A076IR62,1148,0.0139817240168,9,0.9295546558704454,1.1321234021700405e-05
VogtmannE_2016,2068,UniRef90_A0A076J8H6,1148,0.013784879838000001,9,0.9295546558704454,1.1161846022672066e-05
VogtmannE_2016,2069,UniRef90_A0A396FE59,1148,0.0132560982495,9,0.9295546558704454,1.0733682793117409e-05
VogtmannE_2016,2070,UniRef90_A0A076IQV2,1148,0.012424980703,9,0.9295546558704454,1.0060713119838058e-05
VogtmannE_2016,2071,UniRef90_A8RVW8,1148,0.0122129128,9,0.9295546558704454,9.888998218623482e-06
VogtmannE_2016,2072,UniRef90_A6L5E2,1148,0.0120901438696,9,0.9295546558704454,9.789590177813765e-06
VogtmannE_2016,2073,UniRef90_A0A076ISC1,1148,0.012073979876999999,9,0.9295546558704454,9.776501924696356e-06
VogtmannE_2016,2074,UniRef90_A0A076IV24,1148,0.011128842917,9,0.9295546558704454,9.011208839676113e-06
VogtmannE_2016,2075,UniRef90_C8ZZG9,1148,0.01067348101658,9,0.9295546558704454,8.642494750267206e-06
VogtmannE_2016,2076,UniRef90_D5Q4S0,1148,0.0103018049628,9,0.9295546558704454,8.341542480000001e-06
VogtmannE_2016,2077,UniRef90_R5WZT6,1148,0.010001900669900001,9,0.9295546558704454,8.098704995870446e-06
VogtmannE_2016,2078,UniRef90_A0A395XD11,1148,0.0096530924599,9,0.9295546558704454,7.816269198299595e-06
VogtmannE_2016,2079,UniRef90_D4M3U2,1148,0.0093610124502,9,0.9295546558704454,7.579767166153847e-06
VogtmannE_2016,2080,UniRef90_B0G892,1148,0.0091390153489,9,0.9295546558704454,7.400012428259109e-06
VogtmannE_2016,2081,UniRef90_Q8A250,1148,0.0079876565784,9,0.9295546558704454,6.4677381201619435e-06
VogtmannE_2016,2082,UniRef90_U2DPW0,1148,0.007327911581,9,0.9295546558704454,5.9335316445344135e-06
VogtmannE_2016,2083,UniRef90_R6V1F1,1148,0.006851778042,9,0.9295546558704454,5.547998414574899e-06
VogtmannE_2016,2084,UniRef90_R6JPW2,1148,0.0068127839201,9,0.9295546558704454,5.516424226801619e-06
VogtmannE_2016,2085,UniRef90_A0A395WK13,1148,0.0067090498202,9,0.9295546558704454,5.432429004210526e-06
VogtmannE_2016,2086,UniRef90_D6D803,1148,0.0067020920877,9,0.9295546558704454,5.426795212712551e-06
VogtmannE_2016,2087,UniRef90_R6J6S5,1148,0.00666712766,9,0.9295546558704454,5.398483935222672e-06
VogtmannE_2016,2088,UniRef90_A0A396E4B5,1148,0.0065745632783999995,9,0.9295546558704454,5.323533018947368e-06
VogtmannE_2016,2089,UniRef90_V8C6R3,1148,0.0065023308688000004,9,0.9295546558704454,5.265045237894737e-06
VogtmannE_2016,2090,UniRef90_U2DVT8,1148,0.0064609842,9,0.9295546558704454,5.231566153846154e-06
VogtmannE_2016,2091,UniRef90_A0A0P0FKE6,1148,0.0062077866322,9,0.9295546558704454,5.026547880323886e-06
VogtmannE_2016,2092,UniRef90_A0A371A8L1,1148,0.0061811014173,9,0.9295546558704454,5.004940418866396e-06
VogtmannE_2016,2093,UniRef90_Q89ZV6,1148,0.0059191653756,9,0.9295546558704454,4.792846457975709e-06
VogtmannE_2016,2094,UniRef90_A0A371A4J5,1148,0.0058585144999,9,0.9295546558704454,4.743736437165992e-06
VogtmannE_2016,2095,UniRef90_R7KUM4,1148,0.0057987101336,9,0.9295546558704454,4.695311849068826e-06
VogtmannE_2016,2096,UniRef90_R5HFR6,1148,0.0056934692549,9,0.9295546558704454,4.610096562672065e-06
VogtmannE_2016,2097,UniRef90_A9KMF6,1148,0.005636220731,9,0.9295546558704454,4.563741482591093e-06
VogtmannE_2016,2098,UniRef90_A0A174DCX9,1148,0.0056064056550999995,9,0.9295546558704454,4.539599720728744e-06
VogtmannE_2016,2099,UniRef90_R6JK76,1148,0.0055352450417,9,0.9295546558704454,4.481979790850202e-06
VogtmannE_2016,2100,UniRef90_A0A1Y4PQJ2,1148,0.0047557666912,9,0.9295546558704454,3.850823231740891e-06
VogtmannE_2016,2101,UniRef90_D1PNJ6,1147,0.023574510154,9,0.928744939271255,1.9088672189473683e-05
VogtmannE_2016,2102,UniRef90_A0A380Z6K4,1147,0.0235209964926,9,0.928744939271255,1.9045341289554656e-05
VogtmannE_2016,2103,UniRef90_F3PNR1,1147,0.022486814883,9,0.928744939271255,1.820794727368421e-05
VogtmannE_2016,2104,UniRef90_C4ZFJ3,1147,0.021614256453,9,0.928744939271255,1.7501422229149797e-05
VogtmannE_2016,2105,UniRef90_U6R7V5,1147,0.0210914682002,9,0.928744939271255,1.7078111902995952e-05
VogtmannE_2016,2106,UniRef90_A6L091,1147,0.0206231529575,9,0.928744939271255,1.6698909277327936e-05
VogtmannE_2016,2107,UniRef90_A0A0P0LNX3,1147,0.020142323849,9,0.928744939271255,1.6309573966801617e-05
VogtmannE_2016,2108,UniRef90_S0F674,1147,0.020101563455,9,0.928744939271255,1.627656959919028e-05
VogtmannE_2016,2109,UniRef90_A6KZN7,1147,0.019361126748099998,9,0.928744939271255,1.567702570696356e-05
VogtmannE_2016,2110,UniRef90_A0A076J4P5,1147,0.0192150482005,9,0.928744939271255,1.5558743482186236e-05
VogtmannE_2016,2111,UniRef90_A0A1Y4PSH3,1147,0.0185534117381,9,0.928744939271255,1.5023005455951417e-05
VogtmannE_2016,2112,UniRef90_D4V870,1147,0.018121985240999998,9,0.928744939271255,1.4673672259919027e-05
VogtmannE_2016,2113,UniRef90_A6L0W8,1147,0.0177815656924,9,0.928744939271255,1.4398028900728746e-05
VogtmannE_2016,2114,UniRef90_A0A0K2HHP6,1147,0.017727524593,9,0.928744939271255,1.4354270925506074e-05
VogtmannE_2016,2115,UniRef90_C6ZAD5,1147,0.017524698982,9,0.928744939271255,1.4190039661538463e-05
VogtmannE_2016,2116,UniRef90_A0A0P0LLF0,1147,0.017444278767,9,0.928744939271255,1.4124922078542508e-05
VogtmannE_2016,2117,UniRef90_A0A0P0LDE8,1147,0.017318872237399998,9,0.928744939271255,1.4023378329878542e-05
VogtmannE_2016,2118,UniRef90_A6L170,1147,0.0173047654288,9,0.928744939271255,1.4011955812793522e-05
VogtmannE_2016,2119,UniRef90_A0A0K2HG23,1147,0.017216717152,9,0.928744939271255,1.3940661661538461e-05
VogtmannE_2016,2120,UniRef90_A0A1Y4PFU1,1147,0.0171801796112999,9,0.928744939271255,1.391107660834e-05
VogtmannE_2016,2121,UniRef90_A6KZZ5,1147,0.0170304389376,9,0.928744939271255,1.3789829099271254e-05
VogtmannE_2016,2122,UniRef90_A0A174WY71,1147,0.0167209884932,9,0.928744939271255,1.3539261937813765e-05
VogtmannE_2016,2123,UniRef90_A0A076ISV7,1147,0.0165791186311,9,0.928744939271255,1.3424387555546558e-05
VogtmannE_2016,2124,UniRef90_A0A076IUY6,1147,0.016517527668999898,9,0.928744939271255,1.3374516331174006e-05
VogtmannE_2016,2125,UniRef90_I9R2L8,1147,0.0164843918524,9,0.928744939271255,1.3347685710445344e-05
VogtmannE_2016,2126,UniRef90_A0A0K2HFA0,1147,0.016481900746,9,0.928744939271255,1.3345668620242914e-05
VogtmannE_2016,2127,UniRef90_C6JHS6,1147,0.016438226246,9,0.928744939271255,1.3310304652631577e-05
VogtmannE_2016,2128,UniRef90_D4V3P4,1147,0.016383274043,9,0.928744939271255,1.3265808941700403e-05
VogtmannE_2016,2129,UniRef90_A0A076IHX2,1147,0.0163602237784,9,0.928744939271255,1.3247144759838057e-05
VogtmannE_2016,2130,UniRef90_A6L2J2,1147,0.0161152615397,9,0.928744939271255,1.3048794768987853e-05
VogtmannE_2016,2131,UniRef90_A0A0N7J806,1147,0.0161091662908,9,0.928744939271255,1.3043859344777328e-05
VogtmannE_2016,2132,UniRef90_A0A396FCJ5,1147,0.016089509691399998,9,0.928744939271255,1.3027943069959513e-05
VogtmannE_2016,2133,UniRef90_D4LZV1,1147,0.016003684432,9,0.928744939271255,1.2958448932793521e-05
VogtmannE_2016,2134,UniRef90_A0A0K2HFX1,1147,0.0159950382457999,9,0.928744939271255,1.2951447972307612e-05
VogtmannE_2016,2135,UniRef90_U6RCW1,1147,0.0158705824555,9,0.928744939271255,1.2850674053036437e-05
VogtmannE_2016,2136,UniRef90_D5AGI1,1147,0.015791919470100002,9,0.928744939271255,1.2786979328016196e-05
VogtmannE_2016,2137,UniRef90_A6L1Q8,1147,0.0157868563797,9,0.928744939271255,1.2782879659676112e-05
VogtmannE_2016,2138,UniRef90_A0A397WK36,1147,0.0157718501626,9,0.928744939271255,1.277072887659919e-05
VogtmannE_2016,2139,UniRef90_I9FSY7,1147,0.015730935191,9,0.928744939271255,1.273759934493927e-05
VogtmannE_2016,2140,UniRef90_A0A397WKL3,1147,0.015598687179700001,9,0.928744939271255,1.2630515934979758e-05
VogtmannE_2016,2141,UniRef90_A0A0K2HI22,1147,0.0154785903932,9,0.928744939271255,1.2533271573441297e-05
VogtmannE_2016,2142,UniRef90_I8WFG7,1147,0.015476607927,9,0.928744939271255,1.2531666337651821e-05
VogtmannE_2016,2143,UniRef90_A6KXU8,1147,0.015355510439700001,9,0.928744939271255,1.2433611692064779e-05
VogtmannE_2016,2144,UniRef90_C3R9N0,1147,0.0151615103746,9,0.928744939271255,1.2276526619109312e-05
VogtmannE_2016,2145,UniRef90_A0A174GDC6,1147,0.015088694978999999,9,0.928744939271255,1.2217566784615384e-05
VogtmannE_2016,2146,UniRef90_D1PM75,1147,0.0148406041871,9,0.928744939271255,1.2016683552307692e-05
VogtmannE_2016,2147,UniRef90_A6L1R7,1147,0.0146778586828,9,0.928744939271255,1.1884905816032389e-05
VogtmannE_2016,2148,UniRef90_A6L3Y2,1147,0.0146631882067,9,0.928744939271255,1.1873026888016193e-05
VogtmannE_2016,2149,UniRef90_A0A3E4XQG6,1147,0.014382286046,9,0.928744939271255,1.1645575745748988e-05
VogtmannE_2016,2150,UniRef90_A0A076IXL6,1147,0.0143208494708,9,0.928744939271255,1.1595829531012145e-05
VogtmannE_2016,2151,UniRef90_I8ZBR2,1147,0.0142969746534,9,0.928744939271255,1.1576497695060729e-05
VogtmannE_2016,2152,UniRef90_A0A076IMG9,1147,0.0142296389168,9,0.928744939271255,1.1521974831417003e-05
VogtmannE_2016,2153,UniRef90_A0A1Y4PDW8,1147,0.0141039203767,9,0.928744939271255,1.1420178442672065e-05
VogtmannE_2016,2154,UniRef90_A0A0P0L0J3,1147,0.0140719676816,9,0.928744939271255,1.1394305815060729e-05
VogtmannE_2016,2155,UniRef90_A6L7T5,1147,0.0140006508252,9,0.928744939271255,1.133655937263158e-05
VogtmannE_2016,2156,UniRef90_A0A076IQ49,1147,0.013671532356599899,9,0.928744939271255,1.1070066685505992e-05
VogtmannE_2016,2157,UniRef90_A0A076J0N2,1147,0.0135910199582,9,0.928744939271255,1.100487446008097e-05
VogtmannE_2016,2158,UniRef90_A0A0P0M392,1147,0.013531260690000001,9,0.928744939271255,1.0956486388663969e-05
VogtmannE_2016,2159,UniRef90_A0A076IUQ2,1147,0.012404270718600001,9,0.928744939271255,1.0043943901700406e-05
VogtmannE_2016,2160,UniRef90_A0A0P0M440,1147,0.011518217929,9,0.928744939271255,9.326492250202429e-06
VogtmannE_2016,2161,UniRef90_A0A076J7V9,1147,0.0114769633728,9,0.928744939271255,9.293087751255061e-06
VogtmannE_2016,2162,UniRef90_A0A076IQA4,1147,0.011214735099,9,0.928744939271255,9.080757165182186e-06
VogtmannE_2016,2163,UniRef90_C0B8U6,1147,0.0109982845158,9,0.928744939271255,8.905493535060729e-06
VogtmannE_2016,2164,UniRef90_A0A076JAP0,1147,0.010006654076400001,9,0.928744939271255,8.102553908016195e-06
VogtmannE_2016,2165,UniRef90_A0A0M6WF48,1147,0.009916230978,9,0.928744939271255,8.029336824291498e-06
VogtmannE_2016,2166,UniRef90_R6V8F2,1147,0.0098345160438,9,0.928744939271255,7.963170885668015e-06
VogtmannE_2016,2167,UniRef90_D4LXM4,1147,0.009197532826800001,9,0.928744939271255,7.447395001457491e-06
VogtmannE_2016,2168,UniRef90_I9S795,1147,0.009154729028,9,0.928744939271255,7.412736055060729e-06
VogtmannE_2016,2169,UniRef90_A0A3E4V165,1147,0.008733219549800001,9,0.928744939271255,7.071432833846154e-06
VogtmannE_2016,2170,UniRef90_W6P7T2,1147,0.0085409437041,9,0.928744939271255,6.915743889959514e-06
VogtmannE_2016,2171,UniRef90_R6JE84,1147,0.007667341637,9,0.928744939271255,6.208373795141701e-06
VogtmannE_2016,2172,UniRef90_I9RZU0,1147,0.0074824515578,9,0.928744939271255,6.0586652289878545e-06
VogtmannE_2016,2173,UniRef90_V8CGP7,1147,0.00747602292026,9,0.928744939271255,6.053459854461538e-06
VogtmannE_2016,2174,UniRef90_C0CK36,1147,0.0074453405213999995,9,0.928744939271255,6.028615806801619e-06
VogtmannE_2016,2175,UniRef90_Q8A2U2,1147,0.0072946206797,9,0.928744939271255,5.9065754491497975e-06
VogtmannE_2016,2176,UniRef90_W6P901,1147,0.0071236893088,9,0.928744939271255,5.768169480809716e-06
VogtmannE_2016,2177,UniRef90_R7GY78,1147,0.006836096353,9,0.928744939271255,5.535300690688259e-06
VogtmannE_2016,2178,UniRef90_R6DPV0,1147,0.0068087296779,9,0.928744939271255,5.513141439595142e-06
VogtmannE_2016,2179,UniRef90_R9MM87,1147,0.0066876638456,9,0.928744939271255,5.415112425587044e-06
VogtmannE_2016,2180,UniRef90_Q8A1A4,1147,0.006670807984400001,9,0.928744939271255,5.401463954979757e-06
VogtmannE_2016,2181,UniRef90_R6JJ34,1147,0.0064845285374,9,0.928744939271255,5.25063039465587e-06
VogtmannE_2016,2182,UniRef90_R6KA29,1147,0.0064144073113,9,0.928744939271255,5.1938520739271255e-06
VogtmannE_2016,2183,UniRef90_A0A396DHI3,1147,0.0063916820768,9,0.928744939271255,5.1754510743319836e-06
VogtmannE_2016,2184,UniRef90_R5J413,1147,0.0062577016475,9,0.928744939271255,5.066964896761133e-06
VogtmannE_2016,2185,UniRef90_D4J5V6,1147,0.0061366465043,9,0.928744939271255,4.968944537894737e-06
VogtmannE_2016,2186,UniRef90_A0A077ZKY0,1147,0.006096987216,9,0.928744939271255,4.936831753846154e-06
VogtmannE_2016,2187,UniRef90_A0A3E5HZ02,1147,0.0059401137269,9,0.928744939271255,4.809808685748987e-06
VogtmannE_2016,2188,UniRef90_A0A0P0EUX2,1147,0.0059298398588,9,0.928744939271255,4.801489764210526e-06
VogtmannE_2016,2189,UniRef90_A0A0P0F8B5,1147,0.005825866253599999,9,0.928744939271255,4.717300610202429e-06
VogtmannE_2016,2190,UniRef90_D7J3H2,1147,0.0057161821706000005,9,0.928744939271255,4.628487587530364e-06
VogtmannE_2016,2191,UniRef90_A0A395VTL6,1147,0.0057147625479,9,0.928744939271255,4.6273380954655864e-06
VogtmannE_2016,2192,UniRef90_Q8A9C3,1147,0.0056107664486,9,0.928744939271255,4.543130727611336e-06
VogtmannE_2016,2193,UniRef90_D4VQH3,1147,0.0055653063645,9,0.928744939271255,4.50632094291498e-06
VogtmannE_2016,2194,UniRef90_A0A173Z243,1147,0.0051990659667000005,9,0.928744939271255,4.209770013522267e-06
VogtmannE_2016,2195,UniRef90_A0A2S9I3B8,1147,0.0049512716966,9,0.928744939271255,4.009126879838057e-06
VogtmannE_2016,2196,UniRef90_R6JRP7,1147,0.0048086081921,9,0.928744939271255,3.893609872145749e-06
VogtmannE_2016,2197,UniRef90_A8S466,1147,0.0038801496816,9,0.928744939271255,3.1418216045344127e-06
VogtmannE_2016,2198,UniRef90_D4LUC8,1146,0.0424180683043,9,0.9279352226720647,3.4346614011578946e-05
VogtmannE_2016,2199,UniRef90_A7VSA3,1146,0.0320645907296,9,0.9279352226720647,2.596323136e-05
VogtmannE_2016,2200,UniRef90_R6Q0Q6,1146,0.0314554665684,9,0.9279352226720647,2.5470013415708504e-05
VogtmannE_2016,2201,UniRef90_A6KYL2,1146,0.0253932738819,9,0.9279352226720647,2.056135536995951e-05
VogtmannE_2016,2202,UniRef90_A0A076IZ64,1146,0.0206867266639,9,0.9279352226720647,1.6750385962672064e-05
VogtmannE_2016,2203,UniRef90_A0A0P0LCY3,1146,0.020108462578600002,9,0.9279352226720647,1.628215593408907e-05
VogtmannE_2016,2204,UniRef90_C3RAI4,1146,0.019958377896500002,9,0.9279352226720647,1.6160629875708504e-05
VogtmannE_2016,2205,UniRef90_A0A3E4W1C5,1146,0.019321941223000003,9,0.9279352226720647,1.5645296536842106e-05
VogtmannE_2016,2206,UniRef90_B6VXB6,1146,0.0192896225421,9,0.9279352226720647,1.561912756445344e-05
VogtmannE_2016,2207,UniRef90_D4VA04,1146,0.018180111691,9,0.9279352226720647,1.4720738211336032e-05
VogtmannE_2016,2208,UniRef90_C3RA93,1146,0.0180759392262,9,0.9279352226720647,1.4636388037408907e-05
VogtmannE_2016,2209,UniRef90_U6RDV1,1146,0.0180263062499,9,0.9279352226720647,1.4596199392631579e-05
VogtmannE_2016,2210,UniRef90_A0A076IPH6,1146,0.0175535482826,9,0.9279352226720647,1.4213399419109313e-05
VogtmannE_2016,2211,UniRef90_A0A076J5W7,1146,0.017267453276500002,9,0.9279352226720647,1.3981743543724697e-05
VogtmannE_2016,2212,UniRef90_A0A0K2HGD6,1146,0.0172508297826,9,0.9279352226720647,1.3968283224777328e-05
VogtmannE_2016,2213,UniRef90_A0A076IPE8,1146,0.0172070928171,9,0.9279352226720647,1.3932868677813765e-05
VogtmannE_2016,2214,UniRef90_A6L1J5,1146,0.017194370227,9,0.9279352226720647,1.39225669854251e-05
VogtmannE_2016,2215,UniRef90_A0A076J1V0,1146,0.017064937915,9,0.9279352226720647,1.3817763493927126e-05
VogtmannE_2016,2216,UniRef90_A0A1Y4PSQ4,1146,0.016959906044000002,9,0.9279352226720647,1.3732717444534415e-05
VogtmannE_2016,2217,UniRef90_A6KXM3,1146,0.016955326090799902,9,0.9279352226720647,1.3729008980404779e-05
VogtmannE_2016,2218,UniRef90_A0A1Q6JRH3,1146,0.01684574119,9,0.9279352226720647,1.3640276267206477e-05
VogtmannE_2016,2219,UniRef90_D1K6Y4,1146,0.016592993688,9,0.9279352226720647,1.34356224194332e-05
VogtmannE_2016,2220,UniRef90_A0A0P0LGD0,1146,0.0165796211034,9,0.9279352226720647,1.3424794415708501e-05
VogtmannE_2016,2221,UniRef90_A0A395YWN9,1146,0.016415745658,9,0.9279352226720647,1.3292101747368422e-05
VogtmannE_2016,2222,UniRef90_A0A076IY52,1146,0.0160707074089,9,0.9279352226720647,1.30127185497166e-05
VogtmannE_2016,2223,UniRef90_A0A0K2HFV0,1146,0.016062412903999998,9,0.9279352226720647,1.3006002351417003e-05
VogtmannE_2016,2224,UniRef90_A0A0P0LPA8,1146,0.0159494295941,9,0.9279352226720647,1.2914517889959514e-05
VogtmannE_2016,2225,UniRef90_A0A0P0M157,1146,0.0159420132274,9,0.9279352226720647,1.2908512734736842e-05
VogtmannE_2016,2226,UniRef90_A0A396B8P2,1146,0.015913054614,9,0.9279352226720647,1.2885064464777327e-05
VogtmannE_2016,2227,UniRef90_A0A0K2HGZ3,1146,0.015828512152400002,9,0.9279352226720647,1.2816609030283403e-05
VogtmannE_2016,2228,UniRef90_A0A174M1S7,1146,0.0158230694616,9,0.9279352226720647,1.2812201993198381e-05
VogtmannE_2016,2229,UniRef90_A0A0K2HE91,1146,0.0158177052460999,9,0.9279352226720647,1.2807858498866315e-05
VogtmannE_2016,2230,UniRef90_D1K3A1,1146,0.0157854358432,9,0.9279352226720647,1.2781729427692308e-05
VogtmannE_2016,2231,UniRef90_D4V3D2,1146,0.015761462815000002,9,0.9279352226720647,1.2762318068825912e-05
VogtmannE_2016,2232,UniRef90_A0A0N7J6V0,1146,0.015720339522000002,9,0.9279352226720647,1.2729019855870447e-05
VogtmannE_2016,2233,UniRef90_A0A076IWJ8,1146,0.0155189822972,9,0.9279352226720647,1.2565977568582995e-05
VogtmannE_2016,2234,UniRef90_I9FTG5,1146,0.0154868771875,9,0.9279352226720647,1.253998152834008e-05
VogtmannE_2016,2235,UniRef90_A6L3M9,1146,0.0154788157115,9,0.9279352226720647,1.2533454017408906e-05
VogtmannE_2016,2236,UniRef90_A0A076IXG6,1146,0.0154669924346,9,0.9279352226720647,1.2523880513846155e-05
VogtmannE_2016,2237,UniRef90_D4V869,1146,0.015365899623499999,9,0.9279352226720647,1.2442023986639676e-05
VogtmannE_2016,2238,UniRef90_B6VYD3,1146,0.0152127556134,9,0.9279352226720647,1.2318020739595142e-05
VogtmannE_2016,2239,UniRef90_A0A174YSV0,1146,0.015202074478999999,9,0.9279352226720647,1.2309372047773278e-05
VogtmannE_2016,2240,UniRef90_A0A076J192,1146,0.0151619789516,9,0.9279352226720647,1.227690603368421e-05
VogtmannE_2016,2241,UniRef90_A0A0M1W8D4,1146,0.015153709713399998,9,0.9279352226720647,1.2270210294251012e-05
VogtmannE_2016,2242,UniRef90_D4V3T8,1146,0.015097872688699998,9,0.9279352226720647,1.2224998128502024e-05
VogtmannE_2016,2243,UniRef90_A0A0P0M5V4,1146,0.0150814142755,9,0.9279352226720647,1.2211671478137652e-05
VogtmannE_2016,2244,UniRef90_A0A076IPU3,1146,0.0150739217377999,9,0.9279352226720647,1.2205604645991822e-05
VogtmannE_2016,2245,UniRef90_C3RFD0,1146,0.0150256978547,9,0.9279352226720647,1.216655696736842e-05
VogtmannE_2016,2246,UniRef90_A6KXS0,1146,0.014998486538800001,9,0.9279352226720647,1.2144523513198382e-05
VogtmannE_2016,2247,UniRef90_A0A076ITT2,1146,0.01497010243,9,0.9279352226720647,1.2121540429149797e-05
VogtmannE_2016,2248,UniRef90_U6RCK6,1146,0.014962300599,9,0.9279352226720647,1.211522315708502e-05
VogtmannE_2016,2249,UniRef90_A6L2I3,1146,0.014913951875299999,9,0.9279352226720647,1.2076074392955466e-05
VogtmannE_2016,2250,UniRef90_A0A076ITJ7,1146,0.0148913499644,9,0.9279352226720647,1.2057773250526316e-05
VogtmannE_2016,2251,UniRef90_A6L7E4,1146,0.0148890469851,9,0.9279352226720647,1.2055908489959513e-05
VogtmannE_2016,2252,UniRef90_A0A076ILG1,1146,0.014787932531,9,0.9279352226720647,1.1974034438056679e-05
VogtmannE_2016,2253,UniRef90_A0A076IYN8,1146,0.0147086129004,9,0.9279352226720647,1.1909808016518219e-05
VogtmannE_2016,2254,UniRef90_A0A076IV27,1146,0.0145990904613,9,0.9279352226720647,1.1821125879595141e-05
VogtmannE_2016,2255,UniRef90_A0A0P0L9Z5,1146,0.014407765305900001,9,0.9279352226720647,1.1666206725425101e-05
VogtmannE_2016,2256,UniRef90_B6VTR7,1146,0.0142760921894,9,0.9279352226720647,1.1559588817327935e-05
VogtmannE_2016,2257,UniRef90_C3R9S9,1146,0.014217894755600001,9,0.9279352226720647,1.1512465389149799e-05
VogtmannE_2016,2258,UniRef90_A0A0K2HHQ4,1146,0.0141784127054,9,0.9279352226720647,1.1480496117732794e-05
VogtmannE_2016,2259,UniRef90_C3R8E0,1146,0.0138225862879999,9,0.9279352226720647,1.1192377561133522e-05
VogtmannE_2016,2260,UniRef90_A6L1Z2,1146,0.0137816847204,9,0.9279352226720647,1.115925888291498e-05
VogtmannE_2016,2261,UniRef90_A0A0M1W407,1146,0.0137714059179,9,0.9279352226720647,1.115093596591093e-05
VogtmannE_2016,2262,UniRef90_A6L0W2,1146,0.0137365282399,9,0.9279352226720647,1.1122694931093118e-05
VogtmannE_2016,2263,UniRef90_A0A174JG35,1146,0.0137041498911,9,0.9279352226720647,1.1096477644615385e-05
VogtmannE_2016,2264,UniRef90_A0A2A6ZA74,1146,0.013404839173400001,9,0.9279352226720647,1.0854120788178138e-05
VogtmannE_2016,2265,UniRef90_C3RED9,1146,0.0132992152725,9,0.9279352226720647,1.0768595362348178e-05
VogtmannE_2016,2266,UniRef90_D4VBS8,1146,0.0132657071291,9,0.9279352226720647,1.074146326242915e-05
VogtmannE_2016,2267,UniRef90_U6RP94,1146,0.013204855459999899,9,0.9279352226720647,1.0692190655870364e-05
VogtmannE_2016,2268,UniRef90_A0A0P0M531,1146,0.0131578550663,9,0.9279352226720647,1.0654133656923077e-05
VogtmannE_2016,2269,UniRef90_A0A076IV89,1146,0.0131481326639,9,0.9279352226720647,1.064626126631579e-05
VogtmannE_2016,2270,UniRef90_A0A173X1S7,1146,0.0131158619127,9,0.9279352226720647,1.062013110340081e-05
VogtmannE_2016,2271,UniRef90_B0NVF6,1146,0.012543072026300001,9,0.9279352226720647,1.0156333624534414e-05
VogtmannE_2016,2272,UniRef90_A0A173Y2D2,1146,0.0125244771369999,9,0.9279352226720647,1.0141277034008016e-05
VogtmannE_2016,2273,UniRef90_C7H6Y4,1146,0.01223734041419,9,0.9279352226720647,9.908777663311741e-06
VogtmannE_2016,2274,UniRef90_D4L499,1146,0.012225555858,9,0.9279352226720647,9.899235512550608e-06
VogtmannE_2016,2275,UniRef90_R6Y875,1146,0.0114532440679999,9,0.9279352226720647,9.273881836437166e-06
VogtmannE_2016,2276,UniRef90_A0A076J8I9,1146,0.0112711103742,9,0.9279352226720647,9.126405161295546e-06
VogtmannE_2016,2277,UniRef90_A6L404,1146,0.0112076472406,9,0.9279352226720647,9.075018008582996e-06
VogtmannE_2016,2278,UniRef90_A0A3E4W3S1,1146,0.01117378828,9,0.9279352226720647,9.047601846153846e-06
VogtmannE_2016,2279,UniRef90_C4ZEP6,1146,0.0109962636491,9,0.9279352226720647,8.903857205748989e-06
VogtmannE_2016,2280,UniRef90_R5YLH6,1146,0.0099480485958,9,0.9279352226720647,8.05510007757085e-06
VogtmannE_2016,2281,UniRef90_A0A3F3DV56,1146,0.0088136012231,9,0.9279352226720647,7.1365192089878534e-06
VogtmannE_2016,2282,UniRef90_A0A3E4N5Q3,1146,0.0087720812999,9,0.9279352226720647,7.102899837975709e-06
VogtmannE_2016,2283,UniRef90_Q64RX9,1146,0.008730906676999899,9,0.9279352226720647,7.069560062348096e-06
VogtmannE_2016,2284,UniRef90_Q8A3C0,1146,0.0078000650175,9,0.9279352226720647,6.315842119433199e-06
VogtmannE_2016,2285,UniRef90_Q8AAN7,1146,0.0074418458692,9,0.9279352226720647,6.025786128906882e-06
VogtmannE_2016,2286,UniRef90_A6P027,1146,0.0073535683774,9,0.9279352226720647,5.954306378461538e-06
VogtmannE_2016,2287,UniRef90_A5ZJR5,1146,0.0072406008658,9,0.9279352226720647,5.862834709149797e-06
VogtmannE_2016,2288,UniRef90_D4K2K9,1146,0.0071628024736,9,0.9279352226720647,5.799840059595141e-06
VogtmannE_2016,2289,UniRef90_A0A1C7H237,1146,0.0069462258664,9,0.9279352226720647,5.624474385748988e-06
VogtmannE_2016,2290,UniRef90_A0A0K6BRB2,1146,0.0069271873090000005,9,0.9279352226720647,5.609058549797571e-06
VogtmannE_2016,2291,UniRef90_A5ZF89,1146,0.0069043905145,9,0.9279352226720647,5.5905996068825905e-06
VogtmannE_2016,2292,UniRef90_U2DJP4,1146,0.0067353622295000005,9,0.9279352226720647,5.453734598785425e-06
VogtmannE_2016,2293,UniRef90_A0A174QXJ7,1146,0.0066802230166,9,0.9279352226720647,5.409087462834008e-06
VogtmannE_2016,2294,UniRef90_Q8A4M8,1146,0.0066561439771999995,9,0.9279352226720647,5.389590264939271e-06
VogtmannE_2016,2295,UniRef90_C3Q9Z8,1146,0.006644201233599999,9,0.9279352226720647,5.379920027206477e-06
VogtmannE_2016,2296,UniRef90_D7J066,1146,0.006639771044999999,9,0.9279352226720647,5.376332829959514e-06
VogtmannE_2016,2297,UniRef90_I8XUF5,1146,0.0065508335411,9,0.9279352226720647,5.304318656761134e-06
VogtmannE_2016,2298,UniRef90_A0A1G6GC26,1146,0.0064813624248,9,0.9279352226720647,5.248066740728745e-06
VogtmannE_2016,2299,UniRef90_A0A0P0EX92,1146,0.0064584383391,9,0.9279352226720647,5.229504728016194e-06
VogtmannE_2016,2300,UniRef90_A0A0P0FJV2,1146,0.0064023376802,9,0.9279352226720647,5.184079093279352e-06
VogtmannE_2016,2301,UniRef90_E1WU23,1146,0.0063756936442,9,0.9279352226720647,5.162504975060729e-06
VogtmannE_2016,2302,UniRef90_R6JF89,1146,0.0062493296826000005,9,0.9279352226720647,5.0601859778137654e-06
VogtmannE_2016,2303,UniRef90_R5U4M6,1146,0.0062133826593,9,0.9279352226720647,5.0310790763562755e-06
VogtmannE_2016,2304,UniRef90_Q8A8Y4,1146,0.0061353722896,9,0.9279352226720647,4.967912785101215e-06
VogtmannE_2016,2305,UniRef90_Q8A0Y3,1146,0.0061263334447,9,0.9279352226720647,4.960593882348178e-06
VogtmannE_2016,2306,UniRef90_R6JR19,1146,0.006105005865,9,0.9279352226720647,4.9433245870445346e-06
VogtmannE_2016,2307,UniRef90_A0A139JTX3,1146,0.0060995263094999995,9,0.9279352226720647,4.938887699999999e-06
VogtmannE_2016,2308,UniRef90_R6JD81,1146,0.0059348559313,9,0.9279352226720647,4.805551361376518e-06
VogtmannE_2016,2309,UniRef90_D4WA76,1146,0.0059315604757,9,0.9279352226720647,4.802882976275304e-06
VogtmannE_2016,2310,UniRef90_R5UWM0,1146,0.0059079711024,9,0.9279352226720647,4.7837822691497976e-06
VogtmannE_2016,2311,UniRef90_R6K8Z3,1146,0.0058792860794000005,9,0.9279352226720647,4.760555529878543e-06
VogtmannE_2016,2312,UniRef90_Q8A5I9,1146,0.0058640910988,9,0.9279352226720647,4.748251901862349e-06
VogtmannE_2016,2313,UniRef90_A0A396E160,1146,0.0057929519075,9,0.9279352226720647,4.690649317813765e-06
VogtmannE_2016,2314,UniRef90_Q8A005,1146,0.0057768399055,9,0.9279352226720647,4.677603162348178e-06
VogtmannE_2016,2315,UniRef90_K5CAD5,1146,0.0057123679427,9,0.9279352226720647,4.62539914388664e-06
VogtmannE_2016,2316,UniRef90_C3QSV7,1146,0.005689911424,9,0.9279352226720647,4.607215727935222e-06
VogtmannE_2016,2317,UniRef90_R6D817,1146,0.0056623862676999995,9,0.9279352226720647,4.584928151983805e-06
VogtmannE_2016,2318,UniRef90_R6JC60,1146,0.0055385530659,9,0.9279352226720647,4.484658352955465e-06
VogtmannE_2016,2319,UniRef90_A0A139L6J7,1146,0.0055277129843,9,0.9279352226720647,4.475880958947369e-06
VogtmannE_2016,2320,UniRef90_Q8A681,1146,0.0054568607453,9,0.9279352226720647,4.418510724939271e-06
VogtmannE_2016,2321,UniRef90_R6J9F9,1146,0.0054465468409,9,0.9279352226720647,4.410159385344129e-06
VogtmannE_2016,2322,UniRef90_I9JFK4,1146,0.0053676887741,9,0.9279352226720647,4.346306699676114e-06
VogtmannE_2016,2323,UniRef90_R6JH80,1146,0.005290175268,9,0.9279352226720647,4.283542727125506e-06
VogtmannE_2016,2324,UniRef90_D7J3P2,1146,0.0051950383466,9,0.9279352226720647,4.206508782672065e-06
VogtmannE_2016,2325,UniRef90_A7VCW4,1146,0.00161178004049,9,0.9279352226720647,1.3050850530283401e-06
VogtmannE_2016,2326,UniRef90_R5IJG8,1146,0.0015472378532999998,9,0.9279352226720647,1.2528241727125505e-06
VogtmannE_2016,2327,UniRef90_B0NU50,1145,0.1182089068811,9,0.9271255060728745,9.571571407376518e-05
VogtmannE_2016,2328,UniRef90_A0A140JXE2,1145,0.0224052590376,9,0.9271255060728745,1.8141910151902834e-05
VogtmannE_2016,2329,UniRef90_C3RE11,1145,0.021120560792,9,0.9271255060728745,1.710166865748988e-05
VogtmannE_2016,2330,UniRef90_B6VSP0,1145,0.0201421521524,9,0.9271255060728745,1.6309434941214574e-05
VogtmannE_2016,2331,UniRef90_A0A076IQU9,1145,0.0199849756386,9,0.9271255060728745,1.6182166508987854e-05
VogtmannE_2016,2332,UniRef90_A0A076ITS7,1145,0.0195690701775,9,0.9271255060728745,1.5845400953441298e-05
VogtmannE_2016,2333,UniRef90_U6RCF6,1145,0.0194562150058,9,0.9271255060728745,1.5754020247611336e-05
VogtmannE_2016,2334,UniRef90_A0A174FZ57,1145,0.0191875609667,9,0.9271255060728745,1.5536486612712552e-05
VogtmannE_2016,2335,UniRef90_A0A0K2HFZ2,1145,0.0187784519612,9,0.9271255060728745,1.5205224260080972e-05
VogtmannE_2016,2336,UniRef90_A6KXY8,1145,0.0186397693982,9,0.9271255060728745,1.509293068680162e-05
VogtmannE_2016,2337,UniRef90_A0A0P0L7V7,1145,0.018447689657999998,9,0.9271255060728745,1.4937400532793521e-05
VogtmannE_2016,2338,UniRef90_A6KZ28,1145,0.0181097720396,9,0.9271255060728745,1.4663783028016194e-05
VogtmannE_2016,2339,UniRef90_U6RBJ5,1145,0.018078096646000002,9,0.9271255060728745,1.463813493603239e-05
VogtmannE_2016,2340,UniRef90_A6KYS6,1145,0.0178273480234,9,0.9271255060728745,1.4435099614089069e-05
VogtmannE_2016,2341,UniRef90_A0A069SD51,1145,0.0177669737542,9,0.9271255060728745,1.4386213566153846e-05
VogtmannE_2016,2342,UniRef90_A0A076J0X0,1145,0.017759959437,9,0.9271255060728745,1.4380533957085022e-05
VogtmannE_2016,2343,UniRef90_D4V591,1145,0.0175522100647,9,0.9271255060728745,1.4212315841862349e-05
VogtmannE_2016,2344,UniRef90_A0A0K2HGW7,1145,0.0174654374394,9,0.9271255060728745,1.4142054606801619e-05
VogtmannE_2016,2345,UniRef90_A6L079,1145,0.017456507399,9,0.9271255060728745,1.41348238048583e-05
VogtmannE_2016,2346,UniRef90_A0A1Y4PSG1,1145,0.017455318616,9,0.9271255060728745,1.4133861227530363e-05
VogtmannE_2016,2347,UniRef90_A6L075,1145,0.01740224096,9,0.9271255060728745,1.4090883368421052e-05
VogtmannE_2016,2348,UniRef90_A0A3E5E4K1,1145,0.0173402262342,9,0.9271255060728745,1.4040669015546559e-05
VogtmannE_2016,2349,UniRef90_A0A076J0W8,1145,0.0172389624675,9,0.9271255060728745,1.3958674062753037e-05
VogtmannE_2016,2350,UniRef90_C3RE72,1145,0.017132172988799998,9,0.9271255060728745,1.3872204849230767e-05
VogtmannE_2016,2351,UniRef90_A0A076ILW1,1145,0.0170299223346,9,0.9271255060728745,1.3789410797246964e-05
VogtmannE_2016,2352,UniRef90_D1K2M1,1145,0.0169437014395,9,0.9271255060728745,1.371959630728745e-05
VogtmannE_2016,2353,UniRef90_A6KYS3,1145,0.0169424819891,9,0.9271255060728745,1.3718608898056678e-05
VogtmannE_2016,2354,UniRef90_A6L1H7,1145,0.0169358476893,9,0.9271255060728745,1.3713236995384615e-05
VogtmannE_2016,2355,UniRef90_A0A076INP2,1145,0.016760796063,9,0.9271255060728745,1.357149478785425e-05
VogtmannE_2016,2356,UniRef90_A0A076IWD1,1145,0.016760433451999998,9,0.9271255060728745,1.35712011757085e-05
VogtmannE_2016,2357,UniRef90_B6W0U2,1145,0.016675591204099997,9,0.9271255060728745,1.3502502999271253e-05
VogtmannE_2016,2358,UniRef90_U6RB05,1145,0.0166153359449,9,0.9271255060728745,1.3453713315708502e-05
VogtmannE_2016,2359,UniRef90_A0A3E4KCP7,1145,0.0164652114799999,9,0.9271255060728745,1.3332155044534334e-05
VogtmannE_2016,2360,UniRef90_A0A0K2HG48,1145,0.0164382572318,9,0.9271255060728745,1.3310329742348179e-05
VogtmannE_2016,2361,UniRef90_A0A396F0S3,1145,0.0164088748466,9,0.9271255060728745,1.3286538337327935e-05
VogtmannE_2016,2362,UniRef90_A0A174KXL6,1145,0.0163563344519,9,0.9271255060728745,1.3243995507611336e-05
VogtmannE_2016,2363,UniRef90_A0A0P0M116,1145,0.0162529021821,9,0.9271255060728745,1.316024468186235e-05
VogtmannE_2016,2364,UniRef90_A0A076IYT9,1145,0.0162409416453,9,0.9271255060728745,1.3150560036680162e-05
VogtmannE_2016,2365,UniRef90_A0A076IQ12,1145,0.0162365867425,9,0.9271255060728745,1.3147033799595141e-05
VogtmannE_2016,2366,UniRef90_A6KX17,1145,0.0161294165184,9,0.9271255060728745,1.306025629020243e-05
VogtmannE_2016,2367,UniRef90_A0A0K2HPR1,1145,0.016082123625,9,0.9271255060728745,1.3021962449392713e-05
VogtmannE_2016,2368,UniRef90_D4LVL6,1145,0.016051987588600002,9,0.9271255060728745,1.2997560800485832e-05
VogtmannE_2016,2369,UniRef90_A0A076J0Y1,1145,0.0160518271881,9,0.9271255060728745,1.299743092153846e-05
VogtmannE_2016,2370,UniRef90_A0A0K2HHI5,1145,0.0160243252885,9,0.9271255060728745,1.2975162176923077e-05
VogtmannE_2016,2371,UniRef90_A0A174P3Q3,1145,0.015983329765399998,9,0.9271255060728745,1.2941967421376517e-05
VogtmannE_2016,2372,UniRef90_A0A076J288,1145,0.0159683054629999,9,0.9271255060728745,1.2929801994331903e-05
VogtmannE_2016,2373,UniRef90_D4V565,1145,0.0159296886154,9,0.9271255060728745,1.2898533291821862e-05
VogtmannE_2016,2374,UniRef90_A0A076J2W3,1145,0.015869252158,9,0.9271255060728745,1.2849596889068825e-05
VogtmannE_2016,2375,UniRef90_A0A076II47,1145,0.015832192812,9,0.9271255060728745,1.281958932145749e-05
VogtmannE_2016,2376,UniRef90_D4VC12,1145,0.015784524701699998,9,0.9271255060728745,1.2780991661295544e-05
VogtmannE_2016,2377,UniRef90_A0A076IP97,1145,0.0157420870298,9,0.9271255060728745,1.2746629173927127e-05
VogtmannE_2016,2378,UniRef90_D1K6P6,1145,0.0157265448873999,9,0.9271255060728745,1.2734044443238784e-05
VogtmannE_2016,2379,UniRef90_A0A0K2HG58,1145,0.0156610406606,9,0.9271255060728745,1.268100458348178e-05
VogtmannE_2016,2380,UniRef90_A0A076IRX9,1145,0.0155293814178999,9,0.9271255060728745,1.2574397909230688e-05
VogtmannE_2016,2381,UniRef90_C3RFG5,1145,0.015453526274100002,9,0.9271255060728745,1.2512976740161944e-05
VogtmannE_2016,2382,UniRef90_C3RAI9,1145,0.0154369091205,9,0.9271255060728745,1.2499521555060728e-05
VogtmannE_2016,2383,UniRef90_A6L078,1145,0.01535889124,9,0.9271255060728745,1.2436349182186235e-05
VogtmannE_2016,2384,UniRef90_A0A139KJE5,1145,0.0153396651297,9,0.9271255060728745,1.2420781481538462e-05
VogtmannE_2016,2385,UniRef90_D4V5T2,1145,0.0152552584558999,9,0.9271255060728745,1.235243599668008e-05
VogtmannE_2016,2386,UniRef90_A6L2J9,1145,0.015143805429999902,9,0.9271255060728745,1.2262190631578867e-05
VogtmannE_2016,2387,UniRef90_C3RAF2,1145,0.0151178255143,9,0.9271255060728745,1.2241154262591093e-05
VogtmannE_2016,2388,UniRef90_A0A0M1W7B1,1145,0.0151156700886,9,0.9271255060728745,1.2239408978623482e-05
VogtmannE_2016,2389,UniRef90_A6L011,1145,0.015099658936999999,9,0.9271255060728745,1.222644448340081e-05
VogtmannE_2016,2390,UniRef90_A0A076J0P7,1145,0.015086709809499999,9,0.9271255060728745,1.2215959359919027e-05
VogtmannE_2016,2391,UniRef90_A0A173XA66,1145,0.015081997604900001,9,0.9271255060728745,1.2212143809635628e-05
VogtmannE_2016,2392,UniRef90_A0A174M183,1145,0.014982598285600002,9,0.9271255060728745,1.2131658530850205e-05
VogtmannE_2016,2393,UniRef90_A0A0P0M1D2,1145,0.014971710227000001,9,0.9271255060728745,1.2122842289068826e-05
VogtmannE_2016,2394,UniRef90_A0A076IV90,1145,0.014949833720499999,9,0.9271255060728745,1.2105128518623481e-05
VogtmannE_2016,2395,UniRef90_A0A076ILK4,1145,0.0148519672759,9,0.9271255060728745,1.2025884433927126e-05
VogtmannE_2016,2396,UniRef90_A0A0K2HGY1,1145,0.014817312004000001,9,0.9271255060728745,1.1997823485020244e-05
VogtmannE_2016,2397,UniRef90_A0A076IZ47,1145,0.0147610278586,9,0.9271255060728745,1.1952249278218623e-05
VogtmannE_2016,2398,UniRef90_C6Z4I1,1145,0.0147372452412,9,0.9271255060728745,1.1932992098137653e-05
VogtmannE_2016,2399,UniRef90_U6RRN7,1145,0.0147100654127,9,0.9271255060728745,1.1910984139838058e-05
VogtmannE_2016,2400,UniRef90_U6R9D3,1145,0.014696224714,9,0.9271255060728745,1.1899777096356276e-05
VogtmannE_2016,2401,UniRef90_A0A076ITY4,1145,0.0146877375395,9,0.9271255060728745,1.18929048902834e-05
VogtmannE_2016,2402,UniRef90_A6KX96,1145,0.0146719868146,9,0.9271255060728745,1.1880151266882592e-05
VogtmannE_2016,2403,UniRef90_C3RCX1,1145,0.0146215782948,9,0.9271255060728745,1.1839334651659919e-05
VogtmannE_2016,2404,UniRef90_A0A076J0R4,1145,0.0146188164097,9,0.9271255060728745,1.1837098307449392e-05
VogtmannE_2016,2405,UniRef90_A0A076IQP9,1145,0.0145721803019,9,0.9271255060728745,1.1799336276842106e-05
VogtmannE_2016,2406,UniRef90_D4VAJ0,1145,0.014550978810999898,9,0.9271255060728745,1.178216907773271e-05
VogtmannE_2016,2407,UniRef90_C3RFD1,1145,0.0145047008528,9,0.9271255060728745,1.174469704680162e-05
VogtmannE_2016,2408,UniRef90_A0A076J5Z3,1145,0.0144619999159,9,0.9271255060728745,1.1710121389392712e-05
VogtmannE_2016,2409,UniRef90_C3RCN9,1145,0.0144360290813,9,0.9271255060728745,1.1689092373522266e-05
VogtmannE_2016,2410,UniRef90_A6L1P6,1145,0.0144284026049,9,0.9271255060728745,1.1682917088987854e-05
VogtmannE_2016,2411,UniRef90_A0A076J0X1,1145,0.0144238289368,9,0.9271255060728745,1.1679213714008097e-05
VogtmannE_2016,2412,UniRef90_A0A174KKF4,1145,0.0143177747884,9,0.9271255060728745,1.1593339909635627e-05
VogtmannE_2016,2413,UniRef90_A6KZV1,1145,0.014308342597300001,9,0.9271255060728745,1.1585702507935223e-05
VogtmannE_2016,2414,UniRef90_A0A076IWJ1,1145,0.0142561864859999,9,0.9271255060728745,1.1543470838866316e-05
VogtmannE_2016,2415,UniRef90_C6Z4N4,1145,0.014225538954,9,0.9271255060728745,1.1518655023481782e-05
VogtmannE_2016,2416,UniRef90_D1K6J6,1145,0.014074452503,9,0.9271255060728745,1.1396317816194332e-05
VogtmannE_2016,2417,UniRef90_A6KWL7,1145,0.0140331433191,9,0.9271255060728745,1.1362869084291497e-05
VogtmannE_2016,2418,UniRef90_A6L239,1145,0.0140200908425999,9,0.9271255060728745,1.1352300277408826e-05
VogtmannE_2016,2419,UniRef90_A0A076INQ7,1145,0.0139909559224,9,0.9271255060728745,1.1328709248906883e-05
VogtmannE_2016,2420,UniRef90_A0A0P0M3C9,1145,0.0139067369084,9,0.9271255060728745,1.1260515715303645e-05
VogtmannE_2016,2421,UniRef90_A0A076ILB2,1145,0.0138218617967999,9,0.9271255060728745,1.1191790928582916e-05
VogtmannE_2016,2422,UniRef90_A0A1Y3ZLJ2,1145,0.013800384962,9,0.9271255060728745,1.1174400778947368e-05
VogtmannE_2016,2423,UniRef90_A0A076J588,1145,0.01346522356,9,0.9271255060728745,1.090301502834008e-05
VogtmannE_2016,2424,UniRef90_A0A076J793,1145,0.0134604224021,9,0.9271255060728745,1.0899127451093118e-05
VogtmannE_2016,2425,UniRef90_D4JA60,1145,0.0132914498187,9,0.9271255060728745,1.0762307545506073e-05
VogtmannE_2016,2426,UniRef90_H1CH32,1145,0.013256472781,9,0.9271255060728745,1.0733986057489879e-05
VogtmannE_2016,2427,UniRef90_A0A0M1VZ43,1145,0.013123911574,9,0.9271255060728745,1.062664904777328e-05
VogtmannE_2016,2428,UniRef90_I8WCZ9,1145,0.0131165490569,9,0.9271255060728745,1.0620687495465588e-05
VogtmannE_2016,2429,UniRef90_U6RBZ2,1145,0.0130411106917,9,0.9271255060728745,1.0559603798947367e-05
VogtmannE_2016,2430,UniRef90_A0A076IQT6,1145,0.012939553053000001,9,0.9271255060728745,1.047737089311741e-05
VogtmannE_2016,2431,UniRef90_A0A076J5L2,1145,0.0129306253211,9,0.9271255060728745,1.0470141960404859e-05
VogtmannE_2016,2432,UniRef90_A0A2A7BB71,1145,0.0129127460077,9,0.9271255060728745,1.0455664783562753e-05
VogtmannE_2016,2433,UniRef90_A6L2M8,1145,0.0128848971749,9,0.9271255060728745,1.0433115121376519e-05
VogtmannE_2016,2434,UniRef90_I8W5V7,1145,0.0128045739674999,9,0.9271255060728745,1.0368076087044452e-05
VogtmannE_2016,2435,UniRef90_A0A2J4JLE3,1145,0.0127046273047999,9,0.9271255060728745,1.0287147615222592e-05
VogtmannE_2016,2436,UniRef90_A0A0K2HN45,1145,0.0125820976982,9,0.9271255060728745,1.0187933358866397e-05
VogtmannE_2016,2437,UniRef90_I8VLN7,1145,0.012516776403,9,0.9271255060728745,1.0135041621862348e-05
VogtmannE_2016,2438,UniRef90_A0A076J8B0,1145,0.0123374789102999,9,0.9271255060728745,9.989861465829878e-06
VogtmannE_2016,2439,UniRef90_C5ERC9,1145,0.0119435592107,9,0.9271255060728745,9.670898146315789e-06
VogtmannE_2016,2440,UniRef90_D4VDC5,1145,0.0118119767349,9,0.9271255060728745,9.564353631497976e-06
VogtmannE_2016,2441,UniRef90_A0A0P0M4W7,1145,0.0117804401976,9,0.9271255060728745,9.538817973765182e-06
VogtmannE_2016,2442,UniRef90_A6L4M4,1145,0.0115710462667,9,0.9271255060728745,9.36926823214575e-06
VogtmannE_2016,2443,UniRef90_G2T375,1145,0.0105107943344,9,0.9271255060728745,8.510764643238866e-06
VogtmannE_2016,2444,UniRef90_A0A174N765,1145,0.0102833808162,9,0.9271255060728745,8.326624142672064e-06
VogtmannE_2016,2445,UniRef90_A0A396FS59,1145,0.0090082655496,9,0.9271255060728745,7.294142145425101e-06
VogtmannE_2016,2446,UniRef90_A0A3E2UBK5,1145,0.007933810595,9,0.9271255060728745,6.424138133603239e-06
VogtmannE_2016,2447,UniRef90_A0A1Y4VQ01,1145,0.007054203674,9,0.9271255060728745,5.711905808906883e-06
VogtmannE_2016,2448,UniRef90_Q8AA27,1145,0.007020990917,9,0.9271255060728745,5.685012888259109e-06
VogtmannE_2016,2449,UniRef90_R5MMU2,1145,0.006612747742800001,9,0.9271255060728745,5.35445161360324e-06
VogtmannE_2016,2450,UniRef90_A0A0P0EPP4,1145,0.006569872932700001,9,0.9271255060728745,5.319735168178138e-06
VogtmannE_2016,2451,UniRef90_R5U8M7,1145,0.006565109792,9,0.9271255060728745,5.315878374089069e-06
VogtmannE_2016,2452,UniRef90_C9KYC3,1145,0.0063817769717000004,9,0.9271255060728745,5.16743074631579e-06
VogtmannE_2016,2453,UniRef90_A0A3E5HGG9,1145,0.0063034896102,9,0.9271255060728745,5.104040170202429e-06
VogtmannE_2016,2454,UniRef90_Q8A5G4,1145,0.0062942359743,9,0.9271255060728745,5.096547347611336e-06
VogtmannE_2016,2455,UniRef90_R6J8P1,1145,0.0062784782146,9,0.9271255060728745,5.083788028016194e-06
VogtmannE_2016,2456,UniRef90_Q8A1A0,1145,0.006218633156,9,0.9271255060728745,5.0353304906882585e-06
VogtmannE_2016,2457,UniRef90_R6SDV6,1145,0.0061499161669,9,0.9271255060728745,4.979689203967611e-06
VogtmannE_2016,2458,UniRef90_Q8A260,1145,0.0061423492371,9,0.9271255060728745,4.973562135303644e-06
VogtmannE_2016,2459,UniRef90_Q8A0V3,1145,0.0061356320335999,9,0.9271255060728745,4.968123104129474e-06
VogtmannE_2016,2460,UniRef90_R6JCC1,1145,0.0060356393663000005,9,0.9271255060728745,4.887157381619433e-06
VogtmannE_2016,2461,UniRef90_R6UV36,1145,0.0060322083219,9,0.9271255060728745,4.884379208016195e-06
VogtmannE_2016,2462,UniRef90_Q8A2A1,1145,0.0059872104594000004,9,0.9271255060728745,4.8479436918218625e-06
VogtmannE_2016,2463,UniRef90_B0NEZ3,1145,0.0059710870636998994,9,0.9271255060728745,4.834888310688178e-06
VogtmannE_2016,2464,UniRef90_R6J7T6,1145,0.005936012054,9,0.9271255060728745,4.806487493117409e-06
VogtmannE_2016,2465,UniRef90_R6BQV5,1145,0.0058316053462,9,0.9271255060728745,4.72194764874494e-06
VogtmannE_2016,2466,UniRef90_Q8AB53,1145,0.0055614666763000005,9,0.9271255060728745,4.503211883643725e-06
VogtmannE_2016,2467,UniRef90_R5C1U7,1145,0.0055414044293,9,0.9271255060728745,4.486967149230769e-06
VogtmannE_2016,2468,UniRef90_A0A174IDF9,1145,0.0054805872389,9,0.9271255060728745,4.437722460647773e-06
VogtmannE_2016,2469,UniRef90_A0A174UIJ5,1145,0.0053819132145000005,9,0.9271255060728745,4.357824465182187e-06
VogtmannE_2016,2470,UniRef90_A0A139KRU2,1145,0.0051837873575000006,9,0.9271255060728745,4.197398670040486e-06
VogtmannE_2016,2471,UniRef90_R6D7Z6,1145,0.0051121823174,9,0.9271255060728745,4.13941888048583e-06
VogtmannE_2016,2472,UniRef90_Q8A9B8,1145,0.0049042676428,9,0.9271255060728745,3.971066917246964e-06
VogtmannE_2016,2473,UniRef90_C0D874,1145,0.0041333309261,9,0.9271255060728745,3.3468266608097165e-06
VogtmannE_2016,2474,UniRef90_C5EW14,1145,0.0025454460358,9,0.9271255060728745,2.061089907530364e-06
VogtmannE_2016,2475,UniRef90_D4MRJ0,1145,0.0008394313816,9,0.9271255060728745,6.797015235627531e-07
VogtmannE_2016,2476,UniRef90_C4Z5E3,1144,0.056237549986,9,0.9263157894736842,4.553647772145749e-05
VogtmannE_2016,2477,UniRef90_A0A3E4TBP1,1144,0.032622683618,9,0.9263157894736842,2.6415128435627527e-05
VogtmannE_2016,2478,UniRef90_A0A3E2SXG9,1144,0.0246287716039,9,0.9263157894736842,1.994232518534413e-05
VogtmannE_2016,2479,UniRef90_U6RQI7,1144,0.023752554005,9,0.9263157894736842,1.9232837251012144e-05
VogtmannE_2016,2480,UniRef90_A0A174SXL5,1144,0.0210682123668,9,0.9263157894736842,1.7059281268663966e-05
VogtmannE_2016,2481,UniRef90_U6R7Y1,1144,0.021008449422999998,9,0.9263157894736842,1.701089022105263e-05
VogtmannE_2016,2482,UniRef90_D4VAF8,1144,0.019006262542900002,9,0.9263157894736842,1.5389686269554657e-05
VogtmannE_2016,2483,UniRef90_A0A0P0LLV2,1144,0.0188427738979,9,0.9263157894736842,1.5257306799919028e-05
VogtmannE_2016,2484,UniRef90_A6KZL8,1144,0.018680378516,9,0.9263157894736842,1.5125812563562754e-05
VogtmannE_2016,2485,UniRef90_A0A069SLM8,1144,0.0186256826519,9,0.9263157894736842,1.5081524414493928e-05
VogtmannE_2016,2486,UniRef90_A0A396BMU7,1144,0.0185314503203,9,0.9263157894736842,1.5005222931417004e-05
VogtmannE_2016,2487,UniRef90_D1K3L5,1144,0.0183291966995,9,0.9263157894736842,1.4841454817408906e-05
VogtmannE_2016,2488,UniRef90_U6RBY3,1144,0.018234938439,9,0.9263157894736842,1.4765132339271254e-05
VogtmannE_2016,2489,UniRef90_A0A0P0M0V8,1144,0.0182241867975,9,0.9263157894736842,1.4756426556680162e-05
VogtmannE_2016,2490,UniRef90_A0A076ISR6,1144,0.0181565181652,9,0.9263157894736842,1.4701634141862348e-05
VogtmannE_2016,2491,UniRef90_A0A395UW56,1144,0.017681178919,9,0.9263157894736842,1.4316744063967611e-05
VogtmannE_2016,2492,UniRef90_A0A076J0A5,1144,0.0176239383947,9,0.9263157894736842,1.4270395461295547e-05
VogtmannE_2016,2493,UniRef90_A0A076IJU7,1144,0.017467112376,9,0.9263157894736842,1.414341083076923e-05
VogtmannE_2016,2494,UniRef90_U6RSC0,1144,0.017399419619999898,9,0.9263157894736842,1.408859888259101e-05
VogtmannE_2016,2495,UniRef90_E5UQ30,1144,0.017374319473700002,9,0.9263157894736842,1.406827487748988e-05
VogtmannE_2016,2496,UniRef90_A0A076J0N4,1144,0.0172344125655,9,0.9263157894736842,1.3954989931578946e-05
VogtmannE_2016,2497,UniRef90_A0A076J3D4,1144,0.0172180673557,9,0.9263157894736842,1.394175494388664e-05
VogtmannE_2016,2498,UniRef90_A6L169,1144,0.017102827562,9,0.9263157894736842,1.3848443370040485e-05
VogtmannE_2016,2499,UniRef90_A0A076IHK2,1144,0.0167192954086999,9,0.9263157894736842,1.3537891019190202e-05
VogtmannE_2016,2500,UniRef90_A6KZT2,1144,0.0166949913722999,9,0.9263157894736842,1.3518211637489797e-05
VogtmannE_2016,2501,UniRef90_D4VA78,1144,0.0166690945356999,9,0.9263157894736842,1.3497242539028259e-05
VogtmannE_2016,2502,UniRef90_A0A0K2HG35,1144,0.016633161137000002,9,0.9263157894736842,1.3468146669635628e-05
VogtmannE_2016,2503,UniRef90_A0A076IXU4,1144,0.0164516511652,9,0.9263157894736842,1.3321175032550608e-05
VogtmannE_2016,2504,UniRef90_A0A076J5M4,1144,0.0164435448348,9,0.9263157894736842,1.3314611202267207e-05
VogtmannE_2016,2505,UniRef90_A0A174L9Z9,1144,0.016360710111,9,0.9263157894736842,1.3247538551417006e-05
VogtmannE_2016,2506,UniRef90_I9RBI9,1144,0.0163356451412,9,0.9263157894736842,1.322724302931174e-05
VogtmannE_2016,2507,UniRef90_A0A396CIN6,1144,0.0163344634785,9,0.9263157894736842,1.3226286217408908e-05
VogtmannE_2016,2508,UniRef90_A0A174BXN0,1144,0.016124273343499997,9,0.9263157894736842,1.3056091776113358e-05
VogtmannE_2016,2509,UniRef90_A6L070,1144,0.0161225553328,9,0.9263157894736842,1.3054700674331983e-05
VogtmannE_2016,2510,UniRef90_D1K6S8,1144,0.016074818432000003,9,0.9263157894736842,1.3016047313360326e-05
VogtmannE_2016,2511,UniRef90_D1K3M3,1144,0.016065749202399903,9,0.9263157894736842,1.3008703807611258e-05
VogtmannE_2016,2512,UniRef90_A0A0K2HIK9,1144,0.016006482711,9,0.9263157894736842,1.2960714745748989e-05
VogtmannE_2016,2513,UniRef90_A0A0N7J6V2,1144,0.0159623885569,9,0.9263157894736842,1.2925010977246963e-05
VogtmannE_2016,2514,UniRef90_A0A076IMM1,1144,0.0159310688291,9,0.9263157894736842,1.2899650873765183e-05
VogtmannE_2016,2515,UniRef90_A0A0P0L8N9,1144,0.0157877522142,9,0.9263157894736842,1.278360503174089e-05
VogtmannE_2016,2516,UniRef90_A0A0K2HH15,1144,0.0157415573086,9,0.9263157894736842,1.2746200249878541e-05
VogtmannE_2016,2517,UniRef90_A0A3E2TWW7,1144,0.0156644069702,9,0.9263157894736842,1.2683730340242914e-05
VogtmannE_2016,2518,UniRef90_A0A0K2HE35,1144,0.015607340511,9,0.9263157894736842,1.263752268097166e-05
VogtmannE_2016,2519,UniRef90_A6L1Z3,1144,0.0155982317121,9,0.9263157894736842,1.2630147135303644e-05
VogtmannE_2016,2520,UniRef90_A0A3E4JUF7,1144,0.0155876660767,9,0.9263157894736842,1.2621591964939271e-05
VogtmannE_2016,2521,UniRef90_A0A076J626,1144,0.0154455138118,9,0.9263157894736842,1.2506488916437247e-05
VogtmannE_2016,2522,UniRef90_A0A0K2HIR4,1144,0.015403128066299999,9,0.9263157894736842,1.247216847473684e-05
VogtmannE_2016,2523,UniRef90_A0A076J1C9,1144,0.0153294868606,9,0.9263157894736842,1.2412539968097166e-05
VogtmannE_2016,2524,UniRef90_I8VF16,1144,0.0153255969515,9,0.9263157894736842,1.2409390244129555e-05
VogtmannE_2016,2525,UniRef90_A0A078QXB4,1144,0.015322451012099999,9,0.9263157894736842,1.2406842924777327e-05
VogtmannE_2016,2526,UniRef90_D4V563,1144,0.015313963071000001,9,0.9263157894736842,1.239997009797571e-05
VogtmannE_2016,2527,UniRef90_A0A076J147,1144,0.015311040482400002,9,0.9263157894736842,1.2397603629473686e-05
VogtmannE_2016,2528,UniRef90_A6L3C5,1144,0.015305011617099998,9,0.9263157894736842,1.239272195716599e-05
VogtmannE_2016,2529,UniRef90_A0A076J3T7,1144,0.015270288760999999,9,0.9263157894736842,1.2364606284210526e-05
VogtmannE_2016,2530,UniRef90_A0A076IZX2,1144,0.015241076433000001,9,0.9263157894736842,1.2340952577327936e-05
VogtmannE_2016,2531,UniRef90_I9FHZ1,1144,0.015204542032000001,9,0.9263157894736842,1.2311370066396763e-05
VogtmannE_2016,2532,UniRef90_A6L2N4,1144,0.0151955946219,9,0.9263157894736842,1.2304125199919028e-05
VogtmannE_2016,2533,UniRef90_D4VAL2,1144,0.015185885284899999,9,0.9263157894736842,1.2296263388582995e-05
VogtmannE_2016,2534,UniRef90_A0A0K2HJ19,1144,0.0151649105738,9,0.9263157894736842,1.2279279816842107e-05
VogtmannE_2016,2535,UniRef90_A0A0P0LHQ9,1144,0.015147519102299901,9,0.9263157894736842,1.226519765368413e-05
VogtmannE_2016,2536,UniRef90_A6L7M5,1144,0.015101629876399899,9,0.9263157894736842,1.2228040385748906e-05
VogtmannE_2016,2537,UniRef90_A0A076J137,1144,0.015042602399799999,9,0.9263157894736842,1.218024485813765e-05
VogtmannE_2016,2538,UniRef90_A0A076IY48,1144,0.014971195332999902,9,0.9263157894736842,1.2122425370850123e-05
VogtmannE_2016,2539,UniRef90_A0A380ZGG4,1144,0.0149546724803,9,0.9263157894736842,1.2109046542753037e-05
VogtmannE_2016,2540,UniRef90_A0A076IIM7,1144,0.0149539329712,9,0.9263157894736842,1.2108447749959515e-05
VogtmannE_2016,2541,UniRef90_A0A396ATC5,1144,0.014912162059399998,9,0.9263157894736842,1.207462514931174e-05
VogtmannE_2016,2542,UniRef90_I9R1F7,1144,0.014899994471,9,0.9263157894736842,1.2064772851012146e-05
VogtmannE_2016,2543,UniRef90_A0A397WKW9,1144,0.0148797950452,9,0.9263157894736842,1.2048417040647772e-05
VogtmannE_2016,2544,UniRef90_A0A076J0P2,1144,0.0148609241634,9,0.9263157894736842,1.2033136974412955e-05
VogtmannE_2016,2545,UniRef90_A0A0M1VZA8,1144,0.0147839147004,9,0.9263157894736842,1.1970781133927126e-05
VogtmannE_2016,2546,UniRef90_D4V5T3,1144,0.0147806394692999,9,0.9263157894736842,1.196812912493919e-05
VogtmannE_2016,2547,UniRef90_A0A076JBD8,1144,0.014738910036199902,9,0.9263157894736842,1.1934340110283322e-05
VogtmannE_2016,2548,UniRef90_A6L3C0,1144,0.0145605544907,9,0.9263157894736842,1.1789922664534412e-05
VogtmannE_2016,2549,UniRef90_A0A076JC04,1144,0.01455737149,9,0.9263157894736842,1.178734533603239e-05
VogtmannE_2016,2550,UniRef90_A6KX92,1144,0.014552795612,9,0.9263157894736842,1.1783640171659919e-05
VogtmannE_2016,2551,UniRef90_U6REW2,1144,0.0144891556759,9,0.9263157894736842,1.173210985902834e-05
VogtmannE_2016,2552,UniRef90_A0A1Y3ZL52,1144,0.0144495262919,9,0.9263157894736842,1.1700021288987854e-05
VogtmannE_2016,2553,UniRef90_A0A076IME4,1144,0.014410453641,9,0.9263157894736842,1.1668383514979757e-05
VogtmannE_2016,2554,UniRef90_C3R9Z5,1144,0.0143750336281,9,0.9263157894736842,1.1639703342591093e-05
VogtmannE_2016,2555,UniRef90_A0A0M1W8W3,1144,0.0142617664226,9,0.9263157894736842,1.1547989006153847e-05
VogtmannE_2016,2556,UniRef90_D1K217,1144,0.014219938913,9,0.9263157894736842,1.1514120577327935e-05
VogtmannE_2016,2557,UniRef90_A0A0K2HDJ6,1144,0.014198788422599999,9,0.9263157894736842,1.149699467417004e-05
VogtmannE_2016,2558,UniRef90_C6Z9D8,1144,0.0141905792103,9,0.9263157894736842,1.1490347538704453e-05
VogtmannE_2016,2559,UniRef90_A0A0K2HE02,1144,0.0141582224128,9,0.9263157894736842,1.1464147702672066e-05
VogtmannE_2016,2560,UniRef90_V2YBM4,1144,0.014131835713799999,9,0.9263157894736842,1.1442781954493926e-05
VogtmannE_2016,2561,UniRef90_A0A1Y4PR89,1144,0.014103309166400001,9,0.9263157894736842,1.141968353554656e-05
VogtmannE_2016,2562,UniRef90_A0A076IXM6,1144,0.0139930725932,9,0.9263157894736842,1.1330423152388665e-05
VogtmannE_2016,2563,UniRef90_A0A076IS96,1144,0.013990520546,9,0.9263157894736842,1.1328356717408906e-05
VogtmannE_2016,2564,UniRef90_A0A1Q6JIG9,1144,0.013983542952299999,9,0.9263157894736842,1.132270684396761e-05
VogtmannE_2016,2565,UniRef90_A0A076IR94,1144,0.013952701245,9,0.9263157894736842,1.1297733801619434e-05
VogtmannE_2016,2566,UniRef90_R6FGQ9,1144,0.0137759725695,9,0.9263157894736842,1.115463365951417e-05
VogtmannE_2016,2567,UniRef90_A0A0P0M4J7,1144,0.0137178101539,9,0.9263157894736842,1.1107538586153847e-05
VogtmannE_2016,2568,UniRef90_A0A076IQX5,1144,0.0136672449384,9,0.9263157894736842,1.1066595091821863e-05
VogtmannE_2016,2569,UniRef90_I9QH96,1144,0.013646652616,9,0.9263157894736842,1.1049921146558704e-05
VogtmannE_2016,2570,UniRef90_A0A1Y3ZPT6,1144,0.0136369469625,9,0.9263157894736842,1.1042062317813765e-05
VogtmannE_2016,2571,UniRef90_A0A076IV00,1144,0.0135258816076,9,0.9263157894736842,1.0952130856356275e-05
VogtmannE_2016,2572,UniRef90_D4V3P6,1144,0.013481532465,9,0.9263157894736842,1.0916220619433197e-05
VogtmannE_2016,2573,UniRef90_A0A0P0M597,1144,0.013439159996700001,9,0.9263157894736842,1.0881910928502025e-05
VogtmannE_2016,2574,UniRef90_U6RCA1,1144,0.01329143016,9,0.9263157894736842,1.0762291627530363e-05
VogtmannE_2016,2575,UniRef90_A6KWS3,1144,0.013243849148400001,9,0.9263157894736842,1.072376449263158e-05
VogtmannE_2016,2576,UniRef90_A0A174SF86,1144,0.0130453913197,9,0.9263157894736842,1.0563069894493927e-05
VogtmannE_2016,2577,UniRef90_A0A139KDS5,1144,0.0128587149794,9,0.9263157894736842,1.0411914963076923e-05
VogtmannE_2016,2578,UniRef90_I9R7Z9,1144,0.012843194196,9,0.9263157894736842,1.0399347527125506e-05
VogtmannE_2016,2579,UniRef90_A0A076IPG1,1144,0.0127394644822,9,0.9263157894736842,1.0315355856032387e-05
VogtmannE_2016,2580,UniRef90_C7H2N7,1144,0.0126604974888,9,0.9263157894736842,1.025141497068826e-05
VogtmannE_2016,2581,UniRef90_A0A396ATB7,1144,0.0126154374825,9,0.9263157894736842,1.0214929135627531e-05
VogtmannE_2016,2582,UniRef90_C3R516,1144,0.0125701191731,9,0.9263157894736842,1.0178234148259109e-05
VogtmannE_2016,2583,UniRef90_A0A076INE6,1144,0.0124219536824,9,0.9263157894736842,1.0058262091012146e-05
VogtmannE_2016,2584,UniRef90_A0A076IQH5,1144,0.012237398846999899,9,0.9263157894736842,9.908824977327853e-06
VogtmannE_2016,2585,UniRef90_D4V6U7,1144,0.0120044208987,9,0.9263157894736842,9.72017886534413e-06
VogtmannE_2016,2586,UniRef90_I9R8R7,1144,0.0118432214116,9,0.9263157894736842,9.5896529648583e-06
VogtmannE_2016,2587,UniRef90_Q89ZR3,1144,0.0117993558964,9,0.9263157894736842,9.554134329068826e-06
VogtmannE_2016,2588,UniRef90_D1JY47,1144,0.0117811757935,9,0.9263157894736842,9.539413597975709e-06
VogtmannE_2016,2589,UniRef90_A0A174GYP3,1144,0.010942622220899999,9,0.9263157894736842,8.860422850931173e-06
VogtmannE_2016,2590,UniRef90_A0A396FFH9,1144,0.0103730947540999,9,0.9263157894736842,8.39926700736834e-06
VogtmannE_2016,2591,UniRef90_F3AAH7,1144,0.0102140165922,9,0.9263157894736842,8.270458779109312e-06
VogtmannE_2016,2592,UniRef90_U2R804,1144,0.0099758720923,9,0.9263157894736842,8.077629224534412e-06
VogtmannE_2016,2593,UniRef90_R7DCF9,1144,0.009156402354,9,0.9263157894736842,7.414090974898786e-06
VogtmannE_2016,2594,UniRef90_D4CI50,1144,0.0087766711259,9,0.9263157894736842,7.106616296275304e-06
VogtmannE_2016,2595,UniRef90_F3PKY2,1144,0.0083364467722,9,0.9263157894736842,6.750159329716599e-06
VogtmannE_2016,2596,UniRef90_C9KR75,1144,0.0078893763604,9,0.9263157894736842,6.3881589962753035e-06
VogtmannE_2016,2597,UniRef90_F7K2D4,1144,0.007850897003,9,0.9263157894736842,6.357001621862348e-06
VogtmannE_2016,2598,UniRef90_C6J9G1,1144,0.0075558193718,9,0.9263157894736842,6.11807236582996e-06
VogtmannE_2016,2599,UniRef90_A0A0N7IAX7,1144,0.0075137979536,9,0.9263157894736842,6.084046925991903e-06
VogtmannE_2016,2600,UniRef90_A0A1L5KWS6,1144,0.0072969548421000004,9,0.9263157894736842,5.908465459190284e-06
VogtmannE_2016,2601,UniRef90_R5UY19,1144,0.006782822943,9,0.9263157894736842,5.492164326315789e-06
VogtmannE_2016,2602,UniRef90_R5RSP5,1144,0.0067612718943,9,0.9263157894736842,5.474714084453441e-06
VogtmannE_2016,2603,UniRef90_A0A0P0FFT5,1144,0.0067199944393999,9,0.9263157894736842,5.441291044048502e-06
VogtmannE_2016,2604,UniRef90_R6J5D1,1144,0.0065955117358,9,0.9263157894736842,5.340495332631579e-06
VogtmannE_2016,2605,UniRef90_A7B4S8,1144,0.006508845763,9,0.9263157894736842,5.270320455870445e-06
VogtmannE_2016,2606,UniRef90_A0A174LZD1,1144,0.0064957691209,9,0.9263157894736842,5.259732081700405e-06
VogtmannE_2016,2607,UniRef90_D7IZR9,1144,0.0064558112448,9,0.9263157894736842,5.227377526153847e-06
VogtmannE_2016,2608,UniRef90_A0A139JZ01,1144,0.006321966295,9,0.9263157894736842,5.119001048582996e-06
VogtmannE_2016,2609,UniRef90_W4P588,1144,0.0062443331780999995,9,0.9263157894736842,5.056140225182186e-06
VogtmannE_2016,2610,UniRef90_A0A3D2LNR6,1144,0.0062054496304000005,9,0.9263157894736842,5.024655571174089e-06
VogtmannE_2016,2611,UniRef90_R6VG54,1144,0.006167987081,9,0.9263157894736842,4.994321523076923e-06
VogtmannE_2016,2612,UniRef90_A5ZBD6,1144,0.0060892816287,9,0.9263157894736842,4.930592411902834e-06
VogtmannE_2016,2613,UniRef90_A0A0P0FIE6,1144,0.006061178312,9,0.9263157894736842,4.907836689878543e-06
VogtmannE_2016,2614,UniRef90_A0A069D0E5,1144,0.0059958625525,9,0.9263157894736842,4.854949435222672e-06
VogtmannE_2016,2615,UniRef90_A7M5T6,1144,0.0059159210732,9,0.9263157894736842,4.790219492469636e-06
VogtmannE_2016,2616,UniRef90_A0A395W731,1144,0.0058345467793,9,0.9263157894736842,4.724329375951417e-06
VogtmannE_2016,2617,UniRef90_A5ZGB6,1144,0.0058226786983,9,0.9263157894736842,4.714719593765182e-06
VogtmannE_2016,2618,UniRef90_R6J4C8,1144,0.0057889221237,9,0.9263157894736842,4.687386334979757e-06
VogtmannE_2016,2619,UniRef90_Q8A120,1144,0.0056916948735,9,0.9263157894736842,4.608659816599191e-06
VogtmannE_2016,2620,UniRef90_D7K6U8,1144,0.0056553644388,9,0.9263157894736842,4.579242460566802e-06
VogtmannE_2016,2621,UniRef90_C9KVK2,1144,0.005474288312,9,0.9263157894736842,4.432622114979757e-06
VogtmannE_2016,2622,UniRef90_A0A173YQS4,1144,0.0054434282808,9,0.9263157894736842,4.407634235465587e-06
VogtmannE_2016,2623,UniRef90_A0A1Y4VV50,1144,0.0053730973592,9,0.9263157894736842,4.350686120809716e-06
VogtmannE_2016,2624,UniRef90_Q8A874,1144,0.0053443448089,9,0.9263157894736842,4.327404703562753e-06
VogtmannE_2016,2625,UniRef90_C7H719,1144,0.0051714347569,9,0.9263157894736842,4.187396564291498e-06
VogtmannE_2016,2626,UniRef90_R7KY52,1144,0.0050771847769,9,0.9263157894736842,4.111080791012146e-06
VogtmannE_2016,2627,UniRef90_R6DNC6,1144,0.0050270841849,9,0.9263157894736842,4.070513510040486e-06
VogtmannE_2016,2628,UniRef90_R6K519,1144,0.0049856408947,9,0.9263157894736842,4.036956190040486e-06
VogtmannE_2016,2629,UniRef90_A0A174RK11,1144,0.0048937779293,9,0.9263157894736842,3.962573222105263e-06
VogtmannE_2016,2630,UniRef90_A0A373B287,1144,0.0040402292672,9,0.9263157894736842,3.2714407021862348e-06
VogtmannE_2016,2631,UniRef90_B7ATA7,1144,0.0039013908935,9,0.9263157894736842,3.159020966396761e-06
VogtmannE_2016,2632,UniRef90_B0N9K7,1144,0.00357529721274,9,0.9263157894736842,2.8949775001943317e-06
VogtmannE_2016,2633,UniRef90_A0A330I026,1144,0.000566943724,9,0.9263157894736842,4.5906374412955465e-07
VogtmannE_2016,2634,UniRef90_A0A3B8UPW3,1144,0.0003689244226,9,0.9263157894736842,2.987242288259109e-07
VogtmannE_2016,2635,UniRef90_E6SNS4,1143,0.023283455692,9,0.9255060728744939,1.8853000560323886e-05
VogtmannE_2016,2636,UniRef90_A0A396AHV1,1143,0.022888141624699997,9,0.9255060728744939,1.853290819813765e-05
VogtmannE_2016,2637,UniRef90_A0A0P0LP13,1143,0.0217804254808,9,0.9255060728744939,1.763597204923077e-05
VogtmannE_2016,2638,UniRef90_D6CZF8,1143,0.020441757608699998,9,0.9255060728744939,1.655203045238866e-05
VogtmannE_2016,2639,UniRef90_A0A0M1W6F3,1143,0.0194037956063,9,0.9255060728744939,1.5711575389716602e-05
VogtmannE_2016,2640,UniRef90_D1PNI7,1143,0.019209105868899998,9,0.9255060728744939,1.555393187765182e-05
VogtmannE_2016,2641,UniRef90_A0A3E4HLD6,1143,0.018945477055,9,0.9255060728744939,1.5340467251012145e-05
VogtmannE_2016,2642,UniRef90_A0A076IP72,1143,0.018677619331,9,0.9255060728744939,1.5123578405668017e-05
VogtmannE_2016,2643,UniRef90_A0A0D8IZW9,1143,0.0180278619863,9,0.9255060728744939,1.4597459098218624e-05
VogtmannE_2016,2644,UniRef90_A0A397WDD1,1143,0.017604484431,9,0.9255060728744939,1.4254643263967611e-05
VogtmannE_2016,2645,UniRef90_A0A076IHG6,1143,0.0174132368776,9,0.9255060728744939,1.4099786945425103e-05
VogtmannE_2016,2646,UniRef90_A0A0P0M6D2,1143,0.0173992265159999,9,0.9255060728744939,1.4088442523076842e-05
VogtmannE_2016,2647,UniRef90_A0A076IYJ2,1143,0.017357599091,9,0.9255060728744939,1.4054736106072875e-05
VogtmannE_2016,2648,UniRef90_A0A174ME99,1143,0.017337117255,9,0.9255060728744939,1.403815162348178e-05
VogtmannE_2016,2649,UniRef90_A0A0K2HH56,1143,0.0173175858692,9,0.9255060728744939,1.4022336736194332e-05
VogtmannE_2016,2650,UniRef90_A6KZJ9,1143,0.0173087178409,9,0.9255060728744939,1.4015156146477733e-05
VogtmannE_2016,2651,UniRef90_A6KYS2,1143,0.017195007952,9,0.9255060728744939,1.3923083361943322e-05
VogtmannE_2016,2652,UniRef90_A0A1Q6JA31,1143,0.017029275978,9,0.9255060728744939,1.3788887431578947e-05
VogtmannE_2016,2653,UniRef90_A0A0P0LLI9,1143,0.0170149216357,9,0.9255060728744939,1.3777264482348176e-05
VogtmannE_2016,2654,UniRef90_A0A1Y4PS77,1143,0.0169940292844,9,0.9255060728744939,1.3760347598704454e-05
VogtmannE_2016,2655,UniRef90_A0A076INJ7,1143,0.0169097193427,9,0.9255060728744939,1.36920804394332e-05
VogtmannE_2016,2656,UniRef90_D4VC11,1143,0.0168352259672,9,0.9255060728744939,1.3631761916761134e-05
VogtmannE_2016,2657,UniRef90_A0A0M1W019,1143,0.0166823563159999,9,0.9255060728744939,1.3507980822671984e-05
VogtmannE_2016,2658,UniRef90_E5UPC0,1143,0.0166374215943999,9,0.9255060728744939,1.347159643271247e-05
VogtmannE_2016,2659,UniRef90_A0A076J0D7,1143,0.016590804669,9,0.9255060728744939,1.3433849934412955e-05
VogtmannE_2016,2660,UniRef90_A0A076INK8,1143,0.0165040309746,9,0.9255060728744939,1.336358783368421e-05
VogtmannE_2016,2661,UniRef90_A0A076IXE2,1143,0.0164292461549,9,0.9255060728744939,1.330303332380567e-05
VogtmannE_2016,2662,UniRef90_A0A0K2HE86,1143,0.0163932581447,9,0.9255060728744939,1.3273893234574898e-05
VogtmannE_2016,2663,UniRef90_A0A076J355,1143,0.0163732803855,9,0.9255060728744939,1.3257716911336033e-05
VogtmannE_2016,2664,UniRef90_A0A076IQP1,1143,0.016346027963000002,9,0.9255060728744939,1.3235650172469638e-05
VogtmannE_2016,2665,UniRef90_A0A076J770,1143,0.016046902666999898,9,0.9255060728744939,1.2993443455060646e-05
VogtmannE_2016,2666,UniRef90_C3RBU8,1143,0.0159650989297,9,0.9255060728744939,1.2927205611093118e-05
VogtmannE_2016,2667,UniRef90_A0A3E4JP05,1143,0.015946334824,9,0.9255060728744939,1.2912012003238866e-05
VogtmannE_2016,2668,UniRef90_A0A396B8R5,1143,0.015932334308,9,0.9255060728744939,1.2900675553036437e-05
VogtmannE_2016,2669,UniRef90_D1K3Q6,1143,0.0159224085395,9,0.9255060728744939,1.2892638493522266e-05
VogtmannE_2016,2670,UniRef90_A0A076IYC1,1143,0.0158752296669,9,0.9255060728744939,1.2854436977246965e-05
VogtmannE_2016,2671,UniRef90_A0A0N7J704,1143,0.015870950970399998,9,0.9255060728744939,1.2850972445668014e-05
VogtmannE_2016,2672,UniRef90_A0A076J5W2,1143,0.0158070333575,9,0.9255060728744939,1.2799217293522267e-05
VogtmannE_2016,2673,UniRef90_A0A076J6J3,1143,0.0157228578078,9,0.9255060728744939,1.273105895368421e-05
VogtmannE_2016,2674,UniRef90_B6VV56,1143,0.015710406164,9,0.9255060728744939,1.2720976651012146e-05
VogtmannE_2016,2675,UniRef90_A6KXG9,1143,0.015710019315999902,9,0.9255060728744939,1.2720663413765102e-05
VogtmannE_2016,2676,UniRef90_A0A076IRA3,1143,0.0157069859804,9,0.9255060728744939,1.2718207271578948e-05
VogtmannE_2016,2677,UniRef90_B6FM15,1143,0.0156276352193,9,0.9255060728744939,1.2653955643157893e-05
VogtmannE_2016,2678,UniRef90_A0A076ILN2,1143,0.01555408553,9,0.9255060728744939,1.2594401238866397e-05
VogtmannE_2016,2679,UniRef90_A0A0N7J804,1143,0.015546340188799902,9,0.9255060728744939,1.2588129707530285e-05
VogtmannE_2016,2680,UniRef90_A0A076J0P5,1143,0.015501657973,9,0.9255060728744939,1.2551949775708502e-05
VogtmannE_2016,2681,UniRef90_R7P1E3,1143,0.015413998116599999,9,0.9255060728744939,1.2480970134898785e-05
VogtmannE_2016,2682,UniRef90_A0A0K2HJD8,1143,0.015389626702799999,9,0.9255060728744939,1.246123619659919e-05
VogtmannE_2016,2683,UniRef90_A0A076IZD5,1143,0.015387661786,9,0.9255060728744939,1.2459645170850203e-05
VogtmannE_2016,2684,UniRef90_A0A0P0M6J9,1143,0.0153564368689,9,0.9255060728744939,1.2434361837165992e-05
VogtmannE_2016,2685,UniRef90_A6L6X1,1143,0.0153129337248,9,0.9255060728744939,1.2399136619271256e-05
VogtmannE_2016,2686,UniRef90_A0A397WLY9,1143,0.015300282835000002,9,0.9255060728744939,1.2388892983805669e-05
VogtmannE_2016,2687,UniRef90_B6W150,1143,0.015297249922900002,9,0.9255060728744939,1.2386437184534415e-05
VogtmannE_2016,2688,UniRef90_A0A076ISP7,1143,0.0152053671794,9,0.9255060728744939,1.231203820194332e-05
VogtmannE_2016,2689,UniRef90_A0A076J0Q9,1143,0.015202659486,9,0.9255060728744939,1.2309845737651822e-05
VogtmannE_2016,2690,UniRef90_A0A0M1W0Y9,1143,0.015196692995999999,9,0.9255060728744939,1.2305014571659919e-05
VogtmannE_2016,2691,UniRef90_C3RC30,1143,0.0151718803286,9,0.9255060728744939,1.228492334299595e-05
VogtmannE_2016,2692,UniRef90_A0A0K2HEQ9,1143,0.015140281988,9,0.9255060728744939,1.2259337642105263e-05
VogtmannE_2016,2693,UniRef90_A0A076IW64,1143,0.015092011881000001,9,0.9255060728744939,1.2220252535222673e-05
VogtmannE_2016,2694,UniRef90_A0A0P0LPT7,1143,0.015070318336200001,9,0.9255060728744939,1.2202686911902834e-05
VogtmannE_2016,2695,UniRef90_A0A0K2HFM8,1143,0.015054681601,9,0.9255060728744939,1.219002558785425e-05
VogtmannE_2016,2696,UniRef90_A0A076IZZ3,1143,0.015049550940999998,9,0.9255060728744939,1.2185871207287448e-05
VogtmannE_2016,2697,UniRef90_A6L030,1143,0.015044909402,9,0.9255060728744939,1.218211287611336e-05
VogtmannE_2016,2698,UniRef90_A0A076IWI5,1143,0.014893559074699999,9,0.9255060728744939,1.2059562003805666e-05
VogtmannE_2016,2699,UniRef90_R7NVI7,1143,0.0148631156,9,0.9255060728744939,1.203491141700405e-05
VogtmannE_2016,2700,UniRef90_A0A076IUD8,1143,0.0147459262191,9,0.9255060728744939,1.1940021230040486e-05
VogtmannE_2016,2701,UniRef90_C3RET8,1143,0.0147246255502,9,0.9255060728744939,1.1922773724858299e-05
VogtmannE_2016,2702,UniRef90_A6KYN3,1143,0.0146370469691,9,0.9255060728744939,1.1851859894008097e-05
VogtmannE_2016,2703,UniRef90_A0A076J1G9,1143,0.0146267589549,9,0.9255060728744939,1.1843529518137652e-05
VogtmannE_2016,2704,UniRef90_A0A076IWX0,1143,0.0145176421513,9,0.9255060728744939,1.1755175831012145e-05
VogtmannE_2016,2705,UniRef90_D1JZJ4,1143,0.014402774453,9,0.9255060728744939,1.1662165548987855e-05
VogtmannE_2016,2706,UniRef90_A0A1Y3ZE18,1143,0.0143526612732,9,0.9255060728744939,1.1621588075465587e-05
VogtmannE_2016,2707,UniRef90_A0A076J422,1143,0.0143032197727,9,0.9255060728744939,1.1581554471821863e-05
VogtmannE_2016,2708,UniRef90_I8WHI1,1143,0.014228678994,9,0.9255060728744939,1.1521197565991904e-05
VogtmannE_2016,2709,UniRef90_A0A396BD07,1143,0.0142266269853,9,0.9255060728744939,1.151953602048583e-05
VogtmannE_2016,2710,UniRef90_D4JMN8,1143,0.014218929402,9,0.9255060728744939,1.151330315951417e-05
VogtmannE_2016,2711,UniRef90_A0A0P0M0U6,1143,0.014216367555,9,0.9255060728744939,1.1511228789473685e-05
VogtmannE_2016,2712,UniRef90_K5DFH8,1143,0.014120817725,9,0.9255060728744939,1.1433860506072875e-05
VogtmannE_2016,2713,UniRef90_A0A174W463,1143,0.0141164957168,9,0.9255060728744939,1.1430360904291497e-05
VogtmannE_2016,2714,UniRef90_A0A3E5H8P0,1143,0.014106557755,9,0.9255060728744939,1.142231397165992e-05
VogtmannE_2016,2715,UniRef90_A0A0K2HIG2,1143,0.013960856940999999,9,0.9255060728744939,1.1304337604048582e-05
VogtmannE_2016,2716,UniRef90_A0A0M1W9N1,1143,0.0139391979943,9,0.9255060728744939,1.1286799995384616e-05
VogtmannE_2016,2717,UniRef90_A0A0K2HDL8,1143,0.0138417942017,9,0.9255060728744939,1.1207930527692307e-05
VogtmannE_2016,2718,UniRef90_A0A0M1VZR4,1143,0.0137728639258,9,0.9255060728744939,1.1152116539109312e-05
VogtmannE_2016,2719,UniRef90_A0A0K2HIG7,1143,0.013721078974400001,9,0.9255060728744939,1.111018540437247e-05
VogtmannE_2016,2720,UniRef90_A0A174NN75,1143,0.013688734871800001,9,0.9255060728744939,1.1083995847611338e-05
VogtmannE_2016,2721,UniRef90_A0A396FF80,1143,0.013596728021,9,0.9255060728744939,1.1009496373279352e-05
VogtmannE_2016,2722,UniRef90_A0A0P0M5A3,1143,0.0135966774394999,9,0.9255060728744939,1.1009455416599108e-05
VogtmannE_2016,2723,UniRef90_B6VVH6,1143,0.0135607289296,9,0.9255060728744939,1.0980347311417005e-05
VogtmannE_2016,2724,UniRef90_A0A076J3J8,1143,0.0135556855978,9,0.9255060728744939,1.097626364194332e-05
VogtmannE_2016,2725,UniRef90_A0A0M1VYI6,1143,0.013542435275,9,0.9255060728744939,1.096553463562753e-05
VogtmannE_2016,2726,UniRef90_A0A076IND8,1143,0.0134919863422,9,0.9255060728744939,1.0924685297327936e-05
VogtmannE_2016,2727,UniRef90_A0A076IUI7,1143,0.0134605388593,9,0.9255060728744939,1.0899221748421053e-05
VogtmannE_2016,2728,UniRef90_A0A076IQ71,1143,0.0133636892101,9,0.9255060728744939,1.0820800979838057e-05
VogtmannE_2016,2729,UniRef90_A0A397WMH6,1143,0.013309750876999999,9,0.9255060728744939,1.0777126216194331e-05
VogtmannE_2016,2730,UniRef90_I9R6K6,1143,0.0132659238496,9,0.9255060728744939,1.0741638744615384e-05
VogtmannE_2016,2731,UniRef90_A0A076IL88,1143,0.013264713531500001,9,0.9255060728744939,1.0740658729959515e-05
VogtmannE_2016,2732,UniRef90_R6B5N2,1143,0.0131177702932,9,0.9255060728744939,1.062167635076923e-05
VogtmannE_2016,2733,UniRef90_A0A0P0M2T2,1143,0.0130744806228,9,0.9255060728744939,1.0586623986072874e-05
VogtmannE_2016,2734,UniRef90_A0A396FAB6,1143,0.0130529918567,9,0.9255060728744939,1.0569224175465588e-05
VogtmannE_2016,2735,UniRef90_A0A396BJT2,1143,0.012962451931199999,9,0.9255060728744939,1.0495912494898785e-05
VogtmannE_2016,2736,UniRef90_A0A174TTD6,1143,0.012902439935199999,9,0.9255060728744939,1.0447319785587044e-05
VogtmannE_2016,2737,UniRef90_D1K3G9,1143,0.0129020604695,9,0.9255060728744939,1.044701252591093e-05
VogtmannE_2016,2738,UniRef90_A0A076INL3,1143,0.012861771378,9,0.9255060728744939,1.0414389779757086e-05
VogtmannE_2016,2739,UniRef90_C3R6I8,1143,0.0128446545769999,9,0.9255060728744939,1.0400530021862268e-05
VogtmannE_2016,2740,UniRef90_B6W1I5,1143,0.012786550842799999,9,0.9255060728744939,1.0353482463805668e-05
VogtmannE_2016,2741,UniRef90_A0A076IPR0,1143,0.0127138695448,9,0.9255060728744939,1.0294631210364372e-05
VogtmannE_2016,2742,UniRef90_A0A173XN64,1143,0.0126619173314,9,0.9255060728744939,1.0252564640809716e-05
VogtmannE_2016,2743,UniRef90_A6L5G7,1143,0.0125698307542,9,0.9255060728744939,1.017800061068826e-05
VogtmannE_2016,2744,UniRef90_A0A0P0M5U0,1143,0.012550511181,9,0.9255060728744939,1.0162357231578947e-05
VogtmannE_2016,2745,UniRef90_A0A015ZD93,1143,0.0125349840342,9,0.9255060728744939,1.0149784643076923e-05
VogtmannE_2016,2746,UniRef90_A0A0P0M4G2,1143,0.012424113378599999,9,0.9255060728744939,1.0060010832874493e-05
VogtmannE_2016,2747,UniRef90_D4V9H7,1143,0.0122923205018,9,0.9255060728744939,9.953295952874494e-06
VogtmannE_2016,2748,UniRef90_A0A0N7J7R7,1143,0.012278070053,9,0.9255060728744939,9.941757127935224e-06
VogtmannE_2016,2749,UniRef90_A0A076J5N3,1143,0.0122559608776,9,0.9255060728744939,9.923854961619433e-06
VogtmannE_2016,2750,UniRef90_H1B749,1143,0.0122065776832,9,0.9255060728744939,9.883868569392713e-06
VogtmannE_2016,2751,UniRef90_D4VCR9,1143,0.012206214469,9,0.9255060728744939,9.883574468825911e-06
VogtmannE_2016,2752,UniRef90_A0A076J5Q5,1143,0.012135268171,9,0.9255060728744939,9.82612807368421e-06
VogtmannE_2016,2753,UniRef90_A0A076J4J6,1143,0.0119191375186,9,0.9255060728744939,9.651123496842104e-06
VogtmannE_2016,2754,UniRef90_A0A3E4E7J9,1143,0.0118316744739,9,0.9255060728744939,9.580303217732792e-06
VogtmannE_2016,2755,UniRef90_S3YUW5,1143,0.0116370235426,9,0.9255060728744939,9.422691127611335e-06
VogtmannE_2016,2756,UniRef90_A0A174K6X2,1143,0.0114783054646,9,0.9255060728744939,9.294174465263159e-06
VogtmannE_2016,2757,UniRef90_B6VTE1,1143,0.0114576387412,9,0.9255060728744939,9.277440276275303e-06
VogtmannE_2016,2758,UniRef90_I8WNH5,1143,0.0112292051097,9,0.9255060728744939,9.092473773036438e-06
VogtmannE_2016,2759,UniRef90_A0A076IKX3,1143,0.0108288710582,9,0.9255060728744939,8.76831664631579e-06
VogtmannE_2016,2760,UniRef90_Q64YN3,1143,0.0105136320592,9,0.9255060728744939,8.51306239611336e-06
VogtmannE_2016,2761,UniRef90_A0A174L0U6,1143,0.01050789004,9,0.9255060728744939,8.508412987854251e-06
VogtmannE_2016,2762,UniRef90_A0A076J1X6,1143,0.009552378196000001,9,0.9255060728744939,7.734719187044535e-06
VogtmannE_2016,2763,UniRef90_C7H2R2,1143,0.009140875389,9,0.9255060728744939,7.4015185336032395e-06
VogtmannE_2016,2764,UniRef90_U2B939,1143,0.0090118120559,9,0.9255060728744939,7.297013810445343e-06
VogtmannE_2016,2765,UniRef90_A0A076IRS7,1143,0.0089880362932,9,0.9255060728744939,7.277762180728745e-06
VogtmannE_2016,2766,UniRef90_K6AKG6,1143,0.0089416145705,9,0.9255060728744939,7.240173741295547e-06
VogtmannE_2016,2767,UniRef90_A0A3E2B0H7,1143,0.008316715174,9,0.9255060728744939,6.734182327125506e-06
VogtmannE_2016,2768,UniRef90_A0A0N7IAY5,1143,0.0082116579885,9,0.9255060728744939,6.649115780161943e-06
VogtmannE_2016,2769,UniRef90_A0A0M6WTZ4,1143,0.0079724893345,9,0.9255060728744939,6.455456951012145e-06
VogtmannE_2016,2770,UniRef90_A0A374NNH8,1143,0.007227971683,9,0.9255060728744939,5.852608650202429e-06
VogtmannE_2016,2771,UniRef90_D6D691,1143,0.006945048715,9,0.9255060728744939,5.623521226720647e-06
VogtmannE_2016,2772,UniRef90_A0A1G8DID3,1143,0.006893940027000001,9,0.9255060728744939,5.582137673684211e-06
VogtmannE_2016,2773,UniRef90_Q8A3H9,1143,0.006699425373,9,0.9255060728744939,5.424635929554656e-06
VogtmannE_2016,2774,UniRef90_F7LC31,1143,0.0064683433505,9,0.9255060728744939,5.237524980161943e-06
VogtmannE_2016,2775,UniRef90_A0A0P0FCM3,1143,0.0063041120424,9,0.9255060728744939,5.10454416388664e-06
VogtmannE_2016,2776,UniRef90_C9KYU1,1143,0.0062646063868,9,0.9255060728744939,5.072555778785425e-06
VogtmannE_2016,2777,UniRef90_A0A0P0FSS5,1143,0.0061988076235000005,9,0.9255060728744939,5.019277427935223e-06
VogtmannE_2016,2778,UniRef90_A5ZK94,1143,0.0060828378642,9,0.9255060728744939,4.925374788825911e-06
VogtmannE_2016,2779,UniRef90_B5CST0,1143,0.0059288999574,9,0.9255060728744939,4.800728710445344e-06
VogtmannE_2016,2780,UniRef90_A0A0P0FB50,1143,0.0058745672241,9,0.9255060728744939,4.756734594412955e-06
VogtmannE_2016,2781,UniRef90_R6KAS7,1143,0.0056811992464,9,0.9255060728744939,4.600161333117409e-06
VogtmannE_2016,2782,UniRef90_R6US12,1143,0.0056033988028,9,0.9255060728744939,4.537165022510121e-06
VogtmannE_2016,2783,UniRef90_D6D111,1143,0.0055759618167,9,0.9255060728744939,4.5149488394331985e-06
VogtmannE_2016,2784,UniRef90_D6CXE1,1143,0.0055488596734,9,0.9255060728744939,4.493003784129555e-06
VogtmannE_2016,2785,UniRef90_Q8A878,1143,0.0055315120866,9,0.9255060728744939,4.4789571551417005e-06
VogtmannE_2016,2786,UniRef90_A0A1G8HGB8,1143,0.0054821885508,9,0.9255060728744939,4.439019069473684e-06
VogtmannE_2016,2787,UniRef90_R6J2G1,1143,0.0054566938207000005,9,0.9255060728744939,4.418375563319838e-06
VogtmannE_2016,2788,UniRef90_R7KXS5,1143,0.0054073733493,9,0.9255060728744939,4.378439958947369e-06
VogtmannE_2016,2789,UniRef90_R6V702,1143,0.0052209613071,9,0.9255060728744939,4.227499034089068e-06
VogtmannE_2016,2790,UniRef90_R6JP09,1143,0.0046408220325,9,0.9255060728744939,3.757750633603239e-06
VogtmannE_2016,2791,UniRef90_Q8A8D9,1143,0.0045956109412,9,0.9255060728744939,3.7211424625101213e-06
VogtmannE_2016,2792,UniRef90_R5UQ08,1143,0.0044618482924,9,0.9255060728744939,3.6128326254251013e-06
VogtmannE_2016,2793,UniRef90_N9ZZN8,1143,0.0014244995573,9,0.9255060728744939,1.1534409370850203e-06
VogtmannE_2016,2794,UniRef90_C4ZFG5,1142,0.24480676130739998,9,0.9246963562753037,0.00019822409822461536
VogtmannE_2016,2795,UniRef90_A6L064,1142,0.022672403812899998,9,0.9246963562753037,1.83582217108502e-05
VogtmannE_2016,2796,UniRef90_R7NWF7,1142,0.0215555540625,9,0.9246963562753037,1.7453889929149795e-05
VogtmannE_2016,2797,UniRef90_A0A2A7BB99,1142,0.0215430241477,9,0.9246963562753037,1.7443744249149796e-05
VogtmannE_2016,2798,UniRef90_A0A076J4A7,1142,0.0212147283474,9,0.9246963562753037,1.717791769020243e-05
VogtmannE_2016,2799,UniRef90_A0A069SL80,1142,0.0210534117158,9,0.9246963562753037,1.7047296935870445e-05
VogtmannE_2016,2800,UniRef90_U6RRE7,1142,0.0202254360781,9,0.9246963562753037,1.6376871318299596e-05
VogtmannE_2016,2801,UniRef90_A0A0P0LMZ4,1142,0.0196537893818,9,0.9246963562753037,1.59139994994332e-05
VogtmannE_2016,2802,UniRef90_A0A076J0A3,1142,0.019643372157,9,0.9246963562753037,1.590556449959514e-05
VogtmannE_2016,2803,UniRef90_R8W1C5,1142,0.018545553806499998,9,0.9246963562753037,1.5016642758299593e-05
VogtmannE_2016,2804,UniRef90_D4VAJ8,1142,0.018520181211,9,0.9246963562753037,1.4996098146558704e-05
VogtmannE_2016,2805,UniRef90_A0A076IZB5,1142,0.018070712444999998,9,0.9246963562753037,1.463215582591093e-05
VogtmannE_2016,2806,UniRef90_A0A076J1H5,1142,0.0180385944828,9,0.9246963562753037,1.4606149378785424e-05
VogtmannE_2016,2807,UniRef90_A6L028,1142,0.0177885020596,9,0.9246963562753037,1.4403645392388664e-05
VogtmannE_2016,2808,UniRef90_A0A396F6U5,1142,0.0176233563713,9,0.9246963562753037,1.4269924187287451e-05
VogtmannE_2016,2809,UniRef90_A0A0K2HFG2,1142,0.0175989178065,9,0.9246963562753037,1.4250135875708502e-05
VogtmannE_2016,2810,UniRef90_A0A076J096,1142,0.0172831135015,9,0.9246963562753037,1.399442388785425e-05
VogtmannE_2016,2811,UniRef90_I8VF80,1142,0.017090399457,9,0.9246963562753037,1.3838380127125507e-05
VogtmannE_2016,2812,UniRef90_A0A076J5J0,1142,0.016762001421,9,0.9246963562753037,1.3572470786234818e-05
VogtmannE_2016,2813,UniRef90_A0A0P0LCH8,1142,0.0166230311844,9,0.9246963562753037,1.3459944278866396e-05
VogtmannE_2016,2814,UniRef90_A0A139K4G6,1142,0.0164585473867,9,0.9246963562753037,1.3326759017570848e-05
VogtmannE_2016,2815,UniRef90_A0A174NEN4,1142,0.0164435152447,9,0.9246963562753037,1.3314587242672064e-05
VogtmannE_2016,2816,UniRef90_A0A0P0M1B5,1142,0.016310322059,9,0.9246963562753037,1.3206738509311742e-05
VogtmannE_2016,2817,UniRef90_D4LGY3,1142,0.016306372802,9,0.9246963562753037,1.3203540730364373e-05
VogtmannE_2016,2818,UniRef90_A6KXL8,1142,0.016297824139099998,9,0.9246963562753037,1.3196618736113359e-05
VogtmannE_2016,2819,UniRef90_A0A076J5W5,1142,0.0162576866457,9,0.9246963562753037,1.3164118741457491e-05
VogtmannE_2016,2820,UniRef90_I9FTZ4,1142,0.016190324320199997,9,0.9246963562753037,1.3109574348340078e-05
VogtmannE_2016,2821,UniRef90_A0A0K2HHI4,1142,0.0161703549919999,9,0.9246963562753037,1.3093404851821782e-05
VogtmannE_2016,2822,UniRef90_A0A076IU82,1142,0.016101889760099998,9,0.9246963562753037,1.303796741708502e-05
VogtmannE_2016,2823,UniRef90_A0A0P0L1W7,1142,0.0160903681760999,9,0.9246963562753037,1.3028638199271174e-05
VogtmannE_2016,2824,UniRef90_A0A076IZG2,1142,0.0160577965852,9,0.9246963562753037,1.300226444145749e-05
VogtmannE_2016,2825,UniRef90_A0A076IJP2,1142,0.0160105640031,9,0.9246963562753037,1.2964019435708503e-05
VogtmannE_2016,2826,UniRef90_A0A076J5U1,1142,0.0159407448601,9,0.9246963562753037,1.2907485716680162e-05
VogtmannE_2016,2827,UniRef90_D1KA78,1142,0.015880338949,9,0.9246963562753037,1.285857404777328e-05
VogtmannE_2016,2828,UniRef90_A6KXF7,1142,0.0157720325985,9,0.9246963562753037,1.2770876597975709e-05
VogtmannE_2016,2829,UniRef90_D4V8H5,1142,0.015739487509599998,9,0.9246963562753037,1.2744524299271254e-05
VogtmannE_2016,2830,UniRef90_A0A0P0M668,1142,0.015708771401099903,9,0.9246963562753037,1.2719652956356196e-05
VogtmannE_2016,2831,UniRef90_A6L0Y0,1142,0.0156832232470999,9,0.9246963562753037,1.2698966191983724e-05
VogtmannE_2016,2832,UniRef90_A0A0P0L4L9,1142,0.015584564559000001,9,0.9246963562753037,1.26190806145749e-05
VogtmannE_2016,2833,UniRef90_A0A076J005,1142,0.0155193796587,9,0.9246963562753037,1.2566299318785426e-05
VogtmannE_2016,2834,UniRef90_A0A3E5HCD5,1142,0.015478261403799999,9,0.9246963562753037,1.2533005185263157e-05
VogtmannE_2016,2835,UniRef90_A0A076J2P1,1142,0.015365255248999999,9,0.9246963562753037,1.244150222591093e-05
VogtmannE_2016,2836,UniRef90_A0A076ISY7,1142,0.0153409791497,9,0.9246963562753037,1.242184546534413e-05
VogtmannE_2016,2837,UniRef90_A0A1Y4PC68,1142,0.0153139016944,9,0.9246963562753037,1.2399920400323888e-05
VogtmannE_2016,2838,UniRef90_A0A076J0Q5,1142,0.0152932379897999,9,0.9246963562753037,1.238318865570842e-05
VogtmannE_2016,2839,UniRef90_A6KXB3,1142,0.0152778632875,9,0.9246963562753037,1.2370739504048583e-05
VogtmannE_2016,2840,UniRef90_A0A0M1W6U2,1142,0.015277211102000001,9,0.9246963562753037,1.2370211418623483e-05
VogtmannE_2016,2841,UniRef90_A0A380ZJI0,1142,0.015271275464,9,0.9246963562753037,1.2365405234008097e-05
VogtmannE_2016,2842,UniRef90_D4VAI3,1142,0.015204018516000001,9,0.9246963562753037,1.2310946166801621e-05
VogtmannE_2016,2843,UniRef90_I9R4C5,1142,0.015182058648900001,9,0.9246963562753037,1.2293164897894737e-05
VogtmannE_2016,2844,UniRef90_B0GA91,1142,0.01516389006,9,0.9246963562753037,1.2278453489878543e-05
VogtmannE_2016,2845,UniRef90_A0A174U119,1142,0.015135779319,9,0.9246963562753037,1.2255691756275304e-05
VogtmannE_2016,2846,UniRef90_A0A076J0P3,1142,0.015046892418,9,0.9246963562753037,1.218371855708502e-05
VogtmannE_2016,2847,UniRef90_A0A076IVD2,1142,0.015009301467999999,9,0.9246963562753037,1.2153280540890688e-05
VogtmannE_2016,2848,UniRef90_A0A0P0L5P9,1142,0.015001863988,9,0.9246963562753037,1.2147258289878542e-05
VogtmannE_2016,2849,UniRef90_A0A0P0M0P6,1142,0.014984475042999998,9,0.9246963562753037,1.2133178172469634e-05
VogtmannE_2016,2850,UniRef90_A0A0P0M5V5,1142,0.01491568783,9,0.9246963562753037,1.2077480024291498e-05
VogtmannE_2016,2851,UniRef90_A0A0K2HET7,1142,0.0149098109181,9,0.9246963562753037,1.2072721391174089e-05
VogtmannE_2016,2852,UniRef90_A0A174G281,1142,0.014896171134000002,9,0.9246963562753037,1.2061677031578949e-05
VogtmannE_2016,2853,UniRef90_A0A076J1L6,1142,0.014653522300399999,9,0.9246963562753037,1.1865200243238865e-05
VogtmannE_2016,2854,UniRef90_A0A174P3J6,1142,0.014639059486699899,9,0.9246963562753037,1.1853489462914897e-05
VogtmannE_2016,2855,UniRef90_A0A1Y3ZJY6,1142,0.014634516533,9,0.9246963562753037,1.1849810957894737e-05
VogtmannE_2016,2856,UniRef90_A0A1Q6JDM7,1142,0.0146102931549,9,0.9246963562753037,1.1830196886558704e-05
VogtmannE_2016,2857,UniRef90_C3RGN1,1142,0.01459864281,9,0.9246963562753037,1.1820763408906882e-05
VogtmannE_2016,2858,UniRef90_A0A076IXI4,1142,0.0145794907777,9,0.9246963562753037,1.1805255690445345e-05
VogtmannE_2016,2859,UniRef90_A6L2V6,1142,0.014558839088600001,9,0.9246963562753037,1.1788533674979759e-05
VogtmannE_2016,2860,UniRef90_D1K3C3,1142,0.0142847797409999,9,0.9246963562753037,1.1566623272064696e-05
VogtmannE_2016,2861,UniRef90_A6KXH6,1142,0.0142452122258,9,0.9246963562753037,1.1534584798218624e-05
VogtmannE_2016,2862,UniRef90_D1K6M2,1142,0.0142065383911,9,0.9246963562753037,1.1503269952307693e-05
VogtmannE_2016,2863,UniRef90_A0A076INV9,1142,0.0141928799813,9,0.9246963562753037,1.149221051117409e-05
VogtmannE_2016,2864,UniRef90_I9F0V9,1142,0.0141767020057,9,0.9246963562753037,1.1479110935789475e-05
VogtmannE_2016,2865,UniRef90_A0A076ITR7,1142,0.014123762861999999,9,0.9246963562753037,1.1436245232388663e-05
VogtmannE_2016,2866,UniRef90_A0A0P0M0N3,1142,0.0141050375158,9,0.9246963562753037,1.142108300874494e-05
VogtmannE_2016,2867,UniRef90_I8VKZ2,1142,0.0140743201765,9,0.9246963562753037,1.1396210669230769e-05
VogtmannE_2016,2868,UniRef90_U6RSA3,1142,0.014033908982999999,9,0.9246963562753037,1.1363489055060728e-05
VogtmannE_2016,2869,UniRef90_A0A1H7JIB2,1142,0.0139946242504,9,0.9246963562753037,1.1331679554979758e-05
VogtmannE_2016,2870,UniRef90_A0A0P0M1N4,1142,0.0139919876769999,9,0.9246963562753037,1.1329544677732712e-05
VogtmannE_2016,2871,UniRef90_A0A0N7J7Z4,1142,0.0139098807115,9,0.9246963562753037,1.12630613048583e-05
VogtmannE_2016,2872,UniRef90_A6KXH3,1142,0.0138959087971,9,0.9246963562753037,1.1251748013846155e-05
VogtmannE_2016,2873,UniRef90_D1K0L2,1142,0.0138472111437,9,0.9246963562753037,1.1212316715546559e-05
VogtmannE_2016,2874,UniRef90_A6L7J9,1142,0.01384534926,9,0.9246963562753037,1.1210809117408908e-05
VogtmannE_2016,2875,UniRef90_R6KF85,1142,0.0138301833338999,9,0.9246963562753037,1.1198529015303563e-05
VogtmannE_2016,2876,UniRef90_A0A397WIJ8,1142,0.013814531607,9,0.9246963562753037,1.118585555222672e-05
VogtmannE_2016,2877,UniRef90_D1K210,1142,0.013809358077,9,0.9246963562753037,1.1181666459109312e-05
VogtmannE_2016,2878,UniRef90_A0A076J1P1,1142,0.0137973591727,9,0.9246963562753037,1.1171950747125507e-05
VogtmannE_2016,2879,UniRef90_A0A076J0L0,1142,0.013792947505799999,9,0.9246963562753037,1.1168378547206477e-05
VogtmannE_2016,2880,UniRef90_C3R7A7,1142,0.013732342994800001,9,0.9246963562753037,1.1119306068663969e-05
VogtmannE_2016,2881,UniRef90_A0A3E4JRE0,1142,0.0137146769805,9,0.9246963562753037,1.1105001603643724e-05
VogtmannE_2016,2882,UniRef90_A0A174KD57,1142,0.0137146199752,9,0.9246963562753037,1.1104955445506072e-05
VogtmannE_2016,2883,UniRef90_U3KUV1,1142,0.013640544891,9,0.9246963562753037,1.1044975620242915e-05
VogtmannE_2016,2884,UniRef90_I9FSV4,1142,0.01360176204,9,0.9246963562753037,1.101357250202429e-05
VogtmannE_2016,2885,UniRef90_B6VVH5,1142,0.013548723924,9,0.9246963562753037,1.0970626659109312e-05
VogtmannE_2016,2886,UniRef90_A0A0P0M2S1,1142,0.0133271881155,9,0.9246963562753037,1.0791245437651823e-05
VogtmannE_2016,2887,UniRef90_B6VTH0,1142,0.013316615871,9,0.9246963562753037,1.0782684915789473e-05
VogtmannE_2016,2888,UniRef90_A0A0K2HNW9,1142,0.0133078606558,9,0.9246963562753037,1.077559567271255e-05
VogtmannE_2016,2889,UniRef90_Q64YL9,1142,0.013295732920000001,9,0.9246963562753037,1.0765775643724697e-05
VogtmannE_2016,2890,UniRef90_A0A0M1W022,1142,0.0132613067463,9,0.9246963562753037,1.0737900199433199e-05
VogtmannE_2016,2891,UniRef90_A6L313,1142,0.013259365617799999,9,0.9246963562753037,1.0736328435465587e-05
VogtmannE_2016,2892,UniRef90_A0A0K2HDD4,1142,0.0132144647103,9,0.9246963562753037,1.069997142534413e-05
VogtmannE_2016,2893,UniRef90_A0A076IYX7,1142,0.0131526302499,9,0.9246963562753037,1.0649903036356275e-05
VogtmannE_2016,2894,UniRef90_A0A174W8K2,1142,0.0130427077115,9,0.9246963562753037,1.0560896932388664e-05
VogtmannE_2016,2895,UniRef90_A0A396ALF5,1142,0.0130044154385,9,0.9246963562753037,1.0529891043319838e-05
VogtmannE_2016,2896,UniRef90_A0A174LCJ3,1142,0.012976097128,9,0.9246963562753037,1.0506961237246964e-05
VogtmannE_2016,2897,UniRef90_A0A0P0M550,1142,0.0129191095571,9,0.9246963562753037,1.04608174551417e-05
VogtmannE_2016,2898,UniRef90_A0A380ZJN2,1142,0.012807142362500001,9,0.9246963562753037,1.0370155759109313e-05
VogtmannE_2016,2899,UniRef90_D4V3D6,1142,0.0127948358836,9,0.9246963562753037,1.0360190998866397e-05
VogtmannE_2016,2900,UniRef90_A0A396EYV4,1142,0.0127925321050999,9,0.9246963562753037,1.0358325591174008e-05
VogtmannE_2016,2901,UniRef90_A0A076IP71,1142,0.0127902449985,9,0.9246963562753037,1.0356473682995951e-05
VogtmannE_2016,2902,UniRef90_D1K1H5,1142,0.012788950213,9,0.9246963562753037,1.035542527368421e-05
VogtmannE_2016,2903,UniRef90_I9Q8N6,1142,0.0127468454817,9,0.9246963562753037,1.0321332373846155e-05
VogtmannE_2016,2904,UniRef90_I8WT81,1142,0.0126151584871,9,0.9246963562753037,1.0214703228421053e-05
VogtmannE_2016,2905,UniRef90_A0A3E5H4U5,1142,0.012532233917700001,9,0.9246963562753037,1.0147557828097166e-05
VogtmannE_2016,2906,UniRef90_A0A076IYY0,1142,0.0125297368636,9,0.9246963562753037,1.014553592194332e-05
VogtmannE_2016,2907,UniRef90_A0A0K2HKE3,1142,0.0124473167275,9,0.9246963562753037,1.0078798969635627e-05
VogtmannE_2016,2908,UniRef90_A0A076IRM7,1142,0.0124200138024,9,0.9246963562753037,1.0056691337975707e-05
VogtmannE_2016,2909,UniRef90_R7P2H8,1142,0.0124027523905,9,0.9246963562753037,1.0042714486234818e-05
VogtmannE_2016,2910,UniRef90_U6RJB2,1142,0.012271610353499999,9,0.9246963562753037,9.936526602024291e-06
VogtmannE_2016,2911,UniRef90_I9R9Q1,1142,0.012266714200800001,9,0.9246963562753037,9.932562105910933e-06
VogtmannE_2016,2912,UniRef90_G2T378,1142,0.012254405849,9,0.9246963562753037,9.922595829149798e-06
VogtmannE_2016,2913,UniRef90_B7ARS6,1142,0.0122449120631,9,0.9246963562753037,9.914908553117408e-06
VogtmannE_2016,2914,UniRef90_D1JZ37,1142,0.0122053256111,9,0.9246963562753037,9.88285474582996e-06
VogtmannE_2016,2915,UniRef90_I9F7V4,1142,0.0122027765773,9,0.9246963562753037,9.880790750850203e-06
VogtmannE_2016,2916,UniRef90_U2R5B2,1142,0.0121103570557,9,0.9246963562753037,9.805957130121459e-06
VogtmannE_2016,2917,UniRef90_A6L5E7,1142,0.011882114639300001,9,0.9246963562753037,9.621145456923079e-06
VogtmannE_2016,2918,UniRef90_A0A174GXR6,1142,0.0117414909957,9,0.9246963562753037,9.507280158461538e-06
VogtmannE_2016,2919,UniRef90_A0A395US62,1142,0.0116549880197,9,0.9246963562753037,9.43723726291498e-06
VogtmannE_2016,2920,UniRef90_A0A1Y4PS38,1142,0.011653642108700001,9,0.9246963562753037,9.436147456437247e-06
VogtmannE_2016,2921,UniRef90_B6VU21,1142,0.01162064195,9,0.9246963562753037,9.409426680161944e-06
VogtmannE_2016,2922,UniRef90_A0A1Y4PMS5,1142,0.0115882358926,9,0.9246963562753037,9.38318695757085e-06
VogtmannE_2016,2923,UniRef90_A7VI75,1142,0.011578923279599999,9,0.9246963562753037,9.375646380242914e-06
VogtmannE_2016,2924,UniRef90_A0A1Y3ZI32,1142,0.0115259807433,9,0.9246963562753037,9.33277792979757e-06
VogtmannE_2016,2925,UniRef90_A0A1E3UBT2,1142,0.0113329893872,9,0.9246963562753037,9.176509625263158e-06
VogtmannE_2016,2926,UniRef90_A0A076J543,1142,0.0109648959244,9,0.9246963562753037,8.878458238380567e-06
VogtmannE_2016,2927,UniRef90_B6VSB1,1142,0.0107900798346,9,0.9246963562753037,8.736906748663968e-06
VogtmannE_2016,2928,UniRef90_A0A076J404,1142,0.010767506191,9,0.9246963562753037,8.718628494736842e-06
VogtmannE_2016,2929,UniRef90_A0A0M1W1V6,1142,0.010721196891799999,9,0.9246963562753037,8.681131086477733e-06
VogtmannE_2016,2930,UniRef90_A0A0K6BWG7,1142,0.0103316458761,9,0.9246963562753037,8.365705162834009e-06
VogtmannE_2016,2931,UniRef90_A6L5D2,1142,0.0103313327757,9,0.9246963562753037,8.365451640242915e-06
VogtmannE_2016,2932,UniRef90_D1K8S2,1142,0.0099446074271,9,0.9246963562753037,8.052313706153846e-06
VogtmannE_2016,2933,UniRef90_A0A069S4Z5,1142,0.0092487341783,9,0.9246963562753037,7.488853585668016e-06
VogtmannE_2016,2934,UniRef90_U2QWF3,1142,0.009227519845699899,9,0.9246963562753037,7.471675988420971e-06
VogtmannE_2016,2935,UniRef90_R6H258,1142,0.0085813174176,9,0.9246963562753037,6.948435155951416e-06
VogtmannE_2016,2936,UniRef90_R6J2H3,1142,0.0075302717879,9,0.9246963562753037,6.0973860630769235e-06
VogtmannE_2016,2937,UniRef90_R6DPA8,1142,0.0069306277511,9,0.9246963562753037,5.611844332874493e-06
VogtmannE_2016,2938,UniRef90_U2E0C4,1142,0.0068899504042000004,9,0.9246963562753037,5.578907209878543e-06
VogtmannE_2016,2939,UniRef90_Q8A9S4,1142,0.006595888023,9,0.9246963562753037,5.340800018623482e-06
VogtmannE_2016,2940,UniRef90_A0A1G8H0C8,1142,0.0065116494412,9,0.9246963562753037,5.272590640647773e-06
VogtmannE_2016,2941,UniRef90_A0A139LB70,1142,0.0064024489094000004,9,0.9246963562753037,5.184169157408907e-06
VogtmannE_2016,2942,UniRef90_A0A173U5W5,1142,0.0063575716005,9,0.9246963562753037,5.1478312554655865e-06
VogtmannE_2016,2943,UniRef90_K5CB73,1142,0.0063471371126,9,0.9246963562753037,5.139382277408906e-06
VogtmannE_2016,2944,UniRef90_A0A139K1U4,1142,0.0063419970191,9,0.9246963562753037,5.135220258380567e-06
VogtmannE_2016,2945,UniRef90_C6IJN2,1142,0.0061059892167,9,0.9246963562753037,4.944120823238866e-06
VogtmannE_2016,2946,UniRef90_A0A0P0F5A8,1142,0.0059674848346999996,9,0.9246963562753037,4.831971526072874e-06
VogtmannE_2016,2947,UniRef90_R6JDG8,1142,0.0059287044075,9,0.9246963562753037,4.800570370445344e-06
VogtmannE_2016,2948,UniRef90_C3QSV5,1142,0.0059112223113,9,0.9246963562753037,4.786414826963563e-06
VogtmannE_2016,2949,UniRef90_R6RT43,1142,0.0058882963088,9,0.9246963562753037,4.767851262186235e-06
VogtmannE_2016,2950,UniRef90_Q8A018,1142,0.005886145400100001,9,0.9246963562753037,4.766109635708503e-06
VogtmannE_2016,2951,UniRef90_A7M4T4,1142,0.0058740941418,9,0.9246963562753037,4.756351531821863e-06
VogtmannE_2016,2952,UniRef90_A0A0P0FC22,1142,0.0057931491871999995,9,0.9246963562753037,4.690809058461538e-06
VogtmannE_2016,2953,UniRef90_A5ZKA2,1142,0.0057119839230000006,9,0.9246963562753037,4.6250881967611344e-06
VogtmannE_2016,2954,UniRef90_A0A173UDN6,1142,0.0055637116914,9,0.9246963562753037,4.505029709635627e-06
VogtmannE_2016,2955,UniRef90_A0A1Q6HDL7,1142,0.0054349954719,9,0.9246963562753037,4.400806050121457e-06
VogtmannE_2016,2956,UniRef90_A0A395VPC1,1142,0.005392926424,9,0.9246963562753037,4.366742043724696e-06
VogtmannE_2016,2957,UniRef90_I8YC47,1142,0.0053635272167,9,0.9246963562753037,4.34293701757085e-06
VogtmannE_2016,2958,UniRef90_R6DCF0,1142,0.0053321088104,9,0.9246963562753037,4.317497012469636e-06
VogtmannE_2016,2959,UniRef90_E5CFD6,1142,0.0052902393319,9,0.9246963562753037,4.283594600728745e-06
VogtmannE_2016,2960,UniRef90_Q8A9P4,1142,0.0052704586869,9,0.9246963562753037,4.267577884129555e-06
VogtmannE_2016,2961,UniRef90_R6JHH8,1142,0.0050815686899,9,0.9246963562753037,4.114630518137652e-06
VogtmannE_2016,2962,UniRef90_A0A1G8E5E6,1142,0.0049227726946,9,0.9246963562753037,3.9860507648583e-06
VogtmannE_2016,2963,UniRef90_R6RU84,1142,0.0048657881694,9,0.9246963562753037,3.939909448906883e-06
VogtmannE_2016,2964,UniRef90_A5ZUN9,1142,0.0048502055428,9,0.9246963562753037,3.9272919374898785e-06
VogtmannE_2016,2965,UniRef90_A0A0K0YN19,1142,0.00322734901506,9,0.9246963562753037,2.613238068874494e-06
VogtmannE_2016,2966,UniRef90_T5RX12,1142,0.0022726760134000002,9,0.9246963562753037,1.8402234926315792e-06
VogtmannE_2016,2967,UniRef90_A0A174AR61,1141,0.036065524737,9,0.9238866396761134,2.9202854038056677e-05
VogtmannE_2016,2968,UniRef90_U6RAZ3,1141,0.027006370073100004,9,0.9238866396761134,2.186750613206478e-05
VogtmannE_2016,2969,UniRef90_C7H716,1141,0.024827045936499998,9,0.9238866396761134,2.0102871203643723e-05
VogtmannE_2016,2970,UniRef90_A0A0M1W8Y4,1141,0.0228761985107,9,0.9238866396761134,1.852323766048583e-05
VogtmannE_2016,2971,UniRef90_UPI0009E190BF,1141,0.020527243974600002,9,0.9238866396761134,1.662125018186235e-05
VogtmannE_2016,2972,UniRef90_A0A076J199,1141,0.0193500675982,9,0.9238866396761134,1.5668070929716598e-05
VogtmannE_2016,2973,UniRef90_A6KZR2,1141,0.0193019939358,9,0.9238866396761134,1.562914488728745e-05
VogtmannE_2016,2974,UniRef90_A0A3E2UKI3,1141,0.0191417053826,9,0.9238866396761134,1.5499356585101214e-05
VogtmannE_2016,2975,UniRef90_E2ZNI5,1141,0.0187457965202,9,0.9238866396761134,1.5178782607449392e-05
VogtmannE_2016,2976,UniRef90_A0A0K2HGJ5,1141,0.0187373968038,9,0.9238866396761134,1.517198121765182e-05
VogtmannE_2016,2977,UniRef90_I8WCF1,1141,0.0185524794199,9,0.9238866396761134,1.502225054242915e-05
VogtmannE_2016,2978,UniRef90_A0A0K2HIA2,1141,0.01843153984,9,0.9238866396761134,1.4924323757085021e-05
VogtmannE_2016,2979,UniRef90_A0A076J323,1141,0.017892139192999902,9,0.9238866396761134,1.4487562099595062e-05
VogtmannE_2016,2980,UniRef90_A0A0P0LGR6,1141,0.017880093564699998,9,0.9238866396761134,1.4477808554412955e-05
VogtmannE_2016,2981,UniRef90_U6RDY1,1141,0.017738375779,9,0.9238866396761134,1.4363057310931174e-05
VogtmannE_2016,2982,UniRef90_A0A0M1VZJ5,1141,0.0175115658215,9,0.9238866396761134,1.4179405523481781e-05
VogtmannE_2016,2983,UniRef90_D4VAB7,1141,0.017493931037,9,0.9238866396761134,1.4165126345748988e-05
VogtmannE_2016,2984,UniRef90_D1K3N9,1141,0.0174069742624,9,0.9238866396761134,1.409471600194332e-05
VogtmannE_2016,2985,UniRef90_A0A0K2HHR7,1141,0.0173743433967,9,0.9238866396761134,1.4068294248340081e-05
VogtmannE_2016,2986,UniRef90_A0A0K2HGU4,1141,0.017247025409,9,0.9238866396761134,1.3965202760323887e-05
VogtmannE_2016,2987,UniRef90_A0A076IY21,1141,0.017235807224199998,9,0.9238866396761134,1.395611920987854e-05
VogtmannE_2016,2988,UniRef90_B6VXN1,1141,0.0172327285285,9,0.9238866396761134,1.3953626338866397e-05
VogtmannE_2016,2989,UniRef90_B6VXQ9,1141,0.017020659574,9,0.9238866396761134,1.3781910586234818e-05
VogtmannE_2016,2990,UniRef90_W6PAK5,1141,0.017020272315,9,0.9238866396761134,1.3781597016194334e-05
VogtmannE_2016,2991,UniRef90_C3RCP9,1141,0.0169300888452,9,0.9238866396761134,1.3708573963724696e-05
VogtmannE_2016,2992,UniRef90_D4V5U2,1141,0.016927600257299998,9,0.9238866396761134,1.3706558912793521e-05
VogtmannE_2016,2993,UniRef90_A0A0P0L9V7,1141,0.0168249797117,9,0.9238866396761134,1.362346535360324e-05
VogtmannE_2016,2994,UniRef90_A0A076IV02,1141,0.016755853448,9,0.9238866396761134,1.3567492670445343e-05
VogtmannE_2016,2995,UniRef90_A0A0K2HI27,1141,0.016601218409,9,0.9238866396761134,1.3442282112550608e-05
VogtmannE_2016,2996,UniRef90_R7NWM3,1141,0.016545705593,9,0.9238866396761134,1.3397332463967612e-05
VogtmannE_2016,2997,UniRef90_A0A076J0T5,1141,0.0165359865043,9,0.9238866396761134,1.338946275651822e-05
VogtmannE_2016,2998,UniRef90_A6L1J0,1141,0.0164282018749,9,0.9238866396761134,1.3302187752955465e-05
VogtmannE_2016,2999,UniRef90_A0A3F3K7G2,1141,0.016399267024399998,9,0.9238866396761134,1.3278758724210525e-05
VogtmannE_2016,3000,UniRef90_A0A076INL4,1141,0.016387460392,9,0.9238866396761134,1.3269198697975709e-05
VogtmannE_2016,3001,UniRef90_A0A076J2S9,1141,0.0161986918383,9,0.9238866396761134,1.3116349666639676e-05
VogtmannE_2016,3002,UniRef90_A6KY05,1141,0.0161445080642,9,0.9238866396761134,1.3072476165344131e-05
VogtmannE_2016,3003,UniRef90_U6RE60,1141,0.0160970908034,9,0.9238866396761134,1.3034081622186236e-05
VogtmannE_2016,3004,UniRef90_A0A076IH76,1141,0.0160628793232,9,0.9238866396761134,1.3006380018785426e-05
VogtmannE_2016,3005,UniRef90_A0A0K2HH52,1141,0.0160461512759999,9,0.9238866396761134,1.2992835041295466e-05
VogtmannE_2016,3006,UniRef90_A0A0P0LHJ6,1141,0.0160169944499,9,0.9238866396761134,1.296922627522267e-05
VogtmannE_2016,3007,UniRef90_A0A076IX63,1141,0.015995966543300003,9,0.9238866396761134,1.2952199630202432e-05
VogtmannE_2016,3008,UniRef90_C3RAI3,1141,0.0157911552828,9,0.9238866396761134,1.2786360552874494e-05
VogtmannE_2016,3009,UniRef90_A6L0S5,1141,0.015786136697000002,9,0.9238866396761134,1.2782296920647775e-05
VogtmannE_2016,3010,UniRef90_A0A0P0L3R3,1141,0.015718823458,9,0.9238866396761134,1.272779227368421e-05
VogtmannE_2016,3011,UniRef90_A0A0P0M5G4,1141,0.015686569572500003,9,0.9238866396761134,1.2701675767206481e-05
VogtmannE_2016,3012,UniRef90_A0A076J279,1141,0.0156730157907,9,0.9238866396761134,1.2690701045101214e-05
VogtmannE_2016,3013,UniRef90_A0A076IZW3,1141,0.015665896559,9,0.9238866396761134,1.2684936485020244e-05
VogtmannE_2016,3014,UniRef90_B6W5B3,1141,0.0156235208117,9,0.9238866396761134,1.265062413902834e-05
VogtmannE_2016,3015,UniRef90_C3R9T7,1141,0.015469221844999999,9,0.9238866396761134,1.252568570445344e-05
VogtmannE_2016,3016,UniRef90_A0A1Y4PG73,1141,0.015433768407899999,9,0.9238866396761134,1.2496978467935223e-05
VogtmannE_2016,3017,UniRef90_A0A076IZT0,1141,0.015332067825999999,9,0.9238866396761134,1.2414629818623482e-05
VogtmannE_2016,3018,UniRef90_C3RE95,1141,0.015331472249000002,9,0.9238866396761134,1.2414147570040487e-05
VogtmannE_2016,3019,UniRef90_A6L1K4,1141,0.015312480609599999,9,0.9238866396761134,1.2398769724372469e-05
VogtmannE_2016,3020,UniRef90_A0A0K2HGQ5,1141,0.0152755106203,9,0.9238866396761134,1.2368834510364372e-05
VogtmannE_2016,3021,UniRef90_D4V697,1141,0.0152732485541999,9,0.9238866396761134,1.2367002877894655e-05
VogtmannE_2016,3022,UniRef90_C0BCA8,1141,0.0151728472429,9,0.9238866396761134,1.2285706269554656e-05
VogtmannE_2016,3023,UniRef90_A0A076J094,1141,0.015120474973,9,0.9238866396761134,1.2243299573279352e-05
VogtmannE_2016,3024,UniRef90_A0A0K2HF93,1141,0.0150916225428,9,0.9238866396761134,1.2219937281619433e-05
VogtmannE_2016,3025,UniRef90_A0A076IZZ7,1141,0.0150706959532,9,0.9238866396761134,1.220299267465587e-05
VogtmannE_2016,3026,UniRef90_A0A0P0M0Y1,1141,0.014942608262,9,0.9238866396761134,1.2099277944939271e-05
VogtmannE_2016,3027,UniRef90_A6KXB4,1141,0.014937851219,9,0.9238866396761134,1.2095426088259109e-05
VogtmannE_2016,3028,UniRef90_A0A0P0M5P7,1141,0.0149228773656,9,0.9238866396761134,1.2083301510607288e-05
VogtmannE_2016,3029,UniRef90_A0A0M1W0Z2,1141,0.0149156024462,9,0.9238866396761134,1.2077410887611336e-05
VogtmannE_2016,3030,UniRef90_R6KLQ9,1141,0.0148725397499,9,0.9238866396761134,1.2042542307611336e-05
VogtmannE_2016,3031,UniRef90_A0A0P0M2V7,1141,0.014861644831,9,0.9238866396761134,1.2033720510931174e-05
VogtmannE_2016,3032,UniRef90_I8VUT9,1141,0.014814388190499999,9,0.9238866396761134,1.1995456024696355e-05
VogtmannE_2016,3033,UniRef90_D1K6D2,1141,0.014814236374499998,9,0.9238866396761134,1.1995333096761133e-05
VogtmannE_2016,3034,UniRef90_A6L6X0,1141,0.014786027484,9,0.9238866396761134,1.1972491889878543e-05
VogtmannE_2016,3035,UniRef90_A6L3K7,1141,0.0147592594737,9,0.9238866396761134,1.1950817387611336e-05
VogtmannE_2016,3036,UniRef90_U6RNF0,1141,0.014744689183,9,0.9238866396761134,1.1939019581376519e-05
VogtmannE_2016,3037,UniRef90_A0A076J3A1,1141,0.0147215415136,9,0.9238866396761134,1.1920276529230769e-05
VogtmannE_2016,3038,UniRef90_A0A076J490,1141,0.0147075389638,9,0.9238866396761134,1.1908938432226721e-05
VogtmannE_2016,3039,UniRef90_A0A1Y4PN26,1141,0.014662183639,9,0.9238866396761134,1.1872213472874493e-05
VogtmannE_2016,3040,UniRef90_A0A076IYL7,1141,0.014617779345,9,0.9238866396761134,1.1836258578947369e-05
VogtmannE_2016,3041,UniRef90_A0A0K2HIZ8,1141,0.014567479869999999,9,0.9238866396761134,1.1795530259109311e-05
VogtmannE_2016,3042,UniRef90_A0A395V8Q2,1141,0.0145122194942,9,0.9238866396761134,1.175078501554656e-05
VogtmannE_2016,3043,UniRef90_A0A396F791,1141,0.014493132739099999,9,0.9238866396761134,1.1735330153117409e-05
VogtmannE_2016,3044,UniRef90_D1K7E8,1141,0.014440490563000001,9,0.9238866396761134,1.1692704909311741e-05
VogtmannE_2016,3045,UniRef90_A0A0M1W7K5,1141,0.0143986458902999,9,0.9238866396761134,1.1658822583238786e-05
VogtmannE_2016,3046,UniRef90_I9G0G1,1141,0.0143534981505,9,0.9238866396761134,1.1622265708906883e-05
VogtmannE_2016,3047,UniRef90_A0A0P0L8B7,1141,0.0142956735908,9,0.9238866396761134,1.1575444203076923e-05
VogtmannE_2016,3048,UniRef90_A0A0K2HLL0,1141,0.0142284390972,9,0.9238866396761134,1.152100331757085e-05
VogtmannE_2016,3049,UniRef90_A0A0P0M3X3,1141,0.0142045714568,9,0.9238866396761134,1.1501677292955465e-05
VogtmannE_2016,3050,UniRef90_D4VCP4,1141,0.0141597402353,9,0.9238866396761134,1.146537670874494e-05
VogtmannE_2016,3051,UniRef90_A0A3E5DY27,1141,0.0141151104339,9,0.9238866396761134,1.1429239217732793e-05
VogtmannE_2016,3052,UniRef90_A0A076IWR4,1141,0.0141149843572,9,0.9238866396761134,1.1429137131336031e-05
VogtmannE_2016,3053,UniRef90_C3RAC5,1141,0.0141098178187,9,0.9238866396761134,1.1424953699352227e-05
VogtmannE_2016,3054,UniRef90_I9QFA9,1141,0.014038388292200001,9,0.9238866396761134,1.1367116026072876e-05
VogtmannE_2016,3055,UniRef90_A0A076IZ80,1141,0.0140180346287,9,0.9238866396761134,1.1350635326882591e-05
VogtmannE_2016,3056,UniRef90_A0A174WM95,1141,0.013980238172,9,0.9238866396761134,1.1320030908502024e-05
VogtmannE_2016,3057,UniRef90_A0A0P0M242,1141,0.013924831112,9,0.9238866396761134,1.1275166892307692e-05
VogtmannE_2016,3058,UniRef90_A0A0K2HKE1,1141,0.0139201682267,9,0.9238866396761134,1.1271391276680162e-05
VogtmannE_2016,3059,UniRef90_A0A3E5FA08,1141,0.013872900422300001,9,0.9238866396761134,1.1233117750850204e-05
VogtmannE_2016,3060,UniRef90_A0A173VHU5,1141,0.013857520031,9,0.9238866396761134,1.122066399271255e-05
VogtmannE_2016,3061,UniRef90_A0A0P0M4S5,1141,0.0138551482069,9,0.9238866396761134,1.1218743487368422e-05
VogtmannE_2016,3062,UniRef90_A6KZ74,1141,0.0137258344735,9,0.9238866396761134,1.1114036010931174e-05
VogtmannE_2016,3063,UniRef90_E5UNL8,1141,0.0136955392269,9,0.9238866396761134,1.108950544688259e-05
VogtmannE_2016,3064,UniRef90_A0A076INX8,1141,0.013671476919,9,0.9238866396761134,1.1070021796761133e-05
VogtmannE_2016,3065,UniRef90_A0A076IUW0,1141,0.0136367023338,9,0.9238866396761134,1.1041864237894738e-05
VogtmannE_2016,3066,UniRef90_A0A076IXF0,1141,0.0136045091982,9,0.9238866396761134,1.1015796921619434e-05
VogtmannE_2016,3067,UniRef90_D4V4U7,1141,0.013589735074,9,0.9238866396761134,1.1003834068016194e-05
VogtmannE_2016,3068,UniRef90_A0A076IIN4,1141,0.013578545588999999,9,0.9238866396761134,1.0994773756275303e-05
VogtmannE_2016,3069,UniRef90_A0A0K2HKR8,1141,0.013546893866,9,0.9238866396761134,1.096914483076923e-05
VogtmannE_2016,3070,UniRef90_D4VB42,1141,0.013544024927,9,0.9238866396761134,1.0966821803238866e-05
VogtmannE_2016,3071,UniRef90_A0A076J1I2,1141,0.0135202424351,9,0.9238866396761134,1.0947564724777328e-05
VogtmannE_2016,3072,UniRef90_A0A076IUY2,1141,0.0134110319912,9,0.9238866396761134,1.0859135215546558e-05
VogtmannE_2016,3073,UniRef90_A0A076IX80,1141,0.013349078456600001,9,0.9238866396761134,1.0808970410202431e-05
VogtmannE_2016,3074,UniRef90_A0A076IXS5,1141,0.0132618540103,9,0.9238866396761134,1.0738343328178138e-05
VogtmannE_2016,3075,UniRef90_A6L1V0,1141,0.0132404775685,9,0.9238866396761134,1.0721034468421052e-05
VogtmannE_2016,3076,UniRef90_A0A0K2HG11,1141,0.013209845736500001,9,0.9238866396761134,1.0696231365587046e-05
VogtmannE_2016,3077,UniRef90_A0A174IEJ1,1141,0.0131655251467,9,0.9238866396761134,1.0660344248340081e-05
VogtmannE_2016,3078,UniRef90_A6L1M6,1141,0.0131381246372,9,0.9238866396761134,1.063815760097166e-05
VogtmannE_2016,3079,UniRef90_A0A076ITD9,1141,0.0131253205874,9,0.9238866396761134,1.062778994931174e-05
VogtmannE_2016,3080,UniRef90_A0A396BKE4,1141,0.013114395631,9,0.9238866396761134,1.061894383076923e-05
VogtmannE_2016,3081,UniRef90_A6L2I1,1141,0.0131071151801,9,0.9238866396761134,1.0613048728825911e-05
VogtmannE_2016,3082,UniRef90_A0A0P0M572,1141,0.0130458408337,9,0.9238866396761134,1.0563433873441295e-05
VogtmannE_2016,3083,UniRef90_A0A076INR1,1141,0.013023965766,9,0.9238866396761134,1.0545721268016194e-05
VogtmannE_2016,3084,UniRef90_A0A076IQQ9,1141,0.012992945354,9,0.9238866396761134,1.0520603525506073e-05
VogtmannE_2016,3085,UniRef90_A0A076IN03,1141,0.0129701842547,9,0.9238866396761134,1.0502173485587045e-05
VogtmannE_2016,3086,UniRef90_B6W208,1141,0.012955537507,9,0.9238866396761134,1.0490313770850203e-05
VogtmannE_2016,3087,UniRef90_B6VVN3,1141,0.0128926562635999,9,0.9238866396761134,1.0439397784291417e-05
VogtmannE_2016,3088,UniRef90_I8W726,1141,0.0128404193905,9,0.9238866396761134,1.0397100721052632e-05
VogtmannE_2016,3089,UniRef90_I9QEJ7,1141,0.0128311221212,9,0.9238866396761134,1.0389572567773279e-05
VogtmannE_2016,3090,UniRef90_A0A076J1J4,1141,0.0128239480827,9,0.9238866396761134,1.0383763629716598e-05
VogtmannE_2016,3091,UniRef90_A0A076J5E4,1141,0.0127775487457,9,0.9238866396761134,1.0346193316356276e-05
VogtmannE_2016,3092,UniRef90_C0ESU0,1141,0.0127509069085,9,0.9238866396761134,1.0324620978542511e-05
VogtmannE_2016,3093,UniRef90_A0A076ISH7,1141,0.012712949398500002,9,0.9238866396761134,1.029388615263158e-05
VogtmannE_2016,3094,UniRef90_A0A174KLT1,1141,0.0126965950711,9,0.9238866396761134,1.0280643782267208e-05
VogtmannE_2016,3095,UniRef90_A0A0K2HP99,1141,0.012666630377099999,9,0.9238866396761134,1.0256380872145749e-05
VogtmannE_2016,3096,UniRef90_A0A076IJA2,1141,0.012647179511099999,9,0.9238866396761134,1.0240631183076922e-05
VogtmannE_2016,3097,UniRef90_A0A1Q6J500,1141,0.012641804142399899,9,0.9238866396761134,1.0236278657813683e-05
VogtmannE_2016,3098,UniRef90_A0A0P0M3X7,1141,0.0126304240255,9,0.9238866396761134,1.022706398825911e-05
VogtmannE_2016,3099,UniRef90_A0A0M1W4C5,1141,0.0125166366805,9,0.9238866396761134,1.0134928486234818e-05
VogtmannE_2016,3100,UniRef90_A0A1Y4PRU5,1141,0.0125053221802,9,0.9238866396761134,1.0125766947530365e-05
VogtmannE_2016,3101,UniRef90_A0A076J6F3,1141,0.0124101959759,9,0.9238866396761134,1.0048741680890689e-05
VogtmannE_2016,3102,UniRef90_A0A1H7LWE0,1141,0.0123110922479,9,0.9238866396761134,9.96849574728745e-06
VogtmannE_2016,3103,UniRef90_A7VAS8,1141,0.0121654532011,9,0.9238866396761134,9.850569393603238e-06
VogtmannE_2016,3104,UniRef90_U6RGT5,1141,0.0121533866948,9,0.9238866396761134,9.840798943157894e-06
VogtmannE_2016,3105,UniRef90_B6VVT2,1141,0.0119353531922,9,0.9238866396761134,9.664253596923078e-06
VogtmannE_2016,3106,UniRef90_A0A174T8J2,1141,0.0119100275873,9,0.9238866396761134,9.643747034251013e-06
VogtmannE_2016,3107,UniRef90_A0A0K2HIZ4,1141,0.0118824326412999,9,0.9238866396761134,9.621402948420971e-06
VogtmannE_2016,3108,UniRef90_A0A076IRW4,1141,0.0118029812751,9,0.9238866396761134,9.557069858380567e-06
VogtmannE_2016,3109,UniRef90_A0A076INX0,1141,0.011787307387,9,0.9238866396761134,9.544378451012145e-06
VogtmannE_2016,3110,UniRef90_A0A076JAM0,1141,0.0117797943169,9,0.9238866396761134,9.538294993441296e-06
VogtmannE_2016,3111,UniRef90_E5UWS7,1141,0.0116954930093,9,0.9238866396761134,9.470034825344129e-06
VogtmannE_2016,3112,UniRef90_A0A396AKD0,1141,0.011683076101,9,0.9238866396761134,9.459980648582997e-06
VogtmannE_2016,3113,UniRef90_A0A076JA10,1141,0.011639457760299999,9,0.9238866396761134,9.424662154089068e-06
VogtmannE_2016,3114,UniRef90_A0A0K2HMH3,1141,0.011384210019,9,0.9238866396761134,9.217983821052631e-06
VogtmannE_2016,3115,UniRef90_A0A076ISL1,1141,0.011341143125,9,0.9238866396761134,9.183111842105262e-06
VogtmannE_2016,3116,UniRef90_A0A174PHW9,1141,0.0113300492063,9,0.9238866396761134,9.174128911983805e-06
VogtmannE_2016,3117,UniRef90_A0A076JAA0,1141,0.0113191023344,9,0.9238866396761134,9.165265048097166e-06
VogtmannE_2016,3118,UniRef90_C3RBJ7,1141,0.0112887237846,9,0.9238866396761134,9.140667032064778e-06
VogtmannE_2016,3119,UniRef90_A0A076J3B4,1141,0.0112375510684,9,0.9238866396761134,9.099231634331984e-06
VogtmannE_2016,3120,UniRef90_A6L4R8,1141,0.0110795733637,9,0.9238866396761134,8.971314464534413e-06
VogtmannE_2016,3121,UniRef90_A0A174P1L0,1141,0.0110743348055,9,0.9238866396761134,8.967072717004048e-06
VogtmannE_2016,3122,UniRef90_A0A0K2HN30,1141,0.011052858071499999,9,0.9238866396761134,8.949682648987853e-06
VogtmannE_2016,3123,UniRef90_K9DY17,1141,0.011031313025,9,0.9238866396761134,8.932237267206477e-06
VogtmannE_2016,3124,UniRef90_D4VDH2,1141,0.0109100627606,9,0.9238866396761134,8.834058915465587e-06
VogtmannE_2016,3125,UniRef90_R6KJM9,1141,0.010907688815,9,0.9238866396761134,8.832136692307692e-06
VogtmannE_2016,3126,UniRef90_E2ZN33,1141,0.0104794566866,9,0.9238866396761134,8.485390029635627e-06
VogtmannE_2016,3127,UniRef90_D1JNY5,1141,0.0104636395872,9,0.9238866396761134,8.472582661700405e-06
VogtmannE_2016,3128,UniRef90_A0A0P0GVF8,1141,0.0104258115252,9,0.9238866396761134,8.441952651983806e-06
VogtmannE_2016,3129,UniRef90_A0A0M1W7Q9,1141,0.010355019508,9,0.9238866396761134,8.384631180566802e-06
VogtmannE_2016,3130,UniRef90_A0A0A2FIM1,1141,0.009891147720699999,9,0.9238866396761134,8.009026494493927e-06
VogtmannE_2016,3131,UniRef90_A0A173TXT3,1141,0.0097158415257,9,0.9238866396761134,7.867078158461539e-06
VogtmannE_2016,3132,UniRef90_A0A0K2HDS4,1141,0.0095539088173,9,0.9238866396761134,7.735958556518219e-06
VogtmannE_2016,3133,UniRef90_A0A174PDT1,1141,0.009310003216599999,9,0.9238866396761134,7.53846414299595e-06
VogtmannE_2016,3134,UniRef90_D4LI56,1141,0.0088930861744,9,0.9238866396761134,7.200879493441295e-06
VogtmannE_2016,3135,UniRef90_A0A0P0F9L4,1141,0.008669363196700001,9,0.9238866396761134,7.019727284777329e-06
VogtmannE_2016,3136,UniRef90_R6JNQ9,1141,0.008372116599,9,0.9238866396761134,6.779041780566802e-06
VogtmannE_2016,3137,UniRef90_R7KPA1,1141,0.0067233289884,9,0.9238866396761134,5.443991083724696e-06
VogtmannE_2016,3138,UniRef90_Q8A1M1,1141,0.0066248878124,9,0.9238866396761134,5.364281629473684e-06
VogtmannE_2016,3139,UniRef90_A0A0P0FEG3,1141,0.0065374116477,9,0.9238866396761134,5.293450726882591e-06
VogtmannE_2016,3140,UniRef90_D4WEZ7,1141,0.006507100250800001,9,0.9238866396761134,5.268907085668017e-06
VogtmannE_2016,3141,UniRef90_D7K408,1141,0.0062197008141,9,0.9238866396761134,5.036194991174089e-06
VogtmannE_2016,3142,UniRef90_R6RVC0,1141,0.0061129708243,9,0.9238866396761134,4.94977394680162e-06
VogtmannE_2016,3143,UniRef90_A0A0N7IAV0,1141,0.0060505003121,9,0.9238866396761134,4.89919053611336e-06
VogtmannE_2016,3144,UniRef90_R6JLZ0,1141,0.006026790569899999,9,0.9238866396761134,4.879992364291498e-06
VogtmannE_2016,3145,UniRef90_A5ZPH7,1141,0.0060215999160999996,9,0.9238866396761134,4.875789405748988e-06
VogtmannE_2016,3146,UniRef90_B0G2U7,1141,0.0060091439434,9,0.9238866396761134,4.865703597894737e-06
VogtmannE_2016,3147,UniRef90_A0A139L0K4,1141,0.0058665325418999995,9,0.9238866396761134,4.750228778866396e-06
VogtmannE_2016,3148,UniRef90_D7GQX9,1141,0.0058457443901999,9,0.9238866396761134,4.73339626736834e-06
VogtmannE_2016,3149,UniRef90_A0A0P0FR62,1141,0.0057507468162,9,0.9238866396761134,4.656475154817814e-06
VogtmannE_2016,3150,UniRef90_R6DFU0,1141,0.005744676125,9,0.9238866396761134,4.651559615384615e-06
VogtmannE_2016,3151,UniRef90_R6V7A7,1141,0.0056624487874,9,0.9238866396761134,4.584978775222672e-06
VogtmannE_2016,3152,UniRef90_A0A139LFB9,1141,0.005633834371000001,9,0.9238866396761134,4.56180920728745e-06
VogtmannE_2016,3153,UniRef90_R6JPH7,1141,0.005606645608,9,0.9238866396761134,4.539794014574899e-06
VogtmannE_2016,3154,UniRef90_I9SG70,1141,0.0055293763291,9,0.9238866396761134,4.4772277968421055e-06
VogtmannE_2016,3155,UniRef90_A0A174H1H3,1141,0.00551442933,9,0.9238866396761134,4.465124963562753e-06
VogtmannE_2016,3156,UniRef90_C6IPI8,1141,0.0054329905050000005,9,0.9238866396761134,4.399182595141701e-06
VogtmannE_2016,3157,UniRef90_A0A174RWZ0,1141,0.005403824242199999,9,0.9238866396761134,4.375566188016194e-06
VogtmannE_2016,3158,UniRef90_A0A139KKC1,1141,0.0053275411254,9,0.9238866396761134,4.313798482105264e-06
VogtmannE_2016,3159,UniRef90_A0A1C7H2T5,1141,0.0050825833883000006,9,0.9238866396761134,4.115452136275304e-06
VogtmannE_2016,3160,UniRef90_A0A174QYI7,1141,0.0050811078454,9,0.9238866396761134,4.114257364696356e-06
VogtmannE_2016,3161,UniRef90_A0A139L108,1141,0.0048320994953,9,0.9238866396761134,3.912631170283401e-06
VogtmannE_2016,3162,UniRef90_A0A139K7B2,1141,0.004683579809,9,0.9238866396761134,3.792372314979757e-06
VogtmannE_2016,3163,UniRef90_D4KA57,1141,0.0038764940682999996,9,0.9238866396761134,3.138861593765182e-06
VogtmannE_2016,3164,UniRef90_A0A1C5KIX3,1141,0.0012225469291,9,0.9238866396761134,9.899165417813765e-07
VogtmannE_2016,3165,UniRef90_D4IJC6,1140,0.0328659379555,9,0.9230769230769231,2.661209551052632e-05
VogtmannE_2016,3166,UniRef90_C4Z7L0,1140,0.0219825678341,9,0.9230769230769231,1.7799650068097165e-05
VogtmannE_2016,3167,UniRef90_D4VAL7,1140,0.0210885797236,9,0.9230769230769231,1.7075773055546557e-05
VogtmannE_2016,3168,UniRef90_U6REJ0,1140,0.020334468337,9,0.9230769230769231,1.6465156548178137e-05
VogtmannE_2016,3169,UniRef90_A0A076IUE9,1140,0.0201681222561,9,0.9230769230769231,1.6330463365263156e-05
VogtmannE_2016,3170,UniRef90_A6L005,1140,0.0194247795743,9,0.9230769230769231,1.5728566456923078e-05
VogtmannE_2016,3171,UniRef90_A0A076IJK7,1140,0.019060418519,9,0.9230769230769231,1.5433537262348176e-05
VogtmannE_2016,3172,UniRef90_A0A0P0M1T8,1140,0.018847778893800002,9,0.9230769230769231,1.526135942817814e-05
VogtmannE_2016,3173,UniRef90_D4VAV8,1140,0.018729448135,9,0.9230769230769231,1.5165545048582997e-05
VogtmannE_2016,3174,UniRef90_A0A076IRJ0,1140,0.01871031039,9,0.9230769230769231,1.5150048898785424e-05
VogtmannE_2016,3175,UniRef90_A0A0P0M689,1140,0.018704316249,9,0.9230769230769231,1.5145195343319838e-05
VogtmannE_2016,3176,UniRef90_A0A076J541,1140,0.018527046926,9,0.9230769230769231,1.5001657429959514e-05
VogtmannE_2016,3177,UniRef90_A0A076J0A0,1140,0.0179933183552,9,0.9230769230769231,1.4569488546720647e-05
VogtmannE_2016,3178,UniRef90_A0A076IJZ0,1140,0.017727941145000002,9,0.9230769230769231,1.4354608214574901e-05
VogtmannE_2016,3179,UniRef90_A0A396F4S8,1140,0.0174473619231,9,0.9230769230769231,1.4127418561214575e-05
VogtmannE_2016,3180,UniRef90_A0A1Y4PPY7,1140,0.0174118640669999,9,0.9230769230769231,1.4098675357894657e-05
VogtmannE_2016,3181,UniRef90_Q8VRK6,1140,0.0171570749359999,9,0.9230769230769231,1.3892368369230688e-05
VogtmannE_2016,3182,UniRef90_A0A3E4UNS3,1140,0.017071649701599998,9,0.9230769230769231,1.3823198138947367e-05
VogtmannE_2016,3183,UniRef90_A0A0P0L443,1140,0.01704882101,9,0.9230769230769231,1.3804713368421052e-05
VogtmannE_2016,3184,UniRef90_A0A076IMR9,1140,0.0170190810486,9,0.9230769230769231,1.3780632428016195e-05
VogtmannE_2016,3185,UniRef90_A6L0X5,1140,0.0168331141293,9,0.9230769230769231,1.3630051926558705e-05
VogtmannE_2016,3186,UniRef90_D1K421,1140,0.0167279334415,9,0.9230769230769231,1.3544885377732793e-05
VogtmannE_2016,3187,UniRef90_Q64WK3,1140,0.0165630303871,9,0.9230769230769231,1.3411360637327936e-05
VogtmannE_2016,3188,UniRef90_D1K2M7,1140,0.0162172127119999,9,0.9230769230769231,1.3131346325505993e-05
VogtmannE_2016,3189,UniRef90_A0A076IL73,1140,0.016123738850300003,9,0.9230769230769231,1.3055658988097168e-05
VogtmannE_2016,3190,UniRef90_A0A076IYH9,1140,0.016111070451,9,0.9230769230769231,1.3045401174898785e-05
VogtmannE_2016,3191,UniRef90_A0A1Y4PBJ5,1140,0.0160178182777,9,0.9230769230769231,1.2969893342267208e-05
VogtmannE_2016,3192,UniRef90_A0A0P0LBY8,1140,0.015819306097,9,0.9230769230769231,1.2809154734412956e-05
VogtmannE_2016,3193,UniRef90_A0A0K2HHJ7,1140,0.0156980138,9,0.9230769230769231,1.2710942348178138e-05
VogtmannE_2016,3194,UniRef90_A0A076IMQ8,1140,0.015630731144,9,0.9230769230769231,1.265646246477733e-05
VogtmannE_2016,3195,UniRef90_A0A076IUS6,1140,0.015551640941,9,0.9230769230769231,1.25924218145749e-05
VogtmannE_2016,3196,UniRef90_A0A396F1C0,1140,0.015473875382699998,9,0.9230769230769231,1.2529453751174087e-05
VogtmannE_2016,3197,UniRef90_D1K2J1,1140,0.015294256756100001,9,0.9230769230769231,1.2384013567692309e-05
VogtmannE_2016,3198,UniRef90_A7V4H6,1140,0.0152547583299,9,0.9230769230769231,1.2352031036356275e-05
VogtmannE_2016,3199,UniRef90_A0A174M9P4,1140,0.0152186005372,9,0.9230769230769231,1.2322753471417005e-05
VogtmannE_2016,3200,UniRef90_A0A0N7J791,1140,0.015067307526600002,9,0.9230769230769231,1.2200249009392714e-05
VogtmannE_2016,3201,UniRef90_A0A076ISS9,1140,0.0149648231347,9,0.9230769230769231,1.211726569611336e-05
VogtmannE_2016,3202,UniRef90_A8S8F3,1140,0.014941699035499901,9,0.9230769230769231,1.2098541729149717e-05
VogtmannE_2016,3203,UniRef90_A0A0K2HFN2,1140,0.0148646261937,9,0.9230769230769231,1.203613456979757e-05
VogtmannE_2016,3204,UniRef90_C3RGM9,1140,0.0147736788333,9,0.9230769230769231,1.196249298242915e-05
VogtmannE_2016,3205,UniRef90_C3R9H3,1140,0.014754459269,9,0.9230769230769231,1.1946930582186236e-05
VogtmannE_2016,3206,UniRef90_C6YZH3,1140,0.0147478789267,9,0.9230769230769231,1.1941602369797571e-05
VogtmannE_2016,3207,UniRef90_A0A076IST5,1140,0.014706437109000001,9,0.9230769230769231,1.1908046242105263e-05
VogtmannE_2016,3208,UniRef90_A0A076J0B4,1140,0.014638986186899999,9,0.9230769230769231,1.1853430110850202e-05
VogtmannE_2016,3209,UniRef90_A0A076IPI2,1140,0.0146151201481,9,0.9230769230769231,1.1834105383076923e-05
VogtmannE_2016,3210,UniRef90_B6VSS7,1140,0.0145659313099,9,0.9230769230769231,1.1794276364291499e-05
VogtmannE_2016,3211,UniRef90_A0A076IZR6,1140,0.014515088561800001,9,0.9230769230769231,1.1753108147206479e-05
VogtmannE_2016,3212,UniRef90_B6VS45,1140,0.0145109987383,9,0.9230769230769231,1.1749796549230769e-05
VogtmannE_2016,3213,UniRef90_A0A076IX87,1140,0.0145080341901,9,0.9230769230769231,1.1747396105344128e-05
VogtmannE_2016,3214,UniRef90_D1PLZ5,1140,0.01449363891292,9,0.9230769230769231,1.1735740010461537e-05
VogtmannE_2016,3215,UniRef90_U6RM83,1140,0.014468235272999902,9,0.9230769230769231,1.1715170261538382e-05
VogtmannE_2016,3216,UniRef90_B6VS10,1140,0.014467426817000001,9,0.9230769230769231,1.1714515641295546e-05
VogtmannE_2016,3217,UniRef90_A0A174J5J5,1140,0.0144401534693,9,0.9230769230769231,1.1692431958947368e-05
VogtmannE_2016,3218,UniRef90_A0A076J4I6,1140,0.0144371461535,9,0.9230769230769231,1.1689996885425102e-05
VogtmannE_2016,3219,UniRef90_A0A076IZ89,1140,0.0143508417082,9,0.9230769230769231,1.1620114743481781e-05
VogtmannE_2016,3220,UniRef90_A0A0N7J7E1,1140,0.014287485518100001,9,0.9230769230769231,1.1568814184696358e-05
VogtmannE_2016,3221,UniRef90_A6L1N4,1140,0.014071702164,9,0.9230769230769231,1.1394090821052632e-05
VogtmannE_2016,3222,UniRef90_A6L4N0,1140,0.014067292385000001,9,0.9230769230769231,1.1390520149797572e-05
VogtmannE_2016,3223,UniRef90_A6L1D9,1140,0.0140455895854,9,0.9230769230769231,1.137294703271255e-05
VogtmannE_2016,3224,UniRef90_A0A380ZKV5,1140,0.0139586199481,9,0.9230769230769231,1.1302526273765182e-05
VogtmannE_2016,3225,UniRef90_C3R645,1140,0.0139010247276,9,0.9230769230769231,1.1255890467692307e-05
VogtmannE_2016,3226,UniRef90_A0A174NTU2,1140,0.0138653042113,9,0.9230769230769231,1.1226966972712552e-05
VogtmannE_2016,3227,UniRef90_C9L7J3,1140,0.0138625079755,9,0.9230769230769231,1.122470281417004e-05
VogtmannE_2016,3228,UniRef90_A0A076J5Y0,1140,0.0138247434447,9,0.9230769230769231,1.1194124246720647e-05
VogtmannE_2016,3229,UniRef90_B6VUL0,1140,0.0138216177491,9,0.9230769230769231,1.1191593319109313e-05
VogtmannE_2016,3230,UniRef90_B6W235,1140,0.0138130505559,9,0.9230769230769231,1.1184656320566801e-05
VogtmannE_2016,3231,UniRef90_A0A076J0F5,1140,0.0137604794482,9,0.9230769230769231,1.1142088622024291e-05
VogtmannE_2016,3232,UniRef90_A0A076J1Q0,1140,0.013703410028,9,0.9230769230769231,1.1095878565182187e-05
VogtmannE_2016,3233,UniRef90_A0A1Y3ZJC6,1140,0.0136697767997,9,0.9230769230769231,1.106864518194332e-05
VogtmannE_2016,3234,UniRef90_D4V935,1140,0.0136666771463,9,0.9230769230769231,1.1066135341133603e-05
VogtmannE_2016,3235,UniRef90_A0A076IUP8,1140,0.0136292184552,9,0.9230769230769231,1.1035804417165991e-05
VogtmannE_2016,3236,UniRef90_A0A174VN96,1140,0.013584436197699999,9,0.9230769230769231,1.0999543479919027e-05
VogtmannE_2016,3237,UniRef90_A0A076IT69,1140,0.0135146009725,9,0.9230769230769231,1.0942996738866397e-05
VogtmannE_2016,3238,UniRef90_A6KWC4,1140,0.0135075168517,9,0.9230769230769231,1.0937260608663968e-05
VogtmannE_2016,3239,UniRef90_A0A0P0LBB2,1140,0.0134230413792,9,0.9230769230769231,1.0868859416356275e-05
VogtmannE_2016,3240,UniRef90_A0A076IUP9,1140,0.01342193117,9,0.9230769230769231,1.0867960461538462e-05
VogtmannE_2016,3241,UniRef90_A0A076IRA9,1140,0.013283069283,9,0.9230769230769231,1.0755521686639676e-05
VogtmannE_2016,3242,UniRef90_D1K623,1140,0.013262794382900001,9,0.9230769230769231,1.0739104763481783e-05
VogtmannE_2016,3243,UniRef90_D1K074,1140,0.0130420945875,9,0.9230769230769231,1.0560400475708502e-05
VogtmannE_2016,3244,UniRef90_A0A076II75,1140,0.013025303941,9,0.9230769230769231,1.0546804810526316e-05
VogtmannE_2016,3245,UniRef90_A0A076J7U9,1140,0.0129623010296,9,0.9230769230769231,1.0495790307368422e-05
VogtmannE_2016,3246,UniRef90_A0A395UP83,1140,0.01289099346,9,0.9230769230769231,1.0438051384615385e-05
VogtmannE_2016,3247,UniRef90_A0A076IQD9,1140,0.0128546114401,9,0.9230769230769231,1.0408592259190283e-05
VogtmannE_2016,3248,UniRef90_D1K675,1140,0.012842330869200001,9,0.9230769230769231,1.0398648477085021e-05
VogtmannE_2016,3249,UniRef90_I9IHY3,1140,0.012818494182,9,0.9230769230769231,1.0379347515789474e-05
VogtmannE_2016,3250,UniRef90_A0A076J710,1140,0.0127983929634,9,0.9230769230769231,1.0363071225425101e-05
VogtmannE_2016,3251,UniRef90_A0A076IKG2,1140,0.0127686128799,9,0.9230769230769231,1.033895779748988e-05
VogtmannE_2016,3252,UniRef90_A0A0P0M574,1140,0.012712180399499999,9,0.9230769230769231,1.0293263481376517e-05
VogtmannE_2016,3253,UniRef90_A0A076IUA3,1140,0.0126009333587,9,0.9230769230769231,1.020318490582996e-05
VogtmannE_2016,3254,UniRef90_C3R6B4,1140,0.012565801087,9,0.9230769230769231,1.0174737722267207e-05
VogtmannE_2016,3255,UniRef90_A0A076IQ72,1140,0.012555651404,9,0.9230769230769231,1.0166519355465586e-05
VogtmannE_2016,3256,UniRef90_A6L4P0,1140,0.0125052081745,9,0.9230769230769231,1.0125674635222671e-05
VogtmannE_2016,3257,UniRef90_C7H1C9,1140,0.012487551505300001,9,0.9230769230769231,1.0111377737085021e-05
VogtmannE_2016,3258,UniRef90_I8W803,1140,0.0124307307912,9,0.9230769230769231,1.0065369061700404e-05
VogtmannE_2016,3259,UniRef90_A6KWK5,1140,0.0124111754675,9,0.9230769230769231,1.0049534791497976e-05
VogtmannE_2016,3260,UniRef90_E5UYI2,1140,0.0124060324707,9,0.9230769230769231,1.0045370421619433e-05
VogtmannE_2016,3261,UniRef90_A0A0K2HDL7,1140,0.012373868464000001,9,0.9230769230769231,1.0019326691497976e-05
VogtmannE_2016,3262,UniRef90_A0A076IL07,1140,0.012290903729,9,0.9230769230769231,9.952148768421053e-06
VogtmannE_2016,3263,UniRef90_A0A395UTD2,1140,0.012290057712299999,9,0.9230769230769231,9.95146373465587e-06
VogtmannE_2016,3264,UniRef90_A0A0P0LCX4,1140,0.0122900003485,9,0.9230769230769231,9.951417286234817e-06
VogtmannE_2016,3265,UniRef90_A0A396BH28,1140,0.012266424460000001,9,0.9230769230769231,9.93232749797571e-06
VogtmannE_2016,3266,UniRef90_A0A0P0M3H2,1140,0.0122310643741,9,0.9230769230769231,9.903695849473686e-06
VogtmannE_2016,3267,UniRef90_A0A174ILV5,1140,0.0121887578403,9,0.9230769230769231,9.869439546801618e-06
VogtmannE_2016,3268,UniRef90_A6KWB9,1140,0.0121859673162,9,0.9230769230769231,9.867180013117408e-06
VogtmannE_2016,3269,UniRef90_A6L3H3,1140,0.0121736522593,9,0.9230769230769231,9.857208307125507e-06
VogtmannE_2016,3270,UniRef90_A0A076ILN7,1140,0.012165938961,9,0.9230769230769231,9.85096272145749e-06
VogtmannE_2016,3271,UniRef90_A6L7P7,1140,0.0121300527905,9,0.9230769230769231,9.821905093522267e-06
VogtmannE_2016,3272,UniRef90_A0A076JB70,1140,0.012075776811499999,9,0.9230769230769231,9.777956932388664e-06
VogtmannE_2016,3273,UniRef90_A0A174XDM2,1140,0.0120621925263,9,0.9230769230769231,9.76695751117409e-06
VogtmannE_2016,3274,UniRef90_A0A076J9W6,1140,0.012037233476599999,9,0.9230769230769231,9.746747754331982e-06
VogtmannE_2016,3275,UniRef90_A0A0N7J7P1,1140,0.011832094157000001,9,0.9230769230769231,9.580643042105264e-06
VogtmannE_2016,3276,UniRef90_A0A1Q6JDV0,1140,0.0118196997485,9,0.9230769230769231,9.570607083805667e-06
VogtmannE_2016,3277,UniRef90_A0A076IPW2,1140,0.011786922526900001,9,0.9230769230769231,9.54406682340081e-06
VogtmannE_2016,3278,UniRef90_A0A076IRR9,1140,0.011705899977,9,0.9230769230769231,9.478461519838058e-06
VogtmannE_2016,3279,UniRef90_I8WRV6,1140,0.0116990748013,9,0.9230769230769231,9.472935061781376e-06
VogtmannE_2016,3280,UniRef90_D1K0J3,1140,0.0116414748409,9,0.9230769230769231,9.426295417732793e-06
VogtmannE_2016,3281,UniRef90_A0A076J024,1140,0.0114528352262,9,0.9230769230769231,9.273550790445343e-06
VogtmannE_2016,3282,UniRef90_A0A3E5FA48,1140,0.011419120255,9,0.9230769230769231,9.246251218623482e-06
VogtmannE_2016,3283,UniRef90_A0A0K2HM13,1140,0.011396971917199999,9,0.9230769230769231,9.228317341862348e-06
VogtmannE_2016,3284,UniRef90_A0A174DBD0,1140,0.011295916754,9,0.9230769230769231,9.146491298785424e-06
VogtmannE_2016,3285,UniRef90_A0A076IMT3,1140,0.01125857457,9,0.9230769230769231,9.116254712550607e-06
VogtmannE_2016,3286,UniRef90_A0A0P0LHW5,1140,0.0112493898361,9,0.9230769230769231,9.108817681052631e-06
VogtmannE_2016,3287,UniRef90_C0EYC7,1140,0.0110757319893,9,0.9230769230769231,8.968204039919027e-06
VogtmannE_2016,3288,UniRef90_C3R4D7,1140,0.0107950700348,9,0.9230769230769231,8.740947396599191e-06
VogtmannE_2016,3289,UniRef90_D4V9B6,1140,0.0107494778921,9,0.9230769230769231,8.704030681862348e-06
VogtmannE_2016,3290,UniRef90_C3RG84,1140,0.0107066614158,9,0.9230769230769231,8.669361470283401e-06
VogtmannE_2016,3291,UniRef90_A8RVR6,1140,0.0106481215552,9,0.9230769230769231,8.621960773441295e-06
VogtmannE_2016,3292,UniRef90_D1JXS4,1140,0.0106134413574999,9,0.9230769230769231,8.593879641700324e-06
VogtmannE_2016,3293,UniRef90_E5V8X4,1140,0.0104743976266,9,0.9230769230769231,8.481293624777327e-06
VogtmannE_2016,3294,UniRef90_A0A076INP5,1140,0.0104242967974,9,0.9230769230769231,8.44072615174089e-06
VogtmannE_2016,3295,UniRef90_U2EKC9,1140,0.0104058222192,9,0.9230769230769231,8.425766979109313e-06
VogtmannE_2016,3296,UniRef90_D4VDD7,1140,0.010197724273100001,9,0.9230769230769231,8.257266617894738e-06
VogtmannE_2016,3297,UniRef90_A0A076IUP2,1140,0.0100753998139,9,0.9230769230769231,8.158218472793522e-06
VogtmannE_2016,3298,UniRef90_A0A174Q8M0,1140,0.009754988087999999,9,0.9230769230769231,7.898775779757084e-06
VogtmannE_2016,3299,UniRef90_A0A174D4E5,1140,0.009464024131,9,0.9230769230769231,7.663177434008098e-06
VogtmannE_2016,3300,UniRef90_A0A176U8T2,1140,0.008755214622,9,0.9230769230769231,7.089242608906884e-06
VogtmannE_2016,3301,UniRef90_A0A174B5D6,1140,0.0073714831097,9,0.9230769230769231,5.968812234574899e-06
VogtmannE_2016,3302,UniRef90_Q8A4S8,1140,0.007344543533,9,0.9230769230769231,5.946998812145749e-06
VogtmannE_2016,3303,UniRef90_U2EFC2,1140,0.0073367397023,9,0.9230769230769231,5.940679920890689e-06
VogtmannE_2016,3304,UniRef90_A0A174V1G2,1140,0.006874001052,9,0.9230769230769231,5.565992754655871e-06
VogtmannE_2016,3305,UniRef90_E1WS50,1140,0.0068002063469000005,9,0.9230769230769231,5.506239957004049e-06
VogtmannE_2016,3306,UniRef90_A0A069DBF6,1140,0.0067302542877,9,0.9230769230769231,5.449598613522267e-06
VogtmannE_2016,3307,UniRef90_Q8A029,1140,0.006570879053,9,0.9230769230769231,5.32054984048583e-06
VogtmannE_2016,3308,UniRef90_R6JGD7,1140,0.0064022282721,9,0.9230769230769231,5.183990503724697e-06
VogtmannE_2016,3309,UniRef90_A0A1C7H1W6,1140,0.0061953511298,9,0.9230769230769231,5.016478647611336e-06
VogtmannE_2016,3310,UniRef90_A5ZL41,1140,0.0059047399619,9,0.9230769230769231,4.781165961052631e-06
VogtmannE_2016,3311,UniRef90_R6VDS6,1140,0.0058307954451,9,0.9230769230769231,4.721291858380567e-06
VogtmannE_2016,3312,UniRef90_A0A0P0FT99,1140,0.0058253317157000006,9,0.9230769230769231,4.7168677859919036e-06
VogtmannE_2016,3313,UniRef90_A0A174G5R7,1140,0.0057636398777000004,9,0.9230769230769231,4.6669148807287456e-06
VogtmannE_2016,3314,UniRef90_R6J594,1140,0.0057559946908,9,0.9230769230769231,4.660724445991903e-06
VogtmannE_2016,3315,UniRef90_Q8A258,1140,0.005726122355,9,0.9230769230769231,4.636536319838057e-06
VogtmannE_2016,3316,UniRef90_A0A0P0FMY7,1140,0.0056603939556,9,0.9230769230769231,4.583314943805668e-06
VogtmannE_2016,3317,UniRef90_A0A0N7I9N0,1140,0.0056473261075,9,0.9230769230769231,4.572733690283401e-06
VogtmannE_2016,3318,UniRef90_R6JKV6,1140,0.0056214562661,9,0.9230769230769231,4.551786450283401e-06
VogtmannE_2016,3319,UniRef90_A0A139KJ02,1140,0.005593939341200001,9,0.9230769230769231,4.529505539433199e-06
VogtmannE_2016,3320,UniRef90_A0A139JTR1,1140,0.0055458077144,9,0.9230769230769231,4.4905325622672065e-06
VogtmannE_2016,3321,UniRef90_A0A174WP84,1140,0.0054511226278499995,9,0.9230769230769231,4.413864475991902e-06
VogtmannE_2016,3322,UniRef90_Q8A861,1140,0.005408765234,9,0.9230769230769231,4.3795669910931175e-06
VogtmannE_2016,3323,UniRef90_Q8AA76,1140,0.0052954322453,9,0.9230769230769231,4.287799388906882e-06
VogtmannE_2016,3324,UniRef90_A0A174TPC8,1140,0.0052918930406,9,0.9230769230769231,4.28493363611336e-06
VogtmannE_2016,3325,UniRef90_C9KZU0,1140,0.0052710655254000005,9,0.9230769230769231,4.268069251336033e-06
VogtmannE_2016,3326,UniRef90_A0A396EAS3,1140,0.005259946879,9,0.9230769230769231,4.259066298785425e-06
VogtmannE_2016,3327,UniRef90_Q8A7Z5,1140,0.0051853577506,9,0.9230769230769231,4.19867024340081e-06
VogtmannE_2016,3328,UniRef90_R6JN49,1140,0.0051436964377,9,0.9230769230769231,4.1649363868016195e-06
VogtmannE_2016,3329,UniRef90_Q8A9K9,1140,0.0049633223468,9,0.9230769230769231,4.018884491336033e-06
VogtmannE_2016,3330,UniRef90_A0A0P0ESC2,1140,0.0048724255228,9,0.9230769230769231,3.9452838241295545e-06
VogtmannE_2016,3331,UniRef90_Q02550,1140,0.0047848132052,9,0.9230769230769231,3.874342676275303e-06
VogtmannE_2016,3332,UniRef90_E5CE90,1140,0.0044320176821999995,9,0.9230769230769231,3.5886782851821857e-06
VogtmannE_2016,3333,UniRef90_B0NHL1,1140,0.0042554839560999995,9,0.9230769230769231,3.445735996842105e-06
VogtmannE_2016,3334,UniRef90_A0A173Y9J3,1140,0.0032878414331,9,0.9230769230769231,2.6622197838866398e-06
VogtmannE_2016,3335,UniRef90_R7PGJ6,1140,0.0021659440677,9,0.9230769230769231,1.753800864534413e-06
VogtmannE_2016,3336,UniRef90_R7PJB9,1140,0.0011550478741,9,0.9230769230769231,9.352614365182186e-07
VogtmannE_2016,3337,UniRef90_C3R2Y6,1139,0.13874738837,9,0.9222672064777327,0.00011234606345748988
VogtmannE_2016,3338,UniRef90_G2SZ75,1139,0.0963654876122,9,0.9222672064777327,7.802873490866397e-05
VogtmannE_2016,3339,UniRef90_I9UBB8,1139,0.046065693282,9,0.9222672064777327,3.730015650364372e-05
VogtmannE_2016,3340,UniRef90_A0A173W330,1139,0.033989320651,9,0.9222672064777327,2.7521717126315788e-05
VogtmannE_2016,3341,UniRef90_A0A0P0M2E3,1139,0.0228707902449,9,0.9222672064777327,1.8518858497894737e-05
VogtmannE_2016,3342,UniRef90_U6R9G9,1139,0.02129964014,9,0.9222672064777327,1.724667217813765e-05
VogtmannE_2016,3343,UniRef90_B6VYG9,1139,0.0208175310664,9,0.9222672064777327,1.6856300458623482e-05
VogtmannE_2016,3344,UniRef90_A0A0P0M190,1139,0.0198655874504,9,0.9222672064777327,1.608549591125506e-05
VogtmannE_2016,3345,UniRef90_A0A1Y3ZJR2,1139,0.019264284829,9,0.9222672064777327,1.5598611197570852e-05
VogtmannE_2016,3346,UniRef90_G5SL22,1139,0.0186888549147,9,0.9222672064777327,1.51326760442915e-05
VogtmannE_2016,3347,UniRef90_A0A0P0LLV8,1139,0.018249598861999998,9,0.9222672064777327,1.4777003127125504e-05
VogtmannE_2016,3348,UniRef90_A0A174NCV0,1139,0.017853955892600002,9,0.9222672064777327,1.4456644447449395e-05
VogtmannE_2016,3349,UniRef90_A6L083,1139,0.0177641825184,9,0.9222672064777327,1.4383953456194332e-05
VogtmannE_2016,3350,UniRef90_A0A076J532,1139,0.0172296755396,9,0.9222672064777327,1.3951154283076922e-05
VogtmannE_2016,3351,UniRef90_A6L046,1139,0.017119693474,9,0.9222672064777327,1.386209997894737e-05
VogtmannE_2016,3352,UniRef90_B6W0S8,1139,0.0169598758385,9,0.9222672064777327,1.3732692986639677e-05
VogtmannE_2016,3353,UniRef90_D4V569,1139,0.016628003625299998,9,0.9222672064777327,1.3463970546801617e-05
VogtmannE_2016,3354,UniRef90_A0A076J249,1139,0.0160314191894,9,0.9222672064777327,1.2980906226234819e-05
VogtmannE_2016,3355,UniRef90_D4L103,1139,0.015660765708799998,9,0.9222672064777327,1.2680781950445342e-05
VogtmannE_2016,3356,UniRef90_A6L089,1139,0.0156329256801,9,0.9222672064777327,1.265823941708502e-05
VogtmannE_2016,3357,UniRef90_D4V874,1139,0.015582888133900002,9,0.9222672064777327,1.2617723185344132e-05
VogtmannE_2016,3358,UniRef90_A6L1U8,1139,0.0154858729969999,9,0.9222672064777327,1.25391684186234e-05
VogtmannE_2016,3359,UniRef90_A0A076IR48,1139,0.015302401044600001,9,0.9222672064777327,1.2390608133279353e-05
VogtmannE_2016,3360,UniRef90_I9R5T1,1139,0.015014487087,9,0.9222672064777327,1.2157479422672064e-05
VogtmannE_2016,3361,UniRef90_A0A1Y4PJZ1,1139,0.0149961893157,9,0.9222672064777327,1.2142663413522266e-05
VogtmannE_2016,3362,UniRef90_A0A076IRY5,1139,0.0149610042751999,9,0.9222672064777327,1.2114173502186154e-05
VogtmannE_2016,3363,UniRef90_A0A0K2HFG6,1139,0.014883695827,9,0.9222672064777327,1.2051575568421053e-05
VogtmannE_2016,3364,UniRef90_B0NZ42,1139,0.014841035693,9,0.9222672064777327,1.201703294979757e-05
VogtmannE_2016,3365,UniRef90_A0A076IK62,1139,0.0147812602867,9,0.9222672064777327,1.1968631811093116e-05
VogtmannE_2016,3366,UniRef90_A0A076INK3,1139,0.0147649993476,9,0.9222672064777327,1.1955465058785425e-05
VogtmannE_2016,3367,UniRef90_A0A1Y4PI28,1139,0.0147416389207,9,0.9222672064777327,1.1936549733360323e-05
VogtmannE_2016,3368,UniRef90_A0A076IZ77,1139,0.014691474098,9,0.9222672064777327,1.1895930443724697e-05
VogtmannE_2016,3369,UniRef90_A0A076JB01,1139,0.014604856832,9,0.9222672064777327,1.1825795005668015e-05
VogtmannE_2016,3370,UniRef90_A0A076JBK6,1139,0.014554109071999999,9,0.9222672064777327,1.178470370202429e-05
VogtmannE_2016,3371,UniRef90_A0A076IZC5,1139,0.0144837781338,9,0.9222672064777327,1.1727755573927126e-05
VogtmannE_2016,3372,UniRef90_D4V5A7,1139,0.0144534767087,9,0.9222672064777327,1.1703220007044534e-05
VogtmannE_2016,3373,UniRef90_A0A076IXX9,1139,0.014417867961000001,9,0.9222672064777327,1.1674387012955466e-05
VogtmannE_2016,3374,UniRef90_A0A076J1K6,1139,0.014343270170600001,9,0.9222672064777327,1.1613983943805668e-05
VogtmannE_2016,3375,UniRef90_A0A0K2HEY0,1139,0.0142653406799999,9,0.9222672064777327,1.1550883141700323e-05
VogtmannE_2016,3376,UniRef90_A0A076ILU2,1139,0.01385208886,9,0.9222672064777327,1.121626628340081e-05
VogtmannE_2016,3377,UniRef90_K9EIH7,1139,0.013794658833400001,9,0.9222672064777327,1.1169764237570852e-05
VogtmannE_2016,3378,UniRef90_U6RES5,1139,0.013789146340900001,9,0.9222672064777327,1.1165300680890689e-05
VogtmannE_2016,3379,UniRef90_A0A174V479,1139,0.013744455808,9,0.9222672064777327,1.1129114014574897e-05
VogtmannE_2016,3380,UniRef90_C3R4D9,1139,0.0136997357203,9,0.9222672064777327,1.1092903417246963e-05
VogtmannE_2016,3381,UniRef90_D1K0K1,1139,0.013689652559000001,9,0.9222672064777327,1.108473891417004e-05
VogtmannE_2016,3382,UniRef90_C3R760,1139,0.0136346956342,9,0.9222672064777327,1.1040239379919029e-05
VogtmannE_2016,3383,UniRef90_A0A076IRZ4,1139,0.0136305125506,9,0.9222672064777327,1.1036852267692308e-05
VogtmannE_2016,3384,UniRef90_A0A0P0M4K2,1139,0.0136189102848,9,0.9222672064777327,1.102745772048583e-05
VogtmannE_2016,3385,UniRef90_A6KWC5,1139,0.0135833331131,9,0.9222672064777327,1.0998650294008097e-05
VogtmannE_2016,3386,UniRef90_A0A1Y4PNI8,1139,0.013581649434999999,9,0.9222672064777327,1.0997286991902833e-05
VogtmannE_2016,3387,UniRef90_A0A076J1V1,1139,0.013559878650000001,9,0.9222672064777327,1.0979658825910932e-05
VogtmannE_2016,3388,UniRef90_A0A396B9B1,1139,0.0135510921253,9,0.9222672064777327,1.0972544231012145e-05
VogtmannE_2016,3389,UniRef90_C9L7G4,1139,0.013549069537999999,9,0.9222672064777327,1.0970906508502023e-05
VogtmannE_2016,3390,UniRef90_A0A076IJZ7,1139,0.013518261208599999,9,0.9222672064777327,1.0945960492793522e-05
VogtmannE_2016,3391,UniRef90_A0A397WCV4,1139,0.013429615046,9,0.9222672064777327,1.0874182223481782e-05
VogtmannE_2016,3392,UniRef90_I9RD05,1139,0.0134185930696,9,0.9222672064777327,1.0865257546234819e-05
VogtmannE_2016,3393,UniRef90_A0A0M1VYD5,1139,0.0133833885218,9,0.9222672064777327,1.083675183951417e-05
VogtmannE_2016,3394,UniRef90_A0A0P0M185,1139,0.013351251098,9,0.9222672064777327,1.0810729634008097e-05
VogtmannE_2016,3395,UniRef90_A0A0P0LC42,1139,0.0133211713215,9,0.9222672064777327,1.0786373539676114e-05
VogtmannE_2016,3396,UniRef90_A0A0K2HJ37,1139,0.013296396968,9,0.9222672064777327,1.0766313334412956e-05
VogtmannE_2016,3397,UniRef90_A0A078R7V5,1139,0.013268395045099999,9,0.9222672064777327,1.0743639712631578e-05
VogtmannE_2016,3398,UniRef90_A0A076IKY2,1139,0.013261706338,9,0.9222672064777327,1.0738223755465587e-05
VogtmannE_2016,3399,UniRef90_C3REY9,1139,0.0132499055802,9,0.9222672064777327,1.0728668485991903e-05
VogtmannE_2016,3400,UniRef90_A0A173WIK6,1139,0.0132375077397,9,0.9222672064777327,1.0718629748744938e-05
VogtmannE_2016,3401,UniRef90_D4V8P7,1139,0.0132298200318,9,0.9222672064777327,1.0712404884048584e-05
VogtmannE_2016,3402,UniRef90_A0A396APU8,1139,0.0132259022675999,9,0.9222672064777327,1.0709232605344049e-05
VogtmannE_2016,3403,UniRef90_A0A076IV47,1139,0.013143947486,9,0.9222672064777327,1.0642872458299595e-05
VogtmannE_2016,3404,UniRef90_A0A076IUA4,1139,0.0131046389873,9,0.9222672064777327,1.0611043714412956e-05
VogtmannE_2016,3405,UniRef90_A0A076J593,1139,0.013074385311,9,0.9222672064777327,1.0586546810526315e-05
VogtmannE_2016,3406,UniRef90_A0A1Y4PSZ0,1139,0.013001273624699999,9,0.9222672064777327,1.0527347064534412e-05
VogtmannE_2016,3407,UniRef90_A0A0K2HJQ5,1139,0.012981855019,9,0.9222672064777327,1.0511623497165992e-05
VogtmannE_2016,3408,UniRef90_D1K925,1139,0.012897136818000001,9,0.9222672064777327,1.0443025763562754e-05
VogtmannE_2016,3409,UniRef90_A0A380ZIQ0,1139,0.01289577108,9,0.9222672064777327,1.0441919902834008e-05
VogtmannE_2016,3410,UniRef90_A0A076ITY2,1139,0.0128774708385,9,0.9222672064777327,1.0427101893522267e-05
VogtmannE_2016,3411,UniRef90_A6L4M2,1139,0.012873037429,9,0.9222672064777327,1.042351208825911e-05
VogtmannE_2016,3412,UniRef90_F3PJ22,1139,0.012858047428000001,9,0.9222672064777327,1.041137443562753e-05
VogtmannE_2016,3413,UniRef90_B0NSF5,1139,0.0128312466478,9,0.9222672064777327,1.038967339902834e-05
VogtmannE_2016,3414,UniRef90_A0A076IV16,1139,0.0127373542669,9,0.9222672064777327,1.0313647179676113e-05
VogtmannE_2016,3415,UniRef90_A0A076IUN9,1139,0.01268257901,9,0.9222672064777327,1.0269294744939272e-05
VogtmannE_2016,3416,UniRef90_A0A0P0M328,1139,0.012654643008899999,9,0.9222672064777327,1.0246674501133603e-05
VogtmannE_2016,3417,UniRef90_C3R7G8,1139,0.012627533325,9,0.9222672064777327,1.0224723340080972e-05
VogtmannE_2016,3418,UniRef90_I8W7V3,1139,0.012614004681,9,0.9222672064777327,1.0213768972469636e-05
VogtmannE_2016,3419,UniRef90_D1K0J9,1139,0.012559396561999999,9,0.9222672064777327,1.0169551872064776e-05
VogtmannE_2016,3420,UniRef90_G2T386,1139,0.0125527360888,9,0.9222672064777327,1.0164158776356276e-05
VogtmannE_2016,3421,UniRef90_A6L710,1139,0.0124778655159999,9,0.9222672064777327,1.010353483076915e-05
VogtmannE_2016,3422,UniRef90_A0A076ISC0,1139,0.012353934452,9,0.9222672064777327,1.0003185791093118e-05
VogtmannE_2016,3423,UniRef90_A0A076IXB7,1139,0.0123516591551,9,0.9222672064777327,1.00013434454251e-05
VogtmannE_2016,3424,UniRef90_A0A174VX83,1139,0.0123220971636999,9,0.9222672064777327,9.97740661028332e-06
VogtmannE_2016,3425,UniRef90_I8WPU3,1139,0.0122442829714,9,0.9222672064777327,9.914399167125506e-06
VogtmannE_2016,3426,UniRef90_A0A0M1W2G8,1139,0.012174329857,9,0.9222672064777327,9.857756969230769e-06
VogtmannE_2016,3427,UniRef90_A0A076IN50,1139,0.0121727480848,9,0.9222672064777327,9.856476182024291e-06
VogtmannE_2016,3428,UniRef90_A0A397WCU5,1139,0.012151176024,9,0.9222672064777327,9.839008926315789e-06
VogtmannE_2016,3429,UniRef90_A0A076J7B1,1139,0.0120617523521,9,0.9222672064777327,9.766601094817813e-06
VogtmannE_2016,3430,UniRef90_A0A395VKE8,1139,0.0120286391147,9,0.9222672064777327,9.739788756842106e-06
VogtmannE_2016,3431,UniRef90_C3RD31,1139,0.011978594874,9,0.9222672064777327,9.69926710445344e-06
VogtmannE_2016,3432,UniRef90_A6L4C6,1139,0.0119273589834,9,0.9222672064777327,9.657780553360324e-06
VogtmannE_2016,3433,UniRef90_A0A0M1VYB5,1139,0.011917557946399999,9,0.9222672064777327,9.649844491012144e-06
VogtmannE_2016,3434,UniRef90_D4V4K2,1139,0.0119168021111,9,0.9222672064777327,9.649232478623482e-06
VogtmannE_2016,3435,UniRef90_C3RC03,1139,0.0118558426908,9,0.9222672064777327,9.599872624129555e-06
VogtmannE_2016,3436,UniRef90_A0A0K2HM02,1139,0.0118535408152,9,0.9222672064777327,9.598008757246964e-06
VogtmannE_2016,3437,UniRef90_A0A078QX48,1139,0.011848681302,9,0.9222672064777327,9.594073928744938e-06
VogtmannE_2016,3438,UniRef90_D1K1Z1,1139,0.0117313231948,9,0.9222672064777327,9.499047121295545e-06
VogtmannE_2016,3439,UniRef90_D4V6Q3,1139,0.011701390482799999,9,0.9222672064777327,9.474810107530364e-06
VogtmannE_2016,3440,UniRef90_A0A076IMV5,1139,0.0116714152631,9,0.9222672064777327,9.450538674574899e-06
VogtmannE_2016,3441,UniRef90_I9SDA2,1139,0.011644188504299999,9,0.9222672064777327,9.428492716032388e-06
VogtmannE_2016,3442,UniRef90_A0A076JB61,1139,0.011594966398399999,9,0.9222672064777327,9.388636759838056e-06
VogtmannE_2016,3443,UniRef90_A0A076ITU8,1139,0.0115668365977,9,0.9222672064777327,9.365859593279351e-06
VogtmannE_2016,3444,UniRef90_D4V530,1139,0.0115566950644,9,0.9222672064777327,9.357647825425101e-06
VogtmannE_2016,3445,UniRef90_A0A173WWK6,1139,0.0115545557971,9,0.9222672064777327,9.355915625182187e-06
VogtmannE_2016,3446,UniRef90_A0A0N7J7K5,1139,0.011507008728999998,9,0.9222672064777327,9.317415974898784e-06
VogtmannE_2016,3447,UniRef90_A0A076IMP9,1139,0.011309098127,9,0.9222672064777327,9.157164475303644e-06
VogtmannE_2016,3448,UniRef90_I9RF72,1139,0.011277826556,9,0.9222672064777327,9.131843365182188e-06
VogtmannE_2016,3449,UniRef90_G2T382,1139,0.011193280987900001,9,0.9222672064777327,9.063385415303645e-06
VogtmannE_2016,3450,UniRef90_C3R4J3,1139,0.0111699476501999,9,0.9222672064777327,9.044492024453361e-06
VogtmannE_2016,3451,UniRef90_A0A0N7J7N4,1139,0.011149317827,9,0.9222672064777327,9.02778771417004e-06
VogtmannE_2016,3452,UniRef90_A0A076IUD6,1139,0.0109601046538,9,0.9222672064777327,8.874578667044534e-06
VogtmannE_2016,3453,UniRef90_A0A076J6K5,1139,0.010919903533300001,9,0.9222672064777327,8.842027152469637e-06
VogtmannE_2016,3454,UniRef90_A0A0N7J6N3,1139,0.0108850501232,9,0.9222672064777327,8.81380576777328e-06
VogtmannE_2016,3455,UniRef90_A0A076IR60,1139,0.0108576718758,9,0.9222672064777327,8.79163714639676e-06
VogtmannE_2016,3456,UniRef90_I9S826,1139,0.0108033699689,9,0.9222672064777327,8.747667991012145e-06
VogtmannE_2016,3457,UniRef90_A0A1L5KYT7,1139,0.0106694893739,9,0.9222672064777327,8.639262650931174e-06
VogtmannE_2016,3458,UniRef90_A0A1Y4U4C4,1139,0.0104671149238,9,0.9222672064777327,8.475396699433198e-06
VogtmannE_2016,3459,UniRef90_A0A076J4G2,1139,0.0104158687779,9,0.9222672064777327,8.43390184445344e-06
VogtmannE_2016,3460,UniRef90_E5UWH3,1139,0.0103067748274999,9,0.9222672064777327,8.345566661943238e-06
VogtmannE_2016,3461,UniRef90_A0A397WJL7,1139,0.0101069183162,9,0.9222672064777327,8.18373952728745e-06
VogtmannE_2016,3462,UniRef90_A5ZWU1,1139,0.0098932157631,9,0.9222672064777327,8.010701022753037e-06
VogtmannE_2016,3463,UniRef90_D7J831,1139,0.009321335479,9,0.9222672064777327,7.547640063967611e-06
VogtmannE_2016,3464,UniRef90_U2DJP5,1139,0.0087160519437,9,0.9222672064777327,7.0575319382186245e-06
VogtmannE_2016,3465,UniRef90_B6FJD7,1139,0.00825807924611,9,0.9222672064777327,6.686703843004048e-06
VogtmannE_2016,3466,UniRef90_D4LP03,1139,0.0077901682984,9,0.9222672064777327,6.307828581700405e-06
VogtmannE_2016,3467,UniRef90_A0A1C7H6K2,1139,0.007784060428999999,9,0.9222672064777327,6.302882938461538e-06
VogtmannE_2016,3468,UniRef90_Q8A495,1139,0.0075008050088,9,0.9222672064777327,6.073526322914979e-06
VogtmannE_2016,3469,UniRef90_A0A173ZHT6,1139,0.0070853697179,9,0.9222672064777327,5.737141471983806e-06
VogtmannE_2016,3470,UniRef90_R5UTQ0,1139,0.0065821190644,9,0.9222672064777327,5.329651064291498e-06
VogtmannE_2016,3471,UniRef90_R5USW4,1139,0.0063762127837,9,0.9222672064777327,5.162925330931174e-06
VogtmannE_2016,3472,UniRef90_R6KE15,1139,0.0063522487228,9,0.9222672064777327,5.143521233036437e-06
VogtmannE_2016,3473,UniRef90_A0A139L6L8,1139,0.0061418064691,9,0.9222672064777327,4.973122647044534e-06
VogtmannE_2016,3474,UniRef90_R5U178,1139,0.0061253978113,9,0.9222672064777327,4.959836284453441e-06
VogtmannE_2016,3475,UniRef90_A0A149NIV9,1139,0.0060614878172,9,0.9222672064777327,4.908087301376518e-06
VogtmannE_2016,3476,UniRef90_R6D936,1139,0.0060589439917,9,0.9222672064777327,4.906027523643725e-06
VogtmannE_2016,3477,UniRef90_A5ZF58,1139,0.0059873359026,9,0.9222672064777327,4.848045265263158e-06
VogtmannE_2016,3478,UniRef90_D6D8A6,1139,0.0059802909124,9,0.9222672064777327,4.842340819757085e-06
VogtmannE_2016,3479,UniRef90_R6JHC9,1139,0.0059275304194,9,0.9222672064777327,4.799619772793522e-06
VogtmannE_2016,3480,UniRef90_A0A3E5H1C2,1139,0.005923089518,9,0.9222672064777327,4.796023901214575e-06
VogtmannE_2016,3481,UniRef90_A0A3E5HYY4,1139,0.0059124021975999995,9,0.9222672064777327,4.78737020048583e-06
VogtmannE_2016,3482,UniRef90_R6K4K3,1139,0.0058427364329,9,0.9222672064777327,4.730960674412955e-06
VogtmannE_2016,3483,UniRef90_A0A139LIY2,1139,0.0056357918849,9,0.9222672064777327,4.563394238785425e-06
VogtmannE_2016,3484,UniRef90_A0A0P0F8X5,1139,0.0056313241211,9,0.9222672064777327,4.559776616275303e-06
VogtmannE_2016,3485,UniRef90_A0A3E4NPF6,1139,0.0055524225459,9,0.9222672064777327,4.495888701133603e-06
VogtmannE_2016,3486,UniRef90_A0A0P0FDR7,1139,0.0054485135611,9,0.9222672064777327,4.411751871336033e-06
VogtmannE_2016,3487,UniRef90_Q8AAP9,1139,0.0054088678558,9,0.9222672064777327,4.379650085668016e-06
VogtmannE_2016,3488,UniRef90_F3ABX3,1139,0.0052743138767,9,0.9222672064777327,4.2706994953036435e-06
VogtmannE_2016,3489,UniRef90_Q8AAD5,1139,0.005269498213199999,9,0.9222672064777327,4.266800172631579e-06
VogtmannE_2016,3490,UniRef90_A5ZI36,1139,0.0052110605557,9,0.9222672064777327,4.219482231336032e-06
VogtmannE_2016,3491,UniRef90_R6JGF3,1139,0.005185768719500001,9,0.9222672064777327,4.199003011740891e-06
VogtmannE_2016,3492,UniRef90_D7JB39,1139,0.005113127341099999,9,0.9222672064777327,4.140184081862347e-06
VogtmannE_2016,3493,UniRef90_R5UYF6,1139,0.005098211526600001,9,0.9222672064777327,4.128106499271256e-06
VogtmannE_2016,3494,UniRef90_A0A174XAE3,1139,0.0050913884255,9,0.9222672064777327,4.1225817210526315e-06
VogtmannE_2016,3495,UniRef90_A0A395VXT0,1139,0.0050878851681,9,0.9222672064777327,4.1197450753846155e-06
VogtmannE_2016,3496,UniRef90_R6JDC9,1139,0.005006199276800001,9,0.9222672064777327,4.053602653279353e-06
VogtmannE_2016,3497,UniRef90_A0A1Q6H874,1139,0.0048956248869,9,0.9222672064777327,3.964068734331984e-06
VogtmannE_2016,3498,UniRef90_Q89ZW6,1139,0.0048928518984,9,0.9222672064777327,3.96182339951417e-06
VogtmannE_2016,3499,UniRef90_A0A174A317,1139,0.0043147371005,9,0.9222672064777327,3.493714251417004e-06
VogtmannE_2016,3500,UniRef90_B5CLF9,1139,0.0041762000499,9,0.9222672064777327,3.3815385019433194e-06
VogtmannE_2016,3501,UniRef90_A0A242EL51,1139,0.0034765371523999998,9,0.9222672064777327,2.81500984e-06
VogtmannE_2016,3502,UniRef90_A0A174I7T3,1139,0.0011083950597999999,9,0.9222672064777327,8.974858783805667e-07
VogtmannE_2016,3503,UniRef90_W6PL08,1138,0.0955790400229,9,0.9214574898785425,7.739193524121458e-05
VogtmannE_2016,3504,UniRef90_A0A127SMK3,1138,0.0424714966094,9,0.9214574898785425,3.438987579708502e-05
VogtmannE_2016,3505,UniRef90_A0A076IZR8,1138,0.0374100129915,9,0.9214574898785425,3.02915084951417e-05
VogtmannE_2016,3506,UniRef90_D1K2U9,1138,0.024182283313,9,0.9214574898785425,1.95807962048583e-05
VogtmannE_2016,3507,UniRef90_E5UQD5,1138,0.021942954156299998,9,0.9214574898785425,1.776757421562753e-05
VogtmannE_2016,3508,UniRef90_A0A076IYY6,1138,0.0212686097363,9,0.9214574898785425,1.7221546345182186e-05
VogtmannE_2016,3509,UniRef90_Q8RM73,1138,0.020667580296700003,9,0.9214574898785425,1.6734882831336033e-05
VogtmannE_2016,3510,UniRef90_A6KZP3,1138,0.02022883447,9,0.9214574898785425,1.637962305263158e-05
VogtmannE_2016,3511,UniRef90_A0A174N9V0,1138,0.019291798468,9,0.9214574898785425,1.562088944777328e-05
VogtmannE_2016,3512,UniRef90_A0A076IYU5,1138,0.018265721819000002,9,0.9214574898785425,1.4790058153036439e-05
VogtmannE_2016,3513,UniRef90_A0A076IWE5,1138,0.01824654517,9,0.9214574898785425,1.4774530502024291e-05
VogtmannE_2016,3514,UniRef90_A6L0W6,1138,0.017882146350000003,9,0.9214574898785425,1.4479470728744942e-05
VogtmannE_2016,3515,UniRef90_A0A396ART5,1138,0.017831372709600002,9,0.9214574898785425,1.4438358469311743e-05
VogtmannE_2016,3516,UniRef90_A0A397WEF1,1138,0.0174880173455,9,0.9214574898785425,1.4160337931578948e-05
VogtmannE_2016,3517,UniRef90_A0A1Y4PDH7,1138,0.017263657864199998,9,0.9214574898785425,1.3978670335384613e-05
VogtmannE_2016,3518,UniRef90_D1JYH4,1138,0.017053405626999998,9,0.9214574898785425,1.3808425608906881e-05
VogtmannE_2016,3519,UniRef90_A0A0P0M153,1138,0.0170520265938,9,0.9214574898785425,1.3807308982834009e-05
VogtmannE_2016,3520,UniRef90_A0A0K2HHT7,1138,0.0169072546088999,9,0.9214574898785425,1.3690084703562672e-05
VogtmannE_2016,3521,UniRef90_A0A076J531,1138,0.016655854324,9,0.9214574898785425,1.3486521719838058e-05
VogtmannE_2016,3522,UniRef90_A0A076J569,1138,0.016455491346000002,9,0.9214574898785425,1.3324284490688262e-05
VogtmannE_2016,3523,UniRef90_A0A076IYL4,1138,0.016369333891999998,9,0.9214574898785425,1.3254521370040484e-05
VogtmannE_2016,3524,UniRef90_A0A076IVP1,1138,0.0163647092308,9,0.9214574898785425,1.3250776705101213e-05
VogtmannE_2016,3525,UniRef90_A0A076J4R7,1138,0.016289040366,9,0.9214574898785425,1.3189506369230768e-05
VogtmannE_2016,3526,UniRef90_A0A0K2HHQ5,1138,0.0159254128642,9,0.9214574898785425,1.2895071145101215e-05
VogtmannE_2016,3527,UniRef90_A6L0Z9,1138,0.015904881956,9,0.9214574898785425,1.2878446927935223e-05
VogtmannE_2016,3528,UniRef90_D4VEG4,1138,0.0154749808925999,9,0.9214574898785425,1.2530348900890606e-05
VogtmannE_2016,3529,UniRef90_A0A076IPH3,1138,0.015279483804000002,9,0.9214574898785425,1.2372051663157896e-05
VogtmannE_2016,3530,UniRef90_A0A174S0N9,1138,0.0152448738477,9,0.9214574898785425,1.2344027407044533e-05
VogtmannE_2016,3531,UniRef90_A0A174R7U9,1138,0.015242297588699999,9,0.9214574898785425,1.234194136736842e-05
VogtmannE_2016,3532,UniRef90_A0A0P0LNZ1,1138,0.015136504382000001,9,0.9214574898785425,1.2256278851821863e-05
VogtmannE_2016,3533,UniRef90_A6KZ76,1138,0.015081165299099999,9,0.9214574898785425,1.2211469877813764e-05
VogtmannE_2016,3534,UniRef90_B6VS61,1138,0.0150384387242,9,0.9214574898785425,1.2176873460890687e-05
VogtmannE_2016,3535,UniRef90_A0A076J1G0,1138,0.0150245808843,9,0.9214574898785425,1.2165652537894737e-05
VogtmannE_2016,3536,UniRef90_D1K216,1138,0.015005916222,9,0.9214574898785425,1.2150539451012146e-05
VogtmannE_2016,3537,UniRef90_A0A0N7J790,1138,0.0149519470127999,9,0.9214574898785425,1.2106839686477651e-05
VogtmannE_2016,3538,UniRef90_A0A076IYE2,1138,0.014932084742,9,0.9214574898785425,1.209075687611336e-05
VogtmannE_2016,3539,UniRef90_I9QUC3,1138,0.014777602974899998,9,0.9214574898785425,1.1965670425020241e-05
VogtmannE_2016,3540,UniRef90_A0A076IZ32,1138,0.0147308408471,9,0.9214574898785425,1.1927806353927126e-05
VogtmannE_2016,3541,UniRef90_D4V5S7,1138,0.014701454837,9,0.9214574898785425,1.1904012013765183e-05
VogtmannE_2016,3542,UniRef90_A0A396CMV9,1138,0.0145455247697,9,0.9214574898785425,1.1777752849959515e-05
VogtmannE_2016,3543,UniRef90_A6KXW6,1138,0.0144600582386,9,0.9214574898785425,1.1708549181052632e-05
VogtmannE_2016,3544,UniRef90_A0A3E4FXA9,1138,0.0143751989093,9,0.9214574898785425,1.1639837173522268e-05
VogtmannE_2016,3545,UniRef90_A0A173YBA3,1138,0.0143372392419,9,0.9214574898785425,1.1609100600728745e-05
VogtmannE_2016,3546,UniRef90_A0A1Y3ZFT3,1138,0.0142339240454,9,0.9214574898785425,1.152544457117409e-05
VogtmannE_2016,3547,UniRef90_I9QDW0,1138,0.0142130320701,9,0.9214574898785425,1.1508527991983805e-05
VogtmannE_2016,3548,UniRef90_A0A0K2HHM4,1138,0.014188934511699999,9,0.9214574898785425,1.1489015798947367e-05
VogtmannE_2016,3549,UniRef90_A0A0P0M5K5,1138,0.0141503326831,9,0.9214574898785425,1.145775925757085e-05
VogtmannE_2016,3550,UniRef90_I9FPK5,1138,0.014079157597500001,9,0.9214574898785425,1.1400127609311741e-05
VogtmannE_2016,3551,UniRef90_A0A076J5R5,1138,0.014064557327199901,9,0.9214574898785425,1.1388305528097087e-05
VogtmannE_2016,3552,UniRef90_A0A0K2HE60,1138,0.0140429808347,9,0.9214574898785425,1.1370834683967612e-05
VogtmannE_2016,3553,UniRef90_A0A0P0M0Q1,1138,0.0140299952558,9,0.9214574898785425,1.1360320045182186e-05
VogtmannE_2016,3554,UniRef90_D4VEE0,1138,0.0139418253689,9,0.9214574898785425,1.1288927424210527e-05
VogtmannE_2016,3555,UniRef90_A6L330,1138,0.0137624957571,9,0.9214574898785425,1.1143721260809717e-05
VogtmannE_2016,3556,UniRef90_A0A174J4M7,1138,0.013759989295400002,9,0.9214574898785425,1.1141691737165993e-05
VogtmannE_2016,3557,UniRef90_A0A076IP68,1138,0.013727854636,9,0.9214574898785425,1.1115671770040487e-05
VogtmannE_2016,3558,UniRef90_A0A076ISS3,1138,0.0136297905711,9,0.9214574898785425,1.1036267668906883e-05
VogtmannE_2016,3559,UniRef90_A0A076J654,1138,0.013541919206,9,0.9214574898785425,1.0965116765991903e-05
VogtmannE_2016,3560,UniRef90_A0A076J3F4,1138,0.013503343863,9,0.9214574898785425,1.0933881670445345e-05
VogtmannE_2016,3561,UniRef90_F3PWG3,1138,0.0133794471405,9,0.9214574898785425,1.0833560437651822e-05
VogtmannE_2016,3562,UniRef90_D4V960,1138,0.013348825015,9,0.9214574898785425,1.0808765194331984e-05
VogtmannE_2016,3563,UniRef90_A0A076IXK3,1138,0.0133380324814999,9,0.9214574898785425,1.0800026300809636e-05
VogtmannE_2016,3564,UniRef90_A0A1H7GCU0,1138,0.0133145734434,9,0.9214574898785425,1.078103112825911e-05
VogtmannE_2016,3565,UniRef90_F7JS59,1138,0.0132469044499,9,0.9214574898785425,1.072623842097166e-05
VogtmannE_2016,3566,UniRef90_C3R528,1138,0.0131646009704,9,0.9214574898785425,1.0659595927449393e-05
VogtmannE_2016,3567,UniRef90_A6L6Z1,1138,0.0131642792958,9,0.9214574898785425,1.0659335462186235e-05
VogtmannE_2016,3568,UniRef90_D4V7E2,1138,0.0131382029245,9,0.9214574898785425,1.0638220991497976e-05
VogtmannE_2016,3569,UniRef90_A0A0P0L494,1138,0.0130729266049999,9,0.9214574898785425,1.0585365672064697e-05
VogtmannE_2016,3570,UniRef90_A0A076IK37,1138,0.013041003526,9,0.9214574898785425,1.0559517025101214e-05
VogtmannE_2016,3571,UniRef90_A6KWQ7,1138,0.0130391030655,9,0.9214574898785425,1.0557978190688258e-05
VogtmannE_2016,3572,UniRef90_A0A076J2E9,1138,0.0130371798848,9,0.9214574898785425,1.0556420959352227e-05
VogtmannE_2016,3573,UniRef90_A6L3D0,1138,0.012992437679000001,9,0.9214574898785425,1.052019245263158e-05
VogtmannE_2016,3574,UniRef90_A6L6X5,1138,0.0129391297193999,9,0.9214574898785425,1.0477028112874413e-05
VogtmannE_2016,3575,UniRef90_E5V055,1138,0.0129338521124,9,0.9214574898785425,1.047275474688259e-05
VogtmannE_2016,3576,UniRef90_A6KXT0,1138,0.0128840683373,9,0.9214574898785425,1.0432443997813766e-05
VogtmannE_2016,3577,UniRef90_A0A076IKK6,1138,0.012856804537,9,0.9214574898785425,1.0410368046153846e-05
VogtmannE_2016,3578,UniRef90_E5UXH4,1138,0.0127741851335,9,0.9214574898785425,1.0343469743724696e-05
VogtmannE_2016,3579,UniRef90_A0A076J4G7,1138,0.012742657131,9,0.9214574898785425,1.0317940996761133e-05
VogtmannE_2016,3580,UniRef90_D1JZT6,1138,0.0127374974974,9,0.9214574898785425,1.0313763155789474e-05
VogtmannE_2016,3581,UniRef90_A0A076ITR9,1138,0.0127279863262999,9,0.9214574898785425,1.0306061802671985e-05
VogtmannE_2016,3582,UniRef90_A0A076JA37,1138,0.012703734032000001,9,0.9214574898785425,1.0286424317408908e-05
VogtmannE_2016,3583,UniRef90_A0A076J2D4,1138,0.012656888086399901,9,0.9214574898785425,1.0248492377651742e-05
VogtmannE_2016,3584,UniRef90_A0A0K2HN88,1138,0.012611111514,9,0.9214574898785425,1.0211426327125506e-05
VogtmannE_2016,3585,UniRef90_D4V6V9,1138,0.0125899689726999,9,0.9214574898785425,1.019430686048575e-05
VogtmannE_2016,3586,UniRef90_A0A076ITA9,1138,0.012576841083000001,9,0.9214574898785425,1.0183676990283401e-05
VogtmannE_2016,3587,UniRef90_A0A174L9N7,1138,0.012567482355,9,0.9214574898785425,1.0176099072874493e-05
VogtmannE_2016,3588,UniRef90_A6L2V8,1138,0.0125382652836,9,0.9214574898785425,1.0152441525182186e-05
VogtmannE_2016,3589,UniRef90_A0A0M1W2N0,1138,0.0125189329433,9,0.9214574898785425,1.0136787808340081e-05
VogtmannE_2016,3590,UniRef90_A0A1Q6J016,1138,0.012422158443,9,0.9214574898785425,1.0058427889068826e-05
VogtmannE_2016,3591,UniRef90_A0A174RMW0,1138,0.012326135411500001,9,0.9214574898785425,9.980676446558706e-06
VogtmannE_2016,3592,UniRef90_A0A076J865,1138,0.0123166792458,9,0.9214574898785425,9.973019632226721e-06
VogtmannE_2016,3593,UniRef90_A0A0P0M332,1138,0.0122914377182,9,0.9214574898785425,9.95258114834008e-06
VogtmannE_2016,3594,UniRef90_A0A076INY1,1138,0.0122502882695,9,0.9214574898785425,9.919261756680161e-06
VogtmannE_2016,3595,UniRef90_E5UQ06,1138,0.0122501514397,9,0.9214574898785425,9.919150963319837e-06
VogtmannE_2016,3596,UniRef90_I9QT74,1138,0.0122365591840999,9,0.9214574898785425,9.90814508834e-06
VogtmannE_2016,3597,UniRef90_A0A174QUM5,1138,0.012203936826,9,0.9214574898785425,9.88173022348178e-06
VogtmannE_2016,3598,UniRef90_A6L4G3,1138,0.012132589154299999,9,0.9214574898785425,9.823958829392712e-06
VogtmannE_2016,3599,UniRef90_D1K1D7,1138,0.012080886508,9,0.9214574898785425,9.78209433846154e-06
VogtmannE_2016,3600,UniRef90_E5UX07,1138,0.012075081315,9,0.9214574898785425,9.777393777327934e-06
VogtmannE_2016,3601,UniRef90_A0A0P0M2C5,1138,0.0120709915471,9,0.9214574898785425,9.77408222437247e-06
VogtmannE_2016,3602,UniRef90_D1K4C5,1138,0.012067380331,9,0.9214574898785425,9.771158162753038e-06
VogtmannE_2016,3603,UniRef90_A0A076IQ37,1138,0.0120484057498,9,0.9214574898785425,9.755794129392712e-06
VogtmannE_2016,3604,UniRef90_I9FXU5,1138,0.012048070503999999,9,0.9214574898785425,9.755522675303643e-06
VogtmannE_2016,3605,UniRef90_A0A076IPA6,1138,0.0120369806759,9,0.9214574898785425,9.746543057408906e-06
VogtmannE_2016,3606,UniRef90_A0A076J7X0,1138,0.0120200646472,9,0.9214574898785425,9.732845868178138e-06
VogtmannE_2016,3607,UniRef90_A0A076IW76,1138,0.0120040661332,9,0.9214574898785425,9.71989160582996e-06
VogtmannE_2016,3608,UniRef90_R9HY48,1138,0.01199849173021,9,0.9214574898785425,9.715377919198381e-06
VogtmannE_2016,3609,UniRef90_A0A076IMA1,1138,0.0119864745099998,9,0.9214574898785425,9.705647376518057e-06
VogtmannE_2016,3610,UniRef90_A0A396EWW7,1138,0.0119334654199,9,0.9214574898785425,9.662725036356275e-06
VogtmannE_2016,3611,UniRef90_A0A076JBC9,1138,0.0118927988396,9,0.9214574898785425,9.629796631255061e-06
VogtmannE_2016,3612,UniRef90_B6W4P0,1138,0.0118516766822,9,0.9214574898785425,9.596499337813766e-06
VogtmannE_2016,3613,UniRef90_C3R520,1138,0.0118365254121,9,0.9214574898785425,9.58423110291498e-06
VogtmannE_2016,3614,UniRef90_A0A076IRD1,1138,0.011819523976,9,0.9214574898785425,9.570464757894736e-06
VogtmannE_2016,3615,UniRef90_A0A1Y4PGP9,1138,0.011767379698,9,0.9214574898785425,9.528242670445344e-06
VogtmannE_2016,3616,UniRef90_A0A076IV82,1138,0.0117617340222,9,0.9214574898785425,9.523671273036438e-06
VogtmannE_2016,3617,UniRef90_F3PYH1,1138,0.0117155535352,9,0.9214574898785425,9.486278166153847e-06
VogtmannE_2016,3618,UniRef90_A0A076IK43,1138,0.011632090466,9,0.9214574898785425,9.418696733603239e-06
VogtmannE_2016,3619,UniRef90_A0A076IW30,1138,0.0116301306349,9,0.9214574898785425,9.417109825829959e-06
VogtmannE_2016,3620,UniRef90_A0A174LZ35,1138,0.0115319341743,9,0.9214574898785425,9.337598521700406e-06
VogtmannE_2016,3621,UniRef90_B6W4G0,1138,0.011499052434,9,0.9214574898785425,9.310973630769231e-06
VogtmannE_2016,3622,UniRef90_A0A0P0M3N9,1138,0.0114482803606,9,0.9214574898785425,9.269862640161943e-06
VogtmannE_2016,3623,UniRef90_A6L6A9,1138,0.0114317129796,9,0.9214574898785425,9.256447756761135e-06
VogtmannE_2016,3624,UniRef90_I9QLY8,1138,0.011426462767999999,9,0.9214574898785425,9.252196573279351e-06
VogtmannE_2016,3625,UniRef90_A0A0P0M3Y6,1138,0.011326332524,9,0.9214574898785425,9.171119452631579e-06
VogtmannE_2016,3626,UniRef90_B6VS38,1138,0.011286606622100001,9,0.9214574898785425,9.138952730445346e-06
VogtmannE_2016,3627,UniRef90_A0A0M1W1C3,1138,0.0112719685094,9,0.9214574898785425,9.127100007611336e-06
VogtmannE_2016,3628,UniRef90_A0A076IS17,1138,0.0112597584704,9,0.9214574898785425,9.117213336356275e-06
VogtmannE_2016,3629,UniRef90_A0A0N7J7M4,1138,0.0111674592122,9,0.9214574898785425,9.042477094898785e-06
VogtmannE_2016,3630,UniRef90_A0A076J4I9,1138,0.0111509761954,9,0.9214574898785425,9.029130522591094e-06
VogtmannE_2016,3631,UniRef90_A0A0P0M491,1138,0.011039728139,9,0.9214574898785425,8.939051124696357e-06
VogtmannE_2016,3632,UniRef90_B6W1K0,1138,0.01094301214,9,0.9214574898785425,8.860738574898785e-06
VogtmannE_2016,3633,UniRef90_A0A0M1W1R8,1138,0.010871879973,9,0.9214574898785425,8.80314167854251e-06
VogtmannE_2016,3634,UniRef90_A0A0M1W4C1,1138,0.010824416142999999,9,0.9214574898785425,8.764709427530363e-06
VogtmannE_2016,3635,UniRef90_R6DCI9,1138,0.0108061762901,9,0.9214574898785425,8.749940315870446e-06
VogtmannE_2016,3636,UniRef90_I9G4N3,1138,0.010799672659,9,0.9214574898785425,8.744674217813765e-06
VogtmannE_2016,3637,UniRef90_A0A0P0M407,1138,0.010758121475899999,9,0.9214574898785425,8.7110295351417e-06
VogtmannE_2016,3638,UniRef90_A0A174BCD9,1138,0.0106444058431,9,0.9214574898785425,8.618952099676114e-06
VogtmannE_2016,3639,UniRef90_R8VU34,1138,0.010629497179,9,0.9214574898785425,8.606880306882592e-06
VogtmannE_2016,3640,UniRef90_A0A396BBP9,1138,0.010586663365,9,0.9214574898785425,8.572197056680163e-06
VogtmannE_2016,3641,UniRef90_A0A076IXA3,1138,0.010534590031,9,0.9214574898785425,8.530032413765182e-06
VogtmannE_2016,3642,UniRef90_A0A1H7F8J7,1138,0.0105326865349,9,0.9214574898785425,8.528491121376518e-06
VogtmannE_2016,3643,UniRef90_A0A0P0LI34,1138,0.0104437911697999,9,0.9214574898785425,8.456511068663887e-06
VogtmannE_2016,3644,UniRef90_A0A076J8B4,1138,0.010399961148,9,0.9214574898785425,8.421021172469635e-06
VogtmannE_2016,3645,UniRef90_A0A0P0LJ92,1138,0.01036791628,9,0.9214574898785425,8.395073910931175e-06
VogtmannE_2016,3646,UniRef90_A0A0P0M475,1138,0.010267481144399999,9,0.9214574898785425,8.313749914493926e-06
VogtmannE_2016,3647,UniRef90_A0A3E2U1R8,1138,0.0099976246111,9,0.9214574898785425,8.095242600080972e-06
VogtmannE_2016,3648,UniRef90_A6L3K9,1138,0.009917989176899901,9,0.9214574898785425,8.030760467125426e-06
VogtmannE_2016,3649,UniRef90_A0A174WXJ6,1138,0.0093880998846,9,0.9214574898785425,7.601700311417004e-06
VogtmannE_2016,3650,UniRef90_Q5LHS7,1138,0.009175332981499999,9,0.9214574898785425,7.429419418218623e-06
VogtmannE_2016,3651,UniRef90_A0A174CV30,1138,0.0088376714891,9,0.9214574898785425,7.15600930291498e-06
VogtmannE_2016,3652,UniRef90_A0A2N5NEU8,1138,0.0086006489359,9,0.9214574898785425,6.964088207206478e-06
VogtmannE_2016,3653,UniRef90_A0A395XF01,1138,0.0084448753714,9,0.9214574898785425,6.837955766315789e-06
VogtmannE_2016,3654,UniRef90_A8SQS2,1138,0.0075257163571,9,0.9214574898785425,6.0936974551417005e-06
VogtmannE_2016,3655,UniRef90_A4EBI3,1138,0.0072427072206,9,0.9214574898785425,5.864540259595142e-06
VogtmannE_2016,3656,UniRef90_R6JN28,1138,0.007143032919,9,0.9214574898785425,5.783832323076923e-06
VogtmannE_2016,3657,UniRef90_A0A174VHN2,1138,0.0068523855903,9,0.9214574898785425,5.548490356518219e-06
VogtmannE_2016,3658,UniRef90_A0A174RYU9,1138,0.0067110608056,9,0.9214574898785425,5.434057332469636e-06
VogtmannE_2016,3659,UniRef90_R6JLS8,1138,0.0065898430787,9,0.9214574898785425,5.3359053268825915e-06
VogtmannE_2016,3660,UniRef90_A0A174XLQ3,1138,0.0065491030959998996,9,0.9214574898785425,5.302917486639595e-06
VogtmannE_2016,3661,UniRef90_C5EWQ1,1138,0.0064691654877,9,0.9214574898785425,5.238190678299595e-06
VogtmannE_2016,3662,UniRef90_A0A174DAE2,1138,0.0062352232793,9,0.9214574898785425,5.048763788906882e-06
VogtmannE_2016,3663,UniRef90_R5UNF5,1138,0.0062264179784000005,9,0.9214574898785425,5.041633990607288e-06
VogtmannE_2016,3664,UniRef90_R5XQS7,1138,0.0059296275293,9,0.9214574898785425,4.8013178374898784e-06
VogtmannE_2016,3665,UniRef90_Q89YZ2,1138,0.005871124508000001,9,0.9214574898785425,4.753946970040487e-06
VogtmannE_2016,3666,UniRef90_R5ULY2,1138,0.0058073180429999,9,0.9214574898785425,4.702281816194251e-06
VogtmannE_2016,3667,UniRef90_A0A396E6P1,1138,0.0057181874107999995,9,0.9214574898785425,4.630111263805668e-06
VogtmannE_2016,3668,UniRef90_A0A1G6FZQ8,1138,0.0055614582035,9,0.9214574898785425,4.503205023076923e-06
VogtmannE_2016,3669,UniRef90_R6VA38,1138,0.0054179316868999995,9,0.9214574898785425,4.386989220161943e-06
VogtmannE_2016,3670,UniRef90_A0A1G6FZN5,1138,0.0053418806451,9,0.9214574898785425,4.325409429230769e-06
VogtmannE_2016,3671,UniRef90_A0A0P0ESN7,1138,0.0052133000803,9,0.9214574898785425,4.221295611578947e-06
VogtmannE_2016,3672,UniRef90_C7GGX5,1138,0.0051343790364,9,0.9214574898785425,4.1573919323076925e-06
VogtmannE_2016,3673,UniRef90_A0A1H7PS86,1138,0.00511666261,9,0.9214574898785425,4.1430466477732796e-06
VogtmannE_2016,3674,UniRef90_UPI000E432686,1138,0.00509210667159,9,0.9214574898785425,4.123163296834008e-06
VogtmannE_2016,3675,UniRef90_R6DJE2,1138,0.0050793008468,9,0.9214574898785425,4.112794207935222e-06
VogtmannE_2016,3676,UniRef90_R6JKQ6,1138,0.0049518472602,9,0.9214574898785425,4.009592923238866e-06
VogtmannE_2016,3677,UniRef90_R6D7F0,1138,0.004819189595,9,0.9214574898785425,3.902177809716599e-06
VogtmannE_2016,3678,UniRef90_Q8AA14,1138,0.0047049605847,9,0.9214574898785425,3.8096846839676108e-06
VogtmannE_2016,3679,UniRef90_Q8A9C1,1138,0.0045928510438,9,0.9214574898785425,3.7189077277732795e-06
VogtmannE_2016,3680,UniRef90_R5UFV8,1138,0.0045329461881,9,0.9214574898785425,3.670401771740891e-06
VogtmannE_2016,3681,UniRef90_A0A015QIN6,1137,0.080197595668,9,0.9206477732793522,6.493732442753036e-05
VogtmannE_2016,3682,UniRef90_B6VSL9,1137,0.028343344040200003,9,0.9206477732793522,2.2950076145910932e-05
VogtmannE_2016,3683,UniRef90_A0A076IHV0,1137,0.022491778014700002,9,0.9206477732793522,1.821196600380567e-05
VogtmannE_2016,3684,UniRef90_B5CXN6,1137,0.0204142482462,9,0.9206477732793522,1.652975566493927e-05
VogtmannE_2016,3685,UniRef90_A0A0P0M112,1137,0.019148840841799998,9,0.9206477732793522,1.55051342848583e-05
VogtmannE_2016,3686,UniRef90_A0A076J784,1137,0.0183598916881,9,0.9206477732793522,1.4866309059190284e-05
VogtmannE_2016,3687,UniRef90_A0A076J3Z5,1137,0.0182596021389,9,0.9206477732793522,1.4785102946477731e-05
VogtmannE_2016,3688,UniRef90_Q64WK9,1137,0.018119688761,9,0.9206477732793522,1.4671812761943321e-05
VogtmannE_2016,3689,UniRef90_G5SSJ3,1137,0.017852532056,9,0.9206477732793522,1.4455491543319839e-05
VogtmannE_2016,3690,UniRef90_A0A2M9V267,1137,0.0174150376532,9,0.9206477732793522,1.4101245063319837e-05
VogtmannE_2016,3691,UniRef90_A0A076J0R2,1137,0.017272058583,9,0.9206477732793522,1.3985472536842105e-05
VogtmannE_2016,3692,UniRef90_A0A396EX22,1137,0.0171054213840999,9,0.9206477732793522,1.3850543630850122e-05
VogtmannE_2016,3693,UniRef90_I9FL95,1137,0.0169926020572,9,0.9206477732793522,1.3759191949149798e-05
VogtmannE_2016,3694,UniRef90_A0A0M1VZB7,1137,0.0166454419423,9,0.9206477732793522,1.3478090641538461e-05
VogtmannE_2016,3695,UniRef90_A0A076IZK1,1137,0.016555978959,9,0.9206477732793522,1.340565097894737e-05
VogtmannE_2016,3696,UniRef90_A0A0K2HHK6,1137,0.016335132351,9,0.9206477732793522,1.3226827814574898e-05
VogtmannE_2016,3697,UniRef90_A0A174P1Q8,1137,0.0161946705819999,9,0.9206477732793522,1.3113093588663887e-05
VogtmannE_2016,3698,UniRef90_E2ZNH2,1137,0.0158659572176,9,0.9206477732793522,1.2846928921133604e-05
VogtmannE_2016,3699,UniRef90_D1K0E5,1137,0.015831357071000002,9,0.9206477732793522,1.2818912608097167e-05
VogtmannE_2016,3700,UniRef90_B0N074,1137,0.0157615003711,9,0.9206477732793522,1.2762348478623481e-05
VogtmannE_2016,3701,UniRef90_I8WGC1,1137,0.0156900819997,9,0.9206477732793522,1.2704519837813767e-05
VogtmannE_2016,3702,UniRef90_A0A0P0M0M0,1137,0.015682329927,9,0.9206477732793522,1.2698242855870445e-05
VogtmannE_2016,3703,UniRef90_A0A076J0R6,1137,0.0154205557848,9,0.9206477732793522,1.2486279987692308e-05
VogtmannE_2016,3704,UniRef90_I8ZQ06,1137,0.0152611154179,9,0.9206477732793522,1.2357178476032388e-05
VogtmannE_2016,3705,UniRef90_A6L7M8,1137,0.015232144252999999,9,0.9206477732793522,1.2333720042914978e-05
VogtmannE_2016,3706,UniRef90_I8W766,1137,0.015183310928,9,0.9206477732793522,1.2294178889068826e-05
VogtmannE_2016,3707,UniRef90_A0A0K2HIF6,1137,0.014903979326,9,0.9206477732793522,1.2067999454251013e-05
VogtmannE_2016,3708,UniRef90_E5UN25,1137,0.0148615511371,9,0.9206477732793522,1.20336446454251e-05
VogtmannE_2016,3709,UniRef90_A0A076IXB5,1137,0.0147502121908,9,0.9206477732793522,1.1943491652469636e-05
VogtmannE_2016,3710,UniRef90_A0A0M1W7E9,1137,0.014706297715999999,9,0.9206477732793522,1.1907933373279351e-05
VogtmannE_2016,3711,UniRef90_A0A0N7J7U7,1137,0.014693007672099998,9,0.9206477732793522,1.1897172204129553e-05
VogtmannE_2016,3712,UniRef90_D1K632,1137,0.014557349563200001,9,0.9206477732793522,1.1787327581538463e-05
VogtmannE_2016,3713,UniRef90_A0A174B5P9,1137,0.014401524099999998,9,0.9206477732793522,1.1661153117408906e-05
VogtmannE_2016,3714,UniRef90_A0A0P0M667,1137,0.0143576018467,9,0.9206477732793522,1.1625588539838056e-05
VogtmannE_2016,3715,UniRef90_C6Z7F9,1137,0.0143263244518,9,0.9206477732793522,1.1600262714008097e-05
VogtmannE_2016,3716,UniRef90_A0A076IRU4,1137,0.014206909601899999,9,0.9206477732793522,1.150357052785425e-05
VogtmannE_2016,3717,UniRef90_A0A076J4S2,1137,0.0141358344892,9,0.9206477732793522,1.1446019829311741e-05
VogtmannE_2016,3718,UniRef90_A0A174JI66,1137,0.014090177604,9,0.9206477732793522,1.1409050691497976e-05
VogtmannE_2016,3719,UniRef90_A0A076IRU0,1137,0.0140584823383,9,0.9206477732793522,1.1383386508744939e-05
VogtmannE_2016,3720,UniRef90_A0A076IVN9,1137,0.0140424174210999,9,0.9206477732793522,1.13703784786234e-05
VogtmannE_2016,3721,UniRef90_A0A076ITZ9,1137,0.014025061413999899,9,0.9206477732793522,1.1356325031578866e-05
VogtmannE_2016,3722,UniRef90_A0A076II33,1137,0.014022757051999901,9,0.9206477732793522,1.1354459151416923e-05
VogtmannE_2016,3723,UniRef90_A0A076IM12,1137,0.013884783982,9,0.9206477732793522,1.124274006639676e-05
VogtmannE_2016,3724,UniRef90_A0A076IY28,1137,0.0138326014369,9,0.9206477732793522,1.1200486993441295e-05
VogtmannE_2016,3725,UniRef90_A0A3E4T160,1137,0.0138222437533,9,0.9206477732793522,1.1192100205101214e-05
VogtmannE_2016,3726,UniRef90_C3RE45,1137,0.013777238805,9,0.9206477732793522,1.1155658951417004e-05
VogtmannE_2016,3727,UniRef90_A0A0K2HIB0,1137,0.013770599110999999,9,0.9206477732793522,1.1150282680971658e-05
VogtmannE_2016,3728,UniRef90_A0A1Q6J9J1,1137,0.0137512121642,9,0.9206477732793522,1.1134584748340081e-05
VogtmannE_2016,3729,UniRef90_A0A1Y3ZIE4,1137,0.0136791516136,9,0.9206477732793522,1.107623612437247e-05
VogtmannE_2016,3730,UniRef90_D1K3F5,1137,0.013661305067000001,9,0.9206477732793522,1.1061785479352229e-05
VogtmannE_2016,3731,UniRef90_A0A076IS76,1137,0.0136417147594,9,0.9206477732793522,1.1045922882105264e-05
VogtmannE_2016,3732,UniRef90_A6L071,1137,0.0136206938325,9,0.9206477732793522,1.1028901888663968e-05
VogtmannE_2016,3733,UniRef90_A0A076IQV4,1137,0.01360424447,9,0.9206477732793522,1.101558256680162e-05
VogtmannE_2016,3734,UniRef90_A0A076J6R5,1137,0.0135861742571,9,0.9206477732793522,1.1000950815465588e-05
VogtmannE_2016,3735,UniRef90_B6W1L6,1137,0.0134780895216,9,0.9206477732793522,1.0913432811012145e-05
VogtmannE_2016,3736,UniRef90_S3YF09,1137,0.013351300852400001,9,0.9206477732793522,1.0810769920971661e-05
VogtmannE_2016,3737,UniRef90_A0A174IFZ3,1137,0.0133212098243,9,0.9206477732793522,1.0786404716032388e-05
VogtmannE_2016,3738,UniRef90_A0A1Y3ZLX9,1137,0.013301066218,9,0.9206477732793522,1.0770094103643725e-05
VogtmannE_2016,3739,UniRef90_A0A3E5A2K3,1137,0.0132904579547,9,0.9206477732793522,1.0761504416761133e-05
VogtmannE_2016,3740,UniRef90_A6KXG4,1137,0.0132788812532,9,0.9206477732793522,1.0752130569392713e-05
VogtmannE_2016,3741,UniRef90_A0A076J9M5,1137,0.0131984161365,9,0.9206477732793522,1.0686976628744939e-05
VogtmannE_2016,3742,UniRef90_A0A1Y4PCJ7,1137,0.0131720587844,9,0.9206477732793522,1.0665634643238866e-05
VogtmannE_2016,3743,UniRef90_C3RFJ5,1137,0.0131699512326,9,0.9206477732793522,1.0663928123562752e-05
VogtmannE_2016,3744,UniRef90_R6M820,1137,0.013079304260899899,9,0.9206477732793522,1.059052976591085e-05
VogtmannE_2016,3745,UniRef90_A0A396B4Z9,1137,0.0130628484307,9,0.9206477732793522,1.0577205207044535e-05
VogtmannE_2016,3746,UniRef90_A0A0M1W816,1137,0.0130311409098,9,0.9206477732793522,1.0551531101052632e-05
VogtmannE_2016,3747,UniRef90_A0A076IWS9,1137,0.013021586978999999,9,0.9206477732793522,1.0543795124696355e-05
VogtmannE_2016,3748,UniRef90_A0A076J6I8,1137,0.0130064937498,9,0.9206477732793522,1.0531573886477734e-05
VogtmannE_2016,3749,UniRef90_A0A076INS8,1137,0.012982835169,9,0.9206477732793522,1.0512417140890688e-05
VogtmannE_2016,3750,UniRef90_A0A076IW46,1137,0.0129580693555,9,0.9206477732793522,1.0492363850607288e-05
VogtmannE_2016,3751,UniRef90_A0A076ILQ2,1137,0.012842120907,9,0.9206477732793522,1.0398478467206477e-05
VogtmannE_2016,3752,UniRef90_A0A076INI7,1137,0.012817381118399999,9,0.9206477732793522,1.0378446249716598e-05
VogtmannE_2016,3753,UniRef90_R5JPG2,1137,0.0128037932042,9,0.9206477732793522,1.0367443890040485e-05
VogtmannE_2016,3754,UniRef90_A0A0P0M520,1137,0.0127225218415,9,0.9206477732793522,1.0301637118623482e-05
VogtmannE_2016,3755,UniRef90_A0A0K2HHX2,1137,0.012719699597,9,0.9206477732793522,1.0299351900404858e-05
VogtmannE_2016,3756,UniRef90_I9FYW9,1137,0.012715635903,9,0.9206477732793522,1.0296061459919029e-05
VogtmannE_2016,3757,UniRef90_I9RA95,1137,0.012685744808099999,9,0.9206477732793522,1.0271858144210525e-05
VogtmannE_2016,3758,UniRef90_A0A174XZM4,1137,0.0126708721898,9,0.9206477732793522,1.0259815538299595e-05
VogtmannE_2016,3759,UniRef90_A0A3E4JRG9,1137,0.012622275143,9,0.9206477732793522,1.0220465702834008e-05
VogtmannE_2016,3760,UniRef90_A0A1Y3ZRH0,1137,0.0126077609144,9,0.9206477732793522,1.0208713291012145e-05
VogtmannE_2016,3761,UniRef90_A0A396EZE9,1137,0.012593448778,9,0.9206477732793522,1.0197124516599189e-05
VogtmannE_2016,3762,UniRef90_A0A0M1VYD7,1137,0.012593169141100001,9,0.9206477732793522,1.0196898089959515e-05
VogtmannE_2016,3763,UniRef90_A0A076IMD0,1137,0.012553383546999999,9,0.9206477732793522,1.0164683034008096e-05
VogtmannE_2016,3764,UniRef90_A0A076IMX4,1137,0.01248252205,9,0.9206477732793522,1.0107305303643725e-05
VogtmannE_2016,3765,UniRef90_A0A0M1VYH5,1137,0.012458691737,9,0.9206477732793522,1.0088009503643726e-05
VogtmannE_2016,3766,UniRef90_B6VSZ1,1137,0.0124227483088,9,0.9206477732793522,1.005890551319838e-05
VogtmannE_2016,3767,UniRef90_A0A076IK90,1137,0.012394380921,9,0.9206477732793522,1.0035935968421053e-05
VogtmannE_2016,3768,UniRef90_D4V707,1137,0.012350030288999999,9,0.9206477732793522,1.0000024525506072e-05
VogtmannE_2016,3769,UniRef90_A0A076INF6,1137,0.0123213616047,9,0.9206477732793522,9.976811015951417e-06
VogtmannE_2016,3770,UniRef90_A6L5L6,1137,0.012235396131,9,0.9206477732793522,9.90720334493927e-06
VogtmannE_2016,3771,UniRef90_A0A0M1VYI5,1137,0.0122258142359999,9,0.9206477732793522,9.899444725505992e-06
VogtmannE_2016,3772,UniRef90_A0A076JAP5,1137,0.012199059282,9,0.9206477732793522,9.8777807951417e-06
VogtmannE_2016,3773,UniRef90_A0A395UUT7,1137,0.0121674762887,9,0.9206477732793522,9.852207521214575e-06
VogtmannE_2016,3774,UniRef90_A0A0K2HNE0,1137,0.0120571494102,9,0.9206477732793522,9.762874016356276e-06
VogtmannE_2016,3775,UniRef90_C5ERA7,1137,0.012056292553400001,9,0.9206477732793522,9.762180205182186e-06
VogtmannE_2016,3776,UniRef90_E5UQL1,1137,0.0120426370434,9,0.9206477732793522,9.751123112064778e-06
VogtmannE_2016,3777,UniRef90_A0A076J986,1137,0.0120344225443,9,0.9206477732793522,9.744471695789474e-06
VogtmannE_2016,3778,UniRef90_A0A0P0L8U5,1137,0.011988483428200001,9,0.9206477732793522,9.707274030931175e-06
VogtmannE_2016,3779,UniRef90_A0A0K2HMX0,1137,0.0119703802129,9,0.9206477732793522,9.692615557004049e-06
VogtmannE_2016,3780,UniRef90_A0A395VGI5,1137,0.0119683287919,9,0.9206477732793522,9.690954487368421e-06
VogtmannE_2016,3781,UniRef90_B6W5T8,1137,0.0119068333541,9,0.9206477732793522,9.641160610607287e-06
VogtmannE_2016,3782,UniRef90_A0A076IR57,1137,0.0118487913414,9,0.9206477732793522,9.594163029473685e-06
VogtmannE_2016,3783,UniRef90_A0A0P0LIG2,1137,0.011832335444000001,9,0.9206477732793522,9.580838416194333e-06
VogtmannE_2016,3784,UniRef90_A0A1Y4PGR9,1137,0.0117977463842,9,0.9206477732793522,9.552831080323886e-06
VogtmannE_2016,3785,UniRef90_D4LV90,1137,0.0117625721688,9,0.9206477732793522,9.524349934251012e-06
VogtmannE_2016,3786,UniRef90_A0A0K2HML4,1137,0.0117529334631,9,0.9206477732793522,9.516545314251012e-06
VogtmannE_2016,3787,UniRef90_A0A076INQ1,1137,0.011706079862900001,9,0.9206477732793522,9.478607176437248e-06
VogtmannE_2016,3788,UniRef90_A0A076IN10,1137,0.011699385318499999,9,0.9206477732793522,9.47318649271255e-06
VogtmannE_2016,3789,UniRef90_A0A0M1VXT7,1137,0.011619840181,9,0.9206477732793522,9.408777474493928e-06
VogtmannE_2016,3790,UniRef90_A0A0M1W7J8,1137,0.0115584070379,9,0.9206477732793522,9.359034038785426e-06
VogtmannE_2016,3791,UniRef90_B6VZN9,1137,0.0114692251816,9,0.9206477732793522,9.286822009392714e-06
VogtmannE_2016,3792,UniRef90_A0A173WTQ6,1137,0.0114000933926,9,0.9206477732793522,9.230844852307693e-06
VogtmannE_2016,3793,UniRef90_A0A0M1W4F3,1137,0.0113706738508,9,0.9206477732793522,9.207023360971659e-06
VogtmannE_2016,3794,UniRef90_I9FAM5,1137,0.0113364960584,9,0.9206477732793522,9.1793490351417e-06
VogtmannE_2016,3795,UniRef90_I9RAW5,1137,0.0113295546427,9,0.9206477732793522,9.17372845562753e-06
VogtmannE_2016,3796,UniRef90_R5K3J5,1137,0.0113247809492,9,0.9206477732793522,9.169863116761132e-06
VogtmannE_2016,3797,UniRef90_A0A076IWJ5,1137,0.0113104030795,9,0.9206477732793522,9.15822111700405e-06
VogtmannE_2016,3798,UniRef90_A6L5J0,1137,0.0113039486415,9,0.9206477732793522,9.152994851417004e-06
VogtmannE_2016,3799,UniRef90_B6W305,1137,0.011246133979000001,9,0.9206477732793522,9.10618135951417e-06
VogtmannE_2016,3800,UniRef90_A0A076ITM0,1137,0.0112333329911,9,0.9206477732793522,9.095816187125506e-06
VogtmannE_2016,3801,UniRef90_A0A1Y3ZMI5,1137,0.0112140616571,9,0.9206477732793522,9.080211868097166e-06
VogtmannE_2016,3802,UniRef90_A0A174MDI8,1137,0.011180940362,9,0.9206477732793522,9.053393005668015e-06
VogtmannE_2016,3803,UniRef90_A6L743,1137,0.011158333645,9,0.9206477732793522,9.035087971659919e-06
VogtmannE_2016,3804,UniRef90_A0A0K2HP50,1137,0.0111139736792,9,0.9206477732793522,8.999168971012146e-06
VogtmannE_2016,3805,UniRef90_A0A076IL48,1137,0.0110398885765,9,0.9206477732793522,8.939181033603239e-06
VogtmannE_2016,3806,UniRef90_D4VDD1,1137,0.011011682438299999,9,0.9206477732793522,8.916342055303643e-06
VogtmannE_2016,3807,UniRef90_A0A0K2HMJ5,1137,0.010982435821000001,9,0.9206477732793522,8.89266058380567e-06
VogtmannE_2016,3808,UniRef90_I9FMQ5,1137,0.010916330133,9,0.9206477732793522,8.839133710931173e-06
VogtmannE_2016,3809,UniRef90_A6L6E8,1137,0.0108959685558,9,0.9206477732793522,8.82264660388664e-06
VogtmannE_2016,3810,UniRef90_A0A174L5N2,1137,0.010879695520499999,9,0.9206477732793522,8.809470057085019e-06
VogtmannE_2016,3811,UniRef90_D4V8N7,1137,0.010876573810599999,9,0.9206477732793522,8.806942356761133e-06
VogtmannE_2016,3812,UniRef90_A0A174SRX7,1137,0.0107433786425,9,0.9206477732793522,8.699092018218624e-06
VogtmannE_2016,3813,UniRef90_A0A076J8I6,1137,0.010712297308599999,9,0.9206477732793522,8.673924946234818e-06
VogtmannE_2016,3814,UniRef90_A0A174PZ91,1137,0.010709173225600001,9,0.9206477732793522,8.671395324372471e-06
VogtmannE_2016,3815,UniRef90_A0A076INP0,1137,0.0106868655092,9,0.9206477732793522,8.65333239611336e-06
VogtmannE_2016,3816,UniRef90_A0A1Y4MKN9,1137,0.010627694292,9,0.9206477732793522,8.605420479352227e-06
VogtmannE_2016,3817,UniRef90_A0A076IXQ3,1137,0.0105728427778,9,0.9206477732793522,8.561006297813765e-06
VogtmannE_2016,3818,UniRef90_A0A174QHI7,1137,0.0105605184925,9,0.9206477732793522,8.5510271194332e-06
VogtmannE_2016,3819,UniRef90_I9RAR8,1137,0.0105317361903,9,0.9206477732793522,8.527721611578947e-06
VogtmannE_2016,3820,UniRef90_Q64ZA1,1137,0.0105293087516,9,0.9206477732793522,8.52575607417004e-06
VogtmannE_2016,3821,UniRef90_I8VTE5,1137,0.0105208111579,9,0.9206477732793522,8.518875431497976e-06
VogtmannE_2016,3822,UniRef90_E5UR91,1137,0.0105035988824,9,0.9206477732793522,8.50493836631579e-06
VogtmannE_2016,3823,UniRef90_D4VCT1,1137,0.0101800039983,9,0.9206477732793522,8.242918217246964e-06
VogtmannE_2016,3824,UniRef90_B6VS16,1137,0.009981307301,9,0.9206477732793522,8.082030203238866e-06
VogtmannE_2016,3825,UniRef90_A0A0M1W4C3,1137,0.0099657120173,9,0.9206477732793522,8.069402443157895e-06
VogtmannE_2016,3826,UniRef90_A0A3E5A271,1137,0.0098656060122,9,0.9206477732793522,7.988344949149797e-06
VogtmannE_2016,3827,UniRef90_A0A174J2T5,1137,0.0094668571776,9,0.9206477732793522,7.665471398866396e-06
VogtmannE_2016,3828,UniRef90_A0A076IT92,1137,0.009367987236,9,0.9206477732793522,7.585414765991903e-06
VogtmannE_2016,3829,UniRef90_R6DI84,1137,0.0092761950556,9,0.9206477732793522,7.5110891138461535e-06
VogtmannE_2016,3830,UniRef90_E4LUK0,1137,0.0092071047827,9,0.9206477732793522,7.455145573036437e-06
VogtmannE_2016,3831,UniRef90_C4ZES0,1137,0.0091188957075,9,0.9206477732793522,7.383721220647773e-06
VogtmannE_2016,3832,UniRef90_A0A395XCV3,1137,0.0089022646517,9,0.9206477732793522,7.208311458866396e-06
VogtmannE_2016,3833,UniRef90_A0A015P063,1137,0.0088017562282,9,0.9206477732793522,7.12692812e-06
VogtmannE_2016,3834,UniRef90_A0A076ISN8,1137,0.0083905728583,9,0.9206477732793522,6.793986120080971e-06
VogtmannE_2016,3835,UniRef90_A0A174AXE4,1137,0.0079897937371,9,0.9206477732793522,6.469468613036437e-06
VogtmannE_2016,3836,UniRef90_C9KVX0,1137,0.006587982448200001,9,0.9206477732793522,5.334398743481782e-06
VogtmannE_2016,3837,UniRef90_A7VCV0,1137,0.006534922041,9,0.9206477732793522,5.291434851012146e-06
VogtmannE_2016,3838,UniRef90_Q8A5K8,1137,0.0064019403728,9,0.9206477732793522,5.183757386882591e-06
VogtmannE_2016,3839,UniRef90_R5UUF2,1137,0.006314444015,9,0.9206477732793522,5.112910133603239e-06
VogtmannE_2016,3840,UniRef90_A0A0P0FDZ6,1137,0.006211560848600001,9,0.9206477732793522,5.029603925991903e-06
VogtmannE_2016,3841,UniRef90_A0A174HQM1,1137,0.00616559214,9,0.9206477732793522,4.992382299595142e-06
VogtmannE_2016,3842,UniRef90_A0A0K6BQI8,1137,0.0061397466496,9,0.9206477732793522,4.971454777004049e-06
VogtmannE_2016,3843,UniRef90_A0A173UXA9,1137,0.0059768026993,9,0.9206477732793522,4.839516355708502e-06
VogtmannE_2016,3844,UniRef90_U2D3S3,1137,0.0059586486325,9,0.9206477732793522,4.824816706477733e-06
VogtmannE_2016,3845,UniRef90_A0A1Y4PT47,1137,0.005759298341,9,0.9206477732793522,4.663399466396762e-06
VogtmannE_2016,3846,UniRef90_A7LZM2,1137,0.0056334977277999,9,0.9206477732793522,4.5615366217003235e-06
VogtmannE_2016,3847,UniRef90_U2CNA2,1137,0.0056198272211,9,0.9206477732793522,4.550467385506073e-06
VogtmannE_2016,3848,UniRef90_A0A173Z050,1137,0.005508286318,9,0.9206477732793522,4.460150864777328e-06
VogtmannE_2016,3849,UniRef90_Q5LGN1,1137,0.0054115064495,9,0.9206477732793522,4.381786598785425e-06
VogtmannE_2016,3850,UniRef90_E1WRK2,1137,0.0053992020884999995,9,0.9206477732793522,4.371823553441295e-06
VogtmannE_2016,3851,UniRef90_R6K6B8,1137,0.0053946644663,9,0.9206477732793522,4.368149365425101e-06
VogtmannE_2016,3852,UniRef90_A0A174W374,1137,0.0053622344715,9,0.9206477732793522,4.3418902603238865e-06
VogtmannE_2016,3853,UniRef90_A0A0P0F343,1137,0.0053406274395,9,0.9206477732793522,4.324394687854251e-06
VogtmannE_2016,3854,UniRef90_D7J772,1137,0.0051576502566,9,0.9206477732793522,4.176235025587044e-06
VogtmannE_2016,3855,UniRef90_A0A139KAQ5,1137,0.0051435085504,9,0.9206477732793522,4.1647842513360324e-06
VogtmannE_2016,3856,UniRef90_D4WKY2,1137,0.0051205732838,9,0.9206477732793522,4.146213185263158e-06
VogtmannE_2016,3857,UniRef90_A0A395ZUF3,1137,0.0050951869275,9,0.9206477732793522,4.125657431174089e-06
VogtmannE_2016,3858,UniRef90_R5V0A8,1137,0.0050386020543,9,0.9206477732793522,4.079839720080972e-06
VogtmannE_2016,3859,UniRef90_R6K765,1137,0.0049897650941000005,9,0.9206477732793522,4.0402956227530365e-06
VogtmannE_2016,3860,UniRef90_A0A174QL76,1137,0.00496490197,9,0.9206477732793522,4.020163538461539e-06
VogtmannE_2016,3861,UniRef90_A0A396DXZ4,1137,0.0048974677533,9,0.9206477732793522,3.965560933846153e-06
VogtmannE_2016,3862,UniRef90_A0A173YIN8,1137,0.0047830535604999995,9,0.9206477732793522,3.8729178627530364e-06
VogtmannE_2016,3863,UniRef90_A0A0P0FA60,1137,0.0047492914999,9,0.9206477732793522,3.845580161862349e-06
VogtmannE_2016,3864,UniRef90_D7J9K3,1137,0.0047390472896,9,0.9206477732793522,3.837285254736842e-06
VogtmannE_2016,3865,UniRef90_R6K531,1137,0.004635013581300001,9,0.9206477732793522,3.7530474342510125e-06
VogtmannE_2016,3866,UniRef90_C3QHA8,1137,0.0044069200702,9,0.9206477732793522,3.5683563321457494e-06
VogtmannE_2016,3867,UniRef90_A7AE91,1136,0.050724745984,9,0.9198380566801619,4.1072668812955466e-05
VogtmannE_2016,3868,UniRef90_A0A076J2W0,1136,0.021528156204,9,0.9198380566801619,1.743170542834008e-05
VogtmannE_2016,3869,UniRef90_A0A076IXA0,1136,0.0189792305747,9,0.9198380566801619,1.536779803619433e-05
VogtmannE_2016,3870,UniRef90_A6L2J6,1136,0.018229207681,9,0.9198380566801619,1.4760492049392712e-05
VogtmannE_2016,3871,UniRef90_C7H8M1,1136,0.0176189424781999,9,0.9198380566801619,1.4266350184777245e-05
VogtmannE_2016,3872,UniRef90_A0A0K2HGN0,1136,0.0168638694695,9,0.9198380566801619,1.365495503603239e-05
VogtmannE_2016,3873,UniRef90_A0A076ILU1,1136,0.016773388108,9,0.9198380566801619,1.3581690775708502e-05
VogtmannE_2016,3874,UniRef90_A6L065,1136,0.016765136674,9,0.9198380566801619,1.357500945263158e-05
VogtmannE_2016,3875,UniRef90_A0A0M1W9G7,1136,0.0164995906076,9,0.9198380566801619,1.3359992394817814e-05
VogtmannE_2016,3876,UniRef90_A0A076J092,1136,0.015880275268,9,0.9198380566801619,1.2858522484210525e-05
VogtmannE_2016,3877,UniRef90_A0A076J0I1,1136,0.015856594967799998,9,0.9198380566801619,1.2839348152064776e-05
VogtmannE_2016,3878,UniRef90_A0A174GEG8,1136,0.0156641731936,9,0.9198380566801619,1.2683541047449393e-05
VogtmannE_2016,3879,UniRef90_A0A0K2HQ24,1136,0.0155627901568,9,0.9198380566801619,1.2601449519676113e-05
VogtmannE_2016,3880,UniRef90_A0A395V2L8,1136,0.015521781416899999,9,0.9198380566801619,1.2568244062267206e-05
VogtmannE_2016,3881,UniRef90_A0A0K2HL71,1136,0.015482634470499999,9,0.9198380566801619,1.2536546129959513e-05
VogtmannE_2016,3882,UniRef90_A0A3E4VZR9,1136,0.0151119781649,9,0.9198380566801619,1.2236419566720648e-05
VogtmannE_2016,3883,UniRef90_R7NZ21,1136,0.0150467341666,9,0.9198380566801619,1.2183590418299595e-05
VogtmannE_2016,3884,UniRef90_D4JSK0,1136,0.0150252273453,9,0.9198380566801619,1.2166175988097166e-05
VogtmannE_2016,3885,UniRef90_A0A396A9Z6,1136,0.0147552973258,9,0.9198380566801619,1.1947609170688259e-05
VogtmannE_2016,3886,UniRef90_D4V8Q9,1136,0.014678136555999999,9,0.9198380566801619,1.1885130814574898e-05
VogtmannE_2016,3887,UniRef90_A0A076IP67,1136,0.0145550362104,9,0.9198380566801619,1.1785454421376518e-05
VogtmannE_2016,3888,UniRef90_A0A0K2HEM0,1136,0.0144545317916,9,0.9198380566801619,1.1704074325182187e-05
VogtmannE_2016,3889,UniRef90_A6KYC8,1136,0.014398024282,9,0.9198380566801619,1.1658319256680162e-05
VogtmannE_2016,3890,UniRef90_B6W251,1136,0.014293071438,9,0.9198380566801619,1.1573337196761133e-05
VogtmannE_2016,3891,UniRef90_A0A396ANJ6,1136,0.014226143035,9,0.9198380566801619,1.1519144157894736e-05
VogtmannE_2016,3892,UniRef90_A6KXU3,1136,0.014209609538700001,9,0.9198380566801619,1.1505756711497976e-05
VogtmannE_2016,3893,UniRef90_A0A3E5E3S0,1136,0.0140638618258,9,0.9198380566801619,1.1387742369068826e-05
VogtmannE_2016,3894,UniRef90_E5UQX1,1136,0.0140351008602,9,0.9198380566801619,1.1364454137813765e-05
VogtmannE_2016,3895,UniRef90_I9R7E1,1136,0.013969518229400001,9,0.9198380566801619,1.1311350793036438e-05
VogtmannE_2016,3896,UniRef90_C3RBW6,1136,0.0138951034630999,9,0.9198380566801619,1.125109592153838e-05
VogtmannE_2016,3897,UniRef90_A0A076J2N4,1136,0.013893012316,9,0.9198380566801619,1.1249402685020244e-05
VogtmannE_2016,3898,UniRef90_A0A076JCE9,1136,0.0135958151257,9,0.9198380566801619,1.100875718680162e-05
VogtmannE_2016,3899,UniRef90_C3R519,1136,0.0135118800797,9,0.9198380566801619,1.094079358680162e-05
VogtmannE_2016,3900,UniRef90_A0A0P0LI08,1136,0.013511549922999999,9,0.9198380566801619,1.0940526253441295e-05
VogtmannE_2016,3901,UniRef90_A0A0P0L9E5,1136,0.013468633086,9,0.9198380566801619,1.0905775778137652e-05
VogtmannE_2016,3902,UniRef90_A0A0P0LJQ7,1136,0.0133700382611,9,0.9198380566801619,1.0825941911821862e-05
VogtmannE_2016,3903,UniRef90_I8WJY7,1136,0.0133307954620999,9,0.9198380566801619,1.0794166366072792e-05
VogtmannE_2016,3904,UniRef90_A0A0M1W1Y5,1136,0.013295571493000001,9,0.9198380566801619,1.076564493360324e-05
VogtmannE_2016,3905,UniRef90_D4VEG6,1136,0.013269582512,9,0.9198380566801619,1.0744601224291499e-05
VogtmannE_2016,3906,UniRef90_A0A174N5L7,1136,0.0132626863411,9,0.9198380566801619,1.0739017280242916e-05
VogtmannE_2016,3907,UniRef90_C3R4F4,1136,0.013258115846,9,0.9198380566801619,1.0735316474493928e-05
VogtmannE_2016,3908,UniRef90_U6RN91,1136,0.013253080858200001,9,0.9198380566801619,1.0731239561295547e-05
VogtmannE_2016,3909,UniRef90_A0A076J6G0,1136,0.013199457575,9,0.9198380566801619,1.0687819898785425e-05
VogtmannE_2016,3910,UniRef90_A0A076IQC8,1136,0.0131035601362,9,0.9198380566801619,1.061017015076923e-05
VogtmannE_2016,3911,UniRef90_A0A076IN53,1136,0.0130536519239,9,0.9198380566801619,1.0569758642834007e-05
VogtmannE_2016,3912,UniRef90_D1JXT2,1136,0.0130315662244,9,0.9198380566801619,1.0551875485344129e-05
VogtmannE_2016,3913,UniRef90_A0A076IW88,1136,0.0129411722972,9,0.9198380566801619,1.047868202202429e-05
VogtmannE_2016,3914,UniRef90_A0A108TCH3,1136,0.0129320817758,9,0.9198380566801619,1.0471321275951418e-05
VogtmannE_2016,3915,UniRef90_A0A076IYY7,1136,0.012925817399,9,0.9198380566801619,1.0466248906072874e-05
VogtmannE_2016,3916,UniRef90_U2PGG5,1136,0.0129223202184,9,0.9198380566801619,1.0463417180890688e-05
VogtmannE_2016,3917,UniRef90_A0A076IM56,1136,0.012920107118399998,9,0.9198380566801619,1.0461625197085019e-05
VogtmannE_2016,3918,UniRef90_A0A076IWX9,1136,0.0128902418266,9,0.9198380566801619,1.0437442774574899e-05
VogtmannE_2016,3919,UniRef90_C5EWQ0,1136,0.0128664434696,9,0.9198380566801619,1.0418172849878542e-05
VogtmannE_2016,3920,UniRef90_C3RDD6,1136,0.0128504251078,9,0.9198380566801619,1.0405202516437247e-05
VogtmannE_2016,3921,UniRef90_A6KXV1,1136,0.012831117438800001,9,0.9198380566801619,1.0389568776356276e-05
VogtmannE_2016,3922,UniRef90_A0A396F4P6,1136,0.012718664741,9,0.9198380566801619,1.0298513960323887e-05
VogtmannE_2016,3923,UniRef90_A0A078R728,1136,0.01267760664,9,0.9198380566801619,1.0265268534412955e-05
VogtmannE_2016,3924,UniRef90_D4V6R4,1136,0.0126663381272,9,0.9198380566801619,1.0256144232550607e-05
VogtmannE_2016,3925,UniRef90_E5UX46,1136,0.012666259459999999,9,0.9198380566801619,1.0256080534412955e-05
VogtmannE_2016,3926,UniRef90_A0A0K2HKK7,1136,0.012518500546,9,0.9198380566801619,1.0136437689068826e-05
VogtmannE_2016,3927,UniRef90_A0A076J4A1,1136,0.012446201403,9,0.9198380566801619,1.0077895872874495e-05
VogtmannE_2016,3928,UniRef90_A0A076IXV9,1136,0.0124278672118,9,0.9198380566801619,1.0063050373927125e-05
VogtmannE_2016,3929,UniRef90_A6L2J8,1136,0.0124215904744,9,0.9198380566801619,1.0057967995465587e-05
VogtmannE_2016,3930,UniRef90_A0A395V7T3,1136,0.0124209547708,9,0.9198380566801619,1.0057453255708503e-05
VogtmannE_2016,3931,UniRef90_A0A0P0LPD1,1136,0.012412819347,9,0.9198380566801619,1.0050865868016194e-05
VogtmannE_2016,3932,UniRef90_E6SV56,1136,0.0123817794029,9,0.9198380566801619,1.0025732310040487e-05
VogtmannE_2016,3933,UniRef90_B7C9H1,1136,0.0123744043038,9,0.9198380566801619,1.0019760569878541e-05
VogtmannE_2016,3934,UniRef90_A0A1Y4PKT0,1136,0.012327104509,9,0.9198380566801619,9.98146114089069e-06
VogtmannE_2016,3935,UniRef90_D4V472,1136,0.012326207096999999,9,0.9198380566801619,9.980734491497975e-06
VogtmannE_2016,3936,UniRef90_A0A076IQS3,1136,0.0123043339043,9,0.9198380566801619,9.963023404291498e-06
VogtmannE_2016,3937,UniRef90_A0A1Y4PI76,1136,0.0121546696144,9,0.9198380566801619,9.841837744453441e-06
VogtmannE_2016,3938,UniRef90_A0A076IPN1,1136,0.012085341946,9,0.9198380566801619,9.785701980566802e-06
VogtmannE_2016,3939,UniRef90_A0A174NXR6,1136,0.0120841702575,9,0.9198380566801619,9.784753244939272e-06
VogtmannE_2016,3940,UniRef90_A0A076IWQ2,1136,0.0120218322539999,9,0.9198380566801619,9.734277128744859e-06
VogtmannE_2016,3941,UniRef90_A0A076IT13,1136,0.0119466542714,9,0.9198380566801619,9.673404268340082e-06
VogtmannE_2016,3942,UniRef90_A0A139LFQ4,1136,0.0118428868808999,9,0.9198380566801619,9.58938208979749e-06
VogtmannE_2016,3943,UniRef90_B6W1B9,1136,0.011834865567099999,9,0.9198380566801619,9.582887098866396e-06
VogtmannE_2016,3944,UniRef90_A0A0P0M350,1136,0.0118132927076,9,0.9198380566801619,9.565419196437247e-06
VogtmannE_2016,3945,UniRef90_A0A0K2HNV8,1136,0.0118058624545,9,0.9198380566801619,9.559402797165992e-06
VogtmannE_2016,3946,UniRef90_C3R900,1136,0.011744734364500001,9,0.9198380566801619,9.509906368016195e-06
VogtmannE_2016,3947,UniRef90_A0A1E3U6L0,1136,0.0117366242165,9,0.9198380566801619,9.503339446558705e-06
VogtmannE_2016,3948,UniRef90_A0A076IQ15,1136,0.0117009104867,9,0.9198380566801619,9.474421446720648e-06
VogtmannE_2016,3949,UniRef90_A0A076IQ11,1136,0.0114659620085,9,0.9198380566801619,9.284179763967612e-06
VogtmannE_2016,3950,UniRef90_A0A076INE9,1136,0.0114601672325,9,0.9198380566801619,9.279487637651823e-06
VogtmannE_2016,3951,UniRef90_A0A076J8U5,1136,0.0113865302111,9,0.9198380566801619,9.219862519109311e-06
VogtmannE_2016,3952,UniRef90_C6Z8Z0,1136,0.0113740454461,9,0.9198380566801619,9.209753397651822e-06
VogtmannE_2016,3953,UniRef90_U6RMP2,1136,0.0113316765642,9,0.9198380566801619,9.175446610688259e-06
VogtmannE_2016,3954,UniRef90_A0A1Y3ZIK0,1136,0.011206737183,9,0.9198380566801619,9.074281119838057e-06
VogtmannE_2016,3955,UniRef90_A0A0P0LAG0,1136,0.0111946702395,9,0.9198380566801619,9.064510315384615e-06
VogtmannE_2016,3956,UniRef90_A0A1Y4PNJ2,1136,0.011155453983,9,0.9198380566801619,9.032756261538462e-06
VogtmannE_2016,3957,UniRef90_A6KY23,1136,0.0110832733582,9,0.9198380566801619,8.974310411497976e-06
VogtmannE_2016,3958,UniRef90_A0A076IMV9,1136,0.0110698994508,9,0.9198380566801619,8.963481336680163e-06
VogtmannE_2016,3959,UniRef90_A0A076ING0,1136,0.0109906080199999,9,0.9198380566801619,8.899277748987774e-06
VogtmannE_2016,3960,UniRef90_A0A0M1W3B9,1136,0.010970356096,9,0.9198380566801619,8.882879429959515e-06
VogtmannE_2016,3961,UniRef90_C3RG82,1136,0.0108894602021,9,0.9198380566801619,8.817376681862348e-06
VogtmannE_2016,3962,UniRef90_A0A174R4F0,1136,0.01086852032,9,0.9198380566801619,8.80042131174089e-06
VogtmannE_2016,3963,UniRef90_A0A0P0M5C7,1136,0.0107684535099999,9,0.9198380566801619,8.71939555465579e-06
VogtmannE_2016,3964,UniRef90_A0A1Q6ISJ5,1136,0.010756557989999999,9,0.9198380566801619,8.70976355465587e-06
VogtmannE_2016,3965,UniRef90_A0A396BCG2,1136,0.0107561190774,9,0.9198380566801619,8.709408159838057e-06
VogtmannE_2016,3966,UniRef90_I8WR86,1136,0.0106391758105,9,0.9198380566801619,8.614717255465586e-06
VogtmannE_2016,3967,UniRef90_A0A174FLN9,1136,0.0106055078438999,9,0.9198380566801619,8.587455744048502e-06
VogtmannE_2016,3968,UniRef90_A0A395UNU1,1136,0.0105704752415,9,0.9198380566801619,8.55908926437247e-06
VogtmannE_2016,3969,UniRef90_A6L5X6,1136,0.0105021706484999,9,0.9198380566801619,8.503781901619351e-06
VogtmannE_2016,3970,UniRef90_A0A0P0M4G1,1136,0.010492645407599999,9,0.9198380566801619,8.496069155951417e-06
VogtmannE_2016,3971,UniRef90_F7JS50,1136,0.0103867808902,9,0.9198380566801619,8.410348898947369e-06
VogtmannE_2016,3972,UniRef90_A0A0F0CGD5,1136,0.0102925465766,9,0.9198380566801619,8.334045811012146e-06
VogtmannE_2016,3973,UniRef90_F3PPZ9,1136,0.0102825005787,9,0.9198380566801619,8.325911399757084e-06
VogtmannE_2016,3974,UniRef90_D4V7E6,1136,0.010114271221800001,9,0.9198380566801619,8.189693297004049e-06
VogtmannE_2016,3975,UniRef90_D1JY20,1136,0.010046599461999999,9,0.9198380566801619,8.13489834979757e-06
VogtmannE_2016,3976,UniRef90_A0A0P0M3U2,1136,0.0097555281765,9,0.9198380566801619,7.899213098380567e-06
VogtmannE_2016,3977,UniRef90_D1JXE2,1136,0.009633421327,9,0.9198380566801619,7.800341155465587e-06
VogtmannE_2016,3978,UniRef90_D4V5Z4,1136,0.0095029433195,9,0.9198380566801619,7.694690946963562e-06
VogtmannE_2016,3979,UniRef90_A0A395WMA6,1136,0.0094697371102,9,0.9198380566801619,7.667803328097166e-06
VogtmannE_2016,3980,UniRef90_C6Z108,1136,0.0088150682541,9,0.9198380566801619,7.137707088340081e-06
VogtmannE_2016,3981,UniRef90_A0A0P0M577,1136,0.0088056262408,9,0.9198380566801619,7.130061733441295e-06
VogtmannE_2016,3982,UniRef90_A0A174W082,1136,0.0085606126302,9,0.9198380566801619,6.931670145910931e-06
VogtmannE_2016,3983,UniRef90_C6Z9I2,1136,0.0084668367791,9,0.9198380566801619,6.855738282672065e-06
VogtmannE_2016,3984,UniRef90_A0A173UEE0,1136,0.008305585416099999,9,0.9198380566801619,6.725170377408906e-06
VogtmannE_2016,3985,UniRef90_A0A076J562,1136,0.008033469578,9,0.9198380566801619,6.504833666396761e-06
VogtmannE_2016,3986,UniRef90_D4LMM9,1136,0.0079881473065,9,0.9198380566801619,6.468135470850203e-06
VogtmannE_2016,3987,UniRef90_A0A174B4R7,1136,0.0068250259143000005,9,0.9198380566801619,5.526336772712551e-06
VogtmannE_2016,3988,UniRef90_D4WIM8,1136,0.0062647029314,9,0.9198380566801619,5.072633952550608e-06
VogtmannE_2016,3989,UniRef90_R6UYX3,1136,0.0061317444712,9,0.9198380566801619,4.964975280323887e-06
VogtmannE_2016,3990,UniRef90_A0A174NNM9,1136,0.0060390699447,9,0.9198380566801619,4.8899351778947366e-06
VogtmannE_2016,3991,UniRef90_R6JPJ0,1136,0.0059737597103,9,0.9198380566801619,4.837052397004049e-06
VogtmannE_2016,3992,UniRef90_A0A3E4XS79,1136,0.00590162985564,9,0.9198380566801619,4.778647656388664e-06
VogtmannE_2016,3993,UniRef90_A0A1G8C9V6,1136,0.0057039866641,9,0.9198380566801619,4.618612683481782e-06
VogtmannE_2016,3994,UniRef90_Q89ZK3,1136,0.005670437578999999,9,0.9198380566801619,4.5914474323886635e-06
VogtmannE_2016,3995,UniRef90_Q8A767,1136,0.0056440058998,9,0.9198380566801619,4.570045262995951e-06
VogtmannE_2016,3996,UniRef90_A0A139KTK1,1136,0.0056223596914,9,0.9198380566801619,4.552517968744939e-06
VogtmannE_2016,3997,UniRef90_A0A078Q447,1136,0.0055540088155,9,0.9198380566801619,4.497173129959514e-06
VogtmannE_2016,3998,UniRef90_A0A139KPY1,1136,0.0054099875572,9,0.9198380566801619,4.380556726477733e-06
VogtmannE_2016,3999,UniRef90_Q8A753,1136,0.0053810518461,9,0.9198380566801619,4.357127000890689e-06
VogtmannE_2016,4000,UniRef90_A0A0P0EUJ1,1136,0.0053161656569,9,0.9198380566801619,4.304587576437247e-06
VogtmannE_2016,4001,UniRef90_R6JD59,1136,0.0052350132653,9,0.9198380566801619,4.238877137894737e-06
VogtmannE_2016,4002,UniRef90_Q8ABA5,1136,0.0052166196644,9,0.9198380566801619,4.223983533927125e-06
VogtmannE_2016,4003,UniRef90_R6JDG0,1136,0.005216396506899999,9,0.9198380566801619,4.223802839595141e-06
VogtmannE_2016,4004,UniRef90_A0A0P0FMX5,1136,0.0051663832878,9,0.9198380566801619,4.183306305910931e-06
VogtmannE_2016,4005,UniRef90_I9UZ55,1136,0.0051481395205,9,0.9198380566801619,4.1685340246963565e-06
VogtmannE_2016,4006,UniRef90_R6DC63,1136,0.0051174313906,9,0.9198380566801619,4.1436691421862345e-06
VogtmannE_2016,4007,UniRef90_C9L2Y2,1136,0.0051034157292,9,0.9198380566801619,4.132320428502024e-06
VogtmannE_2016,4008,UniRef90_Q8AAQ1,1136,0.005078509504100001,9,0.9198380566801619,4.112153444615385e-06
VogtmannE_2016,4009,UniRef90_A0A174BXG5,1136,0.0048671881287,9,0.9198380566801619,3.941043019190284e-06
VogtmannE_2016,4010,UniRef90_A0A174XEX4,1136,0.0047739013278,9,0.9198380566801619,3.865507148016195e-06
VogtmannE_2016,4011,UniRef90_R6J9A5,1136,0.0047294176823,9,0.9198380566801619,3.8294880018623485e-06
VogtmannE_2016,4012,UniRef90_B5CRH8,1136,0.0036168193277000002,9,0.9198380566801619,2.9285986459109313e-06
VogtmannE_2016,4013,UniRef90_R5APM6,1136,0.0036165500365,9,0.9198380566801619,2.9283805963562753e-06
VogtmannE_2016,4014,UniRef90_C4VMD4,1136,0.0035105140115999998,9,0.9198380566801619,2.842521466882591e-06
VogtmannE_2016,4015,UniRef90_A8S5Y0,1136,0.0027496846103999,9,0.9198380566801619,2.2264652715788662e-06
VogtmannE_2016,4016,UniRef90_D4JMT5,1135,0.050064384701999996,9,0.9190283400809717,4.053796332145749e-05
VogtmannE_2016,4017,UniRef90_E5X3T8,1135,0.030015373058,9,0.9190283400809717,2.4303945795951415e-05
VogtmannE_2016,4018,UniRef90_B6VXE2,1135,0.0192134326297,9,0.9190283400809717,1.5557435327692307e-05
VogtmannE_2016,4019,UniRef90_C9KY34,1135,0.018231942576000002,9,0.9190283400809717,1.4762706539271257e-05
VogtmannE_2016,4020,UniRef90_B6VTI6,1135,0.0179818780823,9,0.9190283400809717,1.456022516785425e-05
VogtmannE_2016,4021,UniRef90_A0A076IYZ0,1135,0.0179049645798,9,0.9190283400809717,1.4497947028178136e-05
VogtmannE_2016,4022,UniRef90_A0A0P0M1U1,1135,0.0174527962379,9,0.9190283400809717,1.4131818816113361e-05
VogtmannE_2016,4023,UniRef90_A0A0M1W198,1135,0.017189063708,9,0.9190283400809717,1.3918270208906883e-05
VogtmannE_2016,4024,UniRef90_A0A076IXN5,1135,0.016573684593,9,0.9190283400809717,1.3419987524696358e-05
VogtmannE_2016,4025,UniRef90_A6L0V0,1135,0.016451754004,9,0.9190283400809717,1.3321258302834009e-05
VogtmannE_2016,4026,UniRef90_B6VY40,1135,0.0158627865709999,9,0.9190283400809717,1.2844361595951337e-05
VogtmannE_2016,4027,UniRef90_A0A0K2HQZ4,1135,0.0158437502012,9,0.9190283400809717,1.2828947531336033e-05
VogtmannE_2016,4028,UniRef90_D1K8F0,1135,0.0153820386631,9,0.9190283400809717,1.2455092034898784e-05
VogtmannE_2016,4029,UniRef90_A0A0P0LM59,1135,0.015284209282,9,0.9190283400809717,1.2375877961133603e-05
VogtmannE_2016,4030,UniRef90_A0A076IW16,1135,0.0146849928779,9,0.9190283400809717,1.1890682492226721e-05
VogtmannE_2016,4031,UniRef90_U6RNZ2,1135,0.0146070593533999,9,0.9190283400809717,1.1827578423805588e-05
VogtmannE_2016,4032,UniRef90_A0A076IWM1,1135,0.014347270497,9,0.9190283400809717,1.1617223074493928e-05
VogtmannE_2016,4033,UniRef90_D1JYS5,1135,0.014159769076,9,0.9190283400809717,1.1465400061538462e-05
VogtmannE_2016,4034,UniRef90_A6L1E7,1135,0.0138850261429,9,0.9190283400809717,1.1242936148097167e-05
VogtmannE_2016,4035,UniRef90_A0A078R9V4,1135,0.013874794599,9,0.9190283400809717,1.1234651497165992e-05
VogtmannE_2016,4036,UniRef90_A0A0K2HH20,1135,0.0138593497942,9,0.9190283400809717,1.1222145582348177e-05
VogtmannE_2016,4037,UniRef90_R9HJ27,1135,0.013796419411600001,9,0.9190283400809717,1.1171189806963563e-05
VogtmannE_2016,4038,UniRef90_A0A0M1W4Y2,1135,0.013793735773,9,0.9190283400809717,1.1169016820242916e-05
VogtmannE_2016,4039,UniRef90_A0A1Q6IXL9,1135,0.0137175631328,9,0.9190283400809717,1.1107338569068826e-05
VogtmannE_2016,4040,UniRef90_A6L5H1,1135,0.013679499346,9,0.9190283400809717,1.1076517689068827e-05
VogtmannE_2016,4041,UniRef90_A0A0P0LMU7,1135,0.0136430649794,9,0.9190283400809717,1.1047016177651821e-05
VogtmannE_2016,4042,UniRef90_A0A076J997,1135,0.013554894330000001,9,0.9190283400809717,1.0975622939271256e-05
VogtmannE_2016,4043,UniRef90_A0A0P0M688,1135,0.013448073631,9,0.9190283400809717,1.0889128446153846e-05
VogtmannE_2016,4044,UniRef90_A0A396F2S3,1135,0.013435374167,9,0.9190283400809717,1.0878845479352228e-05
VogtmannE_2016,4045,UniRef90_D1JZ97,1135,0.0134337740006,9,0.9190283400809717,1.087754979805668e-05
VogtmannE_2016,4046,UniRef90_A0A076J8S3,1135,0.013320718366400001,9,0.9190283400809717,1.0786006774412956e-05
VogtmannE_2016,4047,UniRef90_A0A396EWP3,1135,0.0132782413817,9,0.9190283400809717,1.0751612454817814e-05
VogtmannE_2016,4048,UniRef90_A0A0M1W7M2,1135,0.013176496963,9,0.9190283400809717,1.0669228310121458e-05
VogtmannE_2016,4049,UniRef90_A0A076J1S5,1135,0.013176300767700001,9,0.9190283400809717,1.0669069447530365e-05
VogtmannE_2016,4050,UniRef90_A0A076ILM0,1135,0.013158983353899999,9,0.9190283400809717,1.0655047250121456e-05
VogtmannE_2016,4051,UniRef90_A0A174JT31,1135,0.013117414051399899,9,0.9190283400809717,1.0621387895870364e-05
VogtmannE_2016,4052,UniRef90_A0A0K2HLD7,1135,0.0128646200679,9,0.9190283400809717,1.041669641125506e-05
VogtmannE_2016,4053,UniRef90_A0A0K2HKB4,1135,0.01285540485,9,0.9190283400809717,1.0409234696356275e-05
VogtmannE_2016,4054,UniRef90_D1JYP7,1135,0.012800109972,9,0.9190283400809717,1.0364461515789474e-05
VogtmannE_2016,4055,UniRef90_A0A0K2HLX7,1135,0.012544045323,9,0.9190283400809717,1.015712171902834e-05
VogtmannE_2016,4056,UniRef90_A0A0P0M5B6,1135,0.0125387499292999,9,0.9190283400809717,1.015283395085012e-05
VogtmannE_2016,4057,UniRef90_A0A076J7L9,1135,0.01251504017,9,0.9190283400809717,1.0133635765182187e-05
VogtmannE_2016,4058,UniRef90_A0A076IPI4,1135,0.012484348807,9,0.9190283400809717,1.0108784459109313e-05
VogtmannE_2016,4059,UniRef90_A0A0P0LCG0,1135,0.0124581075594,9,0.9190283400809717,1.0087536485344129e-05
VogtmannE_2016,4060,UniRef90_D4V4L9,1135,0.012447700090999901,9,0.9190283400809717,1.0079109385425022e-05
VogtmannE_2016,4061,UniRef90_A0A076IPV4,1135,0.012410508789,9,0.9190283400809717,1.0048994970850203e-05
VogtmannE_2016,4062,UniRef90_A0A0K2HNK2,1135,0.012403717965,9,0.9190283400809717,1.0043496327935223e-05
VogtmannE_2016,4063,UniRef90_A0A329U974,1135,0.012400163667000001,9,0.9190283400809717,1.0040618353846155e-05
VogtmannE_2016,4064,UniRef90_A0A174QTU0,1135,0.0122427390333,9,0.9190283400809717,9.913149014817814e-06
VogtmannE_2016,4065,UniRef90_A0A0M1W865,1135,0.0121897661323,9,0.9190283400809717,9.870255977570851e-06
VogtmannE_2016,4066,UniRef90_A0A174UQ44,1135,0.012184298476,9,0.9190283400809717,9.865828725506072e-06
VogtmannE_2016,4067,UniRef90_U6RGU2,1135,0.012109998011,9,0.9190283400809717,9.805666405668016e-06
VogtmannE_2016,4068,UniRef90_A0A076IMS7,1135,0.0120391940829999,9,0.9190283400809717,9.748335289878461e-06
VogtmannE_2016,4069,UniRef90_A0A396BKZ3,1135,0.0120368946575,9,0.9190283400809717,9.746473406882591e-06
VogtmannE_2016,4070,UniRef90_A0A076IV42,1135,0.0120143477279,9,0.9190283400809717,9.728216783724697e-06
VogtmannE_2016,4071,UniRef90_A0A076J8N9,1135,0.012001597029,9,0.9190283400809717,9.717892331174089e-06
VogtmannE_2016,4072,UniRef90_A0A076JA16,1135,0.0119695900625999,9,0.9190283400809717,9.691975759190202e-06
VogtmannE_2016,4073,UniRef90_A0A0P0M2M0,1135,0.0119273093238,9,0.9190283400809717,9.657740343157894e-06
VogtmannE_2016,4074,UniRef90_I8WL05,1135,0.011910440059,9,0.9190283400809717,9.644081019433198e-06
VogtmannE_2016,4075,UniRef90_A0A0M1VZN2,1135,0.011876997315999999,9,0.9190283400809717,9.617001875303643e-06
VogtmannE_2016,4076,UniRef90_I9QJ00,1135,0.0118408878452,9,0.9190283400809717,9.587763437408907e-06
VogtmannE_2016,4077,UniRef90_C3RFI9,1135,0.0118351398697,9,0.9190283400809717,9.583109206234817e-06
VogtmannE_2016,4078,UniRef90_U6RKH5,1135,0.011621084412,9,0.9190283400809717,9.409784948987854e-06
VogtmannE_2016,4079,UniRef90_R6LH10,1135,0.0116085384672,9,0.9190283400809717,9.39962628923077e-06
VogtmannE_2016,4080,UniRef90_A0A0N7J7J7,1135,0.011598903484,9,0.9190283400809717,9.39182468340081e-06
VogtmannE_2016,4081,UniRef90_A0A0N7J7H2,1135,0.011597645669,9,0.9190283400809717,9.390806209716599e-06
VogtmannE_2016,4082,UniRef90_A0A396F7I8,1135,0.0115592808447,9,0.9190283400809717,9.359741574655871e-06
VogtmannE_2016,4083,UniRef90_D4V4A4,1135,0.0115551449345,9,0.9190283400809717,9.35639265951417e-06
VogtmannE_2016,4084,UniRef90_A0A0P0M425,1135,0.0114206622542,9,0.9190283400809717,9.24749980097166e-06
VogtmannE_2016,4085,UniRef90_A6L3Y9,1135,0.011355681470999999,9,0.9190283400809717,9.194883782186233e-06
VogtmannE_2016,4086,UniRef90_A0A0P0LBG8,1135,0.011316767894000001,9,0.9190283400809717,9.163374812955467e-06
VogtmannE_2016,4087,UniRef90_A0A0P0M3F9,1135,0.011236686395,9,0.9190283400809717,9.098531493927127e-06
VogtmannE_2016,4088,UniRef90_C3RG91,1135,0.0112287903005,9,0.9190283400809717,9.092137895141701e-06
VogtmannE_2016,4089,UniRef90_A0A0K2HJ78,1135,0.0112183717278,9,0.9190283400809717,9.08370180388664e-06
VogtmannE_2016,4090,UniRef90_A0A380Z4H9,1135,0.0112069562587,9,0.9190283400809717,9.074458509068825e-06
VogtmannE_2016,4091,UniRef90_C3R4H6,1135,0.0111849911259,9,0.9190283400809717,9.056672976437248e-06
VogtmannE_2016,4092,UniRef90_B6VVC8,1135,0.011151539016,9,0.9190283400809717,9.029586247773279e-06
VogtmannE_2016,4093,UniRef90_A0A0P0L7S8,1135,0.0111488537658,9,0.9190283400809717,9.02741195611336e-06
VogtmannE_2016,4094,UniRef90_A6L3M0,1135,0.0111364884411,9,0.9190283400809717,9.017399547449393e-06
VogtmannE_2016,4095,UniRef90_A6L518,1135,0.011133173163999999,9,0.9190283400809717,9.014715112550607e-06
VogtmannE_2016,4096,UniRef90_A0A076IQZ0,1135,0.010999837440999999,9,0.9190283400809717,8.906750964372468e-06
VogtmannE_2016,4097,UniRef90_A0A0P0M4U0,1135,0.0109968721408,9,0.9190283400809717,8.904349911578948e-06
VogtmannE_2016,4098,UniRef90_R7E6D1,1135,0.0109453356027,9,0.9190283400809717,8.862619921214574e-06
VogtmannE_2016,4099,UniRef90_C3R7E6,1135,0.0109109301253,9,0.9190283400809717,8.834761235060729e-06
VogtmannE_2016,4100,UniRef90_A0A076J4Z8,1135,0.010844692436,9,0.9190283400809717,8.781127478542509e-06
VogtmannE_2016,4101,UniRef90_A0A076ISH2,1135,0.010812625252,9,0.9190283400809717,8.755162147368422e-06
VogtmannE_2016,4102,UniRef90_C3R7G4,1135,0.0107880654606,9,0.9190283400809717,8.73527567659919e-06
VogtmannE_2016,4103,UniRef90_A0A0P0LIQ9,1135,0.010781489906,9,0.9190283400809717,8.729951340890689e-06
VogtmannE_2016,4104,UniRef90_A0A076INA9,1135,0.0107814635356,9,0.9190283400809717,8.729929988340081e-06
VogtmannE_2016,4105,UniRef90_E5UYG4,1135,0.010775919406,9,0.9190283400809717,8.725440814574898e-06
VogtmannE_2016,4106,UniRef90_A0A076J4I8,1135,0.0107311788825,9,0.9190283400809717,8.689213670040485e-06
VogtmannE_2016,4107,UniRef90_A0A0K2HQD0,1135,0.0106481910978,9,0.9190283400809717,8.622017083238866e-06
VogtmannE_2016,4108,UniRef90_A0A0P0M5D9,1135,0.0106411095502,9,0.9190283400809717,8.61628303659919e-06
VogtmannE_2016,4109,UniRef90_A0A0P0L7F8,1135,0.010609973106,9,0.9190283400809717,8.591071340890689e-06
VogtmannE_2016,4110,UniRef90_I9R5N6,1135,0.0105419884223,9,0.9190283400809717,8.536023014008096e-06
VogtmannE_2016,4111,UniRef90_D1K4H1,1135,0.0105262854615,9,0.9190283400809717,8.523308065991902e-06
VogtmannE_2016,4112,UniRef90_A0A076IJS3,1135,0.010446852935,9,0.9190283400809717,8.458990230769231e-06
VogtmannE_2016,4113,UniRef90_B0G9J5,1135,0.010359359035,9,0.9190283400809717,8.388144967611335e-06
VogtmannE_2016,4114,UniRef90_A0A076IS79,1135,0.010311577419999999,9,0.9190283400809717,8.349455400809716e-06
VogtmannE_2016,4115,UniRef90_A0A0M1W7H8,1135,0.0102723084568,9,0.9190283400809717,8.317658669473684e-06
VogtmannE_2016,4116,UniRef90_A0A076IVW3,1135,0.0102552053072,9,0.9190283400809717,8.303809965344129e-06
VogtmannE_2016,4117,UniRef90_A0A174XCC5,1135,0.0099136964857,9,0.9190283400809717,8.02728460380567e-06
VogtmannE_2016,4118,UniRef90_D4KYQ2,1135,0.0097275910067,9,0.9190283400809717,7.87659190825911e-06
VogtmannE_2016,4119,UniRef90_A0A397WP29,1135,0.0094579767999,9,0.9190283400809717,7.658280809635627e-06
VogtmannE_2016,4120,UniRef90_A0A3E2WMI2,1135,0.008745338375500001,9,0.9190283400809717,7.081245648178138e-06
VogtmannE_2016,4121,UniRef90_A0A173UEF6,1135,0.0080196993046,9,0.9190283400809717,6.493683647449392e-06
VogtmannE_2016,4122,UniRef90_A8RK53,1135,0.007582698076,9,0.9190283400809717,6.139836498785425e-06
VogtmannE_2016,4123,UniRef90_R7KMM3,1135,0.0066672932834,9,0.9190283400809717,5.3986180432388665e-06
VogtmannE_2016,4124,UniRef90_K5CIT4,1135,0.0060185265719,9,0.9190283400809717,4.873300867935223e-06
VogtmannE_2016,4125,UniRef90_A0A139JYJ5,1135,0.0059647874636,9,0.9190283400809717,4.829787419919028e-06
VogtmannE_2016,4126,UniRef90_A0A0N7IA61,1135,0.005856985654,9,0.9190283400809717,4.742498505263158e-06
VogtmannE_2016,4127,UniRef90_A7A9G6,1135,0.0058277140363,9,0.9190283400809717,4.718796790526316e-06
VogtmannE_2016,4128,UniRef90_R6UXY8,1135,0.0057942328079,9,0.9190283400809717,4.6916864841295545e-06
VogtmannE_2016,4129,UniRef90_A0A0E9ECT9,1135,0.0057791424885,9,0.9190283400809717,4.679467602024292e-06
VogtmannE_2016,4130,UniRef90_A0A139JSL8,1135,0.0057637507008,9,0.9190283400809717,4.667004616032389e-06
VogtmannE_2016,4131,UniRef90_Q8AAP4,1135,0.0057025828207000005,9,0.9190283400809717,4.617475968178138e-06
VogtmannE_2016,4132,UniRef90_A0A174UHJ0,1135,0.005611901188499999,9,0.9190283400809717,4.544049545344129e-06
VogtmannE_2016,4133,UniRef90_R6KB72,1135,0.0055997394187,9,0.9190283400809717,4.534201958461538e-06
VogtmannE_2016,4134,UniRef90_F7MAB4,1135,0.0054999983018,9,0.9190283400809717,4.45343992048583e-06
VogtmannE_2016,4135,UniRef90_Q89ZK5,1135,0.0054915414942,9,0.9190283400809717,4.446592302995952e-06
VogtmannE_2016,4136,UniRef90_Q8G9D9,1135,0.0053788996493,9,0.9190283400809717,4.355384331417004e-06
VogtmannE_2016,4137,UniRef90_A0A0P0F0M4,1135,0.0053779230502,9,0.9190283400809717,4.35459356291498e-06
VogtmannE_2016,4138,UniRef90_A0A174QQT5,1135,0.0053331562327,9,0.9190283400809717,4.318345127692308e-06
VogtmannE_2016,4139,UniRef90_A5ZDC5,1135,0.0053190883926,9,0.9190283400809717,4.306954164048583e-06
VogtmannE_2016,4140,UniRef90_A0A1C5Z997,1135,0.00529870948521,9,0.9190283400809717,4.290453024461539e-06
VogtmannE_2016,4141,UniRef90_R6RV23,1135,0.0052549868043,9,0.9190283400809717,4.255050043967612e-06
VogtmannE_2016,4142,UniRef90_A0A174CHW0,1135,0.0052428563566,9,0.9190283400809717,4.245227819109312e-06
VogtmannE_2016,4143,UniRef90_D6D8E5,1135,0.0052009584613,9,0.9190283400809717,4.211302397813766e-06
VogtmannE_2016,4144,UniRef90_W6PH87,1135,0.0051021241402000005,9,0.9190283400809717,4.131274607449393e-06
VogtmannE_2016,4145,UniRef90_R5UHH3,1135,0.0050908381783,9,0.9190283400809717,4.1221361767611335e-06
VogtmannE_2016,4146,UniRef90_Q8A9A2,1135,0.0050207519802999995,9,0.9190283400809717,4.065386218866397e-06
VogtmannE_2016,4147,UniRef90_A0A1Q6H8R2,1135,0.0050204964204,9,0.9190283400809717,4.065179287773279e-06
VogtmannE_2016,4148,UniRef90_B5CSL1,1135,0.0048218556115,9,0.9190283400809717,3.904336527530364e-06
VogtmannE_2016,4149,UniRef90_A0A174DRY8,1135,0.0048176516808,9,0.9190283400809717,3.900932535060728e-06
VogtmannE_2016,4150,UniRef90_A0A1C7GZ20,1135,0.0045444352605,9,0.9190283400809717,3.67970466437247e-06
VogtmannE_2016,4151,UniRef90_Q8AAD2,1135,0.0043608794765,9,0.9190283400809717,3.5310764991902833e-06
VogtmannE_2016,4152,UniRef90_B0P977,1135,0.0034198573218,9,0.9190283400809717,2.7691152403238864e-06
VogtmannE_2016,4153,UniRef90_B0G307,1135,0.0027762862289,9,0.9190283400809717,2.2480050436437244e-06
VogtmannE_2016,4154,UniRef90_D7GQW1,1135,0.0021844419961999997,9,0.9190283400809717,1.7687789442914977e-06
VogtmannE_2016,4155,UniRef90_F4XGK8,1135,0.0065865937357,8,0.9190283400809717,5.333274279919028e-06
VogtmannE_2016,4156,UniRef90_A0A176U3W1,1134,0.1550028397408,9,0.9182186234817814,0.0001255083722597571
VogtmannE_2016,4157,UniRef90_C3R6N1,1134,0.0424087848266,9,0.9182186234817814,3.4339097025587046e-05
VogtmannE_2016,4158,UniRef90_A0A3E5EJF8,1134,0.0283471549922,9,0.9182186234817814,2.2953161937004047e-05
VogtmannE_2016,4159,UniRef90_A0A1Y4PSS9,1134,0.025370341122299998,9,0.9182186234817814,2.054278633384615e-05
VogtmannE_2016,4160,UniRef90_A0A0K2HI64,1134,0.024635234497000003,9,0.9182186234817814,1.9947558297165996e-05
VogtmannE_2016,4161,UniRef90_A0A076IW80,1134,0.0235410015959,9,0.9182186234817814,1.906153975376518e-05
VogtmannE_2016,4162,UniRef90_A0A3A6A667,1134,0.0221509772017,9,0.9182186234817814,1.7936013928502024e-05
VogtmannE_2016,4163,UniRef90_D4LFP4,1134,0.018637219017299998,9,0.9182186234817814,1.509086560105263e-05
VogtmannE_2016,4164,UniRef90_A0A329UPM4,1134,0.0183077373718,9,0.9182186234817814,1.4824078843562754e-05
VogtmannE_2016,4165,UniRef90_E5UNN5,1134,0.0171026693767,9,0.9182186234817814,1.3848315284777327e-05
VogtmannE_2016,4166,UniRef90_A0A0P0LBV1,1134,0.0170064906641,9,0.9182186234817814,1.3770437784696356e-05
VogtmannE_2016,4167,UniRef90_A0A076J496,1134,0.01697461758,9,0.9182186234817814,1.3744629619433199e-05
VogtmannE_2016,4168,UniRef90_B6W049,1134,0.016534051402,9,0.9182186234817814,1.3387895872064777e-05
VogtmannE_2016,4169,UniRef90_A0A076IYV9,1134,0.0161856512186,9,0.9182186234817814,1.310579046040486e-05
VogtmannE_2016,4170,UniRef90_B6VX38,1134,0.015892906658799902,9,0.9182186234817814,1.2868750331012066e-05
VogtmannE_2016,4171,UniRef90_A0A076IVI1,1134,0.0157936342065,9,0.9182186234817814,1.278836777854251e-05
VogtmannE_2016,4172,UniRef90_A0A174SX28,1134,0.0155969321412,9,0.9182186234817814,1.2629094851174089e-05
VogtmannE_2016,4173,UniRef90_A6KZP5,1134,0.014912675818,9,0.9182186234817814,1.2075041148178137e-05
VogtmannE_2016,4174,UniRef90_A0A0M1W874,1134,0.0145938563479999,9,0.9182186234817814,1.1816887731174008e-05
VogtmannE_2016,4175,UniRef90_A0A174NVL6,1134,0.0144480598507,9,0.9182186234817814,1.1698833887206477e-05
VogtmannE_2016,4176,UniRef90_A6KZV8,1134,0.014346000800999998,9,0.9182186234817814,1.16161949805668e-05
VogtmannE_2016,4177,UniRef90_A0A1Y3Z230,1134,0.0143422024828,9,0.9182186234817814,1.1613119419271256e-05
VogtmannE_2016,4178,UniRef90_A0A397WL89,1134,0.0142788325941,9,0.9182186234817814,1.1561807768502025e-05
VogtmannE_2016,4179,UniRef90_A0A076IQ44,1134,0.01422582147,9,0.9182186234817814,1.1518883781376519e-05
VogtmannE_2016,4180,UniRef90_A6L6Z8,1134,0.014078567183999902,9,0.9182186234817814,1.1399649541700325e-05
VogtmannE_2016,4181,UniRef90_R6L9G3,1134,0.013896975654900001,9,0.9182186234817814,1.1252611866315791e-05
VogtmannE_2016,4182,UniRef90_R6AJ99,1134,0.013871832309,9,0.9182186234817814,1.1232252881781376e-05
VogtmannE_2016,4183,UniRef90_E0S269,1134,0.0138126341156,9,0.9182186234817814,1.1184319121943321e-05
VogtmannE_2016,4184,UniRef90_A0A1H7IN38,1134,0.01380381946,9,0.9182186234817814,1.1177181748987854e-05
VogtmannE_2016,4185,UniRef90_C3RD22,1134,0.013776377105000001,9,0.9182186234817814,1.1154961218623482e-05
VogtmannE_2016,4186,UniRef90_A6L4J6,1134,0.0136733575607999,9,0.9182186234817814,1.1071544583643644e-05
VogtmannE_2016,4187,UniRef90_A0A076INP4,1134,0.0136386892213,9,0.9182186234817814,1.1043473053684211e-05
VogtmannE_2016,4188,UniRef90_A0A397WA18,1134,0.013619744158000002,9,0.9182186234817814,1.1028132921457492e-05
VogtmannE_2016,4189,UniRef90_C0B8K0,1134,0.013611624810900001,9,0.9182186234817814,1.1021558551336034e-05
VogtmannE_2016,4190,UniRef90_D4V5G9,1134,0.0134099658305,9,0.9182186234817814,1.0858271927530364e-05
VogtmannE_2016,4191,UniRef90_C6LD83,1134,0.0133288210492,9,0.9182186234817814,1.0792567651174088e-05
VogtmannE_2016,4192,UniRef90_A6L3G7,1134,0.0133126376255,9,0.9182186234817814,1.0779463664372469e-05
VogtmannE_2016,4193,UniRef90_A0A076J730,1134,0.013206339003599899,9,0.9182186234817814,1.0693391905748906e-05
VogtmannE_2016,4194,UniRef90_C3R6U6,1134,0.0131213350508,9,0.9182186234817814,1.062456279417004e-05
VogtmannE_2016,4195,UniRef90_A0A076IL23,1134,0.0130637942688,9,0.9182186234817814,1.0577971067854251e-05
VogtmannE_2016,4196,UniRef90_A0A0P0M4N6,1134,0.013051438004999999,9,0.9182186234817814,1.0567965995951416e-05
VogtmannE_2016,4197,UniRef90_C6Z107,1134,0.013050584665,9,0.9182186234817814,1.0567275032388664e-05
VogtmannE_2016,4198,UniRef90_A0A076JCH8,1134,0.012942150378,9,0.9182186234817814,1.0479473990283401e-05
VogtmannE_2016,4199,UniRef90_A0A076J170,1134,0.0129169089399,9,0.9182186234817814,1.0459035578866396e-05
VogtmannE_2016,4200,UniRef90_A6L6Z2,1134,0.012845549186,9,0.9182186234817814,1.0401254401619433e-05
VogtmannE_2016,4201,UniRef90_A0A139KEU4,1134,0.0128441487535,9,0.9182186234817814,1.0400120448178138e-05
VogtmannE_2016,4202,UniRef90_R6FCY4,1134,0.0128020862762,9,0.9182186234817814,1.0366061762105262e-05
VogtmannE_2016,4203,UniRef90_A0A174FJI5,1134,0.0127022293477,9,0.9182186234817814,1.0285205949554655e-05
VogtmannE_2016,4204,UniRef90_A0A076IRD8,1134,0.0126193141701,9,0.9182186234817814,1.0218068153927125e-05
VogtmannE_2016,4205,UniRef90_A6KX13,1134,0.0125032490877999,9,0.9182186234817814,1.0124088330202348e-05
VogtmannE_2016,4206,UniRef90_A0A076J478,1134,0.012478654559000001,9,0.9182186234817814,1.0104173731983806e-05
VogtmannE_2016,4207,UniRef90_A0A076IRX3,1134,0.012415088569199999,9,0.9182186234817814,1.0052703294898784e-05
VogtmannE_2016,4208,UniRef90_A0A1Q6J4T3,1134,0.012410307463,9,0.9182186234817814,1.0048831953846154e-05
VogtmannE_2016,4209,UniRef90_I9FWU9,1134,0.012338690676,9,0.9182186234817814,9.990842652631579e-06
VogtmannE_2016,4210,UniRef90_K9EA01,1134,0.0122796463749,9,0.9182186234817814,9.94303350194332e-06
VogtmannE_2016,4211,UniRef90_A0A076ISM4,1134,0.0122058471336,9,0.9182186234817814,9.883277031255061e-06
VogtmannE_2016,4212,UniRef90_A0A174THN8,1134,0.012182234689,9,0.9182186234817814,9.86415764291498e-06
VogtmannE_2016,4213,UniRef90_E6SQA1,1134,0.0121045013682,9,0.9182186234817814,9.801215682753036e-06
VogtmannE_2016,4214,UniRef90_A0A076INR7,1134,0.0120775183113,9,0.9182186234817814,9.779367053684211e-06
VogtmannE_2016,4215,UniRef90_A0A1Y4PL60,1134,0.0120103870297,9,0.9182186234817814,9.725009740647773e-06
VogtmannE_2016,4216,UniRef90_A0A0P0M4K7,1134,0.011881765685,9,0.9182186234817814,9.620862902834008e-06
VogtmannE_2016,4217,UniRef90_A6L4C3,1134,0.0118700460023,9,0.9182186234817814,9.611373281214575e-06
VogtmannE_2016,4218,UniRef90_A0A0M1W1W1,1134,0.011867326752,9,0.9182186234817814,9.609171459109311e-06
VogtmannE_2016,4219,UniRef90_U6RJ74,1134,0.011866057038,9,0.9182186234817814,9.608143350607287e-06
VogtmannE_2016,4220,UniRef90_A0A174PD41,1134,0.0118654046951,9,0.9182186234817814,9.607615137732794e-06
VogtmannE_2016,4221,UniRef90_A0A076IN26,1134,0.0118441508939999,9,0.9182186234817814,9.590405582186154e-06
VogtmannE_2016,4222,UniRef90_C6Z9G6,1134,0.0117940688903999,9,0.9182186234817814,9.549853352550525e-06
VogtmannE_2016,4223,UniRef90_A0A0M1W4E7,1134,0.011753710119300001,9,0.9182186234817814,9.517174185668018e-06
VogtmannE_2016,4224,UniRef90_A0A0P0LJZ6,1134,0.0116513124414,9,0.9182186234817814,9.434261086153846e-06
VogtmannE_2016,4225,UniRef90_A0A076IM21,1134,0.011612977546,9,0.9182186234817814,9.403220685020244e-06
VogtmannE_2016,4226,UniRef90_A0A3E4JLW8,1134,0.0115524661685,9,0.9182186234817814,9.354223618218624e-06
VogtmannE_2016,4227,UniRef90_A0A396F3X2,1134,0.011543548453000001,9,0.9182186234817814,9.347002795951418e-06
VogtmannE_2016,4228,UniRef90_A0A076ILZ8,1134,0.0113845066046,9,0.9182186234817814,9.218223971336032e-06
VogtmannE_2016,4229,UniRef90_D4VDR7,1134,0.0113781688844,9,0.9182186234817814,9.21309221408907e-06
VogtmannE_2016,4230,UniRef90_A0A0K2HLS7,1134,0.011377890583,9,0.9182186234817814,9.212866868825912e-06
VogtmannE_2016,4231,UniRef90_D4VD09,1134,0.0113497217532,9,0.9182186234817814,9.190058099757085e-06
VogtmannE_2016,4232,UniRef90_A0A0P0L737,1134,0.011241452776,9,0.9182186234817814,9.10239091174089e-06
VogtmannE_2016,4233,UniRef90_A0A0M1W1V7,1134,0.0110687776489,9,0.9182186234817814,8.962572995060728e-06
VogtmannE_2016,4234,UniRef90_A0A174PV06,1134,0.0110556730005,9,0.9182186234817814,8.951961943724696e-06
VogtmannE_2016,4235,UniRef90_A0A076J819,1134,0.0110519300479999,9,0.9182186234817814,8.948931212955386e-06
VogtmannE_2016,4236,UniRef90_C3RCZ2,1134,0.0110188424181,9,0.9182186234817814,8.922139609797571e-06
VogtmannE_2016,4237,UniRef90_A0A076IRT8,1134,0.010985374525199999,9,0.9182186234817814,8.895040101376518e-06
VogtmannE_2016,4238,UniRef90_D4VC87,1134,0.0107545763163,9,0.9182186234817814,8.708158960566802e-06
VogtmannE_2016,4239,UniRef90_D1JXH0,1134,0.010743040964700001,9,0.9182186234817814,8.698818594898786e-06
VogtmannE_2016,4240,UniRef90_A0A0K2HMI6,1134,0.010709513056,9,0.9182186234817814,8.67167049068826e-06
VogtmannE_2016,4241,UniRef90_D1K0U1,1134,0.01070167045,9,0.9182186234817814,8.665320202429151e-06
VogtmannE_2016,4242,UniRef90_A0A076ITS9,1134,0.010645187958,9,0.9182186234817814,8.619585391093117e-06
VogtmannE_2016,4243,UniRef90_A0A174HR35,1134,0.0105517067151999,9,0.9182186234817814,8.54389207708494e-06
VogtmannE_2016,4244,UniRef90_A6L5G8,1134,0.010471715242,9,0.9182186234817814,8.479121653441294e-06
VogtmannE_2016,4245,UniRef90_A0A076ITC1,1134,0.0104531070835,9,0.9182186234817814,8.464054318623481e-06
VogtmannE_2016,4246,UniRef90_A0A0K2HM03,1134,0.0103260296594,9,0.9182186234817814,8.361157618947369e-06
VogtmannE_2016,4247,UniRef90_A0A0P0M2A2,1134,0.0100992306548,9,0.9182186234817814,8.177514700242914e-06
VogtmannE_2016,4248,UniRef90_A0A0P0M3T5,1134,0.0100803895553999,9,0.9182186234817814,8.16225874931166e-06
VogtmannE_2016,4249,UniRef90_A0A174UVX5,1134,0.009810348323899999,9,0.9182186234817814,7.943601881700404e-06
VogtmannE_2016,4250,UniRef90_I9FYB2,1134,0.009754128554,9,0.9182186234817814,7.898079800809716e-06
VogtmannE_2016,4251,UniRef90_A6L3I9,1134,0.0097309763766,9,0.9182186234817814,7.879333098461539e-06
VogtmannE_2016,4252,UniRef90_A0A0M1W9X4,1134,0.009681533294,9,0.9182186234817814,7.839298213765182e-06
VogtmannE_2016,4253,UniRef90_A0A174GEG1,1134,0.009533241717,9,0.9182186234817814,7.719224062348179e-06
VogtmannE_2016,4254,UniRef90_A0A076J5A1,1134,0.009389209586,9,0.9182186234817814,7.6025988550607285e-06
VogtmannE_2016,4255,UniRef90_A0A076IKT1,1134,0.0092191479319,9,0.9182186234817814,7.464897110850203e-06
VogtmannE_2016,4256,UniRef90_A0A076IWW7,1134,0.008992300610999999,9,0.9182186234817814,7.281215069635626e-06
VogtmannE_2016,4257,UniRef90_R6DPK5,1134,0.0085386132695,9,0.9182186234817814,6.913856898380566e-06
VogtmannE_2016,4258,UniRef90_A0A396BB01,1134,0.0085007531043,9,0.9182186234817814,6.883200894170041e-06
VogtmannE_2016,4259,UniRef90_A0A174PQ98,1134,0.0084130690582,9,0.9182186234817814,6.812201666558705e-06
VogtmannE_2016,4260,UniRef90_A0A174ZPP6,1134,0.0082502770033,9,0.9182186234817814,6.6803862374898785e-06
VogtmannE_2016,4261,UniRef90_A6L3U8,1134,0.0080159907548,9,0.9182186234817814,6.490680773117408e-06
VogtmannE_2016,4262,UniRef90_A0A174DSX8,1134,0.0079719167939,9,0.9182186234817814,6.454993355384615e-06
VogtmannE_2016,4263,UniRef90_D4LT32,1134,0.0078175156566,9,0.9182186234817814,6.329972191578948e-06
VogtmannE_2016,4264,UniRef90_A0A174RU34,1134,0.0067901943785,9,0.9182186234817814,5.4981331e-06
VogtmannE_2016,4265,UniRef90_R5U3I7,1134,0.0063301912443,9,0.9182186234817814,5.1256609265587045e-06
VogtmannE_2016,4266,UniRef90_R6JDF1,1134,0.0060604975477000006,9,0.9182186234817814,4.907285463724697e-06
VogtmannE_2016,4267,UniRef90_U2E397,1134,0.0058476976072,9,0.9182186234817814,4.734977819595142e-06
VogtmannE_2016,4268,UniRef90_K5CDW4,1134,0.0055916698055,9,0.9182186234817814,4.5276678587044535e-06
VogtmannE_2016,4269,UniRef90_R6JLR1,1134,0.0055038529396,9,0.9182186234817814,4.4565610846963565e-06
VogtmannE_2016,4270,UniRef90_A0A139K806,1134,0.005398775920199999,9,0.9182186234817814,4.371478477894736e-06
VogtmannE_2016,4271,UniRef90_Q8A7Z4,1134,0.0053983517731,9,0.9182186234817814,4.371135038947368e-06
VogtmannE_2016,4272,UniRef90_R6VF67,1134,0.0053645030981,9,0.9182186234817814,4.343727204939271e-06
VogtmannE_2016,4273,UniRef90_R7KG98,1134,0.005283661877000001,9,0.9182186234817814,4.27826872631579e-06
VogtmannE_2016,4274,UniRef90_R6JNQ2,1134,0.00526079741,9,0.9182186234817814,4.259754987854251e-06
VogtmannE_2016,4275,UniRef90_A0A3E5HN35,1134,0.0051869951982999995,9,0.9182186234817814,4.1999961119838055e-06
VogtmannE_2016,4276,UniRef90_A0A395W259,1134,0.0051570943394,9,0.9182186234817814,4.17578489020243e-06
VogtmannE_2016,4277,UniRef90_D6CYU4,1134,0.0051497757434,9,0.9182186234817814,4.169858901538462e-06
VogtmannE_2016,4278,UniRef90_R7KJB9,1134,0.0051495934754,9,0.9182186234817814,4.16971131611336e-06
VogtmannE_2016,4279,UniRef90_N2A4L3,1134,0.0050397065355,9,0.9182186234817814,4.080734036842105e-06
VogtmannE_2016,4280,UniRef90_A5ZNT5,1134,0.00456008573902,9,0.9182186234817814,3.6923771166153847e-06
VogtmannE_2016,4281,UniRef90_R0AMJ6,1134,0.0045560573459,9,0.9182186234817814,3.689115259838057e-06
VogtmannE_2016,4282,UniRef90_Q8A800,1134,0.0045549694683,9,0.9182186234817814,3.6882343872874495e-06
VogtmannE_2016,4283,UniRef90_F0YZ57,1134,0.0042865165673,9,0.9182186234817814,3.4708636172469636e-06
VogtmannE_2016,4284,UniRef90_A0A173UDX4,1134,0.0039125418894,9,0.9182186234817814,3.168050112874494e-06
VogtmannE_2016,4285,UniRef90_A0A174E6L6,1134,0.0037264257683,9,0.9182186234817814,3.017348800242915e-06
VogtmannE_2016,4286,UniRef90_A0A0F0CL13,1134,0.0022092354853,9,0.9182186234817814,1.7888546439676115e-06
VogtmannE_2016,4287,UniRef90_U2QX48,1134,0.00084217421275,9,0.9182186234817814,6.819224394736842e-07
VogtmannE_2016,4288,UniRef90_E4W3C2,1133,0.031556399453400004,9,0.9174089068825911,2.555174044809717e-05
VogtmannE_2016,4289,UniRef90_H1HSA2,1133,0.024268627581,9,0.9174089068825911,1.9650710591902834e-05
VogtmannE_2016,4290,UniRef90_K0XC19,1133,0.02246339305316,9,0.9174089068825911,1.8188982229279353e-05
VogtmannE_2016,4291,UniRef90_R9HLX9,1133,0.020237358611,9,0.9174089068825911,1.6386525191093118e-05
VogtmannE_2016,4292,UniRef90_A0A395UP43,1133,0.018160704496,9,0.9174089068825911,1.470502388340081e-05
VogtmannE_2016,4293,UniRef90_A0A076IX96,1133,0.0178432832731,9,0.9174089068825911,1.44480026502834e-05
VogtmannE_2016,4294,UniRef90_A0A076ILA9,1133,0.0175060792165,9,0.9174089068825911,1.417496292834008e-05
VogtmannE_2016,4295,UniRef90_A0A0K2HJC0,1133,0.0173349682484,9,0.9174089068825911,1.4036411537165993e-05
VogtmannE_2016,4296,UniRef90_A0A2M9V5B5,1133,0.017010007529,9,0.9174089068825911,1.3773285448582997e-05
VogtmannE_2016,4297,UniRef90_A0A0P0M2T8,1133,0.0167801233,9,0.9174089068825911,1.3587144372469636e-05
VogtmannE_2016,4298,UniRef90_A0A076IRG9,1133,0.015961349362999998,9,0.9174089068825911,1.2924169524696354e-05
VogtmannE_2016,4299,UniRef90_A0A076IXU3,1133,0.01563457642,9,0.9174089068825911,1.2659576048582997e-05
VogtmannE_2016,4300,UniRef90_R7NYX4,1133,0.015064529241,9,0.9174089068825911,1.21979993854251e-05
VogtmannE_2016,4301,UniRef90_A0A076J7A4,1133,0.014923247350100002,9,0.9174089068825911,1.2083601093198381e-05
VogtmannE_2016,4302,UniRef90_A0A076J0X2,1133,0.0148257296748,9,0.9174089068825911,1.2004639412793523e-05
VogtmannE_2016,4303,UniRef90_A6KWD5,1133,0.01482494374,9,0.9174089068825911,1.2004003028340081e-05
VogtmannE_2016,4304,UniRef90_A0A076IWM8,1133,0.014542787550600001,9,0.9174089068825911,1.1775536478218625e-05
VogtmannE_2016,4305,UniRef90_A0A076J1I8,1133,0.014537152404,9,0.9174089068825911,1.1770973606477732e-05
VogtmannE_2016,4306,UniRef90_A0A076IQK4,1133,0.014479042151,9,0.9174089068825911,1.1723920770040486e-05
VogtmannE_2016,4307,UniRef90_E6SND0,1133,0.014462065635,9,0.9174089068825911,1.1710174603238866e-05
VogtmannE_2016,4308,UniRef90_C3RGN9,1133,0.014393379238,9,0.9174089068825911,1.1654558087449393e-05
VogtmannE_2016,4309,UniRef90_A0A396B769,1133,0.014311754207899999,9,0.9174089068825911,1.1588464945668015e-05
VogtmannE_2016,4310,UniRef90_A0A0P0M4I6,1133,0.0142012305494,9,0.9174089068825911,1.1498972104777328e-05
VogtmannE_2016,4311,UniRef90_A0A076J290,1133,0.0141734595759,9,0.9174089068825911,1.1476485486558705e-05
VogtmannE_2016,4312,UniRef90_A0A0M1W6C7,1133,0.0140866447302,9,0.9174089068825911,1.1406190064939272e-05
VogtmannE_2016,4313,UniRef90_A0A076IWH6,1133,0.01392686023,9,0.9174089068825911,1.1276809902834007e-05
VogtmannE_2016,4314,UniRef90_A0A076IXG0,1133,0.0136468825344999,9,0.9174089068825911,1.1050107315384534e-05
VogtmannE_2016,4315,UniRef90_A0A0P0LCQ4,1133,0.0136351093242,9,0.9174089068825911,1.1040574351578947e-05
VogtmannE_2016,4316,UniRef90_R5S6M9,1133,0.0135729236045,9,0.9174089068825911,1.0990221542105263e-05
VogtmannE_2016,4317,UniRef90_B5CXI4,1133,0.0135398843887,9,0.9174089068825911,1.0963469140647772e-05
VogtmannE_2016,4318,UniRef90_A0A0P0LQC2,1133,0.013513793731300001,9,0.9174089068825911,1.0942343102267207e-05
VogtmannE_2016,4319,UniRef90_A0A076J905,1133,0.0133639238534,9,0.9174089068825911,1.0820990974412955e-05
VogtmannE_2016,4320,UniRef90_A0A076J4M9,1133,0.0132995392933,9,0.9174089068825911,1.076885772736842e-05
VogtmannE_2016,4321,UniRef90_A6L7K0,1133,0.0132136873705,9,0.9174089068825911,1.0699342000404859e-05
VogtmannE_2016,4322,UniRef90_A0A0K2HKI6,1133,0.0130556883981,9,0.9174089068825911,1.0571407609797571e-05
VogtmannE_2016,4323,UniRef90_A0A076J3D2,1133,0.01303941778,9,0.9174089068825911,1.0558233020242915e-05
VogtmannE_2016,4324,UniRef90_A0A380ZS86,1133,0.0129320324739,9,0.9174089068825911,1.0471281355384615e-05
VogtmannE_2016,4325,UniRef90_A0A076J6H3,1133,0.0129190436547,9,0.9174089068825911,1.0460764092874494e-05
VogtmannE_2016,4326,UniRef90_U3KUT8,1133,0.012901823804500001,9,0.9174089068825911,1.0446820894331985e-05
VogtmannE_2016,4327,UniRef90_A0A0K2HND2,1133,0.0128751140721,9,0.9174089068825911,1.0425193580647772e-05
VogtmannE_2016,4328,UniRef90_A0A076IQ53,1133,0.012802018722,9,0.9174089068825911,1.0366007062348179e-05
VogtmannE_2016,4329,UniRef90_A0A0M1W857,1133,0.01279175521,9,0.9174089068825911,1.035769652631579e-05
VogtmannE_2016,4330,UniRef90_A0A0N7J7B1,1133,0.012584674446,9,0.9174089068825911,1.0190019794331983e-05
VogtmannE_2016,4331,UniRef90_A0A076IKH5,1133,0.0124619452645999,9,0.9174089068825911,1.0090643938947286e-05
VogtmannE_2016,4332,UniRef90_R6LLM3,1133,0.012425969580100001,9,0.9174089068825911,1.0061513830040486e-05
VogtmannE_2016,4333,UniRef90_A0A1Y3ZLJ5,1133,0.0124019647704,9,0.9174089068825911,1.0042076737165992e-05
VogtmannE_2016,4334,UniRef90_A0A076IPF6,1133,0.0123955757447,9,0.9174089068825911,1.0036903437004049e-05
VogtmannE_2016,4335,UniRef90_A0A076ITM9,1133,0.0123022582489,9,0.9174089068825911,9.961342711659919e-06
VogtmannE_2016,4336,UniRef90_A0A076ITU9,1133,0.0122498911059,9,0.9174089068825911,9.918940166720647e-06
VogtmannE_2016,4337,UniRef90_E6SQH5,1133,0.0122203701379999,9,0.9174089068825911,9.895036548987772e-06
VogtmannE_2016,4338,UniRef90_A0A076IST7,1133,0.0122068342829999,9,0.9174089068825911,9.884076342510039e-06
VogtmannE_2016,4339,UniRef90_A0A3E4T1A0,1133,0.012191055052,9,0.9174089068825911,9.871299637246964e-06
VogtmannE_2016,4340,UniRef90_A0A174MZJ7,1133,0.012174547382600001,9,0.9174089068825911,9.857933103319838e-06
VogtmannE_2016,4341,UniRef90_C4ZFB9,1133,0.0121430260307,9,0.9174089068825911,9.832409741457489e-06
VogtmannE_2016,4342,UniRef90_A0A174SUA3,1133,0.0121092400122,9,0.9174089068825911,9.80505264145749e-06
VogtmannE_2016,4343,UniRef90_R6M7Y6,1133,0.0121037357503,9,0.9174089068825911,9.80059574923077e-06
VogtmannE_2016,4344,UniRef90_A0A139K3M5,1133,0.012075400614,9,0.9174089068825911,9.77765231902834e-06
VogtmannE_2016,4345,UniRef90_A0A139KLM2,1133,0.011966408939,9,0.9174089068825911,9.689399950607289e-06
VogtmannE_2016,4346,UniRef90_A0A3E4TRJ7,1133,0.0119095082003,9,0.9174089068825911,9.643326477975709e-06
VogtmannE_2016,4347,UniRef90_A0A0P0LCJ9,1133,0.0119052428937,9,0.9174089068825911,9.639872788421051e-06
VogtmannE_2016,4348,UniRef90_R6G829,1133,0.0118433014257,9,0.9174089068825911,9.589717753603238e-06
VogtmannE_2016,4349,UniRef90_A0A0P0M4B8,1133,0.011830776255,9,0.9174089068825911,9.579575914979757e-06
VogtmannE_2016,4350,UniRef90_I8ZDF3,1133,0.0118294717185,9,0.9174089068825911,9.578519610121457e-06
VogtmannE_2016,4351,UniRef90_A6L4C4,1133,0.0118210426514,9,0.9174089068825911,9.571694454574899e-06
VogtmannE_2016,4352,UniRef90_A0A174JGL0,1133,0.011799954225,9,0.9174089068825911,9.554618805668016e-06
VogtmannE_2016,4353,UniRef90_A6L162,1133,0.0117052853171,9,0.9174089068825911,9.47796381951417e-06
VogtmannE_2016,4354,UniRef90_A0A076J475,1133,0.0117052268443,9,0.9174089068825911,9.47791647311741e-06
VogtmannE_2016,4355,UniRef90_B0NTN7,1133,0.0114964221657,9,0.9174089068825911,9.308843858866396e-06
VogtmannE_2016,4356,UniRef90_A0A1Y4P963,1133,0.011412702289000001,9,0.9174089068825911,9.241054485020244e-06
VogtmannE_2016,4357,UniRef90_A0A076J0V1,1133,0.0112776405397,9,0.9174089068825911,9.131692744696357e-06
VogtmannE_2016,4358,UniRef90_A0A0M1W2B1,1133,0.011274756680299999,9,0.9174089068825911,9.129357635870444e-06
VogtmannE_2016,4359,UniRef90_A0A0K2HLI9,1133,0.011263156329,9,0.9174089068825911,9.119964638866397e-06
VogtmannE_2016,4360,UniRef90_A0A0E2H6G8,1133,0.011257806634,9,0.9174089068825911,9.115632902024292e-06
VogtmannE_2016,4361,UniRef90_A0A1H7IC77,1133,0.0112140508098,9,0.9174089068825911,9.0802030848583e-06
VogtmannE_2016,4362,UniRef90_A0A174K035,1133,0.0110699401108,9,0.9174089068825911,8.963514259757085e-06
VogtmannE_2016,4363,UniRef90_A0A0K2HN34,1133,0.011035571241900001,9,0.9174089068825911,8.93568521611336e-06
VogtmannE_2016,4364,UniRef90_A0A397WGQ8,1133,0.0110329129758,9,0.9174089068825911,8.933532773927125e-06
VogtmannE_2016,4365,UniRef90_G2T389,1133,0.011020677728899999,9,0.9174089068825911,8.923625691417003e-06
VogtmannE_2016,4366,UniRef90_D1JYT5,1133,0.0109736514554,9,0.9174089068825911,8.885547737165991e-06
VogtmannE_2016,4367,UniRef90_I8VUX9,1133,0.0108433940493999,9,0.9174089068825911,8.780076153360243e-06
VogtmannE_2016,4368,UniRef90_D4V6X7,1133,0.0107858469179999,9,0.9174089068825911,8.733479285829878e-06
VogtmannE_2016,4369,UniRef90_D4V7Q6,1133,0.01077453989,9,0.9174089068825911,8.724323797570851e-06
VogtmannE_2016,4370,UniRef90_A0A174ANF9,1133,0.010661224422399999,9,0.9174089068825911,8.63257038251012e-06
VogtmannE_2016,4371,UniRef90_A0A076IPZ4,1133,0.010585691225099999,9,0.9174089068825911,8.571409898866395e-06
VogtmannE_2016,4372,UniRef90_R9HEY4,1133,0.0104277747106,9,0.9174089068825911,8.443542275789474e-06
VogtmannE_2016,4373,UniRef90_D9QZL6,1133,0.0104210810564,9,0.9174089068825911,8.438122312874494e-06
VogtmannE_2016,4374,UniRef90_A6L4Y5,1133,0.0103929873150999,9,0.9174089068825911,8.415374344210445e-06
VogtmannE_2016,4375,UniRef90_A0A076J7X9,1133,0.010287546748999999,9,0.9174089068825911,8.329997367611335e-06
VogtmannE_2016,4376,UniRef90_B6VZW4,1133,0.0102184434486,9,0.9174089068825911,8.274043278218624e-06
VogtmannE_2016,4377,UniRef90_I8WVC1,1133,0.0101821085988,9,0.9174089068825911,8.244622347206477e-06
VogtmannE_2016,4378,UniRef90_A0A0M1VYU8,1133,0.0101194835249,9,0.9174089068825911,8.19391378534413e-06
VogtmannE_2016,4379,UniRef90_A0A2X2UGW3,1133,0.010028869239200001,9,0.9174089068825911,8.12054189408907e-06
VogtmannE_2016,4380,UniRef90_A0A0K2HLT7,1133,0.0099522385286,9,0.9174089068825911,8.058492735708502e-06
VogtmannE_2016,4381,UniRef90_A0A381KK71,1133,0.0099414032805,9,0.9174089068825911,8.049719255465586e-06
VogtmannE_2016,4382,UniRef90_B6VS41,1133,0.0099058151274999,9,0.9174089068825911,8.020902937246883e-06
VogtmannE_2016,4383,UniRef90_A0A173T4W8,1133,0.009869424998,9,0.9174089068825911,7.99143724534413e-06
VogtmannE_2016,4384,UniRef90_I9FIN4,1133,0.009757203669,9,0.9174089068825911,7.900569772469635e-06
VogtmannE_2016,4385,UniRef90_A0A076IQL8,1133,0.0096696994533,9,0.9174089068825911,7.829716156518218e-06
VogtmannE_2016,4386,UniRef90_A0A0P0LI21,1133,0.0095136634763,9,0.9174089068825911,7.703371235870445e-06
VogtmannE_2016,4387,UniRef90_A0A076JAR5,1133,0.0095096615047,9,0.9174089068825911,7.700130773036437e-06
VogtmannE_2016,4388,UniRef90_A0A076IQL9,1133,0.00940230106,9,0.9174089068825911,7.613199238866396e-06
VogtmannE_2016,4389,UniRef90_D4K8F3,1133,0.0093883490699,9,0.9174089068825911,7.601902080890688e-06
VogtmannE_2016,4390,UniRef90_A0A0K2HP71,1133,0.0093489197849999,9,0.9174089068825911,7.569975534412875e-06
VogtmannE_2016,4391,UniRef90_A6L677,1133,0.0092146692164,9,0.9174089068825911,7.461270620566802e-06
VogtmannE_2016,4392,UniRef90_B0P2U4,1133,0.0090425313109,9,0.9174089068825911,7.321887701133603e-06
VogtmannE_2016,4393,UniRef90_A0A174SFY1,1133,0.009017683460600001,9,0.9174089068825911,7.301767984291499e-06
VogtmannE_2016,4394,UniRef90_A0A0N7J7F4,1133,0.0088716164139,9,0.9174089068825911,7.183495071983805e-06
VogtmannE_2016,4395,UniRef90_A0A174X9E8,1133,0.0086096625019,9,0.9174089068825911,6.971386641214575e-06
VogtmannE_2016,4396,UniRef90_R5C7N3,1133,0.0084398135236,9,0.9174089068825911,6.833857104129554e-06
VogtmannE_2016,4397,UniRef90_A0A1H7Q5C6,1133,0.0083012588813,9,0.9174089068825911,6.721667110364373e-06
VogtmannE_2016,4398,UniRef90_A0A374NP55,1133,0.008075044291799999,9,0.9174089068825911,6.538497402267206e-06
VogtmannE_2016,4399,UniRef90_A0A1Q6SYH8,1133,0.0080602416411,9,0.9174089068825911,6.526511450283401e-06
VogtmannE_2016,4400,UniRef90_R7P4C3,1133,0.0070549890367,9,0.9174089068825911,5.712541730121457e-06
VogtmannE_2016,4401,UniRef90_A0A0K6BRZ6,1133,0.0070518665475,9,0.9174089068825911,5.710013398785425e-06
VogtmannE_2016,4402,UniRef90_R0BG18,1133,0.0070218529282,9,0.9174089068825911,5.685710873036437e-06
VogtmannE_2016,4403,UniRef90_Q8A275,1133,0.006329038352,9,0.9174089068825911,5.124727410526315e-06
VogtmannE_2016,4404,UniRef90_A0A3D2LTE3,1133,0.0062855290652999996,9,0.9174089068825911,5.089497218866396e-06
VogtmannE_2016,4405,UniRef90_R6J894,1133,0.0061117013376,9,0.9174089068825911,4.948746022348178e-06
VogtmannE_2016,4406,UniRef90_Q8A749,1133,0.0060307623172,9,0.9174089068825911,4.883208354008097e-06
VogtmannE_2016,4407,UniRef90_A0A0G8GBQ2,1133,0.0059873267017000005,9,0.9174089068825911,4.848037815141701e-06
VogtmannE_2016,4408,UniRef90_R6K4B6,1133,0.0059013640454,9,0.9174089068825911,4.778432425425101e-06
VogtmannE_2016,4409,UniRef90_A0A3E5HFG8,1133,0.0057780019104,9,0.9174089068825911,4.678544057004048e-06
VogtmannE_2016,4410,UniRef90_A5Z317,1133,0.00547110657865,9,0.9174089068825911,4.430045812672065e-06
VogtmannE_2016,4411,UniRef90_R6KAT3,1133,0.005371196187,9,0.9174089068825911,4.3491467101214576e-06
VogtmannE_2016,4412,UniRef90_A0A396E9M3,1133,0.0052558192237999995,9,0.9174089068825911,4.2557240678542504e-06
VogtmannE_2016,4413,UniRef90_A0A174L4C6,1133,0.005250006537700001,9,0.9174089068825911,4.251017439433199e-06
VogtmannE_2016,4414,UniRef90_R6JCH8,1133,0.0051819930268,9,0.9174089068825911,4.195945770688259e-06
VogtmannE_2016,4415,UniRef90_A0A395ZXG6,1133,0.0051423837329,9,0.9174089068825911,4.163873467935222e-06
VogtmannE_2016,4416,UniRef90_Q89Z26,1133,0.005140669745,9,0.9174089068825911,4.162485623481781e-06
VogtmannE_2016,4417,UniRef90_Q89ZR8,1133,0.0050250000396,9,0.9174089068825911,4.068825942995952e-06
VogtmannE_2016,4418,UniRef90_C9KYI7,1133,0.0049144198011,9,0.9174089068825911,3.979287288340081e-06
VogtmannE_2016,4419,UniRef90_A5Z4A2,1133,0.0048735295724,9,0.9174089068825911,3.9461777914170045e-06
VogtmannE_2016,4420,UniRef90_A0A0P0F0H3,1133,0.0048418654742,9,0.9174089068825911,3.920538845506073e-06
VogtmannE_2016,4421,UniRef90_Q8A7T2,1133,0.00473890753,9,0.9174089068825911,3.837172089068826e-06
VogtmannE_2016,4422,UniRef90_A0A396G8F1,1133,0.0046073868887,9,0.9174089068825911,3.7306776426720644e-06
VogtmannE_2016,4423,UniRef90_R6JHI4,1133,0.0037969576095,9,0.9174089068825911,3.0744596028340083e-06
VogtmannE_2016,4424,UniRef90_A6NXF7,1133,0.0033523666074,9,0.9174089068825911,2.714466888582996e-06
VogtmannE_2016,4425,UniRef90_R6Q8L0,1132,0.2756136325959,9,0.9165991902834008,0.00022316893327603237
VogtmannE_2016,4426,UniRef90_A8S9X2,1132,0.059446886174,9,0.9165991902834008,4.813513050526316e-05
VogtmannE_2016,4427,UniRef90_C0B5M8,1132,0.0351841696326,9,0.9165991902834008,2.8489206180242917e-05
VogtmannE_2016,4428,UniRef90_A6KZL6,1132,0.028443613234000003,9,0.9165991902834008,2.3031265776518222e-05
VogtmannE_2016,4429,UniRef90_A0A076J0M1,1132,0.021426222715,9,0.9165991902834008,1.73491681902834e-05
VogtmannE_2016,4430,UniRef90_A0A0K2HIQ6,1132,0.0192175145214,9,0.9165991902834008,1.5560740503157897e-05
VogtmannE_2016,4431,UniRef90_A0A0K2HNU9,1132,0.0175500933497,9,0.9165991902834008,1.4210601902591094e-05
VogtmannE_2016,4432,UniRef90_A0A396ALX3,1132,0.01697169212,9,0.9165991902834008,1.3742260825910932e-05
VogtmannE_2016,4433,UniRef90_A0A174HVY2,1132,0.0167441856576,9,0.9165991902834008,1.3558045066882592e-05
VogtmannE_2016,4434,UniRef90_A6L4T6,1132,0.0153307266999999,9,0.9165991902834008,1.2413543886639595e-05
VogtmannE_2016,4435,UniRef90_C3R5Y5,1132,0.014840886639399899,9,0.9165991902834008,1.20169122586234e-05
VogtmannE_2016,4436,UniRef90_I8WIS4,1132,0.014558843322599999,9,0.9165991902834008,1.1788537103319837e-05
VogtmannE_2016,4437,UniRef90_F3PNG5,1132,0.0144619815233,9,0.9165991902834008,1.171010649659919e-05
VogtmannE_2016,4438,UniRef90_D4L105,1132,0.014388461888400001,9,0.9165991902834008,1.1650576427854252e-05
VogtmannE_2016,4439,UniRef90_A0A1Y4P8U0,1132,0.0139560116916,9,0.9165991902834008,1.1300414325182187e-05
VogtmannE_2016,4440,UniRef90_A6L391,1132,0.0136081645249,9,0.9165991902834008,1.1018756700323886e-05
VogtmannE_2016,4441,UniRef90_A6LEJ4,1132,0.013478304226600001,9,0.9165991902834008,1.0913606661214576e-05
VogtmannE_2016,4442,UniRef90_A0A076IQK0,1132,0.013423353128,9,0.9165991902834008,1.0869111844534413e-05
VogtmannE_2016,4443,UniRef90_A6L4J3,1132,0.013256969697,9,0.9165991902834008,1.0734388418623482e-05
VogtmannE_2016,4444,UniRef90_A0A139K8I3,1132,0.0130710126682,9,0.9165991902834008,1.0583815925668016e-05
VogtmannE_2016,4445,UniRef90_R6AJF3,1132,0.0129347125788,9,0.9165991902834008,1.0473451480809716e-05
VogtmannE_2016,4446,UniRef90_D4VDN7,1132,0.012888386027299999,9,0.9165991902834008,1.0435940103076922e-05
VogtmannE_2016,4447,UniRef90_D4VEH1,1132,0.0128419613863,9,0.9165991902834008,1.0398349300647772e-05
VogtmannE_2016,4448,UniRef90_A0A139KJ68,1132,0.0127976867347,9,0.9165991902834008,1.0362499380323887e-05
VogtmannE_2016,4449,UniRef90_A0A174J8G7,1132,0.0127661704849999,9,0.9165991902834008,1.033698014979749e-05
VogtmannE_2016,4450,UniRef90_A0A174JLB0,1132,0.0127166753698,9,0.9165991902834008,1.0296903133441296e-05
VogtmannE_2016,4451,UniRef90_A0A076J021,1132,0.012707960095,9,0.9165991902834008,1.028984623076923e-05
VogtmannE_2016,4452,UniRef90_E6SNW0,1132,0.0125952379615,9,0.9165991902834008,1.0198573248178138e-05
VogtmannE_2016,4453,UniRef90_A0A076J743,1132,0.012489254715,9,0.9165991902834008,1.0112756854251012e-05
VogtmannE_2016,4454,UniRef90_A0A076J5P1,1132,0.012474506506900001,9,0.9165991902834008,1.010081498534413e-05
VogtmannE_2016,4455,UniRef90_A0A076IJH7,1132,0.012454406167,9,0.9165991902834008,1.0084539406477733e-05
VogtmannE_2016,4456,UniRef90_R5S4K0,1132,0.0124325851069,9,0.9165991902834008,1.0066870531902835e-05
VogtmannE_2016,4457,UniRef90_A0A076J5K2,1132,0.012404157403,9,0.9165991902834008,1.0043852148178139e-05
VogtmannE_2016,4458,UniRef90_I8WPD5,1132,0.0122105317361,9,0.9165991902834008,9.88707023165992e-06
VogtmannE_2016,4459,UniRef90_A0A174LKA3,1132,0.012167757499,9,0.9165991902834008,9.852435221862349e-06
VogtmannE_2016,4460,UniRef90_A0A076IR24,1132,0.012016781648,9,0.9165991902834008,9.730187569230769e-06
VogtmannE_2016,4461,UniRef90_A6KXK6,1132,0.0119930235057,9,0.9165991902834008,9.710950207044535e-06
VogtmannE_2016,4462,UniRef90_A0A0P0L774,1132,0.0118733888986,9,0.9165991902834008,9.614080079838056e-06
VogtmannE_2016,4463,UniRef90_A0A0K2HLJ3,1132,0.0117370469932,9,0.9165991902834008,9.503681775870446e-06
VogtmannE_2016,4464,UniRef90_D4V8P6,1132,0.011692808836099999,9,0.9165991902834008,9.467861405748986e-06
VogtmannE_2016,4465,UniRef90_A0A076IX93,1132,0.011666536993,9,0.9165991902834008,9.446588658299594e-06
VogtmannE_2016,4466,UniRef90_A0A174S739,1132,0.0116484856651,9,0.9165991902834008,9.431972198461538e-06
VogtmannE_2016,4467,UniRef90_A0A174I7X5,1132,0.0116399951281,9,0.9165991902834008,9.425097269716599e-06
VogtmannE_2016,4468,UniRef90_A0A0P0M403,1132,0.011583587670100001,9,0.9165991902834008,9.37942321465587e-06
VogtmannE_2016,4469,UniRef90_D1K4U8,1132,0.011548419672,9,0.9165991902834008,9.350947102834009e-06
VogtmannE_2016,4470,UniRef90_A0A076IRW6,1132,0.0114894291378,9,0.9165991902834008,9.303181488097165e-06
VogtmannE_2016,4471,UniRef90_A0A0K2HKG3,1132,0.0113800783218,9,0.9165991902834008,9.214638317246963e-06
VogtmannE_2016,4472,UniRef90_A0A0M1W813,1132,0.011378215414,9,0.9165991902834008,9.213129889878543e-06
VogtmannE_2016,4473,UniRef90_A0A3E4JQ51,1132,0.011290534215,9,0.9165991902834008,9.142132967611336e-06
VogtmannE_2016,4474,UniRef90_A0A0K2HKF7,1132,0.011247034778,9,0.9165991902834008,9.106910751417005e-06
VogtmannE_2016,4475,UniRef90_A6L683,1132,0.0112455992714,9,0.9165991902834008,9.105748397894736e-06
VogtmannE_2016,4476,UniRef90_A0A076IQW0,1132,0.011087620248,9,0.9165991902834008,8.977830160323887e-06
VogtmannE_2016,4477,UniRef90_D1K9Z0,1132,0.0110472680945,9,0.9165991902834008,8.945156351821863e-06
VogtmannE_2016,4478,UniRef90_R6KBC2,1132,0.010984438291399999,9,0.9165991902834008,8.894282017327934e-06
VogtmannE_2016,4479,UniRef90_D3AGE9,1132,0.0109791002078,9,0.9165991902834008,8.889959682429149e-06
VogtmannE_2016,4480,UniRef90_A6L7B8,1132,0.0109503943087,9,0.9165991902834008,8.866716039433198e-06
VogtmannE_2016,4481,UniRef90_A0A139KHM5,1132,0.0109194769637,9,0.9165991902834008,8.841681751983804e-06
VogtmannE_2016,4482,UniRef90_C7H604,1132,0.0109033745823,9,0.9165991902834008,8.828643386477733e-06
VogtmannE_2016,4483,UniRef90_I8VXQ4,1132,0.010890851845,9,0.9165991902834008,8.818503518218623e-06
VogtmannE_2016,4484,UniRef90_A0A291T9W5,1132,0.010860574735499999,9,0.9165991902834008,8.79398764008097e-06
VogtmannE_2016,4485,UniRef90_A0A076IS09,1132,0.0108038424463,9,0.9165991902834008,8.748050563805669e-06
VogtmannE_2016,4486,UniRef90_A0A173X1R1,1132,0.010700130862,9,0.9165991902834008,8.664073572469635e-06
VogtmannE_2016,4487,UniRef90_A0A0P0L7H2,1132,0.0106217144995,9,0.9165991902834008,8.600578542105262e-06
VogtmannE_2016,4488,UniRef90_A0A1Y3ZDY4,1132,0.010534182878,9,0.9165991902834008,8.529702735222673e-06
VogtmannE_2016,4489,UniRef90_B6VUA6,1132,0.010313343473699998,9,0.9165991902834008,8.350885403805667e-06
VogtmannE_2016,4490,UniRef90_A6L4M5,1132,0.0102678100503,9,0.9165991902834008,8.314016235060729e-06
VogtmannE_2016,4491,UniRef90_A0A076INV6,1132,0.01022969991,9,0.9165991902834008,8.283157821862348e-06
VogtmannE_2016,4492,UniRef90_A0A0D8IXC8,1132,0.0101443776526,9,0.9165991902834008,8.214070973765181e-06
VogtmannE_2016,4493,UniRef90_A0A174Q8H0,1132,0.010014729212000001,9,0.9165991902834008,8.109092479352228e-06
VogtmannE_2016,4494,UniRef90_D1PP49,1132,0.0100146832387,9,0.9165991902834008,8.109055254008098e-06
VogtmannE_2016,4495,UniRef90_A0A076J4N6,1132,0.009996384589900001,9,0.9165991902834008,8.094238534331985e-06
VogtmannE_2016,4496,UniRef90_C3RAZ4,1132,0.0099692775667,9,0.9165991902834008,8.072289527692308e-06
VogtmannE_2016,4497,UniRef90_A0A0K2HM55,1132,0.0099585093756,9,0.9165991902834008,8.063570344615385e-06
VogtmannE_2016,4498,UniRef90_A0A397WKX4,1132,0.0099440793024,9,0.9165991902834008,8.051886074817814e-06
VogtmannE_2016,4499,UniRef90_A6L4J4,1132,0.00992837065,9,0.9165991902834008,8.039166518218624e-06
VogtmannE_2016,4500,UniRef90_A0A395ZY76,1132,0.0098814495245,9,0.9165991902834008,8.001173704048583e-06
VogtmannE_2016,4501,UniRef90_D1JNY9,1132,0.0098141481654,9,0.9165991902834008,7.946678676437247e-06
VogtmannE_2016,4502,UniRef90_A0A0P0GYG0,1132,0.0095683045903,9,0.9165991902834008,7.747615052874493e-06
VogtmannE_2016,4503,UniRef90_A6BF02,1132,0.0095338494228,9,0.9165991902834008,7.719716131821863e-06
VogtmannE_2016,4504,UniRef90_A0A174M2H9,1132,0.0095297247193,9,0.9165991902834008,7.716376290931174e-06
VogtmannE_2016,4505,UniRef90_A0A0P0M3Y1,1132,0.0094931657475,9,0.9165991902834008,7.686773884615386e-06
VogtmannE_2016,4506,UniRef90_C3R4T4,1132,0.0094927601978,9,0.9165991902834008,7.686445504291498e-06
VogtmannE_2016,4507,UniRef90_A0A174IY16,1132,0.009429878911,9,0.9165991902834008,7.635529482591093e-06
VogtmannE_2016,4508,UniRef90_D4LPV0,1132,0.0093989086454,9,0.9165991902834008,7.6104523444534415e-06
VogtmannE_2016,4509,UniRef90_A0A0K2HL40,1132,0.009373894383,9,0.9165991902834008,7.59019788097166e-06
VogtmannE_2016,4510,UniRef90_C3QN29,1132,0.009335602004299899,9,0.9165991902834008,7.5591919063157074e-06
VogtmannE_2016,4511,UniRef90_A0A0F0CLD1,1132,0.0090373430386,9,0.9165991902834008,7.317686670931174e-06
VogtmannE_2016,4512,UniRef90_R7DCX1,1132,0.0090275043417999,9,0.9165991902834008,7.309720114817733e-06
VogtmannE_2016,4513,UniRef90_A0A078R1I0,1132,0.0088217200358,9,0.9165991902834008,7.143093146396761e-06
VogtmannE_2016,4514,UniRef90_D4JA91,1132,0.0086827278477,9,0.9165991902834008,7.030548864534413e-06
VogtmannE_2016,4515,UniRef90_I9F208,1132,0.008267513046,9,0.9165991902834008,6.694342547368421e-06
VogtmannE_2016,4516,UniRef90_D4C8G0,1132,0.0081671617014,9,0.9165991902834008,6.613086397894737e-06
VogtmannE_2016,4517,UniRef90_R7GUH5,1132,0.0081382200008,9,0.9165991902834008,6.589651822510122e-06
VogtmannE_2016,4518,UniRef90_B0NMZ8,1132,0.0078078215267,9,0.9165991902834008,6.32212269368421e-06
VogtmannE_2016,4519,UniRef90_B7CDN2,1132,0.0073036823004,9,0.9165991902834008,5.913912793846153e-06
VogtmannE_2016,4520,UniRef90_A0A396FPX4,1132,0.0071603549685,9,0.9165991902834008,5.797858274089069e-06
VogtmannE_2016,4521,UniRef90_A0A3A9BZ67,1132,0.0064813748494,9,0.9165991902834008,5.248076801133603e-06
VogtmannE_2016,4522,UniRef90_A0A174BGK1,1132,0.006407230793,9,0.9165991902834008,5.1880411279352226e-06
VogtmannE_2016,4523,UniRef90_A0A396ECJ0,1132,0.0060135487404,9,0.9165991902834008,4.8692702351417e-06
VogtmannE_2016,4524,UniRef90_A0A396BUW3,1132,0.0059127353985,9,0.9165991902834008,4.787639998785425e-06
VogtmannE_2016,4525,UniRef90_C7H6S9,1132,0.0057814214179,9,0.9165991902834008,4.6813128889878544e-06
VogtmannE_2016,4526,UniRef90_B0MEZ9,1132,0.0056438057357,9,0.9165991902834008,4.569883186801619e-06
VogtmannE_2016,4527,UniRef90_Q8A2B0,1132,0.0054614713234,9,0.9165991902834008,4.4222439865587045e-06
VogtmannE_2016,4528,UniRef90_A0A174MIC0,1132,0.0054606910115,9,0.9165991902834008,4.421612155060728e-06
VogtmannE_2016,4529,UniRef90_A6BD02,1132,0.0053275285706,9,0.9165991902834008,4.313788316275304e-06
VogtmannE_2016,4530,UniRef90_I9URV1,1132,0.0052871008449,9,0.9165991902834008,4.281053315708502e-06
VogtmannE_2016,4531,UniRef90_D4WCV0,1132,0.0052253806683,9,0.9165991902834008,4.231077464210526e-06
VogtmannE_2016,4532,UniRef90_C9KVU8,1132,0.0050844792254,9,0.9165991902834008,4.1169872270445345e-06
VogtmannE_2016,4533,UniRef90_A0A1Q6HKH0,1132,0.0050550611085,9,0.9165991902834008,4.093166889473684e-06
VogtmannE_2016,4534,UniRef90_Q8ABA7,1132,0.0050410992637,9,0.9165991902834008,4.081861751983806e-06
VogtmannE_2016,4535,UniRef90_C7H649,1132,0.0049911877321,9,0.9165991902834008,4.041447556356275e-06
VogtmannE_2016,4536,UniRef90_A7B4T6,1132,0.0049486584163,9,0.9165991902834008,4.00701086340081e-06
VogtmannE_2016,4537,UniRef90_E9RY24,1132,0.0049424069513,9,0.9165991902834008,4.001948948421052e-06
VogtmannE_2016,4538,UniRef90_Q8A9S9,1132,0.0048024531069,9,0.9165991902834008,3.888625997489879e-06
VogtmannE_2016,4539,UniRef90_A0A174U8D5,1132,0.004668435475,9,0.9165991902834008,3.7801096963562752e-06
VogtmannE_2016,4540,UniRef90_E2ZJN5,1132,0.0044299300548,9,0.9165991902834008,3.5869878986234815e-06
VogtmannE_2016,4541,UniRef90_R6JLB4,1132,0.004402105573,9,0.9165991902834008,3.5644579538461535e-06
VogtmannE_2016,4542,UniRef90_D3ATF1,1132,0.0043725854868,9,0.9165991902834008,3.5405550500404855e-06
VogtmannE_2016,4543,UniRef90_T4NZG2,1132,0.00345931164373,9,0.9165991902834008,2.8010620597004046e-06
VogtmannE_2016,4544,UniRef90_R5J6B6,1132,0.0027784493141,9,0.9165991902834008,2.2497565296356277e-06
VogtmannE_2016,4545,UniRef90_U2DPG2,1132,0.0140529698452,8,0.9165991902834008,1.1378922951578948e-05
VogtmannE_2016,4546,UniRef90_T4C1L2,1131,1.7186471865132997,9,0.9157894736842105,0.0013916171550714977
VogtmannE_2016,4547,UniRef90_A0A3E4IMU5,1131,0.065650193242,9,0.9157894736842105,5.3158051208097165e-05
VogtmannE_2016,4548,UniRef90_D4IJC7,1131,0.0247379232079,9,0.9157894736842105,2.0030707050931177e-05
VogtmannE_2016,4549,UniRef90_R5NYG9,1131,0.0223690312499999,9,0.9157894736842105,1.8112575910931092e-05
VogtmannE_2016,4550,UniRef90_A0A174IYR9,1131,0.019958957856999998,9,0.9157894736842105,1.6161099479352226e-05
VogtmannE_2016,4551,UniRef90_A0A0P0LJQ9,1131,0.017760549472,9,0.9157894736842105,1.4381011718218623e-05
VogtmannE_2016,4552,UniRef90_A0A139K2N8,1131,0.0175544277051,9,0.9157894736842105,1.4214111502105263e-05
VogtmannE_2016,4553,UniRef90_A0A0P0LII2,1131,0.0165067061002,9,0.9157894736842105,1.336575392728745e-05
VogtmannE_2016,4554,UniRef90_A0A076IQQ4,1131,0.016340524026,9,0.9157894736842105,1.3231193543319838e-05
VogtmannE_2016,4555,UniRef90_A0A076J9W2,1131,0.0162142165358,9,0.9157894736842105,1.3128920271902835e-05
VogtmannE_2016,4556,UniRef90_A0A0M1W5A4,1131,0.014763358001000001,9,0.9157894736842105,1.1954136033198382e-05
VogtmannE_2016,4557,UniRef90_A0A173R2N2,1131,0.014695499523000002,9,0.9157894736842105,1.1899189897165993e-05
VogtmannE_2016,4558,UniRef90_A0A076J7K4,1131,0.0146583519699999,9,0.9157894736842105,1.186911090688251e-05
VogtmannE_2016,4559,UniRef90_A0A076IVW9,1131,0.0139230831663,9,0.9157894736842105,1.127375155165992e-05
VogtmannE_2016,4560,UniRef90_E6ST21,1131,0.0139106698553,9,0.9157894736842105,1.1263700287692308e-05
VogtmannE_2016,4561,UniRef90_A0A3F3K565,1131,0.0135861223306,9,0.9157894736842105,1.1000908769716598e-05
VogtmannE_2016,4562,UniRef90_A0A076ITA4,1131,0.013582039155,9,0.9157894736842105,1.099760255465587e-05
VogtmannE_2016,4563,UniRef90_I9FBR0,1131,0.0135541396839999,9,0.9157894736842105,1.0975011889878461e-05
VogtmannE_2016,4564,UniRef90_A0A076IL49,1131,0.013479940351299999,9,0.9157894736842105,1.0914931458542508e-05
VogtmannE_2016,4565,UniRef90_A6L3D5,1131,0.01314634054,9,0.9157894736842105,1.0644810153846155e-05
VogtmannE_2016,4566,UniRef90_A0A076IR50,1131,0.0131419009663,9,0.9157894736842105,1.0641215357327935e-05
VogtmannE_2016,4567,UniRef90_A0A076ISH9,1131,0.013089189388,9,0.9157894736842105,1.0598533917408907e-05
VogtmannE_2016,4568,UniRef90_U6RHA5,1131,0.0129687412498,9,0.9157894736842105,1.0501005060566801e-05
VogtmannE_2016,4569,UniRef90_A6L5J5,1131,0.012732780918699999,9,0.9157894736842105,1.0309944063724696e-05
VogtmannE_2016,4570,UniRef90_A0A3E4Q8G1,1131,0.012712049902,9,0.9157894736842105,1.0293157815384616e-05
VogtmannE_2016,4571,UniRef90_D6DZS1,1131,0.0125435133704,9,0.9157894736842105,1.0156690988178138e-05
VogtmannE_2016,4572,UniRef90_R6LCQ1,1131,0.0124255434567,9,0.9157894736842105,1.0061168790850203e-05
VogtmannE_2016,4573,UniRef90_A0A076IWV6,1131,0.0123676410547,9,0.9157894736842105,1.0014284254817814e-05
VogtmannE_2016,4574,UniRef90_A0A076J2Q9,1131,0.0123562602033,9,0.9157894736842105,1.0005068990526315e-05
VogtmannE_2016,4575,UniRef90_A0A076J443,1131,0.012293301089200001,9,0.9157894736842105,9.954089950769232e-06
VogtmannE_2016,4576,UniRef90_D4V9S8,1131,0.0122505184568,9,0.9157894736842105,9.919448143157896e-06
VogtmannE_2016,4577,UniRef90_A0A076ISU9,1131,0.0122009308509,9,0.9157894736842105,9.879296235546559e-06
VogtmannE_2016,4578,UniRef90_A0A174Q2Y9,1131,0.012087313491799999,9,0.9157894736842105,9.787298373927124e-06
VogtmannE_2016,4579,UniRef90_A0A076IVE7,1131,0.0120741608761,9,0.9157894736842105,9.776648482672066e-06
VogtmannE_2016,4580,UniRef90_A0A174H4Q0,1131,0.0119686805368999,9,0.9157894736842105,9.691239301133523e-06
VogtmannE_2016,4581,UniRef90_A0A0P0M4Y3,1131,0.011888318186999999,9,0.9157894736842105,9.626168572469635e-06
VogtmannE_2016,4582,UniRef90_A0A076JBG3,1131,0.011692066196,9,0.9157894736842105,9.467260077732794e-06
VogtmannE_2016,4583,UniRef90_I9RCV7,1131,0.0116837882823,9,0.9157894736842105,9.460557313603238e-06
VogtmannE_2016,4584,UniRef90_A0A3E4W5Y8,1131,0.0114740313959999,9,0.9157894736842105,9.290713680971578e-06
VogtmannE_2016,4585,UniRef90_A0A0P0GTX7,1131,0.0114121441952,9,0.9157894736842105,9.240602587206476e-06
VogtmannE_2016,4586,UniRef90_E5UTH1,1131,0.0113611265,9,0.9157894736842105,9.199292712550607e-06
VogtmannE_2016,4587,UniRef90_A0A0M1W2F8,1131,0.011221615984799899,9,0.9157894736842105,9.086328732631496e-06
VogtmannE_2016,4588,UniRef90_B0NUR5,1131,0.01100568029,9,0.9157894736842105,8.911482016194332e-06
VogtmannE_2016,4589,UniRef90_R6FLL0,1131,0.0110007723762,9,0.9157894736842105,8.907507996923077e-06
VogtmannE_2016,4590,UniRef90_A0A076J5H7,1131,0.010996219662400001,9,0.9157894736842105,8.903821588987855e-06
VogtmannE_2016,4591,UniRef90_I8WGG1,1131,0.0109689173936,9,0.9157894736842105,8.88171448874494e-06
VogtmannE_2016,4592,UniRef90_A0A076IWJ9,1131,0.010875316665199999,9,0.9157894736842105,8.805924425263156e-06
VogtmannE_2016,4593,UniRef90_A6L4M3,1131,0.0107418530945999,9,0.9157894736842105,8.697856756761053e-06
VogtmannE_2016,4594,UniRef90_A0A076IT49,1131,0.010692413247,9,0.9157894736842105,8.657824491497975e-06
VogtmannE_2016,4595,UniRef90_D4V4E9,1131,0.0106070742923,9,0.9157894736842105,8.588724123319837e-06
VogtmannE_2016,4596,UniRef90_A0A1D6XS85,1131,0.010592398447,9,0.9157894736842105,8.57684084777328e-06
VogtmannE_2016,4597,UniRef90_A0A396FDY8,1131,0.010561733065999999,9,0.9157894736842105,8.552010579757084e-06
VogtmannE_2016,4598,UniRef90_A0A395UL30,1131,0.0104478558047,9,0.9157894736842105,8.459802271012146e-06
VogtmannE_2016,4599,UniRef90_I8WIR9,1131,0.0104362044441,9,0.9157894736842105,8.450367970931175e-06
VogtmannE_2016,4600,UniRef90_A6L4P5,1131,0.0104341974097,9,0.9157894736842105,8.448742841862349e-06
VogtmannE_2016,4601,UniRef90_A0A0M1W1W9,1131,0.010367174316999999,9,0.9157894736842105,8.394473131174089e-06
VogtmannE_2016,4602,UniRef90_A0A3E4JG31,1131,0.0102051783873,9,0.9157894736842105,8.263302337894737e-06
VogtmannE_2016,4603,UniRef90_B6W2B2,1131,0.0100790499267,9,0.9157894736842105,8.161174029716599e-06
VogtmannE_2016,4604,UniRef90_A0A0N7J7J5,1131,0.0100603631578,9,0.9157894736842105,8.146043042753037e-06
VogtmannE_2016,4605,UniRef90_R7E322,1131,0.0099483587681,9,0.9157894736842105,8.055351229230768e-06
VogtmannE_2016,4606,UniRef90_A0A0M1VYZ4,1131,0.009945192722,9,0.9157894736842105,8.052787629149798e-06
VogtmannE_2016,4607,UniRef90_A0A367FV25,1131,0.009801586167400001,9,0.9157894736842105,7.936507018137652e-06
VogtmannE_2016,4608,UniRef90_A0A076ISD5,1131,0.009435219617,9,0.9157894736842105,7.639853940890689e-06
VogtmannE_2016,4609,UniRef90_A0A396B8Y3,1131,0.0093565332659,9,0.9157894736842105,7.576140296275304e-06
VogtmannE_2016,4610,UniRef90_A0A396FE52,1131,0.009340188577499998,9,0.9157894736842105,7.56290573076923e-06
VogtmannE_2016,4611,UniRef90_A0A0K2HN16,1131,0.0090360268425,9,0.9157894736842105,7.3166209251012145e-06
VogtmannE_2016,4612,UniRef90_A0A076J860,1131,0.008942785451,9,0.9157894736842105,7.2411218226720645e-06
VogtmannE_2016,4613,UniRef90_A0A076J9D6,1131,0.0088492885358,9,0.9157894736842105,7.1654158184615385e-06
VogtmannE_2016,4614,UniRef90_E4MEM1,1131,0.0088413111033999,9,0.9157894736842105,7.15895635902826e-06
VogtmannE_2016,4615,UniRef90_R9HML6,1131,0.0084301884623,9,0.9157894736842105,6.826063532226721e-06
VogtmannE_2016,4616,UniRef90_D4V5I8,1131,0.0084143521326,9,0.9157894736842105,6.813240593198381e-06
VogtmannE_2016,4617,UniRef90_D4ML23,1131,0.0083867074393,9,0.9157894736842105,6.790856226153846e-06
VogtmannE_2016,4618,UniRef90_A0A076J6F2,1131,0.0082285240089,9,0.9157894736842105,6.662772476842105e-06
VogtmannE_2016,4619,UniRef90_R7JTL9,1131,0.008212061506700001,9,0.9157894736842105,6.6494425155465594e-06
VogtmannE_2016,4620,UniRef90_A0A174VVP2,1131,0.0073911069614,9,0.9157894736842105,5.984701993036437e-06
VogtmannE_2016,4621,UniRef90_I8WJA0,1131,0.0069566133924,9,0.9157894736842105,5.632885337975709e-06
VogtmannE_2016,4622,UniRef90_Q8A0F4,1131,0.0067886941061,9,0.9157894736842105,5.496918304534413e-06
VogtmannE_2016,4623,UniRef90_A0A285PST4,1131,0.006679564869300001,9,0.9157894736842105,5.408554550040486e-06
VogtmannE_2016,4624,UniRef90_A5KR61,1131,0.0062923614328000005,9,0.9157894736842105,5.095029500242916e-06
VogtmannE_2016,4625,UniRef90_A0A174UD38,1131,0.0062649216381,9,0.9157894736842105,5.0728110429959515e-06
VogtmannE_2016,4626,UniRef90_A0A174FTL1,1131,0.0062111231699,9,0.9157894736842105,5.029249530283401e-06
VogtmannE_2016,4627,UniRef90_A0A0P0FFV4,1131,0.0059089577394,9,0.9157894736842105,4.784581165506073e-06
VogtmannE_2016,4628,UniRef90_R6JM94,1131,0.0058952835272,9,0.9157894736842105,4.773508928906883e-06
VogtmannE_2016,4629,UniRef90_A0A174CFB9,1131,0.0058372249354,9,0.9157894736842105,4.72649792340081e-06
VogtmannE_2016,4630,UniRef90_Q8A6A7,1131,0.0056386454225,9,0.9157894736842105,4.565704795546558e-06
VogtmannE_2016,4631,UniRef90_A0A0P0FLX7,1131,0.005340163053,9,0.9157894736842105,4.3240186663967614e-06
VogtmannE_2016,4632,UniRef90_A0A173YN42,1131,0.005291097842,9,0.9157894736842105,4.284289750607287e-06
VogtmannE_2016,4633,UniRef90_Q8A765,1131,0.0051152014071,9,0.9157894736842105,4.141863487530365e-06
VogtmannE_2016,4634,UniRef90_A0A1G8KJS7,1131,0.0051150057104,9,0.9157894736842105,4.141705028663968e-06
VogtmannE_2016,4635,UniRef90_UPI0009BF7F86,1131,0.0050402081454800005,9,0.9157894736842105,4.081140198769231e-06
VogtmannE_2016,4636,UniRef90_A0A174UG46,1131,0.0049863037175000005,9,0.9157894736842105,4.037492888663968e-06
VogtmannE_2016,4637,UniRef90_A0A396EGB2,1131,0.0049502108541,9,0.9157894736842105,4.0082678980566805e-06
VogtmannE_2016,4638,UniRef90_A0A0P0FFB4,1131,0.0049188520159000005,9,0.9157894736842105,3.982876126234818e-06
VogtmannE_2016,4639,UniRef90_C9L249,1131,0.0049024639736,9,0.9157894736842105,3.969606456356275e-06
VogtmannE_2016,4640,UniRef90_R6JPB2,1131,0.0048090734308,9,0.9157894736842105,3.893986583643725e-06
VogtmannE_2016,4641,UniRef90_R6W1P0,1131,0.00478060247,9,0.9157894736842105,3.870933174089069e-06
VogtmannE_2016,4642,UniRef90_A0A149NB16,1131,0.004756047244599999,9,0.9157894736842105,3.851050400485829e-06
VogtmannE_2016,4643,UniRef90_Q8AA15,1131,0.0047111217843,9,0.9157894736842105,3.8146735095546563e-06
VogtmannE_2016,4644,UniRef90_C6IG29,1131,0.0047087046268,9,0.9157894736842105,3.8127162970040485e-06
VogtmannE_2016,4645,UniRef90_D7GUS1,1131,0.0045300894769,9,0.9157894736842105,3.6680886452631578e-06
VogtmannE_2016,4646,UniRef90_B0P9F6,1131,0.0042443474701999995,9,0.9157894736842105,3.4367185993522262e-06
VogtmannE_2016,4647,UniRef90_A0A3E2W4F1,1131,0.004111600876,9,0.9157894736842105,3.32923147854251e-06
VogtmannE_2016,4648,UniRef90_C0BBQ0,1131,0.0016088604723,9,0.9157894736842105,1.3027210302024291e-06
VogtmannE_2016,4649,UniRef90_A0A3E5DKV8,1130,0.11685742374790001,9,0.9149797570850202,9.462139574728745e-05
VogtmannE_2016,4650,UniRef90_A0A174FPR0,1130,0.018770607771,9,0.9149797570850202,1.5198872689068827e-05
VogtmannE_2016,4651,UniRef90_A0A396BMS3,1130,0.0178630291009,9,0.9149797570850202,1.4463991174817813e-05
VogtmannE_2016,4652,UniRef90_A0A076JAY8,1130,0.017054892316,9,0.9149797570850202,1.3809629405668016e-05
VogtmannE_2016,4653,UniRef90_A0A076IJV6,1130,0.016264492627000002,9,0.9149797570850202,1.316962965748988e-05
VogtmannE_2016,4654,UniRef90_A0A395UXL5,1130,0.016247954954500002,9,0.9149797570850202,1.3156238829554658e-05
VogtmannE_2016,4655,UniRef90_A0A0P0M1G4,1130,0.0162002537607,9,0.9149797570850202,1.3117614381133604e-05
VogtmannE_2016,4656,UniRef90_A0A076ISA0,1130,0.015715155672,9,0.9149797570850202,1.2724822406477732e-05
VogtmannE_2016,4657,UniRef90_A0A139LDE6,1130,0.015254724601,9,0.9149797570850202,1.2352003725506074e-05
VogtmannE_2016,4658,UniRef90_C7H6Y8,1130,0.0149037484707,9,0.9149797570850202,1.206781252688259e-05
VogtmannE_2016,4659,UniRef90_A0A076J6J2,1130,0.01487537127,9,0.9149797570850202,1.2044835036437248e-05
VogtmannE_2016,4660,UniRef90_I8WJT5,1130,0.014814257066000001,9,0.9149797570850202,1.1995349851012146e-05
VogtmannE_2016,4661,UniRef90_A0A076J0U5,1130,0.0141839399901,9,0.9149797570850202,1.1484971651902835e-05
VogtmannE_2016,4662,UniRef90_F3PS25,1130,0.0140942446148,9,0.9149797570850202,1.1412343817651822e-05
VogtmannE_2016,4663,UniRef90_A0A076JAM2,1130,0.013420420034399999,9,0.9149797570850202,1.0866736869959514e-05
VogtmannE_2016,4664,UniRef90_A0A076J0F2,1130,0.013405351138,9,0.9149797570850202,1.0854535334412954e-05
VogtmannE_2016,4665,UniRef90_A0A0P0M351,1130,0.013387428561,9,0.9149797570850202,1.084002312631579e-05
VogtmannE_2016,4666,UniRef90_A0A0P0M663,1130,0.0127918710488,9,0.9149797570850202,1.035779032291498e-05
VogtmannE_2016,4667,UniRef90_A0A076J7N1,1130,0.012547180206200001,9,0.9149797570850202,1.0159660085991904e-05
VogtmannE_2016,4668,UniRef90_A0A0K2HL32,1130,0.012414813006,9,0.9149797570850202,1.0052480166801619e-05
VogtmannE_2016,4669,UniRef90_A0A076J5F6,1130,0.012325679063799999,9,0.9149797570850202,9.980306934251011e-06
VogtmannE_2016,4670,UniRef90_A0A076J2M1,1130,0.012323527321,9,0.9149797570850202,9.978564632388664e-06
VogtmannE_2016,4671,UniRef90_A0A076IKV4,1130,0.012322002792,9,0.9149797570850202,9.977330195951417e-06
VogtmannE_2016,4672,UniRef90_E5VB30,1130,0.0121600221591,9,0.9149797570850202,9.846171788744939e-06
VogtmannE_2016,4673,UniRef90_E6SQD6,1130,0.012022036969500001,9,0.9149797570850202,9.734442890283401e-06
VogtmannE_2016,4674,UniRef90_A0A0K2HJK7,1130,0.0118918468008,9,0.9149797570850202,9.629025749635628e-06
VogtmannE_2016,4675,UniRef90_A0A174QRZ0,1130,0.0117818554511,9,0.9149797570850202,9.539963928016194e-06
VogtmannE_2016,4676,UniRef90_A0A076J405,1130,0.0117402034716,9,0.9149797570850202,9.50623762882591e-06
VogtmannE_2016,4677,UniRef90_A0A076ITK2,1130,0.011687793782,9,0.9149797570850202,9.463800633198381e-06
VogtmannE_2016,4678,UniRef90_A0A139KHD5,1130,0.011670544080000001,9,0.9149797570850202,9.449833263157896e-06
VogtmannE_2016,4679,UniRef90_A0A076J5C7,1130,0.011658489765999999,9,0.9149797570850202,9.440072685020242e-06
VogtmannE_2016,4680,UniRef90_A0A0P0M416,1130,0.0116461905472,9,0.9149797570850202,9.43011380340081e-06
VogtmannE_2016,4681,UniRef90_A0A076J245,1130,0.011501316335000001,9,0.9149797570850202,9.312806748987855e-06
VogtmannE_2016,4682,UniRef90_A0A3E4GE68,1130,0.011434152753,9,0.9149797570850202,9.258423281781377e-06
VogtmannE_2016,4683,UniRef90_A0A395UMF8,1130,0.01141043094,9,0.9149797570850202,9.239215336032389e-06
VogtmannE_2016,4684,UniRef90_A0A0K2HNC8,1130,0.011341822412,9,0.9149797570850202,9.183661872064776e-06
VogtmannE_2016,4685,UniRef90_A0A076IRR2,1130,0.011302861376,9,0.9149797570850202,9.152114474493927e-06
VogtmannE_2016,4686,UniRef90_A0A0M1W597,1130,0.0111841797399,9,0.9149797570850202,9.056015983724695e-06
VogtmannE_2016,4687,UniRef90_C3RF48,1130,0.011174283955299999,9,0.9149797570850202,9.048003202672064e-06
VogtmannE_2016,4688,UniRef90_A0A374Q300,1130,0.0111718293836,9,0.9149797570850202,9.046015695222672e-06
VogtmannE_2016,4689,UniRef90_A0A0P0M3I1,1130,0.0111619308068,9,0.9149797570850202,9.038000653279353e-06
VogtmannE_2016,4690,UniRef90_I9R9Q7,1130,0.0111276007377999,9,0.9149797570850202,9.010203026558624e-06
VogtmannE_2016,4691,UniRef90_A0A173W777,1130,0.0110709362568,9,0.9149797570850202,8.964320855708502e-06
VogtmannE_2016,4692,UniRef90_A0A076IUM6,1130,0.0110503645796,9,0.9149797570850202,8.947663627206477e-06
VogtmannE_2016,4693,UniRef90_D4V9S9,1130,0.0110488122147,9,0.9149797570850202,8.946406651578947e-06
VogtmannE_2016,4694,UniRef90_A0A0N7J7V8,1130,0.0110455895148,9,0.9149797570850202,8.943797177975707e-06
VogtmannE_2016,4695,UniRef90_A0A0K2HMS0,1130,0.011044758094,9,0.9149797570850202,8.943123962753037e-06
VogtmannE_2016,4696,UniRef90_F3PQG5,1130,0.0110124081194,9,0.9149797570850202,8.916929651336033e-06
VogtmannE_2016,4697,UniRef90_A0A076J1L5,1130,0.010977298175,9,0.9149797570850202,8.888500546558705e-06
VogtmannE_2016,4698,UniRef90_A0A3F3JZV3,1130,0.01092964801597,9,0.9149797570850202,8.849917421838057e-06
VogtmannE_2016,4699,UniRef90_A0A076JB69,1130,0.0108104229758,9,0.9149797570850202,8.75337892777328e-06
VogtmannE_2016,4700,UniRef90_D4V9F3,1130,0.010705823226,9,0.9149797570850202,8.668682774089068e-06
VogtmannE_2016,4701,UniRef90_A0A174N4U7,1130,0.0107006357063,9,0.9149797570850202,8.664482353279352e-06
VogtmannE_2016,4702,UniRef90_A0A076ISJ7,1130,0.0104306058262,9,0.9149797570850202,8.44583467708502e-06
VogtmannE_2016,4703,UniRef90_A0A076J277,1130,0.0102841656497,9,0.9149797570850202,8.327259635384615e-06
VogtmannE_2016,4704,UniRef90_A0A076IPM6,1130,0.0101550502546,9,0.9149797570850202,8.222712756761134e-06
VogtmannE_2016,4705,UniRef90_A0A076IKJ9,1130,0.0095373011674,9,0.9149797570850202,7.722511066720647e-06
VogtmannE_2016,4706,UniRef90_A6L6X6,1130,0.009519708498699899,9,0.9149797570850202,7.70826599085012e-06
VogtmannE_2016,4707,UniRef90_C3R5X5,1130,0.0095097753122,9,0.9149797570850202,7.7002229248583e-06
VogtmannE_2016,4708,UniRef90_C7H3L2,1130,0.0095062862,9,0.9149797570850202,7.697397732793523e-06
VogtmannE_2016,4709,UniRef90_A0A0P0M486,1130,0.0094979270187,9,0.9149797570850202,7.690629164939271e-06
VogtmannE_2016,4710,UniRef90_A6L4T5,1130,0.0093018905529,9,0.9149797570850202,7.5318951845344136e-06
VogtmannE_2016,4711,UniRef90_F7LVW4,1130,0.009235682415699999,9,0.9149797570850202,7.478285356842105e-06
VogtmannE_2016,4712,UniRef90_A0A0P0LBC5,1130,0.0089178407598,9,0.9149797570850202,7.2209236921457495e-06
VogtmannE_2016,4713,UniRef90_A0A1L5KHI6,1130,0.0085371658388,9,0.9149797570850202,6.912684889716599e-06
VogtmannE_2016,4714,UniRef90_B0NLV0,1130,0.0081239165614,9,0.9149797570850202,6.5780700902024285e-06
VogtmannE_2016,4715,UniRef90_R6J3J6,1130,0.0079131061378,9,0.9149797570850202,6.407373390931174e-06
VogtmannE_2016,4716,UniRef90_A0A0P0F2C2,1130,0.0077763146814,9,0.9149797570850202,6.296611078056681e-06
VogtmannE_2016,4717,UniRef90_A0A1H7GFY0,1130,0.0073801142365,9,0.9149797570850202,5.975801001214575e-06
VogtmannE_2016,4718,UniRef90_D4C6H5,1130,0.006964691594,9,0.9149797570850202,5.639426391902834e-06
VogtmannE_2016,4719,UniRef90_R6DQF6,1130,0.006753933409600001,9,0.9149797570850202,5.468771991578948e-06
VogtmannE_2016,4720,UniRef90_R6D259,1130,0.0059059953388,9,0.9149797570850202,4.7821824605668015e-06
VogtmannE_2016,4721,UniRef90_A0A174XWZ8,1130,0.0058433840649,9,0.9149797570850202,4.731485072793523e-06
VogtmannE_2016,4722,UniRef90_A0A174J813,1130,0.0058212013976000005,9,0.9149797570850202,4.713523398866397e-06
VogtmannE_2016,4723,UniRef90_R5UAI5,1130,0.0056550332917,9,0.9149797570850202,4.578974325263158e-06
VogtmannE_2016,4724,UniRef90_R6SB02,1130,0.0053534687828,9,0.9149797570850202,4.334792536680162e-06
VogtmannE_2016,4725,UniRef90_R7KGK8,1130,0.0052068392665,9,0.9149797570850202,4.21606418340081e-06
VogtmannE_2016,4726,UniRef90_D4VQ03,1130,0.0052063277788999,9,0.9149797570850202,4.2156500234007285e-06
VogtmannE_2016,4727,UniRef90_A0A0P0FCX6,1130,0.0051812435233,9,0.9149797570850202,4.195338885263158e-06
VogtmannE_2016,4728,UniRef90_Q8A8C3,1130,0.0051020817745,9,0.9149797570850202,4.131240303238866e-06
VogtmannE_2016,4729,UniRef90_R6K799,1130,0.0050314723288,9,0.9149797570850202,4.0740666629959516e-06
VogtmannE_2016,4730,UniRef90_A0A0J1GEU9,1130,0.0048601103487,9,0.9149797570850202,3.935312023238866e-06
VogtmannE_2016,4731,UniRef90_Q8A9N9,1130,0.0048454868168000004,9,0.9149797570850202,3.923471106720648e-06
VogtmannE_2016,4732,UniRef90_R6RQF5,1130,0.0047713524429,9,0.9149797570850202,3.863443273603239e-06
VogtmannE_2016,4733,UniRef90_D4WDP4,1130,0.0046538743565,9,0.9149797570850202,3.768319317004049e-06
VogtmannE_2016,4734,UniRef90_B9Y9A8,1130,0.0043384608885,9,0.9149797570850202,3.5129237963562754e-06
VogtmannE_2016,4735,UniRef90_A0A2A7ADC4,1130,0.0039397623583,9,0.9149797570850202,3.190090978380567e-06
VogtmannE_2016,4736,UniRef90_UPI0009D697C2,1130,0.0038109377277,9,0.9149797570850202,3.0857795365991903e-06
VogtmannE_2016,4737,UniRef90_UPI000570F4B8,1130,0.0031612048025000004,9,0.9149797570850202,2.559680002024292e-06
VogtmannE_2016,4738,UniRef90_A0A0F0CD99,1130,0.0023676510887999996,9,0.9149797570850202,1.9171263876923075e-06
VogtmannE_2016,4739,UniRef90_A0A0F0C824,1130,0.0021521139668,9,0.9149797570850202,1.7426024022672066e-06
VogtmannE_2016,4740,UniRef90_A0A396EWA6,1129,0.3935183809659,9,0.91417004048583,0.0003186383651545749
VogtmannE_2016,4741,UniRef90_A0A069S655,1129,0.0617311319871,9,0.91417004048583,4.9984722256761134e-05
VogtmannE_2016,4742,UniRef90_A0A174SGS4,1129,0.052038552364,9,0.91417004048583,4.213647964696356e-05
VogtmannE_2016,4743,UniRef90_B6VYA5,1129,0.024597979404999998,9,0.91417004048583,1.991739223076923e-05
VogtmannE_2016,4744,UniRef90_A0A1Y4PF56,1129,0.0240233931423,9,0.91417004048583,1.945214019619433e-05
VogtmannE_2016,4745,UniRef90_A0A3E2VXQ2,1129,0.0236440489577,9,0.91417004048583,1.9144978913117408e-05
VogtmannE_2016,4746,UniRef90_A0A076J1Q2,1129,0.02361479904,9,0.91417004048583,1.912129476923077e-05
VogtmannE_2016,4747,UniRef90_A0A1V0QD60,1129,0.0213911298315,9,0.91417004048583,1.73207529e-05
VogtmannE_2016,4748,UniRef90_A0A1Y3ZEW4,1129,0.018485181342,9,0.91417004048583,1.496775817165992e-05
VogtmannE_2016,4749,UniRef90_A0A0P0M1X4,1129,0.017314769201200002,9,0.91417004048583,1.4020056033360326e-05
VogtmannE_2016,4750,UniRef90_A0A174I6U2,1129,0.0172529775958999,9,0.91417004048583,1.397002234485822e-05
VogtmannE_2016,4751,UniRef90_I8WQD5,1129,0.01705268462,9,0.91417004048583,1.3807841797570852e-05
VogtmannE_2016,4752,UniRef90_A0A076IWM7,1129,0.016131838765999898,9,0.91417004048583,1.3062217624291415e-05
VogtmannE_2016,4753,UniRef90_B7AWP1,1129,0.0159513735382,9,0.91417004048583,1.2916091933765183e-05
VogtmannE_2016,4754,UniRef90_A0A076IWK0,1129,0.0156755546449999,9,0.91417004048583,1.2692756797570768e-05
VogtmannE_2016,4755,UniRef90_D4VCL4,1129,0.015257475848999901,9,0.91417004048583,1.2354231456680081e-05
VogtmannE_2016,4756,UniRef90_A6L2T0,1129,0.015252307024000001,9,0.91417004048583,1.2350046173279354e-05
VogtmannE_2016,4757,UniRef90_A0A076IPA4,1129,0.0146100036118,9,0.91417004048583,1.1829962438704453e-05
VogtmannE_2016,4758,UniRef90_A0A076IV35,1129,0.0141923152119,9,0.91417004048583,1.1491753208016195e-05
VogtmannE_2016,4759,UniRef90_A0A174JW95,1129,0.0135771601529999,9,0.91417004048583,1.0993651945748907e-05
VogtmannE_2016,4760,UniRef90_A0A139KGR8,1129,0.0134725949743,9,0.91417004048583,1.0908983784858298e-05
VogtmannE_2016,4761,UniRef90_A0A076J8S0,1129,0.013405191248,9,0.91417004048583,1.085440586882591e-05
VogtmannE_2016,4762,UniRef90_R6LBT6,1129,0.0133897350869,9,0.91417004048583,1.0841890758623482e-05
VogtmannE_2016,4763,UniRef90_A0A174FNB0,1129,0.01328184233,9,0.91417004048583,1.075452820242915e-05
VogtmannE_2016,4764,UniRef90_A0A076INR0,1129,0.013253587263,9,0.91417004048583,1.0731649605668015e-05
VogtmannE_2016,4765,UniRef90_E6STV5,1129,0.0130418591907,9,0.91417004048583,1.0560209871012146e-05
VogtmannE_2016,4766,UniRef90_A0A076J7Y1,1129,0.0130268489859999,9,0.91417004048583,1.0548055859109232e-05
VogtmannE_2016,4767,UniRef90_A0A0K2HNB1,1129,0.012861817287499999,9,0.91417004048583,1.0414426953441294e-05
VogtmannE_2016,4768,UniRef90_A0A076J3A5,1129,0.0127304730826,9,0.91417004048583,1.0308075370526316e-05
VogtmannE_2016,4769,UniRef90_F3PK62,1129,0.012440494877,9,0.91417004048583,1.0073275204048582e-05
VogtmannE_2016,4770,UniRef90_A0A076IN39,1129,0.0122918697229,9,0.91417004048583,9.9529309497166e-06
VogtmannE_2016,4771,UniRef90_A0A0P0M3F3,1129,0.0122090995992,9,0.91417004048583,9.885910606639676e-06
VogtmannE_2016,4772,UniRef90_E6SRV5,1129,0.0121411243998,9,0.91417004048583,9.830869959352226e-06
VogtmannE_2016,4773,UniRef90_C3R5V5,1129,0.0119411392531,9,0.91417004048583,9.668938666477733e-06
VogtmannE_2016,4774,UniRef90_A0A1Y4PZV5,1129,0.0118364692447,9,0.91417004048583,9.584185623238866e-06
VogtmannE_2016,4775,UniRef90_U2NWT3,1129,0.0115501180936,9,0.91417004048583,9.352322342995952e-06
VogtmannE_2016,4776,UniRef90_A0A0K2HKM5,1129,0.0115251732894,9,0.91417004048583,9.33212412097166e-06
VogtmannE_2016,4777,UniRef90_A0A076J9K7,1129,0.011506531398,9,0.91417004048583,9.317029472064777e-06
VogtmannE_2016,4778,UniRef90_D4KAN2,1129,0.0115012111377,9,0.91417004048583,9.312721568987854e-06
VogtmannE_2016,4779,UniRef90_F3PR83,1129,0.0113917483143,9,0.91417004048583,9.224087703886639e-06
VogtmannE_2016,4780,UniRef90_A0A374P4M0,1129,0.011390887041,9,0.91417004048583,9.22339031659919e-06
VogtmannE_2016,4781,UniRef90_A0A076IMC2,1129,0.0111575159222,9,0.91417004048583,9.034425847935223e-06
VogtmannE_2016,4782,UniRef90_A0A1Q6JR32,1129,0.011131568226,9,0.91417004048583,9.013415567611335e-06
VogtmannE_2016,4783,UniRef90_E5UPS6,1129,0.011110790736999901,9,0.91417004048583,8.996591689878462e-06
VogtmannE_2016,4784,UniRef90_A6BD89,1129,0.0110935477491,9,0.91417004048583,8.982629756356275e-06
VogtmannE_2016,4785,UniRef90_A6L3F8,1129,0.0109063556729,9,0.91417004048583,8.831057225020243e-06
VogtmannE_2016,4786,UniRef90_F3PY60,1129,0.0107996752029,9,0.91417004048583,8.744676277651822e-06
VogtmannE_2016,4787,UniRef90_A0A076JBH0,1129,0.010774369372000001,9,0.91417004048583,8.72418572631579e-06
VogtmannE_2016,4788,UniRef90_B3CF06,1129,0.0107383108819,9,0.91417004048583,8.694988568340081e-06
VogtmannE_2016,4789,UniRef90_A0A0M1W1L7,1129,0.010658658357,9,0.91417004048583,8.630492596761133e-06
VogtmannE_2016,4790,UniRef90_D4V7H1,1129,0.010444214944,9,0.91417004048583,8.456854205668017e-06
VogtmannE_2016,4791,UniRef90_I9QNI3,1129,0.0103161972301,9,0.91417004048583,8.353196137732794e-06
VogtmannE_2016,4792,UniRef90_A6L532,1129,0.0102244833769999,9,0.91417004048583,8.278933908501943e-06
VogtmannE_2016,4793,UniRef90_A0A076IM34,1129,0.0100887651072,9,0.91417004048583,8.16904057263158e-06
VogtmannE_2016,4794,UniRef90_D1PIV9,1129,0.0100560243072,9,0.91417004048583,8.14252980340081e-06
VogtmannE_2016,4795,UniRef90_A0A0M1W5H6,1129,0.0100120461566,9,0.91417004048583,8.1069199648583e-06
VogtmannE_2016,4796,UniRef90_F3APC4,1129,0.009807804749,9,0.91417004048583,7.941542306882591e-06
VogtmannE_2016,4797,UniRef90_A0A0P0LIZ0,1129,0.0097767088563,9,0.91417004048583,7.916363446396761e-06
VogtmannE_2016,4798,UniRef90_I8WKC8,1129,0.0096961212072,9,0.91417004048583,7.85111028923077e-06
VogtmannE_2016,4799,UniRef90_A0A076IPV8,1129,0.0096382589187,9,0.91417004048583,7.804258233765182e-06
VogtmannE_2016,4800,UniRef90_B6VSF6,1129,0.009620849446,9,0.91417004048583,7.790161494736842e-06
VogtmannE_2016,4801,UniRef90_C3R4C6,1129,0.009518546178,9,0.91417004048583,7.707324840485829e-06
VogtmannE_2016,4802,UniRef90_A6L7J6,1129,0.009473090489999999,9,0.91417004048583,7.670518615384615e-06
VogtmannE_2016,4803,UniRef90_A0A0P0M2A7,1129,0.0092816243912,9,0.91417004048583,7.515485337004049e-06
VogtmannE_2016,4804,UniRef90_A0A395ZVH2,1129,0.0090724333949,9,0.91417004048583,7.346099914898785e-06
VogtmannE_2016,4805,UniRef90_A0A2V1JU71,1129,0.009063614622,9,0.91417004048583,7.3389592080971655e-06
VogtmannE_2016,4806,UniRef90_A0A395VD40,1129,0.008816757145599999,9,0.91417004048583,7.139074611821861e-06
VogtmannE_2016,4807,UniRef90_R7GPW0,1129,0.0087360922483,9,0.91417004048583,7.073758905506073e-06
VogtmannE_2016,4808,UniRef90_B6W4I8,1129,0.008406473062,9,0.91417004048583,6.806860778947368e-06
VogtmannE_2016,4809,UniRef90_R6JIU4,1129,0.0081186567859,9,0.91417004048583,6.573811162672065e-06
VogtmannE_2016,4810,UniRef90_A0A076IPH4,1129,0.0076929745346999995,9,0.91417004048583,6.229129177894737e-06
VogtmannE_2016,4811,UniRef90_R7D3C7,1129,0.0076159113765,9,0.91417004048583,6.16672985951417e-06
VogtmannE_2016,4812,UniRef90_A0A174TV79,1129,0.0074053075515,9,0.91417004048583,5.996200446558704e-06
VogtmannE_2016,4813,UniRef90_A0A1C7GWV7,1129,0.007339844589399999,9,0.91417004048583,5.943193999514169e-06
VogtmannE_2016,4814,UniRef90_U2ETT9,1129,0.0071688873235,9,0.91417004048583,5.804767063562753e-06
VogtmannE_2016,4815,UniRef90_R6JAN0,1129,0.006040364534,9,0.91417004048583,4.890983428340081e-06
VogtmannE_2016,4816,UniRef90_C6JGI3,1129,0.0059563257403,9,0.91417004048583,4.822935822105263e-06
VogtmannE_2016,4817,UniRef90_R9HAE0,1129,0.0058787092682,9,0.91417004048583,4.760088476275303e-06
VogtmannE_2016,4818,UniRef90_C3QR20,1129,0.005716417816,9,0.91417004048583,4.628678393522267e-06
VogtmannE_2016,4819,UniRef90_R6W9Z5,1129,0.0056795024771000005,9,0.91417004048583,4.598787430850203e-06
VogtmannE_2016,4820,UniRef90_Q8A375,1129,0.0056731985661,9,0.91417004048583,4.593683049473684e-06
VogtmannE_2016,4821,UniRef90_R5U995,1129,0.0056351162215,9,0.91417004048583,4.562847142914979e-06
VogtmannE_2016,4822,UniRef90_R6JAK6,1129,0.0055859533796,9,0.91417004048583,4.523039173765183e-06
VogtmannE_2016,4823,UniRef90_R6T2Y9,1129,0.005314577205,9,0.91417004048583,4.303301380566802e-06
VogtmannE_2016,4824,UniRef90_A0A1Y4F8G2,1129,0.004992709049,9,0.91417004048583,4.042679391902834e-06
VogtmannE_2016,4825,UniRef90_R6JNB1,1129,0.0049577897174,9,0.91417004048583,4.014404629473684e-06
VogtmannE_2016,4826,UniRef90_A0A0P0FFX2,1129,0.004785093213,9,0.91417004048583,3.874569403238867e-06
VogtmannE_2016,4827,UniRef90_A7M1I8,1129,0.0047831097704999995,9,0.91417004048583,3.872963376923076e-06
VogtmannE_2016,4828,UniRef90_Q8AAD8,1129,0.0047009173643999995,9,0.91417004048583,3.806410821376518e-06
VogtmannE_2016,4829,UniRef90_I9T295,1129,0.0046615383658,9,0.91417004048583,3.7745249925506075e-06
VogtmannE_2016,4830,UniRef90_D6D093,1129,0.0045737325769,9,0.91417004048583,3.703427187773279e-06
VogtmannE_2016,4831,UniRef90_A0A174TCE2,1129,0.004516597112,9,0.91417004048583,3.6571636534412958e-06
VogtmannE_2016,4832,UniRef90_UPI000944CD3B,1129,0.0034492298801,9,0.91417004048583,2.792898688340081e-06
VogtmannE_2016,4833,UniRef90_A8S1F8,1129,0.0023969274579,9,0.91417004048583,1.9408319497165995e-06
VogtmannE_2016,4834,UniRef90_R7N250,1129,0.00033718927375,9,0.91417004048583,2.730277520242915e-07
VogtmannE_2016,4835,UniRef90_A0A353M1A7,1129,0.0001823101767,9,0.91417004048583,1.4761957627530365e-07
VogtmannE_2016,4836,UniRef90_D4K2L3,1128,0.0360354484462,9,0.9133603238866397,2.9178500766153846e-05
VogtmannE_2016,4837,UniRef90_A0A078R7E6,1128,0.029959389628,9,0.9133603238866397,2.4258615083400808e-05
VogtmannE_2016,4838,UniRef90_A0A0P0M2A9,1128,0.0296946854517,9,0.9133603238866397,2.4044279717975706e-05
VogtmannE_2016,4839,UniRef90_R9H3Z8,1128,0.026271821661899997,9,0.9133603238866397,2.1272730090607286e-05
VogtmannE_2016,4840,UniRef90_A0A1Y4P7Q6,1128,0.025183344625,9,0.9133603238866397,2.03913721659919e-05
VogtmannE_2016,4841,UniRef90_A0A0M1VZE5,1128,0.0176210358392,9,0.9133603238866397,1.4268045213927127e-05
VogtmannE_2016,4842,UniRef90_A0A076J4H3,1128,0.017460016624,9,0.9133603238866397,1.4137665282591092e-05
VogtmannE_2016,4843,UniRef90_A0A0P0L2N8,1128,0.0161814207090999,9,0.9133603238866397,1.3102364946639594e-05
VogtmannE_2016,4844,UniRef90_A0A2A7AHV1,1128,0.016101714467,9,0.9133603238866397,1.3037825479352227e-05
VogtmannE_2016,4845,UniRef90_A0A174BTQ6,1128,0.015410599628599999,9,0.9133603238866397,1.2478218322753036e-05
VogtmannE_2016,4846,UniRef90_A0A0K2HKA7,1128,0.015058698536,9,0.9133603238866397,1.219327816680162e-05
VogtmannE_2016,4847,UniRef90_K6A0H4,1128,0.0149059199609,9,0.9133603238866397,1.206957081854251e-05
VogtmannE_2016,4848,UniRef90_A0A396ER74,1128,0.0148209642515,9,0.9133603238866397,1.2000780770445345e-05
VogtmannE_2016,4849,UniRef90_A0A076INV0,1128,0.0142570488409,9,0.9133603238866397,1.154416910194332e-05
VogtmannE_2016,4850,UniRef90_A0A076IXG4,1128,0.013915316164,9,0.9133603238866397,1.126746248097166e-05
VogtmannE_2016,4851,UniRef90_F3PWP5,1128,0.0138739469108,9,0.9133603238866397,1.1233965109959514e-05
VogtmannE_2016,4852,UniRef90_B0NII3,1128,0.013871964112399899,9,0.9133603238866397,1.1232359605182104e-05
VogtmannE_2016,4853,UniRef90_A0A076IK57,1128,0.0135727691346,9,0.9133603238866397,1.0990096465263157e-05
VogtmannE_2016,4854,UniRef90_A0A0P0GT23,1128,0.0133885173875,9,0.9133603238866397,1.0840904767206478e-05
VogtmannE_2016,4855,UniRef90_A0A076J1E4,1128,0.013304437874,9,0.9133603238866397,1.0772824189473685e-05
VogtmannE_2016,4856,UniRef90_A0A0K2HE84,1128,0.013287870492799999,9,0.9133603238866397,1.075940930591093e-05
VogtmannE_2016,4857,UniRef90_A0A174IJS8,1128,0.0132692713002999,9,0.9133603238866397,1.0744349231012065e-05
VogtmannE_2016,4858,UniRef90_A0A076IPP3,1128,0.013240305889299999,9,0.9133603238866397,1.0720895456923076e-05
VogtmannE_2016,4859,UniRef90_I8WP17,1128,0.0131772421031,9,0.9133603238866397,1.0669831662429149e-05
VogtmannE_2016,4860,UniRef90_A0A076J7N0,1128,0.0131133712692,9,0.9133603238866397,1.0618114388016194e-05
VogtmannE_2016,4861,UniRef90_C7H993,1128,0.0129650807573,9,0.9133603238866397,1.049804109902834e-05
VogtmannE_2016,4862,UniRef90_D4KUS1,1128,0.0129152175552,9,0.9133603238866397,1.0457666036599191e-05
VogtmannE_2016,4863,UniRef90_A0A0P0M547,1128,0.012847789193,9,0.9133603238866397,1.0403068172469635e-05
VogtmannE_2016,4864,UniRef90_D1K9E6,1128,0.0127694711741999,9,0.9133603238866397,1.0339652772631498e-05
VogtmannE_2016,4865,UniRef90_D1K1G9,1128,0.012705702332,9,0.9133603238866397,1.0288018082591092e-05
VogtmannE_2016,4866,UniRef90_E5UR02,1128,0.012417759267,9,0.9133603238866397,1.0054865803238867e-05
VogtmannE_2016,4867,UniRef90_C7H1D1,1128,0.01241753531,9,0.9133603238866397,1.0054684461538461e-05
VogtmannE_2016,4868,UniRef90_D4V9H2,1128,0.012294010008,9,0.9133603238866397,9.954663974089069e-06
VogtmannE_2016,4869,UniRef90_A0A076J3P1,1128,0.0122411572986,9,0.9133603238866397,9.911868257975709e-06
VogtmannE_2016,4870,UniRef90_F0YZ89,1128,0.0121829727859,9,0.9133603238866397,9.86475529222672e-06
VogtmannE_2016,4871,UniRef90_A0A076ITG9,1128,0.012155147379,9,0.9133603238866397,9.842224598380567e-06
VogtmannE_2016,4872,UniRef90_A0A3E4W551,1128,0.0117752022991,9,0.9133603238866397,9.534576760404858e-06
VogtmannE_2016,4873,UniRef90_R5LX64,1128,0.0115158293201,9,0.9133603238866397,9.324558153927126e-06
VogtmannE_2016,4874,UniRef90_A0A139K8M3,1128,0.0113676181298,9,0.9133603238866397,9.204549092955466e-06
VogtmannE_2016,4875,UniRef90_A0A397WDY2,1128,0.011312183222100002,9,0.9133603238866397,9.159662528016196e-06
VogtmannE_2016,4876,UniRef90_A0A2A6ZNN7,1128,0.0111944519181,9,0.9133603238866397,9.064333536923076e-06
VogtmannE_2016,4877,UniRef90_A0A2A6ZHP7,1128,0.0110474408646,9,0.9133603238866397,8.945296246639677e-06
VogtmannE_2016,4878,UniRef90_E6STL7,1128,0.0109364000097,9,0.9133603238866397,8.855384623238866e-06
VogtmannE_2016,4879,UniRef90_D4V8N8,1128,0.0108478636952,9,0.9133603238866397,8.783695299757084e-06
VogtmannE_2016,4880,UniRef90_A0A076IV07,1128,0.0105001100901,9,0.9133603238866397,8.502113433279352e-06
VogtmannE_2016,4881,UniRef90_I8W5T6,1128,0.010323226142400001,9,0.9133603238866397,8.358887564696358e-06
VogtmannE_2016,4882,UniRef90_A0A173VHW5,1128,0.0102623829072,9,0.9133603238866397,8.309621787206478e-06
VogtmannE_2016,4883,UniRef90_A0A0K2HMI3,1128,0.010094626163499999,9,0.9133603238866397,8.173786367206477e-06
VogtmannE_2016,4884,UniRef90_R6KPU8,1128,0.0100756943527,9,0.9133603238866397,8.158456965748988e-06
VogtmannE_2016,4885,UniRef90_B0NPD4,1128,0.0098543869396,9,0.9133603238866397,7.979260679838056e-06
VogtmannE_2016,4886,UniRef90_A0A176UAW6,1128,0.0097703565144,9,0.9133603238866397,7.911219849716598e-06
VogtmannE_2016,4887,UniRef90_A0A0M1W3E3,1128,0.009764663443,9,0.9133603238866397,7.906610075303644e-06
VogtmannE_2016,4888,UniRef90_D1JYI7,1128,0.0096989937820999,9,0.9133603238866397,7.853436260809635e-06
VogtmannE_2016,4889,UniRef90_A0A2A6ZYV1,1128,0.0096358884475,9,0.9133603238866397,7.802338823886639e-06
VogtmannE_2016,4890,UniRef90_D4VB21,1128,0.0091978343982,9,0.9133603238866397,7.44763918882591e-06
VogtmannE_2016,4891,UniRef90_A0A0B5G326,1128,0.0090911403369,9,0.9133603238866397,7.361247236356275e-06
VogtmannE_2016,4892,UniRef90_S3Y961,1128,0.0090058525865,9,0.9133603238866397,7.2921883291497975e-06
VogtmannE_2016,4893,UniRef90_A0A139K7R2,1128,0.008329657306900001,9,0.9133603238866397,6.7446617869635636e-06
VogtmannE_2016,4894,UniRef90_B7APN5,1128,0.0071463342165,9,0.9133603238866397,5.786505438461538e-06
VogtmannE_2016,4895,UniRef90_A0A3E5GQQ9,1128,0.00703624110712,9,0.9133603238866397,5.6973612203400806e-06
VogtmannE_2016,4896,UniRef90_A0A1G8DPD0,1128,0.0058279864212999995,9,0.9133603238866397,4.7190173451821855e-06
VogtmannE_2016,4897,UniRef90_A0A0K6BT56,1128,0.0056904197003,9,0.9133603238866397,4.607627287692307e-06
VogtmannE_2016,4898,UniRef90_A0A0P0FL43,1128,0.0055622526429,9,0.9133603238866397,4.5038482938461534e-06
VogtmannE_2016,4899,UniRef90_A0A0P0FB01,1128,0.0053517719553,9,0.9133603238866397,4.333418587287449e-06
VogtmannE_2016,4900,UniRef90_A0A139KZX2,1128,0.0053205311747,9,0.9133603238866397,4.308122408663967e-06
VogtmannE_2016,4901,UniRef90_A0A0N7IAI2,1128,0.0051863365072,9,0.9133603238866397,4.199462758866396e-06
VogtmannE_2016,4902,UniRef90_A0A0P0F8T8,1128,0.0051324140827,9,0.9133603238866397,4.155800876680162e-06
VogtmannE_2016,4903,UniRef90_C7HB27,1128,0.0047719352668,9,0.9133603238866397,3.863915195789474e-06
VogtmannE_2016,4904,UniRef90_A0A173TBR1,1128,0.0045844852986,9,0.9133603238866397,3.7121338450202427e-06
VogtmannE_2016,4905,UniRef90_A0A174ISL4,1128,0.0041954849902,9,0.9133603238866397,3.3971538382186238e-06
VogtmannE_2016,4906,UniRef90_UPI000E5C8122,1128,0.0039409875518,9,0.9133603238866397,3.1910830378947366e-06
VogtmannE_2016,4907,UniRef90_C0B4Y7,1128,0.0037428207791000002,9,0.9133603238866397,3.030624112631579e-06
VogtmannE_2016,4908,UniRef90_A0A1C7FPL6,1128,0.0030276524045,9,0.9133603238866397,2.4515404085020243e-06
VogtmannE_2016,4909,UniRef90_B0NE80,1128,0.0018333216528,9,0.9133603238866397,1.4844709739271254e-06
VogtmannE_2016,4910,UniRef90_A0A1Q6TZC0,1128,0.0007918401924,9,0.9133603238866397,6.411661476923077e-07
VogtmannE_2016,4911,UniRef90_A0A174DIW8,1127,0.0347308420874,9,0.9125506072874494,2.8122139342024294e-05
VogtmannE_2016,4912,UniRef90_A0A139LGL2,1127,0.0292031593397,9,0.9125506072874494,2.3646282866153847e-05
VogtmannE_2016,4913,UniRef90_C7H8P3,1127,0.0241681985074,9,0.9125506072874494,1.956939150396761e-05
VogtmannE_2016,4914,UniRef90_A0A076IXD0,1127,0.0223301146854,9,0.9125506072874494,1.8081064522591092e-05
VogtmannE_2016,4915,UniRef90_A0A174AUA4,1127,0.020627343737,9,0.9125506072874494,1.670230262105263e-05
VogtmannE_2016,4916,UniRef90_I8WLY5,1127,0.0178568141579999,9,0.9125506072874494,1.4458958832388583e-05
VogtmannE_2016,4917,UniRef90_A0A2A6ZJD3,1127,0.0170609558944,9,0.9125506072874494,1.3814539185748989e-05
VogtmannE_2016,4918,UniRef90_A0A174UB30,1127,0.0162112186779,9,0.9125506072874494,1.312649285659919e-05
VogtmannE_2016,4919,UniRef90_C4Z908,1127,0.0159429571079,9,0.9125506072874494,1.2909277010445343e-05
VogtmannE_2016,4920,UniRef90_E2ZFA7,1127,0.015887000246,9,0.9125506072874494,1.2863967810526316e-05
VogtmannE_2016,4921,UniRef90_R5EZR3,1127,0.0155944286034,9,0.9125506072874494,1.262706769506073e-05
VogtmannE_2016,4922,UniRef90_A0A076J4U3,1127,0.015531282079999901,9,0.9125506072874494,1.2575936906882511e-05
VogtmannE_2016,4923,UniRef90_A0A076IZM6,1127,0.0148577499127,9,0.9125506072874494,1.2030566730931175e-05
VogtmannE_2016,4924,UniRef90_A6L6D2,1127,0.014351981403999998,9,0.9125506072874494,1.1621037574089068e-05
VogtmannE_2016,4925,UniRef90_A0A0K2HJI4,1127,0.0142639845894,9,0.9125506072874494,1.1549785092631579e-05
VogtmannE_2016,4926,UniRef90_A0A1E3U585,1127,0.0137173026315,9,0.9125506072874494,1.1107127636842106e-05
VogtmannE_2016,4927,UniRef90_A0A174VCZ8,1127,0.0136703337909,9,0.9125506072874494,1.1069096186963563e-05
VogtmannE_2016,4928,UniRef90_A7UZS6,1127,0.0136426928438,9,0.9125506072874494,1.1046714853279351e-05
VogtmannE_2016,4929,UniRef90_C3R9T2,1127,0.0134461226995999,9,0.9125506072874494,1.0887548744615304e-05
VogtmannE_2016,4930,UniRef90_E6SSK5,1127,0.013317359618,9,0.9125506072874494,1.078328714008097e-05
VogtmannE_2016,4931,UniRef90_E2NA95,1127,0.0131225370717,9,0.9125506072874494,1.0625536090445345e-05
VogtmannE_2016,4932,UniRef90_E5UVP4,1127,0.013115215972,9,0.9125506072874494,1.0619608074493928e-05
VogtmannE_2016,4933,UniRef90_A0A076INM5,1127,0.012921634986699999,9,0.9125506072874494,1.0462862337408905e-05
VogtmannE_2016,4934,UniRef90_C3RFJ4,1127,0.0128682794835999,9,0.9125506072874494,1.0419659500890606e-05
VogtmannE_2016,4935,UniRef90_C0B7D5,1127,0.0126796424741999,9,0.9125506072874494,1.0266916983157813e-05
VogtmannE_2016,4936,UniRef90_B6W1Z9,1127,0.012574353162,9,0.9125506072874494,1.0181662479352227e-05
VogtmannE_2016,4937,UniRef90_R5C2Q1,1127,0.0125174012984,9,0.9125506072874494,1.0135547610040486e-05
VogtmannE_2016,4938,UniRef90_A0A076IR58,1127,0.012438639482,9,0.9125506072874494,1.0071772859919028e-05
VogtmannE_2016,4939,UniRef90_A0A0N7IEZ3,1127,0.0124158113458999,9,0.9125506072874494,1.0053288539190201e-05
VogtmannE_2016,4940,UniRef90_K9EMB0,1127,0.0124039767829,9,0.9125506072874494,1.004370589708502e-05
VogtmannE_2016,4941,UniRef90_A0A3E4G8J9,1127,0.0123056075763,9,0.9125506072874494,9.964054717651821e-06
VogtmannE_2016,4942,UniRef90_D1K9A0,1127,0.012055024225,9,0.9125506072874494,9.761153218623482e-06
VogtmannE_2016,4943,UniRef90_A0A076J644,1127,0.011764160907,9,0.9125506072874494,9.52563636194332e-06
VogtmannE_2016,4944,UniRef90_A0A3E5EV35,1127,0.0117327029129,9,0.9125506072874494,9.50016430194332e-06
VogtmannE_2016,4945,UniRef90_A0A0M1W292,1127,0.011627322042,9,0.9125506072874494,9.414835661538462e-06
VogtmannE_2016,4946,UniRef90_I3WHJ7,1127,0.0114083266971999,9,0.9125506072874494,9.237511495708422e-06
VogtmannE_2016,4947,UniRef90_A0A1H7F9G0,1127,0.011272158215100001,9,0.9125506072874494,9.127253615465588e-06
VogtmannE_2016,4948,UniRef90_A0A076ISQ4,1127,0.0108851773653,9,0.9125506072874494,8.813908797813764e-06
VogtmannE_2016,4949,UniRef90_R6KC06,1127,0.0106379371161,9,0.9125506072874494,8.613714264048583e-06
VogtmannE_2016,4950,UniRef90_A0A1Y3ZDV8,1127,0.010634974968300001,9,0.9125506072874494,8.61131576380567e-06
VogtmannE_2016,4951,UniRef90_I9RFL3,1127,0.0106049612801,9,0.9125506072874494,8.587013182267206e-06
VogtmannE_2016,4952,UniRef90_R6L778,1127,0.0104011376535,9,0.9125506072874494,8.421973808502024e-06
VogtmannE_2016,4953,UniRef90_C4ZAW6,1127,0.010211605702700001,9,0.9125506072874494,8.268506641862349e-06
VogtmannE_2016,4954,UniRef90_A0A076IQZ6,1127,0.0100863245259,9,0.9125506072874494,8.167064393441295e-06
VogtmannE_2016,4955,UniRef90_A0A076IMR7,1127,0.010059988685799999,9,0.9125506072874494,8.145739826558703e-06
VogtmannE_2016,4956,UniRef90_A0A076IRI0,1127,0.009942961484799999,9,0.9125506072874494,8.050980959352227e-06
VogtmannE_2016,4957,UniRef90_D4V968,1127,0.009600060493999899,9,0.9125506072874494,7.77332833522259e-06
VogtmannE_2016,4958,UniRef90_A0A329UBI6,1127,0.0093438139501,9,0.9125506072874494,7.5658412551417e-06
VogtmannE_2016,4959,UniRef90_A0A076J902,1127,0.0093009534804,9,0.9125506072874494,7.5311364213765185e-06
VogtmannE_2016,4960,UniRef90_A0A3E4WLN1,1127,0.0090956415597,9,0.9125506072874494,7.364891951174089e-06
VogtmannE_2016,4961,UniRef90_A0A174VSS1,1127,0.009081182480300001,9,0.9125506072874494,7.3531841945749e-06
VogtmannE_2016,4962,UniRef90_C3R961,1127,0.0090663478752,9,0.9125506072874494,7.341172368582996e-06
VogtmannE_2016,4963,UniRef90_A0A0K2HKV3,1127,0.0089850750919,9,0.9125506072874494,7.275364446882591e-06
VogtmannE_2016,4964,UniRef90_A0A176UAM3,1127,0.0088764538797,9,0.9125506072874494,7.187412048340081e-06
VogtmannE_2016,4965,UniRef90_A0A077ZNL9,1127,0.008826324092,9,0.9125506072874494,7.146821127125506e-06
VogtmannE_2016,4966,UniRef90_A0A0D8IWR5,1127,0.0087911090905,9,0.9125506072874494,7.118306955870445e-06
VogtmannE_2016,4967,UniRef90_B6W2W6,1127,0.0082648123006,9,0.9125506072874494,6.692155708987854e-06
VogtmannE_2016,4968,UniRef90_A0A078RA74,1127,0.008250404941,9,0.9125506072874494,6.68048983076923e-06
VogtmannE_2016,4969,UniRef90_D4LIY6,1127,0.0075609159082999,9,0.9125506072874494,6.122199116032308e-06
VogtmannE_2016,4970,UniRef90_U2QN46,1127,0.006925014632,9,0.9125506072874494,5.607299297165992e-06
VogtmannE_2016,4971,UniRef90_D4KAU1,1127,0.006878091841499999,9,0.9125506072874494,5.569305134817813e-06
VogtmannE_2016,4972,UniRef90_A0A174QLT7,1127,0.0065654738007,9,0.9125506072874494,5.316173117975708e-06
VogtmannE_2016,4973,UniRef90_Q8AAB8,1127,0.0054016868496,9,0.9125506072874494,4.373835505748988e-06
VogtmannE_2016,4974,UniRef90_A0A139TAG2,1127,0.0053873676097,9,0.9125506072874494,4.36224097951417e-06
VogtmannE_2016,4975,UniRef90_A7M2L9,1127,0.0051030880261,9,0.9125506072874494,4.132055081862348e-06
VogtmannE_2016,4976,UniRef90_A0A0N7I9W7,1127,0.0050730733152,9,0.9125506072874494,4.10775167222672e-06
VogtmannE_2016,4977,UniRef90_A0A139KWK0,1127,0.0050462471703,9,0.9125506072874494,4.086030097408907e-06
VogtmannE_2016,4978,UniRef90_Q8AB57,1127,0.0050240379509999995,9,0.9125506072874494,4.068046923886639e-06
VogtmannE_2016,4979,UniRef90_A5ZP86,1127,0.0049984585797,9,0.9125506072874494,4.047334882348178e-06
VogtmannE_2016,4980,UniRef90_D4KXF6,1127,0.00486080040048,9,0.9125506072874494,3.9358707696194335e-06
VogtmannE_2016,4981,UniRef90_D6D0Y6,1127,0.0048124203063999995,9,0.9125506072874494,3.8966966043724695e-06
VogtmannE_2016,4982,UniRef90_A5ZH03,1127,0.0047637692053,9,0.9125506072874494,3.857303000242915e-06
VogtmannE_2016,4983,UniRef90_R6KBI0,1127,0.0045943502801,9,0.9125506072874494,3.720121684291498e-06
VogtmannE_2016,4984,UniRef90_Q8ABB0,1127,0.0045611506091,9,0.9125506072874494,3.693239359595142e-06
VogtmannE_2016,4985,UniRef90_C5EFI0,1127,0.0029414349429,9,0.9125506072874494,2.3817286987044533e-06
VogtmannE_2016,4986,UniRef90_A0A1Q2C6A6,1127,0.00245719537927,9,0.9125506072874494,1.989631886048583e-06
VogtmannE_2016,4987,UniRef90_K1FAD2,1126,0.0347244186117,9,0.9117408906882591,2.811693814712551e-05
VogtmannE_2016,4988,UniRef90_A0A076J2G1,1126,0.0182795333192,9,0.9117408906882591,1.4801241554008098e-05
VogtmannE_2016,4989,UniRef90_A0A076J661,1126,0.0173186608393,9,0.9117408906882591,1.4023207157327936e-05
VogtmannE_2016,4990,UniRef90_C0EYV5,1126,0.0167924145411,9,0.9117408906882591,1.3597096794412956e-05
VogtmannE_2016,4991,UniRef90_D4K9G2,1126,0.0164667706686,9,0.9117408906882591,1.3333417545425101e-05
VogtmannE_2016,4992,UniRef90_A8SBU1,1126,0.015726439996,9,0.9117408906882591,1.2733959510931173e-05
VogtmannE_2016,4993,UniRef90_A0A0K2HIJ2,1126,0.0153895739792999,9,0.9117408906882591,1.2461193505505991e-05
VogtmannE_2016,4994,UniRef90_A0A396FM87,1126,0.0152139914431,9,0.9117408906882591,1.2319021411417005e-05
VogtmannE_2016,4995,UniRef90_A8S805,1126,0.0145700591696,9,0.9117408906882591,1.1797618760809718e-05
VogtmannE_2016,4996,UniRef90_A0A076IXT0,1126,0.014458262146999998,9,0.9117408906882591,1.1707094855870444e-05
VogtmannE_2016,4997,UniRef90_E2ZFU5,1126,0.0138730488165,9,0.9117408906882591,1.1233237908097166e-05
VogtmannE_2016,4998,UniRef90_D4VC73,1126,0.013137816667,9,0.9117408906882591,1.0637908232388665e-05
VogtmannE_2016,4999,UniRef90_B5CPL4,1126,0.0125743325083,9,0.9117408906882591,1.0181645755708502e-05
VogtmannE_2016,5000,UniRef90_A7V5M4,1126,0.0121803890115,9,0.9117408906882591,9.862663167206477e-06
