held_out_cohort,rank,gene_id,n_nonzero,total_abundance,n_cohorts,prevalence,mean_abundance
YuJ_2015,1,UniRef90_A7B5X2,1210,0.50067709087,9,0.9991742361684558,0.00041344103292320395
YuJ_2015,2,UniRef90_A5KRL1,1209,0.20185264276099998,9,0.9983484723369116,0.0001666826116936416
YuJ_2015,3,UniRef90_A8S6F0,1209,0.165393749411,9,0.9983484723369116,0.00013657617622708505
YuJ_2015,4,UniRef90_A5ZTV7,1208,0.149265381787,9,0.9975227085053675,0.00012325795358133774
YuJ_2015,5,UniRef90_A0A1E3U755,1208,0.097014752928,9,0.9975227085053675,8.011127409413708e-05
YuJ_2015,6,UniRef90_E9RZN0,1208,0.094154395753,9,0.9975227085053675,7.774929459372419e-05
YuJ_2015,7,UniRef90_A0A329UIW4,1208,0.076556016324,9,0.9975227085053675,6.321718936746491e-05
YuJ_2015,8,UniRef90_G2T0F8,1208,0.057637117479,9,0.9975227085053675,4.7594646968620975e-05
YuJ_2015,9,UniRef90_O52836,1208,0.0355344985201,9,0.9975227085053675,2.9343103649958713e-05
YuJ_2015,10,UniRef90_A7B5X1,1207,0.321298055865,9,0.9966969446738233,0.00026531631367877786
YuJ_2015,11,UniRef90_A5Z319,1207,0.226346705988,9,0.9966969446738233,0.0001869089231940545
YuJ_2015,12,UniRef90_A5Z511,1207,0.160318525742,9,0.9966969446738233,0.00013238524008422792
YuJ_2015,13,UniRef90_A0A3E5E271,1207,0.1010043599336,9,0.9966969446738233,8.340574726143683e-05
YuJ_2015,14,UniRef90_B0PBV1,1207,0.088754388787,9,0.9966969446738233,7.329016415111478e-05
YuJ_2015,15,UniRef90_A0A1C5SJL7,1207,0.054467701384,9,0.9966969446738233,4.4977457790255987e-05
YuJ_2015,16,UniRef90_R9J210,1207,0.045920186851,9,0.9966969446738233,3.791922943930636e-05
YuJ_2015,17,UniRef90_A0A2G5ZAL1,1207,0.02886285026,9,0.9966969446738233,2.3833897819983483e-05
YuJ_2015,18,UniRef90_D1KAJ3,1206,0.126368008511,9,0.9958711808422791,0.0001043501308926507
YuJ_2015,19,UniRef90_A5KR94,1206,0.080891511313,9,0.9958711808422791,6.679728432122213e-05
YuJ_2015,20,UniRef90_A0A2A7BHE3,1206,0.0398724422613,9,0.9958711808422791,3.2925220694715115e-05
YuJ_2015,21,UniRef90_P10952,1206,0.029742727749,9,0.9958711808422791,2.4560468826589596e-05
YuJ_2015,22,UniRef90_A0A373N964,1206,0.0263980000989,9,0.9958711808422791,2.1798513706771264e-05
YuJ_2015,23,UniRef90_A7B8Q0,1205,0.10031789657199999,9,0.9950454170107349,8.283889064574731e-05
YuJ_2015,24,UniRef90_A0A174CTY8,1205,0.048028254186,9,0.9950454170107349,3.9659995199009086e-05
YuJ_2015,25,UniRef90_B0P4F9,1205,0.04558856243,9,0.9950454170107349,3.7645385986787776e-05
YuJ_2015,26,UniRef90_A0A0P6IRT9,1205,0.038337226835,9,0.9950454170107349,3.1657495322047896e-05
YuJ_2015,27,UniRef90_G8FXM5,1205,0.036279731471,9,0.9950454170107349,2.995849006688687e-05
YuJ_2015,28,UniRef90_C0BDI2,1204,0.104686907147,9,0.9942196531791907,8.644666155821635e-05
YuJ_2015,29,UniRef90_A0A176U927,1204,0.0842086794034,9,0.9942196531791907,6.953648175342693e-05
YuJ_2015,30,UniRef90_G9RSQ0,1204,0.052836610007,9,0.9942196531791907,4.363056152518579e-05
YuJ_2015,31,UniRef90_A0A396GB52,1204,0.051982090699000005,9,0.9942196531791907,4.292493038728324e-05
YuJ_2015,32,UniRef90_A0A136WGM7,1204,0.045996022662,9,0.9942196531791907,3.798185190916598e-05
YuJ_2015,33,UniRef90_A0A0S2W775,1204,0.037887676643,9,0.9942196531791907,3.1286273033030556e-05
YuJ_2015,34,UniRef90_B6FSS6,1204,0.033668220182,9,0.9942196531791907,2.780199849876135e-05
YuJ_2015,35,UniRef90_D4C6N2,1204,0.032289800229,9,0.9942196531791907,2.6663749156895128e-05
YuJ_2015,36,UniRef90_A0A176U5Z8,1204,0.0291994835803,9,0.9942196531791907,2.4111877440379852e-05
YuJ_2015,37,UniRef90_A0A0J8Z0N3,1204,0.016332752119,9,0.9942196531791907,1.3486995969446738e-05
YuJ_2015,38,UniRef90_A0A173XT59,1203,0.3545331367029,9,0.9933938893476466,0.0002927606413731627
YuJ_2015,39,UniRef90_A0A174C1Q1,1203,0.03652788037,9,0.9933938893476466,3.0163402452518582e-05
YuJ_2015,40,UniRef90_T4C374,1203,0.0265940569316,9,0.9933938893476466,2.1960410348142032e-05
YuJ_2015,41,UniRef90_A8RDX0,1203,0.023543268444,9,0.9933938893476466,1.9441179557390585e-05
YuJ_2015,42,UniRef90_UPI0003B4B9B1,1203,0.0219278188127,9,0.9933938893476466,1.810719968018167e-05
YuJ_2015,43,UniRef90_A0A2I7ZEY3,1203,0.019142823679000002,9,0.9933938893476466,1.5807451427745665e-05
YuJ_2015,44,UniRef90_A0A116NS82,1203,0.017950174741,9,0.9933938893476466,1.482260507101569e-05
YuJ_2015,45,UniRef90_B0GAB5,1202,0.060447076086,9,0.9925681255161024,4.991500915441784e-05
YuJ_2015,46,UniRef90_A7AZN6,1202,0.051472043137000004,9,0.9925681255161024,4.250375155821635e-05
YuJ_2015,47,UniRef90_A0A1E3AIV3,1202,0.044269994552,9,0.9925681255161024,3.655656032369942e-05
YuJ_2015,48,UniRef90_A7VD49,1202,0.043684126946,9,0.9925681255161024,3.6072772044591245e-05
YuJ_2015,49,UniRef90_A0A174VDA7,1202,0.037985810664,9,0.9925681255161024,3.136730855821635e-05
YuJ_2015,50,UniRef90_C7H3I9,1202,0.035211027975999995,9,0.9925681255161024,2.9075993374071012e-05
YuJ_2015,51,UniRef90_A0A096B5B1,1202,0.031038396015,9,0.9925681255161024,2.5630384818331958e-05
YuJ_2015,52,UniRef90_D4L0W7,1202,0.0269205851697,9,0.9925681255161024,2.223004555714286e-05
YuJ_2015,53,UniRef90_D4JTZ5,1202,0.025633734531,9,0.9925681255161024,2.116741084310487e-05
YuJ_2015,54,UniRef90_A0A1V5J5Q1,1202,0.01732595857,9,0.9925681255161024,1.4307149933938895e-05
YuJ_2015,55,UniRef90_A7AJP8,1201,0.8304759762164999,9,0.9917423616845582,0.000685777024125929
YuJ_2015,56,UniRef90_A7UXY6,1201,0.4081031134044,9,0.9917423616845582,0.00033699679058992566
YuJ_2015,57,UniRef90_A0A3E4HP53,1201,0.4002678181501,9,0.9917423616845582,0.000330526687159455
YuJ_2015,58,UniRef90_A5KRI2,1201,0.12302462163399999,9,0.9917423616845582,0.00010158928293476465
YuJ_2015,59,UniRef90_A0A173YTU2,1201,0.037601936479100005,9,0.9917423616845582,3.105031914046243e-05
YuJ_2015,60,UniRef90_A6P024,1201,0.0167221508906,9,0.9917423616845582,1.3808547391081753e-05
YuJ_2015,61,UniRef90_A7V4G2,1200,2.195554115096,9,0.990916597853014,0.0018130091784442609
YuJ_2015,62,UniRef90_E2SRB6,1200,0.08921224663980001,9,0.990916597853014,7.366824660594552e-05
YuJ_2015,63,UniRef90_G2T5K3,1200,0.0712144963059999,9,0.990916597853014,5.880635533113121e-05
YuJ_2015,64,UniRef90_A6KYH2,1200,0.0614930592184,9,0.990916597853014,5.0778744193559045e-05
YuJ_2015,65,UniRef90_A6P028,1200,0.0386966386229,9,0.990916597853014,3.195428457712634e-05
YuJ_2015,66,UniRef90_B0N9J6,1200,0.034846700272,9,0.990916597853014,2.877514473327828e-05
YuJ_2015,67,UniRef90_A7AZM6,1200,0.029182083126,9,0.990916597853014,2.4097508774566473e-05
YuJ_2015,68,UniRef90_A0A134CL89,1200,0.0231758303335,9,0.990916597853014,1.9137762455408753e-05
YuJ_2015,69,UniRef90_B5CLP5,1199,0.1237046683265,9,0.9900908340214699,0.0001021508408971924
YuJ_2015,70,UniRef90_A8S630,1199,0.09310340014309999,9,0.9900908340214699,7.688142043195706e-05
YuJ_2015,71,UniRef90_A6KYJ9,1199,0.06747836891259999,9,0.9900908340214699,5.572119645962014e-05
YuJ_2015,72,UniRef90_A0A174EV71,1199,0.063060015227,9,0.9900908340214699,5.207267979108175e-05
YuJ_2015,73,UniRef90_D4LY41,1199,0.062585095315,9,0.9900908340214699,5.168050810487201e-05
YuJ_2015,74,UniRef90_A0A173VH24,1199,0.048723466502,9,0.9900908340214699,4.0234076384805946e-05
YuJ_2015,75,UniRef90_A0A174E4H8,1199,0.024056036803,9,0.9900908340214699,1.9864605122213048e-05
YuJ_2015,76,UniRef90_A0A395V457,1199,0.010978883393,9,0.9900908340214699,9.06596481668043e-06
YuJ_2015,77,UniRef90_A0A0C1R4M8,1199,0.0069554428929999995,9,0.9900908340214699,5.743553173410404e-06
YuJ_2015,78,UniRef90_J7TUV6,1198,0.1972374541122,9,0.9892650701899257,0.00016287155583170933
YuJ_2015,79,UniRef90_A5Z498,1198,0.0897102807119,9,0.9892650701899257,7.407950512956234e-05
YuJ_2015,80,UniRef90_A0A396A9Y4,1198,0.07587103526,9,0.9892650701899257,6.265155677952105e-05
YuJ_2015,81,UniRef90_C4Z731,1198,0.061190641338,9,0.9892650701899257,5.052901844591247e-05
YuJ_2015,82,UniRef90_A9KJG8,1198,0.04747490348,9,0.9892650701899257,3.920305819983485e-05
YuJ_2015,83,UniRef90_D4KTF5,1198,0.036133316971,9,0.9892650701899257,2.9837586268373247e-05
YuJ_2015,84,UniRef90_A0A3E4VBF9,1198,0.032236924251,9,0.9892650701899257,2.66200860867052e-05
YuJ_2015,85,UniRef90_A0A2X2VRZ5,1198,0.031397754156999996,9,0.9892650701899257,2.592712977456647e-05
YuJ_2015,86,UniRef90_A0A2D1TZK6,1198,0.030623057273,9,0.9892650701899257,2.5287413107349297e-05
YuJ_2015,87,UniRef90_D3AQS6,1198,0.0270693792281,9,0.9892650701899257,2.2352914308918248e-05
YuJ_2015,88,UniRef90_E5VKQ7,1198,0.026611136538,9,0.9892650701899257,2.197451406936416e-05
YuJ_2015,89,UniRef90_A0A346FUW7,1198,0.0249314799119999,9,0.9892650701899257,2.058751437819975e-05
YuJ_2015,90,UniRef90_A0A068NYL3,1198,0.02401120404171,9,0.9892650701899257,1.982758384947151e-05
YuJ_2015,91,UniRef90_A6LEG9,1197,0.0797081136679,9,0.9884393063583815,6.5820077347564e-05
YuJ_2015,92,UniRef90_Q08425,1197,0.0698386097498,9,0.9884393063583815,5.7670197976713455e-05
YuJ_2015,93,UniRef90_R9LJ58,1197,0.050691852275000004,9,0.9884393063583815,4.185949816267548e-05
YuJ_2015,94,UniRef90_A0A3E5GAA7,1197,0.050224934362000005,9,0.9884393063583815,4.1473934237819986e-05
YuJ_2015,95,UniRef90_A0A0E9FSE3,1197,0.040138700183,9,0.9884393063583815,3.3145086856317096e-05
YuJ_2015,96,UniRef90_F7KIU0,1197,0.037269398981,9,0.9884393063583815,3.0775721701899254e-05
YuJ_2015,97,UniRef90_A0A1Y3RCS7,1197,0.029598927507799997,9,0.9884393063583815,2.4441723788439304e-05
YuJ_2015,98,UniRef90_A0A3A6I5M8,1197,0.011184087195100001,9,0.9884393063583815,9.235414694549959e-06
YuJ_2015,99,UniRef90_A5ZYU0,1196,0.3467586631061,9,0.9876135425268373,0.00028634076226763004
YuJ_2015,100,UniRef90_A0A174NV69,1196,0.217275393693,9,0.9876135425268373,0.0001794181615962015
YuJ_2015,101,UniRef90_A0A1Y4M362,1196,0.0913223907373,9,0.9876135425268373,7.541072728100743e-05
YuJ_2015,102,UniRef90_Q8A499,1196,0.06363457023130001,9,0.9876135425268373,5.2547126532865406e-05
YuJ_2015,103,UniRef90_R6MNH0,1196,0.062253107765999995,9,0.9876135425268373,5.14063647943848e-05
YuJ_2015,104,UniRef90_A0A3E4TAH0,1196,0.0526250426711,9,0.9876135425268373,4.345585687126342e-05
YuJ_2015,105,UniRef90_A6BD33,1196,0.052524260931,9,0.9876135425268373,4.337263495540876e-05
YuJ_2015,106,UniRef90_B0PDG5,1196,0.045662221488999996,9,0.9876135425268373,3.770621097357555e-05
YuJ_2015,107,UniRef90_R0CK04,1196,0.037732181692,9,0.9876135425268373,3.115787092650702e-05
YuJ_2015,108,UniRef90_D4L1Y8,1196,0.037127796920999996,9,0.9876135425268373,3.065879184227911e-05
YuJ_2015,109,UniRef90_A6NW75,1196,0.0330547618044,9,0.9876135425268373,2.7295426758381504e-05
YuJ_2015,110,UniRef90_A0A173QWR1,1196,0.024834672168,9,0.9876135425268373,2.050757404459125e-05
YuJ_2015,111,UniRef90_A0A396GFV9,1196,0.0193681438342,9,0.9876135425268373,1.5993512662427746e-05
YuJ_2015,112,UniRef90_R9KPA6,1196,0.01080796049,9,0.9876135425268373,8.924822865400496e-06
YuJ_2015,113,UniRef90_A0A0E1X896,1195,0.4370652075036,9,0.9867877786952931,0.0003609126403828241
YuJ_2015,114,UniRef90_A0A174I2V0,1195,0.4032732956374,9,0.9867877786952931,0.0003330085017649876
YuJ_2015,115,UniRef90_A0A174TQZ1,1195,0.058684441484000004,9,0.9867877786952931,4.845948925185797e-05
YuJ_2015,116,UniRef90_C4Z2U0,1195,0.044892294725,9,0.9867877786952931,3.7070433298926506e-05
YuJ_2015,117,UniRef90_D4LWI4,1195,0.039238985874,9,0.9867877786952931,3.240213532122213e-05
YuJ_2015,118,UniRef90_A0A136WGK3,1195,0.036960448106499996,9,0.9867877786952931,3.052060124401321e-05
YuJ_2015,119,UniRef90_A0A3E4V6K6,1195,0.032220527385,9,0.9867877786952931,2.6606546147811728e-05
YuJ_2015,120,UniRef90_A0A0P6AFG5,1195,0.0268761889,9,0.9867877786952931,2.2193384723369118e-05
YuJ_2015,121,UniRef90_F7KHD1,1195,0.0252428943061,9,0.9867877786952931,2.084466912146986e-05
YuJ_2015,122,UniRef90_R0BXG6,1195,0.025063129136,9,0.9867877786952931,2.0696225545829893e-05
YuJ_2015,123,UniRef90_D4CI29,1195,0.016926390686,9,0.9867877786952931,1.3977201227085052e-05
YuJ_2015,124,UniRef90_D0TK99,1194,0.399464204158,9,0.985962014863749,0.00032986309179025596
YuJ_2015,125,UniRef90_A7B6K6,1194,0.091046026236,9,0.985962014863749,7.518251547151115e-05
YuJ_2015,126,UniRef90_E6SR85,1194,0.08329874216290001,9,0.985962014863749,6.878508849124691e-05
YuJ_2015,127,UniRef90_A8ST13,1194,0.0616963324074,9,0.985962014863749,5.0946599840957886e-05
YuJ_2015,128,UniRef90_E4VR83,1194,0.054147577784,9,0.985962014863749,4.471311129975227e-05
YuJ_2015,129,UniRef90_B5CNA7,1194,0.049562218994,9,0.985962014863749,4.092668785631709e-05
YuJ_2015,130,UniRef90_D4L1Z3,1194,0.04559845977,9,0.985962014863749,3.7653558852188274e-05
YuJ_2015,131,UniRef90_A0A173X6V6,1194,0.044439093112,9,0.985962014863749,3.669619579851362e-05
YuJ_2015,132,UniRef90_C3R2Z0,1194,0.0426763460816,9,0.985962014863749,3.52405830566474e-05
YuJ_2015,133,UniRef90_E1KN21,1194,0.0413810633525,9,0.985962014863749,3.417098542733278e-05
YuJ_2015,134,UniRef90_A0A174GBZ5,1194,0.034254494501,9,0.985962014863749,2.828612262675475e-05
YuJ_2015,135,UniRef90_A8R8S8,1194,0.0294126128405,9,0.985962014863749,2.428787187489678e-05
YuJ_2015,136,UniRef90_U5F4Y0,1194,0.026420420236,9,0.985962014863749,2.1817027445086705e-05
YuJ_2015,137,UniRef90_A0A173YA79,1194,0.0210006461833,9,0.985962014863749,1.7341574057225433e-05
YuJ_2015,138,UniRef90_H1B4Y0,1194,0.0188248100029999,9,0.985962014863749,1.5544847236168374e-05
YuJ_2015,139,UniRef90_B0G8N9,1193,0.07906422953600001,9,0.9851362510322048,6.528838111973576e-05
YuJ_2015,140,UniRef90_E1YSQ9,1193,0.068569755089,9,0.9851362510322048,5.662242369033856e-05
YuJ_2015,141,UniRef90_Q8AAN9,1193,0.052516543139000005,9,0.9851362510322048,4.3366261881915775e-05
YuJ_2015,142,UniRef90_A9KRZ1,1193,0.047855940064,9,0.9851362510322048,3.951770442939719e-05
YuJ_2015,143,UniRef90_S0F6D4,1193,0.0394360113279,9,0.9851362510322048,3.2564831814946325e-05
YuJ_2015,144,UniRef90_A0A174Z1D1,1193,0.038103672953999995,9,0.9851362510322048,3.1464634974401315e-05
YuJ_2015,145,UniRef90_A0A174EIN5,1193,0.034052260432,9,0.9851362510322048,2.8119125047068538e-05
YuJ_2015,146,UniRef90_D4K6T2,1193,0.0284163761174,9,0.9851362510322048,2.3465215621304706e-05
YuJ_2015,147,UniRef90_A0A0S2W8L4,1193,0.0272138094475,9,0.9851362510322048,2.2472179560280762e-05
YuJ_2015,148,UniRef90_U2R7I4,1193,0.024644120079,9,0.9851362510322048,2.035022302146986e-05
YuJ_2015,149,UniRef90_A0A174LPJ5,1193,0.021800460934,9,0.9851362510322048,1.8002032150289018e-05
YuJ_2015,150,UniRef90_C0CLV9,1193,0.0211325748769999,9,0.9851362510322048,1.7450516000825683e-05
YuJ_2015,151,UniRef90_R0AZG5,1193,0.018931838591,9,0.9851362510322048,1.56332275730801e-05
YuJ_2015,152,UniRef90_D4LS50,1193,0.013996543620299999,9,0.9851362510322048,1.1557839488274153e-05
YuJ_2015,153,UniRef90_F5RQN3,1193,0.0138804913355,9,0.9851362510322048,1.1462007708918249e-05
YuJ_2015,154,UniRef90_A0A2P2F5X9,1192,0.099550818179,9,0.9843104872006606,8.220546505284888e-05
YuJ_2015,155,UniRef90_I4Z7P1,1192,0.056541825939,9,0.9843104872006606,4.669019482989265e-05
YuJ_2015,156,UniRef90_A6LEJ2,1192,0.0529778461705,9,0.9843104872006606,4.374718924071016e-05
YuJ_2015,157,UniRef90_A0A133PU47,1192,0.047206348849999996,9,0.9843104872006606,3.898129549958711e-05
YuJ_2015,158,UniRef90_B0NE07,1192,0.036806204149,9,0.9843104872006606,3.0393232162675476e-05
YuJ_2015,159,UniRef90_A7VRM9,1192,0.036571373153,9,0.9843104872006606,3.0199317219653177e-05
YuJ_2015,160,UniRef90_D4JB62,1192,0.033484501377,9,0.9843104872006606,2.7650290154417838e-05
YuJ_2015,161,UniRef90_C0FQ15,1192,0.0329894794241,9,0.9843104872006606,2.724151892989265e-05
YuJ_2015,162,UniRef90_D4KYI8,1192,0.032618533422,9,0.9843104872006606,2.693520513790256e-05
YuJ_2015,163,UniRef90_C7H7K4,1192,0.026794598705,9,0.9843104872006606,2.212601049132948e-05
YuJ_2015,164,UniRef90_C9YMF1,1192,0.0245995220634,9,0.9843104872006606,2.0313395593228734e-05
YuJ_2015,165,UniRef90_E4M058,1192,0.024586904407000003,9,0.9843104872006606,2.0302976388934768e-05
YuJ_2015,166,UniRef90_G2T0G7,1192,0.021937271998,9,0.9843104872006606,1.8115005778695294e-05
YuJ_2015,167,UniRef90_A0A174S825,1192,0.016400301998,9,0.9843104872006606,1.3542776216350126e-05
YuJ_2015,168,UniRef90_F7KLV8,1192,0.014791198701,9,0.9843104872006606,1.2214036912469033e-05
YuJ_2015,169,UniRef90_A6P025,1192,0.0129851158792,9,0.9843104872006606,1.0722639041453343e-05
YuJ_2015,170,UniRef90_A7B6K2,1191,0.30734453672900003,9,0.9834847233691164,0.0002537940022535095
YuJ_2015,171,UniRef90_A0A174QSW1,1191,0.260019447536,9,0.9834847233691164,0.0002147146552733278
YuJ_2015,172,UniRef90_D4CI30,1191,0.14361519106200002,9,0.9834847233691164,0.00011859223043930637
YuJ_2015,173,UniRef90_A5ZYK6,1191,0.122677584043,9,0.9834847233691164,0.00010130271184393063
YuJ_2015,174,UniRef90_A0A396E3S1,1191,0.083537467202,9,0.9834847233691164,6.898221899421966e-05
YuJ_2015,175,UniRef90_A0A3E4USV0,1191,0.078098868468,9,0.9834847233691164,6.44912208654005e-05
YuJ_2015,176,UniRef90_A0A0N7J6W0,1191,0.072874777694,9,0.9834847233691164,6.017735565152766e-05
YuJ_2015,177,UniRef90_D4WHX6,1191,0.059029358976,9,0.9834847233691164,4.87443096416185e-05
YuJ_2015,178,UniRef90_Q9AE24,1191,0.04306238895,9,0.9834847233691164,3.555936329479769e-05
YuJ_2015,179,UniRef90_A0A135YTH6,1191,0.0308371375469999,9,0.9834847233691164,2.5464192854665484e-05
YuJ_2015,180,UniRef90_G2T3B2,1191,0.020959965780799998,9,0.9834847233691164,1.7307981652188273e-05
YuJ_2015,181,UniRef90_A0A346FUW5,1191,0.019582493802,9,0.9834847233691164,1.6170515113129644e-05
YuJ_2015,182,UniRef90_C5EWP5,1191,0.012068792181,9,0.9834847233691164,9.96597207349298e-06
YuJ_2015,183,UniRef90_A8SBJ8,1190,0.140623750577,9,0.9826589595375722,0.00011612200708257638
YuJ_2015,184,UniRef90_A0A396DV75,1190,0.055228566519,9,0.9826589595375722,4.5605752699421964e-05
YuJ_2015,185,UniRef90_W4PUR5,1190,0.042606666981,9,0.9826589595375722,3.518304457555739e-05
YuJ_2015,186,UniRef90_W0ERK2,1190,0.0390213000743,9,0.9826589595375722,3.22223782611891e-05
YuJ_2015,187,UniRef90_A9KMW6,1190,0.036504998165000004,9,0.9826589595375722,3.0144507155243604e-05
YuJ_2015,188,UniRef90_D4L1Z7,1190,0.031988758015,9,0.9826589595375722,2.6415159384805945e-05
YuJ_2015,189,UniRef90_I9KG80,1190,0.027755221495999998,9,0.9826589595375722,2.29192580478943e-05
YuJ_2015,190,UniRef90_A0A136Q7W4,1190,0.02599678815,9,0.9826589595375722,2.146720739058629e-05
YuJ_2015,191,UniRef90_C4ZES9,1190,0.0191412268253,9,0.9826589595375722,1.5806132803715935e-05
YuJ_2015,192,UniRef90_A0A1L5L421,1190,0.0148721714179999,9,0.9826589595375722,1.2280901253509415e-05
YuJ_2015,193,UniRef90_A5Z3S1,1189,0.1360352082590999,9,0.9818331957060281,0.00011233295479694459
YuJ_2015,194,UniRef90_K6AL67,1189,0.0747228125738,9,0.9818331957060281,6.170339601469859e-05
YuJ_2015,195,UniRef90_A0A3E5DK23,1189,0.071151920643,9,0.9818331957060281,5.8754682611890996e-05
YuJ_2015,196,UniRef90_K9E6V7,1189,0.0646337869095,9,0.9818331957060281,5.3372243525598683e-05
YuJ_2015,197,UniRef90_Q8A488,1189,0.049539398384000004,9,0.9818331957060281,4.090784342196532e-05
YuJ_2015,198,UniRef90_B5D2D5,1189,0.0477954468058,9,0.9818331957060281,3.946775128472337e-05
YuJ_2015,199,UniRef90_A0A127SAM3,1189,0.0439114676986,9,0.9818331957060281,3.626050181552436e-05
YuJ_2015,200,UniRef90_F7JMP3,1189,0.040599026894,9,0.9818331957060281,3.3525208004954584e-05
YuJ_2015,201,UniRef90_B5CKQ6,1189,0.03818317967,9,0.9818331957060281,3.153028874483898e-05
YuJ_2015,202,UniRef90_A0A0K2HGC7,1189,0.036515221997,9,0.9818331957060281,3.015294962592898e-05
YuJ_2015,203,UniRef90_A0A173SUT5,1189,0.036473991285099996,9,0.9818331957060281,3.0118902795293142e-05
YuJ_2015,204,UniRef90_C7H6T9,1189,0.029247698301,9,0.9818331957060281,2.4151691412881914e-05
YuJ_2015,205,UniRef90_E2SL15,1189,0.0252270704506,9,0.9818331957060281,2.0831602353922377e-05
YuJ_2015,206,UniRef90_A0A285PPQ3,1189,0.0222039157115999,9,0.9818331957060281,1.8335190513294715e-05
YuJ_2015,207,UniRef90_D4JTZ6,1189,0.021026072356,9,0.9818331957060281,1.736257007101569e-05
YuJ_2015,208,UniRef90_A0A1L5KFG5,1189,0.0137417431358,9,0.9818331957060281,1.1347434463914122e-05
YuJ_2015,209,UniRef90_B0NWG2,1188,0.1593642762849,9,0.9810074318744839,0.00013159725539628404
YuJ_2015,210,UniRef90_Q8A480,1188,0.0847455839973,9,0.9810074318744839,6.997983814805946e-05
YuJ_2015,211,UniRef90_A5Z300,1188,0.0782017283731,9,0.9810074318744839,6.457615885474814e-05
YuJ_2015,212,UniRef90_Q8A485,1188,0.075717438562,9,0.9810074318744839,6.252472218166804e-05
YuJ_2015,213,UniRef90_Q8A466,1188,0.0564282480131,9,0.9810074318744839,4.6596406286622624e-05
YuJ_2015,214,UniRef90_C3R255,1188,0.053364702144699995,9,0.9810074318744839,4.40666409122213e-05
YuJ_2015,215,UniRef90_A0A174XK61,1188,0.042569584577000004,9,0.9810074318744839,3.515242326754749e-05
YuJ_2015,216,UniRef90_A0A015S3B6,1188,0.039557423249900005,9,0.9810074318744839,3.266508938885219e-05
YuJ_2015,217,UniRef90_D4VEF8,1188,0.0390525084843,9,0.9810074318744839,3.2248149037407104e-05
YuJ_2015,218,UniRef90_A8SVC3,1188,0.031260841691999997,9,0.9810074318744839,2.581407241288191e-05
YuJ_2015,219,UniRef90_C7H6U5,1188,0.030612819285,9,0.9810074318744839,2.5278958947151115e-05
YuJ_2015,220,UniRef90_D4JTZ7,1188,0.022286311317,9,0.9810074318744839,1.8403229824112303e-05
YuJ_2015,221,UniRef90_A0A2A7ADF2,1188,0.015065754076300002,9,0.9810074318744839,1.2440754811147812e-05
YuJ_2015,222,UniRef90_N9XGD7,1188,0.0142299279807,9,0.9810074318744839,1.1750559851940544e-05
YuJ_2015,223,UniRef90_A0A174IKQ7,1188,0.014030968775,9,0.9810074318744839,1.1586266535920725e-05
YuJ_2015,224,UniRef90_B0N9J9,1188,0.0135332941504999,9,0.9810074318744839,1.1175304831131214e-05
YuJ_2015,225,UniRef90_A7ACF2,1187,0.09914265892,9,0.9801816680429397,8.186842189925682e-05
YuJ_2015,226,UniRef90_C0B7X5,1187,0.049442210447,9,0.9801816680429397,4.082758913872832e-05
YuJ_2015,227,UniRef90_A0A3E5DLS5,1187,0.048809106058,9,0.9801816680429397,4.0304794432700246e-05
YuJ_2015,228,UniRef90_A0A3E4GX70,1187,0.0460406265841,9,0.9801816680429397,3.8018684214781174e-05
YuJ_2015,229,UniRef90_F3PQ22,1187,0.0446764460316,9,0.9801816680429397,3.689219325483072e-05
YuJ_2015,230,UniRef90_Q8A6M0,1187,0.044524192572,9,0.9801816680429397,3.6766467854665565e-05
YuJ_2015,231,UniRef90_P94598,1187,0.043587477776699995,9,0.9801816680429397,3.5992962656234515e-05
YuJ_2015,232,UniRef90_Q8A6P8,1187,0.0404761247401,9,0.9801816680429397,3.342371985144508e-05
YuJ_2015,233,UniRef90_A0A139L6L7,1187,0.03960507568,9,0.9801816680429397,3.2704439042113954e-05
YuJ_2015,234,UniRef90_A6BKX9,1187,0.0249744501786,9,0.9801816680429397,2.0622997670189928e-05
YuJ_2015,235,UniRef90_A8RVD6,1187,0.0248234227919999,9,0.9801816680429397,2.0498284716762925e-05
YuJ_2015,236,UniRef90_C5EWQ2,1187,0.0225800860289,9,0.9801816680429397,1.8645818355821634e-05
YuJ_2015,237,UniRef90_A0A396FC19,1187,0.022034249891000002,9,0.9801816680429397,1.8195086615194056e-05
YuJ_2015,238,UniRef90_A0A174Z407,1187,0.019187613558999998,9,0.9801816680429397,1.5844437290668868e-05
YuJ_2015,239,UniRef90_A0A174TTF8,1187,0.017668258857,9,0.9801816680429397,1.4589809130470687e-05
YuJ_2015,240,UniRef90_U5F4E0,1187,0.0148433927206,9,0.9801816680429397,1.2257136846077621e-05
YuJ_2015,241,UniRef90_E2SL03,1187,0.011521281051,9,0.9801816680429397,9.513857184971099e-06
YuJ_2015,242,UniRef90_UPI000E4CFF93,1187,0.0066434828214,9,0.9801816680429397,5.485947829397192e-06
YuJ_2015,243,UniRef90_D4LWJ1,1186,0.063946170955,9,0.9793559042113955,5.2804435140379856e-05
YuJ_2015,244,UniRef90_A0A016FI57,1186,0.052382594287,9,0.9793559042113955,4.3255651764657305e-05
YuJ_2015,245,UniRef90_A0A015WBF1,1186,0.045417207466,9,0.9793559042113955,3.750388725516102e-05
YuJ_2015,246,UniRef90_A0A174UG67,1186,0.0450754831809,9,0.9793559042113955,3.722170370016516e-05
YuJ_2015,247,UniRef90_A0A139JRM5,1186,0.0441164408791,9,0.9793559042113955,3.642976125441784e-05
YuJ_2015,248,UniRef90_Q8A481,1186,0.0436464786544,9,0.9793559042113955,3.604168344706854e-05
YuJ_2015,249,UniRef90_A0A3E5DVA8,1186,0.041192333743,9,0.9793559042113955,3.4015139341866223e-05
YuJ_2015,250,UniRef90_R5K610,1186,0.039942005931,9,0.9793559042113955,3.298266385714286e-05
YuJ_2015,251,UniRef90_Q8AA33,1186,0.038373463463300006,9,0.9793559042113955,3.168741821907515e-05
YuJ_2015,252,UniRef90_A0A396GCB6,1186,0.037362063835,9,0.9793559042113955,3.085224098678778e-05
YuJ_2015,253,UniRef90_A0A139SYK8,1186,0.0344730964393,9,0.9793559042113955,2.8466636200908342e-05
YuJ_2015,254,UniRef90_A0A0K9NBB8,1186,0.030768490674,9,0.9793559042113955,2.5407506749793558e-05
YuJ_2015,255,UniRef90_A0A015YJI0,1186,0.028716566804,9,0.9793559042113955,2.37131022328654e-05
YuJ_2015,256,UniRef90_D9SLI1,1186,0.013808932184,9,0.9793559042113955,1.1402916749793559e-05
YuJ_2015,257,UniRef90_R9JR68,1186,0.0097008623974,9,0.9793559042113955,8.010621302559867e-06
YuJ_2015,258,UniRef90_B1BA66,1186,0.008338784214999999,9,0.9793559042113955,6.885866403798513e-06
YuJ_2015,259,UniRef90_UPI0009DBE405,1186,0.0062349835067,9,0.9793559042113955,5.148623870107349e-06
YuJ_2015,260,UniRef90_A8S6E9,1185,0.1589597755902,9,0.9785301403798513,0.00013126323335276632
YuJ_2015,261,UniRef90_R7KL80,1185,0.0757131077458,9,0.9785301403798513,6.252114595028902e-05
YuJ_2015,262,UniRef90_Q8A493,1185,0.053432857486200004,9,0.9785301403798513,4.412292112815855e-05
YuJ_2015,263,UniRef90_Q8A490,1185,0.053425481861,9,0.9785301403798513,4.411683060363336e-05
YuJ_2015,264,UniRef90_Q8A469,1185,0.0511601653782,9,0.9785301403798513,4.224621418513625e-05
YuJ_2015,265,UniRef90_Q8A474,1185,0.049085689715000005,9,0.9785301403798513,4.053318721304707e-05
YuJ_2015,266,UniRef90_A6L1I4,1185,0.048938938511,9,0.9785301403798513,4.0412005376548306e-05
YuJ_2015,267,UniRef90_A0A014AUH4,1185,0.047126853382,9,0.9785301403798513,3.891565101734104e-05
YuJ_2015,268,UniRef90_A6LFQ4,1185,0.046062512693,9,0.9785301403798513,3.8036756971924026e-05
YuJ_2015,269,UniRef90_A0A139KPT2,1185,0.0452827501109,9,0.9785301403798513,3.7392857234434354e-05
YuJ_2015,270,UniRef90_A6KXG8,1185,0.0371929664741,9,0.9785301403798513,3.071260650214699e-05
YuJ_2015,271,UniRef90_A0A016BWL8,1185,0.035327788265,9,0.9785301403798513,2.917240979768786e-05
YuJ_2015,272,UniRef90_A0A0K6BVC0,1185,0.0351898607202,9,0.9785301403798513,2.9058514219818333e-05
YuJ_2015,273,UniRef90_Q8A9S7,1185,0.031258214002,9,0.9785301403798513,2.5811902561519403e-05
YuJ_2015,274,UniRef90_Q5LIX0,1185,0.0286032074832,9,0.9785301403798513,2.3619494205780346e-05
YuJ_2015,275,UniRef90_C4ZBS3,1185,0.0232589889086999,9,0.9785301403798513,1.9206431799091578e-05
YuJ_2015,276,UniRef90_B7ANM9,1185,0.019290260542,9,0.9785301403798513,1.59291994566474e-05
YuJ_2015,277,UniRef90_A0A174E815,1185,0.0136067585851,9,0.9785301403798513,1.1235969104128819e-05
YuJ_2015,278,UniRef90_B0G6W4,1185,0.0115494704612,9,0.9785301403798513,9.537134980346821e-06
YuJ_2015,279,UniRef90_B2RH62,1184,0.09202519191,9,0.9777043765483072,7.599107507018993e-05
YuJ_2015,280,UniRef90_A6KYI5,1184,0.0698083406645999,9,0.9777043765483072,5.764520286094129e-05
YuJ_2015,281,UniRef90_A5KRL0,1184,0.054905278733999995,9,0.9777043765483072,4.533879333938893e-05
YuJ_2015,282,UniRef90_D4IQJ0,1184,0.052524583257999996,9,0.9777043765483072,4.337290112138728e-05
YuJ_2015,283,UniRef90_U7UPK0,1184,0.0462747605948,9,0.9777043765483072,3.821202361255161e-05
YuJ_2015,284,UniRef90_Q8A129,1184,0.041566337938,9,0.9777043765483072,3.432397847894302e-05
YuJ_2015,285,UniRef90_Q5L8Z8,1184,0.03974712319,9,0.9777043765483072,3.282173673823286e-05
YuJ_2015,286,UniRef90_A0A0P0M4G8,1184,0.0389486355568,9,0.9777043765483072,3.216237453080099e-05
YuJ_2015,287,UniRef90_A6KYK2,1184,0.0381243772288,9,0.9777043765483072,3.1481731815689515e-05
YuJ_2015,288,UniRef90_Q8A4A1,1184,0.035736257972,9,0.9777043765483072,2.9509709308009912e-05
YuJ_2015,289,UniRef90_A0A139JUF4,1184,0.0335487127215,9,0.9777043765483072,2.770331356028076e-05
YuJ_2015,290,UniRef90_A0A395X3P0,1184,0.025923403922000002,9,0.9777043765483072,2.1406609349298102e-05
YuJ_2015,291,UniRef90_A0A173UXL2,1184,0.021268857772,9,0.9777043765483072,1.7563053486374896e-05
YuJ_2015,292,UniRef90_A0A2A6ZL80,1184,0.0158248147637,9,0.9777043765483072,1.3067559672749792e-05
YuJ_2015,293,UniRef90_A0A396A3N3,1184,0.0149165814609,9,0.9777043765483072,1.2317573460693642e-05
YuJ_2015,294,UniRef90_A7VCV6,1184,0.0125293492152,9,0.9777043765483072,1.0346283414698596e-05
YuJ_2015,295,UniRef90_U5FB63,1184,0.0114253622254,9,0.9777043765483072,9.434650888026424e-06
YuJ_2015,296,UniRef90_A7VEU0,1184,0.0093317358164,9,0.9777043765483072,7.705809922708505e-06
YuJ_2015,297,UniRef90_A5ZYV3,1183,0.754410232127,9,0.976878612716763,0.0006229646838373245
YuJ_2015,298,UniRef90_Q5L8B5,1183,0.048638329049,9,0.976878612716763,4.016377295540875e-05
YuJ_2015,299,UniRef90_Q8A4V8,1183,0.046868295775,9,0.976878612716763,3.870214349710983e-05
YuJ_2015,300,UniRef90_B6W2B1,1183,0.040456264728099996,9,0.976878612716763,3.340732017184145e-05
YuJ_2015,301,UniRef90_A0A1Q6HB63,1183,0.037205953196100004,9,0.976878612716763,3.072333046746491e-05
YuJ_2015,302,UniRef90_R5C3D9,1183,0.035028009939,9,0.976878612716763,2.8924863698596204e-05
YuJ_2015,303,UniRef90_A0A3E2X5R4,1183,0.0339775794163,9,0.976878612716763,2.8057456165400496e-05
YuJ_2015,304,UniRef90_K1FTU8,1183,0.032706360258,9,0.976878612716763,2.7007729362510323e-05
YuJ_2015,305,UniRef90_A0A3E4G4R4,1183,0.031017190213,9,0.976878612716763,2.561287383402147e-05
YuJ_2015,306,UniRef90_A0A174IWH6,1183,0.0306970597496,9,0.976878612716763,2.534852167597027e-05
YuJ_2015,307,UniRef90_C0B5T7,1183,0.03054874068,9,0.976878612716763,2.5226045152766307e-05
YuJ_2015,308,UniRef90_R5JME6,1183,0.030527203859,9,0.976878612716763,2.5208260824938067e-05
YuJ_2015,309,UniRef90_F3PL25,1183,0.0292513015329,9,0.976878612716763,2.41546668314616e-05
YuJ_2015,310,UniRef90_C0FW47,1183,0.022207952502,9,0.976878612716763,1.833852394880264e-05
YuJ_2015,311,UniRef90_C4ZEM7,1183,0.0208572757741,9,0.976878612716763,1.7223183958794386e-05
YuJ_2015,312,UniRef90_B0N9Q2,1183,0.020550277593000002,9,0.976878612716763,1.6969675964492157e-05
YuJ_2015,313,UniRef90_A0A3E2UVE4,1183,0.0152854161139999,9,0.976878612716763,1.2622143777043682e-05
YuJ_2015,314,UniRef90_D4IQJ2,1182,0.0509369216214,9,0.9760528488852188,4.2061867565152764e-05
YuJ_2015,315,UniRef90_R5CD91,1182,0.045386323894,9,0.9760528488852188,3.747838471841453e-05
YuJ_2015,316,UniRef90_Q8A0Z8,1182,0.041927544231700004,9,0.9760528488852188,3.462224957200661e-05
YuJ_2015,317,UniRef90_R5MXZ2,1182,0.041862307421,9,0.9760528488852188,3.456837937324525e-05
YuJ_2015,318,UniRef90_P94316,1182,0.038323526297,9,0.9760528488852188,3.164618191329479e-05
YuJ_2015,319,UniRef90_D4K8L8,1182,0.0341504015533,9,0.9760528488852188,2.8200166435425267e-05
YuJ_2015,320,UniRef90_R6J7M6,1182,0.0301351396538,9,0.9760528488852188,2.4884508384640793e-05
YuJ_2015,321,UniRef90_C9YMF2,1182,0.026427699798799997,9,0.9760528488852188,2.18230386447564e-05
YuJ_2015,322,UniRef90_C0EVZ0,1182,0.0262403027729999,9,0.9760528488852188,2.1668292958711726e-05
YuJ_2015,323,UniRef90_A0A127T6H1,1182,0.0218360835702,9,0.9760528488852188,1.8031448034847233e-05
YuJ_2015,324,UniRef90_A0A174I2N9,1182,0.0158718324291,9,0.9760528488852188,1.3106385160280761e-05
YuJ_2015,325,UniRef90_U2ISN9,1182,0.0155348133171,9,0.9760528488852188,1.2828086967052024e-05
YuJ_2015,326,UniRef90_H1HWJ5,1182,0.0111183878855,9,0.9760528488852188,9.181162580924855e-06
YuJ_2015,327,UniRef90_Q650G6,1181,0.0636461822151,9,0.9752270850536746,5.255671528909992e-05
YuJ_2015,328,UniRef90_Q8A492,1181,0.0522080442008,9,0.9752270850536746,4.311151461668043e-05
YuJ_2015,329,UniRef90_R5C195,1181,0.0435193432061,9,0.9752270850536746,3.5936699592155246e-05
YuJ_2015,330,UniRef90_R7KG75,1181,0.041450156482,9,0.9752270850536746,3.422804003468208e-05
YuJ_2015,331,UniRef90_Q5LAX0,1181,0.0408842008378,9,0.9752270850536746,3.376069433344343e-05
YuJ_2015,332,UniRef90_A6L227,1181,0.038917171097,9,0.9752270850536746,3.2136392317919076e-05
YuJ_2015,333,UniRef90_A6KWD6,1181,0.0388318614616,9,0.9752270850536746,3.206594670652353e-05
YuJ_2015,334,UniRef90_A5KR91,1181,0.0370403450109,9,0.9752270850536746,3.058657721791907e-05
YuJ_2015,335,UniRef90_R6JBJ8,1181,0.036562690608,9,0.9752270850536746,3.0192147488026425e-05
YuJ_2015,336,UniRef90_Q8A9M2,1181,0.033430934595,9,0.9752270850536746,2.7606056643270027e-05
YuJ_2015,337,UniRef90_E2SL22,1181,0.032998166356,9,0.9752270850536746,2.7248692284062762e-05
YuJ_2015,338,UniRef90_Q8A155,1181,0.032278579503999996,9,0.9752270850536746,2.6654483488026422e-05
YuJ_2015,339,UniRef90_A0A395V4J0,1181,0.031876952744,9,0.9752270850536746,2.632283463583815e-05
YuJ_2015,340,UniRef90_B5CNT5,1181,0.029258389915000002,9,0.9752270850536746,2.416052016102395e-05
YuJ_2015,341,UniRef90_A0A173V3I4,1181,0.027325488831,9,0.9752270850536746,2.256440035590421e-05
YuJ_2015,342,UniRef90_A0A2N5NWD5,1181,0.023350539731,9,0.9752270850536746,1.9282031156895128e-05
YuJ_2015,343,UniRef90_A0A396AFP6,1181,0.0216940359319999,9,0.9752270850536746,1.791415023286532e-05
YuJ_2015,344,UniRef90_E2ZM22,1181,0.01832402001,9,0.9752270850536746,1.5131312972749794e-05
YuJ_2015,345,UniRef90_A7AZK8,1181,0.015224556426,9,0.9752270850536746,1.2571888047894302e-05
YuJ_2015,346,UniRef90_A0A0F0C8D4,1181,0.0112383826423,9,0.9752270850536746,9.280249911065235e-06
YuJ_2015,347,UniRef90_A0A395YXK2,1180,0.105279120709,9,0.9744013212221305,8.693569009826589e-05
YuJ_2015,348,UniRef90_Q650G5,1180,0.0761903477309999,9,0.9744013212221305,6.291523346903378e-05
YuJ_2015,349,UniRef90_Q8A483,1180,0.054575360736,9,0.9744013212221305,4.506635898926507e-05
YuJ_2015,350,UniRef90_E2SIR4,1180,0.0527472584197,9,0.9744013212221305,4.3556778216102394e-05
YuJ_2015,351,UniRef90_B0NTF1,1180,0.04056236153,9,0.9744013212221305,3.3494931073492985e-05
YuJ_2015,352,UniRef90_E6SW15,1180,0.038822609733,9,0.9744013212221305,3.205830696366639e-05
YuJ_2015,353,UniRef90_A5ZNS7,1180,0.0377177060116,9,0.9744013212221305,3.1145917433195705e-05
YuJ_2015,354,UniRef90_A0A0P0L796,1180,0.0345680844718,9,0.9744013212221305,2.8545073882576383e-05
YuJ_2015,355,UniRef90_R7DWY8,1180,0.033189609098,9,0.9744013212221305,2.7406778776218e-05
YuJ_2015,356,UniRef90_Q8A2S4,1180,0.030216149377,9,0.9744013212221305,2.4951403284062756e-05
YuJ_2015,357,UniRef90_C9YME1,1180,0.028284744912999902,9,0.9744013212221305,2.3356519333608508e-05
YuJ_2015,358,UniRef90_E2ZN31,1180,0.0282219856462,9,0.9744013212221305,2.3304695000990917e-05
YuJ_2015,359,UniRef90_R5VX92,1180,0.027385761818400002,9,0.9744013212221305,2.2614171608918252e-05
YuJ_2015,360,UniRef90_A7LRB1,1180,0.0268201424559,9,0.9744013212221305,2.2147103596944672e-05
YuJ_2015,361,UniRef90_D4JTZ8,1180,0.0246980148643,9,0.9744013212221305,2.039472738587944e-05
YuJ_2015,362,UniRef90_D4ML19,1180,0.020374802184,9,0.9744013212221305,1.6824774718414532e-05
YuJ_2015,363,UniRef90_A8RRJ5,1180,0.02036552229,9,0.9744013212221305,1.681711171758877e-05
YuJ_2015,364,UniRef90_C0FW50,1180,0.017340972966000002,9,0.9744013212221305,1.4319548279108176e-05
YuJ_2015,365,UniRef90_C5ER71,1180,0.014172840314,9,0.9744013212221305,1.1703418921552436e-05
YuJ_2015,366,UniRef90_A0A1L5KH88,1180,0.0089114217102,9,0.9744013212221305,7.358729735920727e-06
YuJ_2015,367,UniRef90_E5VPR3,1180,0.00411908288877,9,0.9744013212221305,3.401389668678778e-06
YuJ_2015,368,UniRef90_A5ZLI4,1179,0.10228689810750001,9,0.9735755573905863,8.446482089801818e-05
YuJ_2015,369,UniRef90_C7XG97,1179,0.0695637229333,9,0.9735755573905863,5.744320638587944e-05
YuJ_2015,370,UniRef90_R9HNH3,1179,0.061738436656000005,9,0.9735755573905863,5.098136800660612e-05
YuJ_2015,371,UniRef90_R9HXJ2,1179,0.0517817075806,9,0.9735755573905863,4.275946125565648e-05
YuJ_2015,372,UniRef90_B0B4B4,1179,0.046825407725,9,0.9735755573905863,3.8666728096614364e-05
YuJ_2015,373,UniRef90_Q8A491,1179,0.045313789363,9,0.9735755573905863,3.741848832617671e-05
YuJ_2015,374,UniRef90_A0A173U4I8,1179,0.0444836448009,9,0.9735755573905863,3.6732984971841455e-05
YuJ_2015,375,UniRef90_A6L0V1,1179,0.04217240114,9,0.9735755573905863,3.482444355078448e-05
YuJ_2015,376,UniRef90_R6JM89,1179,0.0415094504354,9,0.9735755573905863,3.427700283682906e-05
YuJ_2015,377,UniRef90_Q8A1F7,1179,0.03951971549,9,0.9735755573905863,3.263395168455822e-05
YuJ_2015,378,UniRef90_A0A329TKY9,1179,0.0382996410286,9,0.9735755573905863,3.1626458322543354e-05
YuJ_2015,379,UniRef90_B0NR18,1179,0.038086833714,9,0.9735755573905863,3.145072973905863e-05
YuJ_2015,380,UniRef90_A0A139LMC3,1179,0.0379901994372,9,0.9735755573905863,3.1370932648389764e-05
YuJ_2015,381,UniRef90_D4K4J9,1179,0.0360518792,9,0.9735755573905863,2.9770337902559867e-05
YuJ_2015,382,UniRef90_D4JS14,1179,0.0328009656769999,9,0.9735755573905863,2.7085851095788524e-05
YuJ_2015,383,UniRef90_Q89Z22,1179,0.032045619291,9,0.9735755573905863,2.6462113369942196e-05
YuJ_2015,384,UniRef90_R6JF12,1179,0.0266583394213,9,0.9735755573905863,2.2013492503137903e-05
YuJ_2015,385,UniRef90_A0A395VCF6,1179,0.0227237083787,9,0.9735755573905863,1.8764416497687862e-05
YuJ_2015,386,UniRef90_C0BE67,1179,0.019900210608600002,9,0.9735755573905863,1.6432874160693645e-05
YuJ_2015,387,UniRef90_A0A0J9BBM1,1179,0.0139953533152,9,0.9735755573905863,1.1556856577374072e-05
YuJ_2015,388,UniRef90_B5D3F5,1179,0.0111795964207,9,0.9735755573905863,9.231706375474814e-06
YuJ_2015,389,UniRef90_A0A174QXS4,1179,0.0082811349389,9,0.9735755573905863,6.83826171668043e-06
YuJ_2015,390,UniRef90_D4JTX2,1179,0.0059134242152,9,0.9735755573905863,4.883091837489678e-06
YuJ_2015,391,UniRef90_D4IQJ1,1178,0.05114793528,9,0.9727497935590421,4.2236115012386456e-05
YuJ_2015,392,UniRef90_A0A173V6Z4,1178,0.0392860472792,9,0.9727497935590421,3.244099692749794e-05
YuJ_2015,393,UniRef90_A0A0P0M4R8,1178,0.037002439974,9,0.9727497935590421,3.055527660941371e-05
YuJ_2015,394,UniRef90_Q8AA38,1178,0.034068745606000005,9,0.9727497935590421,2.8132737907514454e-05
YuJ_2015,395,UniRef90_Q8AAG5,1178,0.028361980534000002,9,0.9727497935590421,2.3420297715937243e-05
YuJ_2015,396,UniRef90_D4L1Y4,1178,0.024960185725,9,0.9727497935590421,2.0611218600330305e-05
YuJ_2015,397,UniRef90_A0A174YAF1,1178,0.024677521493400002,9,0.9727497935590421,2.03778047014038e-05
YuJ_2015,398,UniRef90_A0A3E4WS26,1178,0.02083964087334,9,0.9727497935590421,1.7208621695573906e-05
YuJ_2015,399,UniRef90_U2DKD6,1178,0.0198793924647999,9,0.9727497935590421,1.6415683290503633e-05
YuJ_2015,400,UniRef90_A0A1Y4MFI1,1178,0.0164204588937999,9,0.9727497935590421,1.3559421051857886e-05
YuJ_2015,401,UniRef90_D4M218,1178,0.013926212672100001,9,0.9727497935590421,1.1499762735012387e-05
YuJ_2015,402,UniRef90_A0A078SQG7,1178,0.011330833911100001,9,0.9727497935590421,9.356592825020646e-06
YuJ_2015,403,UniRef90_C0FQI1,1178,0.011295525676,9,0.9727497935590421,9.327436561519405e-06
YuJ_2015,404,UniRef90_Q5L8C7,1177,0.087720182171,9,0.9719240297274979,7.243615373327829e-05
YuJ_2015,405,UniRef90_A0A3E4GL34,1177,0.0739011741665,9,0.9719240297274979,6.1024916735342684e-05
YuJ_2015,406,UniRef90_U2KCM5,1177,0.059755738380499995,9,0.9719240297274979,4.934412748183319e-05
YuJ_2015,407,UniRef90_A0A174ES80,1177,0.059661800933999996,9,0.9719240297274979,4.926655733608588e-05
YuJ_2015,408,UniRef90_R9HWQ8,1177,0.0497709974536,9,0.9719240297274979,4.109908955706028e-05
YuJ_2015,409,UniRef90_Q8A465,1177,0.04741673769,9,0.9719240297274979,3.915502699421965e-05
YuJ_2015,410,UniRef90_W4PT15,1177,0.036565745559,9,0.9719240297274979,3.0194670156069367e-05
YuJ_2015,411,UniRef90_W6NZG1,1177,0.0307632148304,9,0.9719240297274979,2.5403150148967794e-05
YuJ_2015,412,UniRef90_Q8A525,1177,0.0302298701313,9,0.9719240297274979,2.4962733386705202e-05
YuJ_2015,413,UniRef90_G9YL23,1177,0.0286458996888,9,0.9719240297274979,2.3654747885053672e-05
YuJ_2015,414,UniRef90_R5JUT8,1177,0.0263804278561,9,0.9719240297274979,2.1784003184227913e-05
YuJ_2015,415,UniRef90_Q8A9C2,1177,0.024911894230299998,9,0.9719240297274979,2.0571341230635836e-05
YuJ_2015,416,UniRef90_A0A174LAB2,1177,0.023966805334,9,0.9719240297274979,1.979092100247729e-05
YuJ_2015,417,UniRef90_U2KQU1,1177,0.0229190798744,9,0.9719240297274979,1.8925747212551608e-05
YuJ_2015,418,UniRef90_A0A139LIJ9,1177,0.022652103676,9,0.9719240297274979,1.8705287924029726e-05
YuJ_2015,419,UniRef90_A0A396G6G2,1177,0.019801310675000003,9,0.9719240297274979,1.6351206172584644e-05
YuJ_2015,420,UniRef90_A7B8Q2,1177,0.019376976908760002,9,0.9719240297274979,1.600080669592073e-05
YuJ_2015,421,UniRef90_A0A176U3W6,1177,0.0181889952179,9,0.9719240297274979,1.5019814383071841e-05
YuJ_2015,422,UniRef90_A0A1C6JTL5,1177,0.017306419315,9,0.9719240297274979,1.4291015123864574e-05
YuJ_2015,423,UniRef90_B0PDJ9,1177,0.017005403724,9,0.9719240297274979,1.404244733608588e-05
YuJ_2015,424,UniRef90_H1B4W0,1177,0.014607447905199999,9,0.9719240297274979,1.2062302151279934e-05
YuJ_2015,425,UniRef90_A0A176U4A7,1177,0.0116784422299999,9,0.9719240297274979,9.643635202312057e-06
YuJ_2015,426,UniRef90_A8RSS0,1177,0.010133284012100001,9,0.9719240297274979,8.36769943195706e-06
YuJ_2015,427,UniRef90_A0A1L5KWH2,1177,0.0077027976109,9,0.9719240297274979,6.360691668786127e-06
YuJ_2015,428,UniRef90_C7HAG3,1176,0.08241906192330001,9,0.9710982658959537,6.805868036606112e-05
YuJ_2015,429,UniRef90_R6EPT0,1176,0.049005146232,9,0.9710982658959537,4.046667731791908e-05
YuJ_2015,430,UniRef90_R7J8P5,1176,0.03553253205,9,0.9710982658959537,2.934147981007432e-05
YuJ_2015,431,UniRef90_E4MAW9,1176,0.0339847724673,9,0.9710982658959537,2.806339592675475e-05
YuJ_2015,432,UniRef90_A0A139K2S1,1176,0.0330025643648,9,0.9710982658959537,2.725232400066061e-05
YuJ_2015,433,UniRef90_A0A0P0GDE8,1176,0.0329285109965,9,0.9710982658959537,2.7191173407514454e-05
YuJ_2015,434,UniRef90_D4VDF7,1176,0.0313325914418,9,0.9710982658959537,2.58733207611891e-05
YuJ_2015,435,UniRef90_Q8A475,1176,0.030975718648,9,0.9710982658959537,2.5578628115606935e-05
YuJ_2015,436,UniRef90_R6JK25,1176,0.0291114025213,9,0.9710982658959537,2.4039143287613543e-05
YuJ_2015,437,UniRef90_R5S2B6,1176,0.025867133280700002,9,0.9710982658959537,2.1360143088934766e-05
YuJ_2015,438,UniRef90_A8SCH0,1176,0.0241984888661,9,0.9710982658959537,1.998223688364988e-05
YuJ_2015,439,UniRef90_C7H3I1,1176,0.0192816635573,9,0.9710982658959537,1.59221003776218e-05
YuJ_2015,440,UniRef90_W0FML8,1176,0.01736838183791,9,0.9710982658959537,1.434218153419488e-05
YuJ_2015,441,UniRef90_A0A395V6C3,1176,0.016696118926000002,9,0.9710982658959537,1.3787051136251033e-05
YuJ_2015,442,UniRef90_A0A0M6WPL1,1176,0.015918170957699998,9,0.9710982658959537,1.3144649841205613e-05
YuJ_2015,443,UniRef90_C6LH49,1176,0.015702431001,9,0.9710982658959537,1.2966499587943849e-05
YuJ_2015,444,UniRef90_A0A3E2VW53,1176,0.0131297629859,9,0.9710982658959537,1.0842083390503716e-05
YuJ_2015,445,UniRef90_C6LMP6,1176,0.0116476832629,9,0.9710982658959537,9.6182355597853e-06
YuJ_2015,446,UniRef90_B0NGI2,1176,0.0102674261908,9,0.9710982658959537,8.478469191412057e-06
YuJ_2015,447,UniRef90_A0A396A4F3,1176,0.009654906892000001,9,0.9710982658959537,7.972672908340215e-06
YuJ_2015,448,UniRef90_D1JU46,1175,0.076125952982,9,0.9702725020644096,6.286205861436829e-05
YuJ_2015,449,UniRef90_I9QVV4,1175,0.0492948044965,9,0.9702725020644096,4.0705866636251034e-05
YuJ_2015,450,UniRef90_E5WY79,1175,0.044053055552,9,0.9702725020644096,3.637741994384806e-05
YuJ_2015,451,UniRef90_C4Z2U3,1175,0.0435247147668,9,0.9702725020644096,3.594113523270025e-05
YuJ_2015,452,UniRef90_A6L6L6,1175,0.035115942542,9,0.9702725020644096,2.8997475261767133e-05
YuJ_2015,453,UniRef90_A0A3E4WLB1,1175,0.033603687185,9,0.9702725020644096,2.7748709483897606e-05
YuJ_2015,454,UniRef90_A0A069D0K7,1175,0.031586427489,9,0.9702725020644096,2.6082929388109002e-05
YuJ_2015,455,UniRef90_Q8A8R5,1175,0.030647308828700003,9,0.9702725020644096,2.530743916490504e-05
YuJ_2015,456,UniRef90_Q8A9J2,1175,0.030190718964,9,0.9702725020644096,2.4930403768786127e-05
YuJ_2015,457,UniRef90_U2PNB7,1175,0.026561495002000002,9,0.9702725020644096,2.1933521884393063e-05
YuJ_2015,458,UniRef90_A0A076J2Q7,1175,0.0256953234096,9,0.9702725020644096,2.1218268711478117e-05
YuJ_2015,459,UniRef90_R9KD72,1175,0.0225793128338,9,0.9702725020644096,1.8645179879273327e-05
YuJ_2015,460,UniRef90_D4ML13,1175,0.021916477197,9,0.9702725020644096,1.8097834184145333e-05
YuJ_2015,461,UniRef90_E7GMB4,1175,0.018218410230600002,9,0.9702725020644096,1.5044104236663916e-05
YuJ_2015,462,UniRef90_G9YLS6,1175,0.017006771893,9,0.9702725020644096,1.404357712056152e-05
YuJ_2015,463,UniRef90_G1VSP2,1175,0.016845168077,9,0.9702725020644096,1.3910130534269199e-05
YuJ_2015,464,UniRef90_C0FQQ4,1175,0.015264424632,9,0.9702725020644096,1.2604809770437655e-05
YuJ_2015,465,UniRef90_A0A0S2W8P0,1175,0.0146534960775999,9,0.9702725020644096,1.2100327066556483e-05
YuJ_2015,466,UniRef90_D4JB63,1175,0.0138876107051,9,0.9702725020644096,1.1467886626837325e-05
YuJ_2015,467,UniRef90_U2SJF7,1175,0.0053764197868,9,0.9702725020644096,4.439653003137902e-06
YuJ_2015,468,UniRef90_C0B7X0,1174,0.054627413626,9,0.9694467382328654,4.510934238315442e-05
YuJ_2015,469,UniRef90_A6L050,1174,0.046321523001,9,0.9694467382328654,3.825063831626755e-05
YuJ_2015,470,UniRef90_A5KP23,1174,0.0378325795965,9,0.9694467382328654,3.124077588480595e-05
YuJ_2015,471,UniRef90_Q8A9A0,1174,0.0364571331698,9,0.9694467382328654,3.0104981973410407e-05
YuJ_2015,472,UniRef90_Q8A0Z5,1174,0.033725596137,9,0.9694467382328654,2.7849377487200658e-05
YuJ_2015,473,UniRef90_A6KYH6,1174,0.0320052982236,9,0.9694467382328654,2.6428817690834024e-05
YuJ_2015,474,UniRef90_W4UXB0,1174,0.022223443005600002,9,0.9694467382328654,1.8351315446407928e-05
YuJ_2015,475,UniRef90_E5XF82,1174,0.0208899512684,9,0.9694467382328654,1.7250166200165154e-05
YuJ_2015,476,UniRef90_C7H6T3,1174,0.020387114946,9,0.9694467382328654,1.6834942151940545e-05
YuJ_2015,477,UniRef90_C0EWA4,1174,0.0197468812065,9,0.9694467382328654,1.6306260286127168e-05
YuJ_2015,478,UniRef90_U5F4R0,1174,0.016730330188400002,9,0.9694467382328654,1.381530155937242e-05
YuJ_2015,479,UniRef90_A8SHC7,1174,0.016015925061,9,0.9694467382328654,1.3225371644095789e-05
YuJ_2015,480,UniRef90_UPI000E553183,1174,0.009820194457,9,0.9694467382328654,8.109161401321222e-06
YuJ_2015,481,UniRef90_H9CDJ3,1174,0.0097697185435,9,0.9694467382328654,8.06748021758877e-06
YuJ_2015,482,UniRef90_V2Y2V4,1174,0.0096581013861,9,0.9694467382328654,7.975310806028076e-06
YuJ_2015,483,UniRef90_I0R6Y6,1174,0.008841921996,9,0.9694467382328654,7.3013393856317095e-06
YuJ_2015,484,UniRef90_D5Q4B6,1174,0.00781236201279,9,0.9694467382328654,6.4511659890916595e-06
YuJ_2015,485,UniRef90_Q8A1F6,1173,0.213841978093,9,0.9686209744013212,0.00017658297117506194
YuJ_2015,486,UniRef90_A0A396E717,1173,0.069160365677,9,0.9686209744013212,5.7110128552436003e-05
YuJ_2015,487,UniRef90_A0A174DNB1,1173,0.0658468882339,9,0.9686209744013212,5.437397872328654e-05
YuJ_2015,488,UniRef90_I9FJM4,1173,0.06167364224099999,9,0.9686209744013212,5.092786312221304e-05
YuJ_2015,489,UniRef90_B6FT18,1173,0.055827498071,9,0.9686209744013212,4.610032871263419e-05
YuJ_2015,490,UniRef90_B7ARW3,1173,0.0341076741365,9,0.9686209744013212,2.8164883680016518e-05
YuJ_2015,491,UniRef90_D4KKP9,1173,0.0311962392022,9,0.9686209744013212,2.5760726013377374e-05
YuJ_2015,492,UniRef90_A0A081TW72,1173,0.0293955359735,9,0.9686209744013212,2.4273770415772088e-05
YuJ_2015,493,UniRef90_R6JI09,1173,0.025761257030099998,9,0.9686209744013212,2.1272714310569775e-05
YuJ_2015,494,UniRef90_B0P655,1173,0.0252543491103,9,0.9686209744013212,2.085412808447564e-05
YuJ_2015,495,UniRef90_R5J6I6,1173,0.0249991968736,9,0.9686209744013212,2.064343259587118e-05
YuJ_2015,496,UniRef90_D1PJ38,1173,0.0242567729206,9,0.9686209744013212,2.0030365747811726e-05
YuJ_2015,497,UniRef90_A0A174ZHE4,1173,0.0228858087409999,9,0.9686209744013212,1.8898273113955328e-05
YuJ_2015,498,UniRef90_A0A174GT87,1173,0.022085548652,9,0.9686209744013212,1.8237447276630882e-05
YuJ_2015,499,UniRef90_A0A174Y9Z1,1173,0.021557071756799998,9,0.9686209744013212,1.780105017076796e-05
YuJ_2015,500,UniRef90_Q8A624,1173,0.0199930075607,9,0.9686209744013212,1.6509502527415358e-05
YuJ_2015,501,UniRef90_A0A1M6KEV5,1173,0.019250796542,9,0.9686209744013212,1.589661151279934e-05
YuJ_2015,502,UniRef90_D7GUY4,1173,0.017279967404,9,0.9686209744013212,1.426917209248555e-05
YuJ_2015,503,UniRef90_A0A173X477,1173,0.017198582895,9,0.9686209744013212,1.420196770850537e-05
YuJ_2015,504,UniRef90_F7KMY8,1173,0.013988665112,9,0.9686209744013212,1.1551333701073493e-05
YuJ_2015,505,UniRef90_W5R5G6,1173,0.0119668001748,9,0.9686209744013212,9.881750763666392e-06
YuJ_2015,506,UniRef90_U5F5C0,1173,0.0111102235003,9,0.9686209744013212,9.1744207269199e-06
YuJ_2015,507,UniRef90_UPI000E51D229,1173,0.0056256395449,9,0.9686209744013212,4.645449665483072e-06
YuJ_2015,508,UniRef90_A6L5E4,1172,0.036227512174,9,0.967795210569777,2.9915369260115605e-05
YuJ_2015,509,UniRef90_A0A076IVA3,1172,0.031056018790000004,9,0.967795210569777,2.5644937068538403e-05
YuJ_2015,510,UniRef90_A0A174ZJF4,1172,0.030945885527399998,9,0.967795210569777,2.555399300363336e-05
YuJ_2015,511,UniRef90_D4JBN5,1172,0.0283569631561,9,0.967795210569777,2.341615454673823e-05
YuJ_2015,512,UniRef90_D4J4C3,1172,0.0282319290131,9,0.967795210569777,2.331290587374071e-05
YuJ_2015,513,UniRef90_R7CVM1,1172,0.028228403239,9,0.967795210569777,2.3309994417010734e-05
YuJ_2015,514,UniRef90_Q8A6P7,1172,0.0282192890906,9,0.967795210569777,2.330246828290669e-05
YuJ_2015,515,UniRef90_A0A2X3W5A8,1172,0.027441786542,9,0.967795210569777,2.266043479933939e-05
YuJ_2015,516,UniRef90_C0B9Z9,1172,0.0268304459389,9,0.967795210569777,2.2155611840545005e-05
YuJ_2015,517,UniRef90_A6KYJ8,1172,0.025890553635,9,0.967795210569777,2.1379482770437657e-05
YuJ_2015,518,UniRef90_C4ZFG4,1172,0.022971053986200002,9,0.967795210569777,1.8968665554252686e-05
YuJ_2015,519,UniRef90_A0A396G5C6,1172,0.022448408854,9,0.967795210569777,1.85370841073493e-05
YuJ_2015,520,UniRef90_A8SV00,1172,0.020942394532,9,0.967795210569777,1.729347195045417e-05
YuJ_2015,521,UniRef90_Q8A9V4,1172,0.017001503459200002,9,0.967795210569777,1.4039226638480597e-05
YuJ_2015,522,UniRef90_C5ER84,1172,0.0165535865704,9,0.967795210569777,1.3669353072171759e-05
YuJ_2015,523,UniRef90_R5F2A6,1172,0.00017279805848,9,0.967795210569777,1.426903868538398e-07
YuJ_2015,524,UniRef90_D3AK44,1171,0.0543093328142,9,0.9669694467382328,4.484668275326177e-05
YuJ_2015,525,UniRef90_B0NSG7,1171,0.034692234443,9,0.9669694467382328,2.8647592438480596e-05
YuJ_2015,526,UniRef90_Q5L8B2,1171,0.029944164832000002,9,0.9669694467382328,2.472680828406276e-05
YuJ_2015,527,UniRef90_R5M1J0,1171,0.029920281832,9,0.9669694467382328,2.470708656647399e-05
YuJ_2015,528,UniRef90_R6CPJ3,1171,0.029546055415,9,0.9669694467382328,2.439806392650702e-05
YuJ_2015,529,UniRef90_D4L236,1171,0.027662836203499998,9,0.9669694467382328,2.284296961478117e-05
YuJ_2015,530,UniRef90_K9EIT5,1171,0.027202098349,9,0.9669694467382328,2.2462508958711808e-05
YuJ_2015,531,UniRef90_G2T4S6,1171,0.027166653676,9,0.9669694467382328,2.24332400297275e-05
YuJ_2015,532,UniRef90_C4Z2T8,1171,0.0241257192827,9,0.9669694467382328,1.9922146393641618e-05
YuJ_2015,533,UniRef90_D4V9V2,1171,0.023855162320199998,9,0.9669694467382328,1.9698730239636663e-05
YuJ_2015,534,UniRef90_A0A3E2YA41,1171,0.023554378982,9,0.9669694467382328,1.9450354237819984e-05
YuJ_2015,535,UniRef90_C4ZEN0,1171,0.0233777265617,9,0.9669694467382328,1.9304481058381505e-05
YuJ_2015,536,UniRef90_A0A174VPV8,1171,0.0232609645808,9,0.9669694467382328,1.920806323765483e-05
YuJ_2015,537,UniRef90_A6L5A6,1171,0.0228649758395,9,0.9669694467382328,1.8881070057390588e-05
YuJ_2015,538,UniRef90_F3PTR4,1171,0.0225668380495,9,0.9669694467382328,1.8634878653592072e-05
YuJ_2015,539,UniRef90_A0A3E4W6B3,1171,0.0217575309767,9,0.9669694467382328,1.7966582144260942e-05
YuJ_2015,540,UniRef90_A0A174SKG1,1171,0.021694593534,9,0.9669694467382328,1.7914610680429397e-05
YuJ_2015,541,UniRef90_Q5LJ70,1171,0.02137553615,9,0.9669694467382328,1.7651144632535096e-05
YuJ_2015,542,UniRef90_A0A374NTF3,1171,0.021181510644,9,0.9669694467382328,1.7490925387283237e-05
YuJ_2015,543,UniRef90_F7LF68,1171,0.020695737584,9,0.9669694467382328,1.7089791563996697e-05
YuJ_2015,544,UniRef90_A7AZP9,1171,0.020068008695,9,0.9669694467382328,1.6571435751445087e-05
YuJ_2015,545,UniRef90_A0A174Y440,1171,0.019817209356,9,0.9669694467382328,1.63643347283237e-05
YuJ_2015,546,UniRef90_Q8A2E9,1171,0.0193050389956,9,0.9669694467382328,1.594140296911643e-05
YuJ_2015,547,UniRef90_A0A174EHG3,1171,0.0180773803131,9,0.9669694467382328,1.4927646831626756e-05
YuJ_2015,548,UniRef90_H1LZ82,1171,0.015411775875,9,0.9669694467382328,1.2726487097440133e-05
YuJ_2015,549,UniRef90_R7ADE8,1171,0.0126200075826,9,0.9669694467382328,1.042114581552436e-05
YuJ_2015,550,UniRef90_A0A0N7J738,1171,0.0119290952104,9,0.9669694467382328,9.85061536779521e-06
YuJ_2015,551,UniRef90_A6BKY7,1170,0.2658970535172,9,0.9661436829066887,0.00021956816970867052
YuJ_2015,552,UniRef90_E1Z1J4,1170,0.057972540387,9,0.9661436829066887,4.787162707431874e-05
YuJ_2015,553,UniRef90_R5JSR8,1170,0.035340618342999994,9,0.9661436829066887,2.9183004412056148e-05
YuJ_2015,554,UniRef90_A0A396DXA9,1170,0.031880707507,9,0.9661436829066887,2.632593518331957e-05
YuJ_2015,555,UniRef90_A0A2A7AMB7,1170,0.030905024989,9,0.9661436829066887,2.5520251848885218e-05
YuJ_2015,556,UniRef90_A6KYK4,1170,0.029102263609,9,0.9661436829066887,2.4031596704376547e-05
YuJ_2015,557,UniRef90_D4L247,1170,0.0271733794866,9,0.9661436829066887,2.2438793960858793e-05
YuJ_2015,558,UniRef90_G2T4T7,1170,0.0234155821416999,9,0.9661436829066887,1.9335740827167546e-05
YuJ_2015,559,UniRef90_A6BL09,1170,0.0223638443269999,9,0.9661436829066887,1.8467253779520976e-05
YuJ_2015,560,UniRef90_Q8A1E9,1170,0.0217443873086,9,0.9661436829066887,1.7955728578530142e-05
YuJ_2015,561,UniRef90_R6K3Z5,1170,0.0210609820399,9,0.9661436829066887,1.739139722535095e-05
YuJ_2015,562,UniRef90_Q5L8L7,1170,0.021055280369899898,9,0.9661436829066887,1.7386688992485467e-05
YuJ_2015,563,UniRef90_W4PJH4,1170,0.0197859661508,9,0.9661436829066887,1.6338535219488028e-05
YuJ_2015,564,UniRef90_Q8A608,1170,0.019442584948999902,9,0.9661436829066887,1.6054983442609333e-05
YuJ_2015,565,UniRef90_F7LJ47,1170,0.0190758905499999,9,0.9661436829066887,1.5752180470685302e-05
YuJ_2015,566,UniRef90_R5U104,1170,0.0189519929013,9,0.9661436829066887,1.5649870273575557e-05
YuJ_2015,567,UniRef90_A0A173SRB7,1170,0.018758176959,9,0.9661436829066887,1.5489824078447564e-05
YuJ_2015,568,UniRef90_A0A139L5E5,1170,0.0186267936825,9,0.9661436829066887,1.5381332520644097e-05
YuJ_2015,569,UniRef90_R6VHQ2,1170,0.0168586857406,9,0.9661436829066887,1.392129293195706e-05
YuJ_2015,570,UniRef90_UPI0009EC6804,1170,0.0160596240686,9,0.9661436829066887,1.3261456704046242e-05
YuJ_2015,571,UniRef90_A6P143,1170,0.01515617141426,9,0.9661436829066887,1.2515418178579687e-05
YuJ_2015,572,UniRef90_A0A0E2H2A6,1170,0.0128417633191,9,0.9661436829066887,1.0604263682163502e-05
YuJ_2015,573,UniRef90_D4ML29,1170,0.0117293624664,9,0.9661436829066887,9.685683291824939e-06
YuJ_2015,574,UniRef90_A0A174UTZ4,1170,0.0110189228499,9,0.9661436829066887,9.09902795202312e-06
YuJ_2015,575,UniRef90_W6NZ48,1169,0.038849255999,9,0.9653179190751445,3.2080310486374896e-05
YuJ_2015,576,UniRef90_A6KWD7,1169,0.0379134891257,9,0.9653179190751445,3.130758804764657e-05
YuJ_2015,577,UniRef90_A0A0P0L353,1169,0.034238484063,9,0.9653179190751445,2.827290178612717e-05
YuJ_2015,578,UniRef90_A0A174UML5,1169,0.032567681159,9,0.9653179190751445,2.689321317836499e-05
YuJ_2015,579,UniRef90_A0A174Z6W2,1169,0.0289371725778,9,0.9653179190751445,2.3895270501899255e-05
YuJ_2015,580,UniRef90_A0A173S9W5,1169,0.026468674373,9,0.9653179190751445,2.1856873966143683e-05
YuJ_2015,581,UniRef90_A7B4E8,1169,0.026265591006,9,0.9653179190751445,2.1689175066886872e-05
YuJ_2015,582,UniRef90_C0FWL4,1169,0.024171896369200002,9,0.9653179190751445,1.9960277761519408e-05
YuJ_2015,583,UniRef90_Q8A2S5,1169,0.023432941224,9,0.9653179190751445,1.935007532947977e-05
YuJ_2015,584,UniRef90_Q5LJ28,1169,0.0227792109548,9,0.9653179190751445,1.881024851758877e-05
YuJ_2015,585,UniRef90_R5J0A3,1169,0.022352077212,9,0.9653179190751445,1.8457536921552435e-05
YuJ_2015,586,UniRef90_A0A1Q6HIL9,1169,0.0215586509934,9,0.9653179190751445,1.780235424723369e-05
YuJ_2015,587,UniRef90_Q8A6N4,1169,0.020847022026,9,0.9653179190751445,1.721471678447564e-05
YuJ_2015,588,UniRef90_F3PU10,1169,0.0206380097357,9,0.9653179190751445,1.7042121994797687e-05
YuJ_2015,589,UniRef90_Q8A0F5,1169,0.0200175645199999,9,0.9653179190751445,1.6529780776217917e-05
YuJ_2015,590,UniRef90_A0A174UXW6,1169,0.019733198324,9,0.9653179190751445,1.62949614566474e-05
YuJ_2015,591,UniRef90_C0FZS9,1169,0.019591790561,9,0.9653179190751445,1.617819204046243e-05
YuJ_2015,592,UniRef90_Q8A9S3,1169,0.0181311541735,9,0.9653179190751445,1.497205134062758e-05
YuJ_2015,593,UniRef90_U2CGQ3,1169,0.0174044237279,9,0.9653179190751445,1.4371943623369117e-05
YuJ_2015,594,UniRef90_A0A0F5JRS5,1169,0.014995941032999999,9,0.9653179190751445,1.2383105725020643e-05
YuJ_2015,595,UniRef90_A0A149NF03,1169,0.0149538374779,9,0.9653179190751445,1.2348338132039637e-05
YuJ_2015,596,UniRef90_A0A285PZB9,1169,0.0136361657056,9,0.9653179190751445,1.1260252440627581e-05
YuJ_2015,597,UniRef90_C7H6T0,1169,0.0127414271327,9,0.9653179190751445,1.0521409688439306e-05
YuJ_2015,598,UniRef90_A0A396G9A0,1169,0.0119161414491,9,0.9653179190751445,9.839918620231214e-06
YuJ_2015,599,UniRef90_C7GDM5,1169,0.0112516137982,9,0.9653179190751445,9.291175721056978e-06
YuJ_2015,600,UniRef90_C0D875,1169,0.0053234271997,9,0.9653179190751445,4.395893641370768e-06
YuJ_2015,601,UniRef90_A0A396G4X1,1168,0.1034067353227,9,0.9644921552436003,8.538954196754749e-05
YuJ_2015,602,UniRef90_D1JU67,1168,0.0797798913152,9,0.9644921552436003,6.587934873261766e-05
YuJ_2015,603,UniRef90_D4WMR9,1168,0.029788009259,9,0.9644921552436003,2.45978606597853e-05
YuJ_2015,604,UniRef90_A5ZWV4,1168,0.0285013857019,9,0.9644921552436003,2.3535413461519407e-05
YuJ_2015,605,UniRef90_Q8A1A7,1168,0.024445426741,9,0.9644921552436003,2.0186149249380676e-05
YuJ_2015,606,UniRef90_R6K688,1168,0.022372546886,9,0.9644921552436003,1.8474440037985135e-05
YuJ_2015,607,UniRef90_U2CWG0,1168,0.021317174690999998,9,0.9644921552436003,1.7602951850536746e-05
YuJ_2015,608,UniRef90_A0A139KHM2,1168,0.021191416466,9,0.9644921552436003,1.7499105256812553e-05
YuJ_2015,609,UniRef90_A0A3E4FZP2,1168,0.02083024661,9,0.9644921552436003,1.7200864252683733e-05
YuJ_2015,610,UniRef90_Q5L7Z7,1168,0.020571355466,9,0.9644921552436003,1.6987081309661436e-05
YuJ_2015,611,UniRef90_A0A396AFS7,1168,0.020351800312,9,0.9644921552436003,1.6805780604459123e-05
YuJ_2015,612,UniRef90_Q5L9Q6,1168,0.019831919575699998,9,0.9644921552436003,1.6376481895706028e-05
YuJ_2015,613,UniRef90_Q8A468,1168,0.0196003679829999,9,0.9644921552436003,1.6185274965317837e-05
YuJ_2015,614,UniRef90_Q5LD96,1168,0.0195095461631999,9,0.9644921552436003,1.6110277591411974e-05
YuJ_2015,615,UniRef90_A0A1Y4VD92,1168,0.019228418915,9,0.9644921552436003,1.5878132877786952e-05
YuJ_2015,616,UniRef90_A0A173X9Q0,1168,0.018363684849,9,0.9644921552436003,1.5164066762180017e-05
YuJ_2015,617,UniRef90_Q8A015,1168,0.0182539886866,9,0.9644921552436003,1.5073483638810901e-05
YuJ_2015,618,UniRef90_C6IGG8,1168,0.0181603645732,9,0.9644921552436003,1.499617223220479e-05
YuJ_2015,619,UniRef90_A0A173YUY9,1168,0.0179047589523,9,0.9644921552436003,1.4785102355326177e-05
YuJ_2015,620,UniRef90_A0A396A1T1,1168,0.0173202115486,9,0.9644921552436003,1.4302404251527663e-05
YuJ_2015,621,UniRef90_R6VFW8,1168,0.0165578825311,9,0.9644921552436003,1.3672900521139554e-05
YuJ_2015,622,UniRef90_D4LFV9,1168,0.0132983521532,9,0.9644921552436003,1.0981298227250207e-05
YuJ_2015,623,UniRef90_A0A0T8UEX8,1168,0.012597205049,9,0.9644921552436003,1.040231630800991e-05
YuJ_2015,624,UniRef90_D1PJ25,1168,0.012365465926,9,0.9644921552436003,1.0210954521882742e-05
YuJ_2015,625,UniRef90_A5ZS75,1168,0.01230678731696,9,0.9644921552436003,1.0162499848852188e-05
YuJ_2015,626,UniRef90_B8QUH0,1168,0.0110774452,9,0.9644921552436003,9.147353592072667e-06
YuJ_2015,627,UniRef90_D1PJ32,1168,0.0109920537164,9,0.9644921552436003,9.07684039339389e-06
YuJ_2015,628,UniRef90_A0A3A8Z586,1168,0.0035445908497999997,9,0.9644921552436003,2.926994921387283e-06
YuJ_2015,629,UniRef90_Q45122,1167,0.5625220979238,9,0.9636663914120561,0.0004645104029098266
YuJ_2015,630,UniRef90_A6LE88,1167,0.042691101268,9,0.9636663914120561,3.525276735590421e-05
YuJ_2015,631,UniRef90_A6L7J7,1167,0.029360425012,9,0.9636663914120561,2.424477705367465e-05
YuJ_2015,632,UniRef90_A7VCS4,1167,0.02801317705838,9,0.9636663914120561,2.3132268421453343e-05
YuJ_2015,633,UniRef90_D3AK48,1167,0.027056453430699998,9,0.9636663914120561,2.2342240652931458e-05
YuJ_2015,634,UniRef90_A0A396AE49,1167,0.026976709379999998,9,0.9636663914120561,2.2276390900082575e-05
YuJ_2015,635,UniRef90_F3PVG7,1167,0.026809853063999998,9,0.9636663914120561,2.2138606989265068e-05
YuJ_2015,636,UniRef90_Q8A5S7,1167,0.024919948278,9,0.9636663914120561,2.057799197192403e-05
YuJ_2015,637,UniRef90_Q8A489,1167,0.0248181664725,9,0.9636663914120561,2.0493944238232866e-05
YuJ_2015,638,UniRef90_Q8A1A2,1167,0.023292823825,9,0.9636663914120561,1.9234371449215525e-05
YuJ_2015,639,UniRef90_R6MDY5,1167,0.021845216609800003,9,0.9636663914120561,1.8038989768620977e-05
YuJ_2015,640,UniRef90_Q8A477,1167,0.02110359051,9,0.9636663914120561,1.742658175887696e-05
YuJ_2015,641,UniRef90_Q8A094,1167,0.020512852268,9,0.9636663914120561,1.6938771484723368e-05
YuJ_2015,642,UniRef90_Q8A135,1167,0.020322207343,9,0.9636663914120561,1.6781343800990915e-05
YuJ_2015,643,UniRef90_A0A139KHH7,1167,0.0200327831062,9,0.9636663914120561,1.6542347734269197e-05
YuJ_2015,644,UniRef90_A0A139K309,1167,0.0198753639281,9,0.9636663914120561,1.6412356670602807e-05
YuJ_2015,645,UniRef90_G9RNY1,1167,0.0196673990473,9,0.9636663914120561,1.6240626793806772e-05
YuJ_2015,646,UniRef90_R7EI38,1167,0.019657794920299898,9,0.9636663914120561,1.623269605309653e-05
YuJ_2015,647,UniRef90_R6J8M2,1167,0.0194338548566,9,0.9636663914120561,1.6047774448059454e-05
YuJ_2015,648,UniRef90_R6KLK7,1167,0.0173586867918,9,0.9636663914120561,1.4334175715772087e-05
YuJ_2015,649,UniRef90_C4Z0Q6,1167,0.0173260670263,9,0.9636663914120561,1.4307239493228738e-05
YuJ_2015,650,UniRef90_A0A0D8J402,1167,0.017258771909,9,0.9636663914120561,1.4251669619322874e-05
YuJ_2015,651,UniRef90_A0A139K7N7,1167,0.0172449660424,9,0.9636663914120561,1.424026923402147e-05
YuJ_2015,652,UniRef90_Q8A988,1167,0.016807214568000002,9,0.9636663914120561,1.3878789899256814e-05
YuJ_2015,653,UniRef90_Q8A997,1167,0.016591989204799998,9,0.9636663914120561,1.3701064578695291e-05
YuJ_2015,654,UniRef90_Q8A255,1167,0.0162921156238,9,0.9636663914120561,1.345343982146986e-05
YuJ_2015,655,UniRef90_Q5LGL5,1167,0.0139152086608,9,0.9636663914120561,1.1490676020478944e-05
YuJ_2015,656,UniRef90_U2BWN4,1167,0.011481516024,9,0.9636663914120561,9.481020663914122e-06
YuJ_2015,657,UniRef90_A0A3E4V1D1,1167,0.010541612998000001,9,0.9636663914120561,8.704882739884393e-06
YuJ_2015,658,UniRef90_J5UNM3,1167,0.007995070061,9,0.9636663914120561,6.602039687035508e-06
YuJ_2015,659,UniRef90_A0A0P0M182,1166,0.0635199685222,9,0.9628406275805119,5.2452492586457475e-05
YuJ_2015,660,UniRef90_A0A1C6GXE7,1166,0.0475246503357,9,0.9628406275805119,3.924413735400495e-05
YuJ_2015,661,UniRef90_A0A139K413,1166,0.045134636876,9,0.9628406275805119,3.727055068208092e-05
YuJ_2015,662,UniRef90_A5KRH1,1166,0.0329959942475,9,0.9628406275805119,2.724689863542527e-05
YuJ_2015,663,UniRef90_E5VPG8,1166,0.02797390991,9,0.9628406275805119,2.309984303055326e-05
YuJ_2015,664,UniRef90_Q8A476,1166,0.026031770249,9,0.9628406275805119,2.149609434269199e-05
YuJ_2015,665,UniRef90_A0A3E4IFP6,1166,0.0252427368926,9,0.9628406275805119,2.0844539135094962e-05
YuJ_2015,666,UniRef90_R6X734,1166,0.024707924459,9,0.9628406275805119,2.040291037076796e-05
YuJ_2015,667,UniRef90_A0A120A3C2,1166,0.023389275708,9,0.9628406275805119,1.9314017925681256e-05
YuJ_2015,668,UniRef90_C7H5A0,1166,0.022785192069,9,0.9628406275805119,1.8815187505367463e-05
YuJ_2015,669,UniRef90_A0A3E4KLQ4,1166,0.0225372190725,9,0.9628406275805119,1.8610420373658134e-05
YuJ_2015,670,UniRef90_Q5LGS0,1166,0.0223203803689,9,0.9628406275805119,1.8431362814946327e-05
YuJ_2015,671,UniRef90_A0A139KFG6,1166,0.021637733384,9,0.9628406275805119,1.786765762510322e-05
YuJ_2015,672,UniRef90_A0A174T2A6,1166,0.0211987826231,9,0.9628406275805119,1.7505187962923206e-05
YuJ_2015,673,UniRef90_D7GUX7,1166,0.02074449255,9,0.9628406275805119,1.7130051651527663e-05
YuJ_2015,674,UniRef90_Q8A5J0,1166,0.020551995874,9,0.9628406275805119,1.6971094858794387e-05
YuJ_2015,675,UniRef90_I9JB29,1166,0.020422368041599998,9,0.9628406275805119,1.686405288323699e-05
YuJ_2015,676,UniRef90_I8XN29,1166,0.020136032218,9,0.9628406275805119,1.66276071164327e-05
YuJ_2015,677,UniRef90_B5D0R2,1166,0.019837160692,9,0.9628406275805119,1.6380809819983484e-05
YuJ_2015,678,UniRef90_Q8A479,1166,0.01888053006,9,0.9628406275805119,1.5590858843930637e-05
YuJ_2015,679,UniRef90_R6SKW0,1166,0.0183499953043,9,0.9628406275805119,1.5152762431296449e-05
YuJ_2015,680,UniRef90_Q8A294,1166,0.0173177708897,9,0.9628406275805119,1.4300388843682908e-05
YuJ_2015,681,UniRef90_C7H6R1,1166,0.016954477620000002,9,0.9628406275805119,1.4000394401321223e-05
YuJ_2015,682,UniRef90_C0CY94,1166,0.0136589087162,9,0.9628406275805119,1.1279032796201486e-05
YuJ_2015,683,UniRef90_C4ZEP3,1166,0.011872975049100001,9,0.9628406275805119,9.804273368373246e-06
YuJ_2015,684,UniRef90_B6FNP2,1166,0.011744297667759999,9,0.9628406275805119,9.698016240924856e-06
YuJ_2015,685,UniRef90_A0A174HSR4,1166,0.01158126693802,9,0.9628406275805119,9.56339136087531e-06
YuJ_2015,686,UniRef90_F7JK95,1166,0.0110549891126,9,0.9628406275805119,9.128810167299753e-06
YuJ_2015,687,UniRef90_A0A078RXH7,1166,0.008545522267799999,9,0.9628406275805119,7.056583210404624e-06
YuJ_2015,688,UniRef90_C0FXK6,1166,0.0084061632186,9,0.9628406275805119,6.941505547976879e-06
YuJ_2015,689,UniRef90_J6HFP1,1166,0.0081433792788,9,0.9628406275805119,6.724508074979356e-06
YuJ_2015,690,UniRef90_A0A0P6CHJ0,1166,0.0068763371765,9,0.9628406275805119,5.678230533856317e-06
YuJ_2015,691,UniRef90_A5Z5I8,1165,0.0497856019026,9,0.9620148637489678,4.111114938282411e-05
YuJ_2015,692,UniRef90_B5D0K9,1165,0.0298071624612,9,0.9620148637489678,2.4613676681420312e-05
YuJ_2015,693,UniRef90_A0A174EJL6,1165,0.025367069362000002,9,0.9620148637489678,2.0947208391412058e-05
YuJ_2015,694,UniRef90_B7ANN7,1165,0.0252540044487,9,0.9620148637489678,2.085384347539224e-05
YuJ_2015,695,UniRef90_A0A0J0U668,1165,0.025218854521,9,0.9620148637489678,2.0824817936416184e-05
YuJ_2015,696,UniRef90_A0A078PLC9,1165,0.0243728137552,9,0.9620148637489678,2.0126188072006607e-05
YuJ_2015,697,UniRef90_I8V0Z4,1165,0.023963323171,9,0.9620148637489678,1.978804555821635e-05
YuJ_2015,698,UniRef90_A0A016DEW0,1165,0.022643199218,9,0.9620148637489678,1.8697934944673822e-05
YuJ_2015,699,UniRef90_A0A3E4I5X3,1165,0.022397130377299998,9,0.9620148637489678,1.8494740195953754e-05
YuJ_2015,700,UniRef90_Q8A7G0,1165,0.0215359329442,9,0.9620148637489678,1.778359450388109e-05
YuJ_2015,701,UniRef90_Q8A5V7,1165,0.021535336941000002,9,0.9620148637489678,1.7783102345995047e-05
YuJ_2015,702,UniRef90_K9E1G2,1165,0.021002635451999898,9,0.9620148637489678,1.734321672336903e-05
YuJ_2015,703,UniRef90_Q8A639,1165,0.020761174415,9,0.9620148637489678,1.7143826932287367e-05
YuJ_2015,704,UniRef90_B5D0R0,1165,0.020615686335,9,0.9620148637489678,1.702368813790256e-05
YuJ_2015,705,UniRef90_R5JC86,1165,0.0204732215093,9,0.9620148637489678,1.6906045837572257e-05
YuJ_2015,706,UniRef90_Q8A0Z3,1165,0.0204519488975,9,0.9620148637489678,1.6888479684145332e-05
YuJ_2015,707,UniRef90_Q8A1D5,1165,0.0203051051905,9,0.9620148637489678,1.6767221462014865e-05
YuJ_2015,708,UniRef90_R6FPH6,1165,0.0177169411434999,9,0.9620148637489678,1.4630009201899173e-05
YuJ_2015,709,UniRef90_Q8AAW1,1165,0.017610405220999898,9,0.9620148637489678,1.4542035690338479e-05
YuJ_2015,710,UniRef90_R6AK17,1165,0.0174887545995,9,0.9620148637489678,1.4441581007018993e-05
YuJ_2015,711,UniRef90_Q89YY3,1165,0.0166218546679,9,0.9620148637489678,1.3725726397935592e-05
YuJ_2015,712,UniRef90_R6K4C9,1165,0.01472593555,9,0.9620148637489678,1.2160144962840628e-05
YuJ_2015,713,UniRef90_Q5LC76,1165,0.0134481901576,9,0.9620148637489678,1.1105029031874484e-05
YuJ_2015,714,UniRef90_C6LJT8,1165,0.0108795395848,9,0.9620148637489678,8.983930292981008e-06
YuJ_2015,715,UniRef90_A0A1C5YWX9,1165,0.0082746129995,9,0.9620148637489678,6.832876135012387e-06
YuJ_2015,716,UniRef90_U2CUG5,1165,0.007333701526,9,0.9620148637489678,6.055905471511148e-06
YuJ_2015,717,UniRef90_T4BVE4,1164,0.7695889542365,9,0.9611890999174236,0.0006354987235644095
YuJ_2015,718,UniRef90_A0A174Q9G9,1164,0.658800609748,9,0.9611890999174236,0.0005440137157291495
YuJ_2015,719,UniRef90_C4ZER8,1164,0.1663541932538,9,0.9611890999174236,0.0001373692760146986
YuJ_2015,720,UniRef90_A7B5W7,1164,0.1358869033327,9,0.9611890999174236,0.00011221048995268374
YuJ_2015,721,UniRef90_A5ZSE4,1164,0.0380277247208,9,0.9611890999174236,3.140191967035508e-05
YuJ_2015,722,UniRef90_A6KYH0,1164,0.0326150792117,9,0.9611890999174236,2.6932352775970276e-05
YuJ_2015,723,UniRef90_K5CBL1,1164,0.024103918586,9,0.9611890999174236,1.9904144166804296e-05
YuJ_2015,724,UniRef90_A0A1E3A9M3,1164,0.0236223392165999,9,0.9611890999174236,1.9506473341535837e-05
YuJ_2015,725,UniRef90_A0A174KPV5,1164,0.021693760444,9,0.9611890999174236,1.7913922744838976e-05
YuJ_2015,726,UniRef90_D6D3U5,1164,0.0213574286224,9,0.9611890999174236,1.7636192091164327e-05
YuJ_2015,727,UniRef90_I8XGM3,1164,0.0211678619647,9,0.9611890999174236,1.747965480156895e-05
YuJ_2015,728,UniRef90_Q5LI10,1164,0.0207733029539999,9,0.9611890999174236,1.7153842241122958e-05
YuJ_2015,729,UniRef90_B6FKK1,1164,0.020626143071,9,0.9611890999174236,1.7032322932287365e-05
YuJ_2015,730,UniRef90_Q5LAS7,1164,0.020108410602999997,9,0.9611890999174236,1.660479818579686e-05
YuJ_2015,731,UniRef90_Q8A463,1164,0.019772748867,9,0.9611890999174236,1.6327620864574733e-05
YuJ_2015,732,UniRef90_B6W3Z6,1164,0.019737081513,9,0.9611890999174236,1.629816805367465e-05
YuJ_2015,733,UniRef90_U2D5N3,1164,0.0192461463147,9,0.9611890999174236,1.5892771523286542e-05
YuJ_2015,734,UniRef90_P22841,1164,0.0190068514613,9,0.9611890999174236,1.5695170488274155e-05
YuJ_2015,735,UniRef90_P15623,1164,0.0178147290218,9,0.9611890999174236,1.4710758894962842e-05
YuJ_2015,736,UniRef90_Q8A9W1,1164,0.017444672100200002,9,0.9611890999174236,1.4405179273492983e-05
YuJ_2015,737,UniRef90_A5ZGJ8,1164,0.0174328878116,9,0.9611890999174236,1.4395448234186623e-05
YuJ_2015,738,UniRef90_R6FT54,1164,0.0172958090417,9,0.9611890999174236,1.4282253543930635e-05
YuJ_2015,739,UniRef90_R5CBB2,1164,0.0166796066744,9,0.9611890999174236,1.3773415916102396e-05
YuJ_2015,740,UniRef90_A0A3E4IC05,1164,0.0165623414748,9,0.9611890999174236,1.3676582555573905e-05
YuJ_2015,741,UniRef90_A0A0P0GUH0,1164,0.015697820548,9,0.9611890999174236,1.2962692442609415e-05
YuJ_2015,742,UniRef90_B0PDJ0,1164,0.014122966952,9,0.9611890999174236,1.1662235303055326e-05
YuJ_2015,743,UniRef90_A0A0P0GD67,1164,0.0137594248392,9,0.9611890999174236,1.1362035375061933e-05
YuJ_2015,744,UniRef90_Q5L7B7,1164,0.013535558127999999,9,0.9611890999174236,1.1177174341866225e-05
YuJ_2015,745,UniRef90_A0A1H4BVR5,1164,0.0125602018942,9,0.9611890999174236,1.037176044112304e-05
YuJ_2015,746,UniRef90_A0A0J9I2L5,1164,0.0110851182553,9,0.9611890999174236,9.153689723616845e-06
YuJ_2015,747,UniRef90_R5MCK3,1164,0.0105765824811,9,0.9611890999174236,8.733759274236168e-06
YuJ_2015,748,UniRef90_B6FT28,1164,0.010548751747999999,9,0.9611890999174236,8.710777661436827e-06
YuJ_2015,749,UniRef90_D4MWD7,1164,0.00901175963,9,0.9611890999174236,7.441585161023946e-06
YuJ_2015,750,UniRef90_B8QUG9,1164,0.0062932460253000005,9,0.9611890999174236,5.1967349507018994e-06
YuJ_2015,751,UniRef90_A0A174N306,1163,0.041037333595,9,0.9603633360858794,3.3887145825763834e-05
YuJ_2015,752,UniRef90_A6KYR3,1163,0.0337950409096,9,0.9603633360858794,2.790672246870355e-05
YuJ_2015,753,UniRef90_D4KN84,1163,0.028855170503,9,0.9603633360858794,2.3827556154417835e-05
YuJ_2015,754,UniRef90_A0A374QB39,1163,0.0265049124396,9,0.9603633360858794,2.1886798050867052e-05
YuJ_2015,755,UniRef90_A0A173YQT1,1163,0.02598329983,9,0.9603633360858794,2.1456069223782e-05
YuJ_2015,756,UniRef90_E6SRC4,1163,0.02526400966,9,0.9603633360858794,2.0862105417010734e-05
YuJ_2015,757,UniRef90_D4L188,1163,0.024538831908000002,9,0.9603633360858794,2.0263279857968623e-05
YuJ_2015,758,UniRef90_Q8A4A3,1163,0.023059462786,9,0.9603633360858794,1.9041670343517755e-05
YuJ_2015,759,UniRef90_C4ZFE2,1163,0.0228861225788999,9,0.9603633360858794,1.8898532269942112e-05
YuJ_2015,760,UniRef90_A0A0D0ZIG5,1163,0.021696008774,9,0.9603633360858794,1.7915779334434352e-05
YuJ_2015,761,UniRef90_A0A3E4IFT2,1163,0.0212721966218,9,0.9603633360858794,1.7565810587778694e-05
YuJ_2015,762,UniRef90_A0A174EAY6,1163,0.02000690208,9,0.9603633360858794,1.6520976118909993e-05
YuJ_2015,763,UniRef90_A0A329TNI2,1163,0.01932492091906,9,0.9603633360858794,1.5957820742411232e-05
YuJ_2015,764,UniRef90_D4ML16,1163,0.01912940675,9,0.9603633360858794,1.579637221304707e-05
YuJ_2015,765,UniRef90_A0A395V6Q9,1163,0.017918723956300002,9,0.9603633360858794,1.4796634150536748e-05
YuJ_2015,766,UniRef90_D4WFW2,1163,0.0175064345773,9,0.9603633360858794,1.4456180493228738e-05
YuJ_2015,767,UniRef90_A0A1C5Z857,1163,0.017221779790200002,9,0.9603633360858794,1.422112286556565e-05
YuJ_2015,768,UniRef90_A0A173TI16,1163,0.0166931451202,9,0.9603633360858794,1.3784595474979354e-05
YuJ_2015,769,UniRef90_A0A174RP44,1163,0.0165485154892,9,0.9603633360858794,1.3665165556729976e-05
YuJ_2015,770,UniRef90_B0NIC2,1163,0.015625243722,9,0.9603633360858794,1.2902761124690337e-05
YuJ_2015,771,UniRef90_Q5LBQ4,1163,0.0152155813989,9,0.9603633360858794,1.2564476795127994e-05
YuJ_2015,772,UniRef90_A0A139K266,1163,0.0150562811212,9,0.9603633360858794,1.243293238744839e-05
YuJ_2015,773,UniRef90_Q8A528,1163,0.0144463019764999,9,0.9603633360858794,1.1929233671758794e-05
YuJ_2015,774,UniRef90_Q8A004,1163,0.0141593330268999,9,0.9603633360858794,1.1692265092402891e-05
YuJ_2015,775,UniRef90_Q8AA47,1163,0.0128982255653,9,0.9603633360858794,1.0650888162923205e-05
YuJ_2015,776,UniRef90_A0A174QCE9,1163,0.009585354919700001,9,0.9603633360858794,7.915239405202314e-06
YuJ_2015,777,UniRef90_V2XJP5,1163,0.00945213105,9,0.9603633360858794,7.805227952105697e-06
YuJ_2015,778,UniRef90_A0A0J8Z0W9,1163,0.008264553204,9,0.9603633360858794,6.824569119735756e-06
YuJ_2015,779,UniRef90_E4W393,1162,0.8941307940243001,9,0.9595375722543352,0.0007383408703751446
YuJ_2015,780,UniRef90_A0A3E2XTM8,1162,0.0350662720972,9,0.9595375722543352,2.8956459204954584e-05
YuJ_2015,781,UniRef90_A5ZV45,1162,0.029532385696000002,9,0.9595375722543352,2.4386775966969448e-05
YuJ_2015,782,UniRef90_Q8A8R2,1162,0.0272945648108,9,0.9595375722543352,2.253886441849711e-05
YuJ_2015,783,UniRef90_K5ZNU4,1162,0.02410319381,9,0.9595375722543352,1.9903545672997523e-05
YuJ_2015,784,UniRef90_U2DQ57,1162,0.02231196286,9,0.9595375722543352,1.8424411940545005e-05
YuJ_2015,785,UniRef90_A0A1E3UNY3,1162,0.022208211143,9,0.9595375722543352,1.8338737525185797e-05
YuJ_2015,786,UniRef90_A0A1Y4P879,1162,0.0221984818317,9,0.9595375722543352,1.8330703411808424e-05
YuJ_2015,787,UniRef90_Q5L923,1162,0.021968625613,9,0.9595375722543352,1.8140896459950454e-05
YuJ_2015,788,UniRef90_A0A1R7JGV1,1162,0.020758288768,9,0.9595375722543352,1.7141444069364164e-05
YuJ_2015,789,UniRef90_A0A395X5F0,1162,0.0202803938273,9,0.9595375722543352,1.674681571205615e-05
YuJ_2015,790,UniRef90_D6DLD6,1162,0.020254191834,9,0.9595375722543352,1.6725179053674648e-05
YuJ_2015,791,UniRef90_A0A0M6WEI8,1162,0.0197484435498,9,0.9595375722543352,1.6307550412716766e-05
YuJ_2015,792,UniRef90_A0A174DTK3,1162,0.018629943359999998,9,0.9595375722543352,1.5383933410404624e-05
YuJ_2015,793,UniRef90_B6W3T5,1162,0.018559340301,9,0.9595375722543352,1.5325631957886046e-05
YuJ_2015,794,UniRef90_R6SZ51,1162,0.0184325158662,9,0.9595375722543352,1.5220904926672172e-05
YuJ_2015,795,UniRef90_C3R9X8,1162,0.0180808872926,9,0.9595375722543352,1.4930542768455822e-05
YuJ_2015,796,UniRef90_F3PFC2,1162,0.017838511658599898,9,0.9595375722543352,1.4730397736250949e-05
YuJ_2015,797,UniRef90_A0A396E1H8,1162,0.0175418705629,9,0.9595375722543352,1.4485442248472336e-05
YuJ_2015,798,UniRef90_A0A3E4VXM1,1162,0.0172427368609,9,0.9595375722543352,1.4238428456564822e-05
YuJ_2015,799,UniRef90_R5JD85,1162,0.0168954055813,9,0.9595375722543352,1.3951614848307183e-05
YuJ_2015,800,UniRef90_Q8A9E3,1162,0.0160841312048,9,0.9595375722543352,1.328169381073493e-05
YuJ_2015,801,UniRef90_C7H6Y3,1162,0.0160395075036,9,0.9595375722543352,1.3244845172254335e-05
YuJ_2015,802,UniRef90_A0A0K6BTG9,1162,0.0143199204932,9,0.9595375722543352,1.1824872413872832e-05
YuJ_2015,803,UniRef90_C0CYA8,1162,0.013466490339,9,0.9595375722543352,1.1120140659785301e-05
YuJ_2015,804,UniRef90_C9LBR4,1162,0.013063764264000001,9,0.9595375722543352,1.0787584033030554e-05
YuJ_2015,805,UniRef90_D3AUQ8,1162,0.011057970181,9,0.9595375722543352,9.131271825763832e-06
YuJ_2015,806,UniRef90_R5W4D0,1162,0.0098373824236,9,0.9595375722543352,8.123354602477292e-06
YuJ_2015,807,UniRef90_A0A1E3AP68,1162,0.008536250883500001,9,0.9595375722543352,7.048927236581339e-06
YuJ_2015,808,UniRef90_A0A174VPA8,1162,0.006975419645,9,0.9595375722543352,5.760049252683732e-06
YuJ_2015,809,UniRef90_A0A1Y4UDK6,1162,0.0058192990423,9,0.9595375722543352,4.805366674071016e-06
YuJ_2015,810,UniRef90_C0FSN2,1161,0.154422026551,9,0.9587118084227911,0.0001275161243195706
YuJ_2015,811,UniRef90_A0A3E2V1T3,1161,0.1034573337228,9,0.9587118084227911,8.543132429628406e-05
YuJ_2015,812,UniRef90_A0A3E2V1V9,1161,0.092073330115,9,0.9587118084227911,7.603082585879438e-05
YuJ_2015,813,UniRef90_A6L5E5,1161,0.0411886391093,9,0.9587118084227911,3.401208844698596e-05
YuJ_2015,814,UniRef90_A7VY07,1161,0.0394303435617,9,0.9587118084227911,3.256015157861272e-05
YuJ_2015,815,UniRef90_A0A174DHG3,1161,0.0286066939,9,0.9587118084227911,2.3622373162675475e-05
YuJ_2015,816,UniRef90_D4JD40,1161,0.0276508550714,9,0.9587118084227911,2.283307602923204e-05
YuJ_2015,817,UniRef90_A7VCS5,1161,0.02761339876,9,0.9587118084227911,2.2802145962014864e-05
YuJ_2015,818,UniRef90_R7AEJ7,1161,0.027393858196,9,0.9587118084227911,2.2620857304706853e-05
YuJ_2015,819,UniRef90_Q8A5S6,1161,0.0229610947749,9,0.9587118084227911,1.8960441597770437e-05
YuJ_2015,820,UniRef90_A0A3E4IFI0,1161,0.0225406667075,9,0.9587118084227911,1.86132673059455e-05
YuJ_2015,821,UniRef90_Q64RV7,1161,0.0221830951,9,0.9587118084227911,1.831799760528489e-05
YuJ_2015,822,UniRef90_C6LD81,1161,0.021445100773999998,9,0.9587118084227911,1.7708588582989263e-05
YuJ_2015,823,UniRef90_D4LGZ5,1161,0.020756820841,9,0.9587118084227911,1.7140231908340217e-05
YuJ_2015,824,UniRef90_E5WVY3,1161,0.0200175491,9,0.9587118084227911,1.652976804293972e-05
YuJ_2015,825,UniRef90_W4PMK4,1161,0.0181898271809999,9,0.9587118084227911,1.502050138810892e-05
YuJ_2015,826,UniRef90_D5Q544,1161,0.017915066372,9,0.9587118084227911,1.4793613849710983e-05
YuJ_2015,827,UniRef90_A0A0P0G9A9,1161,0.017887263236,9,0.9587118084227911,1.477065502559868e-05
YuJ_2015,828,UniRef90_R5JRC2,1161,0.0174268510749,9,0.9587118084227911,1.4390463315359207e-05
YuJ_2015,829,UniRef90_D4LNK5,1161,0.0170478916719,9,0.9587118084227911,1.4077532346738232e-05
YuJ_2015,830,UniRef90_C9L352,1161,0.0139304347323,9,0.9587118084227911,1.150324915962015e-05
YuJ_2015,831,UniRef90_A0A077ZLA3,1161,0.00544969416,9,0.9587118084227911,4.500160330305533e-06
YuJ_2015,832,UniRef90_UPI000E5061B6,1161,0.0019465880795999,9,0.9587118084227911,1.6074220310486375e-06
YuJ_2015,833,UniRef90_A8S470,1160,0.15670294830880002,9,0.9578860445912469,0.00012939962700974402
YuJ_2015,834,UniRef90_B0NEY0,1160,0.043166190985,9,0.9578860445912469,3.564507926094137e-05
YuJ_2015,835,UniRef90_R6DH93,1160,0.0332841525456,9,0.9578860445912469,2.7484849335755575e-05
YuJ_2015,836,UniRef90_Q8A2E6,1160,0.02442010592,9,0.9578860445912469,2.0165240231213873e-05
YuJ_2015,837,UniRef90_K9E0F3,1160,0.024088343693000003,9,0.9578860445912469,1.9891282983484725e-05
YuJ_2015,838,UniRef90_Q5LG30,1160,0.020675286036,9,0.9578860445912469,1.7072903415359206e-05
YuJ_2015,839,UniRef90_A0A396F3B0,1160,0.019983271681,9,0.9578860445912469,1.6501462990090833e-05
YuJ_2015,840,UniRef90_R6FQM5,1160,0.0195995424547,9,0.9578860445912469,1.6184593273905862e-05
YuJ_2015,841,UniRef90_F3PHR0,1160,0.0192803533848,9,0.9578860445912469,1.5921018484558216e-05
YuJ_2015,842,UniRef90_A9KJI7,1160,0.017917519761,9,0.9578860445912469,1.479563976961189e-05
YuJ_2015,843,UniRef90_A0A285PPJ6,1160,0.016795955437,9,0.9578860445912469,1.3869492516102394e-05
YuJ_2015,844,UniRef90_W4PJV7,1160,0.0165596001139999,9,0.9578860445912469,1.3674318838975971e-05
YuJ_2015,845,UniRef90_U6R8L3,1160,0.01655769538,9,0.9578860445912469,1.3672745978530142e-05
YuJ_2015,846,UniRef90_Q8AA75,1160,0.0163830851064,9,0.9578860445912469,1.3528559129975226e-05
YuJ_2015,847,UniRef90_Q5L8B9,1160,0.016250779187,9,0.9578860445912469,1.3419305687035507e-05
YuJ_2015,848,UniRef90_A0A0K6BQY7,1160,0.0150472028585,9,0.9578860445912469,1.2425435886457473e-05
YuJ_2015,849,UniRef90_A0A396E7W7,1160,0.0146053076018,9,0.9578860445912469,1.2060534766143683e-05
YuJ_2015,850,UniRef90_A0A081TLM3,1160,0.0138566798816,9,0.9578860445912469,1.1442345071511148e-05
YuJ_2015,851,UniRef90_A0A395X463,1160,0.013576851442999999,9,0.9578860445912469,1.1211272867877787e-05
YuJ_2015,852,UniRef90_E1KPU4,1160,0.0127494152707999,9,0.9578860445912469,1.0528006003963584e-05
YuJ_2015,853,UniRef90_H1LZ69,1160,0.0087376155983,9,0.9578860445912469,7.215206935012387e-06
YuJ_2015,854,UniRef90_G5GJ65,1160,0.0080757317762,9,0.9578860445912469,6.668647214037985e-06
YuJ_2015,855,UniRef90_A0A174SPG7,1160,0.0079854774271,9,0.9578860445912469,6.594118436911644e-06
YuJ_2015,856,UniRef90_R8W025,1160,0.0035785304107,9,0.9578860445912469,2.9550209832369944e-06
YuJ_2015,857,UniRef90_A5ZI73,1159,0.1518553504555,9,0.9570602807597027,0.00012539665603261766
YuJ_2015,858,UniRef90_C3RAI8,1159,0.032447965866,9,0.9570602807597027,2.6794356619322876e-05
YuJ_2015,859,UniRef90_B0NQJ5,1159,0.0276610459544,9,0.9570602807597027,2.2841491291824938e-05
YuJ_2015,860,UniRef90_C0F0D4,1159,0.026258821053000002,9,0.9570602807597027,2.1683584684558218e-05
YuJ_2015,861,UniRef90_A0A174K528,1159,0.025278077000999998,9,0.9570602807597027,2.0873721718414532e-05
YuJ_2015,862,UniRef90_A0A174FKR7,1159,0.024687924074,9,0.9570602807597027,2.0386394776218003e-05
YuJ_2015,863,UniRef90_A0A396C2N2,1159,0.022923658444,9,0.9570602807597027,1.8929528029727498e-05
YuJ_2015,864,UniRef90_A0A3E2VAN0,1159,0.0195639177682,9,0.9570602807597027,1.6155175696284063e-05
YuJ_2015,865,UniRef90_F7KH41,1159,0.0175351626314,9,0.9570602807597027,1.4479903081255162e-05
YuJ_2015,866,UniRef90_A0A173W0R5,1159,0.016568294887599998,9,0.9570602807597027,1.3681498668538396e-05
YuJ_2015,867,UniRef90_U2E3J8,1159,0.0152417114227,9,0.9570602807597027,1.2586054023699422e-05
YuJ_2015,868,UniRef90_F3PQX9,1159,0.0148208859998,9,0.9570602807597027,1.2238551610074319e-05
YuJ_2015,869,UniRef90_U2E1W9,1159,0.0124541354471,9,0.9570602807597027,1.0284174605367464e-05
YuJ_2015,870,UniRef90_R9JHQ9,1159,0.0116698968544,9,0.9570602807597027,9.636578740214698e-06
YuJ_2015,871,UniRef90_U5F4H4,1159,0.00960840267,9,0.9570602807597027,7.934271403798514e-06
YuJ_2015,872,UniRef90_U2DA10,1159,0.0087174215446,9,0.9570602807597027,7.1985314158546655e-06
YuJ_2015,873,UniRef90_C4Z2R9,1159,0.008207839505500001,9,0.9570602807597027,6.777736998761355e-06
YuJ_2015,874,UniRef90_A0A373AYM4,1159,0.0069450851529,9,0.9570602807597027,5.73500012625929e-06
YuJ_2015,875,UniRef90_A0A2T3FJH8,1159,0.0067781291215,9,0.9570602807597027,5.597133874071016e-06
YuJ_2015,876,UniRef90_A0A015TZE4,1159,0.0054447654674,9,0.9570602807597027,4.496090394219653e-06
YuJ_2015,877,UniRef90_A0A174KZR2,1159,0.00403123747901,9,0.9570602807597027,3.328850106531792e-06
YuJ_2015,878,UniRef90_E2ZLQ0,1158,0.053596772372,9,0.9562345169281585,4.425827611230388e-05
YuJ_2015,879,UniRef90_E5UU61,1158,0.049683560051,9,0.9562345169281585,4.1026886912469034e-05
YuJ_2015,880,UniRef90_A0A174YT04,1158,0.0295809486146,9,0.9562345169281585,2.442687746870355e-05
YuJ_2015,881,UniRef90_A0A174JYK3,1158,0.026740130086,9,0.9562345169281585,2.208103227580512e-05
YuJ_2015,882,UniRef90_A0A396A061,1158,0.0260421815426,9,0.9562345169281585,2.1504691612386457e-05
YuJ_2015,883,UniRef90_Q8A012,1158,0.0196662554800999,9,0.9562345169281585,1.623968247737399e-05
YuJ_2015,884,UniRef90_A0A2N5NXW5,1158,0.018347464767999998,9,0.9562345169281585,1.5150672805945497e-05
YuJ_2015,885,UniRef90_C4ZEP4,1158,0.017598173147,9,0.9562345169281585,1.4531934886044591e-05
YuJ_2015,886,UniRef90_R6M6L8,1158,0.0173782864815,9,0.9562345169281585,1.4350360430635838e-05
YuJ_2015,887,UniRef90_U2NZJ4,1158,0.0171119863441,9,0.9562345169281585,1.4130459408835674e-05
YuJ_2015,888,UniRef90_A0A173YRZ1,1158,0.016044393165,9,0.9562345169281585,1.3248879574731627e-05
YuJ_2015,889,UniRef90_A5ZQA7,1158,0.0141458398546,9,0.9562345169281585,1.168112291874484e-05
YuJ_2015,890,UniRef90_B0G4Z3,1158,0.012631624041300001,9,0.9562345169281585,1.0430738266969447e-05
YuJ_2015,891,UniRef90_D4CFG5,1158,0.0123147014525,9,0.9562345169281585,1.0169035055739058e-05
YuJ_2015,892,UniRef90_A5KM54,1158,0.0082145194558,9,0.9562345169281585,6.783253060115607e-06
YuJ_2015,893,UniRef90_R7JTG9,1158,0.0025764415215,9,0.9562345169281585,2.1275322225433527e-06
YuJ_2015,894,UniRef90_T4BXP0,1157,0.9525914982629999,9,0.9554087530966143,0.0007866156055020643
YuJ_2015,895,UniRef90_K7ZQ45,1157,0.4412689842228,9,0.9554087530966143,0.0003643839671534269
YuJ_2015,896,UniRef90_A0A069S980,1157,0.133231841868,9,0.9554087530966143,0.00011001803622460776
YuJ_2015,897,UniRef90_A7VSA7,1157,0.055173820990999996,9,0.9554087530966143,4.5560545822460774e-05
YuJ_2015,898,UniRef90_A0A174LFC4,1157,0.0256203720399,9,0.9554087530966143,2.115637658125516e-05
YuJ_2015,899,UniRef90_C4Z2T4,1157,0.0218284026036,9,0.9554087530966143,1.8025105370437654e-05
YuJ_2015,900,UniRef90_C0BCB8,1157,0.020313438086000002,9,0.9554087530966143,1.67741024657308e-05
YuJ_2015,901,UniRef90_A0A374NP07,1157,0.0192185319623,9,0.9554087530966143,1.5869968589843107e-05
YuJ_2015,902,UniRef90_U6RFM9,1157,0.017805325862999998,9,0.9554087530966143,1.4702994106523533e-05
YuJ_2015,903,UniRef90_R7DK98,1157,0.017407452322,9,0.9554087530966143,1.4374444526837325e-05
YuJ_2015,904,UniRef90_Q8A9A8,1157,0.0171688941558,9,0.9554087530966143,1.4177451821469857e-05
YuJ_2015,905,UniRef90_A0A015Y6C2,1157,0.0136869663117,9,0.9554087530966143,1.1302201743765483e-05
YuJ_2015,906,UniRef90_I3WHK0,1157,0.012630631075199999,9,0.9554087530966143,1.0429918311478117e-05
YuJ_2015,907,UniRef90_E1WWW7,1157,0.012236784595,9,0.9554087530966143,1.0104694132947976e-05
YuJ_2015,908,UniRef90_B6FN01,1157,0.0121314664113,9,0.9554087530966143,1.0017726186044592e-05
YuJ_2015,909,UniRef90_G2T4T0,1157,0.01001581603783,9,0.9554087530966143,8.270698627440132e-06
YuJ_2015,910,UniRef90_R6J7M1,1157,0.0091786338448,9,0.9554087530966143,7.579383852023121e-06
YuJ_2015,911,UniRef90_A6P1U3,1157,0.008790961,9,0.9554087530966143,7.259257638315442e-06
YuJ_2015,912,UniRef90_A0A174UX70,1157,0.0081691331932,9,0.9554087530966143,6.74577472601156e-06
YuJ_2015,913,UniRef90_A0A174XTX0,1157,0.0080441773339,9,0.9554087530966143,6.6425906968620964e-06
YuJ_2015,914,UniRef90_UPI000E509EF5,1157,0.0069938936143,9,0.9554087530966143,5.77530438835673e-06
YuJ_2015,915,UniRef90_C4Z2R6,1157,0.0049512435929,9,0.9554087530966143,4.088557880181668e-06
YuJ_2015,916,UniRef90_A0A1T2WYT5,1157,0.0043679088246000005,9,0.9554087530966143,3.606861126837325e-06
YuJ_2015,917,UniRef90_B7C9C8,1156,0.0619863821801,9,0.9545829892650702,5.118611245260115e-05
YuJ_2015,918,UniRef90_B3JFM7,1156,0.028730555838000004,9,0.9545829892650702,2.3724653871180845e-05
YuJ_2015,919,UniRef90_B0NQA3,1156,0.0272235550873,9,0.9545829892650702,2.2480227157142856e-05
YuJ_2015,920,UniRef90_A0A0P0M2Y9,1156,0.0241419070585,9,0.9545829892650702,1.9935513673410405e-05
YuJ_2015,921,UniRef90_A0A396EYX8,1156,0.023962910365999998,9,0.9545829892650702,1.9787704678777866e-05
YuJ_2015,922,UniRef90_A5ZJL8,1156,0.02235242615,9,0.9545829892650702,1.8457825061932288e-05
YuJ_2015,923,UniRef90_A0A3E5EGA0,1156,0.0212660733346,9,0.9545829892650702,1.7560754198678778e-05
YuJ_2015,924,UniRef90_A0A174H8K5,1156,0.0209717159959999,9,0.9545829892650702,1.731768455491321e-05
YuJ_2015,925,UniRef90_R7E8Y2,1156,0.02024935008,9,0.9545829892650702,1.6721180908340213e-05
YuJ_2015,926,UniRef90_U2DZN0,1156,0.018123077664000002,9,0.9545829892650702,1.496538205119736e-05
YuJ_2015,927,UniRef90_E6SPK9,1156,0.0171607281006,9,0.9545829892650702,1.4170708588439308e-05
YuJ_2015,928,UniRef90_E6SVY1,1156,0.0159343914335,9,0.9545829892650702,1.3158044123451691e-05
YuJ_2015,929,UniRef90_A0A3E4WBS7,1156,0.0149425002944,9,0.9545829892650702,1.2338976295953757e-05
YuJ_2015,930,UniRef90_B5CM70,1156,0.01455061759738,9,0.9545829892650702,1.2015373738546656e-05
YuJ_2015,931,UniRef90_C0FQS4,1156,0.0143547953542,9,0.9545829892650702,1.1853670812716762e-05
YuJ_2015,932,UniRef90_D4WH19,1156,0.01388808931,9,0.9545829892650702,1.1468281841453344e-05
YuJ_2015,933,UniRef90_A0A2A7AHW3,1156,0.013750245699,9,0.9545829892650702,1.13544555730801e-05
YuJ_2015,934,UniRef90_A0A174KMD6,1156,0.0129673066329999,9,0.9545829892650702,1.0707932810074237e-05
YuJ_2015,935,UniRef90_D4MQQ2,1156,0.0121212724382,9,0.9545829892650702,1.0009308371758877e-05
YuJ_2015,936,UniRef90_C5EWQ8,1156,0.0113705395458,9,0.9545829892650702,9.38938030206441e-06
YuJ_2015,937,UniRef90_A7B542,1156,0.009726592837,9,0.9545829892650702,8.03186856895128e-06
YuJ_2015,938,UniRef90_A0A173VRE8,1156,0.0081724439373,9,0.9545829892650702,6.748508618744839e-06
YuJ_2015,939,UniRef90_G9YL28,1156,0.0080592490642,9,0.9545829892650702,6.655036386622626e-06
YuJ_2015,940,UniRef90_C5EWP7,1156,0.0046409314029,9,0.9545829892650702,3.832313297192403e-06
YuJ_2015,941,UniRef90_A0A292RKG4,1156,0.0019116661933,9,0.9545829892650702,1.578584800412882e-06
YuJ_2015,942,UniRef90_E6ST13,1155,0.1066527093293001,9,0.953757225433526,8.806994990033039e-05
YuJ_2015,943,UniRef90_A0A3E4JIY8,1155,0.040523925259,9,0.953757225433526,3.346319179108175e-05
YuJ_2015,944,UniRef90_A6KYS7,1155,0.039118201473000005,9,0.953757225433526,3.2302395931461604e-05
YuJ_2015,945,UniRef90_D0TLK8,1155,0.0309030939838,9,0.953757225433526,2.5518657294632536e-05
YuJ_2015,946,UniRef90_A5ZYV6,1155,0.0261985730939999,9,0.953757225433526,2.1633834099091578e-05
YuJ_2015,947,UniRef90_A0A396FMH1,1155,0.0184658833825,9,0.953757225433526,1.5248458614781172e-05
YuJ_2015,948,UniRef90_C4ZBU3,1155,0.0183926992008,9,0.953757225433526,1.5188025764492156e-05
YuJ_2015,949,UniRef90_G5SS34,1155,0.017412716649,9,0.953757225433526,1.4378791617671347e-05
YuJ_2015,950,UniRef90_A0A174MWG0,1155,0.016124976136000002,9,0.953757225433526,1.3315422077621803e-05
YuJ_2015,951,UniRef90_E5CB79,1155,0.016085596091599902,9,0.953757225433526,1.3282903461271596e-05
YuJ_2015,952,UniRef90_A0A174FJF4,1155,0.015234850513300001,9,0.953757225433526,1.2580388532865401e-05
YuJ_2015,953,UniRef90_Q9RQ15,1155,0.0149040800599,9,0.953757225433526,1.2307250255904211e-05
YuJ_2015,954,UniRef90_A0A174FN26,1155,0.014609264012600001,9,0.953757225433526,1.2063801827085054e-05
YuJ_2015,955,UniRef90_C4Z9Z8,1155,0.013743740450200001,9,0.953757225433526,1.1349083773905863e-05
YuJ_2015,956,UniRef90_A0A0M6WYS7,1155,0.0129748912832,9,0.953757225433526,1.0714195939884393e-05
YuJ_2015,957,UniRef90_Q8A4A2,1155,0.0117657692131,9,0.953757225433526,9.715746666473988e-06
YuJ_2015,958,UniRef90_A0A367FUA1,1155,0.0114771529419,9,0.953757225433526,9.477417788521883e-06
YuJ_2015,959,UniRef90_A7AZM9,1155,0.0114517672006,9,0.953757225433526,9.456455161519405e-06
YuJ_2015,960,UniRef90_A0A081DUL1,1155,0.0089393735588,9,0.953757225433526,7.381811361519405e-06
YuJ_2015,961,UniRef90_A0A174AYK4,1155,0.0085987996925,9,0.953757225433526,7.1005777807597035e-06
YuJ_2015,962,UniRef90_D1KAJ0,1154,0.06547014636370001,9,0.9529314616019818,5.406287891304708e-05
YuJ_2015,963,UniRef90_A0A0P0M1Z2,1154,0.0241981830195,9,0.9529314616019818,1.9981984326589595e-05
YuJ_2015,964,UniRef90_A0A0P0L0E5,1154,0.0219046271559,9,0.9529314616019818,1.8088048848802645e-05
YuJ_2015,965,UniRef90_A7AFT2,1154,0.020466863733400002,9,0.9529314616019818,1.6900795816184972e-05
YuJ_2015,966,UniRef90_A0A3E2TPS1,1154,0.0200582261847,9,0.9529314616019818,1.6563357708257638e-05
YuJ_2015,967,UniRef90_A5ZAM4,1154,0.0200096579135,9,0.9529314616019818,1.652325178654005e-05
YuJ_2015,968,UniRef90_Q5LG55,1154,0.0174304765568,9,0.9529314616019818,1.4393457107184145e-05
YuJ_2015,969,UniRef90_C9KSE2,1154,0.0172097716407,9,0.9529314616019818,1.4211206970024772e-05
YuJ_2015,970,UniRef90_A0A173T960,1154,0.0157780026299,9,0.9529314616019818,1.3028903905780347e-05
YuJ_2015,971,UniRef90_D4CBB3,1154,0.0125195352563,9,0.9529314616019818,1.0338179402394716e-05
YuJ_2015,972,UniRef90_A0A0M6WL63,1154,0.0096416371602,9,0.9529314616019818,7.961715243765484e-06
YuJ_2015,973,UniRef90_A0A174LGV6,1154,0.0080962945335,9,0.9529314616019818,6.685627195293146e-06
YuJ_2015,974,UniRef90_A0A173U645,1154,0.0071222319744999995,9,0.9529314616019818,5.881281564409578e-06
YuJ_2015,975,UniRef90_C3QN54,1153,0.0495910264507,9,0.9521056977704376,4.095047601213873e-05
YuJ_2015,976,UniRef90_A0A076IVM9,1153,0.028019871958,9,0.9521056977704376,2.313779682741536e-05
YuJ_2015,977,UniRef90_D7GUX9,1153,0.026611974777000003,9,0.9521056977704376,2.1975206256812555e-05
YuJ_2015,978,UniRef90_A0A329U187,1153,0.0251911883942,9,0.9521056977704376,2.080197224954583e-05
YuJ_2015,979,UniRef90_E4VQT4,1153,0.0251171765582,9,0.9521056977704376,2.0740855952270852e-05
YuJ_2015,980,UniRef90_A0A3E4IFX0,1153,0.024083309822,9,0.9521056977704376,1.9887126194880264e-05
YuJ_2015,981,UniRef90_A0A174ARQ5,1153,0.024056995413800002,9,0.9521056977704376,1.9865396708340217e-05
YuJ_2015,982,UniRef90_R5MEZ1,1153,0.020314405031000002,9,0.9521056977704376,1.6774900933938895e-05
YuJ_2015,983,UniRef90_A6L7P5,1153,0.018378859813,9,0.9521056977704376,1.5176597698596203e-05
YuJ_2015,984,UniRef90_A0A3E4RQI8,1153,0.01836324987439,9,0.9521056977704376,1.5163707575879438e-05
YuJ_2015,985,UniRef90_F4XGS3,1153,0.018077037826,9,0.9521056977704376,1.4927364018166805e-05
YuJ_2015,986,UniRef90_D4M0W3,1153,0.0178165205467,9,0.9521056977704376,1.4712238271428572e-05
YuJ_2015,987,UniRef90_Q8A293,1153,0.016719843952,9,0.9521056977704376,1.3806642404624279e-05
YuJ_2015,988,UniRef90_A0A173TP98,1153,0.0159263559853,9,0.9521056977704376,1.3151408740957887e-05
YuJ_2015,989,UniRef90_U2PTN3,1153,0.0142175134206,9,0.9521056977704376,1.1740308357225434e-05
YuJ_2015,990,UniRef90_C5ERC1,1153,0.0138443342184,9,0.9521056977704376,1.1432150469364162e-05
YuJ_2015,991,UniRef90_F4XGQ5,1153,0.0137623872199,9,0.9521056977704376,1.1364481601899257e-05
YuJ_2015,992,UniRef90_A5Z5E6,1153,0.013274211431,9,0.9521056977704376,1.0961363691990092e-05
YuJ_2015,993,UniRef90_R5U546,1153,0.0129377303374,9,0.9521056977704376,1.0683509774896779e-05
YuJ_2015,994,UniRef90_U6RJK9,1153,0.012329593682300001,9,0.9521056977704376,1.0181332520478943e-05
YuJ_2015,995,UniRef90_A0A174T7I9,1153,0.011685286047,9,0.9521056977704376,9.649286578860447e-06
YuJ_2015,996,UniRef90_R5J3V8,1153,0.009379563805,9,0.9521056977704376,7.745304545829892e-06
YuJ_2015,997,UniRef90_Q5L883,1153,0.009352830625000001,9,0.9521056977704376,7.723229252683733e-06
YuJ_2015,998,UniRef90_A5ZNW4,1153,0.007775582505,9,0.9521056977704376,6.42079480181668e-06
YuJ_2015,999,UniRef90_A0A174GI01,1153,0.0073668385184,9,0.9521056977704376,6.083268801321222e-06
YuJ_2015,1000,UniRef90_D4JG11,1153,0.007310857009200001,9,0.9521056977704376,6.037041295788605e-06
YuJ_2015,1001,UniRef90_A0A173SLK3,1153,0.0049216424082,9,0.9521056977704376,4.064114292485549e-06
YuJ_2015,1002,UniRef90_D3ACI7,1153,0.0041418191966,9,0.9521056977704376,3.4201644893476466e-06
YuJ_2015,1003,UniRef90_A0A3A6HRZ2,1153,0.0036280637029000003,9,0.9521056977704376,2.995923784393064e-06
YuJ_2015,1004,UniRef90_C0B5S4,1153,0.0005131980315000001,9,0.9521056977704376,4.2378037283237e-07
YuJ_2015,1005,UniRef90_C7GI03,1152,0.027838763529,9,0.9512799339388934,2.298824403715937e-05
YuJ_2015,1006,UniRef90_A5KRK4,1152,0.0261424046783,9,0.9512799339388934,2.1587452252931463e-05
YuJ_2015,1007,UniRef90_A0A076J5N7,1152,0.021183013718,9,0.9512799339388934,1.749216657142857e-05
YuJ_2015,1008,UniRef90_B0MUR0,1152,0.0175267673929999,9,0.9512799339388934,1.4472970597027166e-05
YuJ_2015,1009,UniRef90_G2T376,1152,0.0159195008357,9,0.9512799339388934,1.314574800635838e-05
YuJ_2015,1010,UniRef90_A0A139K4H4,1152,0.014965790636700001,9,0.9512799339388934,1.2358208618249382e-05
YuJ_2015,1011,UniRef90_I9F216,1152,0.014439920967199999,9,0.9512799339388934,1.1923964465070188e-05
YuJ_2015,1012,UniRef90_R6KK61,1152,0.0143790842396,9,0.9512799339388934,1.1873727695788604e-05
YuJ_2015,1013,UniRef90_E7GQ64,1152,0.0142604282781,9,0.9512799339388934,1.1775745894384806e-05
YuJ_2015,1014,UniRef90_B0GA48,1152,0.01420944956,9,0.9512799339388934,1.173364951279934e-05
YuJ_2015,1015,UniRef90_A6KZW5,1152,0.0141109064383,9,0.9512799339388934,1.1652276167052024e-05
YuJ_2015,1016,UniRef90_D4JEF1,1152,0.013071362554,9,0.9512799339388934,1.0793858426094137e-05
YuJ_2015,1017,UniRef90_Q8A2B1,1152,0.012221843649,9,0.9512799339388934,1.009235644013212e-05
YuJ_2015,1018,UniRef90_D9QZM2,1152,0.0121824235337,9,0.9512799339388934,1.0059804734682081e-05
YuJ_2015,1019,UniRef90_C7H6R0,1152,0.0121504631952,9,0.9512799339388934,1.0033413043104873e-05
YuJ_2015,1020,UniRef90_R6J4W1,1152,0.0114949491734,9,0.9512799339388934,9.49211327283237e-06
YuJ_2015,1021,UniRef90_A7AYC2,1152,0.0075946021541,9,0.9512799339388934,6.271347773823286e-06
YuJ_2015,1022,UniRef90_A0A174HDG2,1152,0.0069354655888,9,0.9512799339388934,5.727056638150289e-06
YuJ_2015,1023,UniRef90_A0A0S2W734,1152,0.006492626842,9,0.9512799339388934,5.361376417836499e-06
YuJ_2015,1024,UniRef90_A0A173VE53,1152,0.00261093587113,9,0.9512799339388934,2.156016408860446e-06
YuJ_2015,1025,UniRef90_S0J749,1152,0.0021118806923,9,0.9512799339388934,1.7439146922378198e-06
YuJ_2015,1026,UniRef90_A0A175AB67,1151,0.072955044331,9,0.9504541701073493,6.024363693724195e-05
YuJ_2015,1027,UniRef90_D4JQL3,1151,0.037592760824599995,9,0.9504541701073493,3.104274221684558e-05
YuJ_2015,1028,UniRef90_A0A0P0M0G9,1151,0.028699406597,9,0.9504541701073493,2.3698931954582986e-05
YuJ_2015,1029,UniRef90_A0A1Y3ZEQ7,1151,0.026245401100999998,9,0.9504541701073493,2.1672502973575555e-05
YuJ_2015,1030,UniRef90_A0A016BL47,1151,0.0261335649207,9,0.9504541701073493,2.1580152700825763e-05
YuJ_2015,1031,UniRef90_A0A078PVF0,1151,0.0247729905111,9,0.9504541701073493,2.045663956325351e-05
YuJ_2015,1032,UniRef90_F3PGU7,1151,0.024681158962,9,0.9504541701073493,2.0380808391412056e-05
YuJ_2015,1033,UniRef90_A0A076J735,1151,0.023025900593,9,0.9504541701073493,1.901395589843105e-05
YuJ_2015,1034,UniRef90_A6L171,1151,0.022314428068499998,9,0.9504541701073493,1.8426447620561517e-05
YuJ_2015,1035,UniRef90_A0A174PPU0,1151,0.020763332465,9,0.9504541701073493,1.7145608971924028e-05
YuJ_2015,1036,UniRef90_R5DDM8,1151,0.017951439849999997,9,0.9504541701073493,1.4823649752270849e-05
YuJ_2015,1037,UniRef90_F7LNS5,1151,0.015817144398700002,9,0.9504541701073493,1.3061225762758053e-05
YuJ_2015,1038,UniRef90_D4JMB0,1151,0.0155066332201,9,0.9504541701073493,1.2804816862180016e-05
YuJ_2015,1039,UniRef90_R6JJ97,1151,0.0151538709663,9,0.9504541701073493,1.2513518551857968e-05
YuJ_2015,1040,UniRef90_R7N2R9,1151,0.0148941621566,9,0.9504541701073493,1.2299060410074318e-05
YuJ_2015,1041,UniRef90_A0A396FKF2,1151,0.0147526091412,9,0.9504541701073493,1.2182171049710982e-05
YuJ_2015,1042,UniRef90_Q5LD82,1151,0.014227149001,9,0.9504541701073493,1.174826507101569e-05
YuJ_2015,1043,UniRef90_A0A174PVT9,1151,0.0139361040525,9,0.9504541701073493,1.1507930679190752e-05
YuJ_2015,1044,UniRef90_D4JEF3,1151,0.0134274708963,9,0.9504541701073493,1.1087919815276631e-05
YuJ_2015,1045,UniRef90_A0A329TP94,1151,0.013350099621600001,9,0.9504541701073493,1.1024029415028903e-05
YuJ_2015,1046,UniRef90_A0A139K6B1,1151,0.013255946526699999,9,0.9504541701073493,1.0946281194632534e-05
YuJ_2015,1047,UniRef90_F7V8I3,1151,0.012901065888,9,0.9504541701073493,1.0653233598678778e-05
YuJ_2015,1048,UniRef90_F7V2H7,1151,0.012409334135,9,0.9504541701073493,1.0247179302229562e-05
YuJ_2015,1049,UniRef90_I9RLL3,1151,0.0109528056816,9,0.9504541701073493,9.044430785796863e-06
YuJ_2015,1050,UniRef90_A0A175A4P5,1151,0.0097241255386,9,0.9504541701073493,8.029831163170933e-06
YuJ_2015,1051,UniRef90_R6V5M5,1151,0.009683859305800001,9,0.9504541701073493,7.996580764492156e-06
YuJ_2015,1052,UniRef90_Q64MP7,1151,0.0096787392101,9,0.9504541701073493,7.99235277464905e-06
YuJ_2015,1053,UniRef90_A0A015YD63,1151,0.0080524669786999,9,0.9504541701073493,6.649435985714204e-06
YuJ_2015,1054,UniRef90_A0A077ZLM0,1151,0.0068259712192,9,0.9504541701073493,5.6366401479768784e-06
YuJ_2015,1055,UniRef90_J7SHX6,1150,0.1026649592053,9,0.9496284062758051,8.477701007869529e-05
YuJ_2015,1056,UniRef90_C3R328,1150,0.0383756660425,9,0.9496284062758051,3.1689237029314614e-05
YuJ_2015,1057,UniRef90_G2SWG8,1150,0.030330631126000002,9,0.9496284062758051,2.504593817175888e-05
YuJ_2015,1058,UniRef90_A6BKX8,1150,0.027797921918799998,9,0.9496284062758051,2.2954518512634183e-05
YuJ_2015,1059,UniRef90_Q8AAP0,1150,0.022627751829000002,9,0.9496284062758051,1.868517904954583e-05
YuJ_2015,1060,UniRef90_C0BCE2,1150,0.022023311213,9,0.9496284062758051,1.8186053850536746e-05
YuJ_2015,1061,UniRef90_Q8A9V0,1150,0.018788371183000002,9,0.9496284062758051,1.551475737654831e-05
YuJ_2015,1062,UniRef90_R5CDC3,1150,0.0174440995438,9,0.9496284062758051,1.4404706477126342e-05
YuJ_2015,1063,UniRef90_A0A174GXS8,1150,0.0165091489709,9,0.9496284062758051,1.3632658109744014e-05
YuJ_2015,1064,UniRef90_A0A2A6ZB54,1150,0.0163960429445,9,0.9496284062758051,1.3539259244013211e-05
YuJ_2015,1065,UniRef90_R5R936,1150,0.0163861798561,9,0.9496284062758051,1.353111466234517e-05
YuJ_2015,1066,UniRef90_A0A174XP28,1150,0.016183738649600002,9,0.9496284062758051,1.3363946036003305e-05
YuJ_2015,1067,UniRef90_B0NZ62,1150,0.015359644367,9,0.9496284062758051,1.2683438783649877e-05
YuJ_2015,1068,UniRef90_F3AB87,1150,0.0149521587549,9,0.9496284062758051,1.2346951903303055e-05
YuJ_2015,1069,UniRef90_C0CL71,1150,0.0142520871921,9,0.9496284062758051,1.1768858127250205e-05
YuJ_2015,1070,UniRef90_C7H736,1150,0.0142189216201999,9,0.9496284062758051,1.1741471197522627e-05
YuJ_2015,1071,UniRef90_A7VCV5,1150,0.01402335452726,9,0.9496284062758051,1.1579978965532617e-05
YuJ_2015,1072,UniRef90_A0A173Y905,1150,0.01384958927,9,0.9496284062758051,1.143648990090834e-05
YuJ_2015,1073,UniRef90_A0A139LAQ7,1150,0.0134205661867,9,0.9496284062758051,1.1082218155821634e-05
YuJ_2015,1074,UniRef90_A7B028,1150,0.0117834012714,9,0.9496284062758051,9.730306582493808e-06
YuJ_2015,1075,UniRef90_A0A1E3U5G4,1150,0.0114308925365,9,0.9496284062758051,9.439217618909992e-06
YuJ_2015,1076,UniRef90_A0A396DYQ3,1150,0.010475612689599999,9,0.9496284062758051,8.65038207233691e-06
YuJ_2015,1077,UniRef90_Q64MT2,1150,0.009972096468399999,9,0.9496284062758051,8.234596588274153e-06
YuJ_2015,1078,UniRef90_E6MLD9,1150,0.0098181186642,9,0.9496284062758051,8.107447286705203e-06
YuJ_2015,1079,UniRef90_Q8A011,1150,0.0093519850106,9,0.9496284062758051,7.72253097489678e-06
YuJ_2015,1080,UniRef90_A0A3E2Y7W5,1150,0.009278213306,9,0.9496284062758051,7.661612969446739e-06
YuJ_2015,1081,UniRef90_W4PH70,1150,0.0089665637761,9,0.9496284062758051,7.404264059537573e-06
YuJ_2015,1082,UniRef90_F7R0D4,1150,0.0079315928903,9,0.9496284062758051,6.549622535342692e-06
YuJ_2015,1083,UniRef90_W8YEK8,1150,0.0077438950984,9,0.9496284062758051,6.394628487530966e-06
YuJ_2015,1084,UniRef90_Q5LI34,1149,0.0356230123488,9,0.9488026424442609,2.941619516829067e-05
YuJ_2015,1085,UniRef90_A0A139KBM3,1149,0.03396085144930001,9,0.9488026424442609,2.8043642815276637e-05
YuJ_2015,1086,UniRef90_A0A2A7BD22,1149,0.026466920747499997,9,0.9488026424442609,2.1855425885631706e-05
YuJ_2015,1087,UniRef90_B6W1I3,1149,0.025734710629,9,0.9488026424442609,2.1250793252683732e-05
YuJ_2015,1088,UniRef90_A0A1T4IYC5,1149,0.0246653969365,9,0.9488026424442609,2.036779268084228e-05
YuJ_2015,1089,UniRef90_A0A396GCE4,1149,0.0223276569920999,9,0.9488026424442609,1.8437371587200578e-05
YuJ_2015,1090,UniRef90_A0A3E4TMC8,1149,0.016647984584,9,0.9488026424442609,1.3747303537572253e-05
YuJ_2015,1091,UniRef90_A8RVT9,1149,0.0152810735408,9,0.9488026424442609,1.2618557837159373e-05
YuJ_2015,1092,UniRef90_A0A139LGH0,1149,0.0149501618191,9,0.9488026424442609,1.2345302905945499e-05
YuJ_2015,1093,UniRef90_U2E3Q3,1149,0.0138007971853,9,0.9488026424442609,1.1396199162097439e-05
YuJ_2015,1094,UniRef90_A0A174F2R6,1149,0.013676602808,9,0.9488026424442609,1.1293643937241948e-05
YuJ_2015,1095,UniRef90_K1FI91,1149,0.013570375872599901,9,0.9488026424442609,1.1205925576052768e-05
YuJ_2015,1096,UniRef90_A0A2A7A133,1149,0.0133944678925,9,0.9488026424442609,1.1060667128406275e-05
YuJ_2015,1097,UniRef90_A0A174QRB9,1149,0.013236950450100001,9,0.9488026424442609,1.0930594921635014e-05
YuJ_2015,1098,UniRef90_C9L7F6,1149,0.0099377796841,9,0.9488026424442609,8.20625902898431e-06
YuJ_2015,1099,UniRef90_A0A069CY06,1149,0.0094123510732,9,0.9488026424442609,7.772379086044591e-06
YuJ_2015,1100,UniRef90_Q5LG64,1149,0.0092022616133,9,0.9488026424442609,7.598894808670521e-06
YuJ_2015,1101,UniRef90_U2D4U5,1149,0.0066018465677,9,0.9488026424442609,5.451566117010735e-06
YuJ_2015,1102,UniRef90_A0A174WU36,1149,0.0055275348352,9,0.9488026424442609,4.5644383445086704e-06
YuJ_2015,1103,UniRef90_D9R3T4,1149,0.0047981476871,9,0.9488026424442609,3.962136818414534e-06
YuJ_2015,1104,UniRef90_F7KLS3,1149,0.00231750095971,9,0.9488026424442609,1.91370847209744e-06
YuJ_2015,1105,UniRef90_A6BIC0,1148,0.027816670861,9,0.9479768786127167,2.2970000710982656e-05
YuJ_2015,1106,UniRef90_A6L012,1148,0.026094243192,9,0.9479768786127167,2.154768223947151e-05
YuJ_2015,1107,UniRef90_A6BEX3,1148,0.0170870307783,9,0.9479768786127167,1.4109852005202313e-05
YuJ_2015,1108,UniRef90_F7KH42,1148,0.0159570672345,9,0.9479768786127167,1.3176768979768787e-05
YuJ_2015,1109,UniRef90_F3PXE5,1148,0.015180269502899999,9,0.9479768786127167,1.2535317508587943e-05
YuJ_2015,1110,UniRef90_H1AL83,1148,0.0150819654829,9,0.9479768786127167,1.2454141604376548e-05
YuJ_2015,1111,UniRef90_A0A174FVH6,1148,0.014384653682900001,9,0.9479768786127167,1.1878326740627581e-05
YuJ_2015,1112,UniRef90_A0A176UAD5,1148,0.014253185384,9,0.9479768786127167,1.176976497440132e-05
YuJ_2015,1113,UniRef90_C7H2T7,1148,0.014018368432300001,9,0.9479768786127167,1.1575861628654007e-05
YuJ_2015,1114,UniRef90_A0A396E540,1148,0.01399891438404,9,0.9479768786127167,1.1559797179223782e-05
YuJ_2015,1115,UniRef90_R6K8X7,1148,0.0118745814284,9,0.9479768786127167,9.805599858298926e-06
YuJ_2015,1116,UniRef90_Q8A2F4,1148,0.0086264480814,9,0.9479768786127167,7.12340882031379e-06
YuJ_2015,1117,UniRef90_R5DD49,1148,0.0064528090255,9,0.9479768786127167,5.328496305119736e-06
YuJ_2015,1118,UniRef90_A0A143WWX7,1148,0.0049158730469,9,0.9479768786127167,4.059350162592898e-06
YuJ_2015,1119,UniRef90_A7VSA4,1147,0.0599637256429,9,0.9471511147811725,4.9515875840545e-05
YuJ_2015,1120,UniRef90_R6KAH4,1147,0.026818129070000002,9,0.9471511147811725,2.2145441015689515e-05
YuJ_2015,1121,UniRef90_A0A173UNL4,1147,0.0240208161928,9,0.9471511147811725,1.983552121618497e-05
YuJ_2015,1122,UniRef90_D3AQT2,1147,0.023795419157699997,9,0.9471511147811725,1.9649396496862094e-05
YuJ_2015,1123,UniRef90_Q8A276,1147,0.022115992186,9,0.9471511147811725,1.826258644591247e-05
YuJ_2015,1124,UniRef90_C6JCC1,1147,0.0213879256414,9,0.9471511147811725,1.7661375426424444e-05
YuJ_2015,1125,UniRef90_A0A2M9V0X8,1147,0.0213564623013,9,0.9471511147811725,1.763539413815029e-05
YuJ_2015,1126,UniRef90_A0A174RDH8,1147,0.0191037222529,9,0.9471511147811725,1.5775162884310488e-05
YuJ_2015,1127,UniRef90_Q89Z59,1147,0.0175436600085,9,0.9471511147811725,1.4486919907927332e-05
YuJ_2015,1128,UniRef90_A0A174X753,1147,0.0171562112425,9,0.9471511147811725,1.416697873038811e-05
YuJ_2015,1129,UniRef90_R6LNI9,1147,0.0162700014388,9,0.9471511147811725,1.3435178727332782e-05
YuJ_2015,1130,UniRef90_C0BE66,1147,0.014930040086,9,0.9471511147811725,1.2328687106523535e-05
YuJ_2015,1131,UniRef90_D4L2I7,1147,0.0148021887091,9,0.9471511147811725,1.222311206366639e-05
YuJ_2015,1132,UniRef90_R8W662,1147,0.0128407140546,9,0.9471511147811725,1.0603397237489677e-05
YuJ_2015,1133,UniRef90_A0A1G6G227,1147,0.012204541462,9,0.9471511147811725,1.0078068919900908e-05
YuJ_2015,1134,UniRef90_D4M219,1147,0.0104972559704,9,0.9471511147811725,8.668254310817507e-06
YuJ_2015,1135,UniRef90_K1GB77,1147,0.010326346055,9,0.9471511147811725,8.52712308422791e-06
YuJ_2015,1136,UniRef90_C0FW27,1147,0.0097896335144,9,0.9471511147811725,8.083925280264245e-06
YuJ_2015,1137,UniRef90_A0A174M6D1,1147,0.0088885742915,9,0.9471511147811725,7.33986316391412e-06
YuJ_2015,1138,UniRef90_C4Z2R0,1147,0.0087210759375,9,0.9471511147811725,7.201549081337737e-06
YuJ_2015,1139,UniRef90_Q8A448,1147,0.0085510969548,9,0.9471511147811725,7.061186585301404e-06
YuJ_2015,1140,UniRef90_A0A173SXT0,1147,0.0072357565571,9,0.9471511147811725,5.975026058711808e-06
YuJ_2015,1141,UniRef90_A0A2A7BGS1,1147,0.0066036462014,9,0.9471511147811725,5.453052189430223e-06
YuJ_2015,1142,UniRef90_R5FW49,1147,0.0035178614882,9,0.9471511147811725,2.9049227813377373e-06
YuJ_2015,1143,UniRef90_UPI0009DE99A3,1147,0.002270590518,9,0.9471511147811725,1.8749715260115606e-06
YuJ_2015,1144,UniRef90_A0A174DC02,1146,0.035713296699,9,0.9463253509496284,2.94907487192403e-05
YuJ_2015,1145,UniRef90_B0G6W6,1146,0.0265857179931,9,0.9463253509496284,2.195352435433526e-05
YuJ_2015,1146,UniRef90_A0A016CI08,1146,0.020104933229099998,9,0.9463253509496284,1.6601926696201484e-05
YuJ_2015,1147,UniRef90_U2R7H4,1146,0.0195246914319,9,0.9463253509496284,1.6122784006523533e-05
YuJ_2015,1148,UniRef90_B5CXZ6,1146,0.019026930185999998,9,0.9463253509496284,1.5711750772914943e-05
YuJ_2015,1149,UniRef90_A0A329TZU2,1146,0.0175100730984,9,0.9463253509496284,1.4459185052353427e-05
YuJ_2015,1150,UniRef90_Q8A733,1146,0.017246777039,9,0.9463253509496284,1.4241764689512798e-05
YuJ_2015,1151,UniRef90_B3CC93,1146,0.016659472953,9,0.9463253509496284,1.3756790217175888e-05
YuJ_2015,1152,UniRef90_Q5L925,1146,0.0156955909541,9,0.9463253509496284,1.2960851324607761e-05
YuJ_2015,1153,UniRef90_Q5L7M0,1146,0.0144858998493,9,0.9463253509496284,1.1961932162923203e-05
YuJ_2015,1154,UniRef90_A0A329TLD1,1146,0.0143800117731,9,0.9463253509496284,1.187449361940545e-05
YuJ_2015,1155,UniRef90_B6FQE1,1146,0.0142735220601,9,0.9463253509496284,1.178655826597853e-05
YuJ_2015,1156,UniRef90_E8LCS8,1146,0.013769009724000001,9,0.9463253509496284,1.1369950226259291e-05
YuJ_2015,1157,UniRef90_A0A174D2X7,1146,0.0136861671379,9,0.9463253509496284,1.1301541814946325e-05
YuJ_2015,1158,UniRef90_R9HIX9,1146,0.0122071687219,9,0.9463253509496284,1.0080238416102395e-05
YuJ_2015,1159,UniRef90_A0A2A7A0J8,1146,0.0112311009896,9,0.9463253509496284,9.274236985631709e-06
YuJ_2015,1160,UniRef90_A0A173VFD7,1146,0.0107162023213,9,0.9463253509496284,8.849052288439306e-06
YuJ_2015,1161,UniRef90_Q8A7V7,1146,0.0104703807902,9,0.9463253509496284,8.646061759042114e-06
YuJ_2015,1162,UniRef90_A0A174Z481,1146,0.0093851324311,9,0.9463253509496284,7.749902915854666e-06
YuJ_2015,1163,UniRef90_B0NZ71,1146,0.009208650025,9,0.9463253509496284,7.604170127993395e-06
YuJ_2015,1164,UniRef90_A0A395ZZQ9,1146,0.008395780534900001,9,0.9463253509496284,6.932931903303056e-06
YuJ_2015,1165,UniRef90_A8RCH3,1146,0.0083205331917,9,0.9463253509496284,6.870795368868703e-06
YuJ_2015,1166,UniRef90_R6JIG2,1146,0.0075017753759999,9,0.9463253509496284,6.1946947778694465e-06
YuJ_2015,1167,UniRef90_A0A0S2W3X4,1146,0.0068940573428999995,9,0.9463253509496284,5.692863206358381e-06
YuJ_2015,1168,UniRef90_R5GA69,1146,0.0052553410311,9,0.9463253509496284,4.339670545912469e-06
YuJ_2015,1169,UniRef90_A0A3D2YDV6,1146,0.0002081529170100001,9,0.9463253509496284,1.7188515029727508e-07
YuJ_2015,1170,UniRef90_K6ADG5,1145,0.0226043244275,9,0.9454995871180842,1.8665833548720066e-05
YuJ_2015,1171,UniRef90_A0A395V4X9,1145,0.019374533957999998,9,0.9454995871180842,1.5998789395540873e-05
YuJ_2015,1172,UniRef90_A7AEL3,1145,0.018894011581999902,9,0.9454995871180842,1.5601991397192322e-05
YuJ_2015,1173,UniRef90_A0A381I6B5,1145,0.018369485833,9,0.9454995871180842,1.5168857004954582e-05
YuJ_2015,1174,UniRef90_A0A069DBZ5,1145,0.018330474213000002,9,0.9454995871180842,1.513664262014864e-05
YuJ_2015,1175,UniRef90_Q89YW6,1145,0.016516933671,9,0.9454995871180842,1.363908643352601e-05
YuJ_2015,1176,UniRef90_A0A139KSY9,1145,0.0157053356289,9,0.9454995871180842,1.296889812460776e-05
YuJ_2015,1177,UniRef90_F3PR87,1145,0.0134670256076,9,0.9454995871180842,1.1120582665235342e-05
YuJ_2015,1178,UniRef90_K5ZL89,1145,0.0133607034012,9,0.9454995871180842,1.1032785632700248e-05
YuJ_2015,1179,UniRef90_Q9XDI7,1145,0.0124615482592,9,0.9454995871180842,1.0290295837489678e-05
YuJ_2015,1180,UniRef90_I9SJ02,1145,0.0094758557055,9,0.9454995871180842,7.824818914533444e-06
YuJ_2015,1181,UniRef90_Q8A602,1145,0.0080158583106,9,0.9454995871180842,6.6192058716763e-06
YuJ_2015,1182,UniRef90_R6EJZ1,1145,0.0075656405378,9,0.9454995871180842,6.247432318579686e-06
YuJ_2015,1183,UniRef90_A0A1Y4MUD3,1145,0.007109237545000001,9,0.9454995871180842,5.870551234516929e-06
YuJ_2015,1184,UniRef90_A0A285PUH3,1145,0.0052030781109,9,0.9454995871180842,4.29651371668043e-06
YuJ_2015,1185,UniRef90_A0A174UIU3,1145,0.0048034759996,9,0.9454995871180842,3.966536746160198e-06
YuJ_2015,1186,UniRef90_A0A2A7A3Q8,1144,0.026925725592200002,9,0.94467382328654,2.2234290332122216e-05
YuJ_2015,1187,UniRef90_A0A0P0L6M5,1144,0.0235481083158,9,0.94467382328654,1.9445176148472335e-05
YuJ_2015,1188,UniRef90_A0A174MWS7,1144,0.0179143427739999,9,0.94467382328654,1.4793016328653921e-05
YuJ_2015,1189,UniRef90_A0A396EL10,1144,0.0176179965459999,9,0.94467382328654,1.4548304331956976e-05
YuJ_2015,1190,UniRef90_A0A173T603,1144,0.0163292158775,9,0.94467382328654,1.3484075869116433e-05
YuJ_2015,1191,UniRef90_Q64XR8,1144,0.0138483693397,9,0.94467382328654,1.1435482526589595e-05
YuJ_2015,1192,UniRef90_A0A174EZQ4,1144,0.01367704931,9,0.94467382328654,1.129401264244426e-05
YuJ_2015,1193,UniRef90_D4JBK8,1144,0.012402988557,9,0.94467382328654,1.024193935342692e-05
YuJ_2015,1194,UniRef90_A0A2A7A8I5,1144,0.0119965705033,9,0.94467382328654,9.906334024194881e-06
YuJ_2015,1195,UniRef90_A0A0K6BPE7,1144,0.0113936846851,9,0.94467382328654,9.408492720974402e-06
YuJ_2015,1196,UniRef90_A0A174XIH1,1144,0.0091947494967,9,0.94467382328654,7.592691574483897e-06
YuJ_2015,1197,UniRef90_A0A174ZI62,1144,0.0087103085278,9,0.94467382328654,7.192657743848059e-06
YuJ_2015,1198,UniRef90_B0MI66,1144,0.0084558617035,9,0.94467382328654,6.982544759289843e-06
YuJ_2015,1199,UniRef90_D4ML28,1144,0.008086221805400001,9,0.94467382328654,6.677309500743188e-06
YuJ_2015,1200,UniRef90_R6JJT9,1144,0.0075726447798999995,9,0.94467382328654,6.253216168373245e-06
YuJ_2015,1201,UniRef90_A0A096B8Q8,1144,0.0075024515982,9,0.94467382328654,6.195253177704377e-06
YuJ_2015,1202,UniRef90_A0A1L5KW01,1144,0.0072178141023,9,0.94467382328654,5.960209828488852e-06
YuJ_2015,1203,UniRef90_E7GME2,1144,0.004254992299,9,0.94467382328654,3.5136187440132124e-06
YuJ_2015,1204,UniRef90_A0A3F3K6N7,1144,0.0029693190657,9,0.94467382328654,2.451956288769612e-06
YuJ_2015,1205,UniRef90_A0A173VNX7,1143,0.0459620322803,9,0.9438480594549958,3.795378388133774e-05
YuJ_2015,1206,UniRef90_A7AE90,1143,0.0342775322704,9,0.9438480594549958,2.8305146383484724e-05
YuJ_2015,1207,UniRef90_E8LH06,1143,0.0218626067245,9,0.9438480594549958,1.805334989636664e-05
YuJ_2015,1208,UniRef90_A0A318N1V3,1143,0.0173464280768,9,0.9438480594549958,1.4324052912303882e-05
YuJ_2015,1209,UniRef90_A0A016BP93,1143,0.017262769103,9,0.9438480594549958,1.425497035755574e-05
YuJ_2015,1210,UniRef90_D4J494,1143,0.0166217216818,9,0.9438480594549958,1.3725616582824113e-05
YuJ_2015,1211,UniRef90_G2T0E6,1143,0.0160502907983,9,0.9438480594549958,1.3253749627002477e-05
YuJ_2015,1212,UniRef90_K0XH44,1143,0.0158859975095,9,0.9438480594549958,1.3118082171345995e-05
YuJ_2015,1213,UniRef90_E6SR13,1143,0.015495430121000001,9,0.9438480594549958,1.2795565748142033e-05
YuJ_2015,1214,UniRef90_C4ZBD3,1143,0.0149859749021,9,0.9438480594549958,1.237487605458299e-05
YuJ_2015,1215,UniRef90_R6K7C9,1143,0.014905653910999999,9,0.9438480594549958,1.2308549885218827e-05
YuJ_2015,1216,UniRef90_F3PGB6,1143,0.013494533905,9,0.9438480594549958,1.1143298022295623e-05
YuJ_2015,1217,UniRef90_R6DFW9,1143,0.011999537652899999,9,0.9438480594549958,9.90878418901734e-06
YuJ_2015,1218,UniRef90_U5FBZ1,1143,0.0094344370167,9,0.9438480594549958,7.790616859372418e-06
YuJ_2015,1219,UniRef90_R6JRX9,1143,0.009144369357799999,9,0.9438480594549958,7.551089477952105e-06
YuJ_2015,1220,UniRef90_C0C172,1143,0.0081134184713,9,0.9438480594549958,6.6997675237819984e-06
YuJ_2015,1221,UniRef90_R5UAL3,1143,0.007729852237,9,0.9438480594549958,6.383032400495459e-06
YuJ_2015,1222,UniRef90_U2DMW7,1143,0.0075073607677,9,0.9438480594549958,6.199306992320396e-06
YuJ_2015,1223,UniRef90_Q5LES4,1143,0.0066090024096,9,0.9438480594549958,5.457475152436003e-06
YuJ_2015,1224,UniRef90_R5LCI4,1143,0.0063674675251,9,0.9438480594549958,5.258024380759702e-06
YuJ_2015,1225,UniRef90_A0A086ZXH7,1143,0.0059148049703,9,0.9438480594549958,4.884232015111478e-06
YuJ_2015,1226,UniRef90_G1VJV9,1143,0.0058592954576,9,0.9438480594549958,4.838394267217176e-06
YuJ_2015,1227,UniRef90_UPI000931B22C,1143,0.0051016143957,9,0.9438480594549958,4.21272865045417e-06
YuJ_2015,1228,UniRef90_V8C6H4,1143,0.0047192756353,9,0.9438480594549958,3.897007130718415e-06
YuJ_2015,1229,UniRef90_J6HNG2,1143,0.004477663705499999,9,0.9438480594549958,3.697492737819983e-06
YuJ_2015,1230,UniRef90_C7GEU3,1143,0.00418071119239,9,0.9438480594549958,3.452280092807597e-06
YuJ_2015,1231,UniRef90_E7GGY5,1143,0.00056816156959,9,0.9438480594549958,4.6916727464079273e-07
YuJ_2015,1232,UniRef90_R7QWE6,1143,0.00027078129035,9,0.9438480594549958,2.2360139582989265e-07
YuJ_2015,1233,UniRef90_E2N7L9,1142,0.44260288594900005,9,0.9430222956234517,0.00036548545495375726
YuJ_2015,1234,UniRef90_A0A395UGL2,1142,0.0432029894663,9,0.9430222956234517,3.567546611585467e-05
YuJ_2015,1235,UniRef90_I3YIY6,1142,0.0398096321555,9,0.9430222956234517,3.2873354381090006e-05
YuJ_2015,1236,UniRef90_A0A396ABW1,1142,0.035811557779999996,9,0.9430222956234517,2.9571889165978526e-05
YuJ_2015,1237,UniRef90_R6CW89,1142,0.025234982766999998,9,0.9430222956234517,2.083813605862923e-05
YuJ_2015,1238,UniRef90_A0A3E2UG38,1142,0.0214425040098,9,0.9430222956234517,1.7706444269033857e-05
YuJ_2015,1239,UniRef90_A0A285PS72,1142,0.020117857811999998,9,0.9430222956234517,1.66125993492981e-05
YuJ_2015,1240,UniRef90_A0A3E4IFW9,1142,0.017734221664599998,9,0.9430222956234517,1.4644278831213871e-05
YuJ_2015,1241,UniRef90_A0A173T7G7,1142,0.0177171290897,9,0.9430222956234517,1.4630164401073493e-05
YuJ_2015,1242,UniRef90_D4LFQ1,1142,0.0160068139662,9,0.9430222956234517,1.3217848031544178e-05
YuJ_2015,1243,UniRef90_B7ARS8,1142,0.0157602554778,9,0.9430222956234517,1.3014248949463252e-05
YuJ_2015,1244,UniRef90_D4LFM2,1142,0.0143299973634,9,0.9430222956234517,1.1833193528819157e-05
YuJ_2015,1245,UniRef90_C9L7G1,1142,0.0130832314157,9,0.9430222956234517,1.0803659302807596e-05
YuJ_2015,1246,UniRef90_R7R1N4,1142,0.013017815621899999,9,0.9430222956234517,1.0749641306275804e-05
YuJ_2015,1247,UniRef90_Q8ABD1,1142,0.0122481635859,9,0.9430222956234517,1.0114090492072667e-05
YuJ_2015,1248,UniRef90_A0A176UAE5,1142,0.0116243374442,9,0.9430222956234517,9.598957427085054e-06
YuJ_2015,1249,UniRef90_Q5LHC9,1142,0.0115177561943,9,0.9430222956234517,9.510946485796863e-06
YuJ_2015,1250,UniRef90_A0A174ZW36,1142,0.0114724176048,9,0.9430222956234517,9.473507518414534e-06
YuJ_2015,1251,UniRef90_A0A2A7ACC7,1142,0.0107357584808,9,0.9430222956234517,8.865201057638316e-06
YuJ_2015,1252,UniRef90_A0A0D8J3P3,1142,0.0106505696139,9,0.9430222956234517,8.794855172502064e-06
YuJ_2015,1253,UniRef90_D4M5W4,1142,0.0106055182505,9,0.9430222956234517,8.757653386044592e-06
YuJ_2015,1254,UniRef90_C5ER99,1142,0.0103315175775,9,0.9430222956234517,8.531393540462427e-06
YuJ_2015,1255,UniRef90_A0A0K9NB76,1142,0.0101059074541,9,0.9430222956234517,8.345092860528488e-06
YuJ_2015,1256,UniRef90_F3PIA3,1142,0.008307557057,9,0.9430222956234517,6.860080146160199e-06
YuJ_2015,1257,UniRef90_I8XU31,1142,0.0080812660968,9,0.9430222956234517,6.673217255821635e-06
YuJ_2015,1258,UniRef90_A0A2N5NP30,1142,0.0079334101408,9,0.9430222956234517,6.551123155078448e-06
YuJ_2015,1259,UniRef90_R6GP05,1142,0.0064274987198,9,0.9430222956234517,5.30759597010735e-06
YuJ_2015,1260,UniRef90_K5BRS5,1142,0.0061040682328000005,9,0.9430222956234517,5.04051877192403e-06
YuJ_2015,1261,UniRef90_T0NDH0,1142,0.0060979885258,9,0.9430222956234517,5.035498369777044e-06
YuJ_2015,1262,UniRef90_F4XHR2,1142,0.0058690139415999995,9,0.9430222956234517,4.846419439801816e-06
YuJ_2015,1263,UniRef90_A0A373ZU51,1142,0.0057155832017,9,0.9430222956234517,4.719721884145335e-06
YuJ_2015,1264,UniRef90_A0A329U2X5,1142,0.00409773339177,9,0.9430222956234517,3.3837600262345173e-06
YuJ_2015,1265,UniRef90_E2N7L5,1141,0.411174116659,9,0.9421965317919075,0.0003395327140041288
YuJ_2015,1266,UniRef90_A0A396E773,1141,0.06678035067100001,9,0.9421965317919075,5.514479824194881e-05
YuJ_2015,1267,UniRef90_A0A3E5G3Y1,1141,0.0643011771133,9,0.9421965317919075,5.309758638587943e-05
YuJ_2015,1268,UniRef90_B8QUG6,1141,0.0404649518973,9,0.9421965317919075,3.341449372196532e-05
YuJ_2015,1269,UniRef90_A0A3E4IG89,1141,0.038111658619999995,9,0.9421965317919075,3.147122924855491e-05
YuJ_2015,1270,UniRef90_A0A174N272,1141,0.024953503059,9,0.9421965317919075,2.0605700296449217e-05
YuJ_2015,1271,UniRef90_C4ZD95,1141,0.0248074605839,9,0.9421965317919075,2.0485103702642446e-05
YuJ_2015,1272,UniRef90_R6J5Q7,1141,0.0182694066902,9,0.9421965317919075,1.5086215268538398e-05
YuJ_2015,1273,UniRef90_A0A2N5NPS1,1141,0.0117384456101,9,0.9421965317919075,9.693183823369116e-06
YuJ_2015,1274,UniRef90_U2BT73,1141,0.0113815631839,9,0.9421965317919075,9.398483223699423e-06
YuJ_2015,1275,UniRef90_A5KRF0,1141,0.0111461583829,9,0.9421965317919075,9.204094453261768e-06
YuJ_2015,1276,UniRef90_Q8A9J0,1141,0.0102864093087,9,0.9421965317919075,8.494144763583814e-06
YuJ_2015,1277,UniRef90_A0A174XCS7,1141,0.00933050369,9,0.9421965317919075,7.704792477291495e-06
YuJ_2015,1278,UniRef90_I8XT52,1141,0.0089771645911,9,0.9421965317919075,7.413017829149463e-06
YuJ_2015,1279,UniRef90_Q8A756,1141,0.008184664809799999,9,0.9421965317919075,6.758600173245251e-06
YuJ_2015,1280,UniRef90_W4PLW4,1141,0.007978772864999999,9,0.9421965317919075,6.58858205202312e-06
YuJ_2015,1281,UniRef90_A0A0P0EVF9,1141,0.007919831085,9,0.9421965317919075,6.5399100619322875e-06
YuJ_2015,1282,UniRef90_Q8A519,1141,0.0077313126680999995,9,0.9421965317919075,6.3842383716763e-06
YuJ_2015,1283,UniRef90_A0A174J0A9,1141,0.0068403340923,9,0.9421965317919075,5.6485004890999175e-06
YuJ_2015,1284,UniRef90_Q8A883,1141,0.0064167456298,9,0.9421965317919075,5.29871645730801e-06
YuJ_2015,1285,UniRef90_G5FA78,1141,0.0058172035172,9,0.9421965317919075,4.803636265235343e-06
YuJ_2015,1286,UniRef90_A0A2S9I3B8,1141,0.0049888675406,9,0.9421965317919075,4.119626375392238e-06
YuJ_2015,1287,UniRef90_A0A396F0F1,1140,0.050551408156000004,9,0.9413707679603633,4.1743524488852194e-05
YuJ_2015,1288,UniRef90_A6LH06,1140,0.0277775588232,9,0.9413707679603633,2.293770340478943e-05
YuJ_2015,1289,UniRef90_B7B4Y7,1140,0.024707464159999998,9,0.9413707679603633,2.040253027250206e-05
YuJ_2015,1290,UniRef90_F4XGR7,1140,0.016501220041500002,9,0.9413707679603633,1.3626110686622628e-05
YuJ_2015,1291,UniRef90_R5CHH0,1140,0.0162114453252,9,0.9413707679603633,1.338682520660611e-05
YuJ_2015,1292,UniRef90_A0A173T3I9,1140,0.0155057528213,9,0.9413707679603633,1.2804089860693642e-05
YuJ_2015,1293,UniRef90_V8CFS4,1140,0.0151421668649,9,0.9413707679603633,1.2503853728241122e-05
YuJ_2015,1294,UniRef90_A0A395WC15,1140,0.014727478512,9,0.9413707679603633,1.2161419085053675e-05
YuJ_2015,1295,UniRef90_A0A396ACA8,1140,0.0133656799306,9,0.9413707679603633,1.1036895070685385e-05
YuJ_2015,1296,UniRef90_A7V331,1140,0.0133073663226,9,0.9413707679603633,1.098874180231214e-05
YuJ_2015,1297,UniRef90_Q5L9E3,1140,0.0121748926687,9,0.9413707679603633,1.0053586018744839e-05
YuJ_2015,1298,UniRef90_R5S2S8,1140,0.0121107204423,9,0.9413707679603633,1.0000594915194055e-05
YuJ_2015,1299,UniRef90_Q8A245,1140,0.0106802465391,9,0.9413707679603633,8.819361303963666e-06
YuJ_2015,1300,UniRef90_A0A3E5EAC3,1140,0.010375996757,9,0.9413707679603633,8.56812283815029e-06
YuJ_2015,1301,UniRef90_A6P1V0,1140,0.0099273957745,9,0.9413707679603633,8.197684372006605e-06
YuJ_2015,1302,UniRef90_F3PJG6,1140,0.0094736686009,9,0.9413707679603633,7.823012882658959e-06
YuJ_2015,1303,UniRef90_R6JN61,1140,0.0090935151125,9,0.9413707679603633,7.509095881502891e-06
YuJ_2015,1304,UniRef90_Q8A137,1140,0.0081658838398,9,0.9413707679603633,6.743091527497935e-06
YuJ_2015,1305,UniRef90_Q8A2T6,1140,0.0069121124837,9,0.9413707679603633,5.707772488604459e-06
YuJ_2015,1306,UniRef90_Q8AAP2,1140,0.0065548220527,9,0.9413707679603633,5.412734973327828e-06
YuJ_2015,1307,UniRef90_D4M217,1140,0.00391464877641,9,0.9413707679603633,3.2325753727580515e-06
YuJ_2015,1308,UniRef90_C0C3G6,1140,0.0033429396506,9,0.9413707679603633,2.760478654500413e-06
YuJ_2015,1309,UniRef90_UPI0009C14AC7,1140,0.00252861904188,9,0.9413707679603633,2.088042148538398e-06
YuJ_2015,1310,UniRef90_R7GE19,1140,0.00035808268604,9,0.9413707679603633,2.9569173083402146e-07
YuJ_2015,1311,UniRef90_A0A3E2W7G5,1139,0.1497954897851,9,0.9405450041288191,0.000123695697592981
YuJ_2015,1312,UniRef90_A0A176U4K1,1139,0.038974797066500005,9,0.9405450041288191,3.218397775928985e-05
YuJ_2015,1313,UniRef90_A0A174E0F2,1139,0.0267420067775,9,0.9405450041288191,2.2082581979768786e-05
YuJ_2015,1314,UniRef90_A0A395VQC8,1139,0.025888541931,9,0.9405450041288191,2.137782157803468e-05
YuJ_2015,1315,UniRef90_A0A076IUR5,1139,0.025368859951,9,0.9405450041288191,2.094868699504542e-05
YuJ_2015,1316,UniRef90_C7H3J4,1139,0.0201061300754,9,0.9405450041288191,1.6602915008587943e-05
YuJ_2015,1317,UniRef90_D4LFS2,1139,0.0185684895599999,9,0.9405450041288191,1.5333187085053592e-05
YuJ_2015,1318,UniRef90_A6L585,1139,0.018154996354000003,9,0.9405450041288191,1.499173935094963e-05
YuJ_2015,1319,UniRef90_A0A173XFH4,1139,0.0164426979713,9,0.9405450041288191,1.3577785277704378e-05
YuJ_2015,1320,UniRef90_C4ZB99,1139,0.0163394998782,9,0.9405450041288191,1.3492568024938067e-05
YuJ_2015,1321,UniRef90_A0A174SJJ8,1139,0.0159259140735,9,0.9405450041288191,1.3151043826176713e-05
YuJ_2015,1322,UniRef90_A7VFZ9,1139,0.0154192376372,9,0.9405450041288191,1.2732648750784475e-05
YuJ_2015,1323,UniRef90_A0A076J838,1139,0.015398531681999998,9,0.9405450041288191,1.271555052188274e-05
YuJ_2015,1324,UniRef90_R5VAP6,1139,0.014240848666900001,9,0.9405450041288191,1.1759577759620149e-05
YuJ_2015,1325,UniRef90_C4Z954,1139,0.0139329581298,9,0.9405450041288191,1.1505332890008257e-05
YuJ_2015,1326,UniRef90_D4M3M3,1139,0.013614244084,9,0.9405450041288191,1.1242150358381504e-05
YuJ_2015,1327,UniRef90_D6DKS0,1139,0.013569469472,9,0.9405450041288191,1.120517710322048e-05
YuJ_2015,1328,UniRef90_A0A174VVK3,1139,0.0134067476538,9,0.9405450041288191,1.1070807311147812e-05
YuJ_2015,1329,UniRef90_B6VYU5,1139,0.013005058117,9,0.9405450041288191,1.0739106620148637e-05
YuJ_2015,1330,UniRef90_A0A0K6BWP1,1139,0.0128821725762,9,0.9405450041288191,1.0637632185136251e-05
YuJ_2015,1331,UniRef90_R5IPI6,1139,0.0125721053976,9,0.9405450041288191,1.0381589923699421e-05
YuJ_2015,1332,UniRef90_A0A180F5X8,1139,0.010016249207799999,9,0.9405450041288191,8.271056323534269e-06
YuJ_2015,1333,UniRef90_A0A1L5KJJ8,1139,0.008827692726,9,0.9405450041288191,7.289589369116433e-06
YuJ_2015,1334,UniRef90_A0A1E3UA98,1139,0.0081736317488,9,0.9405450041288191,6.749489470520231e-06
YuJ_2015,1335,UniRef90_W6P8M8,1139,0.0080464371762,9,0.9405450041288191,6.644456792898431e-06
YuJ_2015,1336,UniRef90_K1GFZ0,1139,0.0080347630579,9,0.9405450041288191,6.6348167282411224e-06
YuJ_2015,1337,UniRef90_R6VFX7,1139,0.0071453388537,9,0.9405450041288191,5.900362389512799e-06
YuJ_2015,1338,UniRef90_A0A396A1S7,1139,0.0068534646382999,9,0.9405450041288191,5.659343219075062e-06
YuJ_2015,1339,UniRef90_C4Z1I4,1139,0.0045579625376,9,0.9405450041288191,3.763800609083402e-06
YuJ_2015,1340,UniRef90_A7V4G3,1138,0.190505238611,9,0.9397192402972749,0.00015731233576465732
YuJ_2015,1341,UniRef90_A7V4G0,1138,0.058183998229,9,0.9397192402972749,4.804624131213873e-05
YuJ_2015,1342,UniRef90_A0A140JXE0,1138,0.0370333134469,9,0.9397192402972749,3.058077080668869e-05
YuJ_2015,1343,UniRef90_A0A174JH13,1138,0.028344405141999998,9,0.9397192402972749,2.340578459289843e-05
YuJ_2015,1344,UniRef90_B0P5G9,1138,0.0238377193633,9,0.9397192402972749,1.968432647671346e-05
YuJ_2015,1345,UniRef90_G1WU35,1138,0.0187518061534,9,0.9397192402972749,1.5484563297605286e-05
YuJ_2015,1346,UniRef90_I9GA39,1138,0.018727859654,9,0.9397192402972749,1.546478914450867e-05
YuJ_2015,1347,UniRef90_V8C7B4,1138,0.018050744623,9,0.9397192402972749,1.4905652042113955e-05
YuJ_2015,1348,UniRef90_E2ZJN6,1138,0.0169371344421,9,0.9397192402972749,1.3986073032287364e-05
YuJ_2015,1349,UniRef90_A8RVU7,1138,0.016397387915399998,9,0.9397192402972749,1.354036987233691e-05
YuJ_2015,1350,UniRef90_UPI000DE4AA75,1138,0.015373879391599898,9,0.9397192402972749,1.2695193552105613e-05
YuJ_2015,1351,UniRef90_A0A3E4IFW0,1138,0.015029875983399998,9,0.9397192402972749,1.2411127979686209e-05
YuJ_2015,1352,UniRef90_C0FQS1,1138,0.0139921702738,9,0.9397192402972749,1.1554228136911643e-05
YuJ_2015,1353,UniRef90_C4ZEQ8,1138,0.013124574391,9,0.9397192402972749,1.083779883649876e-05
YuJ_2015,1354,UniRef90_Q5LBZ8,1138,0.01192695852,9,0.9397192402972749,9.848850966143682e-06
YuJ_2015,1355,UniRef90_C5ERC2,1138,0.0108323303209999,9,0.9397192402972749,8.944946590421057e-06
YuJ_2015,1356,UniRef90_A0A174XLP9,1138,0.009591538418,9,0.9397192402972749,7.920345514450867e-06
YuJ_2015,1357,UniRef90_D9QZK9,1138,0.0095127371887,9,0.9397192402972749,7.855274309413709e-06
YuJ_2015,1358,UniRef90_R6JHC6,1138,0.008416935952,9,0.9397192402972749,6.950401281585467e-06
YuJ_2015,1359,UniRef90_E4VUQ7,1138,0.008174633714900001,9,0.9397192402972749,6.750316857886046e-06
YuJ_2015,1360,UniRef90_A0A139JTK6,1138,0.0080413330664,9,0.9397192402972749,6.640242003633361e-06
YuJ_2015,1361,UniRef90_R5JBY8,1138,0.007708717998,9,0.9397192402972749,6.365580510322047e-06
YuJ_2015,1362,UniRef90_A0A174LXZ3,1138,0.0075668970317,9,0.9397192402972749,6.248469885796862e-06
YuJ_2015,1363,UniRef90_A0A174MTR7,1138,0.00750956452,9,0.9397192402972749,6.201126771263419e-06
YuJ_2015,1364,UniRef90_A0A1Q6HGU0,1138,0.007401889479099999,9,0.9397192402972749,6.112212616928158e-06
YuJ_2015,1365,UniRef90_R6VCA7,1138,0.0073529014677,9,0.9397192402972749,6.0717600889347645e-06
YuJ_2015,1366,UniRef90_R7H386,1138,0.0064398628812,9,0.9397192402972749,5.317805847398844e-06
YuJ_2015,1367,UniRef90_C6IHF7,1138,0.0064218304103999995,9,0.9397192402972749,5.302915285218827e-06
YuJ_2015,1368,UniRef90_A0A3E4LN05,1138,0.00408758035353,9,0.9397192402972749,3.37537601447564e-06
YuJ_2015,1369,UniRef90_A0A396MKB4,1138,0.0031630710689000002,9,0.9397192402972749,2.611949685301404e-06
YuJ_2015,1370,UniRef90_A0A351UX12,1138,0.0005250661708,9,0.9397192402972749,4.33580653014038e-07
YuJ_2015,1371,UniRef90_A7ALY3,1137,0.0354461747214,9,0.9388934764657308,2.9270169051527662e-05
YuJ_2015,1372,UniRef90_E5UT40,1137,0.0277051469222,9,0.9388934764657308,2.287790827597027e-05
YuJ_2015,1373,UniRef90_A6KYJ5,1137,0.026087034536,9,0.9388934764657308,2.1541729592072666e-05
YuJ_2015,1374,UniRef90_A6L8S9,1137,0.022965373554,9,0.9388934764657308,1.8963974858794385e-05
YuJ_2015,1375,UniRef90_P10738,1137,0.022412430775,9,0.9388934764657308,1.8507374710982658e-05
YuJ_2015,1376,UniRef90_B0PDH4,1137,0.0202557698153,9,0.9388934764657308,1.6726482093559042e-05
YuJ_2015,1377,UniRef90_A0A329TPK5,1137,0.0186351769323,9,0.9388934764657308,1.5388255105119736e-05
YuJ_2015,1378,UniRef90_U2KW29,1137,0.01852724268592,9,0.9388934764657308,1.5299126908274153e-05
YuJ_2015,1379,UniRef90_A0A076ITW3,1137,0.0175223743019,9,0.9388934764657308,1.446934294128819e-05
YuJ_2015,1380,UniRef90_C7H6C0,1137,0.0167745707857,9,0.9388934764657308,1.3851833844508671e-05
YuJ_2015,1381,UniRef90_A0A396A2D2,1137,0.014754227377300002,9,0.9388934764657308,1.2183507330553263e-05
YuJ_2015,1382,UniRef90_A0A2A6ZIF3,1137,0.0119197386899,9,0.9388934764657308,9.842889091577208e-06
YuJ_2015,1383,UniRef90_D4JA34,1137,0.0114998856171,9,0.9388934764657308,9.496189609496283e-06
YuJ_2015,1384,UniRef90_A0A2X2UK29,1137,0.011341552204900001,9,0.9388934764657308,9.365443604376549e-06
YuJ_2015,1385,UniRef90_A0A133YAI6,1137,0.01119204348,9,0.9388934764657308,9.24198470685384e-06
YuJ_2015,1386,UniRef90_A0A158T0E6,1137,0.0104888993391,9,0.9388934764657308,8.661353706936416e-06
YuJ_2015,1387,UniRef90_A8RVW4,1137,0.010247640601,9,0.9388934764657308,8.462130966969447e-06
YuJ_2015,1388,UniRef90_A0A174XKF4,1137,0.0100089532471,9,0.9388934764657308,8.26503158307184e-06
YuJ_2015,1389,UniRef90_A0A1Y4DBS3,1137,0.0094453027791,9,0.9388934764657308,7.799589412964494e-06
YuJ_2015,1390,UniRef90_A0A174M8I9,1137,0.009209448648399999,9,0.9388934764657308,7.604829602312138e-06
YuJ_2015,1391,UniRef90_A0A395ZZS6,1137,0.00916387745191,9,0.9388934764657308,7.567198556490504e-06
YuJ_2015,1392,UniRef90_R5JK61,1137,0.0089808013545,9,0.9388934764657308,7.416020936829068e-06
YuJ_2015,1393,UniRef90_B0G4M0,1137,0.0088581165406,9,0.9388934764657308,7.3147122548307185e-06
YuJ_2015,1394,UniRef90_A0A1R7P295,1137,0.008045812093299999,9,0.9388934764657308,6.643940622047893e-06
YuJ_2015,1395,UniRef90_A5ZJX9,1137,0.0077299214141,9,0.9388934764657308,6.383089524442609e-06
YuJ_2015,1396,UniRef90_A0A173V552,1137,0.0077147537835000005,9,0.9388934764657308,6.370564643682907e-06
YuJ_2015,1397,UniRef90_A0A0P0FAE2,1137,0.007674293697,9,0.9388934764657308,6.337154167630057e-06
YuJ_2015,1398,UniRef90_F7V8Z5,1137,0.0070892712829,9,0.9388934764657308,5.854063817423616e-06
YuJ_2015,1399,UniRef90_Q8A251,1137,0.006975924210899999,9,0.9388934764657308,5.7604659049545826e-06
YuJ_2015,1400,UniRef90_A0A3E5GMU6,1137,0.0068907334227,9,0.9388934764657308,5.690118433278282e-06
YuJ_2015,1401,UniRef90_D4KAT9,1137,0.0066141817586,9,0.9388934764657308,5.461752071511147e-06
YuJ_2015,1402,UniRef90_A0A317FX43,1137,0.0027844680589,9,0.9388934764657308,2.299313013129645e-06
YuJ_2015,1403,UniRef90_A0A1X9I1X8,1137,0.00268306313719,9,0.9388934764657308,2.215576496440958e-06
YuJ_2015,1404,UniRef90_UPI000A2F3926,1137,0.0009737836418000001,9,0.9388934764657308,8.041153111478118e-07
YuJ_2015,1405,UniRef90_U2Z4S8,1136,0.0601035645248,9,0.9380677126341866,4.9631349731461605e-05
YuJ_2015,1406,UniRef90_E1YPF1,1136,0.044271317277000004,9,0.9380677126341866,3.65576525821635e-05
YuJ_2015,1407,UniRef90_U2AZI4,1136,0.0365372963278,9,0.9380677126341866,3.0171177809909164e-05
YuJ_2015,1408,UniRef90_B6W4E8,1136,0.0346700463437,9,0.9380677126341866,2.8629270308587945e-05
YuJ_2015,1409,UniRef90_A0A2A6ZA84,1136,0.0307060903834,9,0.9380677126341866,2.5355978846738233e-05
YuJ_2015,1410,UniRef90_A0A396ECZ7,1136,0.023189762267499997,9,0.9380677126341866,1.914926694260941e-05
YuJ_2015,1411,UniRef90_S0F753,1136,0.021657330719,9,0.9380677126341866,1.7883840395540875e-05
YuJ_2015,1412,UniRef90_R5W221,1136,0.018050052002699997,9,0.9380677126341866,1.490508010132122e-05
YuJ_2015,1413,UniRef90_A0A0P0LJL5,1136,0.017039755950000002,9,0.9380677126341866,1.4070814161849713e-05
YuJ_2015,1414,UniRef90_D4JT21,1136,0.016358776380399998,9,0.9380677126341866,1.3508485863253508e-05
YuJ_2015,1415,UniRef90_A0A396AK15,1136,0.0163160110848,9,0.9380677126341866,1.3473171828901733e-05
YuJ_2015,1416,UniRef90_R0BV64,1136,0.013989763648,9,0.9380677126341866,1.1552240832369942e-05
YuJ_2015,1417,UniRef90_Q5L9P3,1136,0.0135132254709,9,0.9380677126341866,1.1158732841370767e-05
YuJ_2015,1418,UniRef90_A0A139KHA8,1136,0.013495667805,9,0.9380677126341866,1.1144234355904212e-05
YuJ_2015,1419,UniRef90_R7PKN9,1136,0.0121441596985,9,0.9380677126341866,1.0028207843517755e-05
YuJ_2015,1420,UniRef90_A0A139K449,1136,0.0121389680769999,9,0.9380677126341866,1.0023920790255904e-05
YuJ_2015,1421,UniRef90_R6QJQ5,1136,0.0113792692513,9,0.9380677126341866,9.396588977126342e-06
YuJ_2015,1422,UniRef90_R5UQI8,1136,0.010702218587700001,9,0.9380677126341866,8.837505027002479e-06
YuJ_2015,1423,UniRef90_Q64ZS4,1136,0.010259465048999999,9,0.9380677126341866,8.471895168455821e-06
YuJ_2015,1424,UniRef90_Q8A6N7,1136,0.0101255825053,9,0.9380677126341866,8.361339806193229e-06
YuJ_2015,1425,UniRef90_D4ML18,1136,0.0100960431241,9,0.9380677126341866,8.336947253592073e-06
YuJ_2015,1426,UniRef90_A0A374P2G6,1136,0.010043169949,9,0.9380677126341866,8.29328649793559e-06
YuJ_2015,1427,UniRef90_A0A0K6BZ65,1136,0.009441380988900001,9,0.9380677126341866,7.796350940462428e-06
YuJ_2015,1428,UniRef90_E5VHU2,1136,0.009100654284,9,0.9380677126341866,7.514991151114781e-06
YuJ_2015,1429,UniRef90_D4LWI0,1136,0.008646665531,9,0.9380677126341866,7.140103658959538e-06
YuJ_2015,1430,UniRef90_D6D3P6,1136,0.0085814550254,9,0.9380677126341866,7.086255181998348e-06
YuJ_2015,1431,UniRef90_U2CMW0,1136,0.008132069284100001,9,0.9380677126341866,6.71516869042114e-06
YuJ_2015,1432,UniRef90_Q84F56,1136,0.008073802041999999,9,0.9380677126341866,6.66705370933113e-06
YuJ_2015,1433,UniRef90_R6E8V6,1136,0.0077297169781,9,0.9380677126341866,6.382920708587944e-06
YuJ_2015,1434,UniRef90_A0A139T3R5,1136,0.0075695671056998995,9,0.9380677126341866,6.250674736333526e-06
YuJ_2015,1435,UniRef90_R6J3N3,1136,0.0074472393344,9,0.9380677126341866,6.149660887200661e-06
YuJ_2015,1436,UniRef90_A0A139KQF5,1136,0.007023130132,9,0.9380677126341866,5.7994468472336914e-06
YuJ_2015,1437,UniRef90_A0A133YP09,1136,0.006455055429399999,9,0.9380677126341866,5.330351304211395e-06
YuJ_2015,1438,UniRef90_E6LJT6,1136,0.0061370586465,9,0.9380677126341866,5.06776106234517e-06
YuJ_2015,1439,UniRef90_B1C1N3,1136,0.0054125507802,9,0.9380677126341866,4.469488670685383e-06
YuJ_2015,1440,UniRef90_C6LJE9,1136,0.0049126783111,9,0.9380677126341866,4.056712065317919e-06
YuJ_2015,1441,UniRef90_A0A174RNU0,1136,0.0038610561853,9,0.9380677126341866,3.1883205493806773e-06
YuJ_2015,1442,UniRef90_R6EF19,1136,0.00024200068331,9,0.9380677126341866,1.998354114863749e-07
YuJ_2015,1443,UniRef90_A0A016JHV3,1135,0.0832537991323,9,0.9372419488026424,6.874797616209744e-05
YuJ_2015,1444,UniRef90_D4MYD8,1135,0.039800411791180004,9,0.9372419488026424,3.28657405377209e-05
YuJ_2015,1445,UniRef90_A0A120A0G9,1135,0.030735101948999997,9,0.9372419488026424,2.537993554830718e-05
YuJ_2015,1446,UniRef90_A6KYI2,1135,0.0256412243899,9,0.9372419488026424,2.117359569768786e-05
YuJ_2015,1447,UniRef90_R6Y9C3,1135,0.024792040621,9,0.9372419488026424,2.047237045499587e-05
YuJ_2015,1448,UniRef90_Q8A484,1135,0.024216457654,9,0.9372419488026424,1.9997074858794383e-05
YuJ_2015,1449,UniRef90_A6KXL0,1135,0.0190365009824,9,0.9372419488026424,1.571965399042114e-05
YuJ_2015,1450,UniRef90_A6L5I2,1135,0.018438410495,9,0.9372419488026424,1.5225772497935592e-05
YuJ_2015,1451,UniRef90_R6JHJ8,1135,0.0176345621067,9,0.9372419488026424,1.4561983572832369e-05
YuJ_2015,1452,UniRef90_F4XGR4,1135,0.017620866458,9,0.9372419488026424,1.4550674201486377e-05
YuJ_2015,1453,UniRef90_C9L7J1,1135,0.0170848741729,9,0.9372419488026424,1.410807115846408e-05
YuJ_2015,1454,UniRef90_A6L4U5,1135,0.0160225385417,9,0.9372419488026424,1.3230832817258465e-05
YuJ_2015,1455,UniRef90_F4XGN6,1135,0.015913317033699997,9,0.9372419488026424,1.314064164632535e-05
YuJ_2015,1456,UniRef90_A0A174HPN2,1135,0.015239026555999999,9,0.9372419488026424,1.2583836957886043e-05
YuJ_2015,1457,UniRef90_A0A136Q5S8,1135,0.0146480613343,9,0.9372419488026424,1.2095839252105698e-05
YuJ_2015,1458,UniRef90_D4LWP0,1135,0.0139454825385,9,0.9372419488026424,1.1515675093724194e-05
YuJ_2015,1459,UniRef90_B0GAD4,1135,0.0123418163204,9,0.9372419488026424,1.0191425532947977e-05
YuJ_2015,1460,UniRef90_A0A173W4W5,1135,0.0121038172781,9,0.9372419488026424,9.994894531874485e-06
YuJ_2015,1461,UniRef90_A0A396ADT9,1135,0.011536380932,9,0.9372419488026424,9.52632612056152e-06
YuJ_2015,1462,UniRef90_B0P2Y8,1135,0.011231263650999999,9,0.9372419488026424,9.274371305532617e-06
YuJ_2015,1463,UniRef90_F7M6E4,1135,0.0104969469944,9,0.9372419488026424,8.667999169611891e-06
YuJ_2015,1464,UniRef90_A0A174E3N9,1135,0.00951401211684,9,0.9372419488026424,7.856327098959537e-06
YuJ_2015,1465,UniRef90_R6MHE2,1135,0.008487088963,9,0.9372419488026424,7.008331100743187e-06
YuJ_2015,1466,UniRef90_Q5LIJ5,1135,0.0083150187102,9,0.9372419488026424,6.866241709496284e-06
YuJ_2015,1467,UniRef90_C9KZP5,1135,0.007981041772500001,9,0.9372419488026424,6.590455633773742e-06
YuJ_2015,1468,UniRef90_A0A3E4V167,1135,0.0077061816532,9,0.9372419488026424,6.363486088521882e-06
YuJ_2015,1469,UniRef90_D5Q4D4,1135,0.0075216288419,9,0.9372419488026424,6.211089051940545e-06
YuJ_2015,1470,UniRef90_A0A174ZPX3,1135,0.007452574947,9,0.9372419488026424,6.154066843104872e-06
YuJ_2015,1471,UniRef90_A0A174HCN0,1135,0.007306693818,9,0.9372419488026424,6.033603483071841e-06
YuJ_2015,1472,UniRef90_A0A0P0EV66,1135,0.0071829193274,9,0.9372419488026424,5.931394985466556e-06
YuJ_2015,1473,UniRef90_A5KQF4,1135,0.0069997032544000005,9,0.9372419488026424,5.780101779025599e-06
YuJ_2015,1474,UniRef90_A0A174XQ94,1135,0.006749477856,9,0.9372419488026424,5.5734746952931465e-06
YuJ_2015,1475,UniRef90_A0A125MEP7,1134,0.049901072604,9,0.9364161849710982,4.120650091164327e-05
YuJ_2015,1476,UniRef90_A7VSA5,1134,0.028377034981,9,0.9364161849710982,2.343272913377374e-05
YuJ_2015,1477,UniRef90_A6KXK3,1134,0.026913074705,9,0.9364161849710982,2.2223843687035508e-05
YuJ_2015,1478,UniRef90_U6RCV6,1134,0.0248222127311,9,0.9364161849710982,2.049728549223782e-05
YuJ_2015,1479,UniRef90_A6L0E8,1134,0.024615346838,9,0.9364161849710982,2.0326463119735756e-05
YuJ_2015,1480,UniRef90_B7ANN6,1134,0.023563099509,9,0.9364161849710982,1.9457555333608587e-05
YuJ_2015,1481,UniRef90_A0A173ZUR1,1134,0.0213924442474,9,0.9364161849710982,1.766510672782824e-05
YuJ_2015,1482,UniRef90_A0A174MZL4,1134,0.020338545957,9,0.9364161849710982,1.6794835637489677e-05
YuJ_2015,1483,UniRef90_R6YQA7,1134,0.020012468928,9,0.9364161849710982,1.6525573020644093e-05
YuJ_2015,1484,UniRef90_F4XGS0,1134,0.019065121626,9,0.9364161849710982,1.5743287882741535e-05
YuJ_2015,1485,UniRef90_A0A2A6ZB02,1134,0.018755010297,9,0.9364161849710982,1.548720916350124e-05
YuJ_2015,1486,UniRef90_R6CPE5,1134,0.018635627025,9,0.9364161849710982,1.5388626775392237e-05
YuJ_2015,1487,UniRef90_C0CKE3,1134,0.0182276956185,9,0.9364161849710982,1.5051771774153592e-05
YuJ_2015,1488,UniRef90_A0A2A7A419,1134,0.0180139631669999,9,0.9364161849710982,1.487527924607754e-05
YuJ_2015,1489,UniRef90_E1WKS3,1134,0.017678730372,9,0.9364161849710982,1.4598456128819158e-05
YuJ_2015,1490,UniRef90_A0A2A6ZAU5,1134,0.015941666229900002,9,0.9364161849710982,1.3164051387200662e-05
YuJ_2015,1491,UniRef90_E6SR39,1134,0.0150763646222,9,0.9364161849710982,1.2449516616184972e-05
YuJ_2015,1492,UniRef90_F4XGQ0,1134,0.0149316142569,9,0.9364161849710982,1.2329986999917424e-05
YuJ_2015,1493,UniRef90_F4XGQ3,1134,0.0144497170019,9,0.9364161849710982,1.1932053676218001e-05
YuJ_2015,1494,UniRef90_A0A395ZXE4,1134,0.014308177423,9,0.9364161849710982,1.1815175411230388e-05
YuJ_2015,1495,UniRef90_A5ZTH3,1134,0.013979816408299999,9,0.9364161849710982,1.1544026761601981e-05
YuJ_2015,1496,UniRef90_A0A395ZWL7,1134,0.013812494395,9,0.9364161849710982,1.1405858294797688e-05
YuJ_2015,1497,UniRef90_C0FXH0,1134,0.0137922084854,9,0.9364161849710982,1.1389106924360032e-05
YuJ_2015,1498,UniRef90_A0A3D6ASL7,1134,0.013661306199999999,9,0.9364161849710982,1.128101255161024e-05
YuJ_2015,1499,UniRef90_A5Z5F1,1134,0.012947984759000001,9,0.9364161849710982,1.0691977505367465e-05
YuJ_2015,1500,UniRef90_A0A174SEG5,1134,0.0128373679683,9,0.9364161849710982,1.0600634160445912e-05
YuJ_2015,1501,UniRef90_A0A3E2UBM5,1134,0.011234818090100001,9,0.9364161849710982,9.277306432782824e-06
YuJ_2015,1502,UniRef90_E8LH28,1134,0.010587399686600002,9,0.9364161849710982,8.742691731296451e-06
YuJ_2015,1503,UniRef90_A7VCU8,1134,0.0097757591252,9,0.9364161849710982,8.072468311478116e-06
YuJ_2015,1504,UniRef90_A0A139LFI4,1134,0.0093839471834,9,0.9364161849710982,7.748924181172585e-06
YuJ_2015,1505,UniRef90_F7L9J0,1134,0.0093707463015,9,0.9364161849710982,7.738023370355079e-06
YuJ_2015,1506,UniRef90_A0A139TCP8,1134,0.0092668548169,9,0.9364161849710982,7.65223353996697e-06
YuJ_2015,1507,UniRef90_R6JB78,1134,0.0086576240851,9,0.9364161849710982,7.149152836581337e-06
YuJ_2015,1508,UniRef90_C5ER76,1134,0.0082625801986,9,0.9364161849710982,6.822939883236994e-06
YuJ_2015,1509,UniRef90_K5D7J9,1134,0.0080497569046,9,0.9364161849710982,6.647198104541702e-06
YuJ_2015,1510,UniRef90_I9UMJ5,1134,0.0077441094079,9,0.9364161849710982,6.394805456564822e-06
YuJ_2015,1511,UniRef90_A0A0K6BQC8,1134,0.0076821343532,9,0.9364161849710982,6.34362869793559e-06
YuJ_2015,1512,UniRef90_A0A139L5M6,1134,0.0069706645208,9,0.9364161849710982,5.756122643104872e-06
YuJ_2015,1513,UniRef90_Q8A0M6,1134,0.0067914132343,9,0.9364161849710982,5.608103413955408e-06
YuJ_2015,1514,UniRef90_UPI000A310AE9,1134,0.0066436152161,9,0.9364161849710982,5.486057156151941e-06
YuJ_2015,1515,UniRef90_D7IXY2,1134,0.0064891693079,9,0.9364161849710982,5.358521311230388e-06
YuJ_2015,1516,UniRef90_Q8A5W4,1134,0.0061000171769,9,0.9364161849710982,5.037173556482246e-06
YuJ_2015,1517,UniRef90_C9KVB5,1134,0.0060713395365,9,0.9364161849710982,5.013492598265896e-06
YuJ_2015,1518,UniRef90_R5XHX7,1134,0.005093124752299999,9,0.9364161849710982,4.2057182099917414e-06
YuJ_2015,1519,UniRef90_B0NFF2,1134,0.0047019448657,9,0.9364161849710982,3.8826960080099095e-06
YuJ_2015,1520,UniRef90_R5HQ51,1134,0.0041786467145,9,0.9364161849710982,3.4505753216350128e-06
YuJ_2015,1521,UniRef90_A0A2N5P2T7,1133,0.032801627214,9,0.935590421139554,2.708639736911643e-05
YuJ_2015,1522,UniRef90_A6L1X1,1133,0.028806501028,9,0.935590421139554,2.3787366662262592e-05
YuJ_2015,1523,UniRef90_A0A0P0LFD2,1133,0.02033995093,9,0.935590421139554,1.6795995813377373e-05
YuJ_2015,1524,UniRef90_A7LT12,1133,0.0198831881252,9,0.935590421139554,1.641881760957886e-05
YuJ_2015,1525,UniRef90_B6VYI2,1133,0.0192499782494,9,0.935590421139554,1.5895935796366642e-05
YuJ_2015,1526,UniRef90_D4K0T9,1133,0.018679766132299998,9,0.935590421139554,1.5425075253757224e-05
YuJ_2015,1527,UniRef90_A0A0K6BYK2,1133,0.0162011162706,9,0.935590421139554,1.3378295846903385e-05
YuJ_2015,1528,UniRef90_C0FVR2,1133,0.0155152136265,9,0.935590421139554,1.2811902251445087e-05
YuJ_2015,1529,UniRef90_A0A1Y3V2S0,1133,0.015083514192800001,9,0.935590421139554,1.2455420472997524e-05
YuJ_2015,1530,UniRef90_D4L1G6,1133,0.01488642594987,9,0.935590421139554,1.2292672130363336e-05
YuJ_2015,1531,UniRef90_D4S2D0,1133,0.014592045306000001,9,0.935590421139554,1.2049583241948804e-05
YuJ_2015,1532,UniRef90_F4XGQ7,1133,0.014366303527,9,0.935590421139554,1.1863173845582162e-05
YuJ_2015,1533,UniRef90_Q8A473,1133,0.0140383227002,9,0.935590421139554,1.1592339141370767e-05
YuJ_2015,1534,UniRef90_Q64YB4,1133,0.0121650334403,9,0.935590421139554,1.0045444624525185e-05
YuJ_2015,1535,UniRef90_A0A174Q0V3,1133,0.012158023148,9,0.935590421139554,1.0039655778695293e-05
YuJ_2015,1536,UniRef90_R5JBH5,1133,0.0108910105481,9,0.935590421139554,8.993402599587118e-06
YuJ_2015,1537,UniRef90_R5RZY6,1133,0.009167673113000001,9,0.935590421139554,7.570332876135427e-06
YuJ_2015,1538,UniRef90_C7H2R2,1133,0.009117229829,9,0.935590421139554,7.528678636663914e-06
YuJ_2015,1539,UniRef90_Q5LDK8,1133,0.0079492658058,9,0.935590421139554,6.564216189760529e-06
YuJ_2015,1540,UniRef90_A0A0P0FEI0,1133,0.007851664718,9,0.935590421139554,6.48362074153592e-06
YuJ_2015,1541,UniRef90_C4ZB96,1133,0.0063829976075999995,9,0.935590421139554,5.270848561189099e-06
YuJ_2015,1542,UniRef90_Q8A9S8,1133,0.006287428841,9,0.935590421139554,5.1919313303055326e-06
YuJ_2015,1543,UniRef90_A0A174BUL0,1133,0.00290656903274,9,0.935590421139554,2.4001395811230387e-06
YuJ_2015,1544,UniRef90_A0A352T742,1133,0.00023132795226,9,0.935590421139554,1.9102225620148638e-07
YuJ_2015,1545,UniRef90_J7TNS4,1132,0.0430716185086,9,0.93476465730801,3.5566984730470686e-05
YuJ_2015,1546,UniRef90_S0F7Y5,1132,0.024119660552999998,9,0.93476465730801,1.9917143313790254e-05
YuJ_2015,1547,UniRef90_W4UWH2,1132,0.023440910574699998,9,0.93476465730801,1.935665613104872e-05
YuJ_2015,1548,UniRef90_F4XGQ2,1132,0.0229255208131,9,0.93476465730801,1.893106590677126e-05
YuJ_2015,1549,UniRef90_D1PNJ1,1132,0.0225963022059999,9,0.93476465730801,1.8659209088356647e-05
YuJ_2015,1550,UniRef90_K6A127,1132,0.0220699657632,9,0.93476465730801,1.822457949066887e-05
YuJ_2015,1551,UniRef90_R6CIY6,1132,0.022039988565,9,0.93476465730801,1.8199825404624278e-05
YuJ_2015,1552,UniRef90_A0A076IKJ6,1132,0.0210866656,9,0.93476465730801,1.741260578034682e-05
YuJ_2015,1553,UniRef90_A0A076J1F4,1132,0.020690663294,9,0.93476465730801,1.708560139884393e-05
YuJ_2015,1554,UniRef90_A6L3E7,1132,0.020161905105500002,9,0.93476465730801,1.6648972011147814e-05
YuJ_2015,1555,UniRef90_A0A076IZ41,1132,0.020003879679,9,0.93476465730801,1.651848032947977e-05
YuJ_2015,1556,UniRef90_R6ZMG2,1132,0.019701586242,9,0.93476465730801,1.626885734269199e-05
YuJ_2015,1557,UniRef90_A0A076IRH5,1132,0.019492082192700003,9,0.93476465730801,1.6095856476218002e-05
YuJ_2015,1558,UniRef90_A6L074,1132,0.0190965308528,9,0.93476465730801,1.5769224486209746e-05
YuJ_2015,1559,UniRef90_D4JBI5,1132,0.0171469092753,9,0.93476465730801,1.4159297502312139e-05
YuJ_2015,1560,UniRef90_A0A173VFV9,1132,0.01712037984,9,0.93476465730801,1.4137390454170109e-05
YuJ_2015,1561,UniRef90_F3PN06,1132,0.016360976212999902,9,0.93476465730801,1.351030240544996e-05
YuJ_2015,1562,UniRef90_A0A174IM38,1132,0.0157837502637,9,0.93476465730801,1.3033650093889347e-05
YuJ_2015,1563,UniRef90_A0A095XNF2,1132,0.0157066053956,9,0.93476465730801,1.296994665202312e-05
YuJ_2015,1564,UniRef90_B7AWN4,1132,0.0153824402595,9,0.93476465730801,1.2702262807184145e-05
YuJ_2015,1565,UniRef90_A6L5J9,1132,0.0151291789192,9,0.93476465730801,1.2493128752436003e-05
YuJ_2015,1566,UniRef90_R6A6S0,1132,0.0148025153477999,9,0.93476465730801,1.2223381790090751e-05
YuJ_2015,1567,UniRef90_A7V7L5,1132,0.013945106169700001,9,0.93476465730801,1.1515364301981835e-05
YuJ_2015,1568,UniRef90_C7H2N7,1132,0.012768843300099999,9,0.93476465730801,1.0544048967877787e-05
YuJ_2015,1569,UniRef90_H1AL91,1132,0.012768276878899901,9,0.93476465730801,1.0543581237737325e-05
YuJ_2015,1570,UniRef90_A0A374P2P0,1132,0.0112162727538,9,0.93476465730801,9.26199236482246e-06
YuJ_2015,1571,UniRef90_B9Y986,1132,0.011192213023,9,0.93476465730801,9.242124709331131e-06
YuJ_2015,1572,UniRef90_A7B154,1132,0.0104799041849,9,0.93476465730801,8.653925833938894e-06
YuJ_2015,1573,UniRef90_U2CRZ1,1132,0.0098004165502,9,0.93476465730801,8.09282952122213e-06
YuJ_2015,1574,UniRef90_D4M3U2,1132,0.0096768352903,9,0.93476465730801,7.990780586540048e-06
YuJ_2015,1575,UniRef90_A0A2A7ACZ7,1132,0.008563066361400001,9,0.93476465730801,7.071070488356731e-06
YuJ_2015,1576,UniRef90_A0A174CV89,1132,0.0084163628793,9,0.93476465730801,6.94992805887696e-06
YuJ_2015,1577,UniRef90_A0A174P957,1132,0.0083579457874,9,0.93476465730801,6.901689337241948e-06
YuJ_2015,1578,UniRef90_Q8A0U0,1132,0.0075443061530000004,9,0.93476465730801,6.229815155243601e-06
YuJ_2015,1579,UniRef90_R5U6R9,1132,0.0075092069311,9,0.93476465730801,6.200831487283237e-06
YuJ_2015,1580,UniRef90_R5MR56,1132,0.0071236031174,9,0.93476465730801,5.882413804624278e-06
YuJ_2015,1581,UniRef90_R6RZS6,1132,0.0070807173035,9,0.93476465730801,5.8470002506193225e-06
YuJ_2015,1582,UniRef90_R6JF82,1132,0.0068684537303,9,0.93476465730801,5.671720669116433e-06
YuJ_2015,1583,UniRef90_A0A0P0FKD2,1132,0.0065420335916,9,0.93476465730801,5.4021747246903386e-06
YuJ_2015,1584,UniRef90_R7GRF1,1132,0.0061729757028,9,0.93476465730801,5.097420068373245e-06
YuJ_2015,1585,UniRef90_R6K753,1132,0.0061140043668,9,0.93476465730801,5.048723672006606e-06
YuJ_2015,1586,UniRef90_D7GUT5,1132,0.0048078707588,9,0.93476465730801,3.970165779355904e-06
YuJ_2015,1587,UniRef90_D6DDN4,1132,0.0021194678417,9,0.93476465730801,1.750179885796862e-06
YuJ_2015,1588,UniRef90_A0A3E2ESS1,1132,0.0002456894143,9,0.93476465730801,2.0288143212221304e-07
YuJ_2015,1589,UniRef90_A0A140JXE1,1131,0.03945054913239,9,0.9339388934764657,3.257683660808423e-05
YuJ_2015,1590,UniRef90_D4IJC6,1131,0.034201871313,9,0.9339388934764657,2.8242668301403802e-05
YuJ_2015,1591,UniRef90_Q64RV1,1131,0.026546518553599997,9,0.9339388934764657,2.1921154874979353e-05
YuJ_2015,1592,UniRef90_S0F6E1,1131,0.023627043734,9,0.9339388934764657,1.951035816184971e-05
YuJ_2015,1593,UniRef90_A0A174DZC8,1131,0.018775064978,9,0.9339388934764657,1.5503769593724198e-05
YuJ_2015,1594,UniRef90_R7A7S8,1131,0.018052756056999998,9,0.9339388934764657,1.4907313011560693e-05
YuJ_2015,1595,UniRef90_A0A395X5I7,1131,0.0164045282259,9,0.9339388934764657,1.3546266082493807e-05
YuJ_2015,1596,UniRef90_Q8A487,1131,0.016138882974999998,9,0.9339388934764657,1.3326905842279107e-05
YuJ_2015,1597,UniRef90_G2SYN9,1131,0.015730903784,9,0.9339388934764657,1.2990011382328656e-05
YuJ_2015,1598,UniRef90_D4LFQ4,1131,0.0148707982787,9,0.9339388934764657,1.2279767364739884e-05
YuJ_2015,1599,UniRef90_D6DZU4,1131,0.0148491337194,9,0.9339388934764657,1.2261877555243601e-05
YuJ_2015,1600,UniRef90_A0A174V7J3,1131,0.013031349298,9,0.9339388934764657,1.0760816926507019e-05
YuJ_2015,1601,UniRef90_A0A139K7N6,1131,0.012533566166300001,9,0.9339388934764657,1.0349765620396368e-05
YuJ_2015,1602,UniRef90_Q5LCA5,1131,0.0119825349487,9,0.9339388934764657,9.894743970850537e-06
YuJ_2015,1603,UniRef90_A0A0M6WQV4,1131,0.0114704006926,9,0.9339388934764657,9.471842025268373e-06
YuJ_2015,1604,UniRef90_A0A069D6V6,1131,0.010641355862,9,0.9339388934764657,8.787246789430223e-06
YuJ_2015,1605,UniRef90_B0PI29,1131,0.010461296065999999,9,0.9339388934764657,8.638559922378198e-06
YuJ_2015,1606,UniRef90_A0A2A7BEA2,1131,0.0082774823486,9,0.9339388934764657,6.835245539719241e-06
YuJ_2015,1607,UniRef90_A0A0E2AWP1,1131,0.0077178137902999,9,0.9339388934764657,6.373091486622543e-06
YuJ_2015,1608,UniRef90_A0A149NGX3,1131,0.007659382001,9,0.9339388934764657,6.3248406284062755e-06
YuJ_2015,1609,UniRef90_A0A174BG28,1131,0.0074780952017,9,0.9339388934764657,6.1751405464079276e-06
YuJ_2015,1610,UniRef90_Q8A7Z7,1131,0.0072639946001,9,0.9339388934764657,5.998344013294798e-06
YuJ_2015,1611,UniRef90_A0A0P0F982,1131,0.0072201669018,9,0.9339388934764657,5.962152685218827e-06
YuJ_2015,1612,UniRef90_R6S019,1131,0.0071785910262,9,0.9339388934764657,5.927820830883568e-06
YuJ_2015,1613,UniRef90_A0A3E5CUU0,1131,0.006477083881,9,0.9339388934764657,5.348541602807597e-06
YuJ_2015,1614,UniRef90_A0A1G6GC65,1131,0.0063711210764,9,0.9339388934764657,5.261041351279933e-06
YuJ_2015,1615,UniRef90_R6J8N2,1131,0.0063661352394,9,0.9339388934764657,5.256924227415359e-06
YuJ_2015,1616,UniRef90_Q8A7Z6,1131,0.0063459560509,9,0.9339388934764657,5.240260983402147e-06
YuJ_2015,1617,UniRef90_A0A353MUX0,1131,0.0029451279582,9,0.9339388934764657,2.4319801471511148e-06
YuJ_2015,1618,UniRef90_R5IR36,1131,0.0018941416608999999,9,0.9339388934764657,1.5641136753922378e-06
YuJ_2015,1619,UniRef90_D4JD93,1130,0.027607248373,9,0.9331131296449215,2.2797067194880264e-05
YuJ_2015,1620,UniRef90_A0A3E2XRS1,1130,0.026642427058,9,0.9331131296449215,2.2000352649050372e-05
YuJ_2015,1621,UniRef90_S0F7I4,1130,0.024532463248,9,0.9331131296449215,2.0258020848885218e-05
YuJ_2015,1622,UniRef90_A6KXL2,1130,0.023239110606,9,0.9331131296449215,1.9190017015689514e-05
YuJ_2015,1623,UniRef90_A6KYI4,1130,0.0231879835518,9,0.9331131296449215,1.9147798143517754e-05
YuJ_2015,1624,UniRef90_A6KZ38,1130,0.0223949945025,9,0.9331131296449215,1.849297646779521e-05
YuJ_2015,1625,UniRef90_U2DV50,1130,0.0207126713913,9,0.9331131296449215,1.7103774889595376e-05
YuJ_2015,1626,UniRef90_A0A329TH38,1130,0.0188957804783999,9,0.9331131296449215,1.560345208786119e-05
YuJ_2015,1627,UniRef90_H1ALD3,1130,0.0183445340625,9,0.9331131296449215,1.5148252735342692e-05
YuJ_2015,1628,UniRef90_A0A0P0L628,1130,0.017149438035,9,0.9331131296449215,1.4161385660611064e-05
YuJ_2015,1629,UniRef90_E6SVL0,1130,0.0164522754066999,9,0.9331131296449215,1.3585693977456563e-05
YuJ_2015,1630,UniRef90_R5M766,1130,0.01477263757,9,0.9331131296449215,1.219870980181668e-05
YuJ_2015,1631,UniRef90_C0BDJ2,1130,0.012674429049,9,0.9331131296449215,1.0466085094137077e-05
YuJ_2015,1632,UniRef90_Q5LFT6,1130,0.012482609671099999,9,0.9331131296449215,1.0307687589677952e-05
YuJ_2015,1633,UniRef90_E5XEG2,1130,0.012464476116,9,0.9331131296449215,1.0292713555739058e-05
YuJ_2015,1634,UniRef90_A0A1E3AZP4,1130,0.010933580653,9,0.9331131296449215,9.028555452518579e-06
YuJ_2015,1635,UniRef90_D3AFY1,1130,0.01033513788882,9,0.9331131296449215,8.534383062609414e-06
YuJ_2015,1636,UniRef90_A0A173T5U8,1130,0.0101911501485,9,0.9331131296449215,8.415483194467382e-06
YuJ_2015,1637,UniRef90_A0A174TSL2,1130,0.00998521422,9,0.9331131296449215,8.245428753096615e-06
YuJ_2015,1638,UniRef90_A0A3E2U0M3,1130,0.0087831415899,9,0.9331131296449215,7.25280065227085e-06
YuJ_2015,1639,UniRef90_D4LN41,1130,0.0070500674358,9,0.9331131296449215,5.821690698431049e-06
YuJ_2015,1640,UniRef90_E5C9H3,1130,0.0069231522845,9,0.9331131296449215,5.716888756812552e-06
YuJ_2015,1641,UniRef90_R5REJ2,1130,0.0068386255869,9,0.9331131296449215,5.6470896671346e-06
YuJ_2015,1642,UniRef90_D4ML25,1130,0.006705019285899999,9,0.9331131296449215,5.5367624161023945e-06
YuJ_2015,1643,UniRef90_A0A1Y4VL05,1130,0.0065536567054,9,0.9331131296449215,5.411772671676301e-06
YuJ_2015,1644,UniRef90_A0A3E2TWX9,1130,0.0063659907812,9,0.9331131296449215,5.256804939058629e-06
YuJ_2015,1645,UniRef90_Q8A2N7,1130,0.0062812036418,9,0.9331131296449215,5.186790785962015e-06
YuJ_2015,1646,UniRef90_B5CRJ4,1130,0.0057129193104,9,0.9331131296449215,4.717522139058629e-06
YuJ_2015,1647,UniRef90_R5HFR6,1130,0.0056700096517,9,0.9331131296449215,4.682088894880264e-06
YuJ_2015,1648,UniRef90_A0A2A7B7W5,1130,0.005313532288,9,0.9331131296449215,4.3877227811725845e-06
YuJ_2015,1649,UniRef90_A0A316AJ69,1130,0.0051906389035,9,0.9331131296449215,4.286241869116432e-06
YuJ_2015,1650,UniRef90_A0A3A9BPA8,1130,0.0049927665973,9,0.9331131296449215,4.122846075392238e-06
YuJ_2015,1651,UniRef90_A7V130,1129,0.0365508998843,9,0.9322873658133773,3.0182411134847233e-05
YuJ_2015,1652,UniRef90_A0A3E4TBP1,1129,0.032991055639,9,0.9322873658133773,2.724282051114781e-05
YuJ_2015,1653,UniRef90_R5MR58,1129,0.024864783597,9,0.9322873658133773,2.0532438973575557e-05
YuJ_2015,1654,UniRef90_A6KWR4,1129,0.0234631383461,9,0.9322873658133773,1.9375011020726673e-05
YuJ_2015,1655,UniRef90_R6YYK5,1129,0.020686256386000003,9,0.9322873658133773,1.708196233360859e-05
YuJ_2015,1656,UniRef90_A0A076IP18,1129,0.020068813064,9,0.9322873658133773,1.65720999702725e-05
YuJ_2015,1657,UniRef90_A0A0K2HQB2,1129,0.020066837556,9,0.9322873658133773,1.6570468667217176e-05
YuJ_2015,1658,UniRef90_A6KZP0,1129,0.019996154328,9,0.9322873658133773,1.6512101014037986e-05
YuJ_2015,1659,UniRef90_A6L7Q8,1129,0.0186900802636,9,0.9322873658133773,1.5433592290338563e-05
YuJ_2015,1660,UniRef90_A0A0P0L8X9,1129,0.017126003003700003,9,0.9322873658133773,1.4142033859372421e-05
YuJ_2015,1661,UniRef90_A5ZN05,1129,0.0168603666837,9,0.9322873658133773,1.3922680993971925e-05
YuJ_2015,1662,UniRef90_C5ERB0,1129,0.0149245373392,9,0.9322873658133773,1.2324143137241949e-05
YuJ_2015,1663,UniRef90_E6SUB0,1129,0.0140776769334,9,0.9322873658133773,1.1624836443765483e-05
YuJ_2015,1664,UniRef90_V2YBM4,1129,0.013614656987799999,9,0.9322873658133773,1.124249131940545e-05
YuJ_2015,1665,UniRef90_C6JDK2,1129,0.0135001558288,9,0.9322873658133773,1.1147940403633361e-05
YuJ_2015,1666,UniRef90_A0A0K6BWB8,1129,0.0130693804337,9,0.9322873658133773,1.0792221662840627e-05
YuJ_2015,1667,UniRef90_B0P879,1129,0.012173907755499999,9,0.9322873658133773,1.0052772713047068e-05
YuJ_2015,1668,UniRef90_H1ALC6,1129,0.0112973399644,9,0.9322873658133773,9.328934735260117e-06
YuJ_2015,1669,UniRef90_A0A3E2VXJ0,1129,0.010868011793000001,9,0.9322873658133773,8.974411059454996e-06
YuJ_2015,1670,UniRef90_A0A0E2H733,1129,0.010356463700099999,9,0.9322873658133773,8.551993146242774e-06
YuJ_2015,1671,UniRef90_C4ZI84,1129,0.0102603651258,9,0.9322873658133773,8.472638419322873e-06
YuJ_2015,1672,UniRef90_D3AFU1,1129,0.0100759274139,9,0.9322873658133773,8.320336427663089e-06
YuJ_2015,1673,UniRef90_A0A2A7B7T6,1129,0.0097853494794,9,0.9322873658133773,8.080387679108175e-06
YuJ_2015,1674,UniRef90_A0A3E4V165,1129,0.0093606005218,9,0.9322873658133773,7.729645352436002e-06
YuJ_2015,1675,UniRef90_A5ZM74,1129,0.009018435917999999,9,0.9322873658133773,7.447098198183319e-06
YuJ_2015,1676,UniRef90_R7KZ69,1129,0.0086877242488,9,0.9322873658133773,7.1740084630883575e-06
YuJ_2015,1677,UniRef90_Q8A1F3,1129,0.0075558760687,9,0.9322873658133773,6.239369173162676e-06
YuJ_2015,1678,UniRef90_B6FQM2,1129,0.0065264093307,9,0.9322873658133773,5.389272775144508e-06
YuJ_2015,1679,UniRef90_R6D9C9,1129,0.0065226495122,9,0.9322873658133773,5.386168053014037e-06
YuJ_2015,1680,UniRef90_R6KC09,1129,0.006515463704700001,9,0.9322873658133773,5.3802342730800995e-06
YuJ_2015,1681,UniRef90_C9L0N2,1129,0.006476126418600001,9,0.9322873658133773,5.3477509649876144e-06
YuJ_2015,1682,UniRef90_A0A1H7TVK1,1129,0.0063655705567,9,0.9322873658133773,5.256457932865401e-06
YuJ_2015,1683,UniRef90_A0A0K6BS94,1129,0.0063003153988,9,0.9322873658133773,5.202572583649876e-06
YuJ_2015,1684,UniRef90_D6CWC8,1129,0.0060212873502,9,0.9322873658133773,4.972161313129645e-06
YuJ_2015,1685,UniRef90_A0A1L5KQG6,1129,0.0055191907611,9,0.9322873658133773,4.557548109909166e-06
YuJ_2015,1686,UniRef90_A0A3E3DIA9,1129,0.0041316306902,9,0.9322873658133773,3.4117511892650705e-06
YuJ_2015,1687,UniRef90_C0CVE1,1129,0.0036430053424000002,9,0.9322873658133773,3.0082620498761357e-06
YuJ_2015,1688,UniRef90_A0A352P4K7,1129,0.0002947520089,9,0.9322873658133773,2.4339554822460775e-07
YuJ_2015,1689,UniRef90_A0A3E2W8H8,1128,0.1058267949392,9,0.9314616019818331,8.738793966903385e-05
YuJ_2015,1690,UniRef90_A0A3E5ECT0,1128,0.04832661149999999,9,0.9314616019818331,3.990636787778694e-05
YuJ_2015,1691,UniRef90_A7VSA3,1128,0.0309705420846,9,0.9314616019818331,2.5574353496779523e-05
YuJ_2015,1692,UniRef90_C7H716,1128,0.0253688071145,9,0.9314616019818331,2.0948643364574733e-05
YuJ_2015,1693,UniRef90_A0A0K2Y5T8,1128,0.023831906747,9,0.9314616019818331,1.9679526628406274e-05
YuJ_2015,1694,UniRef90_A0A174LZM2,1128,0.023060450806,9,0.9314616019818331,1.9042486214698594e-05
YuJ_2015,1695,UniRef90_C3RAS0,1128,0.021728296122199998,9,0.9314616019818331,1.794244105879438e-05
YuJ_2015,1696,UniRef90_A0A076IWP2,1128,0.020960930755000003,9,0.9314616019818331,1.730877849298101e-05
YuJ_2015,1697,UniRef90_B0NL04,1128,0.020280642113900002,9,0.9314616019818331,1.674702073815029e-05
YuJ_2015,1698,UniRef90_A0A3E4Q9G5,1128,0.0181153744261,9,0.9314616019818331,1.4959020995953757e-05
YuJ_2015,1699,UniRef90_S0F522,1128,0.018014188478,9,0.9314616019818331,1.4875465299752273e-05
YuJ_2015,1700,UniRef90_D4V4N2,1128,0.01793358845,9,0.9314616019818331,1.4808908711808422e-05
YuJ_2015,1701,UniRef90_A0A174CBR2,1128,0.016721144767,9,0.9314616019818331,1.3807716570602807e-05
YuJ_2015,1702,UniRef90_D4LZV1,1128,0.015856091037,9,0.9314616019818331,1.3093386488026424e-05
YuJ_2015,1703,UniRef90_C7G920,1128,0.0158053267407,9,0.9314616019818331,1.3051467168208092e-05
YuJ_2015,1704,UniRef90_A0A0A2FLK3,1128,0.0145747778829999,9,0.9314616019818331,1.2035324428571345e-05
YuJ_2015,1705,UniRef90_A0A173RQY0,1128,0.0145005148873,9,0.9314616019818331,1.1974000732700248e-05
YuJ_2015,1706,UniRef90_G2T370,1128,0.0143571771388,9,0.9314616019818331,1.1855637604293972e-05
YuJ_2015,1707,UniRef90_A6KZL1,1128,0.0142798612176,9,0.9314616019818331,1.1791792912964492e-05
YuJ_2015,1708,UniRef90_D4M5W8,1128,0.013258267285,9,0.9314616019818331,1.0948197592898431e-05
YuJ_2015,1709,UniRef90_C4ZBT1,1128,0.0129677945784,9,0.9314616019818331,1.0708335737737406e-05
YuJ_2015,1710,UniRef90_K1FSS9,1128,0.0125325360297,9,0.9314616019818331,1.0348914970850536e-05
YuJ_2015,1711,UniRef90_C0B613,1128,0.0120042408864,9,0.9314616019818331,9.912667949132947e-06
YuJ_2015,1712,UniRef90_Q8AAB1,1128,0.0117674627835,9,0.9314616019818331,9.717145155656482e-06
YuJ_2015,1713,UniRef90_R6NI67,1128,0.011304918574,9,0.9314616019818331,9.33519287696119e-06
YuJ_2015,1714,UniRef90_D4L465,1128,0.011147279727000001,9,0.9314616019818331,9.205020418662264e-06
YuJ_2015,1715,UniRef90_A0A0J8Z099,1128,0.0106415979337,9,0.9314616019818331,8.787446683484723e-06
YuJ_2015,1716,UniRef90_D9QZL6,1128,0.0103539047058,9,0.9314616019818331,8.549880021304708e-06
YuJ_2015,1717,UniRef90_A0A0F0CGD5,1128,0.0101634573226,9,0.9314616019818331,8.392615460445912e-06
YuJ_2015,1718,UniRef90_A7B522,1128,0.009997329990399898,9,0.9314616019818331,8.255433518084144e-06
YuJ_2015,1719,UniRef90_B0MGK2,1128,0.009572437743400001,9,0.9314616019818331,7.904572868208094e-06
YuJ_2015,1720,UniRef90_A0A252F3H1,1128,0.009385877921199999,9,0.9314616019818331,7.75051851461602e-06
YuJ_2015,1721,UniRef90_R7KMK5,1128,0.0089373465387,9,0.9314616019818331,7.380137521635012e-06
YuJ_2015,1722,UniRef90_R6JN51,1128,0.0085731369051,9,0.9314616019818331,7.079386379108176e-06
YuJ_2015,1723,UniRef90_B0G8T0,1128,0.0085681333143,9,0.9314616019818331,7.0752545947976874e-06
YuJ_2015,1724,UniRef90_A0A174F446,1128,0.0080283253864,9,0.9314616019818331,6.62950073195706e-06
YuJ_2015,1725,UniRef90_Q8A0X7,1128,0.0079784490571,9,0.9314616019818331,6.588314663170933e-06
YuJ_2015,1726,UniRef90_R6JMG6,1128,0.007740573039,9,0.9314616019818331,6.391885251032205e-06
YuJ_2015,1727,UniRef90_A0A0P0GPJ3,1128,0.0072384089837,9,0.9314616019818331,5.977216336663914e-06
YuJ_2015,1728,UniRef90_A5ZEZ9,1128,0.007115886723699999,9,0.9314616019818331,5.876041885796862e-06
YuJ_2015,1729,UniRef90_A0A2M9V7Z4,1128,0.0070744964091,9,0.9314616019818331,5.841863261023947e-06
YuJ_2015,1730,UniRef90_R5S3R9,1128,0.0066776294525,9,0.9314616019818331,5.514144882328654e-06
YuJ_2015,1731,UniRef90_D7J823,1128,0.0065279238485,9,0.9314616019818331,5.390523409165979e-06
YuJ_2015,1732,UniRef90_A0A0K6BUJ4,1128,0.0065142709466,9,0.9314616019818331,5.379249336581338e-06
YuJ_2015,1733,UniRef90_A0A139LCL3,1128,0.0064987878033,9,0.9314616019818331,5.366463916845582e-06
YuJ_2015,1734,UniRef90_Q8A5W2,1128,0.0064715942402,9,0.9314616019818331,5.344008455986788e-06
YuJ_2015,1735,UniRef90_D4WK38,1128,0.0064188513843,9,0.9314616019818331,5.300455313212222e-06
YuJ_2015,1736,UniRef90_R6JL47,1128,0.0063954754706,9,0.9314616019818331,5.281152329149464e-06
YuJ_2015,1737,UniRef90_K5BSG4,1128,0.0062536922217,9,0.9314616019818331,5.164072850289018e-06
YuJ_2015,1738,UniRef90_A9KJI4,1128,0.0027912373814000004,9,0.9314616019818331,2.3049028748142034e-06
YuJ_2015,1739,UniRef90_A0A2V1JT56,1128,0.0020910641731,9,0.9314616019818331,1.7267251635838152e-06
YuJ_2015,1740,UniRef90_A6BCK7,1127,0.20067819254090002,9,0.930635838150289,0.00016571279317993397
YuJ_2015,1741,UniRef90_D4LUC8,1127,0.043600055361,9,0.930635838150289,3.6003348770437654e-05
YuJ_2015,1742,UniRef90_A5ZTV6,1127,0.0312613815249,9,0.930635838150289,2.5814518187365817e-05
YuJ_2015,1743,UniRef90_A0A3E2SXG9,1127,0.024097139763900002,9,0.930635838150289,1.9898546460693643e-05
YuJ_2015,1744,UniRef90_A6L2W9,1127,0.0235324961469,9,0.930635838150289,1.9432284184062756e-05
YuJ_2015,1745,UniRef90_R5W667,1127,0.023506239279,9,0.930635838150289,1.9410602212221302e-05
YuJ_2015,1746,UniRef90_D1PNJ6,1127,0.023092900372,9,0.930635838150289,1.90692818926507e-05
YuJ_2015,1747,UniRef90_A6KXK1,1127,0.0195953638544,9,0.930635838150289,1.6181142736911642e-05
YuJ_2015,1748,UniRef90_A6L686,1127,0.017752594125,9,0.930635838150289,1.465945014450867e-05
YuJ_2015,1749,UniRef90_A0A2A6ZAF7,1127,0.0163412466561,9,0.930635838150289,1.3494010450949628e-05
YuJ_2015,1750,UniRef90_A8SFP0,1127,0.0157569841940999,9,0.930635838150289,1.3011547641700991e-05
YuJ_2015,1751,UniRef90_A0A397WFR9,1127,0.0140267981103,9,0.930635838150289,1.158282255185797e-05
YuJ_2015,1752,UniRef90_I8VZL5,1127,0.0127672812324,9,0.930635838150289,1.0542759068868705e-05
YuJ_2015,1753,UniRef90_A0A174HBL1,1127,0.0125178167022,9,0.930635838150289,1.0336760282576384e-05
YuJ_2015,1754,UniRef90_R6FRP1,1127,0.011238139936,9,0.930635838150289,9.280049492981007e-06
YuJ_2015,1755,UniRef90_A0A174UTQ0,1127,0.0108948726838,9,0.930635838150289,8.996591811560693e-06
YuJ_2015,1756,UniRef90_A0A174J8H6,1127,0.010621722214999999,9,0.930635838150289,8.771034033856316e-06
YuJ_2015,1757,UniRef90_A0A174E206,1127,0.0105068211976,9,0.930635838150289,8.676152929479769e-06
YuJ_2015,1758,UniRef90_A0A173VIH1,1127,0.009253041849,9,0.930635838150289,7.640827290668868e-06
YuJ_2015,1759,UniRef90_A0A174PDT1,1127,0.009226406063,9,0.930635838150289,7.618832421965318e-06
YuJ_2015,1760,UniRef90_R5S5D3,1127,0.009036403087699998,9,0.930635838150289,7.461934837076795e-06
YuJ_2015,1761,UniRef90_A0A174D169,1127,0.0087397403457,9,0.930635838150289,7.216961474566473e-06
YuJ_2015,1762,UniRef90_Q8A2N8,1127,0.0083183454574,9,0.930635838150289,6.868988817010735e-06
YuJ_2015,1763,UniRef90_R6J924,1127,0.0073522331365,9,0.930635838150289,6.0712082052023126e-06
YuJ_2015,1764,UniRef90_A0A3E4X4E9,1127,0.0073050268785,9,0.930635838150289,6.03222698472337e-06
YuJ_2015,1765,UniRef90_C0B6G4,1127,0.0072073799943,9,0.930635838150289,5.951593719488026e-06
YuJ_2015,1766,UniRef90_Q8A1G8,1127,0.0067427834694,9,0.930635838150289,5.567946712964492e-06
YuJ_2015,1767,UniRef90_A0A1Y4Q1C3,1127,0.0066872038965,9,0.930635838150289,5.522051111890999e-06
YuJ_2015,1768,UniRef90_C3QRX1,1127,0.0064995517414,9,0.930635838150289,5.367094749298101e-06
YuJ_2015,1769,UniRef90_R6UUN2,1127,0.0064722933852,9,0.930635838150289,5.344585784640793e-06
YuJ_2015,1770,UniRef90_Q8AA95,1127,0.0062517679184,9,0.930635838150289,5.162483830222956e-06
YuJ_2015,1771,UniRef90_Q8A5Z4,1127,0.0062356958253999995,9,0.930635838150289,5.149212077126341e-06
YuJ_2015,1772,UniRef90_R6SVV9,1127,0.0062000428086999996,9,0.930635838150289,5.119771105450041e-06
YuJ_2015,1773,UniRef90_A0A0N7IAG8,1127,0.0061273237361,9,0.930635838150289,5.059722325433526e-06
YuJ_2015,1774,UniRef90_D4VLF6,1127,0.0060137026739,9,0.930635838150289,4.965898161767135e-06
YuJ_2015,1775,UniRef90_A0A077ZKY0,1127,0.006002235303,9,0.930635838150289,4.956428821635012e-06
YuJ_2015,1776,UniRef90_A0A0E2AK40,1127,0.0058531578748,9,0.930635838150289,4.833326073327828e-06
YuJ_2015,1777,UniRef90_A0A1Q6H8U9,1127,0.0058074299343,9,0.930635838150289,4.795565593971924e-06
YuJ_2015,1778,UniRef90_Q8A0F7,1127,0.0057870109482,9,0.930635838150289,4.778704333773741e-06
YuJ_2015,1779,UniRef90_C9KW68,1127,0.005520520318,9,0.930635838150289,4.5586460099091656e-06
YuJ_2015,1780,UniRef90_UPI000931CA6F,1127,0.0019862972134,9,0.930635838150289,1.6402123975227086e-06
YuJ_2015,1781,UniRef90_R5GU90,1127,0.0012510444253999,9,0.930635838150289,1.0330672381502063e-06
YuJ_2015,1782,UniRef90_A0A3E2VU96,1126,0.0263361839727,9,0.9298100743187449,2.1747468185549134e-05
YuJ_2015,1783,UniRef90_A6KZN9,1126,0.0227204768796,9,0.9298100743187449,1.8761748042609415e-05
YuJ_2015,1784,UniRef90_A0A076J5A3,1126,0.022389998084999998,9,0.9298100743187449,1.8488850606936415e-05
YuJ_2015,1785,UniRef90_A0A076IL10,1126,0.021699841704399998,9,0.9298100743187449,1.7918944429727494e-05
YuJ_2015,1786,UniRef90_A0A174CF54,1126,0.0177136613503,9,0.9298100743187449,1.4627300867299752e-05
YuJ_2015,1787,UniRef90_A0A396CIN6,1126,0.016264357456499998,9,0.9298100743187449,1.3430518130883565e-05
YuJ_2015,1788,UniRef90_A0A2V2C600,1126,0.016055485861299998,9,0.9298100743187449,1.325803952213047e-05
YuJ_2015,1789,UniRef90_A0A395ULW4,1126,0.0160415533704,9,0.9298100743187449,1.324653457506193e-05
YuJ_2015,1790,UniRef90_A0A174J5J5,1126,0.0147587220653,9,0.9298100743187449,1.2187218881337738e-05
YuJ_2015,1791,UniRef90_F9ZAU7,1126,0.011987294780000001,9,0.9298100743187449,9.898674467382329e-06
YuJ_2015,1792,UniRef90_A0A3E5F7G1,1126,0.0118637846924,9,0.9298100743187449,9.796684304211395e-06
YuJ_2015,1793,UniRef90_A6L4L7,1126,0.011055002037400001,9,0.9298100743187449,9.128820840132124e-06
YuJ_2015,1794,UniRef90_A0A0J1IXH8,1126,0.010671815413699999,9,0.9298100743187449,8.812399185549133e-06
YuJ_2015,1795,UniRef90_U5JE20,1126,0.0099774584529,9,0.9298100743187449,8.239024321139554e-06
YuJ_2015,1796,UniRef90_A0A0F0CLD1,1126,0.0090576898527,9,0.9298100743187449,7.479512677704377e-06
YuJ_2015,1797,UniRef90_H1BBI7,1126,0.0088989419012,9,0.9298100743187449,7.348424361023948e-06
YuJ_2015,1798,UniRef90_Q64RX9,1126,0.0086360096299999,9,0.9298100743187449,7.131304401321139e-06
YuJ_2015,1799,UniRef90_A0A0P0GTV9,1126,0.008609061092199999,9,0.9298100743187449,7.10905127349298e-06
YuJ_2015,1800,UniRef90_Q5L7Q8,1126,0.0074444340759999995,9,0.9298100743187449,6.147344406275805e-06
YuJ_2015,1801,UniRef90_R6JIX7,1126,0.0073586522326,9,0.9298100743187449,6.076508862592899e-06
YuJ_2015,1802,UniRef90_Q5LGG9,1126,0.007311094946,9,0.9298100743187449,6.037237775392238e-06
YuJ_2015,1803,UniRef90_A0A0P0FW93,1126,0.007266541893,9,0.9298100743187449,6.000447475639967e-06
YuJ_2015,1804,UniRef90_U2E905,1126,0.007137029704199899,9,0.9298100743187449,5.893500994384723e-06
YuJ_2015,1805,UniRef90_C5EWQ1,1126,0.0070576376637,9,0.9298100743187449,5.827941918827415e-06
YuJ_2015,1806,UniRef90_A0A373IE87,1126,0.0068410782325,9,0.9298100743187449,5.649114973162675e-06
YuJ_2015,1807,UniRef90_A0A069D8W9,1126,0.006680106689,9,0.9298100743187449,5.516190494632535e-06
YuJ_2015,1808,UniRef90_R5V0P0,1126,0.00654736265,9,0.9298100743187449,5.406575268373246e-06
YuJ_2015,1809,UniRef90_A0A139KPR0,1126,0.0063987261535,9,0.9298100743187449,5.283836625516102e-06
YuJ_2015,1810,UniRef90_Q8A8D8,1126,0.0063328107919,9,0.9298100743187449,5.229406103963666e-06
YuJ_2015,1811,UniRef90_R6JSF5,1126,0.0059225088392,9,0.9298100743187449,4.8905935914120565e-06
YuJ_2015,1812,UniRef90_A7B8B9,1126,0.005174679836,9,0.9298100743187449,4.273063448389761e-06
YuJ_2015,1813,UniRef90_R6WBX7,1126,0.0042343576392000004,9,0.9298100743187449,3.496579388274154e-06
YuJ_2015,1814,UniRef90_C5EVN8,1126,0.0029304963542,9,0.9298100743187449,2.4198978977704377e-06
YuJ_2015,1815,UniRef90_B0NU50,1125,0.1216098104411,9,0.9289843104872006,0.00010042098302320397
YuJ_2015,1816,UniRef90_A0A076IX78,1125,0.023351276657,9,0.9289843104872006,1.9282639683732453e-05
YuJ_2015,1817,UniRef90_D6CZF8,1125,0.0207618457187,9,0.9289843104872006,1.7144381270602808e-05
YuJ_2015,1818,UniRef90_A0A395UQZ5,1125,0.0204365988968,9,0.9289843104872006,1.6875804208753096e-05
YuJ_2015,1819,UniRef90_A6KZH6,1125,0.0199485153074,9,0.9289843104872006,1.647276243385632e-05
YuJ_2015,1820,UniRef90_D4V9Y7,1125,0.019442051803,9,0.9289843104872006,1.6054543189925683e-05
YuJ_2015,1821,UniRef90_A0A0P0M697,1125,0.0194195392986,9,0.9289843104872006,1.6035953178034682e-05
YuJ_2015,1822,UniRef90_A0A076J0M3,1125,0.0187388868606,9,0.9289843104872006,1.5473895012881915e-05
YuJ_2015,1823,UniRef90_A0A0D8IZW9,1125,0.0185551891414,9,0.9289843104872006,1.5322204080429395e-05
YuJ_2015,1824,UniRef90_A0A076IVK6,1125,0.018122580486,9,0.9289843104872006,1.4964971499587117e-05
YuJ_2015,1825,UniRef90_A0A076IXB1,1125,0.018035486082,9,0.9289843104872006,1.4893052090834021e-05
YuJ_2015,1826,UniRef90_A0A0P0LFY4,1125,0.0177162995975,9,0.9289843104872006,1.4629479436416184e-05
YuJ_2015,1827,UniRef90_A6KXA6,1125,0.0175462010082,9,0.9289843104872006,1.4489018173575557e-05
YuJ_2015,1828,UniRef90_H1ALD0,1125,0.017448684853,9,0.9289843104872006,1.4408492859620149e-05
YuJ_2015,1829,UniRef90_A0A395US25,1125,0.015591914890000001,9,0.9289843104872006,1.2875239380677127e-05
YuJ_2015,1830,UniRef90_A0A174BZU8,1125,0.015110886633,9,0.9289843104872006,1.2478023644095789e-05
YuJ_2015,1831,UniRef90_A0A1Q6I606,1125,0.0149766185477,9,0.9289843104872006,1.236714991552436e-05
YuJ_2015,1832,UniRef90_A0A0P0M5Y2,1125,0.0148396109709,9,0.9289843104872006,1.225401401395541e-05
YuJ_2015,1833,UniRef90_D1PM75,1125,0.014448121050400001,9,0.9289843104872006,1.1930735797192404e-05
YuJ_2015,1834,UniRef90_D4LPV8,1125,0.013850511194499999,9,0.9289843104872006,1.1437251192815853e-05
YuJ_2015,1835,UniRef90_A0A2A6ZAW7,1125,0.013540881673199999,9,0.9289843104872006,1.1181570332947977e-05
YuJ_2015,1836,UniRef90_A0A2A7BB71,1125,0.0121284991257,9,0.9289843104872006,1.0015275908918249e-05
YuJ_2015,1837,UniRef90_D4K3M5,1125,0.011754529080399999,9,0.9289843104872006,9.706464971428571e-06
YuJ_2015,1838,UniRef90_A0A3E3DDI7,1125,0.0113338180508,9,0.9289843104872006,9.35905701965318e-06
YuJ_2015,1839,UniRef90_E2ZN33,1125,0.011131157063899999,9,0.9289843104872006,9.19170690660611e-06
YuJ_2015,1840,UniRef90_A0A174GWM5,1125,0.010405472790299899,9,0.9289843104872006,8.592463080346738e-06
YuJ_2015,1841,UniRef90_B0PGG6,1125,0.0102309387978,9,0.9289843104872006,8.448339221965318e-06
YuJ_2015,1842,UniRef90_R5YLH6,1125,0.0100265797126,9,0.9289843104872006,8.279586880759703e-06
YuJ_2015,1843,UniRef90_Q5LGR5,1125,0.009544620746,9,0.9289843104872006,7.881602597853013e-06
YuJ_2015,1844,UniRef90_R6H258,1125,0.0084646724526,9,0.9289843104872006,6.989820357225434e-06
YuJ_2015,1845,UniRef90_Q8A5V6,1125,0.0078387147759,9,0.9289843104872006,6.47292714772915e-06
YuJ_2015,1846,UniRef90_A0A174E6X3,1125,0.0076429297535,9,0.9289843104872006,6.311254957473163e-06
YuJ_2015,1847,UniRef90_A0A396G099,1125,0.0074277899632999,9,0.9289843104872006,6.133600299999917e-06
YuJ_2015,1848,UniRef90_C9L0L0,1125,0.0068655174149999994,9,0.9289843104872006,5.669295966143682e-06
YuJ_2015,1849,UniRef90_F7M291,1125,0.0068382597782,9,0.9289843104872006,5.646787595540875e-06
YuJ_2015,1850,UniRef90_P53638,1125,0.0065204295056000006,9,0.9289843104872006,5.384334851857969e-06
YuJ_2015,1851,UniRef90_R6J9C5,1125,0.0064852410517,9,0.9289843104872006,5.355277499339389e-06
YuJ_2015,1852,UniRef90_A0A0N7IAS3,1125,0.0064250023146,9,0.9289843104872006,5.30553452898431e-06
YuJ_2015,1853,UniRef90_Q8A0F6,1125,0.0062181826797,9,0.9289843104872006,5.134750354830719e-06
YuJ_2015,1854,UniRef90_Q8A7U2,1125,0.006123827513,9,0.9289843104872006,5.056835270850537e-06
YuJ_2015,1855,UniRef90_B5CQK2,1125,0.0060450260363,9,0.9289843104872006,4.991763861519405e-06
YuJ_2015,1856,UniRef90_Q89ZV6,1125,0.0060133957446,9,0.9289843104872006,4.9656447106523536e-06
YuJ_2015,1857,UniRef90_A0A174KPR6,1125,0.005964912495,9,0.9289843104872006,4.9256089966969446e-06
YuJ_2015,1858,UniRef90_A0A139L0W7,1125,0.00574661834,9,0.9289843104872006,4.745349578860446e-06
YuJ_2015,1859,UniRef90_A9KMF6,1125,0.0056815257446,9,0.9289843104872006,4.691598467877788e-06
YuJ_2015,1860,UniRef90_D6D138,1125,0.0056129666573,9,0.9289843104872006,4.634984853261767e-06
YuJ_2015,1861,UniRef90_A0A134CL94,1125,0.0045413551441,9,0.9289843104872006,3.75008682419488e-06
YuJ_2015,1862,UniRef90_A5KQA4,1125,0.0041688231441000005,9,0.9289843104872006,3.442463372502065e-06
YuJ_2015,1863,UniRef90_B0P977,1125,0.0033727316171,9,0.9289843104872006,2.7850797829066886e-06
YuJ_2015,1864,UniRef90_A0A2I1K572,1124,0.29647248508462,9,0.9281585466556564,0.0002448162552309001
YuJ_2015,1865,UniRef90_A7V4G1,1124,0.07203665552249999,9,0.9281585466556564,5.948526467588769e-05
YuJ_2015,1866,UniRef90_A0A0P0L3X2,1124,0.0616067354,9,0.9281585466556564,5.087261387283237e-05
YuJ_2015,1867,UniRef90_A7AE91,1124,0.052317097625999995,9,0.9281585466556564,4.3201566990916594e-05
YuJ_2015,1868,UniRef90_G2T525,1124,0.0373118105524,9,0.9281585466556564,3.081074364360033e-05
YuJ_2015,1869,UniRef90_R6Q0Q6,1124,0.031001621601500003,9,0.9281585466556564,2.560001783773741e-05
YuJ_2015,1870,UniRef90_A0A132GMG5,1124,0.026443123693,9,0.9281585466556564,2.1835775138728323e-05
YuJ_2015,1871,UniRef90_D4IJC7,1124,0.0257209696349,9,0.9281585466556564,2.1239446436746492e-05
YuJ_2015,1872,UniRef90_A0A076IZE7,1124,0.02330464974,9,0.9281585466556564,1.9244136862097438e-05
YuJ_2015,1873,UniRef90_A0A076J215,1124,0.0195641498394,9,0.9281585466556564,1.6155367332287367e-05
YuJ_2015,1874,UniRef90_E5UNE1,1124,0.019231835159800002,9,0.9281585466556564,1.5880953889182497e-05
YuJ_2015,1875,UniRef90_A0A3E2UKI3,1124,0.0189127162746,9,0.9281585466556564,1.5617437055821635e-05
YuJ_2015,1876,UniRef90_A7LT91,1124,0.0187873207815,9,0.9281585466556564,1.5513889992981007e-05
YuJ_2015,1877,UniRef90_U6RJ00,1124,0.01851846785,9,0.9281585466556564,1.5291880966143683e-05
YuJ_2015,1878,UniRef90_A0A0P0M1Y5,1124,0.018426443326,9,0.9281585466556564,1.5215890442609413e-05
YuJ_2015,1879,UniRef90_A0A0K2HG79,1124,0.017974972973,9,0.9281585466556564,1.484308255408753e-05
YuJ_2015,1880,UniRef90_D1JZG9,1124,0.0179236734569999,9,0.9281585466556564,1.4800721269198927e-05
YuJ_2015,1881,UniRef90_A0A1L5KG17,1124,0.0172433861423,9,0.9281585466556564,1.4238964609661437e-05
YuJ_2015,1882,UniRef90_B0NQW3,1124,0.0170874494246,9,0.9281585466556564,1.4110197708175061e-05
YuJ_2015,1883,UniRef90_A0A076IXK9,1124,0.0168357224820999,9,0.9281585466556564,1.3902330703633277e-05
YuJ_2015,1884,UniRef90_A6L0A5,1124,0.016462984009100002,9,0.9281585466556564,1.3594536754004957e-05
YuJ_2015,1885,UniRef90_A0A0K2HL51,1124,0.0160388454285,9,0.9281585466556564,1.3244298454582988e-05
YuJ_2015,1886,UniRef90_H1CH32,1124,0.013857541981000001,9,0.9281585466556564,1.1443056962014865e-05
YuJ_2015,1887,UniRef90_A0A0P0LPD3,1124,0.0134356071363,9,0.9281585466556564,1.1094638427993393e-05
YuJ_2015,1888,UniRef90_A0A2A6ZAV3,1124,0.0132364092321,9,0.9281585466556564,1.0930148003385632e-05
YuJ_2015,1889,UniRef90_G2T3B6,1124,0.013139725765800001,9,0.9281585466556564,1.0850310293806772e-05
YuJ_2015,1890,UniRef90_A0A174SF86,1124,0.012863166738700001,9,0.9281585466556564,1.0621937851940546e-05
YuJ_2015,1891,UniRef90_B0NVF6,1124,0.0125646465043,9,0.9281585466556564,1.0375430639388935e-05
YuJ_2015,1892,UniRef90_A0A076INX5,1124,0.012326239876199999,9,0.9281585466556564,1.017856306870355e-05
YuJ_2015,1893,UniRef90_A8RVW8,1124,0.012144237773,9,0.9281585466556564,1.002827231461602e-05
YuJ_2015,1894,UniRef90_C7H6Y4,1124,0.01192731897349,9,0.9281585466556564,9.849148615598679e-06
YuJ_2015,1895,UniRef90_D4L499,1124,0.011516141652,9,0.9281585466556564,9.509613255161023e-06
YuJ_2015,1896,UniRef90_G2T390,1124,0.0109722127328999,9,0.9281585466556564,9.060456426837243e-06
YuJ_2015,1897,UniRef90_A0A095XLP0,1124,0.0109460477044,9,0.9281585466556564,9.038850292650702e-06
YuJ_2015,1898,UniRef90_R6VDK6,1124,0.010140185698,9,0.9281585466556564,8.373398594549959e-06
YuJ_2015,1899,UniRef90_D5Q4S0,1124,0.0100761899658,9,0.9281585466556564,8.320553233526012e-06
YuJ_2015,1900,UniRef90_Q64XS0,1124,0.0079219427603,9,0.9281585466556564,6.541653807018992e-06
YuJ_2015,1901,UniRef90_Q8A287,1124,0.0075607289441999995,9,0.9281585466556564,6.243376502229562e-06
YuJ_2015,1902,UniRef90_A6P027,1124,0.0074007127912,9,0.9281585466556564,6.111240950619323e-06
YuJ_2015,1903,UniRef90_R6KA80,1124,0.0072846583607999995,9,0.9281585466556564,6.015407399504541e-06
YuJ_2015,1904,UniRef90_A0A174TIN9,1124,0.0072018678845,9,0.9281585466556564,5.947042018579686e-06
YuJ_2015,1905,UniRef90_A0A1Q6HIR5,1124,0.007066629355,9,0.9281585466556564,5.835366932287366e-06
YuJ_2015,1906,UniRef90_Q8A2N9,1124,0.00703352157,9,0.9281585466556564,5.808027720891826e-06
YuJ_2015,1907,UniRef90_A0A139KV96,1124,0.0067285609659,9,0.9281585466556564,5.556202283980182e-06
YuJ_2015,1908,UniRef90_A0A395WK13,1124,0.0067003561802,9,0.9281585466556564,5.532911792072667e-06
YuJ_2015,1909,UniRef90_W4V0L2,1124,0.0066456658684,9,0.9281585466556564,5.487750510652353e-06
YuJ_2015,1910,UniRef90_R7KSD4,1124,0.0064658428084,9,0.9281585466556564,5.339259131626754e-06
YuJ_2015,1911,UniRef90_A0A174IZD9,1124,0.0063727489172,9,0.9281585466556564,5.262385563336086e-06
YuJ_2015,1912,UniRef90_V8C6R3,1124,0.0063012732462,9,0.9281585466556564,5.203363539388935e-06
YuJ_2015,1913,UniRef90_D6CXV5,1124,0.0062608940155,9,0.9281585466556564,5.170019831131296e-06
YuJ_2015,1914,UniRef90_A0A1Y4PP26,1124,0.0061557601946,9,0.9281585466556564,5.083204124360033e-06
YuJ_2015,1915,UniRef90_Q8A4T0,1124,0.0060402094421998995,9,0.9281585466556564,4.987786492320314e-06
YuJ_2015,1916,UniRef90_C3QX97,1124,0.0059161668195000005,9,0.9281585466556564,4.885356580924856e-06
YuJ_2015,1917,UniRef90_R5U3S3,1124,0.0056802046268,9,0.9281585466556564,4.690507536581338e-06
YuJ_2015,1918,UniRef90_W4V082,1124,0.0055130533898,9,0.9281585466556564,4.5524800906688685e-06
YuJ_2015,1919,UniRef90_C6LJ77,1124,0.0044533357085,9,0.9281585466556564,3.677403557803468e-06
YuJ_2015,1920,UniRef90_A0A140JXE2,1123,0.0239918793678,9,0.9273327828241124,1.981162623270025e-05
YuJ_2015,1921,UniRef90_A0A380Z6K4,1123,0.023730939970600003,9,0.9273327828241124,1.959615191626755e-05
YuJ_2015,1922,UniRef90_A0A0K2HFR8,1123,0.022617852435000002,9,0.9273327828241124,1.8677004488026427e-05
YuJ_2015,1923,UniRef90_A6KXA1,1123,0.021228113354,9,0.9273327828241124,1.7529408219653177e-05
YuJ_2015,1924,UniRef90_A0A076IYU9,1123,0.0204499121588,9,0.9273327828241124,1.688679781899257e-05
YuJ_2015,1925,UniRef90_R7A3V8,1123,0.019515579288,9,0.9273327828241124,1.611525952766309e-05
YuJ_2015,1926,UniRef90_A0A3E4W1C5,1123,0.019317170974,9,0.9273327828241124,1.5951421118084228e-05
YuJ_2015,1927,UniRef90_S0FAP6,1123,0.018949942694,9,0.9273327828241124,1.564817728654005e-05
YuJ_2015,1928,UniRef90_D4VA65,1123,0.018856296462000002,9,0.9273327828241124,1.5570847615194055e-05
YuJ_2015,1929,UniRef90_D1K8S5,1123,0.018497530322,9,0.9273327828241124,1.527459151279934e-05
YuJ_2015,1930,UniRef90_A6L168,1123,0.017651116650999898,9,0.9273327828241124,1.4575653716762922e-05
YuJ_2015,1931,UniRef90_A0A0N7J6V1,1123,0.0173042435944,9,0.9273327828241124,1.4289218492485548e-05
YuJ_2015,1932,UniRef90_A0A076J1R5,1123,0.016814229929999997,9,0.9273327828241124,1.38845829314616e-05
YuJ_2015,1933,UniRef90_C6JHS6,1123,0.016078939842,9,0.9273327828241124,1.3277406971098267e-05
YuJ_2015,1934,UniRef90_A0A0K2HE63,1123,0.0158414693314,9,0.9273327828241124,1.3081312412386458e-05
YuJ_2015,1935,UniRef90_D5AGI1,1123,0.0156285085994,9,0.9273327828241124,1.2905457142361686e-05
YuJ_2015,1936,UniRef90_A6KWL1,1123,0.015259712465,9,0.9273327828241124,1.2600918633360859e-05
YuJ_2015,1937,UniRef90_A6KZJ2,1123,0.015065008159800001,9,0.9273327828241124,1.244013886028076e-05
YuJ_2015,1938,UniRef90_C3RDJ2,1123,0.014339615333,9,0.9273327828241124,1.184113570024773e-05
YuJ_2015,1939,UniRef90_C6Z1D5,1123,0.0142606917274,9,0.9273327828241124,1.1775963441288191e-05
YuJ_2015,1940,UniRef90_A0A076J8H6,1123,0.014105475409000002,9,0.9273327828241124,1.1647791419488028e-05
YuJ_2015,1941,UniRef90_E6SPC1,1123,0.0128008569121,9,0.9273327828241124,1.0570484650784476e-05
YuJ_2015,1942,UniRef90_A0A174U258,1123,0.012403442177600001,9,0.9273327828241124,1.0242313936911645e-05
YuJ_2015,1943,UniRef90_H1CB27,1123,0.0122708981219,9,0.9273327828241124,1.0132863849628405e-05
YuJ_2015,1944,UniRef90_R6Y875,1123,0.011492276569999899,9,0.9273327828241124,9.489906333608504e-06
YuJ_2015,1945,UniRef90_C4ZEP6,1123,0.0114550661051,9,0.9273327828241124,9.459179277539224e-06
YuJ_2015,1946,UniRef90_G9RUW2,1123,0.0111336284465,9,0.9273327828241124,9.193747684971097e-06
YuJ_2015,1947,UniRef90_A0A291T9W5,1123,0.0107749710795,9,0.9273327828241124,8.897581403385632e-06
YuJ_2015,1948,UniRef90_C9L7J4,1123,0.009817430212299999,9,0.9273327828241124,8.106878788026423e-06
YuJ_2015,1949,UniRef90_A0A396FMV1,1123,0.0090589991824,9,0.9273327828241124,7.480593874814202e-06
YuJ_2015,1950,UniRef90_W6P7T2,1123,0.008651795548699999,9,0.9273327828241124,7.144339842031378e-06
YuJ_2015,1951,UniRef90_Q8A2P0,1123,0.0085018911099,9,0.9273327828241124,7.020554178282411e-06
YuJ_2015,1952,UniRef90_V8CGP7,1123,0.0076143865092599995,9,0.9273327828241124,6.287684978744839e-06
YuJ_2015,1953,UniRef90_I9RZU0,1123,0.007521321349800001,9,0.9273327828241124,6.21083513608588e-06
YuJ_2015,1954,UniRef90_A0A0P0F0D5,1123,0.0074892712152,9,0.9273327828241124,6.1843692941370764e-06
YuJ_2015,1955,UniRef90_Q8AAN7,1123,0.0074272624446000005,9,0.9273327828241124,6.133164694137077e-06
YuJ_2015,1956,UniRef90_A0A174KAJ0,1123,0.0071382569916,9,0.9273327828241124,5.894514443930636e-06
YuJ_2015,1957,UniRef90_R5U4U4,1123,0.0070791032893,9,0.9273327828241124,5.845667456069365e-06
YuJ_2015,1958,UniRef90_Q8A0B5,1123,0.0070376941331,9,0.9273327828241124,5.811473272584641e-06
YuJ_2015,1959,UniRef90_R6J7H7,1123,0.0068877437909,9,0.9273327828241124,5.6876497034682084e-06
YuJ_2015,1960,UniRef90_I9PNE5,1123,0.0066508473855999995,9,0.9273327828241124,5.492029220148637e-06
YuJ_2015,1961,UniRef90_R9MM87,1123,0.0065296388866,9,0.9273327828241124,5.391939625598679e-06
YuJ_2015,1962,UniRef90_R6J5K4,1123,0.0064367128964,9,0.9273327828241124,5.31520470388109e-06
YuJ_2015,1963,UniRef90_A0A174GQN8,1123,0.0060988272304999995,9,0.9273327828241124,5.03619094178365e-06
YuJ_2015,1964,UniRef90_R6JB05,1123,0.0059907807258,9,0.9273327828241124,4.946970046077622e-06
YuJ_2015,1965,UniRef90_R6KA18,1123,0.0059685192978,9,0.9273327828241124,4.9285873639966974e-06
YuJ_2015,1966,UniRef90_R6K4Z0,1123,0.005964215803800001,9,0.9273327828241124,4.92503369430223e-06
YuJ_2015,1967,UniRef90_A0A1Y4P8Z9,1123,0.0059558013746999995,9,0.9273327828241124,4.9180853630883565e-06
YuJ_2015,1968,UniRef90_A0A174GTZ8,1123,0.0058407981503,9,0.9273327828241124,4.823119859867878e-06
YuJ_2015,1969,UniRef90_Q8A606,1123,0.0056681448382,9,0.9273327828241124,4.680548999339389e-06
YuJ_2015,1970,UniRef90_A0A0P0EPF0,1123,0.0056572863067,9,0.9273327828241124,4.671582416763006e-06
YuJ_2015,1971,UniRef90_D4VQH3,1123,0.005443528180000001,9,0.9273327828241124,4.4950686870355084e-06
YuJ_2015,1972,UniRef90_A5ZC85,1123,0.005425815402700001,9,0.9273327828241124,4.480442116184972e-06
YuJ_2015,1973,UniRef90_K5BVK6,1123,0.0052783537901,9,0.9273327828241124,4.358673649958712e-06
YuJ_2015,1974,UniRef90_A0A1Y4PQJ2,1123,0.0047857188922,9,0.9273327828241124,3.951873569116433e-06
YuJ_2015,1975,UniRef90_B0N9K7,1123,0.00354933230263,9,0.9273327828241124,2.9309102416432702e-06
YuJ_2015,1976,UniRef90_A7VCW4,1123,0.00164685947309,9,0.9273327828241124,1.359916988513625e-06
YuJ_2015,1977,UniRef90_A0A015QIN6,1122,0.08308181962370001,9,0.9265070189925682,6.860596170412883e-05
YuJ_2015,1978,UniRef90_A0A127SMK3,1122,0.043997521417900004,9,0.9265070189925682,3.6331561864492156e-05
YuJ_2015,1979,UniRef90_A0A3E4NAQ1,1122,0.035071868457899995,9,0.9265070189925682,2.8961080477208915e-05
YuJ_2015,1980,UniRef90_A0A397WFB7,1122,0.023761687704,9,0.9265070189925682,1.962154228241123e-05
YuJ_2015,1981,UniRef90_C4ZFJ3,1122,0.021191130417,9,0.9265070189925682,1.74988690478943e-05
YuJ_2015,1982,UniRef90_E5UND7,1122,0.020237654562,9,0.9265070189925682,1.671152317258464e-05
YuJ_2015,1983,UniRef90_A0A069SE00,1122,0.0200678554836,9,0.9265070189925682,1.6571309235012384e-05
YuJ_2015,1984,UniRef90_I9R3P9,1122,0.0197702087235,9,0.9265070189925682,1.63255233059455e-05
YuJ_2015,1985,UniRef90_R5MTI9,1122,0.019677742795,9,0.9265070189925682,1.624916828654005e-05
YuJ_2015,1986,UniRef90_E5UNU5,1122,0.0194054072198,9,0.9265070189925682,1.602428341849711e-05
YuJ_2015,1987,UniRef90_I8W962,1122,0.0192795900474,9,0.9265070189925682,1.5920388148142032e-05
YuJ_2015,1988,UniRef90_A0A0P0LBA0,1122,0.018909062360600002,9,0.9265070189925682,1.5614419785796862e-05
YuJ_2015,1989,UniRef90_A0A0N7J6N2,1122,0.01866712391,9,0.9265070189925682,1.5414635763831542e-05
YuJ_2015,1990,UniRef90_A0A0K2HFR2,1122,0.018501667056899998,9,0.9265070189925682,1.5278007478860445e-05
YuJ_2015,1991,UniRef90_A0A1Q6JPX4,1122,0.018176971279999902,9,0.9265070189925682,1.5009885450041208e-05
YuJ_2015,1992,UniRef90_A0A076J2S5,1122,0.018173735701,9,0.9265070189925682,1.5007213625928986e-05
YuJ_2015,1993,UniRef90_A0A0P0M5Q5,1122,0.018061454798,9,0.9265070189925682,1.4914496117258464e-05
YuJ_2015,1994,UniRef90_A6KZK8,1122,0.0178548223056,9,0.9265070189925682,1.4743866478612716e-05
YuJ_2015,1995,UniRef90_A0A0P0M677,1122,0.017576199140199998,9,0.9265070189925682,1.4513789545995044e-05
YuJ_2015,1996,UniRef90_A6L048,1122,0.017010586195,9,0.9265070189925682,1.4046726833195705e-05
YuJ_2015,1997,UniRef90_A6KZA8,1122,0.0164592457349,9,0.9265070189925682,1.3591449822378199e-05
YuJ_2015,1998,UniRef90_A6KYG9,1122,0.0160555951602999,9,0.9265070189925682,1.3258129777291412e-05
YuJ_2015,1999,UniRef90_A0A0K2HI92,1122,0.0158070664819999,9,0.9265070189925682,1.3052903783649794e-05
YuJ_2015,2000,UniRef90_A0A0K2HHB7,1122,0.0154195898914,9,0.9265070189925682,1.2732939629562345e-05
YuJ_2015,2001,UniRef90_B6FM15,1122,0.0150468806103,9,0.9265070189925682,1.2425169785549132e-05
YuJ_2015,2002,UniRef90_A0A0P0M5K0,1122,0.014887276599,9,0.9265070189925682,1.2293374565648225e-05
YuJ_2015,2003,UniRef90_A0A2A6ZA74,1122,0.0134757388316,9,0.9265070189925682,1.1127777730470686e-05
YuJ_2015,2004,UniRef90_U6RK63,1122,0.0133388167869,9,0.9265070189925682,1.101471245821635e-05
YuJ_2015,2005,UniRef90_A0A076IQV2,1122,0.012552610543,9,0.9265070189925682,1.0365491777869529e-05
YuJ_2015,2006,UniRef90_H1B749,1122,0.012346384329199999,9,0.9265070189925682,1.0195197629397192e-05
YuJ_2015,2007,UniRef90_A0A3E4W3S1,1122,0.011464941035,9,0.9265070189925682,9.467333637489678e-06
YuJ_2015,2008,UniRef90_A0A1Y4U4C4,1122,0.0102228176398,9,0.9265070189925682,8.441633063418662e-06
YuJ_2015,2009,UniRef90_C8ZZG9,1122,0.01018836108958,9,0.9265070189925682,8.4131800904872e-06
YuJ_2015,2010,UniRef90_R6V8F2,1122,0.009941221845800001,9,0.9265070189925682,8.209101441618498e-06
YuJ_2015,2011,UniRef90_R5WZT6,1122,0.0098324540649,9,0.9265070189925682,8.119284942113956e-06
YuJ_2015,2012,UniRef90_I9S795,1122,0.00899778541,9,0.9265070189925682,7.430045755573906e-06
YuJ_2015,2013,UniRef90_B0G892,1122,0.0089289199929,9,0.9265070189925682,7.373179184888522e-06
YuJ_2015,2014,UniRef90_K6AKG6,1122,0.0089209199435,9,0.9265070189925682,7.366573033443435e-06
YuJ_2015,2015,UniRef90_D4CI50,1122,0.0086639320869,9,0.9265070189925682,7.154361756317094e-06
YuJ_2015,2016,UniRef90_D4LXM4,1122,0.0084797287076,9,0.9265070189925682,7.00225326804294e-06
YuJ_2015,2017,UniRef90_A0A3E2B0H7,1122,0.00832092001,9,0.9265070189925682,6.871114789430223e-06
YuJ_2015,2018,UniRef90_A0A3E2UBK5,1122,0.007620853599,9,0.9265070189925682,6.2930252675474814e-06
YuJ_2015,2019,UniRef90_A0A174D9D2,1122,0.0075984107395,9,0.9265070189925682,6.274492765895954e-06
YuJ_2015,2020,UniRef90_C0CK36,1122,0.0073963270184,9,0.9265070189925682,6.107619338067712e-06
YuJ_2015,2021,UniRef90_U2DPW0,1122,0.007324658427,9,0.9265070189925682,6.048438007431875e-06
YuJ_2015,2022,UniRef90_D4WMF0,1122,0.0071651865776,9,0.9265070189925682,5.916751922047894e-06
YuJ_2015,2023,UniRef90_R5U2V5,1122,0.0071391879435999004,9,0.9265070189925682,5.895283190421057e-06
YuJ_2015,2024,UniRef90_R7GY78,1122,0.006748894811,9,0.9265070189925682,5.5729932378199836e-06
YuJ_2015,2025,UniRef90_U2DJP4,1122,0.006720112418500001,9,0.9265070189925682,5.549225779108175e-06
YuJ_2015,2026,UniRef90_Q8A0Y7,1122,0.0067032594545,9,0.9265070189925682,5.5353092109826585e-06
YuJ_2015,2027,UniRef90_A0A3E5HHK3,1122,0.0066676778945000004,9,0.9265070189925682,5.50592724566474e-06
YuJ_2015,2028,UniRef90_R6JKD1,1122,0.0065444648063,9,0.9265070189925682,5.4041823338563165e-06
YuJ_2015,2029,UniRef90_U2DVT8,1122,0.006506330912,9,0.9265070189925682,5.372692743187448e-06
YuJ_2015,2030,UniRef90_Q8A5U5,1122,0.0064317033336,9,0.9265070189925682,5.311067988109001e-06
YuJ_2015,2031,UniRef90_E1WU23,1122,0.0063433650302,9,0.9265070189925682,5.238121412221304e-06
YuJ_2015,2032,UniRef90_R6JMP0,1122,0.0062729233885,9,0.9265070189925682,5.1799532522708504e-06
YuJ_2015,2033,UniRef90_A0A0P0FKE6,1122,0.0062573567222,9,0.9265070189925682,5.1670988622625924e-06
YuJ_2015,2034,UniRef90_A0A139KC75,1122,0.0062529211521,9,0.9265070189925682,5.163436128901734e-06
YuJ_2015,2035,UniRef90_A0A1G8QHE7,1122,0.0062146405732,9,0.9265070189925682,5.131825411395541e-06
YuJ_2015,2036,UniRef90_A0A371A8L1,1122,0.0061987666022999995,9,0.9265070189925682,5.118717260363336e-06
YuJ_2015,2037,UniRef90_D0TNB9,1122,0.0061539121818,9,0.9265070189925682,5.081678102229562e-06
YuJ_2015,2038,UniRef90_A0A1I5CTC2,1122,0.0061511828945,9,0.9265070189925682,5.0794243554913295e-06
YuJ_2015,2039,UniRef90_R6URI8,1122,0.0059810173868,9,0.9265070189925682,4.938907833856317e-06
YuJ_2015,2040,UniRef90_A0A2Z5TND2,1122,0.0059399394511,9,0.9265070189925682,4.90498716028076e-06
YuJ_2015,2041,UniRef90_F3ABX3,1122,0.0056522868627,9,0.9265070189925682,4.6674540567299755e-06
YuJ_2015,2042,UniRef90_C7H719,1122,0.0053649790009,9,0.9265070189925682,4.430205615937242e-06
YuJ_2015,2043,UniRef90_A0A174RK11,1122,0.0048110901382999996,9,0.9265070189925682,3.9728242265070186e-06
YuJ_2015,2044,UniRef90_B7ATA7,1122,0.0039802112168,9,0.9265070189925682,3.2867144647398843e-06
YuJ_2015,2045,UniRef90_A8S466,1122,0.0038713916542,9,0.9265070189925682,3.1968552057803468e-06
YuJ_2015,2046,UniRef90_C5EW14,1122,0.0024940736556,9,0.9265070189925682,2.0595158180016516e-06
YuJ_2015,2047,UniRef90_A0A330I026,1122,0.0005688439934,9,0.9265070189925682,4.6973079554087536e-07
YuJ_2015,2048,UniRef90_C4ZFG5,1121,0.24405544563599998,9,0.925681255161024,0.00020153215989760528
YuJ_2015,2049,UniRef90_F0R8V1,1121,0.040519400924,9,0.925681255161024,3.345945575887696e-05
YuJ_2015,2050,UniRef90_E5X3T8,1121,0.031041850396999998,9,0.925681255161024,2.563323732204789e-05
YuJ_2015,2051,UniRef90_A0A396AHV1,1121,0.0243891712977,9,0.925681255161024,2.0139695538976052e-05
YuJ_2015,2052,UniRef90_A0A076IYQ2,1121,0.02134094118,9,0.925681255161024,1.7622577357555738e-05
YuJ_2015,2053,UniRef90_A0A076INU9,1121,0.020415972527,9,0.925681255161024,1.6858771698596203e-05
YuJ_2015,2054,UniRef90_B6VSH7,1121,0.0199711893623,9,0.925681255161024,1.6491485848307185e-05
YuJ_2015,2055,UniRef90_A6KZ78,1121,0.0192925932559,9,0.925681255161024,1.593112572741536e-05
YuJ_2015,2056,UniRef90_UPI0009E190BF,1121,0.0192904616142,9,0.925681255161024,1.592936549479769e-05
YuJ_2015,2057,UniRef90_D1PNI7,1121,0.018664335919,9,0.925681255161024,1.541233354170107e-05
YuJ_2015,2058,UniRef90_C3R800,1121,0.0186349739509999,9,0.925681255161024,1.5388087490503634e-05
YuJ_2015,2059,UniRef90_D4VAA1,1121,0.018268219752000003,9,0.925681255161024,1.5085235137902563e-05
YuJ_2015,2060,UniRef90_A6KYN9,1121,0.017819007423,9,0.925681255161024,1.4714291843930636e-05
YuJ_2015,2061,UniRef90_A0A0K2HGY5,1121,0.017289368218,9,0.925681255161024,1.4276934944673823e-05
YuJ_2015,2062,UniRef90_A0A076IYA4,1121,0.01713218726,9,0.925681255161024,1.4147140594549959e-05
YuJ_2015,2063,UniRef90_A6KWL3,1121,0.01709653204,9,0.925681255161024,1.4117697803468209e-05
YuJ_2015,2064,UniRef90_A0A076IWC0,1121,0.016956513581,9,0.925681255161024,1.4002075624277457e-05
YuJ_2015,2065,UniRef90_A0A0N7J6K9,1121,0.016915664681,9,0.925681255161024,1.3968344080099091e-05
YuJ_2015,2066,UniRef90_E5UP80,1121,0.016692879979,9,0.925681255161024,1.3784376530966144e-05
YuJ_2015,2067,UniRef90_D1K3W1,1121,0.0166707311465,9,0.925681255161024,1.3766086826176714e-05
YuJ_2015,2068,UniRef90_A6KYJ4,1121,0.0164750486372999,9,0.925681255161024,1.360449928761346e-05
YuJ_2015,2069,UniRef90_A0A396F406,1121,0.016375430038,9,0.925681255161024,1.3522237851362509e-05
YuJ_2015,2070,UniRef90_A0A395YWN9,1121,0.016151929605,9,0.925681255161024,1.3337679277456648e-05
YuJ_2015,2071,UniRef90_A0A0K2HH17,1121,0.016011008834,9,0.925681255161024,1.3221312001651529e-05
YuJ_2015,2072,UniRef90_A0A076J627,1121,0.01593422713,9,0.925681255161024,1.3157908447563997e-05
YuJ_2015,2073,UniRef90_B6VX34,1121,0.0158859312434,9,0.925681255161024,1.3118027451197357e-05
YuJ_2015,2074,UniRef90_D4JSK0,1121,0.0157803810826,9,0.925681255161024,1.3030867945995044e-05
YuJ_2015,2075,UniRef90_A0A3F3K7G2,1121,0.0157312800614,9,0.925681255161024,1.2990322098596202e-05
YuJ_2015,2076,UniRef90_A0A139KJE5,1121,0.0154864340927,9,0.925681255161024,1.2788137153344344e-05
YuJ_2015,2077,UniRef90_A0A076JBZ1,1121,0.015476410115999999,9,0.925681255161024,1.2779859715937242e-05
YuJ_2015,2078,UniRef90_A0A0P0M4D2,1121,0.0154495079464,9,0.925681255161024,1.2757644877291495e-05
YuJ_2015,2079,UniRef90_A0A0M1W5V2,1121,0.0154321450313,9,0.925681255161024,1.2743307209991742e-05
YuJ_2015,2080,UniRef90_A0A0K2HL46,1121,0.0151196514753,9,0.925681255161024,1.2485261333856317e-05
YuJ_2015,2081,UniRef90_U6RRN0,1121,0.014735280169,9,0.925681255161024,1.2167861411230389e-05
YuJ_2015,2082,UniRef90_A0A396FF91,1121,0.014721961815,9,0.925681255161024,1.2156863596201486e-05
YuJ_2015,2083,UniRef90_A0A3E5H739,1121,0.0145736177826,9,0.925681255161024,1.2034366459620148e-05
YuJ_2015,2084,UniRef90_A0A076IR62,1121,0.0141483752579,9,0.925681255161024,1.1683216563088356e-05
YuJ_2015,2085,UniRef90_Q64YL9,1121,0.013558152975000001,9,0.925681255161024,1.1195832349298101e-05
YuJ_2015,2086,UniRef90_R6B5N2,1121,0.0134719713172,9,0.925681255161024,1.1124666653344343e-05
YuJ_2015,2087,UniRef90_D4JA60,1121,0.0134268251426999,9,0.925681255161024,1.1087386575309579e-05
YuJ_2015,2088,UniRef90_A0A2J4JLE3,1121,0.0129033473378,9,0.925681255161024,1.0655117537407101e-05
YuJ_2015,2089,UniRef90_F7LTX8,1121,0.012627480272599901,9,0.925681255161024,1.042731649265062e-05
YuJ_2015,2090,UniRef90_A0A173Y2D2,1121,0.012600958267999899,9,0.925681255161024,1.040541558051189e-05
YuJ_2015,2091,UniRef90_A0A076IV24,1121,0.011351687892,9,0.925681255161024,9.373813288191578e-06
YuJ_2015,2092,UniRef90_A0A0M6WF48,1121,0.009708045725,9,0.925681255161024,8.016553034682081e-06
YuJ_2015,2093,UniRef90_U2B939,1121,0.0092989223969,9,0.925681255161024,7.67871378769612e-06
YuJ_2015,2094,UniRef90_A0A174SFY1,1121,0.0088579778896,9,0.925681255161024,7.314597761849711e-06
YuJ_2015,2095,UniRef90_A0A395XD11,1121,0.0082325393639,9,0.925681255161024,6.798133248472337e-06
YuJ_2015,2096,UniRef90_Q8A250,1121,0.0080222711014,9,0.925681255161024,6.6245013223782e-06
YuJ_2015,2097,UniRef90_A0A139L9V6,1121,0.0079617440493,9,0.925681255161024,6.57452027192403e-06
YuJ_2015,2098,UniRef90_Q8A3C0,1121,0.0078130600363,9,0.925681255161024,6.451742391659785e-06
YuJ_2015,2099,UniRef90_A0A174KK60,1121,0.0072239203406,9,0.925681255161024,5.9652521392237815e-06
YuJ_2015,2100,UniRef90_A0A0K6BRB2,1121,0.006942401873,9,0.925681255161024,5.732784370767961e-06
YuJ_2015,2101,UniRef90_R6DPV0,1121,0.0068488239859,9,0.925681255161024,5.655511136168456e-06
YuJ_2015,2102,UniRef90_A0A139L6D5,1121,0.0067483442994,9,0.925681255161024,5.572538645251858e-06
YuJ_2015,2103,UniRef90_C3Q9Z8,1121,0.0067051895836,9,0.925681255161024,5.53690304178365e-06
YuJ_2015,2104,UniRef90_R6J6S5,1121,0.0066976261870000005,9,0.925681255161024,5.530657462427746e-06
YuJ_2015,2105,UniRef90_A0A1G6GC26,1121,0.006580546895800001,9,0.925681255161024,5.433977618331957e-06
YuJ_2015,2106,UniRef90_Q8A1A4,1121,0.0065691519337,9,0.925681255161024,5.42456807076796e-06
YuJ_2015,2107,UniRef90_R5U8M7,1121,0.00656489114,9,0.925681255161024,5.421049661436829e-06
YuJ_2015,2108,UniRef90_A0A396E4B5,1121,0.0065541810494,9,0.925681255161024,5.412205655986788e-06
YuJ_2015,2109,UniRef90_R6JCE0,1121,0.0063776868076,9,0.925681255161024,5.266463094632535e-06
YuJ_2015,2110,UniRef90_R5J413,1121,0.0063147382775,9,0.925681255161024,5.214482475227085e-06
YuJ_2015,2111,UniRef90_A0A371A4J5,1121,0.0059085539569,9,0.925681255161024,4.87907015433526e-06
YuJ_2015,2112,UniRef90_D7J3H2,1121,0.0057448402906,9,0.925681255161024,4.743881329975227e-06
YuJ_2015,2113,UniRef90_R5IJG8,1121,0.0014945299607,9,0.925681255161024,1.2341287867052024e-06
YuJ_2015,2114,UniRef90_D4MRJ0,1121,0.000823893789,9,0.925681255161024,6.803416919900909e-07
YuJ_2015,2115,UniRef90_A0A076IXF3,1120,0.041814385238000004,9,0.9248554913294798,3.452880696779521e-05
YuJ_2015,2116,UniRef90_F3PNR1,1120,0.021775224169,9,0.9248554913294798,1.7981192542526837e-05
YuJ_2015,2117,UniRef90_A0A174NH79,1120,0.021731433837000002,9,0.9248554913294798,1.7945032070189927e-05
YuJ_2015,2118,UniRef90_U6R7V5,1120,0.021397422195199998,9,0.9248554913294798,1.7669217337076795e-05
YuJ_2015,2119,UniRef90_S0F674,1120,0.020104076909,9,0.9248554913294798,1.6601219578034682e-05
YuJ_2015,2120,UniRef90_A6L013,1120,0.019634199307,9,0.9248554913294798,1.6213211649050372e-05
YuJ_2015,2121,UniRef90_A0A076IMH5,1120,0.0194644608533,9,0.9248554913294798,1.6073047773162674e-05
YuJ_2015,2122,UniRef90_A0A0P0LMG6,1120,0.019053522943,9,0.9248554913294798,1.573371010982659e-05
YuJ_2015,2123,UniRef90_A0A0M1VZG1,1120,0.018989805354,9,0.9248554913294798,1.5681094429397195e-05
YuJ_2015,2124,UniRef90_A6KZK0,1120,0.018984570861,9,0.9248554913294798,1.567677197440132e-05
YuJ_2015,2125,UniRef90_A6L0V6,1120,0.0185038403611,9,0.9248554913294798,1.527980211486375e-05
YuJ_2015,2126,UniRef90_A0A0P0LKS4,1120,0.0183851101907,9,0.9248554913294798,1.5181759034434353e-05
YuJ_2015,2127,UniRef90_A0A0M6W9J4,1120,0.0181442202847999,9,0.9248554913294798,1.498284086275797e-05
YuJ_2015,2128,UniRef90_C3R9H8,1120,0.018125667128,9,0.9248554913294798,1.4967520336911644e-05
YuJ_2015,2129,UniRef90_U6RBT0,1120,0.017944794073000002,9,0.9248554913294798,1.4818161909991744e-05
YuJ_2015,2130,UniRef90_A0A0P0LDV8,1120,0.0178504293903,9,0.9248554913294798,1.4740238968042941e-05
YuJ_2015,2131,UniRef90_A0A076J1I5,1120,0.017743386490999997,9,0.9248554913294798,1.4651846813377372e-05
YuJ_2015,2132,UniRef90_A6L170,1120,0.0177119519406,9,0.9248554913294798,1.4625889298596202e-05
YuJ_2015,2133,UniRef90_A0A174VSZ2,1120,0.017470697237,9,0.9248554913294798,1.442666989017341e-05
YuJ_2015,2134,UniRef90_A0A076ILV8,1120,0.017353247544,9,0.9248554913294798,1.4329684181668042e-05
YuJ_2015,2135,UniRef90_D1K3W2,1120,0.017308346482,9,0.9248554913294798,1.4292606508670521e-05
YuJ_2015,2136,UniRef90_A0A1Y4PGW2,1120,0.01729044902,9,0.9248554913294798,1.4277827431874484e-05
YuJ_2015,2137,UniRef90_B6VXC1,1120,0.017199922714,9,0.9248554913294798,1.4203074082576383e-05
YuJ_2015,2138,UniRef90_A0A0K2HGW6,1120,0.0170692594688,9,0.9248554913294798,1.4095177100578033e-05
YuJ_2015,2139,UniRef90_A0A076IHJ6,1120,0.016916257632,9,0.9248554913294798,1.396883371758877e-05
YuJ_2015,2140,UniRef90_A0A3E4WY27,1120,0.016850879609999998,9,0.9248554913294798,1.3914846911643269e-05
YuJ_2015,2141,UniRef90_A0A0K2HFA0,1120,0.016764283953,9,0.9248554913294798,1.3843339350123864e-05
YuJ_2015,2142,UniRef90_A6KXY5,1120,0.016688062612,9,0.9248554913294798,1.3780398523534269e-05
YuJ_2015,2143,UniRef90_A0A0N7J6U8,1120,0.016687719413,9,0.9248554913294798,1.3780115122213046e-05
YuJ_2015,2144,UniRef90_D1K2T2,1120,0.016666818081000002,9,0.9248554913294798,1.376285555821635e-05
YuJ_2015,2145,UniRef90_A6L175,1120,0.0164201957369999,9,0.9248554913294798,1.3559203746490421e-05
YuJ_2015,2146,UniRef90_A0A396F0Z1,1120,0.016371837592,9,0.9248554913294798,1.3519271339388936e-05
YuJ_2015,2147,UniRef90_A0A0K2HFX1,1120,0.016350039380599903,9,0.9248554913294798,1.350127116482238e-05
YuJ_2015,2148,UniRef90_B0GA91,1120,0.016118556892,9,0.9248554913294798,1.3310121298100744e-05
YuJ_2015,2149,UniRef90_A0A1Q6J7F6,1120,0.016054605876,9,0.9248554913294798,1.325731286209744e-05
YuJ_2015,2150,UniRef90_B6VV90,1120,0.01603315706,9,0.9248554913294798,1.3239601205615195e-05
YuJ_2015,2151,UniRef90_A0A078QY88,1120,0.015896855712000002,9,0.9248554913294798,1.3127048482246078e-05
YuJ_2015,2152,UniRef90_A0A076IVX3,1120,0.01571408071,9,0.9248554913294798,1.2976119496284064e-05
YuJ_2015,2153,UniRef90_A0A0K2HJE7,1120,0.015697054964600003,9,0.9248554913294798,1.2962060251527665e-05
YuJ_2015,2154,UniRef90_A0A076IZD8,1120,0.0154255608536,9,0.9248554913294798,1.2737870234186622e-05
YuJ_2015,2155,UniRef90_A0A0P0M5C6,1120,0.014949997862,9,0.9248554913294798,1.2345167516102396e-05
YuJ_2015,2156,UniRef90_R7CY82,1120,0.014946239141,9,0.9248554913294798,1.2342063700247728e-05
YuJ_2015,2157,UniRef90_A0A076J5J6,1120,0.0149430665889,9,0.9248554913294798,1.2339443921469859e-05
YuJ_2015,2158,UniRef90_A6KZM1,1120,0.014933058854999999,9,0.9248554913294798,1.233117989677952e-05
YuJ_2015,2159,UniRef90_F4XGN4,1120,0.0148021961088,9,0.9248554913294798,1.2223118174071016e-05
YuJ_2015,2160,UniRef90_A0A0P0M145,1120,0.014666592028,9,0.9248554913294798,1.2111141228736582e-05
YuJ_2015,2161,UniRef90_A8S8F3,1120,0.0145145329619999,9,0.9248554913294798,1.1985576351775309e-05
YuJ_2015,2162,UniRef90_B6VU62,1120,0.0144651666142,9,0.9248554913294798,1.1944811407266722e-05
YuJ_2015,2163,UniRef90_A0A0P0L0J3,1120,0.014332476387,9,0.9248554913294798,1.1835240616845582e-05
YuJ_2015,2164,UniRef90_C5ERA7,1120,0.0131012238674,9,0.9248554913294798,1.0818516818662262e-05
YuJ_2015,2165,UniRef90_A0A3E4E7J9,1120,0.0120147668749,9,0.9248554913294798,9.921359929727497e-06
YuJ_2015,2166,UniRef90_C5ERC9,1120,0.0117800445307,9,0.9248554913294798,9.727534707431874e-06
YuJ_2015,2167,UniRef90_Q89ZR3,1120,0.0116815773444,9,0.9248554913294798,9.646224066391413e-06
YuJ_2015,2168,UniRef90_A6L3G1,1120,0.0114288559235,9,0.9248554913294798,9.437535857555739e-06
YuJ_2015,2169,UniRef90_A0A076IQA4,1120,0.011396147652,9,0.9248554913294798,9.410526549958711e-06
YuJ_2015,2170,UniRef90_A7VI75,1120,0.0112894158395,9,0.9248554913294798,9.322391279521057e-06
YuJ_2015,2171,UniRef90_A0A1Y4MKN9,1120,0.011030118333000001,9,0.9248554913294798,9.108272777043766e-06
YuJ_2015,2172,UniRef90_A0A395V8D4,1120,0.009647779615100001,9,0.9248554913294798,7.966787460858794e-06
YuJ_2015,2173,UniRef90_A0A173VAN3,1120,0.0081328527028,9,0.9248554913294798,6.7158156092485545e-06
YuJ_2015,2174,UniRef90_F7K2D4,1120,0.007990931191,9,0.9248554913294798,6.5986219578860445e-06
YuJ_2015,2175,UniRef90_R6JE84,1120,0.007720144879,9,0.9248554913294798,6.375016415359208e-06
YuJ_2015,2176,UniRef90_Q8A2U2,1120,0.0073139198437,9,0.9248554913294798,6.0395704737407105e-06
YuJ_2015,2177,UniRef90_D4K2K9,1120,0.0070564100089999995,9,0.9248554913294798,5.826928165978529e-06
YuJ_2015,2178,UniRef90_D6D803,1120,0.0067418490192,9,0.9248554913294798,5.567175077786953e-06
YuJ_2015,2179,UniRef90_R6JJ34,1120,0.0065312546104,9,0.9248554913294798,5.393273831874484e-06
YuJ_2015,2180,UniRef90_R5MMU2,1120,0.0064944393738,9,0.9248554913294798,5.3628731410404626e-06
YuJ_2015,2181,UniRef90_A0A396DHI3,1120,0.0063941672588,9,0.9248554913294798,5.280072055161024e-06
YuJ_2015,2182,UniRef90_A0A3E5HGG9,1120,0.0063127878832,9,0.9248554913294798,5.2128719101568955e-06
YuJ_2015,2183,UniRef90_R5U4M6,1120,0.0062522877173,9,0.9248554913294798,5.162913061354253e-06
YuJ_2015,2184,UniRef90_Q8A0Y3,1120,0.0061804965617999995,9,0.9248554913294798,5.103630521717588e-06
YuJ_2015,2185,UniRef90_R6JR19,1120,0.006100698682,9,0.9248554913294798,5.037736318744839e-06
YuJ_2015,2186,UniRef90_R6JD81,1120,0.0060959492171,9,0.9248554913294798,5.03381438241123e-06
YuJ_2015,2187,UniRef90_A0A0P0EUX2,1120,0.0059631000778,9,0.9248554913294798,4.924112368125516e-06
YuJ_2015,2188,UniRef90_A0A3E5HZ02,1120,0.0059571823049,9,0.9248554913294798,4.919225685301404e-06
YuJ_2015,2189,UniRef90_A0A396E160,1120,0.0057969681505,9,0.9248554913294798,4.786926631296449e-06
YuJ_2015,2190,UniRef90_Q8A005,1120,0.0057928073105,9,0.9248554913294798,4.783490760115607e-06
YuJ_2015,2191,UniRef90_A0A395VTL6,1120,0.0057870499659,9,0.9248554913294798,4.77873655317919e-06
YuJ_2015,2192,UniRef90_B0NEZ3,1120,0.0057256092786998995,9,0.9248554913294798,4.7280010559041285e-06
YuJ_2015,2193,UniRef90_R6JK76,1120,0.0055916854407,9,0.9248554913294798,4.617411594302229e-06
YuJ_2015,2194,UniRef90_A0A174WP84,1120,0.0055095655580499996,9,0.9248554913294798,4.5495999653592066e-06
YuJ_2015,2195,UniRef90_R6JRP7,1120,0.0048077627841,9,0.9248554913294798,3.9700766177539225e-06
YuJ_2015,2196,UniRef90_C0D874,1120,0.0041348945201,9,0.9248554913294798,3.4144463419488024e-06
YuJ_2015,2197,UniRef90_A0A134CL11,1120,0.0039574737904,9,0.9248554913294798,3.267938720396367e-06
YuJ_2015,2198,UniRef90_T5RX12,1120,0.00226131072,9,0.9248554913294798,1.8673086044591247e-06
YuJ_2015,2199,UniRef90_A0A3B8UPW3,1120,0.0003740052939,9,0.9248554913294798,3.088400445086705e-07
YuJ_2015,2200,UniRef90_K0WTB3,1119,0.068170585202,9,0.9240297274979355,5.6292803635012394e-05
YuJ_2015,2201,UniRef90_A0A174CRA0,1119,0.022617225781399998,9,0.9240297274979355,1.8676487020148635e-05
YuJ_2015,2202,UniRef90_I8WFL2,1119,0.020025073042,9,0.9240297274979355,1.6535981042113957e-05
YuJ_2015,2203,UniRef90_A0A176UA43,1119,0.018670098252,9,0.9240297274979355,1.5417091867877788e-05
YuJ_2015,2204,UniRef90_A0A076IZY4,1119,0.0184943621420999,9,0.9240297274979355,1.5271975344426013e-05
YuJ_2015,2205,UniRef90_A0A397WKY4,1119,0.0182143853104,9,0.9240297274979355,1.5040780603137903e-05
YuJ_2015,2206,UniRef90_A0A076IMG8,1119,0.0181829962827,9,0.9240297274979355,1.5014860679355904e-05
YuJ_2015,2207,UniRef90_A0A0K2HHP6,1119,0.018095038809,9,0.9240297274979355,1.4942228578860447e-05
YuJ_2015,2208,UniRef90_A6L0V2,1119,0.0180575831383,9,0.9240297274979355,1.4911299040710156e-05
YuJ_2015,2209,UniRef90_A0A0P0LLB5,1119,0.018004189399,9,0.9240297274979355,1.4867208421965318e-05
YuJ_2015,2210,UniRef90_G5SSK1,1119,0.0176994640791,9,0.9240297274979355,1.4615577274236168e-05
YuJ_2015,2211,UniRef90_D4VCM7,1119,0.0176339841759999,9,0.9240297274979355,1.4561506338563088e-05
YuJ_2015,2212,UniRef90_A0A0K2HHG8,1119,0.017616852342,9,0.9240297274979355,1.4547359489677951e-05
YuJ_2015,2213,UniRef90_A0A0K2HIB7,1119,0.01760049758,9,0.9240297274979355,1.4533854318744838e-05
YuJ_2015,2214,UniRef90_A0A0P0LDE8,1119,0.017563817764399997,9,0.9240297274979355,1.4503565453674647e-05
YuJ_2015,2215,UniRef90_A0A076IV18,1119,0.0172892717099999,9,0.9240297274979355,1.4276855251857887e-05
YuJ_2015,2216,UniRef90_A0A174GGQ3,1119,0.017284709804,9,0.9240297274979355,1.4273088194880265e-05
YuJ_2015,2217,UniRef90_A6KZZ5,1119,0.017194917788,9,0.9240297274979355,1.4198941195706027e-05
YuJ_2015,2218,UniRef90_A0A076IWD1,1119,0.017130940405,9,0.9240297274979355,1.4146110986787779e-05
YuJ_2015,2219,UniRef90_A0A174WY71,1119,0.017069078189,9,0.9240297274979355,1.4095027406275806e-05
YuJ_2015,2220,UniRef90_A0A0P0LGD0,1119,0.016932676084399998,9,0.9240297274979355,1.3982391481750618e-05
YuJ_2015,2221,UniRef90_I9R2L8,1119,0.0167976425224,9,0.9240297274979355,1.3870885650206441e-05
YuJ_2015,2222,UniRef90_A0A076J5E7,1119,0.016777867032,9,0.9240297274979355,1.3854555765483073e-05
YuJ_2015,2223,UniRef90_A6L100,1119,0.016750425361,9,0.9240297274979355,1.3831895426094137e-05
YuJ_2015,2224,UniRef90_A0A174L6I2,1119,0.0166529598127,9,0.9240297274979355,1.3751411901486375e-05
YuJ_2015,2225,UniRef90_A0A1Y3ZJ45,1119,0.016631377517,9,0.9240297274979355,1.3733590022295624e-05
YuJ_2015,2226,UniRef90_A0A139K4G6,1119,0.0163969162237,9,0.9240297274979355,1.3539980366391412e-05
YuJ_2015,2227,UniRef90_A6L2J2,1119,0.0163373808992,9,0.9240297274979355,1.3490818248720067e-05
YuJ_2015,2228,UniRef90_A0A396FCJ5,1119,0.0162870584205,9,0.9240297274979355,1.3449263765895953e-05
YuJ_2015,2229,UniRef90_A0A076IY52,1119,0.016212194214,9,0.9240297274979355,1.3387443611891e-05
YuJ_2015,2230,UniRef90_A0A076J3P7,1119,0.0161459457637,9,0.9240297274979355,1.3332738037737407e-05
YuJ_2015,2231,UniRef90_I9FSY7,1119,0.016037126135999998,9,0.9240297274979355,1.3242878725020643e-05
YuJ_2015,2232,UniRef90_A0A0P0L4N1,1119,0.0158516171127,9,0.9240297274979355,1.3089692083154418e-05
YuJ_2015,2233,UniRef90_A0A076IJE6,1119,0.015796532981,9,0.9240297274979355,1.3044205599504541e-05
YuJ_2015,2234,UniRef90_A0A397WKL3,1119,0.0157661413167,9,0.9240297274979355,1.3019109262345169e-05
YuJ_2015,2235,UniRef90_A6L1L8,1119,0.015757467467,9,0.9240297274979355,1.3011946710982658e-05
YuJ_2015,2236,UniRef90_I8WFG7,1119,0.015677729724,9,0.9240297274979355,1.2946102166804294e-05
YuJ_2015,2237,UniRef90_D4V3D2,1119,0.015665142024,9,0.9240297274979355,1.2935707699421965e-05
YuJ_2015,2238,UniRef90_A6KXU8,1119,0.015536555333,9,0.9240297274979355,1.2829525460776218e-05
YuJ_2015,2239,UniRef90_C3R9N0,1119,0.015465813019000001,9,0.9240297274979355,1.2771109016515277e-05
YuJ_2015,2240,UniRef90_D1PLZ5,1119,0.015448843825820001,9,0.9240297274979355,1.2757096470536747e-05
YuJ_2015,2241,UniRef90_U6RSF2,1119,0.015160464588,9,0.9240297274979355,1.2518963326176713e-05
YuJ_2015,2242,UniRef90_A0A174YSV0,1119,0.015052755842999999,9,0.9240297274979355,1.2430021340214697e-05
YuJ_2015,2243,UniRef90_I8WGA2,1119,0.014873980899,9,0.9240297274979355,1.2282395457473163e-05
YuJ_2015,2244,UniRef90_A0A0P0M4X5,1119,0.0146809447715,9,0.9240297274979355,1.2122993205202313e-05
YuJ_2015,2245,UniRef90_A0A0P0L9Z5,1119,0.0145874237399,9,0.9240297274979355,1.2045766919818332e-05
YuJ_2015,2246,UniRef90_I8ZBR2,1119,0.014501509317,9,0.9240297274979355,1.1974821896779521e-05
YuJ_2015,2247,UniRef90_A0A3E4XQG6,1119,0.0141701651055,9,0.9240297274979355,1.1701209831131297e-05
YuJ_2015,2248,UniRef90_A0A0M1W407,1119,0.014092004130900001,9,0.9240297274979355,1.1636667325268375e-05
YuJ_2015,2249,UniRef90_D4V6M4,1119,0.0139677531787,9,0.9240297274979355,1.153406538290669e-05
YuJ_2015,2250,UniRef90_A0A3E5E3S0,1119,0.013937302975,9,0.9240297274979355,1.1508920706028076e-05
YuJ_2015,2251,UniRef90_A0A076IQ49,1119,0.0138367975055999,9,0.9240297274979355,1.1425926924525103e-05
YuJ_2015,2252,UniRef90_A0A0P0M392,1119,0.013746906979700001,9,0.9240297274979355,1.1351698579438481e-05
YuJ_2015,2253,UniRef90_A0A3E4JRE0,1119,0.0137332428315,9,0.9240297274979355,1.1340415220066061e-05
YuJ_2015,2254,UniRef90_U6RP94,1119,0.013460017912999899,9,0.9240297274979355,1.1114795964492072e-05
YuJ_2015,2255,UniRef90_C5EWQ0,1119,0.0134120634186,9,0.9240297274979355,1.1075196877456647e-05
YuJ_2015,2256,UniRef90_D4VBS8,1119,0.0134108858051,9,0.9240297274979355,1.1074224446820809e-05
YuJ_2015,2257,UniRef90_A0A397WMH6,1119,0.013199727880000001,9,0.9240297274979355,1.0899857869529315e-05
YuJ_2015,2258,UniRef90_A0A139KDS5,1119,0.0131131665054,9,0.9240297274979355,1.0828378617175887e-05
YuJ_2015,2259,UniRef90_B7ARS6,1119,0.0123464062328,9,0.9240297274979355,1.0195215716597854e-05
YuJ_2015,2260,UniRef90_A7VAS8,1119,0.0123011255731,9,0.9240297274979355,1.0157824585549132e-05
YuJ_2015,2261,UniRef90_U2R5B2,1119,0.0121136352497,9,0.9240297274979355,1.0003001857720892e-05
YuJ_2015,2262,UniRef90_F3AAH7,1119,0.0101357542342,9,0.9240297274979355,8.36973925202312e-06
YuJ_2015,2263,UniRef90_A0A3E2U1R8,1119,0.0092245261571,9,0.9240297274979355,7.617280063666391e-06
YuJ_2015,2264,UniRef90_A0A395ZUR8,1119,0.008940759885599999,9,0.9240297274979355,7.382956140049545e-06
YuJ_2015,2265,UniRef90_A0A1L5KWS6,1119,0.0071720750734,9,0.9240297274979355,5.922440192733278e-06
YuJ_2015,2266,UniRef90_A0A374NNH8,1119,0.007037725226999999,9,0.9240297274979355,5.811498948802642e-06
YuJ_2015,2267,UniRef90_A5ZF89,1119,0.007014417678,9,0.9240297274979355,5.7922524178364985e-06
YuJ_2015,2268,UniRef90_A0A1C7H237,1119,0.0069777955684,9,0.9240297274979355,5.762011204293972e-06
YuJ_2015,2269,UniRef90_R6V1F1,1119,0.006906485613,9,0.9240297274979355,5.703126022295623e-06
YuJ_2015,2270,UniRef90_R5RSP5,1119,0.0067746236373,9,0.9240297274979355,5.594239172006606e-06
YuJ_2015,2271,UniRef90_A0A174QXJ7,1119,0.0066898819063,9,0.9240297274979355,5.52426251552436e-06
YuJ_2015,2272,UniRef90_D7J066,1119,0.006676019089,9,0.9240297274979355,5.5128151023947156e-06
YuJ_2015,2273,UniRef90_Q8A4M8,1119,0.0066758794112,9,0.9240297274979355,5.512699761519406e-06
YuJ_2015,2274,UniRef90_A0A0P0EPP4,1119,0.0065793843437000005,9,0.9240297274979355,5.433017624855492e-06
YuJ_2015,2275,UniRef90_A0A0P0EX92,1119,0.0065040761409,9,0.9240297274979355,5.3708308347646574e-06
YuJ_2015,2276,UniRef90_R6KA29,1119,0.006443863677,9,0.9240297274979355,5.321109559867878e-06
YuJ_2015,2277,UniRef90_A0A0P0FJV2,1119,0.0064398977132,9,0.9240297274979355,5.317834610404624e-06
YuJ_2015,2278,UniRef90_R6JF89,1119,0.0063244929376,9,0.9240297274979355,5.222537520726672e-06
YuJ_2015,2279,UniRef90_Q8A5G4,1119,0.0063077250375,9,0.9240297274979355,5.208691195293146e-06
YuJ_2015,2280,UniRef90_Q8A1A0,1119,0.0061789673529999995,9,0.9240297274979355,5.102367756399669e-06
YuJ_2015,2281,UniRef90_Q8A8Y4,1119,0.0061441476746,9,0.9240297274979355,5.073614925350949e-06
YuJ_2015,2282,UniRef90_A0A139JTX3,1119,0.006090729977500001,9,0.9240297274979355,5.029504523121388e-06
YuJ_2015,2283,UniRef90_R6JCC1,1119,0.0060829250703,9,0.9240297274979355,5.023059513047068e-06
YuJ_2015,2284,UniRef90_A0A173U5W5,1119,0.0060768551905,9,0.9240297274979355,5.0180472258464084e-06
YuJ_2015,2285,UniRef90_A0A069D0E5,1119,0.0060624091525,9,0.9240297274979355,5.006118210156895e-06
YuJ_2015,2286,UniRef90_A7M5T6,1119,0.0059226721321999996,9,0.9240297274979355,4.8907284328654e-06
YuJ_2015,2287,UniRef90_R6K8Z3,1119,0.0059189891724,9,0.9240297274979355,4.8876871778695295e-06
YuJ_2015,2288,UniRef90_Q8A5I9,1119,0.0059082626708,9,0.9240297274979355,4.8788296208092486e-06
YuJ_2015,2289,UniRef90_R7KUM4,1119,0.0058047538246,9,0.9240297274979355,4.79335575937242e-06
YuJ_2015,2290,UniRef90_A0A0P0F8B5,1119,0.0058030673286,9,0.9240297274979355,4.791963111973575e-06
YuJ_2015,2291,UniRef90_K5CAD5,1119,0.0057619660637000004,9,0.9240297274979355,4.758023173988439e-06
YuJ_2015,2292,UniRef90_B5CST0,1119,0.0056955826564,9,0.9240297274979355,4.703206157225433e-06
YuJ_2015,2293,UniRef90_D4J5V6,1119,0.0056653055623,9,0.9240297274979355,4.678204427993394e-06
YuJ_2015,2294,UniRef90_R6D817,1119,0.00562967645,9,0.9240297274979355,4.648783195706028e-06
YuJ_2015,2295,UniRef90_R6JC60,1119,0.005578276767499999,9,0.9240297274979355,4.6063391969446735e-06
YuJ_2015,2296,UniRef90_R6J9F9,1119,0.0054902657619,9,0.9240297274979355,4.533662891742361e-06
YuJ_2015,2297,UniRef90_R5C1U7,1119,0.0054613092877,9,0.9240297274979355,4.50975168265896e-06
YuJ_2015,2298,UniRef90_A0A174IDF9,1119,0.005452561822,9,0.9240297274979355,4.502528341866227e-06
YuJ_2015,2299,UniRef90_R6JH80,1119,0.005323904033,9,0.9240297274979355,4.396287393063584e-06
YuJ_2015,2300,UniRef90_A0A173Z243,1119,0.0053134905311,9,0.9240297274979355,4.387688299834847e-06
YuJ_2015,2301,UniRef90_I9JFK4,1119,0.0053115574474000005,9,0.9240297274979355,4.38609202923204e-06
YuJ_2015,2302,UniRef90_E5CFD6,1119,0.005288693168,9,0.9240297274979355,4.367211534269199e-06
YuJ_2015,2303,UniRef90_R6DNC6,1119,0.0050196764119,9,0.9240297274979355,4.145067227002478e-06
YuJ_2015,2304,UniRef90_R6JP09,1119,0.0046110614468,9,0.9240297274979355,3.807647767795211e-06
YuJ_2015,2305,UniRef90_A0A373B287,1119,0.0042692198742,9,0.9240297274979355,3.525367361023947e-06
YuJ_2015,2306,UniRef90_G2SZ75,1118,0.0962976668514,9,0.9232039636663915,7.951913034797687e-05
YuJ_2015,2307,UniRef90_D4LVI9,1118,0.058583076311700004,9,0.9232039636663915,4.837578555879439e-05
YuJ_2015,2308,UniRef90_C4Z5E3,1118,0.054785008857,9,0.9232039636663915,4.523947882493807e-05
YuJ_2015,2309,UniRef90_A0A0E2H0J4,1118,0.0390495445037,9,0.9232039636663915,3.224570148943022e-05
YuJ_2015,2310,UniRef90_E6SNS4,1118,0.023014823888,9,0.9232039636663915,1.9004809156069364e-05
YuJ_2015,2311,UniRef90_A0A2A7BB99,1118,0.0209364195087,9,0.9232039636663915,1.7288537992320396e-05
YuJ_2015,2312,UniRef90_A6L091,1118,0.0207411715982,9,0.9232039636663915,1.712730932964492e-05
YuJ_2015,2313,UniRef90_A0A0P0LCY3,1118,0.020465978553,9,0.9232039636663915,1.690006486622626e-05
YuJ_2015,2314,UniRef90_A0A0P0LNX3,1118,0.020436579518,9,0.9232039636663915,1.687578820644096e-05
YuJ_2015,2315,UniRef90_A6KZJ8,1118,0.020387921014,9,0.9232039636663915,1.683560777374071e-05
YuJ_2015,2316,UniRef90_C3RAI4,1118,0.020271151864,9,0.9232039636663915,1.6739184033030555e-05
YuJ_2015,2317,UniRef90_B6VXB6,1118,0.019549212208,9,0.9232039636663915,1.6143032376548306e-05
YuJ_2015,2318,UniRef90_A0A076J4P5,1118,0.0194191885992,9,0.9232039636663915,1.6035663583154417e-05
YuJ_2015,2319,UniRef90_A0A0K2HFZ2,1118,0.019062179558200002,9,0.9232039636663915,1.5740858429562346e-05
YuJ_2015,2320,UniRef90_A0A1Y4PSH3,1118,0.0189655309058,9,0.9232039636663915,1.5661049468042938e-05
YuJ_2015,2321,UniRef90_A6KZL8,1118,0.018765527958999998,9,0.9232039636663915,1.5495894268373243e-05
YuJ_2015,2322,UniRef90_A0A076J3M3,1118,0.018747091533,9,0.9232039636663915,1.5480670134599502e-05
YuJ_2015,2323,UniRef90_A0A174FZ57,1118,0.0187092647857,9,0.9232039636663915,1.5449434174814205e-05
YuJ_2015,2324,UniRef90_D4VA04,1118,0.018562505447999998,9,0.9232039636663915,1.5328245621800164e-05
YuJ_2015,2325,UniRef90_D4V870,1118,0.018470414137,9,0.9232039636663915,1.5252199947976877e-05
YuJ_2015,2326,UniRef90_C3RA93,1118,0.018317611971,9,0.9232039636663915,1.512602144591247e-05
YuJ_2015,2327,UniRef90_A6L0W8,1118,0.018104722514,9,0.9232039636663915,1.4950225032204789e-05
YuJ_2015,2328,UniRef90_R8W1C5,1118,0.018005349192,9,0.9232039636663915,1.4868166137076795e-05
YuJ_2015,2329,UniRef90_A0A069SD51,1118,0.017981303165,9,0.9232039636663915,1.4848309797687862e-05
YuJ_2015,2330,UniRef90_A0A076IPH6,1118,0.017926422848,9,0.9232039636663915,1.4802991616845583e-05
YuJ_2015,2331,UniRef90_C6ZAD5,1118,0.017783944324,9,0.9232039636663915,1.4685338004954582e-05
YuJ_2015,2332,UniRef90_A6L079,1118,0.0176499170079,9,0.9232039636663915,1.4574663094880265e-05
YuJ_2015,2333,UniRef90_A0A395UW56,1118,0.017504375016,9,0.9232039636663915,1.4454479781998348e-05
YuJ_2015,2334,UniRef90_A0A0K2HGD6,1118,0.017492819338,9,0.9232039636663915,1.4444937521056977e-05
YuJ_2015,2335,UniRef90_A0A1Y4PFU1,1118,0.017407409060999898,9,0.9232039636663915,1.4374408803468124e-05
YuJ_2015,2336,UniRef90_A6L1J5,1118,0.017393531038,9,0.9232039636663915,1.436294883402147e-05
YuJ_2015,2337,UniRef90_A0A0K2HG23,1118,0.017374891421999997,9,0.9232039636663915,1.4347556913294796e-05
YuJ_2015,2338,UniRef90_A0A1Y4PSQ4,1118,0.017180710714,9,0.9232039636663915,1.4187209507844756e-05
YuJ_2015,2339,UniRef90_B6W0U2,1118,0.016969258169999998,9,0.9232039636663915,1.4012599644921551e-05
YuJ_2015,2340,UniRef90_A0A076ISV7,1118,0.016845153927999998,9,0.9232039636663915,1.3910118850536745e-05
YuJ_2015,2341,UniRef90_D1K6Y4,1118,0.016842366055,9,0.9232039636663915,1.3907816725846407e-05
YuJ_2015,2342,UniRef90_A0A076INP2,1118,0.016762045715,9,0.9232039636663915,1.3841491094137077e-05
YuJ_2015,2343,UniRef90_A0A076IHX2,1118,0.016621906578,9,0.9232039636663915,1.3725769263418663e-05
YuJ_2015,2344,UniRef90_A6KYP1,1118,0.0166135879211,9,0.9232039636663915,1.3718900017423617e-05
YuJ_2015,2345,UniRef90_A0A0P0LHJ3,1118,0.016513503034,9,0.9232039636663915,1.3636253537572253e-05
YuJ_2015,2346,UniRef90_A0A0N7J806,1118,0.016317585943,9,0.9232039636663915,1.3474472289843105e-05
YuJ_2015,2347,UniRef90_A0A0K2HFV0,1118,0.016287046617,9,0.9232039636663915,1.3449254018992567e-05
YuJ_2015,2348,UniRef90_A0A0K2HHI5,1118,0.0162742167465,9,0.9232039636663915,1.3438659575970271e-05
YuJ_2015,2349,UniRef90_A0A0P0M157,1118,0.016145599212,9,0.9232039636663915,1.3332451867877789e-05
YuJ_2015,2350,UniRef90_A0A0P0LPA8,1118,0.016141303876,9,0.9232039636663915,1.3328904934764659e-05
YuJ_2015,2351,UniRef90_A0A0K2HGZ3,1118,0.016136054338,9,0.9232039636663915,1.3324570056151941e-05
YuJ_2015,2352,UniRef90_A0A0K2HE91,1118,0.016107845994699898,9,0.9232039636663915,1.3301276626506935e-05
YuJ_2015,2353,UniRef90_A0A397WK36,1118,0.016069326284,9,0.9232039636663915,1.3269468442609413e-05
YuJ_2015,2354,UniRef90_D1K3A1,1118,0.016024533075,9,0.9232039636663915,1.3232479830718415e-05
YuJ_2015,2355,UniRef90_U6RCW1,1118,0.016008856017,9,0.9232039636663915,1.3219534283236995e-05
YuJ_2015,2356,UniRef90_A0A0N7J6V0,1118,0.015958559868,9,0.9232039636663915,1.3178001542526836e-05
YuJ_2015,2357,UniRef90_A0A1Y3ZLI2,1118,0.015897499298000002,9,0.9232039636663915,1.3127579932287368e-05
YuJ_2015,2358,UniRef90_A0A076IVU9,1118,0.0158810465769,9,0.9232039636663915,1.3113993870272502e-05
YuJ_2015,2359,UniRef90_A0A0K2HI22,1118,0.015805108315,9,0.9232039636663915,1.3051286800165152e-05
YuJ_2015,2360,UniRef90_A0A076IWJ8,1118,0.015772329576999998,9,0.9232039636663915,1.3024219303881088e-05
YuJ_2015,2361,UniRef90_D4V869,1118,0.015737901728,9,0.9232039636663915,1.2995790031379024e-05
YuJ_2015,2362,UniRef90_C3RFG5,1118,0.0157249945319,9,0.9232039636663915,1.2985131735672997e-05
YuJ_2015,2363,UniRef90_I9FTG5,1118,0.015660440262,9,0.9232039636663915,1.2931825154417835e-05
YuJ_2015,2364,UniRef90_B6VYD3,1118,0.01555662145,9,0.9232039636663915,1.2846095334434353e-05
YuJ_2015,2365,UniRef90_A6L078,1118,0.0155504152664,9,0.9232039636663915,1.284097049248555e-05
YuJ_2015,2366,UniRef90_A0A076ITT2,1118,0.015224397314999999,9,0.9232039636663915,1.2571756659785301e-05
YuJ_2015,2367,UniRef90_U6RCK6,1118,0.015187087417,9,0.9232039636663915,1.25409474954583e-05
YuJ_2015,2368,UniRef90_A6KXS0,1118,0.0151054942098,9,0.9232039636663915,1.247357077605285e-05
YuJ_2015,2369,UniRef90_A0A076ITJ7,1118,0.0150621478234,9,0.9232039636663915,1.2437776897935591e-05
YuJ_2015,2370,UniRef90_A6L7E4,1118,0.0150534976091,9,0.9232039636663915,1.2430633863831545e-05
YuJ_2015,2371,UniRef90_A0A076ILG1,1118,0.015024703459,9,0.9232039636663915,1.240685669611891e-05
YuJ_2015,2372,UniRef90_U6R9D3,1118,0.014965775461,9,0.9232039636663915,1.2358196086705202e-05
YuJ_2015,2373,UniRef90_A0A076IV27,1118,0.014877818813,9,0.9232039636663915,1.228556466804294e-05
YuJ_2015,2374,UniRef90_B6VTR7,1118,0.014521424946,9,0.9232039636663915,1.1991267502890174e-05
YuJ_2015,2375,UniRef90_A0A3E5DY27,1118,0.0144804667565,9,0.9232039636663915,1.1957445711395542e-05
YuJ_2015,2376,UniRef90_A0A1Y4PDW8,1118,0.014392318123,9,0.9232039636663915,1.1884655758051198e-05
YuJ_2015,2377,UniRef90_A0A076IMG9,1118,0.01435046269,9,0.9232039636663915,1.1850093055326176e-05
YuJ_2015,2378,UniRef90_A0A0P0M3C9,1118,0.0141625112834,9,0.9232039636663915,1.1694889581668044e-05
YuJ_2015,2379,UniRef90_C3R8E0,1118,0.0141004890289999,9,0.9232039636663915,1.1643673847233609e-05
YuJ_2015,2380,UniRef90_A6L1V8,1118,0.0139728426733,9,0.9232039636663915,1.1538268103468209e-05
YuJ_2015,2381,UniRef90_A6L0W2,1118,0.0139124498322,9,0.9232039636663915,1.1488397879603634e-05
YuJ_2015,2382,UniRef90_K5DFH8,1118,0.013846409994,9,0.9232039636663915,1.1433864569777045e-05
YuJ_2015,2383,UniRef90_A0A076J0N2,1118,0.0137922037662,9,0.9232039636663915,1.1389103027415359e-05
YuJ_2015,2384,UniRef90_D4V3P6,1118,0.013720907163,9,0.9232039636663915,1.1330228871180842e-05
YuJ_2015,2385,UniRef90_F3PWG3,1118,0.0136457846435,9,0.9232039636663915,1.1268195411643269e-05
YuJ_2015,2386,UniRef90_I9RD05,1118,0.013605938223600001,9,0.9232039636663915,1.1235291679273328e-05
YuJ_2015,2387,UniRef90_A0A396FE59,1118,0.0133755018708,9,0.9232039636663915,1.1045005673658133e-05
YuJ_2015,2388,UniRef90_A0A173X1S7,1118,0.013368531387000001,9,0.9232039636663915,1.103924970024773e-05
YuJ_2015,2389,UniRef90_A0A076J5L2,1118,0.0130834591471,9,0.9232039636663915,1.0803847355161023e-05
YuJ_2015,2390,UniRef90_A0A015ZD93,1118,0.0124627689572,9,0.9232039636663915,1.0291303845747316e-05
YuJ_2015,2391,UniRef90_A0A076ISC1,1118,0.012117567853,9,0.9232039636663915,1.0006249259289843e-05
YuJ_2015,2392,UniRef90_A0A0P0M440,1118,0.011660794827,9,0.9232039636663915,9.629062615194055e-06
YuJ_2015,2393,UniRef90_A0A076J7V9,1118,0.011463611657,9,0.9232039636663915,9.466235885218827e-06
YuJ_2015,2394,UniRef90_A0A076J8I9,1118,0.011408122118,9,0.9232039636663915,9.420414630883567e-06
YuJ_2015,2395,UniRef90_K9DY17,1118,0.011254426573,9,0.9232039636663915,9.293498408753095e-06
YuJ_2015,2396,UniRef90_A0A0P0GVF8,1118,0.0107000110862,9,0.9232039636663915,8.835682152105699e-06
YuJ_2015,2397,UniRef90_A0A0K6BWG7,1118,0.0103478458941,9,0.9232039636663915,8.54487687374071e-06
YuJ_2015,2398,UniRef90_A0A174N765,1118,0.0103297094569,9,0.9232039636663915,8.529900459867878e-06
YuJ_2015,2399,UniRef90_A0A173TXT3,1118,0.0094597346967,9,0.9232039636663915,7.811506768538398e-06
YuJ_2015,2400,UniRef90_R7DCF9,1118,0.009037030677,9,0.9232039636663915,7.462453077621799e-06
YuJ_2015,2401,UniRef90_A0A3E4N5Q3,1118,0.0087765819209,9,0.9232039636663915,7.247383914863749e-06
YuJ_2015,2402,UniRef90_A0A174CV30,1118,0.0086303091741,9,0.9232039636663915,7.126597171015689e-06
YuJ_2015,2403,UniRef90_A0A0N7IAY5,1118,0.0083849079685,9,0.9232039636663915,6.9239537312138725e-06
YuJ_2015,2404,UniRef90_A8SQS2,1118,0.0074615527928,9,0.9232039636663915,6.161480423451693e-06
YuJ_2015,2405,UniRef90_C6J9G1,1118,0.0073311614728,9,0.9232039636663915,6.053807987448389e-06
YuJ_2015,2406,UniRef90_W6P901,1118,0.0071004825501,9,0.9232039636663915,5.863321676383155e-06
YuJ_2015,2407,UniRef90_A0A1Y4VQ01,1118,0.007078765665,9,0.9232039636663915,5.845388658133774e-06
YuJ_2015,2408,UniRef90_A0A139JZ01,1118,0.006361857007999999,9,0.9232039636663915,5.253391418662262e-06
YuJ_2015,2409,UniRef90_A7B4S8,1118,0.006311181257,9,0.9232039636663915,5.211545216350124e-06
YuJ_2015,2410,UniRef90_R6UV36,1118,0.0060918942244,9,0.9232039636663915,5.030465916102394e-06
YuJ_2015,2411,UniRef90_D4WA76,1118,0.006011593394699999,9,0.9232039636663915,4.9641563952931456e-06
YuJ_2015,2412,UniRef90_R6J7T6,1118,0.005986356816,9,0.9232039636663915,4.9433169413707685e-06
YuJ_2015,2413,UniRef90_R5UWM0,1118,0.0059410169644,9,0.9232039636663915,4.905876931791907e-06
YuJ_2015,2414,UniRef90_Q8A2A1,1118,0.0059406823414,9,0.9232039636663915,4.905600612221305e-06
YuJ_2015,2415,UniRef90_A0A395W731,1118,0.0058654936382999,9,0.9232039636663915,4.8435125006605285e-06
YuJ_2015,2416,UniRef90_D7K6U8,1118,0.0057380985788,9,0.9232039636663915,4.738314268208092e-06
YuJ_2015,2417,UniRef90_C3QSV7,1118,0.005716686554000001,9,0.9232039636663915,4.720632992568126e-06
YuJ_2015,2418,UniRef90_A0A174DCX9,1118,0.0056340596151,9,0.9232039636663915,4.652402654913295e-06
YuJ_2015,2419,UniRef90_Q8A9C3,1118,0.0056018424516,9,0.9232039636663915,4.625798886540049e-06
YuJ_2015,2420,UniRef90_A0A139L6J7,1118,0.005559598574300001,9,0.9232039636663915,4.59091542056152e-06
YuJ_2015,2421,UniRef90_Q8AB53,1118,0.0055292217373000005,9,0.9232039636663915,4.565831327250207e-06
YuJ_2015,2422,UniRef90_A0A173YQS4,1118,0.0055035501567999995,9,0.9232039636663915,4.544632664574731e-06
YuJ_2015,2423,UniRef90_Q8A681,1118,0.0054765579473,9,0.9232039636663915,4.522343474236168e-06
YuJ_2015,2424,UniRef90_A0A174UIJ5,1118,0.0053743320005,9,0.9232039636663915,4.437928984723369e-06
YuJ_2015,2425,UniRef90_D7J3P2,1118,0.0052252021156,9,0.9232039636663915,4.314782919570603e-06
YuJ_2015,2426,UniRef90_A0A139KRU2,1118,0.0052192234975,9,0.9232039636663915,4.309845992981007e-06
YuJ_2015,2427,UniRef90_R6D7Z6,1118,0.0051059373414,9,0.9232039636663915,4.2162983826589595e-06
YuJ_2015,2428,UniRef90_R6JHH8,1118,0.0050916608239,9,0.9232039636663915,4.204509350867052e-06
YuJ_2015,2429,UniRef90_R6RU84,1118,0.0048430031084,9,0.9232039636663915,3.99917680297275e-06
YuJ_2015,2430,UniRef90_A5ZUN9,1118,0.0045931128878,9,0.9232039636663915,3.7928264969446737e-06
YuJ_2015,2431,UniRef90_N9ZZN8,1118,0.0014182384663,9,0.9232039636663915,1.171130029975227e-06
YuJ_2015,2432,UniRef90_R7PJB9,1118,0.0011633942207,9,0.9232039636663915,9.606888692815854e-07
YuJ_2015,2433,UniRef90_A0A174I7T3,1118,0.00114726490963,9,0.9232039636663915,9.473698675722544e-07
YuJ_2015,2434,UniRef90_A0A173W330,1117,0.034912701061,9,0.9223781998348473,2.8829645797687863e-05
YuJ_2015,2435,UniRef90_A6KYL2,1117,0.0250091986039,9,0.9223781998348473,2.065169166300578e-05
YuJ_2015,2436,UniRef90_A0A396AKP8,1117,0.0242831358752,9,0.9223781998348473,2.0052135322213047e-05
YuJ_2015,2437,UniRef90_U6R7Y1,1117,0.021289974778,9,0.9223781998348473,1.7580491146160198e-05
YuJ_2015,2438,UniRef90_A0A076IZ64,1117,0.021075405121,9,0.9223781998348473,1.7403307284062757e-05
YuJ_2015,2439,UniRef90_B6VSP0,1117,0.020462020757,9,0.9223781998348473,1.6896796661436827e-05
YuJ_2015,2440,UniRef90_A0A076IQU9,1117,0.020095258781100002,9,0.9223781998348473,1.6593937886952934e-05
YuJ_2015,2441,UniRef90_A0A076IXT1,1117,0.0196408120604,9,0.9223781998348473,1.6218672221635015e-05
YuJ_2015,2442,UniRef90_A6KZN7,1117,0.0195380043478,9,0.9223781998348473,1.6133777330966142e-05
YuJ_2015,2443,UniRef90_A6KXY8,1117,0.01874096023,9,0.9223781998348473,1.5475607126341866e-05
YuJ_2015,2444,UniRef90_A0A0P0L7V7,1117,0.018735597525,9,0.9223781998348473,1.5471178798513628e-05
YuJ_2015,2445,UniRef90_U6RBJ5,1117,0.018357470631,9,0.9223781998348473,1.5158935285714285e-05
YuJ_2015,2446,UniRef90_A6KYS6,1117,0.018185672869,9,0.9223781998348473,1.501707090751445e-05
YuJ_2015,2447,UniRef90_A0A076J0X0,1117,0.018062925852,9,0.9223781998348473,1.4915710860445911e-05
YuJ_2015,2448,UniRef90_D4V591,1117,0.017799452041699998,9,0.9223781998348473,1.469814371734104e-05
YuJ_2015,2449,UniRef90_A0A1Y4PSG1,1117,0.017752808754,9,0.9223781998348473,1.465962737737407e-05
YuJ_2015,2450,UniRef90_A6L075,1117,0.017752346454999998,9,0.9223781998348473,1.465924562758051e-05
YuJ_2015,2451,UniRef90_C3R9E8,1117,0.017743893499,9,0.9223781998348473,1.4652265482246079e-05
YuJ_2015,2452,UniRef90_A0A076IJU7,1117,0.017652800822,9,0.9223781998348473,1.457704444426094e-05
YuJ_2015,2453,UniRef90_A0A0P0LLF0,1117,0.017652526135,9,0.9223781998348473,1.4576817617671345e-05
YuJ_2015,2454,UniRef90_A0A076J5W7,1117,0.017530807215,9,0.9223781998348473,1.4476306535920726e-05
YuJ_2015,2455,UniRef90_A6KXM3,1117,0.0172366471546999,9,0.9223781998348473,1.423339979744005e-05
YuJ_2015,2456,UniRef90_A0A076J1V0,1117,0.0172274775363,9,0.9223781998348473,1.422582785821635e-05
YuJ_2015,2457,UniRef90_A6L1H7,1117,0.017177289132,9,0.9223781998348473,1.4184384089182494e-05
YuJ_2015,2458,UniRef90_A0A076IHK2,1117,0.0170733115608999,9,0.9223781998348473,1.4098523171676218e-05
YuJ_2015,2459,UniRef90_A0A076ILW1,1117,0.017006570115,9,0.9223781998348473,1.404341049958712e-05
YuJ_2015,2460,UniRef90_U6RB05,1117,0.017003654454,9,0.9223781998348473,1.4041002852188275e-05
YuJ_2015,2461,UniRef90_A0A0K2HG48,1117,0.016776951709,9,0.9223781998348473,1.385379992485549e-05
YuJ_2015,2462,UniRef90_A0A396F0S3,1117,0.0166711300652,9,0.9223781998348473,1.37664162388109e-05
YuJ_2015,2463,UniRef90_A0A3E4KCP7,1117,0.0165967346939999,9,0.9223781998348473,1.3704983232039555e-05
YuJ_2015,2464,UniRef90_A0A174KXL6,1117,0.016578987660999998,9,0.9223781998348473,1.3690328374071013e-05
YuJ_2015,2465,UniRef90_D4V3P4,1117,0.016569563092,9,0.9223781998348473,1.3682545905862924e-05
YuJ_2015,2466,UniRef90_A0A0K2HIK9,1117,0.016489315012,9,0.9223781998348473,1.3616279943848059e-05
YuJ_2015,2467,UniRef90_A0A076IQ12,1117,0.016398315292,9,0.9223781998348473,1.3541135666391413e-05
YuJ_2015,2468,UniRef90_D1K6S8,1117,0.0162933047948,9,0.9223781998348473,1.3454421795871182e-05
YuJ_2015,2469,UniRef90_A6KX17,1117,0.016291257763000003,9,0.9223781998348473,1.3452731431048723e-05
YuJ_2015,2470,UniRef90_A0A076J0Y1,1117,0.016261415055999998,9,0.9223781998348473,1.3428088402972748e-05
YuJ_2015,2471,UniRef90_D4V565,1117,0.016247645257,9,0.9223781998348473,1.3416717800990916e-05
YuJ_2015,2472,UniRef90_A0A396B8P2,1117,0.016199895878,9,0.9223781998348473,1.3377288090834023e-05
YuJ_2015,2473,UniRef90_A0A076J2W3,1117,0.016150414733999998,9,0.9223781998348473,1.333642835177539e-05
YuJ_2015,2474,UniRef90_A0A174M1S7,1117,0.016071521268,9,0.9223781998348473,1.3271280981007432e-05
YuJ_2015,2475,UniRef90_D1K6P6,1117,0.0159955508559999,9,0.9223781998348473,1.320854736251024e-05
YuJ_2015,2476,UniRef90_A0A0K2HG58,1117,0.015874129063,9,0.9223781998348473,1.3108281637489677e-05
YuJ_2015,2477,UniRef90_A0A076IRX9,1117,0.0158138648088999,9,0.9223781998348473,1.3058517596118827e-05
YuJ_2015,2478,UniRef90_C3RAI9,1117,0.0157320519304,9,0.9223781998348473,1.2990959480099092e-05
YuJ_2015,2479,UniRef90_D4LGY3,1117,0.015722587519,9,0.9223781998348473,1.2983144111478116e-05
YuJ_2015,2480,UniRef90_A0A076IXG6,1117,0.015705961856,9,0.9223781998348473,1.2969415240297276e-05
YuJ_2015,2481,UniRef90_A6L3M9,1117,0.0156917717345,9,0.9223781998348473,1.2957697551197358e-05
YuJ_2015,2482,UniRef90_A0A076IZX2,1117,0.015454306428,9,0.9223781998348473,1.2761607289843105e-05
YuJ_2015,2483,UniRef90_C3RAF2,1117,0.0154513052543,9,0.9223781998348473,1.2759129029149464e-05
YuJ_2015,2484,UniRef90_A0A076J3T7,1117,0.015432357854999999,9,0.9223781998348473,1.2743482952105697e-05
YuJ_2015,2485,UniRef90_I9FHZ1,1117,0.015422807407,9,0.9223781998348473,1.2735596537572255e-05
YuJ_2015,2486,UniRef90_A0A0M1W8D4,1117,0.015397861730899999,9,0.9223781998348473,1.2714997300495458e-05
YuJ_2015,2487,UniRef90_A0A076J192,1117,0.0153586870538,9,0.9223781998348473,1.2682648269033857e-05
YuJ_2015,2488,UniRef90_A0A0M1W7B1,1117,0.015349444167,9,0.9223781998348473,1.2675015827415358e-05
YuJ_2015,2489,UniRef90_C3RFD0,1117,0.015306040699,9,0.9223781998348473,1.2639174813377374e-05
YuJ_2015,2490,UniRef90_A6L2J9,1117,0.0152996472459999,9,0.9223781998348473,1.2633895331131214e-05
YuJ_2015,2491,UniRef90_A0A174GDC6,1117,0.015259909369,9,0.9223781998348473,1.2601081229562344e-05
YuJ_2015,2492,UniRef90_A0A076IPU3,1117,0.0152431985497999,9,0.9223781998348473,1.2587282039471428e-05
YuJ_2015,2493,UniRef90_A0A0P0M5V4,1117,0.015216808917700001,9,0.9223781998348473,1.2565490435755574e-05
YuJ_2015,2494,UniRef90_I9R1F7,1117,0.015120555611,9,0.9223781998348473,1.2486007936416185e-05
YuJ_2015,2495,UniRef90_C6Z4I1,1117,0.015021128413,9,0.9223781998348473,1.2403904552436004e-05
YuJ_2015,2496,UniRef90_A6L011,1117,0.014979593353999999,9,0.9223781998348473,1.2369606402972749e-05
YuJ_2015,2497,UniRef90_A0A076IYN8,1117,0.014949515371500001,9,0.9223781998348473,1.2344769092898431e-05
YuJ_2015,2498,UniRef90_A6L1R7,1117,0.0149477219375,9,0.9223781998348473,1.234328813996697e-05
YuJ_2015,2499,UniRef90_A0A076IZ47,1117,0.0149386820126,9,0.9223781998348473,1.2335823296944673e-05
YuJ_2015,2500,UniRef90_D4VAJ0,1117,0.0148564854259999,9,0.9223781998348473,1.2267948328653921e-05
YuJ_2015,2501,UniRef90_A0A076ITY4,1117,0.0148491237185,9,0.9223781998348473,1.2261869296862097e-05
YuJ_2015,2502,UniRef90_A6L3Y2,1117,0.0148195148813,9,0.9223781998348473,1.2237419390008258e-05
YuJ_2015,2503,UniRef90_A6KX96,1117,0.014803781066,9,0.9223781998348473,1.2224426974401323e-05
YuJ_2015,2504,UniRef90_A6KX92,1117,0.014719571024,9,0.9223781998348473,1.2154889367464906e-05
YuJ_2015,2505,UniRef90_A0A076IQP9,1117,0.0147023785426,9,0.9223781998348473,1.214069243815029e-05
YuJ_2015,2506,UniRef90_A6KZV1,1117,0.0145046002987,9,0.9223781998348473,1.1977374317671345e-05
YuJ_2015,2507,UniRef90_A0A174KKF4,1117,0.014502222847,9,0.9223781998348473,1.1975411104046243e-05
YuJ_2015,2508,UniRef90_C6Z4N4,1117,0.014489911071,9,0.9223781998348473,1.196524448472337e-05
YuJ_2015,2509,UniRef90_C3R9S9,1117,0.014480091894,9,0.9223781998348473,1.1957136163501238e-05
YuJ_2015,2510,UniRef90_A0A076IWJ1,1117,0.0144683499309999,9,0.9223781998348473,1.1947440075144426e-05
YuJ_2015,2511,UniRef90_A0A076IME4,1117,0.014463664937,9,0.9223781998348473,1.1943571376548306e-05
YuJ_2015,2512,UniRef90_C6Z9D8,1117,0.0143635838795,9,0.9223781998348473,1.1860928059042113e-05
YuJ_2015,2513,UniRef90_A0A0K2HHQ4,1117,0.014354640824,9,0.9223781998348473,1.1853543207266721e-05
YuJ_2015,2514,UniRef90_A0A076IXL6,1117,0.0143384560058,9,0.9223781998348473,1.1840178369777045e-05
YuJ_2015,2515,UniRef90_A6L239,1117,0.0142946820559999,9,0.9223781998348473,1.1804031425268291e-05
YuJ_2015,2516,UniRef90_A6KWL7,1117,0.014264271836,9,0.9223781998348473,1.1778919765483072e-05
YuJ_2015,2517,UniRef90_A0A076IS96,1117,0.014231106092,9,0.9223781998348473,1.1751532693641618e-05
YuJ_2015,2518,UniRef90_R6KF85,1117,0.0140852557928999,9,0.9223781998348473,1.1631094791824856e-05
YuJ_2015,2519,UniRef90_A0A076ILB2,1117,0.0139783750819999,9,0.9223781998348473,1.1542836566473906e-05
YuJ_2015,2520,UniRef90_A0A1Y3ZLJ2,1117,0.013952512413,9,0.9223781998348473,1.152148010982659e-05
YuJ_2015,2521,UniRef90_A0A174JG35,1117,0.013905422664000001,9,0.9223781998348473,1.1482595098265897e-05
YuJ_2015,2522,UniRef90_A0A076J793,1117,0.013767328948,9,0.9223781998348473,1.1368562302229563e-05
YuJ_2015,2523,UniRef90_C3RED9,1117,0.01345012662,9,0.9223781998348473,1.110662809248555e-05
YuJ_2015,2524,UniRef90_A0A076IV89,1117,0.013313397414,9,0.9223781998348473,1.0993722059454996e-05
YuJ_2015,2525,UniRef90_U6RBZ2,1117,0.013260492036999999,9,0.9223781998348473,1.0950034712634185e-05
YuJ_2015,2526,UniRef90_A0A076IQT6,1117,0.013063484049,9,0.9223781998348473,1.0787352641618497e-05
YuJ_2015,2527,UniRef90_C3R6I8,1117,0.0129703023739999,9,0.9223781998348473,1.071040658464071e-05
YuJ_2015,2528,UniRef90_I9R7Z9,1117,0.012944287103000001,9,0.9223781998348473,1.0688924114781173e-05
YuJ_2015,2529,UniRef90_A0A396ATB7,1117,0.012786636359999999,9,0.9223781998348473,1.0558741833195705e-05
YuJ_2015,2530,UniRef90_A0A0K2HN45,1117,0.0127656431432,9,0.9223781998348473,1.0541406394054501e-05
YuJ_2015,2531,UniRef90_I8VLN7,1117,0.012646802478,9,0.9223781998348473,1.0443272071015688e-05
YuJ_2015,2532,UniRef90_A0A076J8B0,1117,0.0124848257202999,9,0.9223781998348473,1.0309517522956151e-05
YuJ_2015,2533,UniRef90_D4VDC5,1117,0.01189881298,9,0.9223781998348473,9.825609397192403e-06
YuJ_2015,2534,UniRef90_A6L404,1117,0.0115148784116,9,0.9223781998348473,9.508570116928159e-06
YuJ_2015,2535,UniRef90_R6KJM9,1117,0.011102702671000001,9,0.9223781998348473,9.168210298100744e-06
YuJ_2015,2536,UniRef90_A0A1E3UBT2,1117,0.0110813861932,9,0.9223781998348473,9.150607921717588e-06
YuJ_2015,2537,UniRef90_A0A174GYP3,1117,0.0109046855309,9,0.9223781998348473,9.004694905780348e-06
YuJ_2015,2538,UniRef90_A0A396FFH9,1117,0.0104960901260999,9,0.9223781998348473,8.667291598761271e-06
YuJ_2015,2539,UniRef90_A0A076JAP0,1117,0.0101927733591,9,0.9223781998348473,8.416823583071841e-06
YuJ_2015,2540,UniRef90_G2T375,1117,0.0097375172413,9,0.9223781998348473,8.040889546903386e-06
YuJ_2015,2541,UniRef90_C0B8U6,1117,0.0092165798171,9,0.9223781998348473,7.610718263501238e-06
YuJ_2015,2542,UniRef90_A0A0P0F9L4,1117,0.008863445604700001,9,0.9223781998348473,7.31911280322048e-06
YuJ_2015,2543,UniRef90_F3PKY2,1117,0.008238710527199999,9,0.9223781998348473,6.803229171924029e-06
YuJ_2015,2544,UniRef90_A0A0M6WTZ4,1117,0.0079860461325,9,0.9223781998348473,6.594588053261768e-06
YuJ_2015,2545,UniRef90_C9KR75,1117,0.0078191419254,9,0.9223781998348473,6.4567645957060275e-06
YuJ_2015,2546,UniRef90_A0A0N7IAX7,1117,0.0075316512436,9,0.9223781998348473,6.219365188769612e-06
YuJ_2015,2547,UniRef90_A5ZJR5,1117,0.0073063633488,9,0.9223781998348473,6.033330593559042e-06
YuJ_2015,2548,UniRef90_Q8AA27,1117,0.007111074251,9,0.9223781998348473,5.872067919900908e-06
YuJ_2015,2549,UniRef90_A0A0P0FFT5,1117,0.0068204026574000005,9,0.9223781998348473,5.632041831048721e-06
YuJ_2015,2550,UniRef90_R6JPW2,1117,0.006796650819099999,9,0.9223781998348473,5.612428422047894e-06
YuJ_2015,2551,UniRef90_R5UY19,1117,0.006767583689,9,0.9223781998348473,5.588425837324526e-06
YuJ_2015,2552,UniRef90_A0A069DBF6,1117,0.0066561385996999995,9,0.9223781998348473,5.496398513377374e-06
YuJ_2015,2553,UniRef90_R6J5D1,1117,0.0066193634918,9,0.9223781998348473,5.466030959372419e-06
YuJ_2015,2554,UniRef90_I8XUF5,1117,0.0065769209791,9,0.9223781998348473,5.430983467464905e-06
YuJ_2015,2555,UniRef90_Q8A9S4,1117,0.006568405906,9,0.9223781998348473,5.4239520280759705e-06
YuJ_2015,2556,UniRef90_A0A139LB70,1117,0.0065148875434,9,0.9223781998348473,5.379758499917424e-06
YuJ_2015,2557,UniRef90_F7LC31,1117,0.00650632296,9,0.9223781998348473,5.37268617671346e-06
YuJ_2015,2558,UniRef90_A0A0P0FCM3,1117,0.0063673905174,9,0.9223781998348473,5.257960790586292e-06
YuJ_2015,2559,UniRef90_C9KYC3,1117,0.0063427719956999995,9,0.9223781998348473,5.237631705780347e-06
YuJ_2015,2560,UniRef90_R6J8P1,1117,0.0063371338106,9,0.9223781998348473,5.232975896449216e-06
YuJ_2015,2561,UniRef90_W4P588,1117,0.0062392881111,9,0.9223781998348473,5.152178456729975e-06
YuJ_2015,2562,UniRef90_A0A3D2LNR6,1117,0.0062155664184,9,0.9223781998348473,5.13258994087531e-06
YuJ_2015,2563,UniRef90_R6VG54,1117,0.006171098917,9,0.9223781998348473,5.095870286540049e-06
YuJ_2015,2564,UniRef90_Q8A0V3,1117,0.0061420091842,9,0.9223781998348473,5.071849037324526e-06
YuJ_2015,2565,UniRef90_Q8A260,1117,0.0061353946191,9,0.9223781998348473,5.066386968703551e-06
YuJ_2015,2566,UniRef90_A5ZBD6,1117,0.0061265342357,9,0.9223781998348473,5.0590703845582164e-06
YuJ_2015,2567,UniRef90_C6IJN2,1117,0.0061228370901,9,0.9223781998348473,5.056017415441784e-06
YuJ_2015,2568,UniRef90_R6SDV6,1117,0.0061004831188999995,9,0.9223781998348473,5.037558314533443e-06
YuJ_2015,2569,UniRef90_A5ZGB6,1117,0.0058132487693000005,9,0.9223781998348473,4.8003705774566474e-06
YuJ_2015,2570,UniRef90_Q8A120,1117,0.0057232246415,9,0.9223781998348473,4.7260319087530964e-06
YuJ_2015,2571,UniRef90_R6US12,1117,0.0056947182218,9,0.9223781998348473,4.7024923383980185e-06
YuJ_2015,2572,UniRef90_D7GQX9,1117,0.0056732363241999,9,0.9223781998348473,4.68475336432692e-06
YuJ_2015,2573,UniRef90_D6CXE1,1117,0.0055879214034,9,0.9223781998348473,4.614303388439306e-06
YuJ_2015,2574,UniRef90_R6BQV5,1117,0.0055016923032,9,0.9223781998348473,4.543098516267547e-06
YuJ_2015,2575,UniRef90_C9KVK2,1117,0.005485825275,9,0.9223781998348473,4.529996098265896e-06
YuJ_2015,2576,UniRef90_R7KXS5,1117,0.0053926479433,9,0.9223781998348473,4.453053627828241e-06
YuJ_2015,2577,UniRef90_A0A1Y4VV50,1117,0.0053751321172,9,0.9223781998348473,4.438589692155244e-06
YuJ_2015,2578,UniRef90_R7KY52,1117,0.0050591777529,9,0.9223781998348473,4.17768600569777e-06
YuJ_2015,2579,UniRef90_R6K519,1117,0.0050017859227000005,9,0.9223781998348473,4.130293908092486e-06
YuJ_2015,2580,UniRef90_R5APM6,1117,0.0035056269825,9,0.9223781998348473,2.8948199690338565e-06
YuJ_2015,2581,UniRef90_A8S5Y0,1117,0.0026705144897999,9,0.9223781998348473,2.205214277291412e-06
YuJ_2015,2582,UniRef90_R7NWF7,1116,0.0225633875267,9,0.921552436003303,1.8632029336663914e-05
YuJ_2015,2583,UniRef90_C3RE11,1116,0.021529167799,9,0.921552436003303,1.7778008091659787e-05
YuJ_2015,2584,UniRef90_A0A076ITS7,1116,0.019979255493,9,0.921552436003303,1.6498146567299754e-05
YuJ_2015,2585,UniRef90_U6RCF6,1116,0.019689757201,9,0.921552436003303,1.6259089348472338e-05
YuJ_2015,2586,UniRef90_A0A0M1W6F3,1116,0.0196470708473,9,0.921552436003303,1.6223840501486376e-05
YuJ_2015,2587,UniRef90_D4VAF8,1116,0.019231614166,9,0.921552436003303,1.588077140049546e-05
YuJ_2015,2588,UniRef90_A0A076IP72,1116,0.018979171093,9,0.921552436003303,1.5672313041288192e-05
YuJ_2015,2589,UniRef90_A0A0P0M0V8,1116,0.018534872857,9,0.921552436003303,1.5305427627580512e-05
YuJ_2015,2590,UniRef90_A0A396BMU7,1116,0.01848707934,9,0.921552436003303,1.526596146985962e-05
YuJ_2015,2591,UniRef90_A6KZ28,1116,0.018324787290099998,9,0.921552436003303,1.5131946564905035e-05
YuJ_2015,2592,UniRef90_U6RDV1,1116,0.0182732136466,9,0.921552436003303,1.5089358915441783e-05
YuJ_2015,2593,UniRef90_A0A076J323,1116,0.0180883238589999,9,0.921552436003303,1.4936683616019735e-05
YuJ_2015,2594,UniRef90_E2ZNI5,1116,0.018045407162,9,0.921552436003303,1.4901244559867878e-05
YuJ_2015,2595,UniRef90_A0A0P0M6D2,1116,0.0177143587142999,9,0.921552436003303,1.462787672526829e-05
YuJ_2015,2596,UniRef90_A0A076J0N4,1116,0.017532861776,9,0.921552436003303,1.4478003118084229e-05
YuJ_2015,2597,UniRef90_A0A076IPE8,1116,0.017513023186999998,9,0.921552436003303,1.4461621128819156e-05
YuJ_2015,2598,UniRef90_A0A076J0W8,1116,0.017400021528500002,9,0.921552436003303,1.4368308446325353e-05
YuJ_2015,2599,UniRef90_C3RE72,1116,0.017388009817,9,0.921552436003303,1.4358389609413706e-05
YuJ_2015,2600,UniRef90_D1K2M1,1116,0.017298704629,9,0.921552436003303,1.4284644615194054e-05
YuJ_2015,2601,UniRef90_A6KYS3,1116,0.017269933675999997,9,0.921552436003303,1.4260886602807595e-05
YuJ_2015,2602,UniRef90_A6L169,1116,0.017254313654,9,0.921552436003303,1.4247988153592073e-05
YuJ_2015,2603,UniRef90_A0A1Q6JRH3,1116,0.017222827266,9,0.921552436003303,1.4221987833195705e-05
YuJ_2015,2604,UniRef90_D4VA78,1116,0.0169800426209999,9,0.921552436003303,1.402150505450033e-05
YuJ_2015,2605,UniRef90_A6KZT2,1116,0.0169211261319999,9,0.921552436003303,1.397285394880256e-05
YuJ_2015,2606,UniRef90_A0A0K2HG35,1116,0.016854955217,9,0.921552436003303,1.3918212400495458e-05
YuJ_2015,2607,UniRef90_A0A076IXU4,1116,0.016748316666199997,9,0.921552436003303,1.383015414219653e-05
YuJ_2015,2608,UniRef90_A0A076J5M4,1116,0.0165476828138,9,0.921552436003303,1.366447796350124e-05
YuJ_2015,2609,UniRef90_A0A0P0M116,1116,0.016529367027,9,0.921552436003303,1.3649353449215524e-05
YuJ_2015,2610,UniRef90_A0A174L9Z9,1116,0.016515860788000002,9,0.921552436003303,1.3638200485549134e-05
YuJ_2015,2611,UniRef90_A0A076IQP1,1116,0.016486002215,9,0.921552436003303,1.3613544355904211e-05
YuJ_2015,2612,UniRef90_A0A174BXN0,1116,0.01636741558,9,0.921552436003303,1.351561980181668e-05
YuJ_2015,2613,UniRef90_A6L070,1116,0.016367268688,9,0.921552436003303,1.3515498503715939e-05
YuJ_2015,2614,UniRef90_A0A0K2HPR1,1116,0.016340873377000003,9,0.921552436003303,1.349370221056978e-05
YuJ_2015,2615,UniRef90_A0A076IYT9,1116,0.0163344890163,9,0.921552436003303,1.3488430236416186e-05
YuJ_2015,2616,UniRef90_A0A076J770,1116,0.0163250729029999,9,0.921552436003303,1.3480654750619241e-05
YuJ_2015,2617,UniRef90_A0A174P3Q3,1116,0.016202077091,9,0.921552436003303,1.3379089257638317e-05
YuJ_2015,2618,UniRef90_A0A076J288,1116,0.016201067853999898,9,0.921552436003303,1.3378255866226176e-05
YuJ_2015,2619,UniRef90_A0A396B8R5,1116,0.016199901806,9,0.921552436003303,1.3377292985962014e-05
YuJ_2015,2620,UniRef90_A0A076II47,1116,0.016097544602,9,0.921552436003303,1.3292770109000827e-05
YuJ_2015,2621,UniRef90_A0A0P0L8N9,1116,0.015980891414,9,0.921552436003303,1.3196442125516103e-05
YuJ_2015,2622,UniRef90_A0A0K2HH15,1116,0.0159750293922,9,0.921552436003303,1.3191601479933939e-05
YuJ_2015,2623,UniRef90_A6L1Q8,1116,0.0159518471822,9,0.921552436003303,1.3172458449380677e-05
YuJ_2015,2624,UniRef90_A6L1Z3,1116,0.015951526597,9,0.921552436003303,1.3172193721717587e-05
YuJ_2015,2625,UniRef90_A0A3E4JUF7,1116,0.015826771822999998,9,0.921552436003303,1.3069175741535919e-05
YuJ_2015,2626,UniRef90_A0A0K2HE35,1116,0.015783652495999997,9,0.921552436003303,1.3033569360858792e-05
YuJ_2015,2627,UniRef90_I8VF16,1116,0.015619617289000002,9,0.921552436003303,1.2898115019818334e-05
YuJ_2015,2628,UniRef90_A0A076J1C9,1116,0.0155869405789,9,0.921552436003303,1.2871131774483897e-05
YuJ_2015,2629,UniRef90_A6L3C5,1116,0.015579499153699999,9,0.921552436003303,1.2864986914698596e-05
YuJ_2015,2630,UniRef90_A0A078QXB4,1116,0.0155394544935,9,0.921552436003303,1.283191948265896e-05
YuJ_2015,2631,UniRef90_D4V563,1116,0.015536855970000001,9,0.921552436003303,1.2829773715937243e-05
YuJ_2015,2632,UniRef90_A6L2N4,1116,0.0154400118049,9,0.921552436003303,1.2749803307101569e-05
YuJ_2015,2633,UniRef90_D4VAL2,1116,0.0154120670026,9,0.921552436003303,1.2726727500082577e-05
YuJ_2015,2634,UniRef90_A0A0K2HJ19,1116,0.015398487252,9,0.921552436003303,1.2715513833195706e-05
YuJ_2015,2635,UniRef90_A0A0K2HEQ9,1116,0.015390834326,9,0.921552436003303,1.2709194323699421e-05
YuJ_2015,2636,UniRef90_A0A173XA66,1116,0.0153345608419,9,0.921552436003303,1.2662725715854666e-05
YuJ_2015,2637,UniRef90_A0A0P0LPT7,1116,0.0153246457982,9,0.921552436003303,1.2654538231379026e-05
YuJ_2015,2638,UniRef90_A0A076J137,1116,0.0153146961098,9,0.921552436003303,1.264632213856317e-05
YuJ_2015,2639,UniRef90_A0A0P0M1D2,1116,0.015215503581,9,0.921552436003303,1.2564412535920726e-05
YuJ_2015,2640,UniRef90_D4V3T8,1116,0.015203728158699999,9,0.921552436003303,1.2554688818084227e-05
YuJ_2015,2641,UniRef90_A0A076IY48,1116,0.015202367832999901,9,0.921552436003303,1.2553565510321966e-05
YuJ_2015,2642,UniRef90_A0A076IIM7,1116,0.015202023079,9,0.921552436003303,1.2553280824938067e-05
YuJ_2015,2643,UniRef90_A0A174M183,1116,0.015189550898,9,0.921552436003303,1.2542981748967796e-05
YuJ_2015,2644,UniRef90_A0A380ZGG4,1116,0.015179078707999998,9,0.921552436003303,1.2534334193228735e-05
YuJ_2015,2645,UniRef90_A0A076J0P7,1116,0.015175171763,9,0.921552436003303,1.2531107979355904e-05
YuJ_2015,2646,UniRef90_A0A076J0P2,1116,0.015156095775,9,0.921552436003303,1.2515355718414534e-05
YuJ_2015,2647,UniRef90_A0A076ILK4,1116,0.015132135483,9,0.921552436003303,1.2495570175887697e-05
YuJ_2015,2648,UniRef90_A0A076JBD8,1116,0.015070003237999901,9,0.921552436003303,1.2444263615193973e-05
YuJ_2015,2649,UniRef90_A6L2I3,1116,0.015049154758,9,0.921552436003303,1.2427047694467382e-05
YuJ_2015,2650,UniRef90_U6RRN7,1116,0.015010646723,9,0.921552436003303,1.2395249151940545e-05
YuJ_2015,2651,UniRef90_D4V5T3,1116,0.014995311490999901,9,0.921552436003303,1.2382585872006524e-05
YuJ_2015,2652,UniRef90_A0A076J0R4,1116,0.014903653183,9,0.921552436003303,1.2306897756399669e-05
YuJ_2015,2653,UniRef90_C3RCX1,1116,0.014847704156000001,9,0.921552436003303,1.2260697073492983e-05
YuJ_2015,2654,UniRef90_A0A0M1VZA8,1116,0.014828527749,9,0.921552436003303,1.2244861890173411e-05
YuJ_2015,2655,UniRef90_U6REW2,1116,0.01475323188,9,0.921552436003303,1.2182685284888522e-05
YuJ_2015,2656,UniRef90_A6L1P6,1116,0.014679099215999998,9,0.921552436003303,1.2121469212221304e-05
YuJ_2015,2657,UniRef90_C3RFD1,1116,0.0146754692975,9,0.921552436003303,1.2118471756812552e-05
YuJ_2015,2658,UniRef90_C3R9Z5,1116,0.014658541479,9,0.921552436003303,1.2104493376548307e-05
YuJ_2015,2659,UniRef90_A0A076J0X1,1116,0.014593562043,9,0.921552436003303,1.2050835708505368e-05
YuJ_2015,2660,UniRef90_C3RCN9,1116,0.014546414904,9,0.921552436003303,1.2011903306358382e-05
YuJ_2015,2661,UniRef90_A0A0M1W8W3,1116,0.014493377952,9,0.921552436003303,1.1968107309661436e-05
YuJ_2015,2662,UniRef90_D1K217,1116,0.014421350468000001,9,0.921552436003303,1.1908629618497111e-05
YuJ_2015,2663,UniRef90_A0A0K2HDJ6,1116,0.014378209328,9,0.921552436003303,1.1873005225433526e-05
YuJ_2015,2664,UniRef90_A6L7T5,1116,0.0143688780842,9,0.921552436003303,1.1865299821800165e-05
YuJ_2015,2665,UniRef90_D1K6J6,1116,0.01433647352,9,0.921552436003303,1.1838541304706854e-05
YuJ_2015,2666,UniRef90_A0A0K2HE02,1116,0.0143336928589,9,0.921552436003303,1.1836245135342692e-05
YuJ_2015,2667,UniRef90_C0BCA8,1116,0.014311413946900001,9,0.921552436003303,1.1817848015606938e-05
YuJ_2015,2668,UniRef90_A0A076IXM6,1116,0.014254320643,9,0.921552436003303,1.1770702430222956e-05
YuJ_2015,2669,UniRef90_A0A0M1W9N1,1116,0.0142137456863,9,0.921552436003303,1.1737197098513625e-05
YuJ_2015,2670,UniRef90_A0A076IR94,1116,0.0142008516907,9,0.921552436003303,1.1726549703303055e-05
YuJ_2015,2671,UniRef90_A0A1Q6JIG9,1116,0.014132531534,9,0.921552436003303,1.1670133388934765e-05
YuJ_2015,2672,UniRef90_D4JMN8,1116,0.014067007466,9,0.921552436003303,1.1616025983484724e-05
YuJ_2015,2673,UniRef90_A6L1Z2,1116,0.013967241480400001,9,0.921552436003303,1.1533642840957887e-05
YuJ_2015,2674,UniRef90_A0A396FF80,1116,0.013856463765999999,9,0.921552436003303,1.1442166611065234e-05
YuJ_2015,2675,UniRef90_A0A076IND8,1116,0.013839331115199999,9,0.921552436003303,1.1428019087696118e-05
YuJ_2015,2676,UniRef90_A0A076IQX5,1116,0.013814817761000001,9,0.921552436003303,1.1407776846407929e-05
YuJ_2015,2677,UniRef90_A0A076IV00,1116,0.0137314533515,9,0.921552436003303,1.1338937532204789e-05
YuJ_2015,2678,UniRef90_C9L7G4,1116,0.013597796413,9,0.921552436003303,1.1228568466556564e-05
YuJ_2015,2679,UniRef90_A0A076J588,1116,0.01355080618,9,0.921552436003303,1.118976563170933e-05
YuJ_2015,2680,UniRef90_U6RCA1,1116,0.013493858331,9,0.921552436003303,1.1142740157720891e-05
YuJ_2015,2681,UniRef90_A6KWS3,1116,0.013466086055,9,0.921552436003303,1.111980681668043e-05
YuJ_2015,2682,UniRef90_A0A076IQ71,1116,0.0134360989261,9,0.921552436003303,1.1095044530222955e-05
YuJ_2015,2683,UniRef90_A0A0P0M531,1116,0.013309253453,9,0.921552436003303,1.0990300126341866e-05
YuJ_2015,2684,UniRef90_I8WCZ9,1116,0.0132774563522,9,0.921552436003303,1.0964043230553262e-05
YuJ_2015,2685,UniRef90_A0A076IPG1,1116,0.01302802321,9,0.921552436003303,1.0758070363336086e-05
YuJ_2015,2686,UniRef90_A6L2M8,1116,0.013024448683,9,0.921552436003303,1.0755118648224608e-05
YuJ_2015,2687,UniRef90_C7H1C9,1116,0.0130096976063,9,0.921552436003303,1.0742937742609414e-05
YuJ_2015,2688,UniRef90_A0A076INL3,1116,0.0128971399687,9,0.921552436003303,1.0649991716515277e-05
YuJ_2015,2689,UniRef90_C3R516,1116,0.0127221324406,9,0.921552436003303,1.0505476829562344e-05
YuJ_2015,2690,UniRef90_A0A076IUQ2,1116,0.012577461349,9,0.921552436003303,1.038601267464905e-05
YuJ_2015,2691,UniRef90_A0A0P0M4G2,1116,0.0125702150566,9,0.921552436003303,1.0380028948472336e-05
YuJ_2015,2692,UniRef90_A0A076INE6,1116,0.0125012319835,9,0.921552436003303,1.0323065221717588e-05
YuJ_2015,2693,UniRef90_A0A076IQH5,1116,0.0124596874649999,9,0.921552436003303,1.0288759260941288e-05
YuJ_2015,2694,UniRef90_A6L5E2,1116,0.012230130785,9,0.921552436003303,1.009919965730801e-05
YuJ_2015,2695,UniRef90_A0A329U974,1116,0.012012566437000001,9,0.921552436003303,9.91954288769612e-06
YuJ_2015,2696,UniRef90_D1JY47,1116,0.011991850682,9,0.921552436003303,9.902436566473989e-06
YuJ_2015,2697,UniRef90_S3YUW5,1116,0.0118893980066,9,0.921552436003303,9.817834852683734e-06
YuJ_2015,2698,UniRef90_A0A0P0M4W7,1116,0.011888329406,9,0.921552436003303,9.816952440957886e-06
YuJ_2015,2699,UniRef90_C0EYC7,1116,0.0110838575873,9,0.921552436003303,9.15264870957886e-06
YuJ_2015,2700,UniRef90_C7H2V0,1116,0.0110348997624,9,0.921552436003303,9.112221108505367e-06
YuJ_2015,2701,UniRef90_Q64YN3,1116,0.0108477409253,9,0.921552436003303,8.95767211007432e-06
YuJ_2015,2702,UniRef90_A0A2X2UGW3,1116,0.0104654379592,9,0.921552436003303,8.64198014797688e-06
YuJ_2015,2703,UniRef90_U2QWF3,1116,0.0089978359577,9,0.921552436003303,7.430087496036333e-06
YuJ_2015,2704,UniRef90_D6D691,1116,0.006965990624,9,0.921552436003303,5.752263108175062e-06
YuJ_2015,2705,UniRef90_A0A1G8DID3,1116,0.006863577614,9,0.921552436003303,5.66769414863749e-06
YuJ_2015,2706,UniRef90_A7VCV0,1116,0.006771266451,9,0.921552436003303,5.591466928984311e-06
YuJ_2015,2707,UniRef90_Q8A3H9,1116,0.006728500855000001,9,0.921552436003303,5.55615264657308e-06
YuJ_2015,2708,UniRef90_A0A1G8H0C8,1116,0.0065841750302,9,0.921552436003303,5.436973600495458e-06
YuJ_2015,2709,UniRef90_A0A174LZD1,1116,0.0065410507799,9,0.921552436003303,5.40136315433526e-06
YuJ_2015,2710,UniRef90_A0A174RYU9,1116,0.0065288453326,9,0.921552436003303,5.391284337407102e-06
YuJ_2015,2711,UniRef90_A0A139K1U4,1116,0.0064337139111,9,0.921552436003303,5.3127282502890176e-06
YuJ_2015,2712,UniRef90_C9KYU1,1116,0.0062801029048,9,0.921552436003303,5.1858818371593725e-06
YuJ_2015,2713,UniRef90_A0A0P0FSS5,1116,0.0062454466005,9,0.921552436003303,5.1572639145334435e-06
YuJ_2015,2714,UniRef90_A5ZK94,1116,0.0061553515092,9,0.921552436003303,5.082866646738233e-06
YuJ_2015,2715,UniRef90_A0A0P0FIE6,1116,0.006091436242,9,0.921552436003303,5.030087730800991e-06
YuJ_2015,2716,UniRef90_A7M4T4,1116,0.0059417419998,9,0.921552436003303,4.906475639801816e-06
YuJ_2015,2717,UniRef90_Q8A018,1116,0.0059001904011,9,0.921552436003303,4.872163832452519e-06
YuJ_2015,2718,UniRef90_A0A0P0FB50,1116,0.0058806766951,9,0.921552436003303,4.856050119818332e-06
YuJ_2015,2719,UniRef90_A5ZPH7,1116,0.0058318462621,9,0.921552436003303,4.815727714368291e-06
YuJ_2015,2720,UniRef90_A0A0P0FC22,1116,0.0058222844722,9,0.921552436003303,4.807831934104046e-06
YuJ_2015,2721,UniRef90_C7H6S9,1116,0.0058222162345,9,0.921552436003303,4.8077755858794385e-06
YuJ_2015,2722,UniRef90_R6KAS7,1116,0.00569400413,9,0.921552436003303,4.701902667217176e-06
YuJ_2015,2723,UniRef90_A0A1G8HGB8,1116,0.0055297662348,9,0.921552436003303,4.566280953592072e-06
YuJ_2015,2724,UniRef90_Q8A878,1116,0.0055051203666,9,0.921552436003303,4.545929287035508e-06
YuJ_2015,2725,UniRef90_R6J2G1,1116,0.005469692371700001,9,0.921552436003303,4.516674130222957e-06
YuJ_2015,2726,UniRef90_A0A174RWZ0,1116,0.0054073676512,9,0.921552436003303,4.465208630222956e-06
YuJ_2015,2727,UniRef90_Q8A8D9,1116,0.0045850607252,9,0.921552436003303,3.7861773123038813e-06
YuJ_2015,2728,UniRef90_R5UQ08,1116,0.0044804928182,9,0.921552436003303,3.6998289167630056e-06
YuJ_2015,2729,UniRef90_A0A174A317,1116,0.004126434217,9,0.921552436003303,3.4074601296449212e-06
YuJ_2015,2730,UniRef90_A0A173Y9J3,1116,0.0033076392025,9,0.921552436003303,2.7313288212221304e-06
YuJ_2015,2731,UniRef90_A0A0K0YN19,1116,0.0032837513151599998,9,0.921552436003303,2.7116030678447564e-06
YuJ_2015,2732,UniRef90_R7PGJ6,1116,0.0021441412949000003,9,0.921552436003303,1.7705543310487204e-06
YuJ_2015,2733,UniRef90_W6PL08,1115,0.0859211827969,9,0.9207266721717589,7.09506051171759e-05
YuJ_2015,2734,UniRef90_A0A3E5EJF8,1115,0.0279062060392,9,0.9207266721717589,2.3043935622791082e-05
YuJ_2015,2735,UniRef90_U6RAZ3,1115,0.027319171277699998,9,0.9207266721717589,2.2559183548885216e-05
YuJ_2015,2736,UniRef90_U6RQI7,1115,0.023796852319,9,0.9207266721717589,1.9650579949628407e-05
YuJ_2015,2737,UniRef90_C4Z7L0,1115,0.0215728284401,9,0.9207266721717589,1.7814061469942196e-05
YuJ_2015,2738,UniRef90_A0A174SXL5,1115,0.0214525300018,9,0.9207266721717589,1.7714723370602808e-05
YuJ_2015,2739,UniRef90_A0A3E4HLD6,1115,0.019193018162,9,0.9207266721717589,1.5848900216350124e-05
YuJ_2015,2740,UniRef90_A0A0P0LLV2,1115,0.019076711614,9,0.9207266721717589,1.5752858475639965e-05
YuJ_2015,2741,UniRef90_D4VAJ8,1115,0.018856447446999998,9,0.9207266721717589,1.5570972293146157e-05
YuJ_2015,2742,UniRef90_U6RBY3,1115,0.018416700335,9,0.9207266721717589,1.5207845033030555e-05
YuJ_2015,2743,UniRef90_A0A076ISR6,1115,0.01841623724,9,0.9207266721717589,1.5207462625928985e-05
YuJ_2015,2744,UniRef90_A0A0P0LGR6,1115,0.018237058141,9,0.9207266721717589,1.505950300660611e-05
YuJ_2015,2745,UniRef90_A6L028,1115,0.017854640479,9,0.9207266721717589,1.4743716332782826e-05
YuJ_2015,2746,UniRef90_A0A076J0A5,1115,0.017828932478999998,9,0.9207266721717589,1.4722487596201485e-05
YuJ_2015,2747,UniRef90_A0A397WDD1,1115,0.017755554953,9,0.9207266721717589,1.4661895089182495e-05
YuJ_2015,2748,UniRef90_A0A0K2HGW7,1115,0.0177413144921,9,0.9207266721717589,1.4650135831626756e-05
YuJ_2015,2749,UniRef90_A0A076J0R2,1115,0.017694110806199998,9,0.9207266721717589,1.4611156735094961e-05
YuJ_2015,2750,UniRef90_A0A076IYJ2,1115,0.017677856007,9,0.9207266721717589,1.4597734109826589e-05
YuJ_2015,2751,UniRef90_A0A076IHG6,1115,0.0176653607211,9,0.9207266721717589,1.4587415954665566e-05
YuJ_2015,2752,UniRef90_A0A0K2HH56,1115,0.017600789167,9,0.9207266721717589,1.4534095100743187e-05
YuJ_2015,2753,UniRef90_A0A174ME99,1115,0.017533576687,9,0.9207266721717589,1.4478593465730801e-05
YuJ_2015,2754,UniRef90_E5UQ30,1115,0.017495458593,9,0.9207266721717589,1.4447116922378201e-05
YuJ_2015,2755,UniRef90_A0A076J3D4,1115,0.017465539593000002,9,0.9207266721717589,1.442241089430223e-05
YuJ_2015,2756,UniRef90_A6KYS2,1115,0.017404377972,9,0.9207266721717589,1.4371905839801816e-05
YuJ_2015,2757,UniRef90_C7H8M1,1115,0.0172147853881999,9,0.9207266721717589,1.4215347141370684e-05
YuJ_2015,2758,UniRef90_A0A1Y4PS77,1115,0.0172051987476,9,0.9207266721717589,1.4207430840297276e-05
YuJ_2015,2759,UniRef90_A0A1Q6JA31,1115,0.017132707856,9,0.9207266721717589,1.4147570483897606e-05
YuJ_2015,2760,UniRef90_D4VC11,1115,0.017111301427,9,0.9207266721717589,1.4129893829066886e-05
YuJ_2015,2761,UniRef90_A0A0M1W019,1115,0.0170233999909999,9,0.9207266721717589,1.4057308002477207e-05
YuJ_2015,2762,UniRef90_E5UPC0,1115,0.0169288942127999,9,0.9207266721717589,1.3979268548967712e-05
YuJ_2015,2763,UniRef90_A0A076INK8,1115,0.016837770518,9,0.9207266721717589,1.3904021897605283e-05
YuJ_2015,2764,UniRef90_I9RBI9,1115,0.016597921661,9,0.9207266721717589,1.3705963386457472e-05
YuJ_2015,2765,UniRef90_D1K3M3,1115,0.016329124285399902,9,0.9207266721717589,1.3484000235672916e-05
YuJ_2015,2766,UniRef90_A0A076IJP2,1115,0.016306236396399998,9,0.9207266721717589,1.3465100244756398e-05
YuJ_2015,2767,UniRef90_A0A0P0L1W7,1115,0.0163035218210999,9,0.9207266721717589,1.3462858646655575e-05
YuJ_2015,2768,UniRef90_A0A3E4JP05,1115,0.016237880097,9,0.9207266721717589,1.3408654085053675e-05
YuJ_2015,2769,UniRef90_A0A076IYC1,1115,0.016237407929,9,0.9207266721717589,1.3408264185796863e-05
YuJ_2015,2770,UniRef90_A0A0N7J6V2,1115,0.01619742347,9,0.9207266721717589,1.3375246465730801e-05
YuJ_2015,2771,UniRef90_A6KXF7,1115,0.0161647124025,9,0.9207266721717589,1.3348234849298101e-05
YuJ_2015,2772,UniRef90_C3RBU8,1115,0.016154078583,9,0.9207266721717589,1.3339453825763833e-05
YuJ_2015,2773,UniRef90_D4VC12,1115,0.016096653241,9,0.9207266721717589,1.3292034055326177e-05
YuJ_2015,2774,UniRef90_D1K3Q6,1115,0.0160785877765,9,0.9207266721717589,1.3277116248142033e-05
YuJ_2015,2775,UniRef90_D1KA78,1115,0.016056174168,9,0.9207266721717589,1.3258607900908339e-05
YuJ_2015,2776,UniRef90_A0A076J5W2,1115,0.016039082449,9,0.9207266721717589,1.3244494177539224e-05
YuJ_2015,2777,UniRef90_A0A076IMM1,1115,0.016011244852,9,0.9207266721717589,1.3221506896779521e-05
YuJ_2015,2778,UniRef90_A0A076J6J3,1115,0.015992937137,9,0.9207266721717589,1.3206389047894302e-05
YuJ_2015,2779,UniRef90_A0A076IP97,1115,0.015979289676700002,9,0.9207266721717589,1.319511946878613e-05
YuJ_2015,2780,UniRef90_B6VV56,1115,0.015892904834,9,0.9207266721717589,1.3123785990090834e-05
YuJ_2015,2781,UniRef90_A6L0Y0,1115,0.0158871176099999,9,0.9207266721717589,1.3119007109826507e-05
YuJ_2015,2782,UniRef90_A0A076ILN2,1115,0.015772700461999998,9,0.9207266721717589,1.3024525567299751e-05
YuJ_2015,2783,UniRef90_A0A076J0P5,1115,0.015758723317,9,0.9207266721717589,1.3012983746490505e-05
YuJ_2015,2784,UniRef90_A0A076IZD5,1115,0.015706537098,9,0.9207266721717589,1.296989025433526e-05
YuJ_2015,2785,UniRef90_A0A0K2HIR4,1115,0.015687817088,9,0.9207266721717589,1.2954431947151114e-05
YuJ_2015,2786,UniRef90_A0A0K2HJD8,1115,0.015658492244,9,0.9207266721717589,1.293021655161024e-05
YuJ_2015,2787,UniRef90_A0A0P0M6J9,1115,0.015567829566,9,0.9207266721717589,1.2855350591246904e-05
YuJ_2015,2788,UniRef90_A0A380ZJI0,1115,0.015518789317,9,0.9207266721717589,1.2814854927332783e-05
YuJ_2015,2789,UniRef90_A0A076J0Q9,1115,0.015509772203,9,0.9207266721717589,1.2807408920726673e-05
YuJ_2015,2790,UniRef90_A0A397WLY9,1115,0.015509134104,9,0.9207266721717589,1.2806882001651528e-05
YuJ_2015,2791,UniRef90_A0A076J147,1115,0.015465658497,9,0.9207266721717589,1.27709814178365e-05
YuJ_2015,2792,UniRef90_A0A1Y4PH92,1115,0.0154444919,9,0.9207266721717589,1.2753502807597027e-05
YuJ_2015,2793,UniRef90_D4V5T2,1115,0.015418987554999902,9,0.9207266721717589,1.2732442241948722e-05
YuJ_2015,2794,UniRef90_A6L7M5,1115,0.0154001467811999,9,0.9207266721717589,1.2716884212386374e-05
YuJ_2015,2795,UniRef90_A0A076ISP7,1115,0.015394117262900001,9,0.9207266721717589,1.2711905254252685e-05
YuJ_2015,2796,UniRef90_A0A0M1W0Y9,1115,0.015393832088000001,9,0.9207266721717589,1.27116697671346e-05
YuJ_2015,2797,UniRef90_C3RC30,1115,0.015364791477,9,0.9207266721717589,1.2687689080924856e-05
YuJ_2015,2798,UniRef90_A0A076IW64,1115,0.015333961668,9,0.9207266721717589,1.266223093971924e-05
YuJ_2015,2799,UniRef90_A0A076IZZ3,1115,0.015310744782,9,0.9207266721717589,1.2643059274979357e-05
YuJ_2015,2800,UniRef90_A0A0K2HFM8,1115,0.015215869057,9,0.9207266721717589,1.2564714332782825e-05
YuJ_2015,2801,UniRef90_A6L030,1115,0.015213878864,9,0.9207266721717589,1.2563070903385632e-05
YuJ_2015,2802,UniRef90_A0A076IV90,1115,0.015212543054000001,9,0.9207266721717589,1.2561967839801818e-05
YuJ_2015,2803,UniRef90_A0A0P0LHQ9,1115,0.0151952557259999,9,0.9207266721717589,1.2547692589595294e-05
YuJ_2015,2804,UniRef90_A0A397WKW9,1115,0.015183011082199998,9,0.9207266721717589,1.2537581405615193e-05
YuJ_2015,2805,UniRef90_A0A396ATC5,1115,0.015102652091999999,9,0.9207266721717589,1.247122385796862e-05
YuJ_2015,2806,UniRef90_A0A0K2HGY1,1115,0.015100611735000002,9,0.9207266721717589,1.2469539004954585e-05
YuJ_2015,2807,UniRef90_R7NVI7,1115,0.015070080277,9,0.9207266721717589,1.2444327231213873e-05
YuJ_2015,2808,UniRef90_R6KLQ9,1115,0.014963638725,9,0.9207266721717589,1.2356431647398844e-05
YuJ_2015,2809,UniRef90_C3RET8,1115,0.014943068513,9,0.9207266721717589,1.2339445510322049e-05
YuJ_2015,2810,UniRef90_A0A076JC04,1115,0.0148814063504,9,0.9207266721717589,1.2288527126672173e-05
YuJ_2015,2811,UniRef90_A0A076IUD8,1115,0.014858078504,9,0.9207266721717589,1.2269263834847233e-05
YuJ_2015,2812,UniRef90_A6KYN3,1115,0.014815377296,9,0.9207266721717589,1.223400272171759e-05
YuJ_2015,2813,UniRef90_A0A076IWX0,1115,0.014801886872999999,9,0.9207266721717589,1.2222862818331956e-05
YuJ_2015,2814,UniRef90_B0NZ42,1115,0.014775556028,9,0.9207266721717589,1.2201119758876961e-05
YuJ_2015,2815,UniRef90_A0A076J5Z3,1115,0.014732187434699999,9,0.9207266721717589,1.216530754310487e-05
YuJ_2015,2816,UniRef90_A0A1Y3ZL52,1115,0.014609554632,9,0.9207266721717589,1.2064041810074319e-05
YuJ_2015,2817,UniRef90_A0A076J422,1115,0.0145093479434,9,0.9207266721717589,1.1981294750949628e-05
YuJ_2015,2818,UniRef90_D1JZJ4,1115,0.014486813265,9,0.9207266721717589,1.1962686428571429e-05
YuJ_2015,2819,UniRef90_A0A0P0M0U6,1115,0.014405440788,9,0.9207266721717589,1.1895491980181668e-05
YuJ_2015,2820,UniRef90_A0A396BD07,1115,0.014398538122,9,0.9207266721717589,1.1889792008257639e-05
YuJ_2015,2821,UniRef90_I8WHI1,1115,0.01436162122,9,0.9207266721717589,1.1859307365813378e-05
YuJ_2015,2822,UniRef90_A0A076ITR7,1115,0.014338423739,9,0.9207266721717589,1.1840151725020643e-05
YuJ_2015,2823,UniRef90_A0A1Y4PR89,1115,0.014322963385000002,9,0.9207266721717589,1.1827385123864576e-05
YuJ_2015,2824,UniRef90_A0A3E5H8P0,1115,0.014277271377999999,9,0.9207266721717589,1.178965431709331e-05
YuJ_2015,2825,UniRef90_A0A0P0M1N4,1115,0.0142747805039999,9,0.9207266721717589,1.1787597443435094e-05
YuJ_2015,2826,UniRef90_A0A3E2TWW7,1115,0.0141901171252,9,0.9207266721717589,1.1717685487365814e-05
YuJ_2015,2827,UniRef90_A0A0P0M4J7,1115,0.014068453017,9,0.9207266721717589,1.1617219667217177e-05
YuJ_2015,2828,UniRef90_A0A0K2HDL8,1115,0.014050523987,9,0.9207266721717589,1.1602414522708505e-05
YuJ_2015,2829,UniRef90_D1K210,1115,0.014028032435,9,0.9207266721717589,1.1583841812551611e-05
YuJ_2015,2830,UniRef90_A0A0M1VZR4,1115,0.0140169106011,9,0.9207266721717589,1.1574657804376548e-05
YuJ_2015,2831,UniRef90_A0A173VHU5,1115,0.014011329579999999,9,0.9207266721717589,1.1570049199009083e-05
YuJ_2015,2832,UniRef90_F7JS59,1115,0.0139790853629,9,0.9207266721717589,1.1543423090751445e-05
YuJ_2015,2833,UniRef90_A0A174NN75,1115,0.013976965867,9,0.9207266721717589,1.154167288769612e-05
YuJ_2015,2834,UniRef90_K9EIH7,1115,0.0139740012164,9,0.9207266721717589,1.1539224786457473e-05
YuJ_2015,2835,UniRef90_I9QH96,1115,0.013950693534,9,0.9207266721717589,1.1519978145334434e-05
YuJ_2015,2836,UniRef90_A0A1Y3ZPT6,1115,0.01387982522,9,0.9207266721717589,1.1461457654830718e-05
YuJ_2015,2837,UniRef90_I9FSV4,1115,0.013847424073,9,0.9207266721717589,1.1434701959537573e-05
YuJ_2015,2838,UniRef90_U3KUV1,1115,0.0138415616,9,0.9207266721717589,1.1429860941370768e-05
YuJ_2015,2839,UniRef90_A0A0P0M5A3,1115,0.0138185265396999,9,0.9207266721717589,1.1410839421717507e-05
YuJ_2015,2840,UniRef90_A0A0M1VYI6,1115,0.013811251419,9,0.9207266721717589,1.140483189017341e-05
YuJ_2015,2841,UniRef90_B6VVH6,1115,0.013739309504,9,0.9207266721717589,1.1345424858794385e-05
YuJ_2015,2842,UniRef90_A0A076IL88,1115,0.013412889596,9,0.9207266721717589,1.1075879104872007e-05
YuJ_2015,2843,UniRef90_A0A395V8Q2,1115,0.013350453031200001,9,0.9207266721717589,1.1024321247894303e-05
YuJ_2015,2844,UniRef90_A0A0M1VZ43,1115,0.013320503439,9,0.9207266721717589,1.0999589957886045e-05
YuJ_2015,2845,UniRef90_A0A0P0M2T2,1115,0.0132691128688,9,0.9207266721717589,1.0957153483732453e-05
YuJ_2015,2846,UniRef90_A0A076INR1,1115,0.013216832166,9,0.9207266721717589,1.0913981970272501e-05
YuJ_2015,2847,UniRef90_I8W5V7,1115,0.0131246961047999,9,0.9207266721717589,1.0837899343352519e-05
YuJ_2015,2848,UniRef90_A0A076IP71,1115,0.0131016889415,9,0.9207266721717589,1.081890086003303e-05
YuJ_2015,2849,UniRef90_A0A174TTD6,1115,0.013083028095,9,0.9207266721717589,1.0803491407927332e-05
YuJ_2015,2850,UniRef90_A0A396FAB6,1115,0.013044095564500001,9,0.9207266721717589,1.0771342332369943e-05
YuJ_2015,2851,UniRef90_D4V3D6,1115,0.0130406479496,9,0.9207266721717589,1.076849541668043e-05
YuJ_2015,2852,UniRef90_D1K3G9,1115,0.012997107758999999,9,0.9207266721717589,1.0732541502064409e-05
YuJ_2015,2853,UniRef90_A0A380ZJN2,1115,0.012989203584,9,0.9207266721717589,1.0726014520231214e-05
YuJ_2015,2854,UniRef90_B6W1I5,1115,0.012928285211,9,0.9207266721717589,1.0675710331131296e-05
YuJ_2015,2855,UniRef90_I8WT81,1115,0.012815617670100001,9,0.9207266721717589,1.0582673550867053e-05
YuJ_2015,2856,UniRef90_A0A0P0M5U0,1115,0.012766272276,9,0.9207266721717589,1.0541925909165978e-05
YuJ_2015,2857,UniRef90_A0A0N7J7R7,1115,0.012489291056,9,0.9207266721717589,1.0313204835672998e-05
YuJ_2015,2858,UniRef90_C0ESU0,1115,0.0124744990985,9,0.9207266721717589,1.0300990172171758e-05
YuJ_2015,2859,UniRef90_D4VCR9,1115,0.0124386979608,9,0.9207266721717589,1.0271426887530967e-05
YuJ_2015,2860,UniRef90_A0A076J5Q5,1115,0.012356125376,9,0.9207266721717589,1.020324143352601e-05
YuJ_2015,2861,UniRef90_D4V9H7,1115,0.0123083265364,9,0.9207266721717589,1.016377088059455e-05
YuJ_2015,2862,UniRef90_D4V6U7,1115,0.0121368073628,9,0.9207266721717589,1.0022136550619323e-05
YuJ_2015,2863,UniRef90_I9R8R7,1115,0.012064162615,9,0.9207266721717589,9.962149145334435e-06
YuJ_2015,2864,UniRef90_B6VU21,1115,0.011731192028,9,0.9207266721717589,9.687194077621799e-06
YuJ_2015,2865,UniRef90_A6L4M4,1115,0.0117097935292,9,0.9207266721717589,9.669523971263418e-06
YuJ_2015,2866,UniRef90_A0A174K6X2,1115,0.0116642683521,9,0.9207266721717589,9.631930926589596e-06
YuJ_2015,2867,UniRef90_D3AGE9,1115,0.0113089454128,9,0.9207266721717589,9.338518094797688e-06
YuJ_2015,2868,UniRef90_A0A0M1W1V6,1115,0.010859599353799999,9,0.9207266721717589,8.96746437142857e-06
YuJ_2015,2869,UniRef90_A0A3E5A271,1115,0.0106666877782,9,0.9207266721717589,8.80816496961189e-06
YuJ_2015,2870,UniRef90_C7H2T0,1115,0.0105120111078,9,0.9207266721717589,8.680438569611891e-06
YuJ_2015,2871,UniRef90_A6L5D2,1115,0.0105086438617,9,0.9207266721717589,8.677658019570601e-06
YuJ_2015,2872,UniRef90_R8VU34,1115,0.010489619951,9,0.9207266721717589,8.661948762180016e-06
YuJ_2015,2873,UniRef90_A0A076J1X6,1115,0.0097651570397,9,0.9207266721717589,8.063713492733278e-06
YuJ_2015,2874,UniRef90_A0A076IRS7,1115,0.0091334721479,9,0.9207266721717589,7.54209095615194e-06
YuJ_2015,2875,UniRef90_A0A015P063,1115,0.0089536522713,9,0.9207266721717589,7.3936022058629225e-06
YuJ_2015,2876,UniRef90_A0A176U8T2,1115,0.008937969457,9,0.9207266721717589,7.38065190503716e-06
YuJ_2015,2877,UniRef90_A0A396FS59,1115,0.0088272209366,9,0.9207266721717589,7.289199782493806e-06
YuJ_2015,2878,UniRef90_D4LI56,1115,0.0087974626104,9,0.9207266721717589,7.264626433030554e-06
YuJ_2015,2879,UniRef90_R6JNQ9,1115,0.008319768543,9,0.9207266721717589,6.870163949628407e-06
YuJ_2015,2880,UniRef90_R6J2H3,1115,0.0075790818168,9,0.9207266721717589,6.25853164062758e-06
YuJ_2015,2881,UniRef90_Q8A4S8,1115,0.007381779343,9,0.9207266721717589,6.095606393889348e-06
YuJ_2015,2882,UniRef90_A0A174B5D6,1115,0.007349794633099999,9,0.9207266721717589,6.069194577291494e-06
YuJ_2015,2883,UniRef90_R6DPA8,1115,0.0069713107321,9,0.9207266721717589,5.756656261023947e-06
YuJ_2015,2884,UniRef90_A0A174V1G2,1115,0.00683838643,9,0.9207266721717589,5.6468921800165156e-06
YuJ_2015,2885,UniRef90_D4WEZ7,1115,0.0065740347728,9,0.9207266721717589,5.428600142691989e-06
YuJ_2015,2886,UniRef90_R6KE15,1115,0.006530984168699999,9,0.9207266721717589,5.393050510900082e-06
YuJ_2015,2887,UniRef90_D7IZR9,1115,0.0064803374551,9,0.9207266721717589,5.351228286622626e-06
YuJ_2015,2888,UniRef90_K5CB73,1115,0.0064748084365999995,9,0.9207266721717589,5.346662623121387e-06
YuJ_2015,2889,UniRef90_A0A0K6BQI8,1115,0.0061940822586,9,0.9207266721717589,5.1148490987613544e-06
YuJ_2015,2890,UniRef90_R6RVC0,1115,0.0061264777573,9,0.9207266721717589,5.059023746738232e-06
YuJ_2015,2891,UniRef90_C3QSV5,1115,0.0059719834613,9,0.9207266721717589,4.9314479449215526e-06
YuJ_2015,2892,UniRef90_R6RT43,1115,0.0058701590521,9,0.9207266721717589,4.847365030635839e-06
YuJ_2015,2893,UniRef90_R6J4C8,1115,0.0057819393587,9,0.9207266721717589,4.774516398596201e-06
YuJ_2015,2894,UniRef90_A0A174G5R7,1115,0.0057778603077,9,0.9207266721717589,4.771148065813378e-06
YuJ_2015,2895,UniRef90_A0A0P0FR62,1115,0.0057547033215,9,0.9207266721717589,4.7520258641618496e-06
YuJ_2015,2896,UniRef90_D6D111,1115,0.005579189605700001,9,0.9207266721717589,4.6070929857142866e-06
YuJ_2015,2897,UniRef90_A0A1Q6HDL7,1115,0.0054939668814,9,0.9207266721717589,4.536719142361685e-06
YuJ_2015,2898,UniRef90_A0A395VPC1,1115,0.005441099001,9,0.9207266721717589,4.493062758876961e-06
YuJ_2015,2899,UniRef90_I8YC47,1115,0.005421757623700001,9,0.9207266721717589,4.477091349050372e-06
YuJ_2015,2900,UniRef90_Q8A874,1115,0.0053364469666,9,0.9207266721717589,4.406644893971923e-06
YuJ_2015,2901,UniRef90_Q8A9P4,1115,0.0053183973419,9,0.9207266721717589,4.391740166721718e-06
YuJ_2015,2902,UniRef90_C7GGX5,1115,0.0052818611323999995,9,0.9207266721717589,4.361569886374896e-06
YuJ_2015,2903,UniRef90_Q8A7Z5,1115,0.0052656597322,9,0.9207266721717589,4.348191356069364e-06
YuJ_2015,2904,UniRef90_R6V702,1115,0.0051968655820999994,9,0.9207266721717589,4.291383635094963e-06
YuJ_2015,2905,UniRef90_A0A1G8E5E6,1115,0.0049423205136,9,0.9207266721717589,4.081189524029728e-06
YuJ_2015,2906,UniRef90_Q8A9B8,1115,0.004897601659800001,9,0.9207266721717589,4.044262311973576e-06
YuJ_2015,2907,UniRef90_A0A139L108,1115,0.0048334482873,9,0.9207266721717589,3.9912867772914945e-06
YuJ_2015,2908,UniRef90_Q02550,1115,0.0047989358102,9,0.9207266721717589,3.962787621965318e-06
YuJ_2015,2909,UniRef90_A0A139K7B2,1115,0.004750567081,9,0.9207266721717589,3.922846474814203e-06
YuJ_2015,2910,UniRef90_B0NHL1,1115,0.0041586760051,9,0.9207266721717589,3.434084232122213e-06
YuJ_2015,2911,UniRef90_B5CLF9,1115,0.0040055141717,9,0.9207266721717589,3.3076087297274977e-06
YuJ_2015,2912,UniRef90_D4KA57,1115,0.0036445359213,9,0.9207266721717589,3.00952594657308e-06
YuJ_2015,2913,UniRef90_A0A242EL51,1115,0.0033996528694,9,0.9207266721717589,2.807310379355904e-06
YuJ_2015,2914,UniRef90_A6NXF7,1115,0.0033151382307,9,0.9207266721717589,2.7375212474814202e-06
YuJ_2015,2915,UniRef90_A0A1C5KIX3,1115,0.0011563974558,9,0.9207266721717589,9.549111938893475e-07
YuJ_2015,2916,UniRef90_A0A3E5DKV8,1114,0.1212400749365,9,0.9199009083402147,0.00010011566881626756
YuJ_2015,2917,UniRef90_A0A069S655,1114,0.0640880468721,9,0.9199009083402147,5.292159114128819e-05
YuJ_2015,2918,UniRef90_A0A174AR61,1114,0.037505967618,9,0.9199009083402147,3.097107152601156e-05
YuJ_2015,2919,UniRef90_C5EDJ4,1114,0.035982247878,9,0.9199009083402147,2.9712838875309663e-05
YuJ_2015,2920,UniRef90_A0A174S4Z5,1114,0.0263178751707,9,0.9199009083402147,2.173234943905863e-05
YuJ_2015,2921,UniRef90_A0A0P0LP13,1114,0.021855374581,9,0.9199009083402147,1.8047377853839802e-05
YuJ_2015,2922,UniRef90_A0A076J199,1114,0.0194616088874,9,0.9199009083402147,1.607069272287366e-05
YuJ_2015,2923,UniRef90_A0A069SLM8,1114,0.019142605158599998,9,0.9199009083402147,1.580727098150289e-05
YuJ_2015,2924,UniRef90_D1K3L5,1114,0.018493745081,9,0.9199009083402147,1.5271465797687862e-05
YuJ_2015,2925,UniRef90_A0A076J1H5,1114,0.018231228545000002,9,0.9199009083402147,1.5054689137076797e-05
YuJ_2015,2926,UniRef90_A0A076IZB5,1114,0.018118800895,9,0.9199009083402147,1.4961850450041286e-05
YuJ_2015,2927,UniRef90_G5SSJ3,1114,0.0180409291,9,0.9199009083402147,1.4897546738232865e-05
YuJ_2015,2928,UniRef90_G5SL22,1114,0.017997203554699998,9,0.9199009083402147,1.4861439764409577e-05
YuJ_2015,2929,UniRef90_D1K3N9,1114,0.0176802189421,9,0.9199009083402147,1.4599685336168455e-05
YuJ_2015,2930,UniRef90_A0A396F6U5,1114,0.017629889583299998,9,0.9199009083402147,1.4558125172006605e-05
YuJ_2015,2931,UniRef90_Q8VRK6,1114,0.0176187695089999,9,0.9199009083402147,1.45489426168455e-05
YuJ_2015,2932,UniRef90_A0A3E4UNS3,1114,0.0176034529336,9,0.9199009083402147,1.4536294742857145e-05
YuJ_2015,2933,UniRef90_A0A0K2HGU4,1114,0.017595931018,9,0.9199009083402147,1.4530083417010734e-05
YuJ_2015,2934,UniRef90_A0A076J096,1114,0.017463677482,9,0.9199009083402147,1.4420873230388109e-05
YuJ_2015,2935,UniRef90_I8VF80,1114,0.017306755979,9,0.9199009083402147,1.4291293128819157e-05
YuJ_2015,2936,UniRef90_A0A076INJ7,1114,0.017284507231,9,0.9199009083402147,1.4272920917423618e-05
YuJ_2015,2937,UniRef90_A0A0P0LLI9,1114,0.017188424775,9,0.9199009083402147,1.419357950041288e-05
YuJ_2015,2938,UniRef90_A0A076J5J0,1114,0.017057806916,9,0.9199009083402147,1.4085719996696945e-05
YuJ_2015,2939,UniRef90_A0A0K2HI27,1114,0.016850560796999998,9,0.9199009083402147,1.3914583647398843e-05
YuJ_2015,2940,UniRef90_A0A0P0LCH8,1114,0.016834977685399998,9,0.9199009083402147,1.3901715677456645e-05
YuJ_2015,2941,UniRef90_A0A0K2HE86,1114,0.016641435504399997,9,0.9199009083402147,1.3741895544508668e-05
YuJ_2015,2942,UniRef90_A0A076IUY6,1114,0.0166354158235999,9,0.9199009083402147,1.3736924709826508e-05
YuJ_2015,2943,UniRef90_A0A174NEN4,1114,0.0166338897147,9,0.9199009083402147,1.3735664504293972e-05
YuJ_2015,2944,UniRef90_A6KXL8,1114,0.0166175260325,9,0.9199009083402147,1.3722151967382329e-05
YuJ_2015,2945,UniRef90_A0A076IXE2,1114,0.016576104078,9,0.9199009083402147,1.368794721552436e-05
YuJ_2015,2946,UniRef90_A0A076J5W5,1114,0.016535702373999997,9,0.9199009083402147,1.3654584949628404e-05
YuJ_2015,2947,UniRef90_I9FTZ4,1114,0.016474158356,9,0.9199009083402147,1.3603764125516102e-05
YuJ_2015,2948,UniRef90_A0A076J355,1114,0.016467339874000002,9,0.9199009083402147,1.3598133669694468e-05
YuJ_2015,2949,UniRef90_A0A3E5E4K1,1114,0.0162914364842,9,0.9199009083402147,1.3452879012551609e-05
YuJ_2015,2950,UniRef90_A0A076J5U1,1114,0.0162148708099,9,0.9199009083402147,1.3389653847976879e-05
YuJ_2015,2951,UniRef90_A0A0P0M1B5,1114,0.016170725975,9,0.9199009083402147,1.3353200639966971e-05
YuJ_2015,2952,UniRef90_A6L0S5,1114,0.016127867819,9,0.9199009083402147,1.3317809924855491e-05
YuJ_2015,2953,UniRef90_A0A0N7J704,1114,0.0161008610664,9,0.9199009083402147,1.329550872535095e-05
YuJ_2015,2954,UniRef90_D4V8H5,1114,0.016038920685700002,9,0.9199009083402147,1.3244360599256813e-05
YuJ_2015,2955,UniRef90_A0A0P0M668,1114,0.0159421185289999,9,0.9199009083402147,1.31644248794384e-05
YuJ_2015,2956,UniRef90_A6KXG9,1114,0.0158409474069999,9,0.9199009083402147,1.3080881426094054e-05
YuJ_2015,2957,UniRef90_A0A0N7J804,1114,0.0158105178079999,9,0.9199009083402147,1.3055753763831462e-05
YuJ_2015,2958,UniRef90_A0A076J005,1114,0.015794704624,9,0.9199009083402147,1.3042695808422791e-05
YuJ_2015,2959,UniRef90_R7P1E3,1114,0.015742179105,9,0.9199009083402147,1.2999322134599505e-05
YuJ_2015,2960,UniRef90_C3RE95,1114,0.015697136963,9,0.9199009083402147,1.2962127962840628e-05
YuJ_2015,2961,UniRef90_A0A3E5HCD5,1114,0.015672821318,9,0.9199009083402147,1.294204898265896e-05
YuJ_2015,2962,UniRef90_A0A076J0Q5,1114,0.0156683349614999,9,0.9199009083402147,1.2938344311725763e-05
YuJ_2015,2963,UniRef90_A0A076J626,1114,0.015588129004000001,9,0.9199009083402147,1.2872113132947978e-05
YuJ_2015,2964,UniRef90_A0A0M1W6U2,1114,0.015538782522,9,0.9199009083402147,1.283136459289843e-05
YuJ_2015,2965,UniRef90_D4V697,1114,0.0154809421391999,9,0.9199009083402147,1.2783602096779438e-05
YuJ_2015,2966,UniRef90_A6KXB3,1114,0.015419002013999998,9,0.9199009083402147,1.2732454181668042e-05
YuJ_2015,2967,UniRef90_A0A174U119,1114,0.015409192898,9,0.9199009083402147,1.2724354168455821e-05
YuJ_2015,2968,UniRef90_B6W150,1114,0.015387580251,9,0.9199009083402147,1.270650722625929e-05
YuJ_2015,2969,UniRef90_E2ZNH2,1114,0.0152802997386,9,0.9199009083402147,1.2617918859289843e-05
YuJ_2015,2970,UniRef90_A0A076IVD2,1114,0.015273545722,9,0.9199009083402147,1.2612341636663914e-05
YuJ_2015,2971,UniRef90_A0A0P0M0Y1,1114,0.015245645079,9,0.9199009083402147,1.2589302294797688e-05
YuJ_2015,2972,UniRef90_D4VAI3,1114,0.015239000462,9,0.9199009083402147,1.2583815410404625e-05
YuJ_2015,2973,UniRef90_A0A076J0P3,1114,0.015216648302,9,0.9199009083402147,1.2565357805119737e-05
YuJ_2015,2974,UniRef90_A0A0P0M0P6,1114,0.01519935232,9,0.9199009083402147,1.2551075408753097e-05
YuJ_2015,2975,UniRef90_A0A0P0L5P9,1114,0.015186935624,9,0.9199009083402147,1.2540822150289017e-05
YuJ_2015,2976,UniRef90_A0A0P0M2V7,1114,0.015093367621000001,9,0.9199009083402147,1.24635570776218e-05
YuJ_2015,2977,UniRef90_A0A0P0M5V5,1114,0.015085640673000002,9,0.9199009083402147,1.245717644343518e-05
YuJ_2015,2978,UniRef90_A0A174G281,1114,0.015080919341,9,0.9199009083402147,1.2453277738232866e-05
YuJ_2015,2979,UniRef90_A0A076IWI5,1114,0.014956444429999998,9,0.9199009083402147,1.2350490858794383e-05
YuJ_2015,2980,UniRef90_A0A1Y3ZJY6,1114,0.014937126998,9,0.9199009083402147,1.233453922213047e-05
YuJ_2015,2981,UniRef90_A0A076J1L6,1114,0.0149314949831,9,0.9199009083402147,1.2329888507927333e-05
YuJ_2015,2982,UniRef90_A0A076J1G9,1114,0.014894500168,9,0.9199009083402147,1.2299339527663089e-05
YuJ_2015,2983,UniRef90_D1K6D2,1114,0.0148865983025,9,0.9199009083402147,1.2292814452931462e-05
YuJ_2015,2984,UniRef90_A6L3C0,1114,0.0148811135577,9,0.9199009083402147,1.2288285349050371e-05
YuJ_2015,2985,UniRef90_A0A076IXI4,1114,0.014868460305000001,9,0.9199009083402147,1.2277836750619323e-05
YuJ_2015,2986,UniRef90_C3RGN1,1114,0.014852551258,9,0.9199009083402147,1.2264699635012386e-05
YuJ_2015,2987,UniRef90_A0A0K2HIZ8,1114,0.014843170687,9,0.9199009083402147,1.2256953498761354e-05
YuJ_2015,2988,UniRef90_A0A1Q6JDM7,1114,0.014803798153000002,9,0.9199009083402147,1.2224441084227913e-05
YuJ_2015,2989,UniRef90_A0A395V2L8,1114,0.0146701698163,9,0.9199009083402147,1.2114095636911643e-05
YuJ_2015,2990,UniRef90_B6VS10,1114,0.014572953982,9,0.9199009083402147,1.2033818317093312e-05
YuJ_2015,2991,UniRef90_U6RM83,1114,0.0145695520229999,9,0.9199009083402147,1.2031009102394633e-05
YuJ_2015,2992,UniRef90_A0A396A9Z6,1114,0.0145459513962,9,0.9199009083402147,1.2011520558381503e-05
YuJ_2015,2993,UniRef90_I9G0G1,1114,0.0144230212935,9,0.9199009083402147,1.191000932576383e-05
YuJ_2015,2994,UniRef90_I9F0V9,1114,0.014414143367,9,0.9199009083402147,1.1902678255161025e-05
YuJ_2015,2995,UniRef90_A0A0P0M0N3,1114,0.014388926644,9,0.9199009083402147,1.1881855197357556e-05
YuJ_2015,2996,UniRef90_A6KXH6,1114,0.01438147755,9,0.9199009083402147,1.1875704004954583e-05
YuJ_2015,2997,UniRef90_A0A174W463,1114,0.014328192424,9,0.9199009083402147,1.1831703075144508e-05
YuJ_2015,2998,UniRef90_U6RSA3,1114,0.014297039875,9,0.9199009083402147,1.1805978426919901e-05
YuJ_2015,2999,UniRef90_A0A0K2HIG2,1114,0.014232515776,9,0.9199009083402147,1.1752696759702725e-05
YuJ_2015,3000,UniRef90_A0A076INQ7,1114,0.014228373398999999,9,0.9199009083402147,1.1749276134599504e-05
YuJ_2015,3001,UniRef90_A0A1H7JIB2,1114,0.0142023102771,9,0.9199009083402147,1.1727754151197357e-05
YuJ_2015,3002,UniRef90_A6KXH3,1114,0.0141624160709,9,0.9199009083402147,1.1694810958629232e-05
YuJ_2015,3003,UniRef90_A0A174NTU2,1114,0.0140573701233,9,0.9199009083402147,1.1608067814450867e-05
YuJ_2015,3004,UniRef90_A0A397WIJ8,1114,0.014042160964,9,0.9199009083402147,1.1595508640792733e-05
YuJ_2015,3005,UniRef90_A0A0K2HIG7,1114,0.013884857108,9,0.9199009083402147,1.14656128059455e-05
YuJ_2015,3006,UniRef90_A0A0K2HKR8,1114,0.013875997022,9,0.9199009083402147,1.1458296467382329e-05
YuJ_2015,3007,UniRef90_B6VVH5,1114,0.013835097641,9,0.9199009083402147,1.1424523237819984e-05
YuJ_2015,3008,UniRef90_A0A076J3J8,1114,0.0137916099428,9,0.9199009083402147,1.1388612669529313e-05
YuJ_2015,3009,UniRef90_A0A076IIN4,1114,0.013768463117,9,0.9199009083402147,1.136949885796862e-05
YuJ_2015,3010,UniRef90_D4VB42,1114,0.013707914072000001,9,0.9199009083402147,1.1319499646573081e-05
YuJ_2015,3011,UniRef90_A0A076J1I2,1114,0.0136603122811,9,0.9199009083402147,1.1280191809331131e-05
YuJ_2015,3012,UniRef90_A0A0P0M597,1114,0.0136471984,9,0.9199009083402147,1.126936284062758e-05
YuJ_2015,3013,UniRef90_B6VTH0,1114,0.0134822083328,9,0.9199009083402147,1.1133120010569777e-05
YuJ_2015,3014,UniRef90_I9R6K6,1114,0.0134536024872,9,0.9199009083402147,1.110949833790256e-05
YuJ_2015,3015,UniRef90_A0A076IYX7,1114,0.013415773502,9,0.9199009083402147,1.1078260530140379e-05
YuJ_2015,3016,UniRef90_A0A0K2HDD4,1114,0.013358077104299999,9,0.9199009083402147,1.103061693170933e-05
YuJ_2015,3017,UniRef90_A0A396BKE4,1114,0.013250622174,9,0.9199009083402147,1.094188453674649e-05
YuJ_2015,3018,UniRef90_A0A174W8K2,1114,0.013246036983,9,0.9199009083402147,1.0938098251857968e-05
YuJ_2015,3019,UniRef90_A0A174LCJ3,1114,0.01320280719,9,0.9199009083402147,1.0902400652353428e-05
YuJ_2015,3020,UniRef90_A0A396ALF5,1114,0.013127690852,9,0.9199009083402147,1.0840372297274978e-05
YuJ_2015,3021,UniRef90_B6W208,1114,0.013125020961,9,0.9199009083402147,1.0838167597853014e-05
YuJ_2015,3022,UniRef90_D1K1H5,1114,0.013034655488,9,0.9199009083402147,1.0763547058629233e-05
YuJ_2015,3023,UniRef90_F3PJ22,1114,0.013022317348,9,0.9199009083402147,1.0753358668868704e-05
YuJ_2015,3024,UniRef90_I8W726,1114,0.013010267555,9,0.9199009083402147,1.0743408385631708e-05
YuJ_2015,3025,UniRef90_A0A396BJT2,1114,0.0129960585881,9,0.9199009083402147,1.0731675134682082e-05
YuJ_2015,3026,UniRef90_A0A173XN64,1114,0.012985935256,9,0.9199009083402147,1.072331565317919e-05
YuJ_2015,3027,UniRef90_A0A0P0M550,1114,0.0129844299649,9,0.9199009083402147,1.0722072638232867e-05
YuJ_2015,3028,UniRef90_I9Q8N6,1114,0.012906398553000001,9,0.9199009083402147,1.065763712056152e-05
YuJ_2015,3029,UniRef90_A0A076IUA3,1114,0.012860895338,9,0.9199009083402147,1.062006221139554e-05
YuJ_2015,3030,UniRef90_C3R6B4,1114,0.012807598308,9,0.9199009083402147,1.0576051451692816e-05
YuJ_2015,3031,UniRef90_A0A076IYY0,1114,0.0127511680732,9,0.9199009083402147,1.052945340478943e-05
YuJ_2015,3032,UniRef90_A0A0M1W4C5,1114,0.012716818896499999,9,0.9199009083402147,1.050108909702725e-05
YuJ_2015,3033,UniRef90_A0A3E5H4U5,1114,0.0127134040008,9,0.9199009083402147,1.0498269199669695e-05
YuJ_2015,3034,UniRef90_A0A076J2D4,1114,0.0126147782944999,9,0.9199009083402147,1.0416827658546574e-05
YuJ_2015,3035,UniRef90_R7P2H8,1114,0.012559051536,9,0.9199009083402147,1.0370810516928158e-05
YuJ_2015,3036,UniRef90_A0A076J5N3,1114,0.012509628501999999,9,0.9199009083402147,1.032999876300578e-05
YuJ_2015,3037,UniRef90_U6RJB2,1114,0.0124940249032,9,0.9199009083402147,1.0317113875474815e-05
YuJ_2015,3038,UniRef90_I9R9Q1,1114,0.0124344063453,9,0.9199009083402147,1.0267883026672172e-05
YuJ_2015,3039,UniRef90_A0A0P0M3H2,1114,0.0123882991197,9,0.9199009083402147,1.0229809347398843e-05
YuJ_2015,3040,UniRef90_I9F7V4,1114,0.012278906906300001,9,0.9199009083402147,1.0139477214120563e-05
YuJ_2015,3041,UniRef90_A0A076J4J6,1114,0.012125593349499999,9,0.9199009083402147,1.0012876424029726e-05
YuJ_2015,3042,UniRef90_A0A076IRW4,1114,0.0120653524941,9,0.9199009083402147,9.963131704459124e-06
YuJ_2015,3043,UniRef90_A6L5E7,1114,0.0120527435496,9,0.9199009083402147,9.952719694137077e-06
YuJ_2015,3044,UniRef90_A0A174T8J2,1114,0.0120302944533,9,0.9199009083402147,9.934182042361684e-06
YuJ_2015,3045,UniRef90_A0A396AKD0,1114,0.01189442228,9,0.9199009083402147,9.821983715937243e-06
YuJ_2015,3046,UniRef90_A0A076INX0,1114,0.011890257796,9,0.9199009083402147,9.818544835672997e-06
YuJ_2015,3047,UniRef90_A0A1Y4PS38,1114,0.01175523621,9,0.9199009083402147,9.707048893476467e-06
YuJ_2015,3048,UniRef90_A0A1Y4PMS5,1114,0.011711151433400001,9,0.9199009083402147,9.670645279438482e-06
YuJ_2015,3049,UniRef90_A0A1Y3ZI32,1114,0.0116710502264,9,0.9199009083402147,9.637531153096615e-06
YuJ_2015,3050,UniRef90_B6VTE1,1114,0.011639376638,9,0.9199009083402147,9.611376249380677e-06
YuJ_2015,3051,UniRef90_A0A076ISL1,1114,0.011548152782999999,9,0.9199009083402147,9.536046889347646e-06
YuJ_2015,3052,UniRef90_C3RBJ7,1114,0.0113918528046,9,0.9199009083402147,9.40698002031379e-06
YuJ_2015,3053,UniRef90_I8WNH5,1114,0.011389428471,9,0.9199009083402147,9.404978093311313e-06
YuJ_2015,3054,UniRef90_F7JS50,1114,0.0113177287872,9,0.9199009083402147,9.34577108769612e-06
YuJ_2015,3055,UniRef90_G2T378,1114,0.011277450999,9,0.9199009083402147,9.312511146985962e-06
YuJ_2015,3056,UniRef90_A0A076J543,1114,0.0112017655654,9,0.9199009083402147,9.250012853344343e-06
YuJ_2015,3057,UniRef90_D4VDH2,1114,0.0111380130516,9,0.9199009083402147,9.197368333278283e-06
YuJ_2015,3058,UniRef90_A0A076IKX3,1114,0.010997739615000002,9,0.9199009083402147,9.081535602807599e-06
YuJ_2015,3059,UniRef90_A0A076J404,1114,0.01085860273,9,0.9199009083402147,8.966641395540875e-06
YuJ_2015,3060,UniRef90_C7H604,1114,0.0107410804193,9,0.9199009083402147,8.869595721965318e-06
YuJ_2015,3061,UniRef90_A0A0M1W7Q9,1114,0.010511182106,9,0.9199009083402147,8.679754009909166e-06
YuJ_2015,3062,UniRef90_A8RVR6,1114,0.0104940338642,9,0.9199009083402147,8.665593612056151e-06
YuJ_2015,3063,UniRef90_U2EKC9,1114,0.0102224473012,9,0.9199009083402147,8.441327251197357e-06
YuJ_2015,3064,UniRef90_D1K8S2,1114,0.010089452596,9,0.9199009083402147,8.331505033856317e-06
YuJ_2015,3065,UniRef90_A0A069S4Z5,1114,0.0093879664543,9,0.9199009083402147,7.752243149710982e-06
YuJ_2015,3066,UniRef90_A0A174D4E5,1114,0.009352465513,9,0.9199009083402147,7.722927756399669e-06
YuJ_2015,3067,UniRef90_A0A3E2WMI2,1114,0.0088914109735,9,0.9199009083402147,7.342205593311313e-06
YuJ_2015,3068,UniRef90_U2R804,1114,0.0080361858104,9,0.9199009083402147,6.635991585796862e-06
YuJ_2015,3069,UniRef90_U2EFC2,1114,0.0072756173303,9,0.9199009083402147,6.007941643517754e-06
YuJ_2015,3070,UniRef90_U2E0C4,1114,0.0069464892857,9,0.9199009083402147,5.736159608340215e-06
YuJ_2015,3071,UniRef90_Q8A1M1,1114,0.0066520342704,9,0.9199009083402147,5.493009306688687e-06
YuJ_2015,3072,UniRef90_R5UTQ0,1114,0.0066105599424,9,0.9199009083402147,5.458761306688687e-06
YuJ_2015,3073,UniRef90_Q8A029,1114,0.006582426077999999,9,0.9199009083402147,5.435529379025598e-06
YuJ_2015,3074,UniRef90_A0A0P0FEG3,1114,0.0065574748677,9,0.9199009083402147,5.4149255720066065e-06
YuJ_2015,3075,UniRef90_D7K408,1114,0.0062379849861,9,0.9199009083402147,5.151102383236994e-06
YuJ_2015,3076,UniRef90_A0A139L6L8,1114,0.0061636574561,9,0.9199009083402147,5.089725397274979e-06
YuJ_2015,3077,UniRef90_A0A0N7IAV0,1114,0.0060737493331,9,0.9199009083402147,5.015482521139554e-06
YuJ_2015,3078,UniRef90_A0A0P0F5A8,1114,0.0060111619017,9,0.9199009083402147,4.963800083980182e-06
YuJ_2015,3079,UniRef90_A0A149NIV9,1114,0.0060092667499,9,0.9199009083402147,4.9622351361684555e-06
YuJ_2015,3080,UniRef90_R6JDG8,1114,0.0060062057839,9,0.9199009083402147,4.959707501156069e-06
YuJ_2015,3081,UniRef90_R6JLZ0,1114,0.0059940735649,9,0.9199009083402147,4.949689153509496e-06
YuJ_2015,3082,UniRef90_B0G2U7,1114,0.0058184360584,9,0.9199009083402147,4.804654053179191e-06
YuJ_2015,3083,UniRef90_R5ULY2,1114,0.00581206504,9,0.9199009083402147,4.799393096614368e-06
YuJ_2015,3084,UniRef90_R6DFU0,1114,0.005777304863,9,0.9199009083402147,4.770689399669695e-06
YuJ_2015,3085,UniRef90_A5ZKA2,1114,0.0057344146969999996,9,0.9199009083402147,4.735272251857969e-06
YuJ_2015,3086,UniRef90_R5XQS7,1114,0.0057203602845,9,0.9199009083402147,4.723666626341866e-06
YuJ_2015,3087,UniRef90_R6V7A7,1114,0.0056838814502,9,0.9199009083402147,4.693543724360033e-06
YuJ_2015,3088,UniRef90_A0A0P0FMY7,1114,0.0056796397096000005,9,0.9199009083402147,4.690041048389761e-06
YuJ_2015,3089,UniRef90_A0A173UDN6,1114,0.0056147627554,9,0.9199009083402147,4.636468006110653e-06
YuJ_2015,3090,UniRef90_A0A3E4NPF6,1114,0.0056147488249,9,0.9199009083402147,4.636456502807597e-06
YuJ_2015,3091,UniRef90_R6DCF0,1114,0.0053518253245,9,0.9199009083402147,4.419343785714286e-06
YuJ_2015,3092,UniRef90_A0A139KKC1,1114,0.0053334160948,9,0.9199009083402147,4.404142109661437e-06
YuJ_2015,3093,UniRef90_A0A396EAS3,1114,0.0053120024543,9,0.9199009083402147,4.3864594998348475e-06
YuJ_2015,3094,UniRef90_R6JN49,1114,0.0051500707927,9,0.9199009083402147,4.252742190503716e-06
YuJ_2015,3095,UniRef90_A0A1C5Z997,1114,0.00511397501351,9,0.9199009083402147,4.2229356015772095e-06
YuJ_2015,3096,UniRef90_A0A395VXT0,1114,0.0051065296269,9,0.9199009083402147,4.216787470602808e-06
YuJ_2015,3097,UniRef90_A0A1C7H2T5,1114,0.0050951347603,9,0.9199009083402147,4.2073780018992575e-06
YuJ_2015,3098,UniRef90_E5CE90,1114,0.0044460953251999995,9,0.9199009083402147,3.671424711147811e-06
YuJ_2015,3099,UniRef90_A0A174E6L6,1114,0.0037353179473,9,0.9199009083402147,3.0844904601981832e-06
YuJ_2015,3100,UniRef90_C3R2Y6,1113,0.136662414485,9,0.9190751445086706,0.00011285087901321221
YuJ_2015,3101,UniRef90_A0A0M1W8Y4,1113,0.023026310266099997,9,0.9190751445086706,1.9014294191659784e-05
YuJ_2015,3102,UniRef90_K0XC19,1113,0.02277804668216,9,0.9190751445086706,1.88092871033526e-05
YuJ_2015,3103,UniRef90_A0A069SL80,1113,0.0209537010738,9,0.9190751445086706,1.730280848373245e-05
YuJ_2015,3104,UniRef90_A0A076J0A3,1113,0.019744640516,9,0.9190751445086706,1.6304410004954584e-05
YuJ_2015,3105,UniRef90_A0A076IJK7,1113,0.019526563835,9,0.9190751445086706,1.6124330169281584e-05
YuJ_2015,3106,UniRef90_A0A1Y3ZJR2,1113,0.019505063261,9,0.9190751445086706,1.6106575772914946e-05
YuJ_2015,3107,UniRef90_A6KZR2,1113,0.019464244169,9,0.9190751445086706,1.607286884310487e-05
YuJ_2015,3108,UniRef90_A0A0P0M1T8,1113,0.018993328432,9,0.9190751445086706,1.56840036597853e-05
YuJ_2015,3109,UniRef90_I8WCF1,1113,0.0187565587253,9,0.9190751445086706,1.548848779958712e-05
YuJ_2015,3110,UniRef90_D4LFP4,1113,0.018061379707799998,9,0.9190751445086706,1.4914434110487198e-05
YuJ_2015,3111,UniRef90_A0A0K2HFG2,1113,0.0178888961615,9,0.9190751445086706,1.4772003436416184e-05
YuJ_2015,3112,UniRef90_D4VAB7,1113,0.017762300589,9,0.9190751445086706,1.4667465391412055e-05
YuJ_2015,3113,UniRef90_A0A1Y4PPY7,1113,0.0177338855059999,9,0.9190751445086706,1.4644001243600247e-05
YuJ_2015,3114,UniRef90_A0A0M1VZJ5,1113,0.017653718549,9,0.9190751445086706,1.4577802270024773e-05
YuJ_2015,3115,UniRef90_U6RSC0,1113,0.0176477876259999,9,0.9190751445086706,1.4572904728323616e-05
YuJ_2015,3116,UniRef90_A0A0K2HHR7,1113,0.017560631013,9,0.9190751445086706,1.4500933949628408e-05
YuJ_2015,3117,UniRef90_A6KZJ9,1113,0.0175301766864,9,0.9190751445086706,1.4475785868208093e-05
YuJ_2015,3118,UniRef90_B6VXN1,1113,0.017483432487,9,0.9190751445086706,1.4437186199009083e-05
YuJ_2015,3119,UniRef90_A0A076IY21,1113,0.017309515158,9,0.9190751445086706,1.4293571559042113e-05
YuJ_2015,3120,UniRef90_B6VXQ9,1113,0.017293589964,9,0.9190751445086706,1.4280421109826589e-05
YuJ_2015,3121,UniRef90_C3RCP9,1113,0.0172234469804,9,0.9190751445086706,1.4222499570933114e-05
YuJ_2015,3122,UniRef90_D4V5U2,1113,0.017118937581999998,9,0.9190751445086706,1.413619948967795e-05
YuJ_2015,3123,UniRef90_A0A0P0L9V7,1113,0.0170865199847,9,0.9190751445086706,1.4109430210322048e-05
YuJ_2015,3124,UniRef90_A0A076IV02,1113,0.016987980859999998,9,0.9190751445086706,1.4028060165152764e-05
YuJ_2015,3125,UniRef90_A0A076J0D7,1113,0.016873059624,9,0.9190751445086706,1.3933162364987613e-05
YuJ_2015,3126,UniRef90_W6PAK5,1113,0.016646050719,9,0.9190751445086706,1.3745706621800165e-05
YuJ_2015,3127,UniRef90_D1K2M7,1113,0.0164794799349999,9,0.9190751445086706,1.3608158492980924e-05
YuJ_2015,3128,UniRef90_A0A0K2HHI4,1113,0.0164710038799999,9,0.9190751445086706,1.3601159273327746e-05
YuJ_2015,3129,UniRef90_A6L1J0,1113,0.0164404703479,9,0.9190751445086706,1.3575945786870355e-05
YuJ_2015,3130,UniRef90_A0A076IYH9,1113,0.01643944553,9,0.9190751445086706,1.3575099529314616e-05
YuJ_2015,3131,UniRef90_U6RE60,1113,0.016394669725,9,0.9190751445086706,1.3538125289017342e-05
YuJ_2015,3132,UniRef90_A0A076IZG2,1113,0.0163941076585,9,0.9190751445086706,1.3537661154830717e-05
YuJ_2015,3133,UniRef90_A6KY05,1113,0.0163515424034,9,0.9190751445086706,1.3502512306688688e-05
YuJ_2015,3134,UniRef90_A0A076IH76,1113,0.016261682455000002,9,0.9190751445086706,1.3428309211395544e-05
YuJ_2015,3135,UniRef90_A0A076IU82,1113,0.016260658076999997,9,0.9190751445086706,1.342746331709331e-05
YuJ_2015,3136,UniRef90_A0A076IX63,1113,0.016234045647,9,0.9190751445086706,1.340548773492981e-05
YuJ_2015,3137,UniRef90_A0A0P0L3R3,1113,0.015995328359,9,0.9190751445086706,1.3208363632535095e-05
YuJ_2015,3138,UniRef90_A0A076J279,1113,0.0159400570028,9,0.9190751445086706,1.316272254566474e-05
YuJ_2015,3139,UniRef90_A0A1Y4PG73,1113,0.015909015441999998,9,0.9190751445086706,1.3137089547481419e-05
YuJ_2015,3140,UniRef90_D4V874,1113,0.015906756504899998,9,0.9190751445086706,1.3135224198926506e-05
YuJ_2015,3141,UniRef90_A0A0P0M5G4,1113,0.015895848889000003,9,0.9190751445086706,1.3126217084227912e-05
YuJ_2015,3142,UniRef90_D4L103,1113,0.0158633858648,9,0.9190751445086706,1.3099410292981006e-05
YuJ_2015,3143,UniRef90_A0A076IMQ8,1113,0.015840266882,9,0.9190751445086706,1.3080319473162675e-05
YuJ_2015,3144,UniRef90_A0A0P0L4L9,1113,0.0158308772755,9,0.9190751445086706,1.3072565875722544e-05
YuJ_2015,3145,UniRef90_C3R9T7,1113,0.015746484806,9,0.9190751445086706,1.3002877626754749e-05
YuJ_2015,3146,UniRef90_A0A0K2HGQ5,1113,0.015617687867,9,0.9190751445086706,1.2896521772914945e-05
YuJ_2015,3147,UniRef90_A0A1Y4PC68,1113,0.015600725264,9,0.9190751445086706,1.2882514668868704e-05
YuJ_2015,3148,UniRef90_A6L6X1,1113,0.0155802360348,9,0.9190751445086706,1.2865595404459126e-05
YuJ_2015,3149,UniRef90_A0A076J2P1,1113,0.015549350936000001,9,0.9190751445086706,1.2840091606936418e-05
YuJ_2015,3150,UniRef90_A0A076ISY7,1113,0.015514903499,9,0.9190751445086706,1.2811646159372419e-05
YuJ_2015,3151,UniRef90_A0A076IZT0,1113,0.015461400193,9,0.9190751445086706,1.2767465064409578e-05
YuJ_2015,3152,UniRef90_I9R4C5,1113,0.015428179893,9,0.9190751445086706,1.2740032942196532e-05
YuJ_2015,3153,UniRef90_A0A0K2HF93,1113,0.0153509851918,9,0.9190751445086706,1.2676288349958713e-05
YuJ_2015,3154,UniRef90_A0A076J094,1113,0.015144994027,9,0.9190751445086706,1.2506188296449215e-05
YuJ_2015,3155,UniRef90_A0A0M1W0Z2,1113,0.015110969471,9,0.9190751445086706,1.2478092048720066e-05
YuJ_2015,3156,UniRef90_A0A0K2HET7,1113,0.015094688768,9,0.9190751445086706,1.2464648033030553e-05
YuJ_2015,3157,UniRef90_A0A0P0M5P7,1113,0.0150734822242,9,0.9190751445086706,1.2447136436168456e-05
YuJ_2015,3158,UniRef90_A0A076J3A1,1113,0.015062736527000001,9,0.9190751445086706,1.243826302807597e-05
YuJ_2015,3159,UniRef90_C3R9H3,1113,0.015020433399,9,0.9190751445086706,1.2403330635012387e-05
YuJ_2015,3160,UniRef90_I8VUT9,1113,0.0149426284867,9,0.9190751445086706,1.233908215251858e-05
YuJ_2015,3161,UniRef90_A6L6X0,1113,0.014929012100000002,9,0.9190751445086706,1.2327838232865401e-05
YuJ_2015,3162,UniRef90_A0A076J490,1113,0.014908003264,9,0.9190751445086706,1.2310489895953757e-05
YuJ_2015,3163,UniRef90_A0A1Y4PN26,1113,0.014879035936,9,0.9190751445086706,1.2286569724194881e-05
YuJ_2015,3164,UniRef90_U6RNF0,1113,0.014824081045,9,0.9190751445086706,1.2241189962840627e-05
YuJ_2015,3165,UniRef90_A0A076IYL7,1113,0.01480307555,9,0.9190751445086706,1.2223844384805945e-05
YuJ_2015,3166,UniRef90_D1K7E8,1113,0.014710160322000001,9,0.9190751445086706,1.2147118350123866e-05
YuJ_2015,3167,UniRef90_A0A3E4FXA9,1113,0.0146840486943,9,0.9190751445086706,1.2125556312386457e-05
YuJ_2015,3168,UniRef90_A0A396CMV9,1113,0.0146726295137,9,0.9190751445086706,1.2116126766061107e-05
YuJ_2015,3169,UniRef90_A0A396F791,1113,0.014646141734100001,9,0.9190751445086706,1.2094254115689513e-05
YuJ_2015,3170,UniRef90_B6VS45,1113,0.0146300041823,9,0.9190751445086706,1.2080928309083403e-05
YuJ_2015,3171,UniRef90_A0A1Y3ZE18,1113,0.0145966099736,9,0.9190751445086706,1.2053352579355903e-05
YuJ_2015,3172,UniRef90_A0A0P0L8B7,1113,0.014579094398,9,0.9190751445086706,1.2038888850536746e-05
YuJ_2015,3173,UniRef90_D1K3C3,1113,0.0145213231034999,9,0.9190751445086706,1.1991183405037077e-05
YuJ_2015,3174,UniRef90_D1K6M2,1113,0.014435454314,9,0.9190751445086706,1.1920276064409579e-05
YuJ_2015,3175,UniRef90_A0A076IWR4,1113,0.014389443063,9,0.9190751445086706,1.1882281637489677e-05
YuJ_2015,3176,UniRef90_C3RAC5,1113,0.014365119164,9,0.9190751445086706,1.1862195841453344e-05
YuJ_2015,3177,UniRef90_I9QFA9,1113,0.0142546939792,9,0.9190751445086706,1.1771010717753922e-05
YuJ_2015,3178,UniRef90_D4VCP4,1113,0.014247558372,9,0.9190751445086706,1.1765118391412058e-05
YuJ_2015,3179,UniRef90_A6L4N0,1113,0.014237751033,9,0.9190751445086706,1.1757019845582164e-05
YuJ_2015,3180,UniRef90_A0A0K2HKE1,1113,0.014191315319,9,0.9190751445086706,1.1718674912469033e-05
YuJ_2015,3181,UniRef90_A6L1D9,1113,0.0141057745614,9,0.9190751445086706,1.1648038448720066e-05
YuJ_2015,3182,UniRef90_A0A174WM95,1113,0.014047653882,9,0.9190751445086706,1.160004449380677e-05
YuJ_2015,3183,UniRef90_A6KZ74,1113,0.013997760116,9,0.9190751445086706,1.1558844026424442e-05
YuJ_2015,3184,UniRef90_A0A174KD57,1113,0.013992675077,9,0.9190751445086706,1.1554644985136252e-05
YuJ_2015,3185,UniRef90_A0A076J1P1,1113,0.01396569319,9,0.9190751445086706,1.1532364318744839e-05
YuJ_2015,3186,UniRef90_A0A076J0L0,1113,0.013962536119,9,0.9190751445086706,1.1529757323699423e-05
YuJ_2015,3187,UniRef90_A0A076J1Q0,1113,0.013885422068,9,0.9190751445086706,1.1466079329479768e-05
YuJ_2015,3188,UniRef90_E5UNL8,1113,0.013847818511,9,0.9190751445086706,1.1435027672171759e-05
YuJ_2015,3189,UniRef90_A0A078R7V5,1113,0.0137962412981,9,0.9190751445086706,1.1392437075227086e-05
YuJ_2015,3190,UniRef90_A0A076IXF0,1113,0.013790285861,9,0.9190751445086706,1.1387519290668869e-05
YuJ_2015,3191,UniRef90_A0A076IX80,1113,0.013619327652,9,0.9190751445086706,1.1246348184971098e-05
YuJ_2015,3192,UniRef90_S3YF09,1113,0.0136021314854,9,0.9190751445086706,1.123214821255161e-05
YuJ_2015,3193,UniRef90_A0A076IUY2,1113,0.013577161619,9,0.9190751445086706,1.1211529e-05
YuJ_2015,3194,UniRef90_A0A0M1W022,1113,0.0135291053583,9,0.9190751445086706,1.1171845878034682e-05
YuJ_2015,3195,UniRef90_A6L313,1113,0.013524473136999999,9,0.9190751445086706,1.1168020757225432e-05
YuJ_2015,3196,UniRef90_U2PGG5,1113,0.0134952406764,9,0.9190751445086706,1.1143881648554913e-05
YuJ_2015,3197,UniRef90_A0A0P0M2S1,1113,0.013453922519,9,0.9190751445086706,1.1109762608587944e-05
YuJ_2015,3198,UniRef90_A0A174IEJ1,1113,0.013401493231,9,0.9190751445086706,1.1066468398843931e-05
YuJ_2015,3199,UniRef90_A0A3F3K565,1113,0.013349720282999999,9,0.9190751445086706,1.1023716170933112e-05
YuJ_2015,3200,UniRef90_A6L2I1,1113,0.013320887194,9,0.9190751445086706,1.099990684888522e-05
YuJ_2015,3201,UniRef90_C6LD83,1113,0.013318501746200001,9,0.9190751445086706,1.0997937032369943e-05
YuJ_2015,3202,UniRef90_A0A076IQQ9,1113,0.013201773481,9,0.9190751445086706,1.0901547052848885e-05
YuJ_2015,3203,UniRef90_I9IHY3,1113,0.013137376432,9,0.9190751445086706,1.0848370298926506e-05
YuJ_2015,3204,UniRef90_A0A076IN03,1113,0.013105202367,9,0.9190751445086706,1.0821802119735755e-05
YuJ_2015,3205,UniRef90_B6VVN3,1113,0.0130618170129999,9,0.9190751445086706,1.0785976063583732e-05
YuJ_2015,3206,UniRef90_A0A396EYV4,1113,0.0130344881179999,9,0.9190751445086706,1.0763408850536665e-05
YuJ_2015,3207,UniRef90_D6DZS1,1113,0.0129345518264,9,0.9190751445086706,1.0680885075474813e-05
YuJ_2015,3208,UniRef90_A0A076IPR0,1113,0.012877461338399999,9,0.9190751445086706,1.0633741815359206e-05
YuJ_2015,3209,UniRef90_A0A076IJA2,1113,0.012860637070999999,9,0.9190751445086706,1.0619848943848058e-05
YuJ_2015,3210,UniRef90_C9L7J3,1113,0.0128457095295,9,0.9190751445086706,1.0607522319983484e-05
YuJ_2015,3211,UniRef90_A0A076ISH7,1113,0.0128353972496,9,0.9190751445086706,1.0599006812221305e-05
YuJ_2015,3212,UniRef90_A0A1Y4PRU5,1113,0.012737400130699999,9,0.9190751445086706,1.051808433583815e-05
YuJ_2015,3213,UniRef90_C7H993,1113,0.0127332039944,9,0.9190751445086706,1.051461931824938e-05
YuJ_2015,3214,UniRef90_I8W803,1113,0.0126887758862,9,0.9190751445086706,1.047793219339389e-05
YuJ_2015,3215,UniRef90_A0A0K2HKE3,1113,0.012667313773999999,9,0.9190751445086706,1.0460209557390585e-05
YuJ_2015,3216,UniRef90_A0A0K2HDL7,1113,0.012651844124,9,0.9190751445086706,1.0447435279933938e-05
YuJ_2015,3217,UniRef90_A0A1H7LWE0,1113,0.01254764834,9,0.9190751445086706,1.0361394170107349e-05
YuJ_2015,3218,UniRef90_A0A076J6F3,1113,0.012530785073100001,9,0.9190751445086706,1.0347469094219655e-05
YuJ_2015,3219,UniRef90_A0A076IL07,1113,0.012484282414999999,9,0.9190751445086706,1.0309068881090008e-05
YuJ_2015,3220,UniRef90_D1JZ37,1113,0.012425238227,9,0.9190751445086706,1.0260312326176713e-05
YuJ_2015,3221,UniRef90_U6RGT5,1113,0.012401827174,9,0.9190751445086706,1.024098032535095e-05
YuJ_2015,3222,UniRef90_A0A076JB70,1113,0.012303885770600001,9,0.9190751445086706,1.0160103856812552e-05
YuJ_2015,3223,UniRef90_A0A174XDM2,1113,0.0122793606543,9,0.9190751445086706,1.0139851902807597e-05
YuJ_2015,3224,UniRef90_C3RD31,1113,0.012230651807,9,0.9190751445086706,1.0099629898431049e-05
YuJ_2015,3225,UniRef90_A0A0N7J7P1,1113,0.011920116859000001,9,0.9190751445086706,9.843201369942197e-06
YuJ_2015,3226,UniRef90_F3PYH1,1113,0.0118935842892,9,0.9190751445086706,9.821291733443434e-06
YuJ_2015,3227,UniRef90_A0A076IMV5,1113,0.0117903750699,9,0.9190751445086706,9.736065293063583e-06
YuJ_2015,3228,UniRef90_A0A395US62,1113,0.0117287174217,9,0.9190751445086706,9.685150637241948e-06
YuJ_2015,3229,UniRef90_A0A0K2HMH3,1113,0.011575968118,9,0.9190751445086706,9.559015786952931e-06
YuJ_2015,3230,UniRef90_A0A3E5FA48,1113,0.011553141348,9,0.9190751445086706,9.540166265895954e-06
YuJ_2015,3231,UniRef90_A0A174P1L0,1113,0.0112600928683,9,0.9190751445086706,9.298177430470686e-06
YuJ_2015,3232,UniRef90_A6L4R8,1113,0.011256167399,9,0.9190751445086706,9.294935919900909e-06
YuJ_2015,3233,UniRef90_A0A076J3B4,1113,0.011234029585000001,9,0.9190751445086706,9.276655313790258e-06
YuJ_2015,3234,UniRef90_B6VSB1,1113,0.0108452583664,9,0.9190751445086706,8.955622102725021e-06
YuJ_2015,3235,UniRef90_Q64ZA1,1113,0.0106847420286,9,0.9190751445086706,8.823073516597852e-06
YuJ_2015,3236,UniRef90_E5V8X4,1113,0.0106241915118,9,0.9190751445086706,8.773073089843104e-06
YuJ_2015,3237,UniRef90_D1JNY5,1113,0.010354636137800001,9,0.9190751445086706,8.550484011395541e-06
YuJ_2015,3238,UniRef90_A0A174Q8M0,1113,0.009869719477,9,0.9190751445086706,8.150057371593724e-06
YuJ_2015,3239,UniRef90_D1PP49,1113,0.0097282346265,9,0.9190751445086706,8.033224299339389e-06
YuJ_2015,3240,UniRef90_A0A0K2HDS4,1113,0.0096680340473,9,0.9190751445086706,7.983512838398017e-06
YuJ_2015,3241,UniRef90_A0A395WMA6,1113,0.009471392774200001,9,0.9190751445086706,7.821133587283239e-06
YuJ_2015,3242,UniRef90_E4MEM1,1113,0.0094431428941999,9,0.9190751445086706,7.79780585813369e-06
YuJ_2015,3243,UniRef90_Q5LHS7,1113,0.0093643846265,9,0.9190751445086706,7.73277012923204e-06
YuJ_2015,3244,UniRef90_A0A174WXJ6,1113,0.0092791652906,9,0.9190751445086706,7.662399083897606e-06
YuJ_2015,3245,UniRef90_U2DJP5,1113,0.0086288030287,9,0.9190751445086706,7.1253534506193224e-06
YuJ_2015,3246,UniRef90_D4ML23,1113,0.008607244685299999,9,0.9190751445086706,7.107551350371593e-06
YuJ_2015,3247,UniRef90_A0A3F3DV56,1113,0.0084615355841,9,0.9190751445086706,6.987230044673823e-06
YuJ_2015,3248,UniRef90_A0A174ZPP6,1113,0.0080603497903,9,0.9190751445086706,6.655945326424443e-06
YuJ_2015,3249,UniRef90_B6FJD7,1113,0.00804332641111,9,0.9190751445086706,6.641888035598679e-06
YuJ_2015,3250,UniRef90_A0A1Q6SYH8,1113,0.0078437788821,9,0.9190751445086706,6.477108903468208e-06
YuJ_2015,3251,UniRef90_A0A173ZHT6,1113,0.0070140972179,9,0.9190751445086706,5.791987793476465e-06
YuJ_2015,3252,UniRef90_E1WS50,1113,0.0068077805369,9,0.9190751445086706,5.621618940462428e-06
YuJ_2015,3253,UniRef90_A0A174VHN2,1113,0.0067643931522999995,9,0.9190751445086706,5.5857912075144505e-06
YuJ_2015,3254,UniRef90_R7KPA1,1113,0.0067327042585,9,0.9190751445086706,5.5596236651527665e-06
YuJ_2015,3255,UniRef90_A4EBI3,1113,0.0066877632486,9,0.9190751445086706,5.522513004624278e-06
YuJ_2015,3256,UniRef90_R6JGD7,1113,0.0064599788279,9,0.9190751445086706,5.334416868620974e-06
YuJ_2015,3257,UniRef90_A0A1C7H1W6,1113,0.0061580031288,9,0.9190751445086706,5.0850562582989266e-06
YuJ_2015,3258,UniRef90_R6D936,1113,0.0060949429207,9,0.9190751445086706,5.032983419240297e-06
YuJ_2015,3259,UniRef90_A5ZL41,1113,0.0059597942868999994,9,0.9190751445086706,4.921382565565648e-06
YuJ_2015,3260,UniRef90_A0A139L0K4,1113,0.0059269514019,9,0.9190751445086706,4.894262099009083e-06
YuJ_2015,3261,UniRef90_R6J594,1113,0.0057937143788,9,0.9190751445086706,4.784239784310488e-06
YuJ_2015,3262,UniRef90_Q8A258,1113,0.005760328295,9,0.9190751445086706,4.756670763831544e-06
YuJ_2015,3263,UniRef90_A0A0P0F8X5,1113,0.0056699081121,9,0.9190751445086706,4.6820050471511145e-06
YuJ_2015,3264,UniRef90_A0A0N7I9N0,1113,0.0056617945295,9,0.9190751445086706,4.675305144095788e-06
YuJ_2015,3265,UniRef90_R6JKV6,1113,0.0056513493749,9,0.9190751445086706,4.666679913212222e-06
YuJ_2015,3266,UniRef90_A0A139LFB9,1113,0.005640760589,9,0.9190751445086706,4.657936076796036e-06
YuJ_2015,3267,UniRef90_A0A139KJ02,1113,0.0056305841692,9,0.9190751445086706,4.649532757390586e-06
YuJ_2015,3268,UniRef90_R6JPH7,1113,0.005603283216,9,0.9190751445086706,4.626988617671346e-06
YuJ_2015,3269,UniRef90_A0A0P0FDR7,1113,0.005528397867799999,9,0.9190751445086706,4.565151005615193e-06
YuJ_2015,3270,UniRef90_A0A174H1H3,1113,0.0054797466242000005,9,0.9190751445086706,4.524976568290669e-06
YuJ_2015,3271,UniRef90_Q8A861,1113,0.0054347039,9,0.9190751445086706,4.487781915772089e-06
YuJ_2015,3272,UniRef90_C9KZU0,1113,0.0053148726564,9,0.9190751445086706,4.38882960891825e-06
YuJ_2015,3273,UniRef90_Q8AA76,1113,0.0053091940793,9,0.9190751445086706,4.384140445334435e-06
YuJ_2015,3274,UniRef90_A0A174TPC8,1113,0.0052951409456,9,0.9190751445086706,4.372535875805119e-06
YuJ_2015,3275,UniRef90_A5ZI36,1113,0.0052441011567,9,0.9190751445086706,4.33038906416185e-06
YuJ_2015,3276,UniRef90_A0A174XAE3,1113,0.0051417476215,9,0.9190751445086706,4.245869216763006e-06
YuJ_2015,3277,UniRef90_D7JB39,1113,0.0050976782375,9,0.9190751445086706,4.209478313377374e-06
YuJ_2015,3278,UniRef90_A0A174QYI7,1113,0.0050906435703999995,9,0.9190751445086706,4.20366933971924e-06
YuJ_2015,3279,UniRef90_R6JDC9,1113,0.0049904747458,9,0.9190751445086706,4.120953547316267e-06
YuJ_2015,3280,UniRef90_A0A0P0ESC2,1113,0.0049196673266,9,0.9190751445086706,4.06248334153592e-06
YuJ_2015,3281,UniRef90_A0A1Q6H874,1113,0.0048994072349,9,0.9190751445086706,4.0457532905862925e-06
YuJ_2015,3282,UniRef90_A0A173YIN8,1113,0.0047627987585,9,0.9190751445086706,3.932946951692816e-06
YuJ_2015,3283,UniRef90_B5CSL1,1113,0.0046666120737,9,0.9190751445086706,3.8535194663088355e-06
YuJ_2015,3284,UniRef90_A0A173UDX4,1113,0.0037656638188,9,0.9190751445086706,3.1095489833195707e-06
YuJ_2015,3285,UniRef90_R6Q8L0,1112,0.2744630586629,9,0.9182493806771264,0.0002266416669388109
YuJ_2015,3286,UniRef90_I9UBB8,1112,0.045945182247,9,0.9182493806771264,3.793986973327828e-05
YuJ_2015,3287,UniRef90_H1HSA2,1112,0.024000732143,9,0.9182493806771264,1.98189365342692e-05
YuJ_2015,3288,UniRef90_A6L064,1112,0.023155855191900002,9,0.9182493806771264,1.91212677059455e-05
YuJ_2015,3289,UniRef90_A0A0P0M2E3,1112,0.0231161579699,9,0.9182493806771264,1.908848717580512e-05
YuJ_2015,3290,UniRef90_U6R9G9,1112,0.021450536845,9,0.9182493806771264,1.771307749380677e-05
YuJ_2015,3291,UniRef90_D4VAL7,1112,0.0213129025414,9,0.9182493806771264,1.759942406391412e-05
YuJ_2015,3292,UniRef90_A0A076J4A7,1112,0.021279288954,9,0.9182493806771264,1.757166717919075e-05
YuJ_2015,3293,UniRef90_U6REJ0,1112,0.020770839997,9,0.9182493806771264,1.715180842031379e-05
YuJ_2015,3294,UniRef90_A6KZP3,1112,0.020553590825,9,0.9182493806771264,1.697241191164327e-05
YuJ_2015,3295,UniRef90_U6RRE7,1112,0.0205027473272,9,0.9182493806771264,1.6930427190090836e-05
YuJ_2015,3296,UniRef90_A0A076IUE9,1112,0.020125498963,9,0.9182493806771264,1.661890913542527e-05
YuJ_2015,3297,UniRef90_A6L005,1112,0.0196171871383,9,0.9182493806771264,1.6199163615441784e-05
YuJ_2015,3298,UniRef90_A0A174N9V0,1112,0.0195962497446,9,0.9182493806771264,1.6181874272997523e-05
YuJ_2015,3299,UniRef90_D4VAV8,1112,0.019099046953,9,0.9182493806771264,1.5771302190751445e-05
YuJ_2015,3300,UniRef90_A0A0K2HGJ5,1112,0.019012546124999998,9,0.9182493806771264,1.569987293559042e-05
YuJ_2015,3301,UniRef90_A0A076J541,1112,0.018781229156,9,0.9182493806771264,1.5508859748967797e-05
YuJ_2015,3302,UniRef90_A0A0K2HIA2,1112,0.01862523319,9,0.9182493806771264,1.53800439223782e-05
YuJ_2015,3303,UniRef90_A0A076J0A0,1112,0.018231990886999998,9,0.9182493806771264,1.505531865152766e-05
YuJ_2015,3304,UniRef90_A0A396ART5,1112,0.018059767564600003,9,0.9182493806771264,1.4913102860941374e-05
YuJ_2015,3305,UniRef90_U6RDY1,1112,0.017989580842,9,0.9182493806771264,1.4855145203963666e-05
YuJ_2015,3306,UniRef90_A0A076IJZ0,1112,0.017913655948,9,0.9182493806771264,1.479244917258464e-05
YuJ_2015,3307,UniRef90_A0A0P0L443,1112,0.017344978698,9,0.9182493806771264,1.4322856067712633e-05
YuJ_2015,3308,UniRef90_A6L0X5,1112,0.017155566677000002,9,0.9182493806771264,1.4166446471511149e-05
YuJ_2015,3309,UniRef90_D1K421,1112,0.016932636445700002,9,0.9182493806771264,1.3982358749545832e-05
YuJ_2015,3310,UniRef90_R7NWM3,1112,0.016840636584,9,0.9182493806771264,1.3906388591246904e-05
YuJ_2015,3311,UniRef90_A0A076J0T5,1112,0.016770270424299998,9,0.9182493806771264,1.384828276160198e-05
YuJ_2015,3312,UniRef90_A0A076J2S9,1112,0.016464664400999997,9,0.9182493806771264,1.3595924360858792e-05
YuJ_2015,3313,UniRef90_Q64WK3,1112,0.0164409913702,9,0.9182493806771264,1.3576376028241124e-05
YuJ_2015,3314,UniRef90_A0A076INL4,1112,0.016440759948,9,0.9182493806771264,1.3576184928158548e-05
YuJ_2015,3315,UniRef90_A0A0P0LBY8,1112,0.016428662168,9,0.9182493806771264,1.3566195018992568e-05
YuJ_2015,3316,UniRef90_A0A0P0LHJ6,1112,0.0163568026971,9,0.9182493806771264,1.3506856066969446e-05
YuJ_2015,3317,UniRef90_A0A0K2HH52,1112,0.0163160516299999,9,0.9182493806771264,1.3473205309661355e-05
YuJ_2015,3318,UniRef90_C3RAI3,1112,0.016059002194000003,9,0.9182493806771264,1.3260943182493809e-05
YuJ_2015,3319,UniRef90_A0A076IRA3,1112,0.015931277297,9,0.9182493806771264,1.3155472582163503e-05
YuJ_2015,3320,UniRef90_A0A0K2HHJ7,1112,0.015916157075999998,9,0.9182493806771264,1.3142986850536744e-05
YuJ_2015,3321,UniRef90_B6W5B3,1112,0.015784889812000002,9,0.9182493806771264,1.3034591091659788e-05
YuJ_2015,3322,UniRef90_A0A076IUS6,1112,0.01576615591,9,0.9182493806771264,1.3019121312964493e-05
YuJ_2015,3323,UniRef90_A0A174M9P4,1112,0.015551301386000001,9,0.9182493806771264,1.2841702218001652e-05
YuJ_2015,3324,UniRef90_D1K2J1,1112,0.015540776479,9,0.9182493806771264,1.2833011130470686e-05
YuJ_2015,3325,UniRef90_A0A076IZZ7,1112,0.015336056461,9,0.9182493806771264,1.2663960744013212e-05
YuJ_2015,3326,UniRef90_B0N074,1112,0.0151227323001,9,0.9182493806771264,1.2487805367547482e-05
YuJ_2015,3327,UniRef90_A0A0K2HFN2,1112,0.015087545948,9,0.9182493806771264,1.2458749750619323e-05
YuJ_2015,3328,UniRef90_A6KXB4,1112,0.015065800269,9,0.9182493806771264,1.2440792955408754e-05
YuJ_2015,3329,UniRef90_C3RGM9,1112,0.0150200852507,9,0.9182493806771264,1.2403043146738233e-05
YuJ_2015,3330,UniRef90_A0A076IK62,1112,0.015000547066700001,9,0.9182493806771264,1.238690922105698e-05
YuJ_2015,3331,UniRef90_A0A174P3J6,1112,0.014911473278499898,9,0.9182493806771264,1.2313355308422707e-05
YuJ_2015,3332,UniRef90_A0A076J0B4,1112,0.0148973939583,9,0.9182493806771264,1.2301729115028903e-05
YuJ_2015,3333,UniRef90_A0A076JB01,1112,0.014880177153,9,0.9182493806771264,1.2287512099917423e-05
YuJ_2015,3334,UniRef90_A6L2V6,1112,0.01485315595,9,0.9182493806771264,1.226519896779521e-05
YuJ_2015,3335,UniRef90_A0A076IZR6,1112,0.014735346019,9,0.9182493806771264,1.2167915787778695e-05
YuJ_2015,3336,UniRef90_A0A076J4I6,1112,0.014709039079,9,0.9182493806771264,1.2146192468208092e-05
YuJ_2015,3337,UniRef90_A0A076IZ89,1112,0.014584732212,9,0.9182493806771264,1.2043544353426921e-05
YuJ_2015,3338,UniRef90_A0A0M1W7K5,1112,0.0145755186079999,9,0.9182493806771264,1.2035936092485465e-05
YuJ_2015,3339,UniRef90_A0A0P0M3X3,1112,0.0144380509783,9,0.9182493806771264,1.192242029587118e-05
YuJ_2015,3340,UniRef90_A0A076INV9,1112,0.0143852696352,9,0.9182493806771264,1.1878835371758876e-05
YuJ_2015,3341,UniRef90_A0A0K2HEY0,1112,0.0143728746469999,9,0.9182493806771264,1.1868600038810818e-05
YuJ_2015,3342,UniRef90_A0A0P0M4S5,1112,0.014197367554,9,0.9182493806771264,1.172367262923204e-05
YuJ_2015,3343,UniRef90_A0A380ZKV5,1112,0.014184239108,9,0.9182493806771264,1.1712831633360859e-05
YuJ_2015,3344,UniRef90_I8VKZ2,1112,0.01417806353,9,0.9182493806771264,1.1707732064409579e-05
YuJ_2015,3345,UniRef90_A0A076IZ80,1112,0.0141597280667,9,0.9182493806771264,1.1692591301981832e-05
YuJ_2015,3346,UniRef90_B6W235,1112,0.014141034145999999,9,0.9182493806771264,1.1677154538398017e-05
YuJ_2015,3347,UniRef90_A0A0N7J7Z4,1112,0.0140854986416,9,0.9182493806771264,1.1631295327497936e-05
YuJ_2015,3348,UniRef90_D1K0L2,1112,0.014064139472,9,0.9182493806771264,1.1613657697770437e-05
YuJ_2015,3349,UniRef90_A6L7J9,1112,0.0140393419931,9,0.9182493806771264,1.1593180836581338e-05
YuJ_2015,3350,UniRef90_A0A3E5FA08,1112,0.014017046684,9,0.9182493806771264,1.1574770176713461e-05
YuJ_2015,3351,UniRef90_A0A0P0M242,1112,0.0139878192939,9,0.9182493806771264,1.1550635255078448e-05
YuJ_2015,3352,UniRef90_C3R7A7,1112,0.0139842812396,9,0.9182493806771264,1.154771365780347e-05
YuJ_2015,3353,UniRef90_D4V935,1112,0.013931376160000002,9,0.9182493806771264,1.1504026556564824e-05
YuJ_2015,3354,UniRef90_A0A076IUW0,1112,0.013930715838,9,0.9182493806771264,1.150348128654005e-05
YuJ_2015,3355,UniRef90_A0A076J0F5,1112,0.013896823855,9,0.9182493806771264,1.1475494512799339e-05
YuJ_2015,3356,UniRef90_A0A076J1V1,1112,0.013891625222,9,0.9182493806771264,1.1471201669694467e-05
YuJ_2015,3357,UniRef90_D4V4U7,1112,0.013855883651,9,0.9182493806771264,1.1441687573080099e-05
YuJ_2015,3358,UniRef90_A0A1Y3ZJC6,1112,0.013845504505,9,0.9182493806771264,1.1433116849710982e-05
YuJ_2015,3359,UniRef90_A6KWC5,1112,0.0138328401261,9,0.9182493806771264,1.142265906366639e-05
YuJ_2015,3360,UniRef90_A0A076IUP8,1112,0.013820780972,9,0.9182493806771264,1.1412701050371594e-05
YuJ_2015,3361,UniRef90_A0A076INX8,1112,0.013793095208000001,9,0.9182493806771264,1.1389839147811727e-05
YuJ_2015,3362,UniRef90_A0A1Y4PNI8,1112,0.013768958996,9,0.9182493806771264,1.1369908336911644e-05
YuJ_2015,3363,UniRef90_A0A076IUI7,1112,0.013723588782,9,0.9182493806771264,1.1332443255161024e-05
YuJ_2015,3364,UniRef90_A6KWC4,1112,0.0136979261147,9,0.9182493806771264,1.1311251952683733e-05
YuJ_2015,3365,UniRef90_A0A076IUP9,1112,0.013676914105,9,0.9182493806771264,1.1293900995045418e-05
YuJ_2015,3366,UniRef90_A0A076IT69,1112,0.0136758918645,9,0.9182493806771264,1.1293056865813377e-05
YuJ_2015,3367,UniRef90_D1K623,1112,0.013608030543000001,9,0.9182493806771264,1.1237019440957886e-05
YuJ_2015,3368,UniRef90_A0A0P0LBB2,1112,0.013604800805,9,0.9182493806771264,1.1234352440132122e-05
YuJ_2015,3369,UniRef90_A0A0K2HJ37,1112,0.013528980434999999,9,0.9182493806771264,1.1171742720891825e-05
YuJ_2015,3370,UniRef90_A0A0K2HNW9,1112,0.013511494631,9,0.9182493806771264,1.1157303576383155e-05
YuJ_2015,3371,UniRef90_A0A076IXS5,1112,0.0134951997351,9,0.9182493806771264,1.1143847840710156e-05
YuJ_2015,3372,UniRef90_A0A0P0LC42,1112,0.013495172731,9,0.9182493806771264,1.1143825541701073e-05
YuJ_2015,3373,UniRef90_A0A0P0M185,1112,0.013481188895,9,0.9182493806771264,1.1132278195706027e-05
YuJ_2015,3374,UniRef90_A6L1V0,1112,0.013423228407,9,0.9182493806771264,1.1084416521056978e-05
YuJ_2015,3375,UniRef90_A0A076IRA9,1112,0.013388822626,9,0.9182493806771264,1.1056005471511149e-05
YuJ_2015,3376,UniRef90_A0A0K2HG11,1112,0.013382267341,9,0.9182493806771264,1.1050592354252684e-05
YuJ_2015,3377,UniRef90_A0A076II75,1112,0.013342614935,9,0.9182493806771264,1.1017848831544178e-05
YuJ_2015,3378,UniRef90_A0A076ITD9,1112,0.0133292260324,9,0.9182493806771264,1.100679276003303e-05
YuJ_2015,3379,UniRef90_A6L1M6,1112,0.013315240172700001,9,0.9182493806771264,1.099524374293972e-05
YuJ_2015,3380,UniRef90_D1K074,1112,0.013274982091,9,0.9182493806771264,1.0962000075144509e-05
YuJ_2015,3381,UniRef90_A0A3E5A2K3,1112,0.0132466153207,9,0.9182493806771264,1.0938575822213046e-05
YuJ_2015,3382,UniRef90_A0A0P0M572,1112,0.01316723819,9,0.9182493806771264,1.0873029058629232e-05
YuJ_2015,3383,UniRef90_A0A076J710,1112,0.0131318275894,9,0.9182493806771264,1.0843788265400494e-05
YuJ_2015,3384,UniRef90_A0A380ZIQ0,1112,0.013112365347,9,0.9182493806771264,1.082771704954583e-05
YuJ_2015,3385,UniRef90_B0NSF5,1112,0.0131062071628,9,0.9182493806771264,1.0822631843765484e-05
YuJ_2015,3386,UniRef90_A0A076IQD9,1112,0.013101936038,9,0.9182493806771264,1.0819104903385633e-05
YuJ_2015,3387,UniRef90_D1K675,1112,0.013072342842,9,0.9182493806771264,1.0794667912469034e-05
YuJ_2015,3388,UniRef90_D1K925,1112,0.013070617224,9,0.9182493806771264,1.0793242959537573e-05
YuJ_2015,3389,UniRef90_D4LVL6,1112,0.013037221796600001,9,0.9182493806771264,1.0765666223451694e-05
YuJ_2015,3390,UniRef90_R5JPG2,1112,0.0130347650652,9,0.9182493806771264,1.0763637543517753e-05
YuJ_2015,3391,UniRef90_I9QEJ7,1112,0.013009541303,9,0.9182493806771264,1.0742808672997523e-05
YuJ_2015,3392,UniRef90_A0A395UP83,1112,0.013008991697,9,0.9182493806771264,1.0742354828241123e-05
YuJ_2015,3393,UniRef90_A0A076J5E4,1112,0.0129548411118,9,0.9182493806771264,1.0697639233526012e-05
YuJ_2015,3394,UniRef90_A0A0P0M574,1112,0.0129242917065,9,0.9182493806771264,1.0672412639554088e-05
YuJ_2015,3395,UniRef90_A0A174KLT1,1112,0.0129081846706,9,0.9182493806771264,1.0659112031874484e-05
YuJ_2015,3396,UniRef90_A6L4M2,1112,0.012897492693,9,0.9182493806771264,1.0650282983484723e-05
YuJ_2015,3397,UniRef90_A0A076IKG2,1112,0.012896380843900001,9,0.9182493806771264,1.0649364858711809e-05
YuJ_2015,3398,UniRef90_A0A1Q6J500,1112,0.0128674554729999,9,0.9182493806771264,1.0625479333608505e-05
YuJ_2015,3399,UniRef90_A0A0P0M3X7,1112,0.012832658758,9,0.9182493806771264,1.0596745464905037e-05
YuJ_2015,3400,UniRef90_A0A0K2HP99,1112,0.012823417412999999,9,0.9182493806771264,1.0589114296449214e-05
YuJ_2015,3401,UniRef90_I8W7V3,1112,0.012789405527,9,0.9182493806771264,1.0561028511147811e-05
YuJ_2015,3402,UniRef90_C3R7G8,1112,0.012787049251,9,0.9182493806771264,1.0559082783649876e-05
YuJ_2015,3403,UniRef90_A0A076IQ72,1112,0.012726491813999999,9,0.9182493806771264,1.050907664244426e-05
YuJ_2015,3404,UniRef90_A6L5G7,1112,0.0126735599619,9,0.9182493806771264,1.0465367433443435e-05
YuJ_2015,3405,UniRef90_A6L710,1112,0.0126262440269999,9,0.9182493806771264,1.0426295645747234e-05
YuJ_2015,3406,UniRef90_A6KWK5,1112,0.012578027073,9,0.9182493806771264,1.0386479829066888e-05
YuJ_2015,3407,UniRef90_A0A396BH28,1112,0.0125731083,9,0.9182493806771264,1.0382418084227911e-05
YuJ_2015,3408,UniRef90_A0A076ISC0,1112,0.012540979204,9,0.9182493806771264,1.03558870388109e-05
YuJ_2015,3409,UniRef90_R9HY48,1112,0.01253088440191,9,0.9182493806771264,1.0347551116358381e-05
YuJ_2015,3410,UniRef90_A0A174VX83,1112,0.0125250824397999,9,0.9182493806771264,1.0342760065895871e-05
YuJ_2015,3411,UniRef90_A0A076IRM7,1112,0.012506054113,9,0.9182493806771264,1.0327047161849712e-05
YuJ_2015,3412,UniRef90_A0A395UTD2,1112,0.01248506686,9,0.9182493806771264,1.0309716647398843e-05
YuJ_2015,3413,UniRef90_E6SQA1,1112,0.0124673085792,9,0.9182493806771264,1.0295052501403799e-05
YuJ_2015,3414,UniRef90_A0A0P0LCX4,1112,0.012466851717,9,0.9182493806771264,1.029467524112304e-05
YuJ_2015,3415,UniRef90_E5UYI2,1112,0.012415157655,9,0.9182493806771264,1.0251988154417837e-05
YuJ_2015,3416,UniRef90_A6KWB9,1112,0.012411344399,9,0.9182493806771264,1.0248839305532617e-05
YuJ_2015,3417,UniRef90_A0A174ILV5,1112,0.012355135704,9,0.9182493806771264,1.020242419818332e-05
YuJ_2015,3418,UniRef90_A0A0M1W2G8,1112,0.01233689762,9,0.9182493806771264,1.0187363848059455e-05
YuJ_2015,3419,UniRef90_A6L3H3,1112,0.012323995356,9,0.9182493806771264,1.017670962510322e-05
YuJ_2015,3420,UniRef90_A0A397WCU5,1112,0.012320816005,9,0.9182493806771264,1.0174084232039637e-05
YuJ_2015,3421,UniRef90_A0A076J9W6,1112,0.012238535423,9,0.9182493806771264,1.0106139903385632e-05
YuJ_2015,3422,UniRef90_A0A076J7B1,1112,0.0121800889971,9,0.9182493806771264,1.0057876958794384e-05
YuJ_2015,3423,UniRef90_B6VVT2,1112,0.012106520604,9,0.9182493806771264,9.997126840627581e-06
YuJ_2015,3424,UniRef90_A0A0K2HIZ4,1112,0.012106514318,9,0.9182493806771264,9.997121649876136e-06
YuJ_2015,3425,UniRef90_A0A1Q6JDV0,1112,0.011960592897,9,0.9182493806771264,9.876625018166803e-06
YuJ_2015,3426,UniRef90_E5UWS7,1112,0.0118900727324,9,0.9182493806771264,9.818392016845582e-06
YuJ_2015,3427,UniRef90_A0A076IRR9,1112,0.011859806964,9,0.9182493806771264,9.793399639966969e-06
YuJ_2015,3428,UniRef90_D1K0J3,1112,0.011851341815,9,0.9182493806771264,9.786409426094137e-06
YuJ_2015,3429,UniRef90_A0A076IPW2,1112,0.011808033155300001,9,0.9182493806771264,9.750646701321222e-06
YuJ_2015,3430,UniRef90_A0A0N7J7K5,1112,0.011726904314,9,0.9182493806771264,9.683653438480595e-06
YuJ_2015,3431,UniRef90_A0A174LZ35,1112,0.0117225731573,9,0.9182493806771264,9.680076925928984e-06
YuJ_2015,3432,UniRef90_R5K3J5,1112,0.0115887480782,9,0.9182493806771264,9.569569015854665e-06
YuJ_2015,3433,UniRef90_A0A0K2HM13,1112,0.011569512741,9,0.9182493806771264,9.553685170107349e-06
YuJ_2015,3434,UniRef90_A0A0P0LHW5,1112,0.011418370784099999,9,0.9182493806771264,9.42887760867052e-06
YuJ_2015,3435,UniRef90_I9RF72,1112,0.011416181426,9,0.9182493806771264,9.427069715937241e-06
YuJ_2015,3436,UniRef90_A0A0N7J7N4,1112,0.011282868214,9,0.9182493806771264,9.31698448720066e-06
YuJ_2015,3437,UniRef90_A0A0K2HN30,1112,0.0111792999748,9,0.9182493806771264,9.231461581172585e-06
YuJ_2015,3438,UniRef90_A0A076IUD6,1112,0.0111293524454,9,0.9182493806771264,9.190216717919076e-06
YuJ_2015,3439,UniRef90_C3R4D7,1112,0.01097675365,9,0.9182493806771264,9.064206151940545e-06
YuJ_2015,3440,UniRef90_A0A1E3U6L0,1112,0.010837692012399999,9,0.9182493806771264,8.94937408125516e-06
YuJ_2015,3441,UniRef90_D1JXS4,1112,0.0108217687939999,9,0.9182493806771264,8.936225263418579e-06
YuJ_2015,3442,UniRef90_A0A174GXR6,1112,0.0108013539267,9,0.9182493806771264,8.919367404376547e-06
YuJ_2015,3443,UniRef90_A0A076INP5,1112,0.0104895698276,9,0.9182493806771264,8.661907372089182e-06
YuJ_2015,3444,UniRef90_B0G9J5,1112,0.010410709679,9,0.9182493806771264,8.596787513625102e-06
YuJ_2015,3445,UniRef90_A0A397WJL7,1112,0.0102622141252,9,0.9182493806771264,8.47416525615194e-06
YuJ_2015,3446,UniRef90_A0A076IUP2,1112,0.010141389378500001,9,0.9182493806771264,8.374392550371594e-06
YuJ_2015,3447,UniRef90_D4K8F3,1112,0.0092639329539,9,0.9182493806771264,7.649820771180842e-06
YuJ_2015,3448,UniRef90_C4ZES0,1112,0.009208063188500001,9,0.9182493806771264,7.603685539636665e-06
YuJ_2015,3449,UniRef90_C7H2S2,1112,0.0086325728361,9,0.9182493806771264,7.128466421222131e-06
YuJ_2015,3450,UniRef90_E4LUK0,1112,0.0083900467417,9,0.9182493806771264,6.928197144260941e-06
YuJ_2015,3451,UniRef90_A0A395XF01,1112,0.0083494793564,9,0.9182493806771264,6.894698064739884e-06
YuJ_2015,3452,UniRef90_A0A395XCV3,1112,0.0082552048127,9,0.9182493806771264,6.816849556317093e-06
YuJ_2015,3453,UniRef90_A0A1M6PAE7,1112,0.0080801829672,9,0.9182493806771264,6.672322846573081e-06
YuJ_2015,3454,UniRef90_A0A174AXE4,1112,0.0078942657201,9,0.9182493806771264,6.518799108257638e-06
YuJ_2015,3455,UniRef90_D4LP03,1112,0.0077355792674,9,0.9182493806771264,6.387761575061933e-06
YuJ_2015,3456,UniRef90_D4C6H5,1112,0.007096354444,9,0.9182493806771264,5.859912835672998e-06
YuJ_2015,3457,UniRef90_C9KVX0,1112,0.0065813204212,9,0.9182493806771264,5.434616367630058e-06
YuJ_2015,3458,UniRef90_A0A174XLQ3,1112,0.0064120896369999,9,0.9182493806771264,5.294871706853757e-06
YuJ_2015,3459,UniRef90_R5USW4,1112,0.0064023181167,9,0.9182493806771264,5.2868027388109006e-06
YuJ_2015,3460,UniRef90_R5U178,1112,0.0062457924503,9,0.9182493806771264,5.157549504789431e-06
YuJ_2015,3461,UniRef90_D6D8A6,1112,0.006030087363,9,0.9182493806771264,4.9794280454170105e-06
YuJ_2015,3462,UniRef90_A0A3E5H1C2,1112,0.0059616025890999996,9,0.9182493806771264,4.92287579611891e-06
YuJ_2015,3463,UniRef90_A0A3E5HYY4,1112,0.0059447103676,9,0.9182493806771264,4.908926810569776e-06
YuJ_2015,3464,UniRef90_Q89YZ2,1112,0.005929012909,9,0.9182493806771264,4.8959644170107355e-06
YuJ_2015,3465,UniRef90_R6JHC9,1112,0.0059076849894,9,0.9182493806771264,4.878352592402973e-06
YuJ_2015,3466,UniRef90_R6VDS6,1112,0.0058912635444999,9,0.9182493806771264,4.864792357142775e-06
YuJ_2015,3467,UniRef90_A0A0P0FT99,1112,0.0058568918967,9,0.9182493806771264,4.836409493559042e-06
YuJ_2015,3468,UniRef90_Q89ZK3,1112,0.00570031193,9,0.9182493806771264,4.707111420313791e-06
YuJ_2015,3469,UniRef90_A0A139JTR1,1112,0.0056027652003,9,0.9182493806771264,4.626560859042114e-06
YuJ_2015,3470,UniRef90_A0A1G6FZQ8,1112,0.0055866495991,9,0.9182493806771264,4.6132531784475635e-06
YuJ_2015,3471,UniRef90_I9SG70,1112,0.0055689374681,9,0.9182493806771264,4.5986271412881915e-06
YuJ_2015,3472,UniRef90_R6VA38,1112,0.0055131664079,9,0.9182493806771264,4.552573416928159e-06
YuJ_2015,3473,UniRef90_Q8A753,1112,0.0054808885069,9,0.9182493806771264,4.525919493724195e-06
YuJ_2015,3474,UniRef90_C6IPI8,1112,0.005401582024,9,0.9182493806771264,4.460431068538398e-06
YuJ_2015,3475,UniRef90_R6K6B8,1112,0.0053780304553,9,0.9182493806771264,4.44098303492981e-06
YuJ_2015,3476,UniRef90_A0A174W374,1112,0.0053573607395,9,0.9182493806771264,4.423914731213873e-06
YuJ_2015,3477,UniRef90_Q8AAD5,1112,0.0052729842732,9,0.9182493806771264,4.354239697109826e-06
YuJ_2015,3478,UniRef90_E1WRK2,1112,0.0052708224573,9,0.9182493806771264,4.3524545477291495e-06
YuJ_2015,3479,UniRef90_I9UZ55,1112,0.005269509050200001,9,0.9182493806771264,4.351369983649877e-06
YuJ_2015,3480,UniRef90_R6JGF3,1112,0.0051606520955,9,0.9182493806771264,4.261479847646573e-06
YuJ_2015,3481,UniRef90_R5UYF6,1112,0.0051218379716,9,0.9182493806771264,4.229428547976879e-06
YuJ_2015,3482,UniRef90_Q8A9K9,1112,0.0049802365978,9,0.9182493806771264,4.112499254995871e-06
YuJ_2015,3483,UniRef90_R6JKQ6,1112,0.0049737096956,9,0.9182493806771264,4.107109575227085e-06
YuJ_2015,3484,UniRef90_Q89ZW6,1112,0.0049004313394,9,0.9182493806771264,4.046598959042113e-06
YuJ_2015,3485,UniRef90_Q8AA14,1112,0.0047311148537,9,0.9182493806771264,3.906783529066887e-06
YuJ_2015,3486,UniRef90_R5UFV8,1112,0.0045531935708,9,0.9182493806771264,3.759862568786127e-06
YuJ_2015,3487,UniRef90_B5CRH8,1112,0.0035488664234000003,9,0.9182493806771264,2.9305255354252687e-06
YuJ_2015,3488,UniRef90_A8S9X2,1111,0.058451629165,9,0.9174236168455822,4.826724125928984e-05
YuJ_2015,3489,UniRef90_D4JMT5,1111,0.050207805368,9,0.9174236168455822,4.1459789734104044e-05
YuJ_2015,3490,UniRef90_D1K2U9,1111,0.024260900531999998,9,0.9174236168455822,2.0033774180016514e-05
YuJ_2015,3491,UniRef90_E5UQD5,1111,0.0221995371323,9,0.9174236168455822,1.833157484087531e-05
YuJ_2015,3492,UniRef90_A0A076IYY6,1111,0.0212948482793,9,0.9174236168455822,1.7584515507266723e-05
YuJ_2015,3493,UniRef90_A0A174AUA4,1111,0.020198210225699998,9,0.9174236168455822,1.6678951466308836e-05
YuJ_2015,3494,UniRef90_A0A0P0LMZ4,1111,0.0195820276181,9,0.9174236168455822,1.6170130155326176e-05
YuJ_2015,3495,UniRef90_Q8RM73,1111,0.0195383708012,9,0.9174236168455822,1.613407993492981e-05
YuJ_2015,3496,UniRef90_A0A0P0M689,1111,0.018786981599,9,0.9174236168455822,1.5513609908340214e-05
YuJ_2015,3497,UniRef90_A0A076IRJ0,1111,0.018767564949,9,0.9174236168455822,1.5497576341040462e-05
YuJ_2015,3498,UniRef90_A0A076IYU5,1111,0.018723875137,9,0.9174236168455822,1.5461498874483898e-05
YuJ_2015,3499,UniRef90_A0A397WEF1,1111,0.0181127982335,9,0.9174236168455822,1.4956893669281586e-05
YuJ_2015,3500,UniRef90_A6L083,1111,0.018094619077,9,0.9174236168455822,1.4941881979355904e-05
YuJ_2015,3501,UniRef90_A6L0W6,1111,0.018010709418,9,0.9174236168455822,1.4872592417836498e-05
YuJ_2015,3502,UniRef90_A0A174NCV0,1111,0.0178482689096,9,0.9174236168455822,1.4738454921222131e-05
YuJ_2015,3503,UniRef90_A0A396F4S8,1111,0.017842020735000002,9,0.9174236168455822,1.473329540462428e-05
YuJ_2015,3504,UniRef90_A0A0P0M153,1111,0.017310763848,9,0.9174236168455822,1.4294602682080925e-05
YuJ_2015,3505,UniRef90_B6W0S8,1111,0.017156459649000002,9,0.9174236168455822,1.416718385549133e-05
YuJ_2015,3506,UniRef90_D4V569,1111,0.016890351129,9,0.9174236168455822,1.3947441064409578e-05
YuJ_2015,3507,UniRef90_A0A076IVP1,1111,0.0166324015808,9,0.9174236168455822,1.3734435657142857e-05
YuJ_2015,3508,UniRef90_A0A1Y4PBJ5,1111,0.016245456288,9,0.9174236168455822,1.3414910229562346e-05
YuJ_2015,3509,UniRef90_A6L0Z9,1111,0.016089603317,9,0.9174236168455822,1.328621248307184e-05
YuJ_2015,3510,UniRef90_A0A076IL73,1111,0.016019292326,9,0.9174236168455822,1.3228152209744013e-05
YuJ_2015,3511,UniRef90_A6L089,1111,0.016000367833,9,0.9174236168455822,1.3212525047894302e-05
YuJ_2015,3512,UniRef90_A0A076IZW3,1111,0.015936239685,9,0.9174236168455822,1.315957034269199e-05
YuJ_2015,3513,UniRef90_A6L1U8,1111,0.0157627003539999,9,0.9174236168455822,1.3016267839801735e-05
YuJ_2015,3514,UniRef90_A0A396F1C0,1111,0.015659392592,9,0.9174236168455822,1.2930960026424442e-05
YuJ_2015,3515,UniRef90_A6L1K4,1111,0.015527255545,9,0.9174236168455822,1.282184603220479e-05
YuJ_2015,3516,UniRef90_A6L7M8,1111,0.015461114258999998,9,0.9174236168455822,1.276722895045417e-05
YuJ_2015,3517,UniRef90_A7V4H6,1111,0.0154242039894,9,0.9174236168455822,1.2736749784805946e-05
YuJ_2015,3518,UniRef90_D1K216,1111,0.015358543826,9,0.9174236168455822,1.2682529996696944e-05
YuJ_2015,3519,UniRef90_A0A076ISS9,1111,0.015354123627,9,0.9174236168455822,1.2678879956234516e-05
YuJ_2015,3520,UniRef90_A0A0N7J791,1111,0.015325771445,9,0.9174236168455822,1.2655467749793559e-05
YuJ_2015,3521,UniRef90_A0A076IRY5,1111,0.015241244321099901,9,0.9174236168455822,1.2585668308092403e-05
YuJ_2015,3522,UniRef90_A0A3E4VZR9,1111,0.015220059783900002,9,0.9174236168455822,1.2568174883484725e-05
YuJ_2015,3523,UniRef90_A0A0K2HFG6,1111,0.015013353762000001,9,0.9174236168455822,1.2397484526837326e-05
YuJ_2015,3524,UniRef90_C6YZH3,1111,0.015005182278,9,0.9174236168455822,1.2390736810900084e-05
YuJ_2015,3525,UniRef90_A0A076IST5,1111,0.014885604109000002,9,0.9174236168455822,1.2291993483897606e-05
YuJ_2015,3526,UniRef90_A6L3K7,1111,0.014841070422000002,9,0.9174236168455822,1.2255219175887699e-05
YuJ_2015,3527,UniRef90_A0A1Y4PI28,1111,0.014828017774,9,0.9174236168455822,1.224444077126342e-05
YuJ_2015,3528,UniRef90_A0A076IZC5,1111,0.014777963957,9,0.9174236168455822,1.2203108139554088e-05
YuJ_2015,3529,UniRef90_A0A076JBK6,1111,0.014756258049999998,9,0.9174236168455822,1.2185184186622625e-05
YuJ_2015,3530,UniRef90_B6VSS7,1111,0.014734499468,9,0.9174236168455822,1.2167216736581338e-05
YuJ_2015,3531,UniRef90_A0A076IX87,1111,0.014670854490000001,9,0.9174236168455822,1.2114661015689514e-05
YuJ_2015,3532,UniRef90_D4V5A7,1111,0.014588714806,9,0.9174236168455822,1.2046833035507845e-05
YuJ_2015,3533,UniRef90_A0A0K2HLL0,1111,0.014418223154299999,9,0.9174236168455822,1.1906047195953757e-05
YuJ_2015,3534,UniRef90_A0A0N7J7E1,1111,0.0144168939031,9,0.9174236168455822,1.190494954838976e-05
YuJ_2015,3535,UniRef90_A0A173R2N2,1111,0.014278984097,9,0.9174236168455822,1.179106861849711e-05
YuJ_2015,3536,UniRef90_A0A0K2HE60,1111,0.014244196200699999,9,0.9174236168455822,1.176234203195706e-05
YuJ_2015,3537,UniRef90_A0A174B5P9,1111,0.014083479648099998,9,0.9174236168455822,1.1629628115689511e-05
YuJ_2015,3538,UniRef90_A0A076J5Y0,1111,0.0140057038667,9,0.9174236168455822,1.1565403688439305e-05
YuJ_2015,3539,UniRef90_C3R645,1111,0.013996234591,9,0.9174236168455822,1.1557584303055326e-05
YuJ_2015,3540,UniRef90_A0A174V479,1111,0.013985187088,9,0.9174236168455822,1.154846167464905e-05
YuJ_2015,3541,UniRef90_A0A0P0M4K2,1111,0.013981060205,9,0.9174236168455822,1.1545053843930635e-05
YuJ_2015,3542,UniRef90_B6VUL0,1111,0.013972526953,9,0.9174236168455822,1.1538007393063584e-05
YuJ_2015,3543,UniRef90_A0A076ILU2,1111,0.013944738167,9,0.9174236168455822,1.1515060418662263e-05
YuJ_2015,3544,UniRef90_C3R760,1111,0.0139183407293,9,0.9174236168455822,1.1493262369364161e-05
YuJ_2015,3545,UniRef90_C3R4D9,1111,0.013914326556,9,0.9174236168455822,1.1489947610239473e-05
YuJ_2015,3546,UniRef90_A0A076IP68,1111,0.013868064159,9,0.9174236168455822,1.1451745796036333e-05
YuJ_2015,3547,UniRef90_A0A076J3F4,1111,0.013772684395,9,0.9174236168455822,1.1372984636663915e-05
YuJ_2015,3548,UniRef90_A0A174VN96,1111,0.0137540872623,9,0.9174236168455822,1.1357627797109827e-05
YuJ_2015,3549,UniRef90_A0A076J654,1111,0.013744999431999999,9,0.9174236168455822,1.1350123395540874e-05
YuJ_2015,3550,UniRef90_A0A076IJZ7,1111,0.013697843862,9,0.9174236168455822,1.1311184031379026e-05
YuJ_2015,3551,UniRef90_A0A396B9B1,1111,0.013680753726,9,0.9174236168455822,1.1297071615194054e-05
YuJ_2015,3552,UniRef90_A0A0M1VYD5,1111,0.013613430454,9,0.9174236168455822,1.1241478492155244e-05
YuJ_2015,3553,UniRef90_A0A173WIK6,1111,0.013572675878,9,0.9174236168455822,1.1207824837324525e-05
YuJ_2015,3554,UniRef90_A0A076IV47,1111,0.0134315961176,9,0.9174236168455822,1.1091326273823286e-05
YuJ_2015,3555,UniRef90_C3REY9,1111,0.013421550521000001,9,0.9174236168455822,1.1083030983484725e-05
YuJ_2015,3556,UniRef90_A0A076IKY2,1111,0.013407077311999999,9,0.9174236168455822,1.1071079530966143e-05
YuJ_2015,3557,UniRef90_D4V8P7,1111,0.013344452002800001,9,0.9174236168455822,1.1019365815689514e-05
YuJ_2015,3558,UniRef90_A0A076J593,1111,0.013337566718,9,0.9174236168455822,1.1013680196531793e-05
YuJ_2015,3559,UniRef90_A6L3D0,1111,0.013217386455,9,0.9174236168455822,1.0914439682080926e-05
YuJ_2015,3560,UniRef90_A0A076IUA4,1111,0.013214759364,9,0.9174236168455822,1.0912270325350949e-05
YuJ_2015,3561,UniRef90_A0A1Y4PSZ0,1111,0.013179464379,9,0.9174236168455822,1.0883125003303055e-05
YuJ_2015,3562,UniRef90_A0A0K2HJQ5,1111,0.013133058036,9,0.9174236168455822,1.0844804323699422e-05
YuJ_2015,3563,UniRef90_A0A076IK37,1111,0.013116178901,9,0.9174236168455822,1.083086614450867e-05
YuJ_2015,3564,UniRef90_A0A076J7U9,1111,0.013058921230000001,9,0.9174236168455822,1.0783584830718416e-05
YuJ_2015,3565,UniRef90_A0A076ITY2,1111,0.013036256259,9,0.9174236168455822,1.0764868917423616e-05
YuJ_2015,3566,UniRef90_A0A076IV16,1111,0.0130276035695,9,0.9174236168455822,1.0757723839388934e-05
YuJ_2015,3567,UniRef90_A0A076J1J4,1111,0.013008519542899999,9,0.9174236168455822,1.0741964940462428e-05
YuJ_2015,3568,UniRef90_A0A076J4G7,1111,0.012939265656,9,0.9174236168455822,1.0684777585466556e-05
YuJ_2015,3569,UniRef90_A0A0D8IW01,1111,0.0129080970293,9,0.9174236168455822,1.0659039660858794e-05
YuJ_2015,3570,UniRef90_D1K0J9,1111,0.012765903315999999,9,0.9174236168455822,1.0541621235342692e-05
YuJ_2015,3571,UniRef90_A0A076ITA9,1111,0.012760845071,9,0.9174236168455822,1.0537444319570603e-05
YuJ_2015,3572,UniRef90_D4V6V9,1111,0.0127547644229999,9,0.9174236168455822,1.0532423140379769e-05
YuJ_2015,3573,UniRef90_A6L4P0,1111,0.012707146888,9,0.9174236168455822,1.0493102302229563e-05
YuJ_2015,3574,UniRef90_A6L2V8,1111,0.0126824766076,9,0.9174236168455822,1.0472730476961189e-05
YuJ_2015,3575,UniRef90_E6SV56,1111,0.0126443968979,9,0.9174236168455822,1.0441285629975227e-05
YuJ_2015,3576,UniRef90_A0A0M1VYH5,1111,0.0126320509687,9,0.9174236168455822,1.0431090808175062e-05
YuJ_2015,3577,UniRef90_I9QT74,1111,0.0125731677090999,9,0.9174236168455822,1.0382467142113872e-05
YuJ_2015,3578,UniRef90_A0A076ILN7,1111,0.01248080679,9,0.9174236168455822,1.0306198835672998e-05
YuJ_2015,3579,UniRef90_A0A076INY1,1111,0.0124586195285,9,0.9174236168455822,1.0287877397605284e-05
YuJ_2015,3580,UniRef90_C4ZFB9,1111,0.0124186563647,9,0.9174236168455822,1.0254877262345168e-05
YuJ_2015,3581,UniRef90_A0A076J865,1111,0.012414883482800001,9,0.9174236168455822,1.0251761752931462e-05
YuJ_2015,3582,UniRef90_I8WPU3,1111,0.012404393578,9,0.9174236168455822,1.024309956895128e-05
YuJ_2015,3583,UniRef90_A0A174XZM4,1111,0.0123856205698,9,0.9174236168455822,1.0227597497770438e-05
YuJ_2015,3584,UniRef90_A0A174QUM5,1111,0.012375128718,9,0.9174236168455822,1.0218933706028077e-05
YuJ_2015,3585,UniRef90_A0A174UQ44,1111,0.012373560789,9,0.9174236168455822,1.0217638966969446e-05
YuJ_2015,3586,UniRef90_D1K4C5,1111,0.012328261793,9,0.9174236168455822,1.0180232694467382e-05
YuJ_2015,3587,UniRef90_A0A395VKE8,1111,0.012275892553699999,9,0.9174236168455822,1.013698807076796e-05
YuJ_2015,3588,UniRef90_A0A076IN50,1111,0.012270063785,9,0.9174236168455822,1.0132174884393063e-05
YuJ_2015,3589,UniRef90_I9FXU5,1111,0.012245263127,9,0.9174236168455822,1.0111695398018166e-05
YuJ_2015,3590,UniRef90_D1K1D7,1111,0.012219179105,9,0.9174236168455822,1.0090156156069365e-05
YuJ_2015,3591,UniRef90_A6L7P7,1111,0.012218824162,9,0.9174236168455822,1.0089863056977704e-05
YuJ_2015,3592,UniRef90_B7C9H1,1111,0.0121167217328,9,0.9174236168455822,1.0005550563831545e-05
YuJ_2015,3593,UniRef90_D4V4K2,1111,0.0121115684597,9,0.9174236168455822,1.0001295177291494e-05
YuJ_2015,3594,UniRef90_A0A076IMA1,1111,0.0120978711249998,9,0.9174236168455822,9.989984413707514e-06
YuJ_2015,3595,UniRef90_A0A139LFQ4,1111,0.0120424599688999,9,0.9174236168455822,9.944227885136168e-06
YuJ_2015,3596,UniRef90_A0A078QX48,1111,0.012037296678000001,9,0.9174236168455822,9.939964226259291e-06
YuJ_2015,3597,UniRef90_A6L4C6,1111,0.012011891886,9,0.9174236168455822,9.918985867877786e-06
YuJ_2015,3598,UniRef90_A0A0K2HM02,1111,0.012006120194,9,0.9174236168455822,9.914219813377375e-06
YuJ_2015,3599,UniRef90_B6W4P0,1111,0.011950532709199999,9,0.9174236168455822,9.868317678943021e-06
YuJ_2015,3600,UniRef90_A0A076JAM0,1111,0.011942795708,9,0.9174236168455822,9.861928743187448e-06
YuJ_2015,3601,UniRef90_D1K1Z1,1111,0.011941068769999999,9,0.9174236168455822,9.860502700247728e-06
YuJ_2015,3602,UniRef90_C3RC03,1111,0.0119375260297,9,0.9174236168455822,9.857577233443435e-06
YuJ_2015,3603,UniRef90_A0A1Y4PGP9,1111,0.011925001721,9,0.9174236168455822,9.847235112303882e-06
YuJ_2015,3604,UniRef90_I8WRV6,1111,0.0118669641503,9,0.9174236168455822,9.799309785549134e-06
YuJ_2015,3605,UniRef90_I9SDA2,1111,0.0118553991893,9,0.9174236168455822,9.789759859042115e-06
YuJ_2015,3606,UniRef90_A0A076ITU8,1111,0.011854902698999999,9,0.9174236168455822,9.78934987530966e-06
YuJ_2015,3607,UniRef90_A0A076IK43,1111,0.011749460397,9,0.9174236168455822,9.702279436003304e-06
YuJ_2015,3608,UniRef90_B6W4G0,1111,0.011641201941,9,0.9174236168455822,9.612883518579687e-06
YuJ_2015,3609,UniRef90_D4V530,1111,0.0116260319668,9,0.9174236168455822,9.600356702559867e-06
YuJ_2015,3610,UniRef90_G2T386,1111,0.011623977984799999,9,0.9174236168455822,9.598660598513624e-06
YuJ_2015,3611,UniRef90_A0A076J024,1111,0.0115526644422,9,0.9174236168455822,9.539772454335259e-06
YuJ_2015,3612,UniRef90_A0A173WWK6,1111,0.0115470088441,9,0.9174236168455822,9.53510226597853e-06
YuJ_2015,3613,UniRef90_A0A076IMT3,1111,0.0114648564702,9,0.9174236168455822,9.467263806936415e-06
YuJ_2015,3614,UniRef90_A0A174DBD0,1111,0.0114390814343,9,0.9174236168455822,9.445979714533443e-06
YuJ_2015,3615,UniRef90_A0A076JAA0,1111,0.0114212633875,9,0.9174236168455822,9.431266215937243e-06
YuJ_2015,3616,UniRef90_B6VS38,1111,0.0114011258712,9,0.9174236168455822,9.41463738331957e-06
YuJ_2015,3617,UniRef90_A0A174PHW9,1111,0.011399622205,9,0.9174236168455822,9.413395710156895e-06
YuJ_2015,3618,UniRef90_A0A076IL48,1111,0.0112587632185,9,0.9174236168455822,9.297079453757226e-06
YuJ_2015,3619,UniRef90_B6W1K0,1111,0.011109760781,9,0.9174236168455822,9.174038630057804e-06
YuJ_2015,3620,UniRef90_A0A0K2HMJ5,1111,0.011073792899,9,0.9174236168455822,9.144337654004955e-06
YuJ_2015,3621,UniRef90_A0A076IR60,1111,0.011018323852999999,9,0.9174236168455822,9.098533322047893e-06
YuJ_2015,3622,UniRef90_A0A0M1W1R8,1111,0.011017237712,9,0.9174236168455822,9.097636426094136e-06
YuJ_2015,3623,UniRef90_A0A3F3JZV3,1111,0.01101275877597,9,0.9174236168455822,9.093937882716762e-06
YuJ_2015,3624,UniRef90_A0A0M1W4C1,1111,0.010962465246,9,0.9174236168455822,9.052407304706853e-06
YuJ_2015,3625,UniRef90_C3RG84,1111,0.010903348503,9,0.9174236168455822,9.003590836498762e-06
YuJ_2015,3626,UniRef90_D4V9B6,1111,0.0108348616803,9,0.9174236168455822,8.947036895375722e-06
YuJ_2015,3627,UniRef90_A0A396BBP9,1111,0.010751347957,9,0.9174236168455822,8.878074283236994e-06
YuJ_2015,3628,UniRef90_I9S826,1111,0.010591623405899999,9,0.9174236168455822,8.746179525928983e-06
YuJ_2015,3629,UniRef90_A0A174BCD9,1111,0.0105737810541,9,0.9174236168455822,8.731445957142857e-06
YuJ_2015,3630,UniRef90_A0A1L5KYT7,1111,0.0105601890769,9,0.9174236168455822,8.720222193971924e-06
YuJ_2015,3631,UniRef90_A0A076J8B4,1111,0.010554903733,9,0.9174236168455822,8.715857748142032e-06
YuJ_2015,3632,UniRef90_A0A0P0LJ92,1111,0.010533511936,9,0.9174236168455822,8.698193175887696e-06
YuJ_2015,3633,UniRef90_E5UWH3,1111,0.0105213254061999,9,0.9174236168455822,8.688129980346738e-06
YuJ_2015,3634,UniRef90_D4VDD7,1111,0.010257332543,9,0.9174236168455822,8.47013422213047e-06
YuJ_2015,3635,UniRef90_D4KYQ2,1111,0.0095794467657,9,0.9174236168455822,7.910360665317919e-06
YuJ_2015,3636,UniRef90_A0A0A2FIM1,1111,0.0092771029207,9,0.9174236168455822,7.66069605342692e-06
YuJ_2015,3637,UniRef90_A0A1C7H6K2,1111,0.00773836692,9,0.9174236168455822,6.3900635177539226e-06
YuJ_2015,3638,UniRef90_Q8A495,1111,0.0075437832348,9,0.9174236168455822,6.229383348307184e-06
YuJ_2015,3639,UniRef90_R5UNF5,1111,0.0062402643674,9,0.9174236168455822,5.152984613872832e-06
YuJ_2015,3640,UniRef90_R6UYX3,1111,0.0062067819963,9,0.9174236168455822,5.125336082824112e-06
YuJ_2015,3641,UniRef90_A0A174HQM1,1111,0.006190980681,9,0.9174236168455822,5.112287928158546e-06
YuJ_2015,3642,UniRef90_A0A173UXA9,1111,0.0061575333656999996,9,0.9174236168455822,5.084668344921552e-06
YuJ_2015,3643,UniRef90_A0A174DAE2,1111,0.0061447469213,9,0.9174236168455822,5.074109761601982e-06
YuJ_2015,3644,UniRef90_A5ZF58,1111,0.0059688642707999996,9,0.9174236168455822,4.928872230222956e-06
YuJ_2015,3645,UniRef90_R6K4K3,1111,0.0058471025862,9,0.9174236168455822,4.828325835012386e-06
YuJ_2015,3646,UniRef90_A0A0G8GBQ2,1111,0.0058156488067,9,0.9174236168455822,4.802352441535921e-06
YuJ_2015,3647,UniRef90_R6UXY8,1111,0.0057761068999,9,0.9174236168455822,4.769700165070189e-06
YuJ_2015,3648,UniRef90_A0A396E6P1,1111,0.0057629935968,9,0.9174236168455822,4.758871673658134e-06
YuJ_2015,3649,UniRef90_U2CNA2,1111,0.0056909129536,9,0.9174236168455822,4.6993500855491335e-06
YuJ_2015,3650,UniRef90_A0A1G8C9V6,1111,0.0056682310221,9,0.9174236168455822,4.68062016688687e-06
YuJ_2015,3651,UniRef90_A0A0E9ECT9,1111,0.0056500889055,9,0.9174236168455822,4.665639063170933e-06
YuJ_2015,3652,UniRef90_Q8A767,1111,0.0056095676849,9,0.9174236168455822,4.63217810478943e-06
YuJ_2015,3653,UniRef90_Q8AAP9,1111,0.0054062317248000005,9,0.9174236168455822,4.464270623286541e-06
YuJ_2015,3654,UniRef90_A0A1G6FZN5,1111,0.0054008205701,9,0.9174236168455822,4.45980228744839e-06
YuJ_2015,3655,UniRef90_A0A0P0F343,1111,0.0053845270775,9,0.9174236168455822,4.446347710569778e-06
YuJ_2015,3656,UniRef90_A0A139KPY1,1111,0.0053760625092,9,0.9174236168455822,4.439357976218002e-06
YuJ_2015,3657,UniRef90_Q5LGN1,1111,0.0053206907101,9,0.9174236168455822,4.3936339472336915e-06
YuJ_2015,3658,UniRef90_A0A0P0ESN7,1111,0.0052094865573,9,0.9174236168455822,4.301805579933939e-06
YuJ_2015,3659,UniRef90_A0A139KAQ5,1111,0.0051555955824,9,0.9174236168455822,4.257304362014864e-06
YuJ_2015,3660,UniRef90_R6DC63,1111,0.0051550685776,9,0.9174236168455822,4.256869180511973e-06
YuJ_2015,3661,UniRef90_D4WKY2,1111,0.0051508417808,9,0.9174236168455822,4.2533788445912465e-06
YuJ_2015,3662,UniRef90_R6DJE2,1111,0.0051283916384,9,0.9174236168455822,4.23484032898431e-06
YuJ_2015,3663,UniRef90_A0A395ZUF3,1111,0.0051224679025,9,0.9174236168455822,4.229948722130471e-06
YuJ_2015,3664,UniRef90_A0A1H7PS86,1111,0.005108680215,9,0.9174236168455822,4.218563348472336e-06
YuJ_2015,3665,UniRef90_A0A173TBR1,1111,0.0050868303256,9,0.9174236168455822,4.2005205000825765e-06
YuJ_2015,3666,UniRef90_R5V0A8,1111,0.0050849208633,9,0.9174236168455822,4.1989437351775395e-06
YuJ_2015,3667,UniRef90_A0A174QL76,1111,0.0049795866179999995,9,0.9174236168455822,4.111962525185797e-06
YuJ_2015,3668,UniRef90_A0A396DXZ4,1111,0.0049411185493,9,0.9174236168455822,4.08019698538398e-06
YuJ_2015,3669,UniRef90_R6D7F0,1111,0.004819758814000001,9,0.9174236168455822,3.979982505367465e-06
YuJ_2015,3670,UniRef90_D7J9K3,1111,0.0047637457587,9,0.9174236168455822,3.933728950206441e-06
YuJ_2015,3671,UniRef90_D9QZL4,1111,0.0046883303441,9,0.9174236168455822,3.871453628488852e-06
YuJ_2015,3672,UniRef90_A0A2A7ADC4,1111,0.0041264705802,9,0.9174236168455822,3.407490157060281e-06
YuJ_2015,3673,UniRef90_D3ATF1,1111,0.0040783444557999995,9,0.9174236168455822,3.3677493441783646e-06
YuJ_2015,3674,UniRef90_A0A3E2W4F1,1111,0.003794159326,9,0.9174236168455822,3.1330795425268374e-06
YuJ_2015,3675,UniRef90_T4NZG2,1111,0.0037854664157300003,9,0.9174236168455822,3.1259012516350125e-06
YuJ_2015,3676,UniRef90_D7GQW1,1111,0.0021954603626,9,0.9174236168455822,1.8129317610239473e-06
YuJ_2015,3677,UniRef90_A0A0F0CL13,1111,0.0021836092906,9,0.9174236168455822,1.8031455744013213e-06
YuJ_2015,3678,UniRef90_U2QX48,1111,0.0008572521322,9,0.9174236168455822,7.078878052848886e-07
YuJ_2015,3679,UniRef90_A0A076IZR8,1110,0.0374580760085,9,0.916597853014038,3.093152436705202e-05
YuJ_2015,3680,UniRef90_E4W3C2,1110,0.0311622832507,9,0.916597853014038,2.5732686416763006e-05
YuJ_2015,3681,UniRef90_A0A076IHV0,1110,0.0228325383297,9,0.916597853014038,1.8854284335012386e-05
YuJ_2015,3682,UniRef90_B6VYG9,1110,0.021005832755,9,0.916597853014038,1.7345856940545004e-05
YuJ_2015,3683,UniRef90_A0A076IXA0,1110,0.019347049308999997,9,0.916597853014038,1.5976093566473987e-05
YuJ_2015,3684,UniRef90_A0A0P0M112,1110,0.019233035709,9,0.916597853014038,1.5881945259289844e-05
YuJ_2015,3685,UniRef90_A0A0P0LLV8,1110,0.0183751576214,9,0.916597853014038,1.5173540562675475e-05
YuJ_2015,3686,UniRef90_Q64WK9,1110,0.018082632568,9,0.916597853014038,1.4931983953757224e-05
YuJ_2015,3687,UniRef90_A0A076J532,1110,0.017528420837,9,0.916597853014038,1.4474335951279934e-05
YuJ_2015,3688,UniRef90_A0A1Y4PDH7,1110,0.017451453161,9,0.916597853014038,1.4410778828241124e-05
YuJ_2015,3689,UniRef90_A0A396EX22,1110,0.0173150737429999,9,0.916597853014038,1.4298161637489596e-05
YuJ_2015,3690,UniRef90_A0A076IMR9,1110,0.017274570436,9,0.916597853014038,1.4264715471511148e-05
YuJ_2015,3691,UniRef90_A0A0K2HHT7,1110,0.0172285675609999,9,0.916597853014038,1.4226727961189017e-05
YuJ_2015,3692,UniRef90_A0A076J569,1110,0.016910290140999998,9,0.916597853014038,1.3963905979355903e-05
YuJ_2015,3693,UniRef90_D1JYH4,1110,0.016827760759999998,9,0.916597853014038,1.3895756201486373e-05
YuJ_2015,3694,UniRef90_A0A076J531,1110,0.016736767498000002,9,0.916597853014038,1.3820617256812554e-05
YuJ_2015,3695,UniRef90_A0A076IYL4,1110,0.016591667741000002,9,0.916597853014038,1.3700799125516103e-05
YuJ_2015,3696,UniRef90_A0A174P1Q8,1110,0.0163640768879999,9,0.916597853014038,1.3512862830718332e-05
YuJ_2015,3697,UniRef90_A0A076J249,1110,0.016242692822100002,9,0.916597853014038,1.3412628259372421e-05
YuJ_2015,3698,UniRef90_A0A0K2HHQ5,1110,0.016213437225000002,9,0.916597853014038,1.3388470045417012e-05
YuJ_2015,3699,UniRef90_A0A0P0M0M0,1110,0.015814804928,9,0.916597853014038,1.3059293912469036e-05
YuJ_2015,3700,UniRef90_A0A174S0N9,1110,0.015545343526999999,9,0.916597853014038,1.283678243352601e-05
YuJ_2015,3701,UniRef90_A0A174R7U9,1110,0.015403974719,9,0.916597853014038,1.2720045184971098e-05
YuJ_2015,3702,UniRef90_A6KZ76,1110,0.015375957478,9,0.916597853014038,1.269690956069364e-05
YuJ_2015,3703,UniRef90_A0A076IR48,1110,0.0153451088839,9,0.916597853014038,1.2671435907431874e-05
YuJ_2015,3704,UniRef90_B6VS61,1110,0.015337319167000001,9,0.916597853014038,1.2665003440957886e-05
YuJ_2015,3705,UniRef90_A0A0P0LNZ1,1110,0.015333069633000001,9,0.916597853014038,1.266149432947977e-05
YuJ_2015,3706,UniRef90_A0A1Y4PJZ1,1110,0.015262034092,9,0.916597853014038,1.2602835748967796e-05
YuJ_2015,3707,UniRef90_A0A076IYE2,1110,0.015243283149,9,0.916597853014038,1.2587351898431049e-05
YuJ_2015,3708,UniRef90_I9QUC3,1110,0.0151349377517,9,0.916597853014038,1.2497884188026424e-05
YuJ_2015,3709,UniRef90_A0A076INK3,1110,0.014928455121999999,9,0.916597853014038,1.2327378300578033e-05
YuJ_2015,3710,UniRef90_D4V5S7,1110,0.0149169605834,9,0.916597853014038,1.2317886526341867e-05
YuJ_2015,3711,UniRef90_A0A076IPI2,1110,0.014806983232,9,0.916597853014038,1.2227071207266722e-05
YuJ_2015,3712,UniRef90_A0A396ER74,1110,0.014798267087499999,9,0.916597853014038,1.2219873730388109e-05
YuJ_2015,3713,UniRef90_A0A076IXX9,1110,0.014765504448999999,9,0.916597853014038,1.2192819528488852e-05
YuJ_2015,3714,UniRef90_A0A076IZ77,1110,0.014755433635,9,0.916597853014038,1.2184503414533443e-05
YuJ_2015,3715,UniRef90_A6KXW6,1110,0.014660372798,9,0.916597853014038,1.2106005613542528e-05
YuJ_2015,3716,UniRef90_A0A0K2HHM4,1110,0.01451715713,9,0.916597853014038,1.1987743294797687e-05
YuJ_2015,3717,UniRef90_A0A1Y3ZFT3,1110,0.014444314528,9,0.916597853014038,1.192759250867052e-05
YuJ_2015,3718,UniRef90_A0A076IRU4,1110,0.014416157508900001,9,0.916597853014038,1.1904341460693642e-05
YuJ_2015,3719,UniRef90_A0A076J1K6,1110,0.0143794866916,9,0.916597853014038,1.1874060026094137e-05
YuJ_2015,3720,UniRef90_A6L1N4,1110,0.014340340552,9,0.916597853014038,1.1841734559867877e-05
YuJ_2015,3721,UniRef90_A0A0P0M5K5,1110,0.0143287593085,9,0.916597853014038,1.1832171187861271e-05
YuJ_2015,3722,UniRef90_E5UQX1,1110,0.014292753291999999,9,0.916597853014038,1.1802438721717589e-05
YuJ_2015,3723,UniRef90_A0A076J5R5,1110,0.0142715508447999,9,0.916597853014038,1.178493050767952e-05
YuJ_2015,3724,UniRef90_A0A174JI66,1110,0.014231491266,9,0.916597853014038,1.175185075639967e-05
YuJ_2015,3725,UniRef90_I9FPK5,1110,0.014229712501999999,9,0.916597853014038,1.1750381917423616e-05
YuJ_2015,3726,UniRef90_U6RES5,1110,0.014085195456,9,0.916597853014038,1.163104496779521e-05
YuJ_2015,3727,UniRef90_A6L330,1110,0.014018050956999999,9,0.916597853014038,1.1575599469033856e-05
YuJ_2015,3728,UniRef90_C3RE45,1110,0.01401797646,9,0.916597853014038,1.1575537952105698e-05
YuJ_2015,3729,UniRef90_A0A3E4T160,1110,0.014002637596299999,9,0.916597853014038,1.156287167324525e-05
YuJ_2015,3730,UniRef90_A0A174J4M7,1110,0.013989946670000001,9,0.916597853014038,1.155239196531792e-05
YuJ_2015,3731,UniRef90_E0S269,1110,0.0139552033036,9,0.916597853014038,1.1523702149958713e-05
YuJ_2015,3732,UniRef90_A0A0K2HIB0,1110,0.013941343416999999,9,0.916597853014038,1.1512257156895127e-05
YuJ_2015,3733,UniRef90_A0A076IRZ4,1110,0.013903268101999999,9,0.916597853014038,1.1480815938893475e-05
YuJ_2015,3734,UniRef90_D1K0K1,1110,0.013896850344000001,9,0.916597853014038,1.1475516386457474e-05
YuJ_2015,3735,UniRef90_A6L071,1110,0.0138466621345,9,0.916597853014038,1.1434072778282411e-05
YuJ_2015,3736,UniRef90_A0A076ISS3,1110,0.013812376615,9,0.916597853014038,1.1405761036333609e-05
YuJ_2015,3737,UniRef90_D1K3F5,1110,0.013805881363,9,0.916597853014038,1.1400397492155243e-05
YuJ_2015,3738,UniRef90_A0A076IQV4,1110,0.013758876467000001,9,0.916597853014038,1.136158254913295e-05
YuJ_2015,3739,UniRef90_A0A1Y3ZIE4,1110,0.0137554272886,9,0.916597853014038,1.1358734342361684e-05
YuJ_2015,3740,UniRef90_B6W1L6,1110,0.0137236684946,9,0.916597853014038,1.1332509078943022e-05
YuJ_2015,3741,UniRef90_A0A397WCV4,1110,0.013648744717999999,9,0.916597853014038,1.1270639734104045e-05
YuJ_2015,3742,UniRef90_A0A076IXK3,1110,0.0135820434582999,9,0.916597853014038,1.1215560246325269e-05
YuJ_2015,3743,UniRef90_A0A1H7GCU0,1110,0.013441980984,9,0.916597853014038,1.1099901720891825e-05
YuJ_2015,3744,UniRef90_D4V960,1110,0.013441394642,9,0.916597853014038,1.109941754087531e-05
YuJ_2015,3745,UniRef90_A6L6Z1,1110,0.0134368562634,9,0.916597853014038,1.1095669911973576e-05
YuJ_2015,3746,UniRef90_C3R528,1110,0.013384924854999999,9,0.916597853014038,1.1052786833195706e-05
YuJ_2015,3747,UniRef90_R6M820,1110,0.0133616951038999,9,0.916597853014038,1.103360454492147e-05
YuJ_2015,3748,UniRef90_A0A396B4Z9,1110,0.013292237549999999,9,0.916597853014038,1.09762490090834e-05
YuJ_2015,3749,UniRef90_A0A396APU8,1110,0.0132878814664999,9,0.916597853014038,1.0972651912881834e-05
YuJ_2015,3750,UniRef90_A0A076J9M5,1110,0.0132761776245,9,0.916597853014038,1.0962987303468208e-05
YuJ_2015,3751,UniRef90_A0A076INS8,1110,0.013270614718,9,0.916597853014038,1.0958393656482246e-05
YuJ_2015,3752,UniRef90_A0A108TCH3,1110,0.013250071129800001,9,0.916597853014038,1.0941429504376549e-05
YuJ_2015,3753,UniRef90_A0A0P0L494,1110,0.0132493052729999,9,0.916597853014038,1.0940797087530884e-05
YuJ_2015,3754,UniRef90_A6L6X5,1110,0.0131822203642999,9,0.916597853014038,1.088540079628398e-05
YuJ_2015,3755,UniRef90_A6KWQ7,1110,0.013114401333,9,0.916597853014038,1.0829398293146161e-05
YuJ_2015,3756,UniRef90_A0A076IKK6,1110,0.013089480417000001,9,0.916597853014038,1.080881950206441e-05
YuJ_2015,3757,UniRef90_E5UXH4,1110,0.0129734105566,9,0.916597853014038,1.0712973209413707e-05
YuJ_2015,3758,UniRef90_A0A076INI7,1110,0.012969087978,9,0.916597853014038,1.070940378034682e-05
YuJ_2015,3759,UniRef90_E5V055,1110,0.0129087671773,9,0.916597853014038,1.0659593044838976e-05
YuJ_2015,3760,UniRef90_I9FYW9,1110,0.012905566917,9,0.916597853014038,1.065695038563171e-05
YuJ_2015,3761,UniRef90_A0A076IUN9,1110,0.012829634018999999,9,0.916597853014038,1.0594247744838976e-05
YuJ_2015,3762,UniRef90_A0A0P0M328,1110,0.012756050769,9,0.916597853014038,1.0533485358381504e-05
YuJ_2015,3763,UniRef90_A0A076JA37,1110,0.012746048458800001,9,0.916597853014038,1.0525225812386458e-05
YuJ_2015,3764,UniRef90_A0A076IXB7,1110,0.012745623246099999,9,0.916597853014038,1.0524874687118084e-05
YuJ_2015,3765,UniRef90_A0A0K2HN88,1110,0.012738248439,9,0.916597853014038,1.0518784838150288e-05
YuJ_2015,3766,UniRef90_A0A396EZE9,1110,0.01273526533,9,0.916597853014038,1.0516321494632535e-05
YuJ_2015,3767,UniRef90_A0A3E4JRG9,1110,0.012710837955,9,0.916597853014038,1.0496150251857969e-05
YuJ_2015,3768,UniRef90_D4V707,1110,0.012569336888,9,0.916597853014038,1.037930378860446e-05
YuJ_2015,3769,UniRef90_A0A174RMW0,1110,0.0124606532765,9,0.916597853014038,1.028955679314616e-05
YuJ_2015,3770,UniRef90_E5UQ06,1110,0.0124583265804,9,0.916597853014038,1.0287635491659785e-05
YuJ_2015,3771,UniRef90_A0A076INF6,1110,0.0124330898214,9,0.916597853014038,1.0266795888852188e-05
YuJ_2015,3772,UniRef90_A0A0M1VYI5,1110,0.0124300987819999,9,0.916597853014038,1.0264325996696862e-05
YuJ_2015,3773,UniRef90_A0A0P0M332,1110,0.0123980788634,9,0.916597853014038,1.0237885106028077e-05
YuJ_2015,3774,UniRef90_A6L4G3,1110,0.0123668042092,9,0.916597853014038,1.0212059627745664e-05
YuJ_2015,3775,UniRef90_F0YZ89,1110,0.0123407539219,9,0.916597853014038,1.019054824269199e-05
YuJ_2015,3776,UniRef90_A0A076J7X0,1110,0.0122389620858,9,0.916597853014038,1.0106492226094138e-05
YuJ_2015,3777,UniRef90_A0A076IPA6,1110,0.012236819783299999,9,0.916597853014038,1.010472319017341e-05
YuJ_2015,3778,UniRef90_E5UX07,1110,0.012190928237,9,0.916597853014038,1.0066827611065235e-05
YuJ_2015,3779,UniRef90_A0A0P0M2C5,1110,0.012169392995,9,0.916597853014038,1.0049044587118084e-05
YuJ_2015,3780,UniRef90_A0A396EWW7,1110,0.012145854781,9,0.916597853014038,1.0029607581337738e-05
YuJ_2015,3781,UniRef90_A0A395VGI5,1110,0.012137225152,9,0.916597853014038,1.0022481545829892e-05
YuJ_2015,3782,UniRef90_A0A076JBC9,1110,0.012120167884,9,0.916597853014038,1.0008396270850536e-05
YuJ_2015,3783,UniRef90_A0A0K2HMX0,1110,0.0120568012349,9,0.916597853014038,9.956070383897604e-06
YuJ_2015,3784,UniRef90_I8WL05,1110,0.012054863246,9,0.916597853014038,9.954470062758052e-06
YuJ_2015,3785,UniRef90_C3R520,1110,0.0120408056116,9,0.916597853014038,9.94286177671346e-06
YuJ_2015,3786,UniRef90_A0A076JA10,1110,0.011902888854,9,0.916597853014038,9.828975106523534e-06
YuJ_2015,3787,UniRef90_A0A076IV82,1110,0.0118923932442,9,0.916597853014038,9.820308211560694e-06
YuJ_2015,3788,UniRef90_D4V6Q3,1110,0.01188236985,9,0.916597853014038,9.812031255161023e-06
YuJ_2015,3789,UniRef90_A0A076INQ1,1110,0.011833930919,9,0.916597853014038,9.77203213790256e-06
YuJ_2015,3790,UniRef90_A0A076JB61,1110,0.011827699308199999,9,0.916597853014038,9.766886299091658e-06
YuJ_2015,3791,UniRef90_A0A076IW30,1110,0.0118116618063,9,0.916597853014038,9.753643110074319e-06
YuJ_2015,3792,UniRef90_D4LV90,1110,0.0117188538068,9,0.916597853014038,9.677005620809249e-06
YuJ_2015,3793,UniRef90_A0A0M1W7J8,1110,0.0116390701629,9,0.916597853014038,9.611123173327828e-06
YuJ_2015,3794,UniRef90_A0A0P0M3Y6,1110,0.011590420404,9,0.916597853014038,9.570949962014864e-06
YuJ_2015,3795,UniRef90_I9QLY8,1110,0.011561519231,9,0.916597853014038,9.547084418662262e-06
YuJ_2015,3796,UniRef90_A0A076IMP9,1110,0.011431464224,9,0.916597853014038,9.439689697770438e-06
YuJ_2015,3797,UniRef90_A0A076ITM0,1110,0.011392873002999999,9,0.916597853014038,9.407822463253508e-06
YuJ_2015,3798,UniRef90_C3R4J3,1110,0.0113573463479999,9,0.916597853014038,9.378485836498679e-06
YuJ_2015,3799,UniRef90_A6L743,1110,0.011311018668,9,0.916597853014038,9.34023011395541e-06
YuJ_2015,3800,UniRef90_A0A076J4I9,1110,0.01129316393,9,0.916597853014038,9.325486317093312e-06
YuJ_2015,3801,UniRef90_A0A0N7J7M4,1110,0.0112902558084,9,0.916597853014038,9.323084895458299e-06
YuJ_2015,3802,UniRef90_A0A0E2H6G8,1110,0.011198919557,9,0.916597853014038,9.247662722543352e-06
YuJ_2015,3803,UniRef90_I9FMQ5,1110,0.011159193696999999,9,0.916597853014038,9.214858544178364e-06
YuJ_2015,3804,UniRef90_R7E6D1,1110,0.0111554855457,9,0.916597853014038,9.211796486952932e-06
YuJ_2015,3805,UniRef90_A0A076J6K5,1110,0.011155361883,9,0.916597853014038,9.21169437076796e-06
YuJ_2015,3806,UniRef90_A0A0P0M491,1110,0.011142971872,9,0.916597853014038,9.201463147811725e-06
YuJ_2015,3807,UniRef90_A0A0N7J6N3,1110,0.011104566425,9,0.916597853014038,9.16974931874484e-06
YuJ_2015,3808,UniRef90_I9G4N3,1110,0.010966254969,9,0.916597853014038,9.055536720891825e-06
YuJ_2015,3809,UniRef90_A0A0P0M407,1110,0.010930690481999999,9,0.916597853014038,9.026168853839801e-06
YuJ_2015,3810,UniRef90_A0A173W777,1110,0.010877630246,9,0.916597853014038,8.982353630057804e-06
YuJ_2015,3811,UniRef90_A0A395UNU1,1110,0.0107504001455,9,0.916597853014038,8.877291614781173e-06
YuJ_2015,3812,UniRef90_A0A076IXA3,1110,0.010674246617,9,0.916597853014038,8.814406785301404e-06
YuJ_2015,3813,UniRef90_A0A1H7F8J7,1110,0.010650655939,9,0.916597853014038,8.794926456647399e-06
YuJ_2015,3814,UniRef90_A0A0P0LI34,1110,0.0105694067592,9,0.916597853014038,8.727833822625928e-06
YuJ_2015,3815,UniRef90_A0A076J4G2,1110,0.010537861948700001,9,0.916597853014038,8.701785259042116e-06
YuJ_2015,3816,UniRef90_F3PPZ9,1110,0.0104554483117,9,0.916597853014038,8.633731058381503e-06
YuJ_2015,3817,UniRef90_G2T382,1110,0.0103435269971,9,0.916597853014038,8.541310484805946e-06
YuJ_2015,3818,UniRef90_A6L3K9,1110,0.0099917076418999,9,0.916597853014038,8.250790786044508e-06
YuJ_2015,3819,UniRef90_A0A174L0U6,1110,0.009782129738999999,9,0.916597853014038,8.077728933938892e-06
YuJ_2015,3820,UniRef90_A5ZWU1,1110,0.0097610033421,9,0.916597853014038,8.060283519488027e-06
YuJ_2015,3821,UniRef90_A0A076IT92,1110,0.009576062606,9,0.916597853014038,7.90756614863749e-06
YuJ_2015,3822,UniRef90_D7J831,1110,0.009310067731,9,0.916597853014038,7.687917201486375e-06
YuJ_2015,3823,UniRef90_R6DI84,1110,0.0092482210006,9,0.916597853014038,7.63684640842279e-06
YuJ_2015,3824,UniRef90_A0A2A7ABE5,1110,0.008243454329500001,9,0.916597853014038,6.807146432287366e-06
YuJ_2015,3825,UniRef90_A0A173UEF6,1110,0.0080173347956,9,0.916597853014038,6.620425099587118e-06
YuJ_2015,3826,UniRef90_D4LMM9,1110,0.0079325420135,9,0.916597853014038,6.550406286952932e-06
YuJ_2015,3827,UniRef90_A0A374NP55,1110,0.0079058575818,9,0.916597853014038,6.52837124838976e-06
YuJ_2015,3828,UniRef90_D4KAU1,1110,0.0077731283434,9,0.916597853014038,6.418768243930636e-06
YuJ_2015,3829,UniRef90_A0A174V6C6,1110,0.007655329450600001,9,0.916597853014038,6.321494178860447e-06
YuJ_2015,3830,UniRef90_A8RK53,1110,0.007344549606,9,0.916597853014038,6.064863423616845e-06
YuJ_2015,3831,UniRef90_B7CDN2,1110,0.0071169934004,9,0.916597853014038,5.876955739388935e-06
YuJ_2015,3832,UniRef90_A0A174B4R7,1110,0.0068578774693,9,0.916597853014038,5.662987175309661e-06
YuJ_2015,3833,UniRef90_R0BG18,1110,0.0067899299421999995,9,0.916597853014038,5.6068785649876135e-06
YuJ_2015,3834,UniRef90_A0A1C5SJC9,1110,0.00669108777189,9,0.916597853014038,5.525258275714286e-06
YuJ_2015,3835,UniRef90_R6JLS8,1110,0.00651356749,9,0.916597853014038,5.378668447563997e-06
YuJ_2015,3836,UniRef90_Q8A5K8,1110,0.0064091015738,9,0.916597853014038,5.292404272336911e-06
YuJ_2015,3837,UniRef90_A0A396BUW3,1110,0.0061541613695,9,0.916597853014038,5.081883872419488e-06
YuJ_2015,3838,UniRef90_A0A139JYJ5,1110,0.0060064538416,9,0.916597853014038,4.959912338232866e-06
YuJ_2015,3839,UniRef90_A7A9G6,1110,0.0058955501968,9,0.916597853014038,4.868332119570603e-06
YuJ_2015,3840,UniRef90_U2E397,1110,0.0058163559273,9,0.916597853014038,4.802936356151941e-06
YuJ_2015,3841,UniRef90_U2D3S3,1110,0.0057771128845,9,0.916597853014038,4.770530870767961e-06
YuJ_2015,3842,UniRef90_A0A139LIY2,1110,0.0056159682698,9,0.916597853014038,4.637463476300578e-06
YuJ_2015,3843,UniRef90_A0A174XPU3,1110,0.005408498643,9,0.916597853014038,4.466142562345169e-06
YuJ_2015,3844,UniRef90_R6JCH8,1110,0.0053798593216,9,0.916597853014038,4.44249324657308e-06
YuJ_2015,3845,UniRef90_A0A174CHW0,1110,0.0052890997455999995,9,0.916597853014038,4.3675472713459945e-06
YuJ_2015,3846,UniRef90_D7J772,1110,0.0052023937056,9,0.916597853014038,4.295948559537572e-06
YuJ_2015,3847,UniRef90_W6PH87,1110,0.0051243939482,9,0.916597853014038,4.231539181007432e-06
YuJ_2015,3848,UniRef90_C9L2Y2,1110,0.0050893402172000005,9,0.916597853014038,4.202593077786953e-06
YuJ_2015,3849,UniRef90_UPI000E432686,1110,0.00508159431236,9,0.916597853014038,4.196196789727498e-06
YuJ_2015,3850,UniRef90_A0A1Q6H8R2,1110,0.0050544824594,9,0.916597853014038,4.173808802146986e-06
YuJ_2015,3851,UniRef90_Q8AAQ1,1110,0.0050512997171,9,0.916597853014038,4.17118060867052e-06
YuJ_2015,3852,UniRef90_R6K765,1110,0.0050459691041,9,0.916597853014038,4.1667787812551615e-06
YuJ_2015,3853,UniRef90_A0A396G8F1,1110,0.004914749866,9,0.916597853014038,4.0584226804293975e-06
YuJ_2015,3854,UniRef90_A0A174BXG5,1110,0.0048904512092,9,0.916597853014038,4.038357728488852e-06
YuJ_2015,3855,UniRef90_N2A4L3,1110,0.0048780936225,9,0.916597853014038,4.028153280346821e-06
YuJ_2015,3856,UniRef90_A5ZNT5,1110,0.00476943507242,9,0.916597853014038,3.938426979702726e-06
YuJ_2015,3857,UniRef90_Q8A9C1,1110,0.0046043759168,9,0.916597853014038,3.8021270989265065e-06
YuJ_2015,3858,UniRef90_C7HB27,1110,0.0046036211988,9,0.916597853014038,3.801503880099092e-06
YuJ_2015,3859,UniRef90_R6K531,1110,0.0045855659753,9,0.916597853014038,3.7865945295623454e-06
YuJ_2015,3860,UniRef90_Q8AAD2,1110,0.0043986357455,9,0.916597853014038,3.6322343067712636e-06
YuJ_2015,3861,UniRef90_E2ZJN5,1110,0.0043272457809,9,0.916597853014038,3.5732830560693636e-06
YuJ_2015,3862,UniRef90_F0YZ57,1110,0.0043019101064,9,0.916597853014038,3.552361772419488e-06
YuJ_2015,3863,UniRef90_F4XGK8,1110,0.0066081125798,8,0.916597853014038,5.456740363170933e-06
YuJ_2015,3864,UniRef90_A0A176U3W1,1109,0.15394522664580002,9,0.9157720891824938,0.00012712240020297275
YuJ_2015,3865,UniRef90_B6VSL9,1109,0.02846791818,9,0.9157720891824938,2.350777719240297e-05
YuJ_2015,3866,UniRef90_A0A0P0M190,1109,0.0201702275,9,0.9157720891824938,1.6655844343517753e-05
YuJ_2015,3867,UniRef90_A6NXP0,1109,0.0189915846306,9,0.9157720891824938,1.5682563691659786e-05
YuJ_2015,3868,UniRef90_A0A076IWE5,1109,0.018346953287,9,0.9157720891824938,1.5150250443435176e-05
YuJ_2015,3869,UniRef90_A0A0P0M1U1,1109,0.017760510693,9,0.9157720891824938,1.4665987360033032e-05
YuJ_2015,3870,UniRef90_A0A329UPM4,1109,0.017578252834,9,0.9157720891824938,1.4515485412056153e-05
YuJ_2015,3871,UniRef90_A6L046,1109,0.017375871347999998,9,0.9157720891824938,1.4348366100743185e-05
YuJ_2015,3872,UniRef90_I9FL95,1109,0.017320800093,9,0.9157720891824938,1.4302890250206442e-05
YuJ_2015,3873,UniRef90_A0A2A6ZJD3,1109,0.0169600954356,9,0.9157720891824938,1.4005033390255986e-05
YuJ_2015,3874,UniRef90_A6L065,1109,0.016894331063,9,0.9157720891824938,1.3950727549958712e-05
YuJ_2015,3875,UniRef90_A0A0M1W9G7,1109,0.0168495139362,9,0.9157720891824938,1.3913719187613541e-05
YuJ_2015,3876,UniRef90_A0A0M1VZB7,1109,0.0168436931573,9,0.9157720891824938,1.3908912598926507e-05
YuJ_2015,3877,UniRef90_A0A076ILU1,1109,0.016820745742,9,0.9157720891824938,1.3889963453344344e-05
YuJ_2015,3878,UniRef90_A0A076IZK1,1109,0.016615498016,9,0.9157720891824938,1.3720477304706854e-05
YuJ_2015,3879,UniRef90_A0A0K2HHK6,1109,0.016484753956,9,0.9157720891824938,1.3612513588769611e-05
YuJ_2015,3880,UniRef90_A0A076J4R7,1109,0.016452713476,9,0.9157720891824938,1.3586055719240298e-05
YuJ_2015,3881,UniRef90_A0A076J092,1109,0.016169549089,9,0.9157720891824938,1.3352228810074319e-05
YuJ_2015,3882,UniRef90_C4Z908,1109,0.0161057946179,9,0.9157720891824938,1.3299582673740712e-05
YuJ_2015,3883,UniRef90_I8WGC1,1109,0.0158059589077,9,0.9157720891824938,1.3051989188852189e-05
YuJ_2015,3884,UniRef90_D4VEG4,1109,0.0157274511745999,9,0.9157720891824938,1.2987160342361602e-05
YuJ_2015,3885,UniRef90_A0A076J0R6,1109,0.0156714937718,9,0.9157720891824938,1.2940952743022296e-05
YuJ_2015,3886,UniRef90_C7H6Y8,1109,0.015486956703599999,9,0.9157720891824938,1.2788568706523533e-05
YuJ_2015,3887,UniRef90_I8W766,1109,0.015361409402,9,0.9157720891824938,1.2684896285714286e-05
YuJ_2015,3888,UniRef90_I9R5T1,1109,0.015166654302,9,0.9157720891824938,1.2524074568125516e-05
YuJ_2015,3889,UniRef90_A0A076J1G0,1109,0.0150669498138,9,0.9157720891824938,1.2441742207927332e-05
YuJ_2015,3890,UniRef90_A0A0M1W7E9,1109,0.015028161441099998,9,0.9157720891824938,1.2409712172667216e-05
YuJ_2015,3891,UniRef90_A0A0N7J7U7,1109,0.015003019009999998,9,0.9157720891824938,1.2388950462427745e-05
YuJ_2015,3892,UniRef90_A0A076IXB5,1109,0.014936820824899999,9,0.9157720891824938,1.2334286395458299e-05
YuJ_2015,3893,UniRef90_D4V8Q9,1109,0.014869220367,9,0.9157720891824938,1.2278464382328654e-05
YuJ_2015,3894,UniRef90_A0A0P0M667,1109,0.0146034639233,9,0.9157720891824938,1.2059012323121387e-05
YuJ_2015,3895,UniRef90_A0A173YBA3,1109,0.014502178557,9,0.9157720891824938,1.1975374530966143e-05
YuJ_2015,3896,UniRef90_I9QDW0,1109,0.014412171225000001,9,0.9157720891824938,1.1901049731626755e-05
YuJ_2015,3897,UniRef90_A0A076II33,1109,0.014284104228999901,9,0.9157720891824938,1.179529663831536e-05
YuJ_2015,3898,UniRef90_A0A076ITZ9,1109,0.014265350384099899,9,0.9157720891824938,1.177981039149455e-05
YuJ_2015,3899,UniRef90_A0A076J2N4,1109,0.014254029704,9,0.9157720891824938,1.1770462183319571e-05
YuJ_2015,3900,UniRef90_I9R7E1,1109,0.014230670216,9,0.9157720891824938,1.175117276300578e-05
YuJ_2015,3901,UniRef90_D4VEE0,1109,0.0142262154408,9,0.9157720891824938,1.174749417076796e-05
YuJ_2015,3902,UniRef90_A0A076IRU0,1109,0.0142104063443,9,0.9157720891824938,1.1734439590668869e-05
YuJ_2015,3903,UniRef90_C3RBW6,1109,0.014184439418099899,9,0.9157720891824938,1.1712997042196449e-05
YuJ_2015,3904,UniRef90_A0A0P0M0Q1,1109,0.0141609313069,9,0.9157720891824938,1.1693584894219654e-05
YuJ_2015,3905,UniRef90_A0A076IM12,1109,0.014152002133,9,0.9157720891824938,1.1686211505367465e-05
YuJ_2015,3906,UniRef90_A0A076IY28,1109,0.014127107433,9,0.9157720891824938,1.1665654362510321e-05
YuJ_2015,3907,UniRef90_R6L9G3,1109,0.0141254350899,9,0.9157720891824938,1.166427340206441e-05
YuJ_2015,3908,UniRef90_A0A076IVN9,1109,0.0140550280319999,9,0.9157720891824938,1.160613380016507e-05
YuJ_2015,3909,UniRef90_R6AJ99,1109,0.014019402259,9,0.9157720891824938,1.157671532535095e-05
YuJ_2015,3910,UniRef90_A0A076IS76,1109,0.013945178025,9,0.9157720891824938,1.1515423637489677e-05
YuJ_2015,3911,UniRef90_A0A174IFZ3,1109,0.01355899022,9,0.9157720891824938,1.1196523715937243e-05
YuJ_2015,3912,UniRef90_A0A1Y3ZLX9,1109,0.013529758145000001,9,0.9157720891824938,1.1172384925681255e-05
YuJ_2015,3913,UniRef90_A0A076J6G0,1109,0.013494824441,9,0.9157720891824938,1.1143537936416184e-05
YuJ_2015,3914,UniRef90_C0B8K0,1109,0.0134913149259,9,0.9157720891824938,1.1140639905780347e-05
YuJ_2015,3915,UniRef90_A0A076J8S3,1109,0.0134337717693,9,0.9157720891824938,1.1093122848307184e-05
YuJ_2015,3916,UniRef90_A0A0M1W1Y5,1109,0.013415879086000001,9,0.9157720891824938,1.107834771758877e-05
YuJ_2015,3917,UniRef90_C3RFJ5,1109,0.013396317349,9,0.9157720891824938,1.1062194342691991e-05
YuJ_2015,3918,UniRef90_C3R4F4,1109,0.013394630099999999,9,0.9157720891824938,1.106080107349298e-05
YuJ_2015,3919,UniRef90_A0A076IQC8,1109,0.0133271440672,9,0.9157720891824938,1.1005073548472336e-05
YuJ_2015,3920,UniRef90_D4V7E2,1109,0.0133184153657,9,0.9157720891824938,1.0997865702477291e-05
YuJ_2015,3921,UniRef90_A0A076J2E9,1109,0.013217605617,9,0.9157720891824938,1.0914620658133773e-05
YuJ_2015,3922,UniRef90_A0A076IW46,1109,0.013199856694,9,0.9157720891824938,1.089996423947151e-05
YuJ_2015,3923,UniRef90_A0A076J6I8,1109,0.013187046147999999,9,0.9157720891824938,1.0889385753922376e-05
YuJ_2015,3924,UniRef90_A0A1Y4PCJ7,1109,0.013173354421,9,0.9157720891824938,1.0878079620974402e-05
YuJ_2015,3925,UniRef90_A6KXT0,1109,0.013091163848,9,0.9157720891824938,1.0810209618497109e-05
YuJ_2015,3926,UniRef90_A0A139KEU4,1109,0.0130882665725,9,0.9157720891824938,1.0807817153179191e-05
YuJ_2015,3927,UniRef90_C3RDD6,1109,0.0130712461408,9,0.9157720891824938,1.0793762296284062e-05
YuJ_2015,3928,UniRef90_A0A076IYY7,1109,0.013065728516,9,0.9157720891824938,1.0789206041288192e-05
YuJ_2015,3929,UniRef90_A0A076IWS9,1109,0.013035231839,9,0.9157720891824938,1.0764022988439305e-05
YuJ_2015,3930,UniRef90_D1JZT6,1109,0.013005488263,9,0.9157720891824938,1.0739461819157721e-05
YuJ_2015,3931,UniRef90_A0A396F4P6,1109,0.01296422873,9,0.9157720891824938,1.0705391189099917e-05
YuJ_2015,3932,UniRef90_A0A078R728,1109,0.012932509934,9,0.9157720891824938,1.067919895458299e-05
YuJ_2015,3933,UniRef90_A0A076ITR9,1109,0.0128643851022999,9,0.9157720891824938,1.0622943932535013e-05
YuJ_2015,3934,UniRef90_A0A174L9N7,1109,0.0128612951597,9,0.9157720891824938,1.0620392369694468e-05
YuJ_2015,3935,UniRef90_E5UX46,1109,0.01284877936,9,0.9157720891824938,1.0610057274979356e-05
YuJ_2015,3936,UniRef90_A0A1Y3ZRH0,1109,0.0128359714986,9,0.9157720891824938,1.0599481006275805e-05
YuJ_2015,3937,UniRef90_B6VSZ1,1109,0.012746556532,9,0.9157720891824938,1.0525645360858795e-05
YuJ_2015,3938,UniRef90_A0A0M1W2N0,1109,0.0127389267808,9,0.9157720891824938,1.0519344988274154e-05
YuJ_2015,3939,UniRef90_A0A076IMX4,1109,0.012730542656999999,9,0.9157720891824938,1.0512421682080923e-05
YuJ_2015,3940,UniRef90_A0A076IMD0,1109,0.012705055146,9,0.9157720891824938,1.049137501734104e-05
YuJ_2015,3941,UniRef90_R5S4K0,1109,0.0126836784629,9,0.9157720891824938,1.0473722925598678e-05
YuJ_2015,3942,UniRef90_A0A076IXV9,1109,0.0126395681928,9,0.9157720891824938,1.0437298259950455e-05
YuJ_2015,3943,UniRef90_A0A076J4A1,1109,0.01260898993,9,0.9157720891824938,1.041204783649876e-05
YuJ_2015,3944,UniRef90_A0A1Q6J016,1109,0.01258739834,9,0.9157720891824938,1.039421828241123e-05
YuJ_2015,3945,UniRef90_D4V472,1109,0.012583864192,9,0.9157720891824938,1.0391299910817505e-05
YuJ_2015,3946,UniRef90_A0A076IK90,1109,0.0125227343416,9,0.9157720891824938,1.0340821091329481e-05
YuJ_2015,3947,UniRef90_A0A174SUA3,1109,0.0125130810532,9,0.9157720891824938,1.0332849754913296e-05
YuJ_2015,3948,UniRef90_A6L5L6,1109,0.012509584582000001,9,0.9157720891824938,1.03299624954583e-05
YuJ_2015,3949,UniRef90_A0A174JLB0,1109,0.0123656405108,9,0.9157720891824938,1.0211098687696118e-05
YuJ_2015,3950,UniRef90_A0A174NXR6,1109,0.0123380391535,9,0.9157720891824938,1.018830648513625e-05
YuJ_2015,3951,UniRef90_A0A076JAP5,1109,0.012328594708,9,0.9157720891824938,1.0180507603633362e-05
YuJ_2015,3952,UniRef90_A0A076IPN1,1109,0.012247590538,9,0.9157720891824938,1.0113617289843105e-05
YuJ_2015,3953,UniRef90_A0A0P0L8U5,1109,0.0122151688534,9,0.9157720891824938,1.0086844635342692e-05
YuJ_2015,3954,UniRef90_A0A076J986,1109,0.012201853195000001,9,0.9157720891824938,1.0075849046242774e-05
YuJ_2015,3955,UniRef90_A0A076IQ37,1109,0.012182708207000001,9,0.9157720891824938,1.0060039807597028e-05
YuJ_2015,3956,UniRef90_A0A076IW76,1109,0.0121234511315,9,0.9157720891824938,1.0011107457886046e-05
YuJ_2015,3957,UniRef90_A7V5M4,1109,0.0121213234016,9,0.9157720891824938,1.000935045549133e-05
YuJ_2015,3958,UniRef90_B6W5T8,1109,0.0120968064491,9,0.9157720891824938,9.989105242857142e-06
YuJ_2015,3959,UniRef90_A0A0M1VYB5,1109,0.012038112977999999,9,0.9157720891824938,9.940638297274978e-06
YuJ_2015,3960,UniRef90_A0A0K2HNV8,1109,0.012022298233500001,9,0.9157720891824938,9.927579053261768e-06
YuJ_2015,3961,UniRef90_A0A0P0LIG2,1109,0.011970458741,9,0.9157720891824938,9.884771875309661e-06
YuJ_2015,3962,UniRef90_A0A0M1VXT7,1109,0.011914159066000001,9,0.9157720891824938,9.83828163996697e-06
YuJ_2015,3963,UniRef90_A0A1Y4PGR9,1109,0.011897121725,9,0.9157720891824938,9.824212819983485e-06
YuJ_2015,3964,UniRef90_A0A076IN10,1109,0.011865714668,9,0.9157720891824938,9.798278008257638e-06
YuJ_2015,3965,UniRef90_A0A076IQ15,1109,0.011806930213699999,9,0.9157720891824938,9.749735932039636e-06
YuJ_2015,3966,UniRef90_A0A174JGL0,1109,0.011805028789,9,0.9157720891824938,9.748165804293972e-06
YuJ_2015,3967,UniRef90_R6LH10,1109,0.0118007023312,9,0.9157720891824938,9.74459317192403e-06
YuJ_2015,3968,UniRef90_B6VZN9,1109,0.0117152494771,9,0.9157720891824938,9.67402929570603e-06
YuJ_2015,3969,UniRef90_C6Z8Z0,1109,0.0115849483641,9,0.9157720891824938,9.566431349380677e-06
YuJ_2015,3970,UniRef90_A6L6A9,1109,0.0115696800665,9,0.9157720891824938,9.553823341453345e-06
YuJ_2015,3971,UniRef90_A0A173WTQ6,1109,0.0115486623628,9,0.9157720891824938,9.536467681915772e-06
YuJ_2015,3972,UniRef90_I9RAW5,1109,0.0115214758727,9,0.9157720891824938,9.51401806168456e-06
YuJ_2015,3973,UniRef90_A0A0M1W4F3,1109,0.011515608931,9,0.9157720891824938,9.50917335342692e-06
YuJ_2015,3974,UniRef90_I9FAM5,1109,0.011502545539999999,9,0.9157720891824938,9.4983860776218e-06
YuJ_2015,3975,UniRef90_A0A1Y3ZMI5,1109,0.0114506495962,9,0.9157720891824938,9.45553228422791e-06
YuJ_2015,3976,UniRef90_A0A076IS17,1109,0.011400643934,9,0.9157720891824938,9.414239417010736e-06
YuJ_2015,3977,UniRef90_B6W305,1109,0.011397397654,9,0.9157720891824938,9.41155875639967e-06
YuJ_2015,3978,UniRef90_A0A0M1W1C3,1109,0.011360653718,9,0.9157720891824938,9.381216943022295e-06
YuJ_2015,3979,UniRef90_A0A076IWJ5,1109,0.011335886736800001,9,0.9157720891824938,9.360765265730801e-06
YuJ_2015,3980,UniRef90_A0A1Y4PNJ2,1109,0.011324745285999999,9,0.9157720891824938,9.351565058629232e-06
YuJ_2015,3981,UniRef90_A0A0K2HP50,1109,0.011292834115,9,0.9157720891824938,9.325213967795211e-06
YuJ_2015,3982,UniRef90_D4VDD1,1109,0.0111801532727,9,0.9157720891824938,9.232166203715937e-06
YuJ_2015,3983,UniRef90_A0A076ING0,1109,0.0111730475879999,9,0.9157720891824938,9.226298586292238e-06
YuJ_2015,3984,UniRef90_A0A076IMV9,1109,0.011153935747800001,9,0.9157720891824938,9.21051671990091e-06
YuJ_2015,3985,UniRef90_A0A174R4F0,1109,0.011126933932,9,0.9157720891824938,9.188219597027251e-06
YuJ_2015,3986,UniRef90_D4V8N7,1109,0.0110628761426,9,0.9157720891824938,9.135322991412057e-06
YuJ_2015,3987,UniRef90_A0A2A6ZNN7,1109,0.0110598592681,9,0.9157720891824938,9.132831765565649e-06
YuJ_2015,3988,UniRef90_A0A1Q6ISJ5,1109,0.010992907488,9,0.9157720891824938,9.077545407101569e-06
YuJ_2015,3989,UniRef90_A0A0P0M5C7,1109,0.010955810173,9,0.9157720891824938,9.046911786127167e-06
YuJ_2015,3990,UniRef90_A0A174SRX7,1109,0.010932284375,9,0.9157720891824938,9.027485033030553e-06
YuJ_2015,3991,UniRef90_A0A076J8I6,1109,0.010850774414899999,9,0.9157720891824938,8.960177056069363e-06
YuJ_2015,3992,UniRef90_A0A174FLN9,1109,0.0107713015108999,9,0.9157720891824938,8.894551206358299e-06
YuJ_2015,3993,UniRef90_A0A076IXQ3,1109,0.010726240248,9,0.9157720891824938,8.857341245251859e-06
YuJ_2015,3994,UniRef90_I8VTE5,1109,0.010719748777,9,0.9157720891824938,8.85198082328654e-06
YuJ_2015,3995,UniRef90_E5UR91,1109,0.010645843341,9,0.9157720891824938,8.790952387283236e-06
YuJ_2015,3996,UniRef90_I9RAR8,1109,0.010605296996,9,0.9157720891824938,8.757470682080924e-06
YuJ_2015,3997,UniRef90_D4VCT1,1109,0.0103961620654,9,0.9157720891824938,8.584774620478942e-06
YuJ_2015,3998,UniRef90_A0A076IS79,1109,0.010368274024,9,0.9157720891824938,8.561745684558216e-06
YuJ_2015,3999,UniRef90_A0A0P0M475,1109,0.010273181261,9,0.9157720891824938,8.483221520231213e-06
YuJ_2015,4000,UniRef90_A0A0M1W4C3,1109,0.010231722844800001,9,0.9157720891824938,8.44898665962015e-06
YuJ_2015,4001,UniRef90_B6VS16,1109,0.0101488801283,9,0.9157720891824938,8.38057814062758e-06
YuJ_2015,4002,UniRef90_A6BF02,1109,0.010087160142500001,9,0.9157720891824938,8.32961200867052e-06
YuJ_2015,4003,UniRef90_D1PIV9,1109,0.0097557182665,9,0.9157720891824938,8.05591929521057e-06
YuJ_2015,4004,UniRef90_A0A174J2T5,1109,0.0096141024786,9,0.9157720891824938,7.938978099587117e-06
YuJ_2015,4005,UniRef90_A0A381KK71,1109,0.0095524341685,9,0.9157720891824938,7.888054639554088e-06
YuJ_2015,4006,UniRef90_A0A174W082,1109,0.0087010987212,9,0.9157720891824938,7.185052618662263e-06
YuJ_2015,4007,UniRef90_A0A076ISN8,1109,0.0085184432,9,0.9157720891824938,7.034222295623451e-06
YuJ_2015,4008,UniRef90_A0A2N5NEU8,1109,0.0082182119709,9,0.9157720891824938,6.7863022055326185e-06
YuJ_2015,4009,UniRef90_D4C8G0,1109,0.0082052250134,9,0.9157720891824938,6.775578045747316e-06
YuJ_2015,4010,UniRef90_A0A076J562,1109,0.008166076106,9,0.9157720891824938,6.743250293971924e-06
YuJ_2015,4011,UniRef90_A0A173UEE0,1109,0.0081385367661,9,0.9157720891824938,6.720509303137902e-06
YuJ_2015,4012,UniRef90_R6JN28,1109,0.007156300811999999,9,0.9157720891824938,5.9094143781998345e-06
YuJ_2015,4013,UniRef90_A0A0K6BRZ6,1109,0.0068792000895,9,0.9157720891824938,5.680594623864574e-06
YuJ_2015,4014,UniRef90_A0A0P0FDZ6,1109,0.006148948550800001,9,0.9157720891824938,5.0775793152766316e-06
YuJ_2015,4015,UniRef90_R6JDF1,1109,0.0060940388174,9,0.9157720891824938,5.032236843435177e-06
YuJ_2015,4016,UniRef90_A5KR61,1109,0.0060714591882,9,0.9157720891824938,5.013591402312139e-06
YuJ_2015,4017,UniRef90_A0A139JSL8,1109,0.0057521341828,9,0.9157720891824938,4.749904362345169e-06
YuJ_2015,4018,UniRef90_A0A1Y4PT47,1109,0.005712516303,9,0.9157720891824938,4.717189350123864e-06
YuJ_2015,4019,UniRef90_A0A139KTK1,1109,0.0056908683854,9,0.9157720891824938,4.699313282741536e-06
YuJ_2015,4020,UniRef90_A7LZM2,1109,0.0056727543697999,9,0.9157720891824938,4.6843553838149465e-06
YuJ_2015,4021,UniRef90_A0A174UHJ0,1109,0.0055830272734999995,9,0.9157720891824938,4.610261992981007e-06
YuJ_2015,4022,UniRef90_A0A078Q447,1109,0.0055562328255,9,0.9157720891824938,4.588136106936417e-06
YuJ_2015,4023,UniRef90_R6VF67,1109,0.0054858937713,9,0.9157720891824938,4.530052660033031e-06
YuJ_2015,4024,UniRef90_A0A0P0F0M4,1109,0.0054122064368,9,0.9157720891824938,4.469204324360033e-06
YuJ_2015,4025,UniRef90_A5ZDC5,1109,0.0053897327786,9,0.9157720891824938,4.450646390255987e-06
YuJ_2015,4026,UniRef90_A0A0P0EUJ1,1109,0.005332855954899999,9,0.9157720891824938,4.403679566391412e-06
YuJ_2015,4027,UniRef90_R6RV23,1109,0.0053185939423,9,0.9157720891824938,4.391902512221305e-06
YuJ_2015,4028,UniRef90_A6BD02,1109,0.0052691799285999995,9,0.9157720891824938,4.3510982069364155e-06
YuJ_2015,4029,UniRef90_R6JD59,1109,0.005236610498299999,9,0.9157720891824938,4.324203549380677e-06
YuJ_2015,4030,UniRef90_Q8ABA5,1109,0.0052271486254,9,0.9157720891824938,4.316390276961189e-06
YuJ_2015,4031,UniRef90_C7H649,1109,0.0049983541691,9,0.9157720891824938,4.127460090090834e-06
YuJ_2015,4032,UniRef90_A0A0P0FA60,1109,0.0047795021749000004,9,0.9157720891824938,3.946740028819158e-06
YuJ_2015,4033,UniRef90_A0A174XEX4,1109,0.0047558450885,9,0.9157720891824938,3.927204862510322e-06
YuJ_2015,4034,UniRef90_R6J9A5,1109,0.0047307160393,9,0.9157720891824938,3.906454202559868e-06
YuJ_2015,4035,UniRef90_R0AMJ6,1109,0.0046247625441,9,0.9157720891824938,3.8189616383980176e-06
YuJ_2015,4036,UniRef90_R5J6B6,1109,0.0027061162201,9,0.9157720891824938,2.2346128985136253e-06
YuJ_2015,4037,UniRef90_B0G307,1109,0.0026920698082,9,0.9157720891824938,2.2230138796036336e-06
YuJ_2015,4038,UniRef90_C0BBQ0,1109,0.0015494367304,9,0.9157720891824938,1.2794688112303881e-06
YuJ_2015,4039,UniRef90_A0A3E2VXQ2,1108,0.0219829276853,9,0.9149463253509497,1.8152706593971923e-05
YuJ_2015,4040,UniRef90_A0A174IYR9,1108,0.021528064171,9,0.9149463253509497,1.7777096755573906e-05
YuJ_2015,4041,UniRef90_A0A076J784,1108,0.018469035247999997,9,0.9149463253509497,1.5251061311312962e-05
YuJ_2015,4042,UniRef90_A6L2J6,1108,0.018300856366,9,0.9149463253509497,1.5112185273327826e-05
YuJ_2015,4043,UniRef90_A0A076IX96,1108,0.0181779923891,9,0.9149463253509497,1.5010728645004127e-05
YuJ_2015,4044,UniRef90_C9KY34,1108,0.018084153688999998,9,0.9149463253509497,1.4933240040462426e-05
YuJ_2015,4045,UniRef90_A0A0M1W198,1108,0.017323885596,9,0.9149463253509497,1.4305438146985962e-05
YuJ_2015,4046,UniRef90_A0A2M9V267,1108,0.0172373826465,9,0.9149463253509497,1.4234007139966969e-05
YuJ_2015,4047,UniRef90_A6L0V0,1108,0.0165888424529,9,0.9149463253509497,1.3698466104789432e-05
YuJ_2015,4048,UniRef90_D1K0E5,1108,0.016048211588,9,0.9149463253509497,1.3252032690338563e-05
YuJ_2015,4049,UniRef90_A0A174GEG8,1108,0.0160338636136,9,0.9149463253509497,1.324018465202312e-05
YuJ_2015,4050,UniRef90_E2ZFA7,1108,0.0155950379883,9,0.9149463253509497,1.2877818322295623e-05
YuJ_2015,4051,UniRef90_A0A0K2HL71,1108,0.015439727486499999,9,0.9149463253509497,1.2749568527250205e-05
YuJ_2015,4052,UniRef90_R7NZ21,1108,0.015400911027,9,0.9149463253509497,1.2717515298926507e-05
YuJ_2015,4053,UniRef90_A0A076IPH3,1108,0.015156754881,9,0.9149463253509497,1.2515899984310487e-05
YuJ_2015,4054,UniRef90_A0A0K2HIF6,1108,0.015097487106,9,0.9149463253509497,1.246695879933939e-05
YuJ_2015,4055,UniRef90_A0A0N7J790,1108,0.0150809988439999,9,0.9149463253509497,1.2453343388934682e-05
YuJ_2015,4056,UniRef90_E5UN25,1108,0.015059226997999999,9,0.9149463253509497,1.2435364985962013e-05
YuJ_2015,4057,UniRef90_A0A076IZ32,1108,0.014992547217100001,9,0.9149463253509497,1.2380303234599506e-05
YuJ_2015,4058,UniRef90_A0A076IP67,1108,0.0147522447584,9,0.9149463253509497,1.2181870155573907e-05
YuJ_2015,4059,UniRef90_D1K632,1108,0.014615789009,9,0.9149463253509497,1.2069189933113129e-05
YuJ_2015,4060,UniRef90_A6KYC8,1108,0.014591883933,9,0.9149463253509497,1.2049449985962015e-05
YuJ_2015,4061,UniRef90_B6W251,1108,0.014567217376,9,0.9149463253509497,1.2029081235342693e-05
YuJ_2015,4062,UniRef90_A0A396ANJ6,1108,0.014379068376,9,0.9149463253509497,1.1873714596201487e-05
YuJ_2015,4063,UniRef90_C6Z7F9,1108,0.014367508088099999,9,0.9149463253509497,1.1864168528571427e-05
YuJ_2015,4064,UniRef90_D1JYS5,1108,0.014297059305,9,0.9149463253509497,1.1805994471511148e-05
YuJ_2015,4065,UniRef90_A0A076J4S2,1108,0.014223399151,9,0.9149463253509497,1.1745168580511974e-05
YuJ_2015,4066,UniRef90_A6L5H1,1108,0.014022619205,9,0.9149463253509497,1.157937176300578e-05
YuJ_2015,4067,UniRef90_A0A078R9V4,1108,0.013951287356,9,0.9149463253509497,1.152046850206441e-05
YuJ_2015,4068,UniRef90_A0A1Q6J9J1,1108,0.013885402514,9,0.9149463253509497,1.1466063182493807e-05
YuJ_2015,4069,UniRef90_A0A076JCE9,1108,0.013846594883,9,0.9149463253509497,1.1434017244426094e-05
YuJ_2015,4070,UniRef90_A0A076J997,1108,0.013823603303,9,0.9149463253509497,1.141503162923204e-05
YuJ_2015,4071,UniRef90_A0A076J6R5,1108,0.0137569936072,9,0.9149463253509497,1.136002775161024e-05
YuJ_2015,4072,UniRef90_R5S6M9,1108,0.0137168194755,9,0.9149463253509497,1.1326853406688687e-05
YuJ_2015,4073,UniRef90_A0A0P0LI08,1108,0.013652170384999999,9,0.9149463253509497,1.127346852601156e-05
YuJ_2015,4074,UniRef90_I8WJY7,1108,0.013617913515999901,9,0.9149463253509497,1.1245180442609332e-05
YuJ_2015,4075,UniRef90_A6KXG4,1108,0.0136048927423,9,0.9149463253509497,1.1234428358629232e-05
YuJ_2015,4076,UniRef90_A0A0P0LJQ7,1108,0.013484551963,9,0.9149463253509497,1.1135055295623451e-05
YuJ_2015,4077,UniRef90_A0A174N5L7,1108,0.0134685065372,9,0.9149463253509497,1.1121805563336085e-05
YuJ_2015,4078,UniRef90_A0A0P0L9E5,1108,0.013462300279999999,9,0.9149463253509497,1.1116680660611063e-05
YuJ_2015,4079,UniRef90_A0A0M1W7M2,1108,0.013432771741,9,0.9149463253509497,1.1092297061106524e-05
YuJ_2015,4080,UniRef90_A0A076J1S5,1108,0.0134201733867,9,0.9149463253509497,1.1081893795788605e-05
YuJ_2015,4081,UniRef90_A0A396EWP3,1108,0.013371988461699999,9,0.9149463253509497,1.1042104427497935e-05
YuJ_2015,4082,UniRef90_A0A0M1W816,1108,0.013314147194999999,9,0.9149463253509497,1.0994341201486375e-05
YuJ_2015,4083,UniRef90_D1JXT2,1108,0.013234436851600001,9,0.9149463253509497,1.092851928290669e-05
YuJ_2015,4084,UniRef90_A0A076IW88,1108,0.013187244952,9,0.9149463253509497,1.0889549919075145e-05
YuJ_2015,4085,UniRef90_A0A0K2HKB4,1108,0.013096238056,9,0.9149463253509497,1.0814399715937241e-05
YuJ_2015,4086,UniRef90_R6FCY4,1108,0.0130571479402,9,0.9149463253509497,1.0782120512138728e-05
YuJ_2015,4087,UniRef90_A6KXV1,1108,0.013044444024,9,0.9149463253509497,1.07716300776218e-05
YuJ_2015,4088,UniRef90_D1JYP7,1108,0.01296412274,9,0.9149463253509497,1.0705303666391412e-05
YuJ_2015,4089,UniRef90_A0A076IWX9,1108,0.012961323187,9,0.9149463253509497,1.0702991896779522e-05
YuJ_2015,4090,UniRef90_A0A076ILQ2,1108,0.01291971578,9,0.9149463253509497,1.0668634004954583e-05
YuJ_2015,4091,UniRef90_A0A0M1VYD7,1108,0.012816722954,9,0.9149463253509497,1.0583586254335259e-05
YuJ_2015,4092,UniRef90_A0A076IPI4,1108,0.01268761058,9,0.9149463253509497,1.0476969925681254e-05
YuJ_2015,4093,UniRef90_A0A1Q6J4T3,1108,0.012687387878,9,0.9149463253509497,1.0476786026424442e-05
YuJ_2015,4094,UniRef90_R6LLM3,1108,0.0126771732041,9,0.9149463253509497,1.0468351118166806e-05
YuJ_2015,4095,UniRef90_A0A0K2HKK7,1108,0.012665449848,9,0.9149463253509497,1.0458670394715112e-05
YuJ_2015,4096,UniRef90_A0A0P0LCG0,1108,0.012649332551999999,9,0.9149463253509497,1.0445361314616019e-05
YuJ_2015,4097,UniRef90_A6L2J8,1108,0.012569981152999999,9,0.9149463253509497,1.0379835799339388e-05
YuJ_2015,4098,UniRef90_A0A076IQS3,1108,0.01248080757,9,0.9149463253509497,1.0306199479768786e-05
YuJ_2015,4099,UniRef90_A0A395UUT7,1108,0.012438987924,9,0.9149463253509497,1.0271666328654005e-05
YuJ_2015,4100,UniRef90_A0A076IPV4,1108,0.012429941903000001,9,0.9149463253509497,1.0264196451692816e-05
YuJ_2015,4101,UniRef90_A0A0P0LPD1,1108,0.012419762094,9,0.9149463253509497,1.0255790333608587e-05
YuJ_2015,4102,UniRef90_R6M7Y6,1108,0.0124158428323,9,0.9149463253509497,1.0252553949050372e-05
YuJ_2015,4103,UniRef90_A0A174QTU0,1108,0.0124075923053,9,0.9149463253509497,1.0245740962262593e-05
YuJ_2015,4104,UniRef90_A0A1Y4PI76,1108,0.0123691350632,9,0.9149463253509497,1.0213984362675475e-05
YuJ_2015,4105,UniRef90_U6RGU2,1108,0.01236485452,9,0.9149463253509497,1.0210449644921552e-05
YuJ_2015,4106,UniRef90_A0A0K2HNE0,1108,0.012284594148,9,0.9149463253509497,1.0144173532617671e-05
YuJ_2015,4107,UniRef90_A0A076IV42,1108,0.012252986084999999,9,0.9149463253509497,1.0118072737407101e-05
YuJ_2015,4108,UniRef90_A0A076IMS7,1108,0.0121977847529999,9,0.9149463253509497,1.0072489473988357e-05
YuJ_2015,4109,UniRef90_A0A3E4TRJ7,1108,0.0121690825483,9,0.9149463253509497,1.0048788231461602e-05
YuJ_2015,4110,UniRef90_A0A0M1VZN2,1108,0.012153471577,9,0.9149463253509497,1.0035897255986789e-05
YuJ_2015,4111,UniRef90_A0A076IT13,1108,0.012133554179999999,9,0.9149463253509497,1.001945018992568e-05
YuJ_2015,4112,UniRef90_R6G829,1108,0.0121107003927,9,0.9149463253509497,1.0000578358959538e-05
YuJ_2015,4113,UniRef90_A0A076J8N9,1108,0.012093638915,9,0.9149463253509497,9.986489607762179e-06
YuJ_2015,4114,UniRef90_A0A076IR57,1108,0.012000877394,9,0.9149463253509497,9.909890498761354e-06
YuJ_2015,4115,UniRef90_A0A076IRD1,1108,0.011934889677500001,9,0.9149463253509497,9.855400229149464e-06
YuJ_2015,4116,UniRef90_B6W1B9,1108,0.011910393622899999,9,0.9149463253509497,9.835172273245252e-06
YuJ_2015,4117,UniRef90_A6L4C4,1108,0.011906630888300001,9,0.9149463253509497,9.832065143104873e-06
YuJ_2015,4118,UniRef90_A0A0P0M350,1108,0.0119066091103,9,0.9149463253509497,9.832047159620149e-06
YuJ_2015,4119,UniRef90_C3R900,1108,0.011898857801,9,0.9149463253509497,9.825646408753096e-06
YuJ_2015,4120,UniRef90_A0A0K2HML4,1108,0.011820797373,9,0.9149463253509497,9.761186930635838e-06
YuJ_2015,4121,UniRef90_A0A0N7J7H2,1108,0.011775469656000001,9,0.9149463253509497,9.723756941370769e-06
YuJ_2015,4122,UniRef90_U6RKH5,1108,0.011756862987,9,0.9149463253509497,9.708392227085054e-06
YuJ_2015,4123,UniRef90_A0A0N7J7J7,1108,0.011694207221,9,0.9149463253509497,9.656653361684558e-06
YuJ_2015,4124,UniRef90_A0A076IQ11,1108,0.011626910055,9,0.9149463253509497,9.601081796036334e-06
YuJ_2015,4125,UniRef90_U6RMP2,1108,0.0115848067844,9,0.9149463253509497,9.566314437985137e-06
YuJ_2015,4126,UniRef90_A0A0P0M3N9,1108,0.011523762352,9,0.9149463253509497,9.515906153592072e-06
YuJ_2015,4127,UniRef90_A0A076J8U5,1108,0.0115000201701,9,0.9149463253509497,9.49630071849711e-06
YuJ_2015,4128,UniRef90_A6L5J0,1108,0.011460359295799999,9,0.9149463253509497,9.463550202972749e-06
YuJ_2015,4129,UniRef90_A0A0P0LBG8,1108,0.011426128617,9,0.9149463253509497,9.435283746490503e-06
YuJ_2015,4130,UniRef90_A0A380Z4H9,1108,0.0114230391977,9,0.9149463253509497,9.43273261577209e-06
YuJ_2015,4131,UniRef90_A0A1Y3ZIK0,1108,0.0113744617885,9,0.9149463253509497,9.392619148224609e-06
YuJ_2015,4132,UniRef90_B6VVC8,1108,0.011370947496,9,0.9149463253509497,9.389717172584641e-06
YuJ_2015,4133,UniRef90_A6L518,1108,0.011284793113,9,0.9149463253509497,9.318573999174236e-06
YuJ_2015,4134,UniRef90_A0A174MDI8,1108,0.011256018595,9,0.9149463253509497,9.294813042939719e-06
YuJ_2015,4135,UniRef90_A0A0M1W3B9,1108,0.0112087990921,9,0.9149463253509497,9.255820885301403e-06
YuJ_2015,4136,UniRef90_A6KY23,1108,0.0111812717761,9,0.9149463253509497,9.233089823369116e-06
YuJ_2015,4137,UniRef90_C3RG82,1108,0.011101197387,9,0.9149463253509497,9.16696728901734e-06
YuJ_2015,4138,UniRef90_A0A174L5N2,1108,0.011015803281999999,9,0.9149463253509497,9.096451925681255e-06
YuJ_2015,4139,UniRef90_A6L6E8,1108,0.0110015213018,9,0.9149463253509497,9.084658382989265e-06
YuJ_2015,4140,UniRef90_A0A0P0LIQ9,1108,0.010956340301,9,0.9149463253509497,9.047349546655657e-06
YuJ_2015,4141,UniRef90_E5UYG4,1108,0.010909486534,9,0.9149463253509497,9.008659400495458e-06
YuJ_2015,4142,UniRef90_A0A2A6ZHP7,1108,0.0108841975982,9,0.9149463253509497,8.987776711973576e-06
YuJ_2015,4143,UniRef90_A0A396BCG2,1108,0.010868852064699999,9,0.9149463253509497,8.975104925433525e-06
YuJ_2015,4144,UniRef90_A0A076INA9,1108,0.0108221740676,9,0.9149463253509497,8.936559923699422e-06
YuJ_2015,4145,UniRef90_I8WR86,1108,0.0108046140457,9,0.9149463253509497,8.922059492733279e-06
YuJ_2015,4146,UniRef90_A0A0K2HQD0,1108,0.0107657880758,9,0.9149463253509497,8.889998411065236e-06
YuJ_2015,4147,UniRef90_A0A0P0L7F8,1108,0.010763595169,9,0.9149463253509497,8.888187587943848e-06
YuJ_2015,4148,UniRef90_A0A2A7AHL1,1108,0.0107398335215,9,0.9149463253509497,8.868566078860447e-06
YuJ_2015,4149,UniRef90_A0A0P0M4G1,1108,0.0107281410314,9,0.9149463253509497,8.858910843435178e-06
YuJ_2015,4150,UniRef90_A0A076INP0,1108,0.0107083056592,9,0.9149463253509497,8.8425315104872e-06
YuJ_2015,4151,UniRef90_A6L5X6,1108,0.0107018172228,9,0.9149463253509497,8.837173594384805e-06
YuJ_2015,4152,UniRef90_A0A174QHI7,1108,0.010679793448,9,0.9149463253509497,8.818987157720892e-06
YuJ_2015,4153,UniRef90_R6DCI9,1108,0.0106794112435,9,0.9149463253509497,8.818671547068538e-06
YuJ_2015,4154,UniRef90_A0A174PZ91,1108,0.0106745982396,9,0.9149463253509497,8.814697142526838e-06
YuJ_2015,4155,UniRef90_I9R5N6,1108,0.010653807022999999,9,0.9149463253509497,8.797528507844756e-06
YuJ_2015,4156,UniRef90_D1JY20,1108,0.010105728401,9,0.9149463253509497,8.344945004954584e-06
YuJ_2015,4157,UniRef90_A0A174UVX5,1108,0.0100683509139,9,0.9149463253509497,8.314080027993393e-06
YuJ_2015,4158,UniRef90_A0A0P0M3U2,1108,0.0099043700273,9,0.9149463253509497,8.178670542774567e-06
YuJ_2015,4159,UniRef90_A0A174XCC5,1108,0.0098943718466,9,0.9149463253509497,8.170414406771263e-06
YuJ_2015,4160,UniRef90_D1JXE2,1108,0.009724112832,9,0.9149463253509497,8.029820670520231e-06
YuJ_2015,4161,UniRef90_D4V5Z4,1108,0.009631562814099999,9,0.9149463253509497,7.953396213129644e-06
YuJ_2015,4162,UniRef90_A0A397WP29,1108,0.0095950308898,9,0.9149463253509497,7.923229471345995e-06
YuJ_2015,4163,UniRef90_A0A0P0M577,1108,0.008983176212500001,9,0.9149463253509497,7.417982008670521e-06
YuJ_2015,4164,UniRef90_B0P2U4,1108,0.0089553564689,9,0.9149463253509497,7.395009470602807e-06
YuJ_2015,4165,UniRef90_C6Z9I2,1108,0.0085825120244,9,0.9149463253509497,7.0871280135425265e-06
YuJ_2015,4166,UniRef90_A0A0F0CLG3,1108,0.0085241662379,9,0.9149463253509497,7.038948173327828e-06
YuJ_2015,4167,UniRef90_D4JA91,1108,0.0085112855627,9,0.9149463253509497,7.0283117776218e-06
YuJ_2015,4168,UniRef90_D4LT32,1108,0.0077784989036,9,0.9149463253509497,6.423203058298927e-06
YuJ_2015,4169,UniRef90_A0A174RU34,1108,0.0066496888182,9,0.9149463253509497,5.491072517093311e-06
YuJ_2015,4170,UniRef90_Q8A275,1108,0.006374491769,9,0.9149463253509497,5.263824747316268e-06
YuJ_2015,4171,UniRef90_R6J894,1108,0.006137372920599999,9,0.9149463253509497,5.06802057853014e-06
YuJ_2015,4172,UniRef90_A0A174NNM9,1108,0.006127987014,9,0.9149463253509497,5.060270036333608e-06
YuJ_2015,4173,UniRef90_Q8A749,1108,0.0060604275152,9,0.9149463253509497,5.004481845747316e-06
YuJ_2015,4174,UniRef90_D6DKL2,1108,0.0060190034192999994,9,0.9149463253509497,4.9702753255986785e-06
YuJ_2015,4175,UniRef90_A0A3E4XS79,1108,0.005913984407699999,9,0.9149463253509497,4.883554424194879e-06
YuJ_2015,4176,UniRef90_A0A0N7IA61,1108,0.005882610138,9,0.9149463253509497,4.857646687035508e-06
YuJ_2015,4177,UniRef90_K5CDW4,1108,0.0055788958045,9,0.9149463253509497,4.606850375309662e-06
YuJ_2015,4178,UniRef90_A5Z317,1108,0.0055247953019500005,9,0.9149463253509497,4.562176137035508e-06
YuJ_2015,4179,UniRef90_Q89ZK5,1108,0.0055100339565,9,0.9149463253509497,4.5499867518579685e-06
YuJ_2015,4180,UniRef90_Q8A7Z4,1108,0.0054318199171,9,0.9149463253509497,4.485400427002478e-06
YuJ_2015,4181,UniRef90_R7KG98,1108,0.005340708446,9,0.9149463253509497,4.410163869529315e-06
YuJ_2015,4182,UniRef90_R6JNQ2,1108,0.005279687614,9,0.9149463253509497,4.359775073492981e-06
YuJ_2015,4183,UniRef90_A0A174L4C6,1108,0.0052387187977000005,9,0.9149463253509497,4.325944506771264e-06
YuJ_2015,4184,UniRef90_A0A0P0FMX5,1108,0.0052005431227999995,9,0.9149463253509497,4.294420415194054e-06
YuJ_2015,4185,UniRef90_R6JDG0,1108,0.0051984102399,9,0.9149463253509497,4.292659157638315e-06
YuJ_2015,4186,UniRef90_D6D8E5,1108,0.0051933910723,9,0.9149463253509497,4.288514510569777e-06
YuJ_2015,4187,UniRef90_A0A395W259,1108,0.0051908168336,9,0.9149463253509497,4.2863887973575555e-06
YuJ_2015,4188,UniRef90_A5Z4A2,1108,0.0049504998358,9,0.9149463253509497,4.087943712469034e-06
YuJ_2015,4189,UniRef90_A0A174DRY8,1108,0.0048354154948,9,0.9149463253509497,3.992911226094137e-06
YuJ_2015,4190,UniRef90_A7B4T6,1108,0.0047412397406,9,0.9149463253509497,3.9151442944673826e-06
YuJ_2015,4191,UniRef90_Q8A800,1108,0.0045543744043000005,9,0.9149463253509497,3.7608376583815033e-06
YuJ_2015,4192,UniRef90_C3QHA8,1108,0.0043619626029,9,0.9149463253509497,3.601950952023122e-06
YuJ_2015,4193,UniRef90_B9Y9A8,1108,0.0041341079415,9,0.9149463253509497,3.413796813790256e-06
YuJ_2015,4194,UniRef90_R6JHI4,1108,0.0037979311455,9,0.9149463253509497,3.1361941746490504e-06
YuJ_2015,4195,UniRef90_A0A1C7FPL6,1108,0.0030425250239,9,0.9149463253509497,2.5124071213047067e-06
YuJ_2015,4196,UniRef90_A0A174K3R6,1108,0.0022660756977999,9,0.9149463253509497,1.871243350784393e-06
YuJ_2015,4197,UniRef90_T4C1L2,1107,1.7055237737842999,9,0.9141205615194055,0.00140835984622981
YuJ_2015,4198,UniRef90_A0A3E4IMU5,1107,0.065363092615,9,0.9141205615194055,5.3974477799339395e-05
YuJ_2015,4199,UniRef90_A0A139LGL2,1107,0.0292512188867,9,0.9141205615194055,2.415459858521883e-05
YuJ_2015,4200,UniRef90_A0A0K2HI64,1107,0.024835635932,9,0.9141205615194055,2.050836988604459e-05
YuJ_2015,4201,UniRef90_R5NYG9,1107,0.0221016001629999,9,0.9141205615194055,1.8250702033856236e-05
YuJ_2015,4202,UniRef90_A0A076J2W0,1107,0.02150678947,9,0.9141205615194055,1.7759528876961188e-05
YuJ_2015,4203,UniRef90_B6VXE2,1107,0.0186684974457,9,0.9141205615194055,1.541576997993394e-05
YuJ_2015,4204,UniRef90_A0A076J3Z5,1107,0.018603833454,9,0.9141205615194055,1.5362372794384805e-05
YuJ_2015,4205,UniRef90_B6VTI6,1107,0.0182942425473,9,0.9141205615194055,1.5106723821056978e-05
YuJ_2015,4206,UniRef90_A0A0K2HJC0,1107,0.0173437734514,9,0.9141205615194055,1.4321860818662263e-05
YuJ_2015,4207,UniRef90_A0A0P0LBV1,1107,0.017167801792,9,0.9141205615194055,1.4176549786952932e-05
YuJ_2015,4208,UniRef90_A0A0K2HGN0,1107,0.0171302703256,9,0.9141205615194055,1.4145557659454997e-05
YuJ_2015,4209,UniRef90_A0A076IYV9,1107,0.0165600714176,9,0.9141205615194055,1.3674708024442608e-05
YuJ_2015,4210,UniRef90_B6VY40,1107,0.0161241220369999,9,0.9141205615194055,1.331471679355896e-05
YuJ_2015,4211,UniRef90_A0A076J0I1,1107,0.016088360243699997,9,0.9141205615194055,1.3285185998100742e-05
YuJ_2015,4212,UniRef90_A0A076IXU3,1107,0.015926590231,9,0.9141205615194055,1.3151602172584642e-05
YuJ_2015,4213,UniRef90_A0A174SX28,1107,0.015826571059,9,0.9141205615194055,1.3069009957886046e-05
YuJ_2015,4214,UniRef90_A0A0K2HQ24,1107,0.015756242083,9,0.9141205615194055,1.3010934833195706e-05
YuJ_2015,4215,UniRef90_A8SBU1,1107,0.015442646101000001,9,0.9141205615194055,1.2751978613542527e-05
YuJ_2015,4216,UniRef90_A0A0P0LM59,1107,0.015431464145,9,0.9141205615194055,1.2742744958711808e-05
YuJ_2015,4217,UniRef90_R6QBY1,1107,0.015055539982300001,9,0.9141205615194055,1.243232038175062e-05
YuJ_2015,4218,UniRef90_U6RNZ2,1107,0.0148093357369999,9,0.9141205615194055,1.2229013820809166e-05
YuJ_2015,4219,UniRef90_A0A076IW16,1107,0.014764807869999999,9,0.9141205615194055,1.2192244318744838e-05
YuJ_2015,4220,UniRef90_C3RGN9,1107,0.014709747980999999,9,0.9141205615194055,1.2146777853839801e-05
YuJ_2015,4221,UniRef90_F3PNG5,1107,0.0146739286743,9,0.9141205615194055,1.2117199565895955e-05
YuJ_2015,4222,UniRef90_A6KZV8,1107,0.014645358135000001,9,0.9141205615194055,1.2093607047894304e-05
YuJ_2015,4223,UniRef90_E6SND0,1107,0.01460754317,9,0.9141205615194055,1.2062380817506194e-05
YuJ_2015,4224,UniRef90_A0A076IWM1,1107,0.01451033704,9,0.9141205615194055,1.1982111511147812e-05
YuJ_2015,4225,UniRef90_A6L6Z8,1107,0.014505549424999901,9,0.9141205615194055,1.1978158071841372e-05
YuJ_2015,4226,UniRef90_A6KXU3,1107,0.0144009738107,9,0.9141205615194055,1.1891803311890999e-05
YuJ_2015,4227,UniRef90_A8S805,1107,0.0143927686151,9,0.9141205615194055,1.1885027758133774e-05
YuJ_2015,4228,UniRef90_A0A174FNB0,1107,0.014220841408,9,0.9141205615194055,1.1743056488852188e-05
YuJ_2015,4229,UniRef90_A6L1E7,1107,0.0141246008683,9,0.9141205615194055,1.1663584532039637e-05
YuJ_2015,4230,UniRef90_A0A0K2HH20,1107,0.014106925756,9,0.9141205615194055,1.1648989063583815e-05
YuJ_2015,4231,UniRef90_R9HJ27,1107,0.014067888527,9,0.9141205615194055,1.1616753531791908e-05
YuJ_2015,4232,UniRef90_A0A0M1W4Y2,1107,0.013952817962,9,0.9141205615194055,1.1521732421139555e-05
YuJ_2015,4233,UniRef90_C3RD22,1107,0.013943095146,9,0.9141205615194055,1.1513703671345994e-05
YuJ_2015,4234,UniRef90_A0A1Q6IXL9,1107,0.013866713263,9,0.9141205615194055,1.1450630274979355e-05
YuJ_2015,4235,UniRef90_A0A0P0M688,1107,0.013723143975000001,9,0.9141205615194055,1.1332075949628406e-05
YuJ_2015,4236,UniRef90_A0A396F2S3,1107,0.013682927691,9,0.9141205615194055,1.1298866796862096e-05
YuJ_2015,4237,UniRef90_C3R519,1107,0.013634903341,9,0.9141205615194055,1.1259210025598679e-05
YuJ_2015,4238,UniRef90_D1JZ97,1107,0.0136314186701,9,0.9141205615194055,1.1256332510404626e-05
YuJ_2015,4239,UniRef90_D4V5G9,1107,0.0136184201699,9,0.9141205615194055,1.1245598819075143e-05
YuJ_2015,4240,UniRef90_U6RN91,1107,0.013520940038000001,9,0.9141205615194055,1.116510325185797e-05
YuJ_2015,4241,UniRef90_D4VEG6,1107,0.013436168452,9,0.9141205615194055,1.1095101942196532e-05
YuJ_2015,4242,UniRef90_A6LEJ4,1107,0.013433809393600001,9,0.9141205615194055,1.1093153917093313e-05
YuJ_2015,4243,UniRef90_A0A139K8I3,1107,0.0133510424872,9,0.9141205615194055,1.1024807999339389e-05
YuJ_2015,4244,UniRef90_A0A174JT31,1107,0.0132861270359999,9,0.9141205615194055,1.0971203167629974e-05
YuJ_2015,4245,UniRef90_A0A0K2HKI6,1107,0.013276569299,9,0.9141205615194055,1.0963310734104046e-05
YuJ_2015,4246,UniRef90_A0A076ILM0,1107,0.013226334899,9,0.9141205615194055,1.0921828983484723e-05
YuJ_2015,4247,UniRef90_C6Z107,1107,0.013174650376,9,0.9141205615194055,1.087914977374071e-05
YuJ_2015,4248,UniRef90_R6AJF3,1107,0.0131597346478,9,0.9141205615194055,1.0866832904872008e-05
YuJ_2015,4249,UniRef90_A0A0K2HLD7,1107,0.013064528799,9,0.9141205615194055,1.0788215358381504e-05
YuJ_2015,4250,UniRef90_D4KUS1,1107,0.0130564058082,9,0.9141205615194055,1.0781507686374896e-05
YuJ_2015,4251,UniRef90_A0A139KJ68,1107,0.0130338949657,9,0.9141205615194055,1.0762919046820809e-05
YuJ_2015,4252,UniRef90_A0A076IN53,1107,0.013003415083899999,9,0.9141205615194055,1.0737749862840626e-05
YuJ_2015,4253,UniRef90_A0A0K2HHX2,1107,0.012909614071,9,0.9141205615194055,1.0660292379025599e-05
YuJ_2015,4254,UniRef90_A0A174FJI5,1107,0.0128037626727,9,0.9141205615194055,1.0572884122791081e-05
YuJ_2015,4255,UniRef90_I9RA95,1107,0.012794511837,9,0.9141205615194055,1.0565245117258464e-05
YuJ_2015,4256,UniRef90_E6SNW0,1107,0.0127894743215,9,0.9141205615194055,1.0561085319157722e-05
YuJ_2015,4257,UniRef90_A0A076J7L9,1107,0.012775242883,9,0.9141205615194055,1.0549333511973575e-05
YuJ_2015,4258,UniRef90_D4V6R4,1107,0.012752176601,9,0.9141205615194055,1.0530286210569777e-05
YuJ_2015,4259,UniRef90_A0A0P0M520,1107,0.0127254064405,9,0.9141205615194055,1.0508180380264243e-05
YuJ_2015,4260,UniRef90_A0A0K2HLX7,1107,0.012624851189,9,0.9141205615194055,1.0425145490503716e-05
YuJ_2015,4261,UniRef90_K9EA01,1107,0.0125703254189,9,0.9141205615194055,1.0380120081668042e-05
YuJ_2015,4262,UniRef90_A0A0K2HNK2,1107,0.012570292851999999,9,0.9141205615194055,1.0380093189099916e-05
YuJ_2015,4263,UniRef90_D4V4L9,1107,0.0125602645749999,9,0.9141205615194055,1.0371812200660529e-05
YuJ_2015,4264,UniRef90_A0A076ISM4,1107,0.012465176913600001,9,0.9141205615194055,1.0293292249050372e-05
YuJ_2015,4265,UniRef90_A0A1Y4PKT0,1107,0.012415884322400001,9,0.9141205615194055,1.025258821007432e-05
YuJ_2015,4266,UniRef90_I9FWU9,1107,0.012414360230000001,9,0.9141205615194055,1.0251329669694467e-05
YuJ_2015,4267,UniRef90_E6SQH5,1107,0.0124122327909999,9,0.9141205615194055,1.0249572907514369e-05
YuJ_2015,4268,UniRef90_A0A174THN8,1107,0.012384117998,9,0.9141205615194055,1.02263567283237e-05
YuJ_2015,4269,UniRef90_A0A076INR7,1107,0.0123011780313,9,0.9141205615194055,1.015786790363336e-05
YuJ_2015,4270,UniRef90_A0A139K3M5,1107,0.012299225695,9,0.9141205615194055,1.015625573492981e-05
YuJ_2015,4271,UniRef90_E5UQL1,1107,0.0122141183968,9,0.9141205615194055,1.0085977206275806e-05
YuJ_2015,4272,UniRef90_A0A1Y4PL60,1107,0.012162956906,9,0.9141205615194055,1.0043729897605284e-05
YuJ_2015,4273,UniRef90_A0A396BKZ3,1107,0.012138065829,9,0.9141205615194055,1.0023175746490505e-05
YuJ_2015,4274,UniRef90_A0A076JA16,1107,0.0121367211458999,9,0.9141205615194055,1.0022065355821552e-05
YuJ_2015,4275,UniRef90_A0A076IWQ2,1107,0.012115323970999901,9,0.9141205615194055,1.0004396342691908e-05
YuJ_2015,4276,UniRef90_U6RJ74,1107,0.012106237381,9,0.9141205615194055,9.996892965317919e-06
YuJ_2015,4277,UniRef90_A0A0P0M2M0,1107,0.012025079124,9,0.9141205615194055,9.929875412056153e-06
YuJ_2015,4278,UniRef90_A0A0P0M4K7,1107,0.012018313804,9,0.9141205615194055,9.92428885549133e-06
YuJ_2015,4279,UniRef90_I9QJ00,1107,0.012008009826100001,9,0.9141205615194055,9.91578020322048e-06
YuJ_2015,4280,UniRef90_A0A076IN26,1107,0.0119763930049999,9,0.9141205615194055,9.889672175887614e-06
YuJ_2015,4281,UniRef90_A0A174PD41,1107,0.011910280318,9,0.9141205615194055,9.835078710156895e-06
YuJ_2015,4282,UniRef90_A0A174I7X5,1107,0.0119068782011,9,0.9141205615194055,9.83226936507019e-06
YuJ_2015,4283,UniRef90_A0A3E4JLW8,1107,0.0117881496999,9,0.9141205615194055,9.734227663005781e-06
YuJ_2015,4284,UniRef90_A0A0M1W4E7,1107,0.0117769827173,9,0.9141205615194055,9.725006372667218e-06
YuJ_2015,4285,UniRef90_A0A076IM21,1107,0.011776575227000001,9,0.9141205615194055,9.724669881915774e-06
YuJ_2015,4286,UniRef90_A0A396F7I8,1107,0.011734203095,9,0.9141205615194055,9.689680507844756e-06
YuJ_2015,4287,UniRef90_A0A396F3X2,1107,0.011655355009000001,9,0.9141205615194055,9.624570610239473e-06
YuJ_2015,4288,UniRef90_A0A0P0M425,1107,0.011644484691,9,0.9141205615194055,9.615594294797688e-06
YuJ_2015,4289,UniRef90_A0A076INE9,1107,0.011629475281300001,9,0.9141205615194055,9.6032000671346e-06
YuJ_2015,4290,UniRef90_B0NTN7,1107,0.0116151769597,9,0.9141205615194055,9.591393030305533e-06
YuJ_2015,4291,UniRef90_A0A1Y4P963,1107,0.011571709536,9,0.9141205615194055,9.555499203963668e-06
YuJ_2015,4292,UniRef90_D4VDR7,1107,0.0115276603624,9,0.9141205615194055,9.519124989595374e-06
YuJ_2015,4293,UniRef90_A6L3Y9,1107,0.011443607775,9,0.9141205615194055,9.44971740297275e-06
YuJ_2015,4294,UniRef90_C3RG91,1107,0.0114037805665,9,0.9141205615194055,9.416829534682081e-06
YuJ_2015,4295,UniRef90_A0A0P0LAG0,1107,0.011399255133999999,9,0.9141205615194055,9.413092596201485e-06
YuJ_2015,4296,UniRef90_C3R4H6,1107,0.011398761650999999,9,0.9141205615194055,9.412685095788604e-06
YuJ_2015,4297,UniRef90_A0A076J819,1107,0.0113086382679999,9,0.9141205615194055,9.338264465730719e-06
YuJ_2015,4298,UniRef90_A0A174PV06,1107,0.0112065705715,9,0.9141205615194055,9.253980653592072e-06
YuJ_2015,4299,UniRef90_R6KBC2,1107,0.0112013867064,9,0.9141205615194055,9.249700005284888e-06
YuJ_2015,4300,UniRef90_A0A0P0M4U0,1107,0.0111981026915,9,0.9141205615194055,9.246988184558215e-06
YuJ_2015,4301,UniRef90_A0A076IRT8,1107,0.0111892832162,9,0.9141205615194055,9.239705380842279e-06
YuJ_2015,4302,UniRef90_C3R7E6,1107,0.011149452616,9,0.9141205615194055,9.206814711808423e-06
YuJ_2015,4303,UniRef90_A0A076J4Z8,1107,0.011031302744999999,9,0.9141205615194055,9.10925082163501e-06
YuJ_2015,4304,UniRef90_C3R7G4,1107,0.011008984894,9,0.9141205615194055,9.090821547481421e-06
YuJ_2015,4305,UniRef90_A0A076ISH2,1107,0.011001518904,9,0.9141205615194055,9.08465640297275e-06
YuJ_2015,4306,UniRef90_D4V7Q6,1107,0.010993263244,9,0.9141205615194055,9.077839177539224e-06
YuJ_2015,4307,UniRef90_A0A076J4I8,1107,0.010959838407000001,9,0.9141205615194055,9.050238156069365e-06
YuJ_2015,4308,UniRef90_D1K0U1,1107,0.010896100743,9,0.9141205615194055,8.99760589843105e-06
YuJ_2015,4309,UniRef90_A0A0K2HMI6,1107,0.010885342851,9,0.9141205615194055,8.98872242031379e-06
YuJ_2015,4310,UniRef90_A0A076ITS9,1107,0.01079820899,9,0.9141205615194055,8.916770429397193e-06
YuJ_2015,4311,UniRef90_D1K4H1,1107,0.010673174250999999,9,0.9141205615194055,8.813521264244425e-06
YuJ_2015,4312,UniRef90_A6L5G8,1107,0.010600166857999999,9,0.9141205615194055,8.753234399669693e-06
YuJ_2015,4313,UniRef90_D9QZL0,1107,0.0105459467099,9,0.9141205615194055,8.708461362427746e-06
YuJ_2015,4314,UniRef90_A0A076IJS3,1107,0.010500111506,9,0.9141205615194055,8.670612308835672e-06
YuJ_2015,4315,UniRef90_A0A0K2HM03,1107,0.0104703154184,9,0.9141205615194055,8.646007777374071e-06
YuJ_2015,4316,UniRef90_A0A076IVW3,1107,0.010350872690999999,9,0.9141205615194055,8.54737629314616e-06
YuJ_2015,4317,UniRef90_C7H3L2,1107,0.010317429629,9,0.9141205615194055,8.51976022213047e-06
YuJ_2015,4318,UniRef90_A0A0M1VYU8,1107,0.0103155088339,9,0.9141205615194055,8.518174099009083e-06
YuJ_2015,4319,UniRef90_D4V7E6,1107,0.010224905474600001,9,0.9141205615194055,8.443357121882742e-06
YuJ_2015,4320,UniRef90_I9FIN4,1107,0.009949986426,9,0.9141205615194055,8.216338914946325e-06
YuJ_2015,4321,UniRef90_A0A174GEG1,1107,0.0097454655516,9,0.9141205615194055,8.047452974071016e-06
YuJ_2015,4322,UniRef90_A0A076J5A1,1107,0.009505358833,9,0.9141205615194055,7.84918153014038e-06
YuJ_2015,4323,UniRef90_A0A076IKT1,1107,0.009259033827,9,0.9141205615194055,7.645775249380676e-06
YuJ_2015,4324,UniRef90_A0A396BB01,1107,0.0085980394783,9,0.9141205615194055,7.099950023369117e-06
YuJ_2015,4325,UniRef90_A0A174X9E8,1107,0.0085437823739,9,0.9141205615194055,7.055146468951279e-06
YuJ_2015,4326,UniRef90_A0A174PQ98,1107,0.0084936507892,9,0.9141205615194055,7.013749619488027e-06
YuJ_2015,4327,UniRef90_A6L3U8,1107,0.008205776196099999,9,0.9141205615194055,6.776033192485548e-06
YuJ_2015,4328,UniRef90_R7GUH5,1107,0.0080525290558,9,0.9141205615194055,6.6494872467382326e-06
YuJ_2015,4329,UniRef90_A0A396FPX4,1107,0.0070446971385,9,0.9141205615194055,5.817256101156069e-06
YuJ_2015,4330,UniRef90_R5UUF2,1107,0.006328056793,9,0.9141205615194055,5.225480423616846e-06
YuJ_2015,4331,UniRef90_A0A174BGK1,1107,0.006321240534,9,0.9141205615194055,5.219851803468208e-06
YuJ_2015,4332,UniRef90_D4WIM8,1107,0.0062798712974,9,0.9141205615194055,5.185690584145335e-06
YuJ_2015,4333,UniRef90_K5CIT4,1107,0.0060283321999,9,0.9141205615194055,4.97797869521057e-06
YuJ_2015,4334,UniRef90_R6JPJ0,1107,0.0059669188533,9,0.9141205615194055,4.927265774814203e-06
YuJ_2015,4335,UniRef90_Q8AAP4,1107,0.0057079628526,9,0.9141205615194055,4.713429275474814e-06
YuJ_2015,4336,UniRef90_R6KB72,1107,0.005640224723400001,9,0.9141205615194055,4.657493578364988e-06
YuJ_2015,4337,UniRef90_F7MAB4,1107,0.005533104767799999,9,0.9141205615194055,4.569037793393889e-06
YuJ_2015,4338,UniRef90_R6JLR1,1107,0.0054802549416,9,0.9141205615194055,4.525396318414533e-06
YuJ_2015,4339,UniRef90_R6SB02,1107,0.0054380413638,9,0.9141205615194055,4.490537872667217e-06
YuJ_2015,4340,UniRef90_R6KAT3,1107,0.005395598747,9,0.9141205615194055,4.455490294797688e-06
YuJ_2015,4341,UniRef90_A0A139K806,1107,0.0053843311051,9,0.9141205615194055,4.446185883649876e-06
YuJ_2015,4342,UniRef90_A0A174QQT5,1107,0.0053210466907,9,0.9141205615194055,4.3939279031379026e-06
YuJ_2015,4343,UniRef90_I9URV1,1107,0.0052579533619,9,0.9141205615194055,4.341827714203138e-06
YuJ_2015,4344,UniRef90_A0A3E5HN35,1107,0.0051995564962,9,0.9141205615194055,4.293605694632535e-06
YuJ_2015,4345,UniRef90_R7KJB9,1107,0.0051564866454,9,0.9141205615194055,4.258040169611891e-06
YuJ_2015,4346,UniRef90_Q89Z26,1107,0.005129944837,9,0.9141205615194055,4.236122904211395e-06
YuJ_2015,4347,UniRef90_R5UHH3,1107,0.0051095594573,9,0.9141205615194055,4.21928939496284e-06
YuJ_2015,4348,UniRef90_Q8ABA7,1107,0.0050983444857000005,9,0.9141205615194055,4.2100284770437656e-06
YuJ_2015,4349,UniRef90_A0A1Y4F8G2,1107,0.005092348512,9,0.9141205615194055,4.205077218827415e-06
YuJ_2015,4350,UniRef90_B0MEZ9,1107,0.0050695193717,9,0.9141205615194055,4.186225740462428e-06
YuJ_2015,4351,UniRef90_C9KYI7,1107,0.0049362366321,9,0.9141205615194055,4.076165674731627e-06
YuJ_2015,4352,UniRef90_A0A0P0F0H3,1107,0.0048627547179,9,0.9141205615194055,4.015486967712634e-06
YuJ_2015,4353,UniRef90_Q8A7T2,1107,0.004769625207,9,0.9141205615194055,3.938583985962015e-06
YuJ_2015,4354,UniRef90_E9RY24,1107,0.0047208510953,9,0.9141205615194055,3.89830808860446e-06
YuJ_2015,4355,UniRef90_B0P9F6,1107,0.0043244816014,9,0.9141205615194055,3.571000496614368e-06
YuJ_2015,4356,UniRef90_A0A174UZZ2,1107,0.0039092432993,9,0.9141205615194055,3.2281117252683736e-06
YuJ_2015,4357,UniRef90_A0A0F0CD99,1107,0.0023424286598,9,0.9141205615194055,1.9342928652353427e-06
YuJ_2015,4358,UniRef90_A0A353M1A7,1107,0.000177432126,9,0.9141205615194055,1.4651703220478943e-07
YuJ_2015,4359,UniRef90_C3R6N1,1106,0.042702741302,9,0.9132947976878613,3.526237927497935e-05
YuJ_2015,4360,UniRef90_C0B5M8,1106,0.0347486175876,9,0.9132947976878613,2.86941516e-05
YuJ_2015,4361,UniRef90_A6KZL6,1106,0.028933479948000003,9,0.9132947976878613,2.3892221261767135e-05
YuJ_2015,4362,UniRef90_A0A1Y4PSS9,1106,0.0256659246523,9,0.9132947976878613,2.119399228100743e-05
YuJ_2015,4363,UniRef90_A6LE54,1106,0.02302110022713,9,0.9132947976878613,1.9009991929917426e-05
YuJ_2015,4364,UniRef90_A0A3A6A667,1106,0.022210809313699998,9,0.9132947976878613,1.834088300057803e-05
YuJ_2015,4365,UniRef90_A0A396BMS3,1106,0.0179565164717,9,0.9132947976878613,1.4827841842857144e-05
YuJ_2015,4366,UniRef90_A0A0K2HNU9,1106,0.017898231204,9,0.9132947976878613,1.4779711976878614e-05
YuJ_2015,4367,UniRef90_C0EYV5,1106,0.0174522574491,9,0.9132947976878613,1.4411442980264244e-05
YuJ_2015,4368,UniRef90_E5UNN5,1106,0.017344258462,9,0.9132947976878613,1.4322261322873657e-05
YuJ_2015,4369,UniRef90_A0A396ALX3,1106,0.017231902895,9,0.9132947976878613,1.4229482159372421e-05
YuJ_2015,4370,UniRef90_B6W049,1106,0.016714639824,9,0.9132947976878613,1.3802345023947151e-05
YuJ_2015,4371,UniRef90_A0A076IXN5,1106,0.016657397637,9,0.9132947976878613,1.3755076496284062e-05
YuJ_2015,4372,UniRef90_B6VX38,1106,0.0160757130247999,9,0.9132947976878613,1.3274742382163419e-05
YuJ_2015,4373,UniRef90_D1K8F0,1106,0.01554025913,9,0.9132947976878613,1.28325839223782e-05
YuJ_2015,4374,UniRef90_A6KZP5,1106,0.015174966957,9,0.9132947976878613,1.2530938857968622e-05
YuJ_2015,4375,UniRef90_A0A076J7A4,1106,0.0150852957341,9,0.9132947976878613,1.2456891605367464e-05
YuJ_2015,4376,UniRef90_A0A0M1W874,1106,0.0147674299079999,9,0.9132947976878613,1.219440950289009e-05
YuJ_2015,4377,UniRef90_A0A076IWM8,1106,0.0147512470356,9,0.9132947976878613,1.2181046272171759e-05
YuJ_2015,4378,UniRef90_A0A174NVL6,1106,0.014655490125,9,0.9132947976878613,1.210197367877787e-05
YuJ_2015,4379,UniRef90_A0A397WL89,1106,0.0144647310248,9,0.9132947976878613,1.1944451713294798e-05
YuJ_2015,4380,UniRef90_A0A0M1W6C7,1106,0.014391905637,9,0.9132947976878613,1.1884315142031379e-05
YuJ_2015,4381,UniRef90_E6ST21,1106,0.014064262639300001,9,0.9132947976878613,1.1613759404872008e-05
YuJ_2015,4382,UniRef90_A0A1H7IN38,1106,0.014058907403,9,0.9132947976878613,1.1609337244426094e-05
YuJ_2015,4383,UniRef90_A0A0P0LCQ4,1106,0.0139106857492,9,0.9132947976878613,1.1486941163666392e-05
YuJ_2015,4384,UniRef90_A0A076INP4,1106,0.013847700849,9,0.9132947976878613,1.1434930511147812e-05
YuJ_2015,4385,UniRef90_A0A173UPT1,1106,0.0138261681568,9,0.9132947976878613,1.1417149592733279e-05
YuJ_2015,4386,UniRef90_A0A0P0LMU7,1106,0.0136950903214,9,0.9132947976878613,1.1308910257142857e-05
YuJ_2015,4387,UniRef90_A0A076J905,1106,0.013604190301399999,9,0.9132947976878613,1.1233848308340214e-05
YuJ_2015,4388,UniRef90_A0A076J730,1106,0.0134297770346999,9,0.9132947976878613,1.1089824140957803e-05
YuJ_2015,4389,UniRef90_B5CXI4,1106,0.013362137457699999,9,0.9132947976878613,1.1033969824690337e-05
YuJ_2015,4390,UniRef90_A0A076J3D2,1106,0.013230633831,9,0.9132947976878613,1.0925378886044592e-05
YuJ_2015,4391,UniRef90_A0A076IL23,1106,0.013113443616999999,9,0.9132947976878613,1.0828607445912468e-05
YuJ_2015,4392,UniRef90_A0A0P0M4N6,1106,0.013079688603,9,0.9132947976878613,1.0800733776218001e-05
YuJ_2015,4393,UniRef90_A6L7K0,1106,0.0130709842575,9,0.9132947976878613,1.0793546042526838e-05
YuJ_2015,4394,UniRef90_A0A076JCH8,1106,0.013038318527,9,0.9132947976878613,1.0766571863748967e-05
YuJ_2015,4395,UniRef90_A0A076IM56,1106,0.013031947044999999,9,0.9132947976878613,1.0761310524360032e-05
YuJ_2015,4396,UniRef90_A0A076IQ53,1106,0.012912518452000001,9,0.9132947976878613,1.0662690711808425e-05
YuJ_2015,4397,UniRef90_A0A076IRD8,1106,0.012841249116999999,9,0.9132947976878613,1.0603839072667216e-05
YuJ_2015,4398,UniRef90_A0A0N7J7B1,1106,0.012813090481,9,0.9132947976878613,1.0580586689512798e-05
YuJ_2015,4399,UniRef90_A0A0P0M5B6,1106,0.0126702719210999,9,0.9132947976878613,1.0462652288274071e-05
YuJ_2015,4400,UniRef90_A0A076J743,1106,0.012653065773299998,9,0.9132947976878613,1.0448444073740708e-05
YuJ_2015,4401,UniRef90_E6SRV5,1106,0.0124541276888,9,0.9132947976878613,1.028416819884393e-05
YuJ_2015,4402,UniRef90_A0A174H4Q0,1106,0.0122095417768999,9,0.9132947976878613,1.0082197999091577e-05
YuJ_2015,4403,UniRef90_A0A0M1W865,1106,0.01219234681,9,0.9132947976878613,1.0067999017341041e-05
YuJ_2015,4404,UniRef90_A6L4C3,1106,0.0120634475,9,0.9132947976878613,9.96155862923204e-06
YuJ_2015,4405,UniRef90_C6Z9G6,1106,0.0119932853479999,9,0.9132947976878613,9.903621261767052e-06
YuJ_2015,4406,UniRef90_A0A0P0M4B8,1106,0.01195274007,9,0.9132947976878613,9.87014043765483e-06
YuJ_2015,4407,UniRef90_C3RFI9,1106,0.0119524570196,9,0.9132947976878613,9.869906704872006e-06
YuJ_2015,4408,UniRef90_D4V4A4,1106,0.0118014485605,9,0.9132947976878613,9.745209381090009e-06
YuJ_2015,4409,UniRef90_A0A0P0LJZ6,1106,0.0117986710206,9,0.9132947976878613,9.742915789099918e-06
YuJ_2015,4410,UniRef90_A0A0P0LCJ9,1106,0.0117883710018,9,0.9132947976878613,9.734410406110653e-06
YuJ_2015,4411,UniRef90_A0A0P0GTX7,1106,0.0116187388722,9,0.9132947976878613,9.594334328819158e-06
YuJ_2015,4412,UniRef90_A0A076ILZ8,1106,0.011554944855399998,9,0.9132947976878613,9.541655537076794e-06
YuJ_2015,4413,UniRef90_A0A0K2HLS7,1106,0.011505246612,9,0.9132947976878613,9.500616525185797e-06
YuJ_2015,4414,UniRef90_A0A0M1W2B1,1106,0.0114487825043,9,0.9132947976878613,9.453990507266721e-06
YuJ_2015,4415,UniRef90_A6BD89,1106,0.0114404480268,9,0.9132947976878613,9.447108197192404e-06
YuJ_2015,4416,UniRef90_A0A0K2HJ78,1106,0.011393684718,9,0.9132947976878613,9.408492748142031e-06
YuJ_2015,4417,UniRef90_A0A076IQW0,1106,0.011264000833,9,0.9132947976878613,9.301404486374897e-06
YuJ_2015,4418,UniRef90_A6L3M0,1106,0.011234019457,9,0.9132947976878613,9.27664695045417e-06
YuJ_2015,4419,UniRef90_A0A0M1W1V7,1106,0.0112287155849,9,0.9132947976878613,9.272267204706854e-06
YuJ_2015,4420,UniRef90_A0A0P0L7S8,1106,0.011209325459,9,0.9132947976878613,9.256255540049545e-06
YuJ_2015,4421,UniRef90_C3RCZ2,1106,0.011103126414,9,0.9132947976878613,9.168560209744014e-06
YuJ_2015,4422,UniRef90_A6L7B8,1106,0.011089389413,9,0.9132947976878613,9.157216691164328e-06
YuJ_2015,4423,UniRef90_R6FLL0,1106,0.0109874884352,9,0.9132947976878613,9.0730705492981e-06
YuJ_2015,4424,UniRef90_D4V6X7,1106,0.0109397695079999,9,0.9132947976878613,9.033665985136168e-06
YuJ_2015,4425,UniRef90_D4VC87,1106,0.010917621143000001,9,0.9132947976878613,9.015376666391414e-06
YuJ_2015,4426,UniRef90_A0A174N4U7,1106,0.0108461907153,9,0.9132947976878613,8.956392002725021e-06
YuJ_2015,4427,UniRef90_A0A076IQZ0,1106,0.010797910354,9,0.9132947976878613,8.916523826589595e-06
YuJ_2015,4428,UniRef90_A0A174HR35,1106,0.0107581926039999,9,0.9132947976878613,8.8837263451692e-06
YuJ_2015,4429,UniRef90_A0A396G0I2,1106,0.010641496318899999,9,0.9132947976878613,8.787362773658133e-06
YuJ_2015,4430,UniRef90_A0A076ITC1,1106,0.010596066405,9,0.9132947976878613,8.749848393889348e-06
YuJ_2015,4431,UniRef90_A0A076J7X9,1106,0.010457132055,9,0.9132947976878613,8.635121432700248e-06
YuJ_2015,4432,UniRef90_A0A0M1W7H8,1106,0.010443896235999998,9,0.9132947976878613,8.624191772089181e-06
YuJ_2015,4433,UniRef90_A0A076IPM6,1106,0.0103457811757,9,0.9132947976878613,8.543171903963667e-06
YuJ_2015,4434,UniRef90_A0A0P0M3T5,1106,0.0102541961486999,9,0.9132947976878613,8.467544301155987e-06
YuJ_2015,4435,UniRef90_C4ZAW6,1106,0.0102430210429,9,0.9132947976878613,8.458316302972749e-06
YuJ_2015,4436,UniRef90_A0A0P0M2A2,1106,0.010204140863,9,0.9132947976878613,8.4262104566474e-06
YuJ_2015,4437,UniRef90_A0A0F0CGB5,1106,0.0100117524827,9,0.9132947976878613,8.267343090586293e-06
YuJ_2015,4438,UniRef90_I9FYB2,1106,0.0098654855263,9,0.9132947976878613,8.146561128241123e-06
YuJ_2015,4439,UniRef90_A6L3I9,1106,0.0098137136004,9,0.9132947976878613,8.103809744343518e-06
YuJ_2015,4440,UniRef90_A0A0M1W9X4,1106,0.009756727324999999,9,0.9132947976878613,8.05675253922378e-06
YuJ_2015,4441,UniRef90_A0A076IQL9,1106,0.009562570925,9,0.9132947976878613,7.896425206440958e-06
YuJ_2015,4442,UniRef90_A0A0K2HP71,1106,0.009484683098999901,9,0.9132947976878613,7.83210825681247e-06
YuJ_2015,4443,UniRef90_A0A173T4W8,1106,0.009419853907,9,0.9132947976878613,7.778574654830718e-06
YuJ_2015,4444,UniRef90_A6L677,1106,0.0093700122314,9,0.9132947976878613,7.73741720181668e-06
YuJ_2015,4445,UniRef90_A0A076IWW7,1106,0.009091364527,9,0.9132947976878613,7.5073200057803475e-06
YuJ_2015,4446,UniRef90_A0A077ZNL9,1106,0.008998111573,9,0.9132947976878613,7.430315089182493e-06
YuJ_2015,4447,UniRef90_C6Z108,1106,0.0089502495195,9,0.9132947976878613,7.3907923364987616e-06
YuJ_2015,4448,UniRef90_A0A0N7J7F4,1106,0.0088996956879,9,0.9132947976878613,7.349046810817506e-06
YuJ_2015,4449,UniRef90_R6DPK5,1106,0.008626868602499999,9,0.9132947976878613,7.123756071428571e-06
YuJ_2015,4450,UniRef90_R7JTL9,1106,0.0082268696357,9,0.9132947976878613,6.7934513919900915e-06
YuJ_2015,4451,UniRef90_I9F208,1106,0.0081766363122,9,0.9132947976878613,6.751970530305532e-06
YuJ_2015,4452,UniRef90_A0A174DSX8,1106,0.0078060954459,9,0.9132947976878613,6.445991284805946e-06
YuJ_2015,4453,UniRef90_A0A329UXL4,1106,0.007404224105,9,0.9132947976878613,6.114140466556565e-06
YuJ_2015,4454,UniRef90_U2QN46,1106,0.007031887671,9,0.9132947976878613,5.806678506193229e-06
YuJ_2015,4455,UniRef90_Q8A0F4,1106,0.006833514967299999,9,0.9132947976878613,5.642869502312138e-06
YuJ_2015,4456,UniRef90_R7KMM3,1106,0.0066730400733999995,9,0.9132947976878613,5.510355139058629e-06
YuJ_2015,4457,UniRef90_A0A285PST4,1106,0.0064710757563,9,0.9132947976878613,5.34358031073493e-06
YuJ_2015,4458,UniRef90_R5U3I7,1106,0.0063836866592999995,9,0.9132947976878613,5.271417555161024e-06
YuJ_2015,4459,UniRef90_A0A3D2LTE3,1106,0.0062541306863000004,9,0.9132947976878613,5.16443491849711e-06
YuJ_2015,4460,UniRef90_A0A396ECJ0,1106,0.0060396614194,9,0.9132947976878613,4.9873339549132944e-06
YuJ_2015,4461,UniRef90_A0A174FTL1,1106,0.0059811879059,9,0.9132947976878613,4.9390486423616845e-06
YuJ_2015,4462,UniRef90_A0A3E5HFG8,1106,0.005765030482399999,9,0.9132947976878613,4.760553660115606e-06
YuJ_2015,4463,UniRef90_A0A173Z050,1106,0.005567862767,9,0.9132947976878613,4.597739691990091e-06
YuJ_2015,4464,UniRef90_A0A396E9M3,1106,0.0053585572767999995,9,0.9132947976878613,4.424902788439306e-06
YuJ_2015,4465,UniRef90_C9KVU8,1106,0.0052585404584,9,0.9132947976878613,4.342312517258464e-06
YuJ_2015,4466,UniRef90_D6CYU4,1106,0.0051931830847,9,0.9132947976878613,4.288342761932287e-06
YuJ_2015,4467,UniRef90_A0A149NB16,1106,0.0046814970216,9,0.9132947976878613,3.865810917919076e-06
YuJ_2015,4468,UniRef90_A0A1C7I750,1106,0.0010777514542600001,9,0.9132947976878613,8.89968170322048e-07
YuJ_2015,4469,UniRef90_A0A1Q6TZC0,1106,0.0007818002811000001,9,0.9132947976878613,6.455823956234517e-07
YuJ_2015,4470,UniRef90_A0A174SGS4,1105,0.051881343695000005,9,0.9124690338563171,4.2841737155243604e-05
YuJ_2015,4471,UniRef90_D4K2L3,1105,0.0349546915438,9,0.9124690338563171,2.886432001965318e-05
YuJ_2015,4472,UniRef90_A0A078R7E6,1105,0.029700647232400002,9,0.9124690338563171,2.4525720257968623e-05
YuJ_2015,4473,UniRef90_A0A076J0M1,1105,0.021900396421,9,0.9124690338563171,1.808455526094137e-05
YuJ_2015,4474,UniRef90_R9HLX9,1105,0.0200935346575,9,0.9124690338563171,1.659251416804294e-05
YuJ_2015,4475,UniRef90_B5CXN6,1105,0.018877795216199998,9,0.9124690338563171,1.558860050883567e-05
YuJ_2015,4476,UniRef90_A0A395UP43,1105,0.018149758744999998,9,0.9124690338563171,1.4987414322873657e-05
YuJ_2015,4477,UniRef90_A0A076ILA9,1105,0.017861659394,9,0.9124690338563171,1.4749512298926509e-05
YuJ_2015,4478,UniRef90_A0A076J496,1105,0.017230341645,9,0.9124690338563171,1.4228192935590422e-05
YuJ_2015,4479,UniRef90_A0A0P0M2T8,1105,0.016923849243,9,0.9124690338563171,1.3975102595375723e-05
YuJ_2015,4480,UniRef90_A0A076IVI1,1105,0.016059290190499998,9,0.9124690338563171,1.3261180999587116e-05
YuJ_2015,4481,UniRef90_A0A174BTQ6,1105,0.0160276869766,9,0.9124690338563171,1.3235084208587946e-05
YuJ_2015,4482,UniRef90_A0A2A7AHV1,1105,0.015519701083,9,0.9124690338563171,1.2815607830718414e-05
YuJ_2015,4483,UniRef90_A6L4T6,1105,0.0155065059049999,9,0.9124690338563171,1.2804711729975145e-05
YuJ_2015,4484,UniRef90_A0A396FM87,1105,0.0151864777391,9,0.9124690338563171,1.2540444045499587e-05
YuJ_2015,4485,UniRef90_R7NYX4,1105,0.015158100171,9,0.9124690338563171,1.2517010876135425e-05
YuJ_2015,4486,UniRef90_A0A0K2HEM0,1105,0.014750933718,9,0.9124690338563171,1.2180787545829893e-05
YuJ_2015,4487,UniRef90_A0A076IQK4,1105,0.014652799614999998,9,0.9124690338563171,1.2099751952931461e-05
YuJ_2015,4488,UniRef90_A0A076J1I8,1105,0.014464206898,9,0.9124690338563171,1.1944018908340215e-05
YuJ_2015,4489,UniRef90_A0A076J290,1105,0.014461128954,9,0.9124690338563171,1.1941477253509497e-05
YuJ_2015,4490,UniRef90_A0A396B769,1105,0.014391176935,9,0.9124690338563171,1.1883713406275804e-05
YuJ_2015,4491,UniRef90_F3PS25,1105,0.014326317905799999,9,0.9124690338563171,1.1830155165813377e-05
YuJ_2015,4492,UniRef90_F3PWP5,1105,0.0141550299448,9,0.9124690338563171,1.1688711762840627e-05
YuJ_2015,4493,UniRef90_A0A0P0M4I6,1105,0.014117695074,9,0.9124690338563171,1.1657881976878613e-05
YuJ_2015,4494,UniRef90_A0A174BAQ9,1105,0.014083655802,9,0.9124690338563171,1.1629773577208917e-05
YuJ_2015,4495,UniRef90_A0A397WA18,1105,0.013813487913000001,9,0.9124690338563171,1.1406678706028077e-05
YuJ_2015,4496,UniRef90_A6L4J6,1105,0.0138084590937999,9,0.9124690338563171,1.1402526089017258e-05
YuJ_2015,4497,UniRef90_E2ZFU5,1105,0.0136423120174,9,0.9124690338563171,1.1265327842609413e-05
YuJ_2015,4498,UniRef90_A0A076IQK0,1105,0.013605797473,9,0.9124690338563171,1.1235175452518579e-05
YuJ_2015,4499,UniRef90_A0A0S2W2S1,1105,0.0135779241608,9,0.9124690338563171,1.121215867943848e-05
YuJ_2015,4500,UniRef90_C3R6U6,1105,0.013359743067,9,0.9124690338563171,1.1031992623451693e-05
YuJ_2015,4501,UniRef90_E6STV5,1105,0.0131552726547,9,0.9124690338563171,1.0863148352353426e-05
YuJ_2015,4502,UniRef90_A0A380ZS86,1105,0.013134523432,9,0.9124690338563171,1.0846014394715111e-05
YuJ_2015,4503,UniRef90_A6L6Z2,1105,0.01306139189,9,0.9124690338563171,1.0785625012386456e-05
YuJ_2015,4504,UniRef90_A0A076J6H3,1105,0.0130489881797,9,0.9124690338563171,1.0775382477043766e-05
YuJ_2015,4505,UniRef90_A0A0K2HND2,1105,0.0130444335642,9,0.9124690338563171,1.0771621440297275e-05
YuJ_2015,4506,UniRef90_A0A174J8G7,1105,0.013021634942999901,9,0.9124690338563171,1.0752795163501156e-05
YuJ_2015,4507,UniRef90_A0A0M1W857,1105,0.012943067782,9,0.9124690338563171,1.0687917243600331e-05
YuJ_2015,4508,UniRef90_A0A076J021,1105,0.012917480881,9,0.9124690338563171,1.066678850619323e-05
YuJ_2015,4509,UniRef90_A0A076J170,1105,0.0128785697038,9,0.9124690338563171,1.0634657063418662e-05
YuJ_2015,4510,UniRef90_C0B7D5,1105,0.0127782040961999,9,0.9124690338563171,1.0551778774731544e-05
YuJ_2015,4511,UniRef90_A0A1Y3ZLJ5,1105,0.012732166381999999,9,0.9124690338563171,1.0513762495458297e-05
YuJ_2015,4512,UniRef90_A6KX13,1105,0.0127300204499999,9,0.9124690338563171,1.0511990462427663e-05
YuJ_2015,4513,UniRef90_R6LCQ1,1105,0.012687205116,9,0.9124690338563171,1.0476635108175062e-05
YuJ_2015,4514,UniRef90_A0A076J5K2,1105,0.012675477937,9,0.9124690338563171,1.0466951227910817e-05
YuJ_2015,4515,UniRef90_A0A076J478,1105,0.012652306955,9,0.9124690338563171,1.0447817469033856e-05
YuJ_2015,4516,UniRef90_A0A076IRX3,1105,0.012645809324,9,0.9124690338563171,1.0442451960363336e-05
YuJ_2015,4517,UniRef90_A0A3E4Q8G1,1105,0.012572924134000001,9,0.9124690338563171,1.0382266006606112e-05
YuJ_2015,4518,UniRef90_A0A076IKH5,1105,0.0125556084509999,9,0.9124690338563171,1.0367967341866144e-05
YuJ_2015,4519,UniRef90_A0A076IST7,1105,0.012495016049,9,0.9124690338563171,1.0317932327828242e-05
YuJ_2015,4520,UniRef90_A0A174MZJ7,1105,0.012480938445,9,0.9124690338563171,1.030630755161024e-05
YuJ_2015,4521,UniRef90_E5VB30,1105,0.0124137384771,9,0.9124690338563171,1.025081624863749e-05
YuJ_2015,4522,UniRef90_A0A076ITU9,1105,0.012330737667,9,0.9124690338563171,1.0182277181668043e-05
YuJ_2015,4523,UniRef90_A0A3E4T1A0,1105,0.012310774108,9,0.9124690338563171,1.0165791996696944e-05
YuJ_2015,4524,UniRef90_A0A174Q2Y9,1105,0.0123034787828,9,0.9124690338563171,1.0159767781007432e-05
YuJ_2015,4525,UniRef90_A0A139KLM2,1105,0.01220319077,9,0.9124690338563171,1.0076953567299752e-05
YuJ_2015,4526,UniRef90_E6SQD6,1105,0.0121764618555,9,0.9124690338563171,1.0054881796449216e-05
YuJ_2015,4527,UniRef90_A0A076IR24,1105,0.012133731437,9,0.9124690338563171,1.0019596562345169e-05
YuJ_2015,4528,UniRef90_A6KXK6,1105,0.0121125818397,9,0.9124690338563171,1.0002131989843104e-05
YuJ_2015,4529,UniRef90_A0A0M1W1W1,1105,0.012042263182000001,9,0.9124690338563171,9.94406538563171e-06
YuJ_2015,4530,UniRef90_I8ZDF3,1105,0.012005039918,9,0.9124690338563171,9.913327760528489e-06
YuJ_2015,4531,UniRef90_A0A076J475,1105,0.011954290928,9,0.9124690338563171,9.871421080099092e-06
YuJ_2015,4532,UniRef90_A6L162,1105,0.011893434821999999,9,0.9124690338563171,9.821168308835672e-06
YuJ_2015,4533,UniRef90_A0A076IX93,1105,0.011812151468,9,0.9124690338563171,9.75404745499587e-06
YuJ_2015,4534,UniRef90_A0A0P0M403,1105,0.011797411570100001,9,0.9124690338563171,9.741875780429399e-06
YuJ_2015,4535,UniRef90_A0A3E4GE68,1105,0.01178541914,9,0.9124690338563171,9.731972865400495e-06
YuJ_2015,4536,UniRef90_D1K4U8,1105,0.011730736559,9,0.9124690338563171,9.68681796779521e-06
YuJ_2015,4537,UniRef90_A0A0K2HKG3,1105,0.0115487299048,9,0.9124690338563171,9.536523455656482e-06
YuJ_2015,4538,UniRef90_A0A0M1W813,1105,0.011548396851,9,0.9124690338563171,9.536248431874485e-06
YuJ_2015,4539,UniRef90_A0A076J0V1,1105,0.011532715365,9,0.9124690338563171,9.523299227910818e-06
YuJ_2015,4540,UniRef90_A0A374Q300,1105,0.0115002187316,9,0.9124690338563171,9.496464683402148e-06
YuJ_2015,4541,UniRef90_A0A3E4JQ51,1105,0.011486299675,9,0.9124690338563171,9.48497082989265e-06
YuJ_2015,4542,UniRef90_A0A174S739,1105,0.0114360500181,9,0.9124690338563171,9.443476480677126e-06
YuJ_2015,4543,UniRef90_D4VD09,1105,0.011434796075,9,0.9124690338563171,9.442441019818331e-06
YuJ_2015,4544,UniRef90_A0A1H7IC77,1105,0.011416541791,9,0.9124690338563171,9.427367292320396e-06
YuJ_2015,4545,UniRef90_A0A0K2HN34,1105,0.0113678088487,9,0.9124690338563171,9.387125391164327e-06
YuJ_2015,4546,UniRef90_A0A174K035,1105,0.0112477418468,9,0.9124690338563171,9.28797840363336e-06
YuJ_2015,4547,UniRef90_D1K9Z0,1105,0.0112417029045,9,0.9124690338563171,9.28299166350124e-06
YuJ_2015,4548,UniRef90_D1JYT5,1105,0.011239679553299999,9,0.9124690338563171,9.281320853261765e-06
YuJ_2015,4549,UniRef90_A0A076IUM6,1105,0.0111684071786,9,0.9124690338563171,9.222466704046243e-06
YuJ_2015,4550,UniRef90_A0A374P4M0,1105,0.011161601283,9,0.9124690338563171,9.216846641618498e-06
YuJ_2015,4551,UniRef90_I8VUX9,1105,0.011015738092,9,0.9124690338563171,9.096398094137078e-06
YuJ_2015,4552,UniRef90_A0A173X1R1,1105,0.010876492104,9,0.9124690338563171,8.981413793559041e-06
YuJ_2015,4553,UniRef90_D1JXH0,1105,0.010848181879,9,0.9124690338563171,8.958036233691164e-06
YuJ_2015,4554,UniRef90_A0A396FDY8,1105,0.010826745213,9,0.9124690338563171,8.940334610239472e-06
YuJ_2015,4555,UniRef90_A0A174ANF9,1105,0.010803673724,9,0.9124690338563171,8.921283009083402e-06
YuJ_2015,4556,UniRef90_A0A0P0M5D9,1105,0.0108014840293,9,0.9124690338563171,8.919474838398018e-06
YuJ_2015,4557,UniRef90_A0A0P0L7H2,1105,0.0107584791345,9,0.9124690338563171,8.883962951692815e-06
YuJ_2015,4558,UniRef90_R9HEY4,1105,0.010649069171,9,0.9124690338563171,8.793616161023947e-06
YuJ_2015,4559,UniRef90_B6VUA6,1105,0.010630093421,9,0.9124690338563171,8.777946672997523e-06
YuJ_2015,4560,UniRef90_A6L4Y5,1105,0.010523861010999901,9,0.9124690338563171,8.690223791081669e-06
YuJ_2015,4561,UniRef90_A6L4M5,1105,0.0103572208353,9,0.9124690338563171,8.552618361106523e-06
YuJ_2015,4562,UniRef90_I8WVC1,1105,0.010272987978399999,9,0.9124690338563171,8.483061914450866e-06
YuJ_2015,4563,UniRef90_A0A076J4N6,1105,0.0102043371431,9,0.9124690338563171,8.42637253765483e-06
YuJ_2015,4564,UniRef90_R7E322,1105,0.0101476763671,9,0.9124690338563171,8.379584118166803e-06
YuJ_2015,4565,UniRef90_A0A0K2HLT7,1105,0.010100235868,9,0.9124690338563171,8.34040946985962e-06
YuJ_2015,4566,UniRef90_B6VS41,1105,0.010080569300299899,9,0.9124690338563171,8.324169529562262e-06
YuJ_2015,4567,UniRef90_A6L4J4,1105,0.010058840881,9,0.9124690338563171,8.30622698678778e-06
YuJ_2015,4568,UniRef90_A0A0K2HM55,1105,0.010047227298600001,9,0.9124690338563171,8.296636910487202e-06
YuJ_2015,4569,UniRef90_A0A0D8IXC8,1105,0.0099422725973,9,0.9124690338563171,8.209969114203138e-06
YuJ_2015,4570,UniRef90_D1JNY9,1105,0.0099066272944,9,0.9124690338563171,8.180534512303882e-06
YuJ_2015,4571,UniRef90_A0A0P0GYG0,1105,0.0097423564383,9,0.9124690338563171,8.044885580759703e-06
YuJ_2015,4572,UniRef90_A0A174M2H9,1105,0.0096555716643,9,0.9124690338563171,7.973221853261768e-06
YuJ_2015,4573,UniRef90_A0A174IY16,1105,0.009601176235,9,0.9124690338563171,7.928304075144509e-06
YuJ_2015,4574,UniRef90_A0A396B8Y3,1105,0.0095807149589,9,0.9124690338563171,7.911407893393889e-06
YuJ_2015,4575,UniRef90_A0A076JAR5,1105,0.009571141798200001,9,0.9124690338563171,7.90350272353427e-06
YuJ_2015,4576,UniRef90_A0A285PRD6,1105,0.0091490685528,9,0.9124690338563171,7.554969903220479e-06
YuJ_2015,4577,UniRef90_R7DCX1,1105,0.0088951021937999,9,0.9124690338563171,7.345253669529232e-06
YuJ_2015,4578,UniRef90_C7H2S5,1105,0.0088792936146,9,0.9124690338563171,7.332199516597852e-06
YuJ_2015,4579,UniRef90_A0A078R1I0,1105,0.0088500347988,9,0.9124690338563171,7.3080386447564e-06
YuJ_2015,4580,UniRef90_A8RVT1,1105,0.0084752155529,9,0.9124690338563171,6.998526468125516e-06
YuJ_2015,4581,UniRef90_A0A1H7Q5C6,1105,0.008402757485,9,0.9124690338563171,6.9386932163501246e-06
YuJ_2015,4582,UniRef90_R6JIU4,1105,0.0080954520909,9,0.9124690338563171,6.684931536663915e-06
YuJ_2015,4583,UniRef90_R6J3J6,1105,0.0078744312038,9,0.9124690338563171,6.502420482080926e-06
YuJ_2015,4584,UniRef90_B0NMZ8,1105,0.007815077520599999,9,0.9124690338563171,6.453408357225432e-06
YuJ_2015,4585,UniRef90_R7P4C3,1105,0.0071797594987999995,9,0.9124690338563171,5.928785713294797e-06
YuJ_2015,4586,UniRef90_R6K4B6,1105,0.0058784134714,9,0.9124690338563171,4.854181231544178e-06
YuJ_2015,4587,UniRef90_A0A174XWZ8,1105,0.0057869995929,9,0.9124690338563171,4.778694956977704e-06
YuJ_2015,4588,UniRef90_Q8A6A7,1105,0.0056892896905,9,0.9124690338563171,4.6980096535920726e-06
YuJ_2015,4589,UniRef90_R6JAK6,1105,0.0056200543155999995,9,0.9124690338563171,4.64083758513625e-06
YuJ_2015,4590,UniRef90_A0A0P0FLX7,1105,0.00536474768,9,0.9124690338563171,4.430014599504542e-06
YuJ_2015,4591,UniRef90_D4WCV0,1105,0.0052583427673,9,0.9124690338563171,4.342149271098266e-06
YuJ_2015,4592,UniRef90_A0A1G8KJS7,1105,0.0051843007294,9,0.9124690338563171,4.281008034186623e-06
YuJ_2015,4593,UniRef90_Q8A765,1105,0.0051261895884,9,0.9124690338563171,4.233021955739059e-06
YuJ_2015,4594,UniRef90_A0A1Q6HKH0,1105,0.005072170782,9,0.9124690338563171,4.1884151791907515e-06
YuJ_2015,4595,UniRef90_Q8A9A2,1105,0.005058898887,9,0.9124690338563171,4.1774557283237e-06
YuJ_2015,4596,UniRef90_UPI0009BF7F86,1105,0.0050121576974800006,9,0.9124690338563171,4.138858544574732e-06
YuJ_2015,4597,UniRef90_Q89ZR8,1105,0.0049851384925,9,0.9124690338563171,4.1165470623451695e-06
YuJ_2015,4598,UniRef90_A0A174UG46,1105,0.0049204908545,9,0.9124690338563171,4.063163381090008e-06
YuJ_2015,4599,UniRef90_D4KXF6,1105,0.00489598745628,9,0.9124690338563171,4.042929361090008e-06
YuJ_2015,4600,UniRef90_R6JPB2,1105,0.0048606113398000006,9,0.9124690338563171,4.013717043600331e-06
YuJ_2015,4601,UniRef90_Q8A9S9,1105,0.0048445988249,9,0.9124690338563171,4.000494487943848e-06
YuJ_2015,4602,UniRef90_R6RQF5,1105,0.0048040853114,9,0.9124690338563171,3.967039893806771e-06
YuJ_2015,4603,UniRef90_R6W1P0,1105,0.004760419988,9,0.9124690338563171,3.9309826490503716e-06
YuJ_2015,4604,UniRef90_A0A174U8D5,1105,0.004703428943499999,9,0.9124690338563171,3.883921505780347e-06
YuJ_2015,4605,UniRef90_D4WDP4,1105,0.004679955841499999,9,0.9124690338563171,3.864538267134599e-06
YuJ_2015,4606,UniRef90_A0A1C7GZ20,1105,0.0046166107860000005,9,0.9124690338563171,3.812230211395541e-06
YuJ_2015,4607,UniRef90_D7GUS1,1105,0.0045099894897,9,0.9124690338563171,3.7241862012386457e-06
YuJ_2015,4608,UniRef90_R6JLB4,1105,0.004391831209,9,0.9124690338563171,3.626615366639141e-06
YuJ_2015,4609,UniRef90_A0A396NCJ8,1105,0.0031869979172,9,0.9124690338563171,2.6317076112303882e-06
YuJ_2015,4610,UniRef90_C4VMD4,1105,0.0029286244696,9,0.9124690338563171,2.418352163170933e-06
YuJ_2015,4611,UniRef90_A0A2U1BIK2,1105,0.002769330373,9,0.9124690338563171,2.286812859620149e-06
YuJ_2015,4612,UniRef90_A0A1Q2C6A6,1105,0.00244204785467,9,0.9124690338563171,2.01655479328654e-06
YuJ_2015,4613,UniRef90_A0A3C0LRA3,1105,0.0007046673635,9,0.9124690338563171,5.818888220478943e-07
YuJ_2015,4614,UniRef90_R7N250,1105,0.0003382343075,9,0.9124690338563171,2.7930165772089184e-07
YuJ_2015,4615,UniRef90_A0A396EWA6,1104,0.3847151170059,9,0.911643270024773,0.00031768382907175886
YuJ_2015,4616,UniRef90_A7ALV6,1104,0.0432961061589,9,0.911643270024773,3.575235851271676e-05
YuJ_2015,4617,UniRef90_B6VYA5,1104,0.024658283018,9,0.911643270024773,2.0361918264244425e-05
YuJ_2015,4618,UniRef90_C7H8P3,1104,0.0245518274054,9,0.911643270024773,2.0274011069694467e-05
YuJ_2015,4619,UniRef90_A0A174FPR0,1104,0.019022332894,9,0.911643270024773,1.57079544954583e-05
YuJ_2015,4620,UniRef90_A0A139K2N8,1104,0.017869917162899998,9,0.911643270024773,1.4756331265813375e-05
YuJ_2015,4621,UniRef90_A0A397WEZ6,1104,0.0176966101136,9,0.911643270024773,1.4613220572749793e-05
YuJ_2015,4622,UniRef90_B0PDE7,1104,0.0176852737834999,9,0.911643270024773,1.4603859441370687e-05
YuJ_2015,4623,UniRef90_A0A076JAY8,1104,0.017034860053,9,0.911643270024773,1.4066771307184145e-05
YuJ_2015,4624,UniRef90_D4K9G2,1104,0.016051787148600002,9,0.911643270024773,1.3254985258959539e-05
YuJ_2015,4625,UniRef90_A0A0K2HQZ4,1104,0.015890780524,9,0.911643270024773,1.3122031811725846e-05
YuJ_2015,4626,UniRef90_A0A139LDE6,1104,0.015036372996,9,0.911643270024773,1.2416492977704376e-05
YuJ_2015,4627,UniRef90_I8WJT5,1104,0.014980000746999999,9,0.911643270024773,1.2369942813377374e-05
YuJ_2015,4628,UniRef90_B0NII3,1104,0.0145365028913999,9,0.911643270024773,1.2003718324855408e-05
YuJ_2015,4629,UniRef90_A0A076IQ44,1104,0.014355361169,9,0.911643270024773,1.1854138042113956e-05
YuJ_2015,4630,UniRef90_A0A1Y3Z230,1104,0.014238415886,9,0.911643270024773,1.1757568857142856e-05
YuJ_2015,4631,UniRef90_A0A076IWH6,1104,0.014091055178999999,9,0.911643270024773,1.1635883715111477e-05
YuJ_2015,4632,UniRef90_A0A173UA07,1104,0.014002500324,9,0.911643270024773,1.156275831874484e-05
YuJ_2015,4633,UniRef90_A0A076IXG0,1104,0.0138591083429999,9,0.911643270024773,1.1444350407101487e-05
YuJ_2015,4634,UniRef90_A6L391,1104,0.013827270663,9,0.911643270024773,1.141806000247729e-05
YuJ_2015,4635,UniRef90_B7AN47,1104,0.0138206536058,9,0.911643270024773,1.1412595875970272e-05
YuJ_2015,4636,UniRef90_A0A0P0LQC2,1104,0.013771920788,9,0.911643270024773,1.13723540776218e-05
YuJ_2015,4637,UniRef90_R6LBT6,1104,0.0136056673359,9,0.911643270024773,1.1235067990008258e-05
YuJ_2015,4638,UniRef90_D4JXJ0,1104,0.0134436160745,9,0.911643270024773,1.1101251919488026e-05
YuJ_2015,4639,UniRef90_A6L3D5,1104,0.013331716544,9,0.911643270024773,1.1008849334434352e-05
YuJ_2015,4640,UniRef90_A6L3G7,1104,0.0132975870117,9,0.911643270024773,1.0980666401073492e-05
YuJ_2015,4641,UniRef90_A0A076ISH9,1104,0.013266927833,9,0.911643270024773,1.0955349160198183e-05
YuJ_2015,4642,UniRef90_U3KUT8,1104,0.013130011278,9,0.911643270024773,1.0842288421139554e-05
YuJ_2015,4643,UniRef90_F3PK62,1104,0.012724075281,9,0.911643270024773,1.0507081156895128e-05
YuJ_2015,4644,UniRef90_A0A076IJH7,1104,0.012654101097,9,0.911643270024773,1.044929900660611e-05
YuJ_2015,4645,UniRef90_A0A076J5P1,1104,0.012611154157,9,0.911643270024773,1.0413834976878612e-05
YuJ_2015,4646,UniRef90_A0A0K2HL32,1104,0.012568535721,9,0.911643270024773,1.0378642213872832e-05
YuJ_2015,4647,UniRef90_A0A076IPF6,1104,0.012557146791,9,0.911643270024773,1.0369237647398844e-05
YuJ_2015,4648,UniRef90_I8WPD5,1104,0.012432362574,9,0.911643270024773,1.0266195354252683e-05
YuJ_2015,4649,UniRef90_A0A076ITM9,1104,0.012362873771500001,9,0.911643270024773,1.0208814014450868e-05
YuJ_2015,4650,UniRef90_A0A174LKA3,1104,0.012355843498,9,0.911643270024773,1.0203008668868704e-05
YuJ_2015,4651,UniRef90_A0A3E4W551,1104,0.0120990593271,9,0.911643270024773,9.990965588026426e-06
YuJ_2015,4652,UniRef90_A0A0K2HJK7,1104,0.01205336604,9,0.911643270024773,9.95323372419488e-06
YuJ_2015,4653,UniRef90_A0A0P0L774,1104,0.011981979241,9,0.911643270024773,9.894285087530965e-06
YuJ_2015,4654,UniRef90_A0A139KHD5,1104,0.011951990859,9,0.911643270024773,9.869521766308836e-06
YuJ_2015,4655,UniRef90_A0A0K2HLJ3,1104,0.0118665593,9,0.911643270024773,9.798975474814202e-06
YuJ_2015,4656,UniRef90_D4V8P6,1104,0.01185932827,9,0.911643270024773,9.793004351775392e-06
YuJ_2015,4657,UniRef90_I9RCV7,1104,0.0118136303083,9,0.911643270024773,9.755268627828241e-06
YuJ_2015,4658,UniRef90_R5LX64,1104,0.0117720898171,9,0.911643270024773,9.720965992650703e-06
YuJ_2015,4659,UniRef90_A0A076IRW6,1104,0.011674847293,9,0.911643270024773,9.64066663336086e-06
YuJ_2015,4660,UniRef90_F3PR83,1104,0.0116716151303,9,0.911643270024773,9.637997630305532e-06
YuJ_2015,4661,UniRef90_E5UTH1,1104,0.011535002259000001,9,0.911643270024773,9.525187662262594e-06
YuJ_2015,4662,UniRef90_A6L683,1104,0.011470270787,9,0.911643270024773,9.471734753922377e-06
YuJ_2015,4663,UniRef90_A0A0P0L737,1104,0.011437375687,9,0.911643270024773,9.44457117010735e-06
YuJ_2015,4664,UniRef90_A0A0K2HNC8,1104,0.011412978083,9,0.911643270024773,9.424424511147812e-06
YuJ_2015,4665,UniRef90_A0A0K2HKF7,1104,0.011348964935,9,0.911643270024773,9.371564768786127e-06
YuJ_2015,4666,UniRef90_A0A0P0M3F9,1104,0.011307645558800001,9,0.911643270024773,9.3374447223782e-06
YuJ_2015,4667,UniRef90_A0A397WGQ8,1104,0.011224371916,9,0.911643270024773,9.268680360033032e-06
YuJ_2015,4668,UniRef90_B0NUR5,1104,0.011217010123,9,0.911643270024773,9.262601257638316e-06
YuJ_2015,4669,UniRef90_I8VXQ4,1104,0.011033380459999999,9,0.911643270024773,9.110966523534268e-06
YuJ_2015,4670,UniRef90_F3PY60,1104,0.0109793540809,9,0.911643270024773,9.066353493724195e-06
YuJ_2015,4671,UniRef90_A0A076IT49,1104,0.010961217424,9,0.911643270024773,9.05137689843105e-06
YuJ_2015,4672,UniRef90_A0A076IS09,1104,0.010950451106,9,0.911643270024773,9.042486462427746e-06
YuJ_2015,4673,UniRef90_A0A139KHM5,1104,0.0109355693347,9,0.911643270024773,9.030197633938893e-06
YuJ_2015,4674,UniRef90_B3CF06,1104,0.010890795408899999,9,0.911643270024773,8.99322494541701e-06
YuJ_2015,4675,UniRef90_A0A076J5H7,1104,0.0108558118124,9,0.911643270024773,8.964336756729975e-06
YuJ_2015,4676,UniRef90_A0A1Y3ZDY4,1104,0.010727072091,9,0.911643270024773,8.858028151114781e-06
YuJ_2015,4677,UniRef90_A0A395UL30,1104,0.0106895129977,9,0.911643270024773,8.827013210322048e-06
YuJ_2015,4678,UniRef90_D4JZK1,1104,0.0106069275612,9,0.911643270024773,8.75881714384806e-06
YuJ_2015,4679,UniRef90_A0A0M1W1W9,1104,0.010505596418,9,0.911643270024773,8.675141550784475e-06
YuJ_2015,4680,UniRef90_B6VZW4,1104,0.010440298032,9,0.911643270024773,8.621220505367466e-06
YuJ_2015,4681,UniRef90_A0A174Q8H0,1104,0.0101742279361,9,0.911643270024773,8.401509443517754e-06
YuJ_2015,4682,UniRef90_A0A397WKX4,1104,0.0101522681404,9,0.911643270024773,8.383375838480595e-06
YuJ_2015,4683,UniRef90_L1Q5C0,1104,0.0100191083682,9,0.911643270024773,8.273417314781173e-06
YuJ_2015,4684,UniRef90_A0A076IQL8,1104,0.009816900367,9,0.911643270024773,8.10644126094137e-06
YuJ_2015,4685,UniRef90_A0A0P0M3Y1,1104,0.009727309647,9,0.911643270024773,8.03246048472337e-06
YuJ_2015,4686,UniRef90_A0A2A6ZYV1,1104,0.0095829780745,9,0.911643270024773,7.913276692402973e-06
YuJ_2015,4687,UniRef90_A0A0K2HL40,1104,0.009564605533999999,9,0.911643270024773,7.898105312964491e-06
YuJ_2015,4688,UniRef90_A0A076ISD5,1104,0.009543029821,9,0.911643270024773,7.880288869529314e-06
YuJ_2015,4689,UniRef90_C3R4T4,1104,0.009496830545,9,0.911643270024773,7.842139178364987e-06
YuJ_2015,4690,UniRef90_F3APC4,1104,0.009493519669,9,0.911643270024773,7.83940517671346e-06
YuJ_2015,4691,UniRef90_A0A176UAW6,1104,0.0094709441718,9,0.911643270024773,7.820763147646572e-06
YuJ_2015,4692,UniRef90_D4LPV0,1104,0.0092175563603,9,0.911643270024773,7.611524657555739e-06
YuJ_2015,4693,UniRef90_A0A0K2HN16,1104,0.009139369727499999,9,0.911643270024773,7.546960964079272e-06
YuJ_2015,4694,UniRef90_A0A076J860,1104,0.009019021398,9,0.911643270024773,7.447581666391412e-06
YuJ_2015,4695,UniRef90_A0A076J9D6,1104,0.0089916911078,9,0.911643270024773,7.4250133012386455e-06
YuJ_2015,4696,UniRef90_A0A0P0F2C2,1104,0.0080163329434,9,0.911643270024773,6.619597806275805e-06
YuJ_2015,4697,UniRef90_A0A174TV79,1104,0.0073101401864,9,0.911643270024773,6.036449369446738e-06
YuJ_2015,4698,UniRef90_A0A3E5GQQ9,1104,0.00680824127712,9,0.911643270024773,5.621999403071841e-06
YuJ_2015,4699,UniRef90_A0A3A9BZ67,1104,0.0066142176404,9,0.911643270024773,5.461781701403799e-06
YuJ_2015,4700,UniRef90_A0A174UD38,1104,0.0062102806574,9,0.911643270024773,5.128225150619323e-06
YuJ_2015,4701,UniRef90_C6JGI3,1104,0.0058645362643,9,0.911643270024773,4.842721935838151e-06
YuJ_2015,4702,UniRef90_A0A174CFB9,1104,0.0057751240644000005,9,0.911643270024773,4.7688885750619325e-06
YuJ_2015,4703,UniRef90_D4JSK7,1104,0.005691836053700001,9,0.911643270024773,4.700112348224608e-06
YuJ_2015,4704,UniRef90_A0A174MIC0,1104,0.0053429536095,9,0.911643270024773,4.412017844343518e-06
YuJ_2015,4705,UniRef90_A0A173YN42,1104,0.005278015772,9,0.911643270024773,4.358394526837325e-06
YuJ_2015,4706,UniRef90_R7KGK8,1104,0.0052306174605,9,0.911643270024773,4.3192547155243604e-06
YuJ_2015,4707,UniRef90_D4VQ03,1104,0.0052114508858999,9,0.911643270024773,4.303427651445004e-06
YuJ_2015,4708,UniRef90_A0A396EGB2,1104,0.0051490336971,9,0.911643270024773,4.2518857944673824e-06
YuJ_2015,4709,UniRef90_A0A395ZXG6,1104,0.0049601132979,9,0.911643270024773,4.095882161767135e-06
YuJ_2015,4710,UniRef90_A0A0P0FFB4,1104,0.0049462631699000005,9,0.911643270024773,4.084445227002478e-06
YuJ_2015,4711,UniRef90_C9L249,1104,0.0049260130526,9,0.911643270024773,4.06772341255161e-06
YuJ_2015,4712,UniRef90_A0A0P0FFX2,1104,0.004818833053,9,0.911643270024773,3.9792180454170105e-06
YuJ_2015,4713,UniRef90_A0A0J1GEU9,1104,0.0048113209127,9,0.911643270024773,3.973014791659785e-06
YuJ_2015,4714,UniRef90_Q8AA15,1104,0.0047189526973,9,0.911643270024773,3.896740460198183e-06
YuJ_2015,4715,UniRef90_A0A174TCE2,1104,0.004705263309,9,0.911643270024773,3.885436258464079e-06
YuJ_2015,4716,UniRef90_UPI000944CD3B,1104,0.0034978672093,9,0.911643270024773,2.8884122289843104e-06
YuJ_2015,4717,UniRef90_UPI000570F4B8,1104,0.0029927830325000002,9,0.911643270024773,2.4713319838976055e-06
YuJ_2015,4718,UniRef90_C5EFI0,1104,0.0029153390685000002,9,0.911643270024773,2.407381559454996e-06
YuJ_2015,4719,UniRef90_A0A2A6Z9N4,1104,0.0022248218615999998,9,0.911643270024773,1.8371774249380676e-06
YuJ_2015,4720,UniRef90_A0A0F0C824,1104,0.0021370759873,9,0.911643270024773,1.764720055573906e-06
YuJ_2015,4721,UniRef90_B0NE80,1104,0.0017582140704,9,0.911643270024773,1.4518695874483897e-06
YuJ_2015,4722,UniRef90_A0A3E2UB56,1103,0.050587540285999995,9,0.9108175061932288,4.177336109496284e-05
YuJ_2015,4723,UniRef90_UPI0009B6CAA6,1103,0.038332507316,9,0.9108175061932288,3.165359811395541e-05
YuJ_2015,4724,UniRef90_A0A0P0M2A9,1103,0.0308842505931,9,0.9108175061932288,2.550309710412882e-05
YuJ_2015,4725,UniRef90_E0X5I3,1103,0.027001650666900003,9,0.9108175061932288,2.2296986512716766e-05
YuJ_2015,4726,UniRef90_A0A078QMM9,1103,0.024439381292,9,0.9108175061932288,2.018115713625103e-05
YuJ_2015,4727,UniRef90_A0A076J1Q2,1103,0.023908177034,9,0.9108175061932288,1.974250787283237e-05
YuJ_2015,4728,UniRef90_A0A076IW80,1103,0.023167554586999997,9,0.9108175061932288,1.9130928643270024e-05
YuJ_2015,4729,UniRef90_A0A0K2HIQ6,1103,0.019416972604,9,0.9108175061932288,1.603383369446738e-05
YuJ_2015,4730,UniRef90_A0A076IYZ0,1103,0.017974197158799998,9,0.9108175061932288,1.484244191478117e-05
YuJ_2015,4731,UniRef90_A0A0P0LJQ9,1103,0.017772654217,9,0.9108175061932288,1.467601504293972e-05
YuJ_2015,4732,UniRef90_A0A174HVY2,1103,0.016840124459100003,9,0.9108175061932288,1.3905965697027252e-05
YuJ_2015,4733,UniRef90_A0A076IQQ4,1103,0.016557799857,9,0.9108175061932288,1.3672832251857969e-05
YuJ_2015,4734,UniRef90_E2ZLB8,1103,0.0162241494363,9,0.9108175061932288,1.339731580206441e-05
YuJ_2015,4735,UniRef90_A0A076IRG9,1103,0.016161530737999998,9,0.9108175061932288,1.3345607545829892e-05
YuJ_2015,4736,UniRef90_A6NXU4,1103,0.0160812860092,9,0.9108175061932288,1.327934435111478e-05
YuJ_2015,4737,UniRef90_A0A127SM24,1103,0.0156481024355,9,0.9108175061932288,1.292163702353427e-05
YuJ_2015,4738,UniRef90_D4LFP9,1103,0.0154673556842999,9,0.9108175061932288,1.2772382893724113e-05
YuJ_2015,4739,UniRef90_D4VCL4,1103,0.015386265038999902,9,0.9108175061932288,1.2705421171758796e-05
YuJ_2015,4740,UniRef90_I8ZQ06,1103,0.0153611155927,9,0.9108175061932288,1.2684653668620975e-05
YuJ_2015,4741,UniRef90_A0A076J0X2,1103,0.0150879374948,9,0.9108175061932288,1.245907307580512e-05
YuJ_2015,4742,UniRef90_A6KWD5,1103,0.014976972540000001,9,0.9108175061932288,1.2367442229562345e-05
YuJ_2015,4743,UniRef90_I8WIS4,1103,0.014965693492999999,9,0.9108175061932288,1.2358128400495458e-05
YuJ_2015,4744,UniRef90_A0A076J7K4,1103,0.0146327420879999,9,0.9108175061932288,1.2083189172584558e-05
YuJ_2015,4745,UniRef90_A0A076IPA4,1103,0.014510539242799998,9,0.9108175061932288,1.1982278482906687e-05
YuJ_2015,4746,UniRef90_A0A3E2TD88,1103,0.0143803424527,9,0.9108175061932288,1.1874766682658959e-05
YuJ_2015,4747,UniRef90_A0A1Y4P8U0,1103,0.014101403687,9,0.9108175061932288,1.1644429138728324e-05
YuJ_2015,4748,UniRef90_I9FBR0,1103,0.0137727724599999,9,0.9108175061932288,1.1373057357555657e-05
YuJ_2015,4749,UniRef90_A0A0P0M351,1103,0.013684779415,9,0.9108175061932288,1.13003958835673e-05
YuJ_2015,4750,UniRef90_A0A139KGR8,1103,0.0136726044409,9,0.9108175061932288,1.1290342230305533e-05
YuJ_2015,4751,UniRef90_A0A0P0GT23,1103,0.0136402183475,9,0.9108175061932288,1.1263598965730801e-05
YuJ_2015,4752,UniRef90_A0A076J8S0,1103,0.013635267396,9,0.9108175061932288,1.1259510649050372e-05
YuJ_2015,4753,UniRef90_A0A076IL49,1103,0.013604998961,9,0.9108175061932288,1.1234516070189927e-05
YuJ_2015,4754,UniRef90_A6L4J3,1103,0.013447994846,9,0.9108175061932288,1.1104867750619323e-05
YuJ_2015,4755,UniRef90_A0A076IR50,1103,0.0133061229442,9,0.9108175061932288,1.0987715065400496e-05
YuJ_2015,4756,UniRef90_A0A076J4M9,1103,0.013268620239299998,9,0.9108175061932288,1.0956746688109e-05
YuJ_2015,4757,UniRef90_D4VDN7,1103,0.013015975954699999,9,0.9108175061932288,1.0748122175639966e-05
YuJ_2015,4758,UniRef90_A6L5J5,1103,0.0129580369967,9,0.9108175061932288,1.070027827968621e-05
YuJ_2015,4759,UniRef90_K9EMB0,1103,0.0126023643399,9,0.9108175061932288,1.0406576663831544e-05
YuJ_2015,4760,UniRef90_A0A076IWV6,1103,0.012595056543,9,0.9108175061932288,1.0400542149463253e-05
YuJ_2015,4761,UniRef90_A0A3E4G8J9,1103,0.0125505252233,9,0.9108175061932288,1.0363769796284063e-05
YuJ_2015,4762,UniRef90_A0A076ISU9,1103,0.012468395505,9,0.9108175061932288,1.0295950045417011e-05
YuJ_2015,4763,UniRef90_R6QCY6,1103,0.0124381429597,9,0.9108175061932288,1.0270968587696119e-05
YuJ_2015,4764,UniRef90_A0A076IVE7,1103,0.0123859256369,9,0.9108175061932288,1.0227849411147812e-05
YuJ_2015,4765,UniRef90_A0A076IKV4,1103,0.012336412442,9,0.9108175061932288,1.0186963205615194e-05
YuJ_2015,4766,UniRef90_A0A139KF24,1103,0.0122952161022,9,0.9108175061932288,1.015294475821635e-05
YuJ_2015,4767,UniRef90_A0A0P0M4Y3,1103,0.012124804324,9,0.9108175061932288,1.0012224875309661e-05
YuJ_2015,4768,UniRef90_A0A076ITK2,1103,0.012053320569,9,0.9108175061932288,9.953196175887695e-06
YuJ_2015,4769,UniRef90_A0A3E5EV35,1103,0.0119982490529,9,0.9108175061932288,9.907720109744013e-06
YuJ_2015,4770,UniRef90_A0A076J405,1103,0.011928766724199999,9,0.9108175061932288,9.850344115772089e-06
YuJ_2015,4771,UniRef90_A0A076JBG3,1103,0.011846442938,9,0.9108175061932288,9.782364110652354e-06
YuJ_2015,4772,UniRef90_A0A076J245,1103,0.011771017278000001,9,0.9108175061932288,9.720080328654007e-06
YuJ_2015,4773,UniRef90_A0A076J5C7,1103,0.011770609781999999,9,0.9108175061932288,9.719743833195706e-06
YuJ_2015,4774,UniRef90_A0A139K8M3,1103,0.011673892114800001,9,0.9108175061932288,9.63987788175062e-06
YuJ_2015,4775,UniRef90_A0A3E4W5Y8,1103,0.011653542981999901,9,0.9108175061932288,9.623074303881008e-06
YuJ_2015,4776,UniRef90_A0A0K2HLI9,1103,0.0114863903965,9,0.9108175061932288,9.485045744426095e-06
YuJ_2015,4777,UniRef90_A0A395UMF8,1103,0.011468640218,9,0.9108175061932288,9.47038828901734e-06
YuJ_2015,4778,UniRef90_C7H2R3,1103,0.0114096793644,9,0.9108175061932288,9.42170054863749e-06
YuJ_2015,4779,UniRef90_D4KAN2,1103,0.0113906084348,9,0.9108175061932288,9.405952464739885e-06
YuJ_2015,4780,UniRef90_A0A0M1W2F8,1103,0.0113825361064999,9,0.9108175061932288,9.39928662799331e-06
YuJ_2015,4781,UniRef90_A0A1Q6JR32,1103,0.011346368936,9,0.9108175061932288,9.369421086705202e-06
YuJ_2015,4782,UniRef90_A0A076J1L5,1103,0.011264433883,9,0.9108175061932288,9.301762083402148e-06
YuJ_2015,4783,UniRef90_F3PQG5,1103,0.0112124314214,9,0.9108175061932288,9.258820331461602e-06
YuJ_2015,4784,UniRef90_D4V9S9,1103,0.0111543639777,9,0.9108175061932288,9.210870336663914e-06
YuJ_2015,4785,UniRef90_A0A0N7J7V8,1103,0.0111412278354,9,0.9108175061932288,9.200022985466556e-06
YuJ_2015,4786,UniRef90_I8WGG1,1103,0.0111372873321,9,0.9108175061932288,9.196769060363335e-06
YuJ_2015,4787,UniRef90_D4V9F3,1103,0.010854252317,9,0.9108175061932288,8.963048981833194e-06
YuJ_2015,4788,UniRef90_D4V4E9,1103,0.0108030579485,9,0.9108175061932288,8.92077452394715e-06
YuJ_2015,4789,UniRef90_A0A076IPZ4,1103,0.010785348644,9,0.9108175061932288,8.906150820809249e-06
YuJ_2015,4790,UniRef90_A0A1D6XS85,1103,0.010749863931,9,0.9108175061932288,8.876848828241122e-06
YuJ_2015,4791,UniRef90_A6L4M3,1103,0.0107028526269999,9,0.9108175061932288,8.838028593724113e-06
YuJ_2015,4792,UniRef90_I8WIR9,1103,0.010622149895,9,0.9108175061932288,8.771387196531793e-06
YuJ_2015,4793,UniRef90_R6L778,1103,0.0106131921795,9,0.9108175061932288,8.76399023905863e-06
YuJ_2015,4794,UniRef90_I9QNI3,1103,0.010583035246099999,9,0.9108175061932288,8.739087734186622e-06
YuJ_2015,4795,UniRef90_A0A076J277,1103,0.0104461143667,9,0.9108175061932288,8.62602342419488e-06
YuJ_2015,4796,UniRef90_A0A3E4JG31,1103,0.010315639731,9,0.9108175061932288,8.518282189099918e-06
YuJ_2015,4797,UniRef90_C3RAZ4,1103,0.010202404522,9,0.9108175061932288,8.424776649050372e-06
YuJ_2015,4798,UniRef90_A0A0N7J7J5,1103,0.0101968794021,9,0.9108175061932288,8.420214204872006e-06
YuJ_2015,4799,UniRef90_A0A0M1VYZ4,1103,0.0101198261793,9,0.9108175061932288,8.356586440379852e-06
YuJ_2015,4800,UniRef90_G2T389,1103,0.0100922506759,9,0.9108175061932288,8.333815587035507e-06
YuJ_2015,4801,UniRef90_A0A395ZY76,1103,0.0097891697835,9,0.9108175061932288,8.083542348059455e-06
YuJ_2015,4802,UniRef90_A0A0P0M486,1103,0.0097471722217,9,0.9108175061932288,8.048862280511973e-06
YuJ_2015,4803,UniRef90_A6L6X6,1103,0.009646076741699901,9,0.9108175061932288,7.965381289595294e-06
YuJ_2015,4804,UniRef90_A0A396FE52,1103,0.009530366116899999,9,0.9108175061932288,7.869831640710155e-06
YuJ_2015,4805,UniRef90_C3QN29,1103,0.0093251546882999,9,0.9108175061932288,7.700375465152683e-06
YuJ_2015,4806,UniRef90_A0A0P0LBC5,1103,0.0090688488112,9,0.9108175061932288,7.4887273420313795e-06
YuJ_2015,4807,UniRef90_A0A139K7R2,1103,0.0086685676649,9,0.9108175061932288,7.158189648967795e-06
YuJ_2015,4808,UniRef90_R7GPW0,1103,0.0086011916113,9,0.9108175061932288,7.102552940792733e-06
YuJ_2015,4809,UniRef90_D4V5I8,1103,0.008563905410499999,9,0.9108175061932288,7.0717633447563985e-06
YuJ_2015,4810,UniRef90_A0A374W8G2,1103,0.0085181015477,9,0.9108175061932288,7.033940171511148e-06
YuJ_2015,4811,UniRef90_R9HML6,1103,0.0085118531763,9,0.9108175061932288,7.028780492402973e-06
YuJ_2015,4812,UniRef90_R5C7N3,1103,0.0084526416156,9,0.9108175061932288,6.97988572716763e-06
YuJ_2015,4813,UniRef90_A0A076J6F2,1103,0.008404108175000001,9,0.9108175061932288,6.939808567299753e-06
YuJ_2015,4814,UniRef90_C3R961,1103,0.0083212496362,9,0.9108175061932288,6.871386982824113e-06
YuJ_2015,4815,UniRef90_N1ZTN4,1103,0.008273987742,9,0.9108175061932288,6.832359819983484e-06
YuJ_2015,4816,UniRef90_B0NLV0,1103,0.0081844182014,9,0.9108175061932288,6.7583965329479765e-06
YuJ_2015,4817,UniRef90_A0A174SGN2,1103,0.008152669739100001,9,0.9108175061932288,6.732179801073494e-06
YuJ_2015,4818,UniRef90_A0A099I8P4,1103,0.0073925729712,9,0.9108175061932288,6.104519381668043e-06
YuJ_2015,4819,UniRef90_R5RCI1,1103,0.0072695596965,9,0.9108175061932288,6.0029394686209744e-06
YuJ_2015,4820,UniRef90_I8WJA0,1103,0.0071000778795,9,0.9108175061932288,5.862987514037986e-06
YuJ_2015,4821,UniRef90_B7APN5,1103,0.0068495485755000005,9,0.9108175061932288,5.656109476052849e-06
YuJ_2015,4822,UniRef90_A5KQM0,1103,0.0067158714511,9,0.9108175061932288,5.545723741618497e-06
YuJ_2015,4823,UniRef90_C6LCJ7,1103,0.0062564350698,9,0.9108175061932288,5.166337795045417e-06
YuJ_2015,4824,UniRef90_A0A1B2YSN9,1103,0.0061494752911,9,0.9108175061932288,5.078014278364987e-06
YuJ_2015,4825,UniRef90_R6D259,1103,0.0059844287108,9,0.9108175061932288,4.941724781833196e-06
YuJ_2015,4826,UniRef90_C3QR20,1103,0.0058488287290000005,9,0.9108175061932288,4.829751221304707e-06
YuJ_2015,4827,UniRef90_A0A0K6BT56,1103,0.0057438681923,9,0.9108175061932288,4.743078606358381e-06
YuJ_2015,4828,UniRef90_R5UAI5,1103,0.0056390648157,9,0.9108175061932288,4.656535768538398e-06
YuJ_2015,4829,UniRef90_A0A174BKL5,1103,0.0054382505035,9,0.9108175061932288,4.490710572667217e-06
YuJ_2015,4830,UniRef90_A0A0P0FCX6,1103,0.0051661515763,9,0.9108175061932288,4.266021119983484e-06
YuJ_2015,4831,UniRef90_Q8A8C3,1103,0.0050890196245,9,0.9108175061932288,4.2023283439306355e-06
YuJ_2015,4832,UniRef90_Q8A9N9,1103,0.004833934077800001,9,0.9108175061932288,3.991687925516103e-06
YuJ_2015,4833,UniRef90_A0A0E2HGP2,1103,0.004792974921,9,0.9108175061932288,3.957865335260116e-06
YuJ_2015,4834,UniRef90_C6IG29,1103,0.004785085821799999,9,0.9108175061932288,3.951350802477291e-06
YuJ_2015,4835,UniRef90_I9T295,1103,0.0047581597064,9,0.9108175061932288,3.929116190255987e-06
YuJ_2015,4836,UniRef90_A7M1I8,1103,0.0047482256513,9,0.9108175061932288,3.92091300685384e-06
YuJ_2015,4837,UniRef90_A5ZP86,1103,0.0046039523879,9,0.9108175061932288,3.801777364079273e-06
YuJ_2015,4838,UniRef90_D6D093,1103,0.0045740489718999995,9,0.9108175061932288,3.7770842047068533e-06
YuJ_2015,4839,UniRef90_D4JJ93,1103,0.0039789679497,9,0.9108175061932288,3.2856878197357554e-06
YuJ_2015,4840,UniRef90_C0B4Y7,1103,0.0036577633174,9,0.9108175061932288,3.0204486518579685e-06
YuJ_2015,4841,UniRef90_A0A096C9P0,1103,0.0027150057999,9,0.9108175061932288,2.2419535919900907e-06
YuJ_2015,4842,UniRef90_A8S1F8,1103,0.0023834744884,9,0.9108175061932288,1.9681870259289846e-06
YuJ_2015,4843,UniRef90_A0A1V0QD60,1102,0.0210775519425,9,0.9099917423616846,1.740508005161024e-05
YuJ_2015,4844,UniRef90_A0A174ARN5,1102,0.0185209331904,9,0.9099917423616846,1.5293916755078447e-05
YuJ_2015,4845,UniRef90_B7ARS1,1102,0.01813575195929,9,0.9099917423616846,1.497584802583815e-05
YuJ_2015,4846,UniRef90_A0A076J4H3,1102,0.017559851078,9,0.9099917423616846,1.4500289907514451e-05
YuJ_2015,4847,UniRef90_A0A174I6U2,1102,0.0173290387138999,9,0.9099917423616846,1.4309693405367382e-05
YuJ_2015,4848,UniRef90_A0A0P0M1X4,1102,0.0169330124547,9,0.9099917423616846,1.3982669244178366e-05
YuJ_2015,4849,UniRef90_A0A0P0M1G4,1102,0.016758733004,9,0.9099917423616846,1.3838755577208919e-05
YuJ_2015,4850,UniRef90_A0A0P0LII2,1102,0.0164770142823,9,0.9099917423616846,1.3606122446160199e-05
YuJ_2015,4851,UniRef90_A0A076J9W2,1102,0.016123747129799998,9,0.9099917423616846,1.3314407208753094e-05
YuJ_2015,4852,UniRef90_A0A076ISA0,1102,0.015917107946,9,0.9099917423616846,1.3143772044591248e-05
YuJ_2015,4853,UniRef90_A0A395UXL5,1102,0.0156198352585,9,0.9099917423616846,1.2898295011147812e-05
YuJ_2015,4854,UniRef90_A6L2T0,1102,0.0154148568,9,0.9099917423616846,1.2729031213872832e-05
YuJ_2015,4855,UniRef90_C3R5Y5,1102,0.0150430006209999,9,0.9099917423616846,1.2421965830718332e-05
YuJ_2015,4856,UniRef90_A0A076J6J2,1102,0.014878728166,9,0.9099917423616846,1.2286315578860445e-05
YuJ_2015,4857,UniRef90_A0A076J0U5,1102,0.0144034157072,9,0.9099917423616846,1.1893819741701073e-05
YuJ_2015,4858,UniRef90_A0A076IVW9,1102,0.0140766026513,9,0.9099917423616846,1.1623949340462428e-05
YuJ_2015,4859,UniRef90_A0A076ITA4,1102,0.0138131052,9,0.9099917423616846,1.1406362675474814e-05
YuJ_2015,4860,UniRef90_A0A174JW95,1102,0.0136713297379999,9,0.9099917423616846,1.1289289626754666e-05
YuJ_2015,4861,UniRef90_A0A076JAM2,1102,0.013590826162,9,0.9099917423616846,1.122281268538398e-05
YuJ_2015,4862,UniRef90_E6SSK5,1102,0.013544824181,9,0.9099917423616846,1.1184825913294798e-05
YuJ_2015,4863,UniRef90_E2NA95,1102,0.0133482996697,9,0.9099917423616846,1.1022543079851362e-05
YuJ_2015,4864,UniRef90_U6RHA5,1102,0.0133143284063,9,0.9099917423616846,1.0994490839223783e-05
YuJ_2015,4865,UniRef90_D4VEH1,1102,0.0130359474674,9,0.9099917423616846,1.0764613928488852e-05
YuJ_2015,4866,UniRef90_A0A0P0M663,1102,0.012955257417,9,0.9099917423616846,1.0697983003303056e-05
YuJ_2015,4867,UniRef90_R5C2Q1,1102,0.0128223834124,9,0.9099917423616846,1.058826045615194e-05
YuJ_2015,4868,UniRef90_A0A076J3A5,1102,0.0126617215862,9,0.9099917423616846,1.0455591730966144e-05
YuJ_2015,4869,UniRef90_A0A3E5H9F2,1102,0.012631976014700001,9,0.9099917423616846,1.0431028913872833e-05
YuJ_2015,4870,UniRef90_A0A076J2Q9,1102,0.012530992646,9,0.9099917423616846,1.0347640500412881e-05
YuJ_2015,4871,UniRef90_A0A076IN39,1102,0.012489288705900001,9,0.9099917423616846,1.0313202895045418e-05
YuJ_2015,4872,UniRef90_A0A076J443,1102,0.012473368685200001,9,0.9099917423616846,1.0300056717753923e-05
YuJ_2015,4873,UniRef90_A0A076J2M1,1102,0.01246312408,9,0.9099917423616846,1.0291597093311313e-05
YuJ_2015,4874,UniRef90_A0A0P0M3F3,1102,0.0124065514826,9,0.9099917423616846,1.0244881488521882e-05
YuJ_2015,4875,UniRef90_D4V9S8,1102,0.0123880647065,9,0.9099917423616846,1.0229615777456647e-05
YuJ_2015,4876,UniRef90_B5CPL4,1102,0.0123795890783,9,0.9099917423616846,1.0222616910239472e-05
YuJ_2015,4877,UniRef90_A0A0K2HKM5,1102,0.01169560443,9,0.9099917423616846,9.657807126341866e-06
YuJ_2015,4878,UniRef90_A0A174QRZ0,1102,0.0115311698622,9,0.9099917423616846,9.522023007597028e-06
YuJ_2015,4879,UniRef90_C7HAW3,1102,0.011471917264800001,9,0.9099917423616846,9.47309435573906e-06
YuJ_2015,4880,UniRef90_A0A0M1W597,1102,0.011456389793,9,0.9099917423616846,9.460272331131296e-06
YuJ_2015,4881,UniRef90_R7DSW0,1102,0.011454961410299998,9,0.9099917423616846,9.459092824360032e-06
YuJ_2015,4882,UniRef90_A0A076IRR2,1102,0.01144706076,9,0.9099917423616846,9.452568753096615e-06
YuJ_2015,4883,UniRef90_C3RF48,1102,0.011439522866,9,0.9099917423616846,9.4463442328654e-06
YuJ_2015,4884,UniRef90_A0A0P0M3I1,1102,0.011375615764,9,0.9099917423616846,9.393572059454997e-06
YuJ_2015,4885,UniRef90_E5UPS6,1102,0.0113293090111999,9,0.9099917423616846,9.355333617836417e-06
YuJ_2015,4886,UniRef90_I9R9Q7,1102,0.011287841884000002,9,0.9099917423616846,9.321091563996698e-06
YuJ_2015,4887,UniRef90_A0A0K2HMS0,1102,0.011260402513,9,0.9099917423616846,9.298433123864575e-06
YuJ_2015,4888,UniRef90_A8SFH4,1102,0.011100707758,9,0.9099917423616846,9.166562971098265e-06
YuJ_2015,4889,UniRef90_A0A076JBH0,1102,0.011056383706,9,0.9099917423616846,9.129961772089182e-06
YuJ_2015,4890,UniRef90_A0A076JB69,1102,0.0110367360934,9,0.9099917423616846,9.11373748422791e-06
YuJ_2015,4891,UniRef90_A6L3F8,1102,0.0110310996639,9,0.9099917423616846,9.109083124607763e-06
YuJ_2015,4892,UniRef90_D4V8N8,1102,0.010897825118999999,9,0.9099917423616846,8.99902982576383e-06
YuJ_2015,4893,UniRef90_R6KC06,1102,0.0108550838475,9,0.9099917423616846,8.963735629644922e-06
YuJ_2015,4894,UniRef90_A0A0M1W1L7,1102,0.010762811115,9,0.9099917423616846,8.88754014450867e-06
YuJ_2015,4895,UniRef90_A0A2A6Z881,1102,0.010722945041599999,9,0.9099917423616846,8.854620182989264e-06
YuJ_2015,4896,UniRef90_D4V7H1,1102,0.010587123756,9,0.9099917423616846,8.742463877786954e-06
YuJ_2015,4897,UniRef90_A0A076ISJ7,1102,0.010539489164999999,9,0.9099917423616846,8.703128955408753e-06
YuJ_2015,4898,UniRef90_A0A076INV6,1102,0.01039327913,9,0.9099917423616846,8.582393996696945e-06
YuJ_2015,4899,UniRef90_A6L532,1102,0.0103177759319999,9,0.9099917423616846,8.520046186622543e-06
YuJ_2015,4900,UniRef90_C4ZCE7,1102,0.0103146148195,9,0.9099917423616846,8.517435854252685e-06
YuJ_2015,4901,UniRef90_A0A076IM34,1102,0.0102025856291,9,0.9099917423616846,8.424926200743187e-06
YuJ_2015,4902,UniRef90_B6W2B2,1102,0.0101922470626,9,0.9099917423616846,8.416388986457472e-06
YuJ_2015,4903,UniRef90_B0NPD4,1102,0.0100833661616,9,0.9099917423616846,8.326479076465731e-06
YuJ_2015,4904,UniRef90_A0A0P0LIZ0,1102,0.009959245264000001,9,0.9099917423616846,8.223984528488853e-06
YuJ_2015,4905,UniRef90_A0A076IKJ9,1102,0.0097006845994,9,0.9099917423616846,8.010474483402146e-06
YuJ_2015,4906,UniRef90_C3R4C6,1102,0.009664061598,9,0.9099917423616846,7.980232533443435e-06
YuJ_2015,4907,UniRef90_A0A0P0LI21,1102,0.009621123787999999,9,0.9099917423616846,7.944776042939719e-06
YuJ_2015,4908,UniRef90_D4VB21,1102,0.0094215842082,9,0.9099917423616846,7.780003474979356e-06
YuJ_2015,4909,UniRef90_A6L4T5,1102,0.0094035224513,9,0.9099917423616846,7.765088729397193e-06
YuJ_2015,4910,UniRef90_A0A395VD40,1102,0.0090060349226,9,0.9099917423616846,7.436857904706854e-06
YuJ_2015,4911,UniRef90_A0A395ZVH2,1102,0.0089190770949,9,0.9099917423616846,7.365051275722543e-06
YuJ_2015,4912,UniRef90_A0A176UAM3,1102,0.0087774085747,9,0.9099917423616846,7.248066535672998e-06
YuJ_2015,4913,UniRef90_Q5LY60,1102,0.0078446839621,9,0.9099917423616846,6.477856285796862e-06
YuJ_2015,4914,UniRef90_R7D3C7,1102,0.0075292060545,9,0.9099917423616846,6.217346040049546e-06
YuJ_2015,4915,UniRef90_A0A1C7GWV7,1102,0.0074849986553999995,9,0.9099917423616846,6.180841168786127e-06
YuJ_2015,4916,UniRef90_A0A3B8TLY4,1102,0.0074062174679,9,0.9099917423616846,6.115786513542527e-06
YuJ_2015,4917,UniRef90_U2ETT9,1102,0.0071153192725,9,0.9099917423616846,5.875573305119736e-06
YuJ_2015,4918,UniRef90_A0A0P6CMA7,1102,0.0069639403572999995,9,0.9099917423616846,5.750570072089182e-06
YuJ_2015,4919,UniRef90_R6DQF6,1102,0.0067042031976,9,0.9099917423616846,5.536088519900908e-06
YuJ_2015,4920,UniRef90_R6JAN0,1102,0.006142963715,9,0.9099917423616846,5.07263725433526e-06
YuJ_2015,4921,UniRef90_A7VFZ7,1102,0.00607481093527,9,0.9099917423616846,5.016359153815029e-06
YuJ_2015,4922,UniRef90_A0A0P0FFV4,1102,0.0059088495904,9,0.9099917423616846,4.879314277786953e-06
YuJ_2015,4923,UniRef90_R6JM94,1102,0.0058823248962,9,0.9099917423616846,4.857411144673823e-06
YuJ_2015,4924,UniRef90_Q8A2B0,1102,0.0054352516054,9,0.9099917423616846,4.488234191081751e-06
YuJ_2015,4925,UniRef90_A0A139TAG2,1102,0.0054337587027,9,0.9099917423616846,4.487001406028076e-06
YuJ_2015,4926,UniRef90_R6T2Y9,1102,0.0053851446049999994,9,0.9099917423616846,4.44685764244426e-06
YuJ_2015,4927,UniRef90_A0A0P0F8T8,1102,0.0050740567997,9,0.9099917423616846,4.189972584393064e-06
YuJ_2015,4928,UniRef90_Q8AB57,1102,0.0050646399649,9,0.9099917423616846,4.182196502807597e-06
YuJ_2015,4929,UniRef90_R6JNB1,1102,0.0050199956262,9,0.9099917423616846,4.145330822625929e-06
YuJ_2015,4930,UniRef90_D6D0Y6,1102,0.0048383375324,9,0.9099917423616846,3.995324139058629e-06
YuJ_2015,4931,UniRef90_D4WLI4,1102,0.0048348450424,9,0.9099917423616846,3.992440167134599e-06
YuJ_2015,4932,UniRef90_A0A174F9K4,1102,0.0045359893551,9,0.9099917423616846,3.7456559497109823e-06
YuJ_2015,4933,UniRef90_A0A139T5J6,1102,0.0044822850536,9,0.9099917423616846,3.701308879933939e-06
YuJ_2015,4934,UniRef90_Q8ABB0,1102,0.0044730860091000005,9,0.9099917423616846,3.693712641701074e-06
YuJ_2015,4935,UniRef90_A0A174ISL4,1102,0.0041900229703,9,0.9099917423616846,3.459969422213047e-06
YuJ_2015,4936,UniRef90_A0A173VJE4,1102,0.00146075866305,9,0.9099917423616846,1.2062416705615195e-06
YuJ_2015,4937,UniRef90_R7PKQ3,1102,0.0010880541512,9,0.9099917423616846,8.984757648224608e-07
YuJ_2015,4938,UniRef90_A0A354D637,1102,0.0005474169966,9,0.9099917423616846,4.5203715656482245e-07
YuJ_2015,4939,UniRef90_C7H6T5,1101,0.02853077429342,9,0.9091659785301404,2.3559681497456645e-05
YuJ_2015,4940,UniRef90_A0A395UKI7,1101,0.0203923209110999,9,0.9091659785301404,1.6839241049628323e-05
YuJ_2015,4941,UniRef90_I8WLY5,1101,0.0182616977459999,9,0.9091659785301404,1.5079849501238563e-05
YuJ_2015,4942,UniRef90_A0A3E5EDG7,1101,0.017056297728999997,9,0.9091659785301404,1.4084473764657306e-05
YuJ_2015,4943,UniRef90_I8WQD5,1101,0.017008568087000003,9,0.9091659785301404,1.4045060352601159e-05
YuJ_2015,4944,UniRef90_A0A0P0L2N8,1101,0.0165870323609999,9,0.9091659785301404,1.3696971396366557e-05
YuJ_2015,4945,UniRef90_A0A076IJV6,1101,0.01654562046,9,0.9091659785301404,1.366277494632535e-05
YuJ_2015,4946,UniRef90_A0A1Q6QXQ1,1101,0.0161520460904,9,0.9091659785301404,1.333777546688687e-05
YuJ_2015,4947,UniRef90_A0A2A6ZBD0,1101,0.015596790611500001,9,0.9091659785301404,1.2879265575144509e-05
YuJ_2015,4948,UniRef90_A0A076IWA2,1101,0.0148220505099999,9,0.9091659785301404,1.223951322047886e-05
YuJ_2015,4949,UniRef90_C7H235,1101,0.014565094502200001,9,0.9091659785301404,1.202732824293972e-05
YuJ_2015,4950,UniRef90_A0A076IV35,1101,0.0144394841929,9,0.9091659785301404,1.1923603792650702e-05
YuJ_2015,4951,UniRef90_D4L105,1101,0.0137661408819,9,0.9091659785301404,1.1367581240214699e-05
YuJ_2015,4952,UniRef90_A0A076J0F2,1101,0.013581480303,9,0.9091659785301404,1.1215095213047069e-05
YuJ_2015,4953,UniRef90_A0A0K2HE84,1101,0.013525613776,9,0.9091659785301404,1.1168962655656482e-05
YuJ_2015,4954,UniRef90_A0A076J1E4,1101,0.013389409256,9,0.9091659785301404,1.1056489889347647e-05
YuJ_2015,4955,UniRef90_A0A076INR0,1101,0.013380141142,9,0.9091659785301404,1.1048836616019819e-05
YuJ_2015,4956,UniRef90_A0A076J7Y1,1101,0.0131695557239999,9,0.9091659785301404,1.0874942794384723e-05
YuJ_2015,4957,UniRef90_A0A0P0M547,1101,0.013095280624,9,0.9091659785301404,1.0813609103220479e-05
YuJ_2015,4958,UniRef90_A0A0K2HNB1,1101,0.013017845392999999,9,0.9091659785301404,1.074966589017341e-05
YuJ_2015,4959,UniRef90_A0A174C6E8,1101,0.012951276811199999,9,0.9091659785301404,1.069469596300578e-05
YuJ_2015,4960,UniRef90_D1K9E6,1101,0.0127566771121999,9,0.9091659785301404,1.0534002569942114e-05
YuJ_2015,4961,UniRef90_A0A076J5F6,1101,0.012580682533,9,0.9091659785301404,1.0388672611890998e-05
YuJ_2015,4962,UniRef90_A0A174F5R8,1101,0.0125673420591,9,0.9091659785301404,1.037765653104872e-05
YuJ_2015,4963,UniRef90_A0A0N7IEZ3,1101,0.0125469082148999,9,0.9091659785301404,1.0360783001568869e-05
YuJ_2015,4964,UniRef90_D4V9H2,1101,0.012478162519,9,0.9091659785301404,1.0304015292320397e-05
YuJ_2015,4965,UniRef90_A7V0C4,1101,0.0124247930946,9,0.9091659785301404,1.0259944751940545e-05
YuJ_2015,4966,UniRef90_A0A076ITG9,1101,0.012381999245299998,9,0.9091659785301404,1.0224607138976051e-05
YuJ_2015,4967,UniRef90_C7H1D1,1101,0.012236387389,9,0.9091659785301404,1.0104366134599505e-05
YuJ_2015,4968,UniRef90_A0A108TAX9,1101,0.0120063146322,9,0.9091659785301404,9.914380373410404e-06
YuJ_2015,4969,UniRef90_A0A0P0M416,1101,0.011762199584,9,0.9091659785301404,9.71279899587118e-06
YuJ_2015,4970,UniRef90_R6K7V5,1101,0.0116910649565,9,0.9091659785301404,9.654058593311312e-06
YuJ_2015,4971,UniRef90_A0A127SGR9,1101,0.0115958411284,9,0.9091659785301404,9.575426200165152e-06
YuJ_2015,4972,UniRef90_A0A076IMC2,1101,0.011162405066199999,9,0.9091659785301404,9.217510376713458e-06
YuJ_2015,4973,UniRef90_U2NWT3,1101,0.011079096558,9,0.9091659785301404,9.148717223781999e-06
YuJ_2015,4974,UniRef90_E6STL7,1101,0.010974655368700001,9,0.9091659785301404,9.0624734671346e-06
YuJ_2015,4975,UniRef90_A0A076IWJ9,1101,0.010902243741999999,9,0.9091659785301404,9.00267856482246e-06
YuJ_2015,4976,UniRef90_A0A173VHW5,1101,0.0108208789912,9,0.9091659785301404,8.935490496449216e-06
YuJ_2015,4977,UniRef90_A0A076IV07,1101,0.0106349024241,9,0.9091659785301404,8.781917773823286e-06
YuJ_2015,4978,UniRef90_A0A396D185,1101,0.0106082326362,9,0.9091659785301404,8.759894827580511e-06
YuJ_2015,4979,UniRef90_I8W5T6,1101,0.0105433458574,9,0.9091659785301404,8.706313672502065e-06
YuJ_2015,4980,UniRef90_A6L4P5,1101,0.010491126604,9,0.9091659785301404,8.663192901734103e-06
YuJ_2015,4981,UniRef90_A0A0K2HMI3,1101,0.0103388581062,9,0.9091659785301404,8.5374550835673e-06
YuJ_2015,4982,UniRef90_A0A076IQZ6,1101,0.0102592453889,9,0.9091659785301404,8.471713781090007e-06
YuJ_2015,4983,UniRef90_A0A076IRI0,1101,0.0100781834698,9,0.9091659785301404,8.32219939702725e-06
YuJ_2015,4984,UniRef90_I8WKC8,1101,0.009866833283,9,0.9091659785301404,8.147674056977705e-06
YuJ_2015,4985,UniRef90_A0A0M1W3E3,1101,0.0098643795964,9,0.9091659785301404,8.14564789132948e-06
YuJ_2015,4986,UniRef90_D4V968,1101,0.0098359317349999,9,0.9091659785301404,8.122156676300495e-06
YuJ_2015,4987,UniRef90_B6VSF6,1101,0.009669059285,9,0.9091659785301404,7.984359442609413e-06
YuJ_2015,4988,UniRef90_A0A367FV25,1101,0.009609808696400001,9,0.9091659785301404,7.935432449545831e-06
YuJ_2015,4989,UniRef90_C3R5X5,1101,0.0095428814465,9,0.9091659785301404,7.88016634723369e-06
YuJ_2015,4990,UniRef90_A0A0P0M2A7,1101,0.0093575646925,9,0.9091659785301404,7.727138474401322e-06
YuJ_2015,4991,UniRef90_A0A174P9B8,1101,0.0089963545964,9,0.9091659785301404,7.428864241453344e-06
YuJ_2015,4992,UniRef90_A0A174HFP4,1101,0.0087767848646,9,0.9091659785301404,7.247551498431049e-06
YuJ_2015,4993,UniRef90_D4LWG4,1101,0.0086178501508,9,0.9091659785301404,7.116308960198184e-06
YuJ_2015,4994,UniRef90_B6W4I8,1101,0.0084386049289,9,0.9091659785301404,6.968294738976052e-06
YuJ_2015,4995,UniRef90_A0A076IPH4,1101,0.0077531650071999995,9,0.9091659785301404,6.402283242939719e-06
YuJ_2015,4996,UniRef90_D4LIY6,1101,0.0074881537472999,9,0.9091659785301404,6.183446529562263e-06
YuJ_2015,4997,UniRef90_A0A1H7GFY0,1101,0.0074788676766,9,0.9091659785301404,6.1757784282411235e-06
YuJ_2015,4998,UniRef90_A0A174QLT7,1101,0.0065124072357,9,0.9091659785301404,5.377710351527663e-06
YuJ_2015,4999,UniRef90_A0A174VVP2,1101,0.0063151904934,9,0.9091659785301404,5.2148558987613544e-06
YuJ_2015,5000,UniRef90_B7APR2,1101,0.006243946864,9,0.9091659785301404,5.156025486374897e-06
