model,sample_id,cohort,y_true,y_prob
species_source_only,SID31004,FengQ_2015,1,0.5076772038101934
species_source_only,SID31009,FengQ_2015,0,0.31153112689906665
species_source_only,SID31021,FengQ_2015,0,0.3355348484828967
species_source_only,SID31071,FengQ_2015,0,0.4111071853459148
species_source_only,SID31112,FengQ_2015,0,0.5793788304326152
species_source_only,SID31129,FengQ_2015,0,0.36295697838975227
species_source_only,SID31159,FengQ_2015,1,0.6745426037854404
species_source_only,SID31160,FengQ_2015,0,0.36432903349921736
species_source_only,SID31188,FengQ_2015,1,0.5177012338061382
species_source_only,SID31219,FengQ_2015,0,0.24116997492788275
species_source_only,SID31223,FengQ_2015,1,0.8040306047629712
species_source_only,SID31236,FengQ_2015,0,0.36125112030880985
species_source_only,SID31237,FengQ_2015,1,0.6717553095506387
species_source_only,SID31267,FengQ_2015,0,0.3051300416884076
species_source_only,SID31276,FengQ_2015,1,0.33893642896677195
species_source_only,SID31285,FengQ_2015,1,0.35762689562281824
species_source_only,SID31300,FengQ_2015,0,0.27776166009792286
species_source_only,SID31328,FengQ_2015,0,0.4296217040468694
species_source_only,SID31333,FengQ_2015,0,0.3000618565750464
species_source_only,SID31343,FengQ_2015,0,0.4635365139058646
species_source_only,SID31360,FengQ_2015,0,0.4714201914292559
species_source_only,SID31367,FengQ_2015,1,0.6336612849490653
species_source_only,SID31379,FengQ_2015,0,0.5417665713613212
species_source_only,SID31416,FengQ_2015,0,0.4505225904681243
species_source_only,SID31428,FengQ_2015,0,0.4056261982706957
species_source_only,SID31446,FengQ_2015,1,0.5786973069833709
species_source_only,SID31450,FengQ_2015,0,0.6239708584441
species_source_only,SID31452,FengQ_2015,0,0.3505685074240278
species_source_only,SID31489,FengQ_2015,1,0.7701374384175392
species_source_only,SID31493,FengQ_2015,1,0.7265997817415436
species_source_only,SID31512,FengQ_2015,0,0.2939755118813617
species_source_only,SID31519,FengQ_2015,0,0.5069743380293662
species_source_only,SID31537,FengQ_2015,0,0.47581730774316233
species_source_only,SID31549,FengQ_2015,1,0.4703455743345355
species_source_only,SID31557,FengQ_2015,0,0.46607163574062666
species_source_only,SID31637,FengQ_2015,0,0.4652689882212535
species_source_only,SID31685,FengQ_2015,1,0.462339982101876
species_source_only,SID31700,FengQ_2015,0,0.47293469437351665
species_source_only,SID31711,FengQ_2015,0,0.5025881567626115
species_source_only,SID31714,FengQ_2015,0,0.46813889360509714
species_source_only,SID31723,FengQ_2015,0,0.4504539467602755
species_source_only,SID31749,FengQ_2015,0,0.4433344379765596
species_source_only,SID31750,FengQ_2015,0,0.527708812864305
species_source_only,SID31766,FengQ_2015,0,0.2768578512746873
species_source_only,SID31865,FengQ_2015,1,0.5375549992455786
species_source_only,SID31866,FengQ_2015,1,0.768805331383701
species_source_only,SID31868,FengQ_2015,1,0.6548011660504313
species_source_only,SID31870,FengQ_2015,1,0.6290173297005448
species_source_only,SID31871,FengQ_2015,1,0.3279763708249911
species_source_only,SID31872,FengQ_2015,1,0.5593402273699803
species_source_only,SID31873,FengQ_2015,1,0.7859620273755439
species_source_only,SID31874,FengQ_2015,1,0.7763477894355333
species_source_only,SID31875,FengQ_2015,1,0.8105957294345117
species_source_only,SID31876,FengQ_2015,1,0.6549978615389881
species_source_only,SID31877,FengQ_2015,1,0.3916701402923671
species_source_only,SID31878,FengQ_2015,1,0.724835584417714
species_source_only,SID31879,FengQ_2015,1,0.47998224679281015
species_source_only,SID31880,FengQ_2015,1,0.8015684577982156
species_source_only,SID31881,FengQ_2015,1,0.7395923287279007
species_source_only,SID31883,FengQ_2015,1,0.7576910105736029
species_source_only,SID31884,FengQ_2015,1,0.5808379167052734
species_source_only,SID530050,FengQ_2015,0,0.4536810921090012
species_source_only,SID530052,FengQ_2015,0,0.3879533709627023
species_source_only,SID530055,FengQ_2015,0,0.34504728585853467
species_source_only,SID530074,FengQ_2015,0,0.430285136439948
species_source_only,SID530075,FengQ_2015,0,0.2559229281864113
species_source_only,SID530119,FengQ_2015,0,0.39576619601227114
species_source_only,SID530154,FengQ_2015,0,0.6042714504228393
species_source_only,SID530163,FengQ_2015,0,0.46935372158429
species_source_only,SID530167,FengQ_2015,0,0.4485733484222285
species_source_only,SID530177,FengQ_2015,0,0.36236636267463723
species_source_only,SID530215,FengQ_2015,0,0.32840620710733204
species_source_only,SID530227,FengQ_2015,0,0.5187467003339082
species_source_only,SID530251,FengQ_2015,0,0.3517266875880728
species_source_only,SID530258,FengQ_2015,0,0.4855680866423504
species_source_only,SID530295,FengQ_2015,0,0.4173208997549704
species_source_only,SID530315,FengQ_2015,0,0.4694940344203318
species_source_only,SID530331,FengQ_2015,0,0.3842556984734038
species_source_only,SID530364,FengQ_2015,0,0.4584829558044161
species_source_only,SID530368,FengQ_2015,0,0.36516141585812
species_source_only,SID530373,FengQ_2015,1,0.734031135227063
species_source_only,SID530394,FengQ_2015,0,0.4511439882588866
species_source_only,SID530444,FengQ_2015,0,0.49007749621455177
species_source_only,SID530451,FengQ_2015,0,0.419859074287383
species_source_only,SID530890,FengQ_2015,1,0.34040952898532023
species_source_only,SID531128,FengQ_2015,1,0.5061818583676796
species_source_only,SID531155,FengQ_2015,1,0.45373193246680404
species_source_only,SID531248,FengQ_2015,1,0.7879186711264339
species_source_only,SID531274,FengQ_2015,1,0.6776090601752666
species_source_only,SID531277,FengQ_2015,1,0.38870032001328314
species_source_only,SID531281,FengQ_2015,1,0.43589926998665535
species_source_only,SID531333,FengQ_2015,1,0.571538707824912
species_source_only,SID531352,FengQ_2015,1,0.5730866894658487
species_source_only,SID531361,FengQ_2015,1,0.41947014971013913
species_source_only,SID531382,FengQ_2015,1,0.6300840482777168
species_source_only,SID531414,FengQ_2015,0,0.30938547369194236
species_source_only,SID531416,FengQ_2015,1,0.6996869155762723
species_source_only,SID531424,FengQ_2015,0,0.5804048345101364
species_source_only,SID531469,FengQ_2015,1,0.720813249580033
species_source_only,SID531766,FengQ_2015,1,0.44293749496874796
species_source_only,SID531775,FengQ_2015,1,0.6238156211981774
species_source_only,SID532749,FengQ_2015,0,0.48636072306510525
species_source_only,SID532779,FengQ_2015,0,0.3460138200480513
species_source_only,SID532796,FengQ_2015,0,0.597513121004371
species_source_only,SID532802,FengQ_2015,0,0.32390675950082204
species_source_only,SID532826,FengQ_2015,0,0.44722053892627855
species_source_only,SID532915,FengQ_2015,0,0.5019525520724444
stratified_source_only,SID31004,FengQ_2015,1,0.4955244255644763
stratified_source_only,SID31009,FengQ_2015,0,0.4414851123403952
stratified_source_only,SID31021,FengQ_2015,0,0.3869434594488659
stratified_source_only,SID31071,FengQ_2015,0,0.47178539075435283
stratified_source_only,SID31112,FengQ_2015,0,0.51271423231576
stratified_source_only,SID31129,FengQ_2015,0,0.5394034814786461
stratified_source_only,SID31159,FengQ_2015,1,0.5844570285349807
stratified_source_only,SID31160,FengQ_2015,0,0.5869416182439487
stratified_source_only,SID31188,FengQ_2015,1,0.4924705105755496
stratified_source_only,SID31219,FengQ_2015,0,0.332088111522001
stratified_source_only,SID31223,FengQ_2015,1,0.5595902698524624
stratified_source_only,SID31236,FengQ_2015,0,0.4037472933697318
stratified_source_only,SID31237,FengQ_2015,1,0.5588965445754241
stratified_source_only,SID31267,FengQ_2015,0,0.4734235904749403
stratified_source_only,SID31276,FengQ_2015,1,0.5398436178640388
stratified_source_only,SID31285,FengQ_2015,1,0.3732943785121207
stratified_source_only,SID31300,FengQ_2015,0,0.41773395094586807
stratified_source_only,SID31328,FengQ_2015,0,0.5175997551107601
stratified_source_only,SID31333,FengQ_2015,0,0.46341743546596076
stratified_source_only,SID31343,FengQ_2015,0,0.5037889077866625
stratified_source_only,SID31360,FengQ_2015,0,0.538147243585432
stratified_source_only,SID31367,FengQ_2015,1,0.6186677809311085
stratified_source_only,SID31379,FengQ_2015,0,0.5590274149770699
stratified_source_only,SID31416,FengQ_2015,0,0.5255794741742594
stratified_source_only,SID31428,FengQ_2015,0,0.41195324845469183
stratified_source_only,SID31446,FengQ_2015,1,0.5934089174987434
stratified_source_only,SID31450,FengQ_2015,0,0.6430193106711366
stratified_source_only,SID31452,FengQ_2015,0,0.373017310471581
stratified_source_only,SID31489,FengQ_2015,1,0.7456394134593296
stratified_source_only,SID31493,FengQ_2015,1,0.6888880580990987
stratified_source_only,SID31512,FengQ_2015,0,0.4891255918301986
stratified_source_only,SID31519,FengQ_2015,0,0.3989420322738137
stratified_source_only,SID31537,FengQ_2015,0,0.43365537311657876
stratified_source_only,SID31549,FengQ_2015,1,0.6094430069179566
stratified_source_only,SID31557,FengQ_2015,0,0.4524230548270452
stratified_source_only,SID31637,FengQ_2015,0,0.4565383244473246
stratified_source_only,SID31685,FengQ_2015,1,0.6183422612714089
stratified_source_only,SID31700,FengQ_2015,0,0.45089207635012724
stratified_source_only,SID31711,FengQ_2015,0,0.5522393323375369
stratified_source_only,SID31714,FengQ_2015,0,0.5078256292273619
stratified_source_only,SID31723,FengQ_2015,0,0.5601740867884342
stratified_source_only,SID31749,FengQ_2015,0,0.48814409148513765
stratified_source_only,SID31750,FengQ_2015,0,0.49161177908262044
stratified_source_only,SID31766,FengQ_2015,0,0.42964183623318086
stratified_source_only,SID31865,FengQ_2015,1,0.49791570848722305
stratified_source_only,SID31866,FengQ_2015,1,0.7004170470168929
stratified_source_only,SID31868,FengQ_2015,1,0.5198931813176046
stratified_source_only,SID31870,FengQ_2015,1,0.5841311128327675
stratified_source_only,SID31871,FengQ_2015,1,0.5500786239760405
stratified_source_only,SID31872,FengQ_2015,1,0.5813865485175046
stratified_source_only,SID31873,FengQ_2015,1,0.7169379006507502
stratified_source_only,SID31874,FengQ_2015,1,0.5131614709603217
stratified_source_only,SID31875,FengQ_2015,1,0.5926232629033081
stratified_source_only,SID31876,FengQ_2015,1,0.5844272088366842
stratified_source_only,SID31877,FengQ_2015,1,0.4020481628817026
stratified_source_only,SID31878,FengQ_2015,1,0.6079849821763307
stratified_source_only,SID31879,FengQ_2015,1,0.5018873872122209
stratified_source_only,SID31880,FengQ_2015,1,0.7217231218588147
stratified_source_only,SID31881,FengQ_2015,1,0.6466799947817508
stratified_source_only,SID31883,FengQ_2015,1,0.6010553574939
stratified_source_only,SID31884,FengQ_2015,1,0.6747405731925571
stratified_source_only,SID530050,FengQ_2015,0,0.5069083801352761
stratified_source_only,SID530052,FengQ_2015,0,0.5158525874311642
stratified_source_only,SID530055,FengQ_2015,0,0.31849973121791975
stratified_source_only,SID530074,FengQ_2015,0,0.4848659972113205
stratified_source_only,SID530075,FengQ_2015,0,0.38076196277279883
stratified_source_only,SID530119,FengQ_2015,0,0.4645635115679538
stratified_source_only,SID530154,FengQ_2015,0,0.4940129604461746
stratified_source_only,SID530163,FengQ_2015,0,0.551664694914196
stratified_source_only,SID530167,FengQ_2015,0,0.39942266522212794
stratified_source_only,SID530177,FengQ_2015,0,0.5212920090673063
stratified_source_only,SID530215,FengQ_2015,0,0.47885771501268626
stratified_source_only,SID530227,FengQ_2015,0,0.5860300088052026
stratified_source_only,SID530251,FengQ_2015,0,0.29676998879197514
stratified_source_only,SID530258,FengQ_2015,0,0.5765179430572425
stratified_source_only,SID530295,FengQ_2015,0,0.4538739834721305
stratified_source_only,SID530315,FengQ_2015,0,0.4885943560761634
stratified_source_only,SID530331,FengQ_2015,0,0.3814730982951428
stratified_source_only,SID530364,FengQ_2015,0,0.4786266145903207
stratified_source_only,SID530368,FengQ_2015,0,0.47425391598779915
stratified_source_only,SID530373,FengQ_2015,1,0.625577257136217
stratified_source_only,SID530394,FengQ_2015,0,0.518144133049055
stratified_source_only,SID530444,FengQ_2015,0,0.56368947644385
stratified_source_only,SID530451,FengQ_2015,0,0.5383572004635554
stratified_source_only,SID530890,FengQ_2015,1,0.4200890443594936
stratified_source_only,SID531128,FengQ_2015,1,0.5396973291431534
stratified_source_only,SID531155,FengQ_2015,1,0.5030626517701274
stratified_source_only,SID531248,FengQ_2015,1,0.4654014222944158
stratified_source_only,SID531274,FengQ_2015,1,0.6464530842309206
stratified_source_only,SID531277,FengQ_2015,1,0.5185667327983287
stratified_source_only,SID531281,FengQ_2015,1,0.43257796408295407
stratified_source_only,SID531333,FengQ_2015,1,0.6594925270248153
stratified_source_only,SID531352,FengQ_2015,1,0.6671450532811104
stratified_source_only,SID531361,FengQ_2015,1,0.39929785530429085
stratified_source_only,SID531382,FengQ_2015,1,0.6652459240095641
stratified_source_only,SID531414,FengQ_2015,0,0.26273113784572727
stratified_source_only,SID531416,FengQ_2015,1,0.5590374346360462
stratified_source_only,SID531424,FengQ_2015,0,0.46040470883938217
stratified_source_only,SID531469,FengQ_2015,1,0.5328812192202904
stratified_source_only,SID531766,FengQ_2015,1,0.5393566969888969
stratified_source_only,SID531775,FengQ_2015,1,0.6353088738736915
stratified_source_only,SID532749,FengQ_2015,0,0.4687562202193471
stratified_source_only,SID532779,FengQ_2015,0,0.30040397383558176
stratified_source_only,SID532796,FengQ_2015,0,0.5324194081976888
stratified_source_only,SID532802,FengQ_2015,0,0.42588111936066414
stratified_source_only,SID532826,FengQ_2015,0,0.5018617992163588
stratified_source_only,SID532915,FengQ_2015,0,0.5601406365080794
stratified_target_adaptive,SID31004,FengQ_2015,1,0.4837951121853093
stratified_target_adaptive,SID31009,FengQ_2015,0,0.4910974770869231
stratified_target_adaptive,SID31021,FengQ_2015,0,0.3305492489998293
stratified_target_adaptive,SID31071,FengQ_2015,0,0.3317872836136878
stratified_target_adaptive,SID31112,FengQ_2015,0,0.5294149105649038
stratified_target_adaptive,SID31129,FengQ_2015,0,0.5276953009986889
stratified_target_adaptive,SID31159,FengQ_2015,1,0.679417783847757
stratified_target_adaptive,SID31160,FengQ_2015,0,0.4629138128896467
stratified_target_adaptive,SID31188,FengQ_2015,1,0.47522373370929827
stratified_target_adaptive,SID31219,FengQ_2015,0,0.4144955191876936
stratified_target_adaptive,SID31223,FengQ_2015,1,0.6393312227328025
stratified_target_adaptive,SID31236,FengQ_2015,0,0.3503896591432652
stratified_target_adaptive,SID31237,FengQ_2015,1,0.535792534518544
stratified_target_adaptive,SID31267,FengQ_2015,0,0.3993442600881497
stratified_target_adaptive,SID31276,FengQ_2015,1,0.4308307385329603
stratified_target_adaptive,SID31285,FengQ_2015,1,0.40062477846932165
stratified_target_adaptive,SID31300,FengQ_2015,0,0.44606632770078386
stratified_target_adaptive,SID31328,FengQ_2015,0,0.49393318563978567
stratified_target_adaptive,SID31333,FengQ_2015,0,0.4032167367263677
stratified_target_adaptive,SID31343,FengQ_2015,0,0.5554482798667605
stratified_target_adaptive,SID31360,FengQ_2015,0,0.499876293784813
stratified_target_adaptive,SID31367,FengQ_2015,1,0.6533547489270735
stratified_target_adaptive,SID31379,FengQ_2015,0,0.5391430583030349
stratified_target_adaptive,SID31416,FengQ_2015,0,0.416137559562928
stratified_target_adaptive,SID31428,FengQ_2015,0,0.3692201924564747
stratified_target_adaptive,SID31446,FengQ_2015,1,0.6623926915424423
stratified_target_adaptive,SID31450,FengQ_2015,0,0.5960723512412016
stratified_target_adaptive,SID31452,FengQ_2015,0,0.39766869194425813
stratified_target_adaptive,SID31489,FengQ_2015,1,0.7810658065240379
stratified_target_adaptive,SID31493,FengQ_2015,1,0.7006994352578573
stratified_target_adaptive,SID31512,FengQ_2015,0,0.4574640661113174
stratified_target_adaptive,SID31519,FengQ_2015,0,0.36637258197521133
stratified_target_adaptive,SID31537,FengQ_2015,0,0.40262607816128887
stratified_target_adaptive,SID31549,FengQ_2015,1,0.5753759636748256
stratified_target_adaptive,SID31557,FengQ_2015,0,0.42625301897865897
stratified_target_adaptive,SID31637,FengQ_2015,0,0.4725904244306891
stratified_target_adaptive,SID31685,FengQ_2015,1,0.5871254694291698
stratified_target_adaptive,SID31700,FengQ_2015,0,0.44341744174395187
stratified_target_adaptive,SID31711,FengQ_2015,0,0.5235209068821391
stratified_target_adaptive,SID31714,FengQ_2015,0,0.44035852555935323
stratified_target_adaptive,SID31723,FengQ_2015,0,0.55782385849994
stratified_target_adaptive,SID31749,FengQ_2015,0,0.4714807825514118
stratified_target_adaptive,SID31750,FengQ_2015,0,0.48566218156694485
stratified_target_adaptive,SID31766,FengQ_2015,0,0.2988874122778547
stratified_target_adaptive,SID31865,FengQ_2015,1,0.4504886458515343
stratified_target_adaptive,SID31866,FengQ_2015,1,0.7993047397593491
stratified_target_adaptive,SID31868,FengQ_2015,1,0.6356202439140834
stratified_target_adaptive,SID31870,FengQ_2015,1,0.516338147159851
stratified_target_adaptive,SID31871,FengQ_2015,1,0.411027904907128
stratified_target_adaptive,SID31872,FengQ_2015,1,0.6021906833057219
stratified_target_adaptive,SID31873,FengQ_2015,1,0.766040829732195
stratified_target_adaptive,SID31874,FengQ_2015,1,0.5213335993766868
stratified_target_adaptive,SID31875,FengQ_2015,1,0.5912598215249264
stratified_target_adaptive,SID31876,FengQ_2015,1,0.6365526752604647
stratified_target_adaptive,SID31877,FengQ_2015,1,0.42582549352875787
stratified_target_adaptive,SID31878,FengQ_2015,1,0.5847234488075497
stratified_target_adaptive,SID31879,FengQ_2015,1,0.5756295685821496
stratified_target_adaptive,SID31880,FengQ_2015,1,0.7862963976196875
stratified_target_adaptive,SID31881,FengQ_2015,1,0.7258051383106251
stratified_target_adaptive,SID31883,FengQ_2015,1,0.6857336969458062
stratified_target_adaptive,SID31884,FengQ_2015,1,0.7166573897395478
stratified_target_adaptive,SID530050,FengQ_2015,0,0.44949578964930675
stratified_target_adaptive,SID530052,FengQ_2015,0,0.38520683958904084
stratified_target_adaptive,SID530055,FengQ_2015,0,0.3235043919193025
stratified_target_adaptive,SID530074,FengQ_2015,0,0.36996829171057577
stratified_target_adaptive,SID530075,FengQ_2015,0,0.3483662533606545
stratified_target_adaptive,SID530119,FengQ_2015,0,0.4914382537820674
stratified_target_adaptive,SID530154,FengQ_2015,0,0.46765831867309055
stratified_target_adaptive,SID530163,FengQ_2015,0,0.5192766113079887
stratified_target_adaptive,SID530167,FengQ_2015,0,0.4233369262106404
stratified_target_adaptive,SID530177,FengQ_2015,0,0.36019595141348565
stratified_target_adaptive,SID530215,FengQ_2015,0,0.45152351563678256
stratified_target_adaptive,SID530227,FengQ_2015,0,0.6052319038727009
stratified_target_adaptive,SID530251,FengQ_2015,0,0.28877806286966834
stratified_target_adaptive,SID530258,FengQ_2015,0,0.5198779456036148
stratified_target_adaptive,SID530295,FengQ_2015,0,0.4365244107546483
stratified_target_adaptive,SID530315,FengQ_2015,0,0.46086209031421405
stratified_target_adaptive,SID530331,FengQ_2015,0,0.42570581131535723
stratified_target_adaptive,SID530364,FengQ_2015,0,0.4439249005274733
stratified_target_adaptive,SID530368,FengQ_2015,0,0.35507324465034135
stratified_target_adaptive,SID530373,FengQ_2015,1,0.6526628380242657
stratified_target_adaptive,SID530394,FengQ_2015,0,0.5679221290938968
stratified_target_adaptive,SID530444,FengQ_2015,0,0.5041467074950344
stratified_target_adaptive,SID530451,FengQ_2015,0,0.48620540679862073
stratified_target_adaptive,SID530890,FengQ_2015,1,0.4228713547834024
stratified_target_adaptive,SID531128,FengQ_2015,1,0.5697091159168222
stratified_target_adaptive,SID531155,FengQ_2015,1,0.38340689461515287
stratified_target_adaptive,SID531248,FengQ_2015,1,0.5012414420414198
stratified_target_adaptive,SID531274,FengQ_2015,1,0.6677736442650267
stratified_target_adaptive,SID531277,FengQ_2015,1,0.45030328241618117
stratified_target_adaptive,SID531281,FengQ_2015,1,0.36903729475230784
stratified_target_adaptive,SID531333,FengQ_2015,1,0.5779835800454873
stratified_target_adaptive,SID531352,FengQ_2015,1,0.7391448707383818
stratified_target_adaptive,SID531361,FengQ_2015,1,0.4539822958555754
stratified_target_adaptive,SID531382,FengQ_2015,1,0.6284521147575189
stratified_target_adaptive,SID531414,FengQ_2015,0,0.3406695995098554
stratified_target_adaptive,SID531416,FengQ_2015,1,0.5988240310844578
stratified_target_adaptive,SID531424,FengQ_2015,0,0.47355609455703634
stratified_target_adaptive,SID531469,FengQ_2015,1,0.5220028948126622
stratified_target_adaptive,SID531766,FengQ_2015,1,0.5088190028564685
stratified_target_adaptive,SID531775,FengQ_2015,1,0.6161138666313146
stratified_target_adaptive,SID532749,FengQ_2015,0,0.5329955520783253
stratified_target_adaptive,SID532779,FengQ_2015,0,0.42355750374840645
stratified_target_adaptive,SID532796,FengQ_2015,0,0.6089739551155724
stratified_target_adaptive,SID532802,FengQ_2015,0,0.4772186347678693
stratified_target_adaptive,SID532826,FengQ_2015,0,0.4483006959151308
stratified_target_adaptive,SID532915,FengQ_2015,0,0.6090875256364608
species_source_only,GupDM_JP,GuptaA_2019,1,0.6308103490800184
species_source_only,GupDM_JG,GuptaA_2019,1,0.3470010721383769
species_source_only,GupDM_A4,GuptaA_2019,1,0.7650786812638078
species_source_only,GupDM_JM,GuptaA_2019,1,0.6563789058775317
species_source_only,GupDM_A13,GuptaA_2019,1,0.3654243075052715
species_source_only,GupDM_JK,GuptaA_2019,1,0.5497753826850281
species_source_only,GupDM_JI,GuptaA_2019,1,0.8774818169829149
species_source_only,GupDM_A7,GuptaA_2019,1,0.44462107336120044
species_source_only,GupDM_A2,GuptaA_2019,1,0.7479082234081763
species_source_only,GupDM_A_11,GuptaA_2019,1,0.6883668004573434
species_source_only,GupDM_JC,GuptaA_2019,1,0.6090922326514223
species_source_only,GupDM_JN,GuptaA_2019,1,0.6735300846477832
species_source_only,GupDM_JJ,GuptaA_2019,1,0.6844732583275023
species_source_only,GupDM_JO,GuptaA_2019,1,0.8338982646962023
species_source_only,GupDM_A1,GuptaA_2019,1,0.6992154042056459
species_source_only,GupDM_JE,GuptaA_2019,1,0.5033650158884309
species_source_only,GupDM_A12,GuptaA_2019,1,0.49625693172523844
species_source_only,GupDM_JL,GuptaA_2019,1,0.4822466638329367
species_source_only,GupDM_A14,GuptaA_2019,1,0.5257177341245709
species_source_only,GupDM_A8,GuptaA_2019,1,0.4822449925518255
species_source_only,GupDM_A3,GuptaA_2019,1,0.5525802657007032
species_source_only,GupDM_A10,GuptaA_2019,1,0.5074454682929826
species_source_only,GupDM_A5,GuptaA_2019,1,0.8117495057180256
species_source_only,GupDM_A_15,GuptaA_2019,1,0.48922823932981757
species_source_only,GupDM_JH,GuptaA_2019,1,0.5281474070818037
species_source_only,GupDM_JD,GuptaA_2019,1,0.6667062119177861
species_source_only,GupDM_A9,GuptaA_2019,1,0.5166312126616743
species_source_only,GupDM_A6,GuptaA_2019,1,0.48819557586492546
species_source_only,GupDM_JB,GuptaA_2019,1,0.8192524313974826
species_source_only,GupDM_JA,GuptaA_2019,1,0.44094409190769673
species_source_only,GupDM_HAK,GuptaA_2019,0,0.3564002556031031
species_source_only,GupDM_HAJ,GuptaA_2019,0,0.35842840128318976
species_source_only,GupDM_HAI,GuptaA_2019,0,0.37489295064880496
species_source_only,GupDM_HAH,GuptaA_2019,0,0.389379760772723
species_source_only,GupDM_HAG,GuptaA_2019,0,0.42218818652027346
species_source_only,GupDM_HAL,GuptaA_2019,0,0.3760355457924443
species_source_only,GupDM_HAM,GuptaA_2019,0,0.37412791150197305
species_source_only,GupDM_HAN,GuptaA_2019,0,0.33623849831068814
species_source_only,GupDM_HAO,GuptaA_2019,0,0.39559025444575596
species_source_only,GupDM_HAP,GuptaA_2019,0,0.35987960025824006
species_source_only,GupDM_HAR,GuptaA_2019,0,0.43426470991141447
species_source_only,GupDM_HAT,GuptaA_2019,0,0.3647868570164412
species_source_only,GupDM_HDF,GuptaA_2019,0,0.40578288495900267
species_source_only,GupDM_HDB,GuptaA_2019,0,0.30798292928480564
species_source_only,GupDM_HCY,GuptaA_2019,0,0.41066604857132705
species_source_only,GupDM_HCL,GuptaA_2019,0,0.4742690304616797
species_source_only,GupDM_HCU,GuptaA_2019,0,0.5312630765679022
species_source_only,GupDM_HCV,GuptaA_2019,0,0.40193014394070214
species_source_only,GupDM_HCQ,GuptaA_2019,0,0.3494512482032195
species_source_only,GupDM_HCR,GuptaA_2019,0,0.3425909289496968
species_source_only,GupDM_HCS,GuptaA_2019,0,0.4013046883195541
species_source_only,GupDM_HCT,GuptaA_2019,0,0.4099845487598617
species_source_only,GupDM_HCM,GuptaA_2019,0,0.4082954466920313
species_source_only,GupDM_HCN,GuptaA_2019,0,0.3777613211611835
species_source_only,GupDM_HCO,GuptaA_2019,0,0.3756944437293893
species_source_only,GupDM_HCP,GuptaA_2019,0,0.568986743935387
species_source_only,GupDM_HP,GuptaA_2019,0,0.41219405901258016
species_source_only,GupDM_HS,GuptaA_2019,0,0.40251740929248436
species_source_only,GupDM_HR,GuptaA_2019,0,0.3976234584062388
species_source_only,GupDM_HBR,GuptaA_2019,0,0.3034203533988233
stratified_source_only,GupDM_JP,GuptaA_2019,1,0.6537382587054986
stratified_source_only,GupDM_JG,GuptaA_2019,1,0.601341198858794
stratified_source_only,GupDM_A4,GuptaA_2019,1,0.7443978922290628
stratified_source_only,GupDM_JM,GuptaA_2019,1,0.7907691969583512
stratified_source_only,GupDM_A13,GuptaA_2019,1,0.5451351276465131
stratified_source_only,GupDM_JK,GuptaA_2019,1,0.6604953576307531
stratified_source_only,GupDM_JI,GuptaA_2019,1,0.8268797252509332
stratified_source_only,GupDM_A7,GuptaA_2019,1,0.59556164372144
stratified_source_only,GupDM_A2,GuptaA_2019,1,0.7342828279291304
stratified_source_only,GupDM_A_11,GuptaA_2019,1,0.7494180760850714
stratified_source_only,GupDM_JC,GuptaA_2019,1,0.7759853948631764
stratified_source_only,GupDM_JN,GuptaA_2019,1,0.7734173452907018
stratified_source_only,GupDM_JJ,GuptaA_2019,1,0.768498427934464
stratified_source_only,GupDM_JO,GuptaA_2019,1,0.8373640009540476
stratified_source_only,GupDM_A1,GuptaA_2019,1,0.6485811530719331
stratified_source_only,GupDM_JE,GuptaA_2019,1,0.5403831148164021
stratified_source_only,GupDM_A12,GuptaA_2019,1,0.5350919518169127
stratified_source_only,GupDM_JL,GuptaA_2019,1,0.5582669140367326
stratified_source_only,GupDM_A14,GuptaA_2019,1,0.7195038203747395
stratified_source_only,GupDM_A8,GuptaA_2019,1,0.5073293061378937
stratified_source_only,GupDM_A3,GuptaA_2019,1,0.5911513858907158
stratified_source_only,GupDM_A10,GuptaA_2019,1,0.6716322266229925
stratified_source_only,GupDM_A5,GuptaA_2019,1,0.6802114603844415
stratified_source_only,GupDM_A_15,GuptaA_2019,1,0.5038379392962434
stratified_source_only,GupDM_JH,GuptaA_2019,1,0.6381263358147359
stratified_source_only,GupDM_JD,GuptaA_2019,1,0.7756288628056057
stratified_source_only,GupDM_A9,GuptaA_2019,1,0.5775519523106317
stratified_source_only,GupDM_A6,GuptaA_2019,1,0.5625060532141452
stratified_source_only,GupDM_JB,GuptaA_2019,1,0.6792496228873145
stratified_source_only,GupDM_JA,GuptaA_2019,1,0.540639713296415
stratified_source_only,GupDM_HAK,GuptaA_2019,0,0.4792625471304903
stratified_source_only,GupDM_HAJ,GuptaA_2019,0,0.5007816533180258
stratified_source_only,GupDM_HAI,GuptaA_2019,0,0.44710239376289995
stratified_source_only,GupDM_HAH,GuptaA_2019,0,0.4872897296472705
stratified_source_only,GupDM_HAG,GuptaA_2019,0,0.5178843409031713
stratified_source_only,GupDM_HAL,GuptaA_2019,0,0.4967066518511907
stratified_source_only,GupDM_HAM,GuptaA_2019,0,0.43681067315710687
stratified_source_only,GupDM_HAN,GuptaA_2019,0,0.39129570655351276
stratified_source_only,GupDM_HAO,GuptaA_2019,0,0.41176898104905996
stratified_source_only,GupDM_HAP,GuptaA_2019,0,0.5111562708666278
stratified_source_only,GupDM_HAR,GuptaA_2019,0,0.5151672977581776
stratified_source_only,GupDM_HAT,GuptaA_2019,0,0.6183895149641759
stratified_source_only,GupDM_HDF,GuptaA_2019,0,0.48982174761769864
stratified_source_only,GupDM_HDB,GuptaA_2019,0,0.3675035435496972
stratified_source_only,GupDM_HCY,GuptaA_2019,0,0.7301473632509687
stratified_source_only,GupDM_HCL,GuptaA_2019,0,0.4248298491998596
stratified_source_only,GupDM_HCU,GuptaA_2019,0,0.6594532933313143
stratified_source_only,GupDM_HCV,GuptaA_2019,0,0.46931198898538257
stratified_source_only,GupDM_HCQ,GuptaA_2019,0,0.47923607126819956
stratified_source_only,GupDM_HCR,GuptaA_2019,0,0.5684605820228875
stratified_source_only,GupDM_HCS,GuptaA_2019,0,0.4832532832058562
stratified_source_only,GupDM_HCT,GuptaA_2019,0,0.4196250827108055
stratified_source_only,GupDM_HCM,GuptaA_2019,0,0.49022945790325745
stratified_source_only,GupDM_HCN,GuptaA_2019,0,0.4840857471068676
stratified_source_only,GupDM_HCO,GuptaA_2019,0,0.4847703185338994
stratified_source_only,GupDM_HCP,GuptaA_2019,0,0.697401993497801
stratified_source_only,GupDM_HP,GuptaA_2019,0,0.38670428621636566
stratified_source_only,GupDM_HS,GuptaA_2019,0,0.5036762039356983
stratified_source_only,GupDM_HR,GuptaA_2019,0,0.5821936183550248
stratified_source_only,GupDM_HBR,GuptaA_2019,0,0.3430911948022361
stratified_target_adaptive,GupDM_JP,GuptaA_2019,1,0.6312415787203222
stratified_target_adaptive,GupDM_JG,GuptaA_2019,1,0.557479920739937
stratified_target_adaptive,GupDM_A4,GuptaA_2019,1,0.7097903822320183
stratified_target_adaptive,GupDM_JM,GuptaA_2019,1,0.7375379870085224
stratified_target_adaptive,GupDM_A13,GuptaA_2019,1,0.484138954059486
stratified_target_adaptive,GupDM_JK,GuptaA_2019,1,0.6246038654834076
stratified_target_adaptive,GupDM_JI,GuptaA_2019,1,0.8087187000367484
stratified_target_adaptive,GupDM_A7,GuptaA_2019,1,0.5326366557497545
stratified_target_adaptive,GupDM_A2,GuptaA_2019,1,0.7369841370049787
stratified_target_adaptive,GupDM_A_11,GuptaA_2019,1,0.7424217600813948
stratified_target_adaptive,GupDM_JC,GuptaA_2019,1,0.7685083187402827
stratified_target_adaptive,GupDM_JN,GuptaA_2019,1,0.719060325499905
stratified_target_adaptive,GupDM_JJ,GuptaA_2019,1,0.7707697561818361
stratified_target_adaptive,GupDM_JO,GuptaA_2019,1,0.8205218052096106
stratified_target_adaptive,GupDM_A1,GuptaA_2019,1,0.6981812280505217
stratified_target_adaptive,GupDM_JE,GuptaA_2019,1,0.5529554185291772
stratified_target_adaptive,GupDM_A12,GuptaA_2019,1,0.5880292343986991
stratified_target_adaptive,GupDM_JL,GuptaA_2019,1,0.5736995401949532
stratified_target_adaptive,GupDM_A14,GuptaA_2019,1,0.6528384507316455
stratified_target_adaptive,GupDM_A8,GuptaA_2019,1,0.49481281069134625
stratified_target_adaptive,GupDM_A3,GuptaA_2019,1,0.5570152386573827
stratified_target_adaptive,GupDM_A10,GuptaA_2019,1,0.624264817668893
stratified_target_adaptive,GupDM_A5,GuptaA_2019,1,0.6956711336177878
stratified_target_adaptive,GupDM_A_15,GuptaA_2019,1,0.5068417273035476
stratified_target_adaptive,GupDM_JH,GuptaA_2019,1,0.5937312255080617
stratified_target_adaptive,GupDM_JD,GuptaA_2019,1,0.7784151271483638
stratified_target_adaptive,GupDM_A9,GuptaA_2019,1,0.5200790058331249
stratified_target_adaptive,GupDM_A6,GuptaA_2019,1,0.5268763250882625
stratified_target_adaptive,GupDM_JB,GuptaA_2019,1,0.6710922427573406
stratified_target_adaptive,GupDM_JA,GuptaA_2019,1,0.5509122397613513
stratified_target_adaptive,GupDM_HAK,GuptaA_2019,0,0.44297678859996714
stratified_target_adaptive,GupDM_HAJ,GuptaA_2019,0,0.48112548590456694
stratified_target_adaptive,GupDM_HAI,GuptaA_2019,0,0.4203517733398578
stratified_target_adaptive,GupDM_HAH,GuptaA_2019,0,0.4639462581808725
stratified_target_adaptive,GupDM_HAG,GuptaA_2019,0,0.5173830047961575
stratified_target_adaptive,GupDM_HAL,GuptaA_2019,0,0.46188032210288366
stratified_target_adaptive,GupDM_HAM,GuptaA_2019,0,0.4086928325802272
stratified_target_adaptive,GupDM_HAN,GuptaA_2019,0,0.4204886931929861
stratified_target_adaptive,GupDM_HAO,GuptaA_2019,0,0.4079170565174746
stratified_target_adaptive,GupDM_HAP,GuptaA_2019,0,0.5046236147814912
stratified_target_adaptive,GupDM_HAR,GuptaA_2019,0,0.5295325219673994
stratified_target_adaptive,GupDM_HAT,GuptaA_2019,0,0.5966054131322102
stratified_target_adaptive,GupDM_HDF,GuptaA_2019,0,0.467179164329704
stratified_target_adaptive,GupDM_HDB,GuptaA_2019,0,0.3516283541939026
stratified_target_adaptive,GupDM_HCY,GuptaA_2019,0,0.6950222281397258
stratified_target_adaptive,GupDM_HCL,GuptaA_2019,0,0.4275145123219619
stratified_target_adaptive,GupDM_HCU,GuptaA_2019,0,0.5920377408016675
stratified_target_adaptive,GupDM_HCV,GuptaA_2019,0,0.46301402404879777
stratified_target_adaptive,GupDM_HCQ,GuptaA_2019,0,0.5298264951046605
stratified_target_adaptive,GupDM_HCR,GuptaA_2019,0,0.5477318705721549
stratified_target_adaptive,GupDM_HCS,GuptaA_2019,0,0.47745415851962114
stratified_target_adaptive,GupDM_HCT,GuptaA_2019,0,0.4216349557925498
stratified_target_adaptive,GupDM_HCM,GuptaA_2019,0,0.4381061680864954
stratified_target_adaptive,GupDM_HCN,GuptaA_2019,0,0.45874036929497913
stratified_target_adaptive,GupDM_HCO,GuptaA_2019,0,0.48988560609060744
stratified_target_adaptive,GupDM_HCP,GuptaA_2019,0,0.6669296431816409
stratified_target_adaptive,GupDM_HP,GuptaA_2019,0,0.38699682163354665
stratified_target_adaptive,GupDM_HS,GuptaA_2019,0,0.5069367470442601
stratified_target_adaptive,GupDM_HR,GuptaA_2019,0,0.5964578829199936
stratified_target_adaptive,GupDM_HBR,GuptaA_2019,0,0.334846435949925
species_source_only,LILT_GF06_16,ThomasAM_2018a,0,0.611511300953948
species_source_only,LILT_GF15_16,ThomasAM_2018a,1,0.3998507329272037
species_source_only,LILT_VF00TL_16,ThomasAM_2018a,0,0.32947784046019335
species_source_only,LILT_VF06_16,ThomasAM_2018a,0,0.6548940610043553
species_source_only,LILT_VF100_T016,ThomasAM_2018a,1,0.5856506889309524
species_source_only,LILT_VF107_16,ThomasAM_2018a,1,0.6711289338112869
species_source_only,LILT_VF114_T017,ThomasAM_2018a,1,0.5015261252936946
species_source_only,LILT_VF120_16,ThomasAM_2018a,1,0.48883685954568307
species_source_only,LILT_VF145_T017,ThomasAM_2018a,1,0.5191194872121341
species_source_only,LILT_VF154_T017,ThomasAM_2018a,1,0.38906031636921695
species_source_only,LILT_VF166_T017,ThomasAM_2018a,1,0.878937328031446
species_source_only,LILT_VF174_T017,ThomasAM_2018a,1,0.489030125086472
species_source_only,LILT_VF176_T017,ThomasAM_2018a,1,0.5787838407464571
species_source_only,LILT_VF192_T017,ThomasAM_2018a,1,0.6996440307198823
species_source_only,LILT_VF29_16,ThomasAM_2018a,1,0.43709454091659955
species_source_only,LILT_VF31_16,ThomasAM_2018a,0,0.33050919913419924
species_source_only,LILT_VF40_16,ThomasAM_2018a,0,0.37598554468407397
species_source_only,LILT_VF43_16,ThomasAM_2018a,0,0.3516702644191037
species_source_only,LILT_VF65_16,ThomasAM_2018a,1,0.618837194994548
species_source_only,LILT_VF71_16,ThomasAM_2018a,1,0.5506659929939338
species_source_only,LILT_VF73_16,ThomasAM_2018a,1,0.6322938949938945
species_source_only,LILT_VF77_16,ThomasAM_2018a,1,0.5174903034444058
species_source_only,LILT_VF84_16,ThomasAM_2018a,0,0.38578548722519307
species_source_only,LILT_VF95_16,ThomasAM_2018a,1,0.6230726931393339
species_source_only,LILT_VF270_T017,ThomasAM_2018a,1,0.4786204138998257
species_source_only,LILT_VF207_T017,ThomasAM_2018a,1,0.5392574414147944
species_source_only,LILT_VF234_T017,ThomasAM_2018a,1,0.5528126640559299
species_source_only,LILT_VF217_T017,ThomasAM_2018a,1,0.47362607432986675
species_source_only,LILT_VF273_T017,ThomasAM_2018a,1,0.7419122337672643
species_source_only,LILT_VF208_T017,ThomasAM_2018a,1,0.348261654762506
species_source_only,LILT_VF281_T017,ThomasAM_2018a,1,0.5386779379117614
species_source_only,LILT_VF216_T017,ThomasAM_2018a,1,0.35797650650003565
species_source_only,LILT_VF232_T017,ThomasAM_2018a,1,0.4889932912117127
species_source_only,LILT_VF264_T017,ThomasAM_2018a,1,0.5477725042071793
species_source_only,LILT_VF251_T017,ThomasAM_2018a,1,0.4365676557360769
species_source_only,LILT_VF259_T016,ThomasAM_2018a,0,0.6827418784977307
species_source_only,LILT_VF255_T016,ThomasAM_2018a,0,0.25148194632165227
species_source_only,LILT_VF170_T016,ThomasAM_2018a,0,0.5269292953778246
species_source_only,LILT_VF206_T016,ThomasAM_2018a,0,0.38792637339440733
species_source_only,LILT_VF212_T016,ThomasAM_2018a,0,0.298988658726894
species_source_only,LILT_VF261_T016,ThomasAM_2018a,0,0.6961354371978214
species_source_only,LILT_VF262_T016,ThomasAM_2018a,0,0.2671144230812186
species_source_only,LILT_VF263_T016,ThomasAM_2018a,0,0.3030540426120148
species_source_only,LILT_VF265_T016,ThomasAM_2018a,0,0.3981095921708148
species_source_only,LILT_VF279_T016,ThomasAM_2018a,0,0.5458880743009998
species_source_only,LILT_VF300_T016,ThomasAM_2018a,1,0.5680741002461593
species_source_only,LILT_VF10_T016,ThomasAM_2018a,0,0.5930383283383284
species_source_only,LILT_VF140_T016,ThomasAM_2018a,0,0.48529353603912456
species_source_only,LILT_VF171_T016,ThomasAM_2018a,0,0.43731297432357785
species_source_only,LILT_VF18_T016,ThomasAM_2018a,0,0.48469912734324494
species_source_only,LILT_VF189_T016,ThomasAM_2018a,0,0.49746135257930946
species_source_only,LILT_VF28_T016,ThomasAM_2018a,0,0.49234637135310483
species_source_only,LILT_VF82_T016,ThomasAM_2018a,0,0.5079167360417363
stratified_source_only,LILT_GF06_16,ThomasAM_2018a,0,0.7916853189294365
stratified_source_only,LILT_GF15_16,ThomasAM_2018a,1,0.38799507600242894
stratified_source_only,LILT_VF00TL_16,ThomasAM_2018a,0,0.23320536685536686
stratified_source_only,LILT_VF06_16,ThomasAM_2018a,0,0.7162478214767687
stratified_source_only,LILT_VF100_T016,ThomasAM_2018a,1,0.6842382263161682
stratified_source_only,LILT_VF107_16,ThomasAM_2018a,1,0.5404305670679513
stratified_source_only,LILT_VF114_T017,ThomasAM_2018a,1,0.6044083603530973
stratified_source_only,LILT_VF120_16,ThomasAM_2018a,1,0.5813335354703774
stratified_source_only,LILT_VF145_T017,ThomasAM_2018a,1,0.5950400685485822
stratified_source_only,LILT_VF154_T017,ThomasAM_2018a,1,0.5444861542052717
stratified_source_only,LILT_VF166_T017,ThomasAM_2018a,1,0.9033450299700302
stratified_source_only,LILT_VF174_T017,ThomasAM_2018a,1,0.517086743811744
stratified_source_only,LILT_VF176_T017,ThomasAM_2018a,1,0.6293125131404544
stratified_source_only,LILT_VF192_T017,ThomasAM_2018a,1,0.7562899378399379
stratified_source_only,LILT_VF29_16,ThomasAM_2018a,1,0.5369517616370559
stratified_source_only,LILT_VF31_16,ThomasAM_2018a,0,0.3080861400037871
stratified_source_only,LILT_VF40_16,ThomasAM_2018a,0,0.43532931072195774
stratified_source_only,LILT_VF43_16,ThomasAM_2018a,0,0.48166739786701107
stratified_source_only,LILT_VF65_16,ThomasAM_2018a,1,0.7191284307196072
stratified_source_only,LILT_VF71_16,ThomasAM_2018a,1,0.7767750693750695
stratified_source_only,LILT_VF73_16,ThomasAM_2018a,1,0.6833229492729492
stratified_source_only,LILT_VF77_16,ThomasAM_2018a,1,0.5222689818093843
stratified_source_only,LILT_VF84_16,ThomasAM_2018a,0,0.3751280510339335
stratified_source_only,LILT_VF95_16,ThomasAM_2018a,1,0.7124619015487438
stratified_source_only,LILT_VF270_T017,ThomasAM_2018a,1,0.5903112212950449
stratified_source_only,LILT_VF207_T017,ThomasAM_2018a,1,0.5103328455857868
stratified_source_only,LILT_VF234_T017,ThomasAM_2018a,1,0.6600885281385283
stratified_source_only,LILT_VF217_T017,ThomasAM_2018a,1,0.6137301928463694
stratified_source_only,LILT_VF273_T017,ThomasAM_2018a,1,0.8147941191161777
stratified_source_only,LILT_VF208_T017,ThomasAM_2018a,1,0.304122783915431
stratified_source_only,LILT_VF281_T017,ThomasAM_2018a,1,0.6929899957541603
stratified_source_only,LILT_VF216_T017,ThomasAM_2018a,1,0.5436007379875024
stratified_source_only,LILT_VF232_T017,ThomasAM_2018a,1,0.6540471353809588
stratified_source_only,LILT_VF264_T017,ThomasAM_2018a,1,0.47130375000816205
stratified_source_only,LILT_VF251_T017,ThomasAM_2018a,1,0.5205864689404163
stratified_source_only,LILT_VF259_T016,ThomasAM_2018a,0,0.7745927062789291
stratified_source_only,LILT_VF255_T016,ThomasAM_2018a,0,0.271659570984571
stratified_source_only,LILT_VF170_T016,ThomasAM_2018a,0,0.522672160029513
stratified_source_only,LILT_VF206_T016,ThomasAM_2018a,0,0.3387731482569715
stratified_source_only,LILT_VF212_T016,ThomasAM_2018a,0,0.3675571226159463
stratified_source_only,LILT_VF261_T016,ThomasAM_2018a,0,0.706540268065268
stratified_source_only,LILT_VF262_T016,ThomasAM_2018a,0,0.30540469497822437
stratified_source_only,LILT_VF263_T016,ThomasAM_2018a,0,0.291751079639315
stratified_source_only,LILT_VF265_T016,ThomasAM_2018a,0,0.4593121280680107
stratified_source_only,LILT_VF279_T016,ThomasAM_2018a,0,0.7127174245345299
stratified_source_only,LILT_VF300_T016,ThomasAM_2018a,1,0.5967976140474593
stratified_source_only,LILT_VF10_T016,ThomasAM_2018a,0,0.6768227870169045
stratified_source_only,LILT_VF140_T016,ThomasAM_2018a,0,0.5128457165383636
stratified_source_only,LILT_VF171_T016,ThomasAM_2018a,0,0.4272082195582196
stratified_source_only,LILT_VF18_T016,ThomasAM_2018a,0,0.5770349652755221
stratified_source_only,LILT_VF189_T016,ThomasAM_2018a,0,0.49211713890684494
stratified_source_only,LILT_VF28_T016,ThomasAM_2018a,0,0.5735819972511148
stratified_source_only,LILT_VF82_T016,ThomasAM_2018a,0,0.5019080276448696
stratified_target_adaptive,LILT_GF06_16,ThomasAM_2018a,0,0.7855049406475876
stratified_target_adaptive,LILT_GF15_16,ThomasAM_2018a,1,0.3276848426083723
stratified_target_adaptive,LILT_VF00TL_16,ThomasAM_2018a,0,0.24300700769818423
stratified_target_adaptive,LILT_VF06_16,ThomasAM_2018a,0,0.5235550126000591
stratified_target_adaptive,LILT_VF100_T016,ThomasAM_2018a,1,0.5673122258060808
stratified_target_adaptive,LILT_VF107_16,ThomasAM_2018a,1,0.5865728692102535
stratified_target_adaptive,LILT_VF114_T017,ThomasAM_2018a,1,0.5446542216813115
stratified_target_adaptive,LILT_VF120_16,ThomasAM_2018a,1,0.517326436429068
stratified_target_adaptive,LILT_VF145_T017,ThomasAM_2018a,1,0.571740591125421
stratified_target_adaptive,LILT_VF154_T017,ThomasAM_2018a,1,0.5025919472684177
stratified_target_adaptive,LILT_VF166_T017,ThomasAM_2018a,1,0.8785425019425024
stratified_target_adaptive,LILT_VF174_T017,ThomasAM_2018a,1,0.4225417055167056
stratified_target_adaptive,LILT_VF176_T017,ThomasAM_2018a,1,0.5358558095155619
stratified_target_adaptive,LILT_VF192_T017,ThomasAM_2018a,1,0.656850058764765
stratified_target_adaptive,LILT_VF29_16,ThomasAM_2018a,1,0.5026099212878625
stratified_target_adaptive,LILT_VF31_16,ThomasAM_2018a,0,0.27334399832193956
stratified_target_adaptive,LILT_VF40_16,ThomasAM_2018a,0,0.37920494820796674
stratified_target_adaptive,LILT_VF43_16,ThomasAM_2018a,0,0.4651470796231632
stratified_target_adaptive,LILT_VF65_16,ThomasAM_2018a,1,0.6826453221614986
stratified_target_adaptive,LILT_VF71_16,ThomasAM_2018a,1,0.7142000610500612
stratified_target_adaptive,LILT_VF73_16,ThomasAM_2018a,1,0.6890824841824842
stratified_target_adaptive,LILT_VF77_16,ThomasAM_2018a,1,0.523563088356432
stratified_target_adaptive,LILT_VF84_16,ThomasAM_2018a,0,0.3372002060031475
stratified_target_adaptive,LILT_VF95_16,ThomasAM_2018a,1,0.6827509720671487
stratified_target_adaptive,LILT_VF270_T017,ThomasAM_2018a,1,0.5671755446393995
stratified_target_adaptive,LILT_VF207_T017,ThomasAM_2018a,1,0.3824915639571984
stratified_target_adaptive,LILT_VF234_T017,ThomasAM_2018a,1,0.6307866466866467
stratified_target_adaptive,LILT_VF217_T017,ThomasAM_2018a,1,0.5628827987372103
stratified_target_adaptive,LILT_VF273_T017,ThomasAM_2018a,1,0.7767858842138251
stratified_target_adaptive,LILT_VF208_T017,ThomasAM_2018a,1,0.28258886701533775
stratified_target_adaptive,LILT_VF281_T017,ThomasAM_2018a,1,0.6489960517896278
stratified_target_adaptive,LILT_VF216_T017,ThomasAM_2018a,1,0.5295056596997771
stratified_target_adaptive,LILT_VF232_T017,ThomasAM_2018a,1,0.6217865515203755
stratified_target_adaptive,LILT_VF264_T017,ThomasAM_2018a,1,0.4551606855562738
stratified_target_adaptive,LILT_VF251_T017,ThomasAM_2018a,1,0.41893839479234213
stratified_target_adaptive,LILT_VF259_T016,ThomasAM_2018a,0,0.6900622328308089
stratified_target_adaptive,LILT_VF255_T016,ThomasAM_2018a,0,0.2863241647241647
stratified_target_adaptive,LILT_VF170_T016,ThomasAM_2018a,0,0.48190659570907235
stratified_target_adaptive,LILT_VF206_T016,ThomasAM_2018a,0,0.3902991007358654
stratified_target_adaptive,LILT_VF212_T016,ThomasAM_2018a,0,0.2912904539904541
stratified_target_adaptive,LILT_VF261_T016,ThomasAM_2018a,0,0.6248725294313531
stratified_target_adaptive,LILT_VF262_T016,ThomasAM_2018a,0,0.383669878779631
stratified_target_adaptive,LILT_VF263_T016,ThomasAM_2018a,0,0.3618050823015993
stratified_target_adaptive,LILT_VF265_T016,ThomasAM_2018a,0,0.3767676567326724
stratified_target_adaptive,LILT_VF279_T016,ThomasAM_2018a,0,0.6472712706883752
stratified_target_adaptive,LILT_VF300_T016,ThomasAM_2018a,1,0.613673581973582
stratified_target_adaptive,LILT_VF10_T016,ThomasAM_2018a,0,0.5299399115590292
stratified_target_adaptive,LILT_VF140_T016,ThomasAM_2018a,0,0.3601120653426381
stratified_target_adaptive,LILT_VF171_T016,ThomasAM_2018a,0,0.43360031080031075
stratified_target_adaptive,LILT_VF18_T016,ThomasAM_2018a,0,0.5599601245160069
stratified_target_adaptive,LILT_VF189_T016,ThomasAM_2018a,0,0.3718709073606135
stratified_target_adaptive,LILT_VF28_T016,ThomasAM_2018a,0,0.545299960660255
stratified_target_adaptive,LILT_VF82_T016,ThomasAM_2018a,0,0.4965025383113618
species_source_only,CRC_MR_SBJ01C_17,ThomasAM_2018b,1,0.6693241848021257
species_source_only,CRC_MR_SBJ02C_17,ThomasAM_2018b,1,0.7038570124320122
species_source_only,CRC_MR_SBJ03H_17,ThomasAM_2018b,0,0.5179375412169529
species_source_only,CRC_MR_SBJ04C_17,ThomasAM_2018b,1,0.31013078522784404
species_source_only,CRC_MR_SBJ05C_17,ThomasAM_2018b,1,0.47959188168212924
species_source_only,CRC_MR_SBJ06C_17,ThomasAM_2018b,1,0.4101441176470588
species_source_only,CRC_MR_SBJ07C_17,ThomasAM_2018b,1,0.891689441114441
species_source_only,CRC_MR_SBJ10C_17,ThomasAM_2018b,1,0.7616298172415824
species_source_only,CRC_MR_SBJ11C_17,ThomasAM_2018b,1,0.5733420141176331
species_source_only,CRC_MR_SBJ12C_17,ThomasAM_2018b,1,0.5053545482295481
species_source_only,CRC_MR_SBJ16H_17,ThomasAM_2018b,0,0.2641183032224054
species_source_only,CRC_MR_SBJ17H_17,ThomasAM_2018b,0,0.4309895187715624
species_source_only,CRC_MR_SBJ18H_17,ThomasAM_2018b,0,0.3603070112034507
species_source_only,CRC_MR_SBJ20C_17,ThomasAM_2018b,1,0.7680803526882474
species_source_only,CRC_MR_SBJ21H_17,ThomasAM_2018b,0,0.28636886185709703
species_source_only,CRC_MR_SBJ22C_17,ThomasAM_2018b,1,0.6695143661893664
species_source_only,CRC_MR_SBJ24H_17,ThomasAM_2018b,0,0.3533636590361822
species_source_only,CRC_MR_SBJ25C_17,ThomasAM_2018b,1,0.7721717176614239
species_source_only,CRC_MR_SBJ26C_17,ThomasAM_2018b,1,0.7153872122975066
species_source_only,CRC_MR_SBJ27C_17,ThomasAM_2018b,1,0.5449195636982183
species_source_only,CRC_MR_SBJ29C_17,ThomasAM_2018b,1,0.4862458690002808
species_source_only,CRC_MR_SBJ31C_17,ThomasAM_2018b,1,0.6550720839617901
species_source_only,CRC_MR_SBJ32C_17,ThomasAM_2018b,1,0.7493219158292689
species_source_only,CRC_MR_SBJ33C_17,ThomasAM_2018b,1,0.26696570546756315
species_source_only,CRC_MR_SBJ34H_17,ThomasAM_2018b,0,0.41287826503561836
species_source_only,CRC_MR_SBJ35C_17,ThomasAM_2018b,1,0.6743626288743929
species_source_only,CRC_MR_SBJ36C_17,ThomasAM_2018b,1,0.28790924239159543
species_source_only,CRC_MR_SBJ37H_17,ThomasAM_2018b,0,0.28599179982384315
species_source_only,CRC_MR_SBJ39C_17,ThomasAM_2018b,1,0.4084810500880194
species_source_only,CRC_MR_SBJ40C_17,ThomasAM_2018b,1,0.8213594581888701
species_source_only,CRC_MR_SBJ42C_17,ThomasAM_2018b,1,0.8708424309350778
species_source_only,CRC_MR_SBJ45H_17,ThomasAM_2018b,0,0.3873573529927244
species_source_only,CRC_MR_SBJ46H_17,ThomasAM_2018b,0,0.34293501805212323
species_source_only,CRC_MR_SBJ47C_17,ThomasAM_2018b,1,0.5712789527465999
species_source_only,CRC_MR_SBJ49C_17,ThomasAM_2018b,1,0.5024066578158682
species_source_only,CRC_MR_SBJ50C_17,ThomasAM_2018b,1,0.8053252979476667
species_source_only,CRC_MR_SBJ51C_17,ThomasAM_2018b,1,0.6413913033045384
species_source_only,CRC_MR_SBJ52C_17,ThomasAM_2018b,1,0.4653570794960114
species_source_only,CRC_MR_SBJ53C_17,ThomasAM_2018b,1,0.38461079557697214
species_source_only,CRC_MR_SBJ55C_17,ThomasAM_2018b,1,0.5193114485505519
species_source_only,CRC_MR_SBJ57H_17,ThomasAM_2018b,0,0.3799969225219223
species_source_only,CRC_MR_SBJ60H_17,ThomasAM_2018b,0,0.4649252324189023
species_source_only,CRC_MR_SBJ61C_17,ThomasAM_2018b,1,0.72294656483867
species_source_only,CRC_MR_SBJ63H_17,ThomasAM_2018b,0,0.48882792114146617
species_source_only,CRC_MR_SBJ64C_17,ThomasAM_2018b,1,0.7835866161616163
species_source_only,CRC_MR_SBJ65H_17,ThomasAM_2018b,0,0.3009889363989982
species_source_only,CRC_MR_SBJ67H_17,ThomasAM_2018b,0,0.42674873701887767
species_source_only,CRC_MR_SBJ68H_17,ThomasAM_2018b,0,0.4357976467976467
species_source_only,CRC_MR_SBJ69H_17,ThomasAM_2018b,0,0.4451063815269698
species_source_only,CRC_MR_SBJ73H_17,ThomasAM_2018b,0,0.2921662314379808
species_source_only,CRC_MR_SBJ74H_17,ThomasAM_2018b,0,0.2391570395290983
species_source_only,CRC_MR_SBJ75H_17,ThomasAM_2018b,0,0.48264302009480015
species_source_only,CRC_MR_SBJ77H_17,ThomasAM_2018b,0,0.4567864078731722
species_source_only,CRC_MR_SBJ78H_17,ThomasAM_2018b,0,0.4122659130085599
species_source_only,CRC_MR_SBJ79H_17,ThomasAM_2018b,0,0.466863031610632
species_source_only,CRC_MR_SBJ80H_17,ThomasAM_2018b,0,0.3204124075271134
species_source_only,CRC_MR_SBJ81H_17,ThomasAM_2018b,0,0.4813393368499408
species_source_only,CRC_MR_SBJ82H_17,ThomasAM_2018b,0,0.30878502592179086
species_source_only,CRC_MR_SBJ83H_17,ThomasAM_2018b,0,0.2763346562450279
species_source_only,CRC_MR_SBJ84H_17,ThomasAM_2018b,0,0.5114602367532707
stratified_source_only,CRC_MR_SBJ01C_17,ThomasAM_2018b,1,0.5078428210678211
stratified_source_only,CRC_MR_SBJ02C_17,ThomasAM_2018b,1,0.5372226293314529
stratified_source_only,CRC_MR_SBJ03H_17,ThomasAM_2018b,0,0.5462216655893127
stratified_source_only,CRC_MR_SBJ04C_17,ThomasAM_2018b,1,0.3764418914418912
stratified_source_only,CRC_MR_SBJ05C_17,ThomasAM_2018b,1,0.4189727929792945
stratified_source_only,CRC_MR_SBJ06C_17,ThomasAM_2018b,1,0.3834981401037902
stratified_source_only,CRC_MR_SBJ07C_17,ThomasAM_2018b,1,0.8427997269070797
stratified_source_only,CRC_MR_SBJ10C_17,ThomasAM_2018b,1,0.6633553440024031
stratified_source_only,CRC_MR_SBJ11C_17,ThomasAM_2018b,1,0.47737898315135185
stratified_source_only,CRC_MR_SBJ12C_17,ThomasAM_2018b,1,0.45475145246909965
stratified_source_only,CRC_MR_SBJ16H_17,ThomasAM_2018b,0,0.31680238960386026
stratified_source_only,CRC_MR_SBJ17H_17,ThomasAM_2018b,0,0.39347085137085136
stratified_source_only,CRC_MR_SBJ18H_17,ThomasAM_2018b,0,0.3833138610013997
stratified_source_only,CRC_MR_SBJ20C_17,ThomasAM_2018b,1,0.6566211504182095
stratified_source_only,CRC_MR_SBJ21H_17,ThomasAM_2018b,0,0.32662131544925666
stratified_source_only,CRC_MR_SBJ22C_17,ThomasAM_2018b,1,0.4666595476419008
stratified_source_only,CRC_MR_SBJ24H_17,ThomasAM_2018b,0,0.35973990069957584
stratified_source_only,CRC_MR_SBJ25C_17,ThomasAM_2018b,1,0.48387988841224144
stratified_source_only,CRC_MR_SBJ26C_17,ThomasAM_2018b,1,0.5214164192017132
stratified_source_only,CRC_MR_SBJ27C_17,ThomasAM_2018b,1,0.35772817068552365
stratified_source_only,CRC_MR_SBJ29C_17,ThomasAM_2018b,1,0.30778310774193146
stratified_source_only,CRC_MR_SBJ31C_17,ThomasAM_2018b,1,0.4906829090843797
stratified_source_only,CRC_MR_SBJ32C_17,ThomasAM_2018b,1,0.5283453229776759
stratified_source_only,CRC_MR_SBJ33C_17,ThomasAM_2018b,1,0.2717302305537601
stratified_source_only,CRC_MR_SBJ34H_17,ThomasAM_2018b,0,0.48714859656167697
stratified_source_only,CRC_MR_SBJ35C_17,ThomasAM_2018b,1,0.6820179903429908
stratified_source_only,CRC_MR_SBJ36C_17,ThomasAM_2018b,1,0.415317023336141
stratified_source_only,CRC_MR_SBJ37H_17,ThomasAM_2018b,0,0.31657710263592626
stratified_source_only,CRC_MR_SBJ39C_17,ThomasAM_2018b,1,0.38965959204194506
stratified_source_only,CRC_MR_SBJ40C_17,ThomasAM_2018b,1,0.7154388139638141
stratified_source_only,CRC_MR_SBJ42C_17,ThomasAM_2018b,1,0.793249143718339
stratified_source_only,CRC_MR_SBJ45H_17,ThomasAM_2018b,0,0.3818639197403903
stratified_source_only,CRC_MR_SBJ46H_17,ThomasAM_2018b,0,0.45042690003494956
stratified_source_only,CRC_MR_SBJ47C_17,ThomasAM_2018b,1,0.36625977519212816
stratified_source_only,CRC_MR_SBJ49C_17,ThomasAM_2018b,1,0.5167415192392747
stratified_source_only,CRC_MR_SBJ50C_17,ThomasAM_2018b,1,0.6459867400573283
stratified_source_only,CRC_MR_SBJ51C_17,ThomasAM_2018b,1,0.44455146242646276
stratified_source_only,CRC_MR_SBJ52C_17,ThomasAM_2018b,1,0.4249247058497058
stratified_source_only,CRC_MR_SBJ53C_17,ThomasAM_2018b,1,0.26756411280497977
stratified_source_only,CRC_MR_SBJ55C_17,ThomasAM_2018b,1,0.3892150460650461
stratified_source_only,CRC_MR_SBJ57H_17,ThomasAM_2018b,0,0.3910072907342725
stratified_source_only,CRC_MR_SBJ60H_17,ThomasAM_2018b,0,0.4715081328801917
stratified_source_only,CRC_MR_SBJ61C_17,ThomasAM_2018b,1,0.5839491800682975
stratified_source_only,CRC_MR_SBJ63H_17,ThomasAM_2018b,0,0.5040337040410573
stratified_source_only,CRC_MR_SBJ64C_17,ThomasAM_2018b,1,0.5524816598004679
stratified_source_only,CRC_MR_SBJ65H_17,ThomasAM_2018b,0,0.2740996692849635
stratified_source_only,CRC_MR_SBJ67H_17,ThomasAM_2018b,0,0.35355140953817416
stratified_source_only,CRC_MR_SBJ68H_17,ThomasAM_2018b,0,0.34087058616478133
stratified_source_only,CRC_MR_SBJ69H_17,ThomasAM_2018b,0,0.4306626125594392
stratified_source_only,CRC_MR_SBJ73H_17,ThomasAM_2018b,0,0.34790435153082216
stratified_source_only,CRC_MR_SBJ74H_17,ThomasAM_2018b,0,0.27330475635475643
stratified_source_only,CRC_MR_SBJ75H_17,ThomasAM_2018b,0,0.48115262858056984
stratified_source_only,CRC_MR_SBJ77H_17,ThomasAM_2018b,0,0.5724998644028833
stratified_source_only,CRC_MR_SBJ78H_17,ThomasAM_2018b,0,0.41209098009833306
stratified_source_only,CRC_MR_SBJ79H_17,ThomasAM_2018b,0,0.5071472400148872
stratified_source_only,CRC_MR_SBJ80H_17,ThomasAM_2018b,0,0.32083165053900364
stratified_source_only,CRC_MR_SBJ81H_17,ThomasAM_2018b,0,0.4681120015605311
stratified_source_only,CRC_MR_SBJ82H_17,ThomasAM_2018b,0,0.35727405078581553
stratified_source_only,CRC_MR_SBJ83H_17,ThomasAM_2018b,0,0.35705465890318855
stratified_source_only,CRC_MR_SBJ84H_17,ThomasAM_2018b,0,0.5313793631205393
stratified_target_adaptive,CRC_MR_SBJ01C_17,ThomasAM_2018b,1,0.4743690084425375
stratified_target_adaptive,CRC_MR_SBJ02C_17,ThomasAM_2018b,1,0.543097795187269
stratified_target_adaptive,CRC_MR_SBJ03H_17,ThomasAM_2018b,0,0.4790467183143653
stratified_target_adaptive,CRC_MR_SBJ04C_17,ThomasAM_2018b,1,0.26501188843835916
stratified_target_adaptive,CRC_MR_SBJ05C_17,ThomasAM_2018b,1,0.4213403173623764
stratified_target_adaptive,CRC_MR_SBJ06C_17,ThomasAM_2018b,1,0.3456000277500279
stratified_target_adaptive,CRC_MR_SBJ07C_17,ThomasAM_2018b,1,0.8960172244422246
stratified_target_adaptive,CRC_MR_SBJ10C_17,ThomasAM_2018b,1,0.6268186744627925
stratified_target_adaptive,CRC_MR_SBJ11C_17,ThomasAM_2018b,1,0.5369533165922482
stratified_target_adaptive,CRC_MR_SBJ12C_17,ThomasAM_2018b,1,0.4330662975912974
stratified_target_adaptive,CRC_MR_SBJ16H_17,ThomasAM_2018b,0,0.1673507825507826
stratified_target_adaptive,CRC_MR_SBJ17H_17,ThomasAM_2018b,0,0.41584732930468243
stratified_target_adaptive,CRC_MR_SBJ18H_17,ThomasAM_2018b,0,0.34797844625274954
stratified_target_adaptive,CRC_MR_SBJ20C_17,ThomasAM_2018b,1,0.7336098401598404
stratified_target_adaptive,CRC_MR_SBJ21H_17,ThomasAM_2018b,0,0.23082540302834414
stratified_target_adaptive,CRC_MR_SBJ22C_17,ThomasAM_2018b,1,0.44594426374279345
stratified_target_adaptive,CRC_MR_SBJ24H_17,ThomasAM_2018b,0,0.4546455045728267
stratified_target_adaptive,CRC_MR_SBJ25C_17,ThomasAM_2018b,1,0.484145345504169
stratified_target_adaptive,CRC_MR_SBJ26C_17,ThomasAM_2018b,1,0.5363498604336837
stratified_target_adaptive,CRC_MR_SBJ27C_17,ThomasAM_2018b,1,0.41492805251164383
stratified_target_adaptive,CRC_MR_SBJ29C_17,ThomasAM_2018b,1,0.2867189976689976
stratified_target_adaptive,CRC_MR_SBJ31C_17,ThomasAM_2018b,1,0.45037274261686017
stratified_target_adaptive,CRC_MR_SBJ32C_17,ThomasAM_2018b,1,0.4823904500728029
stratified_target_adaptive,CRC_MR_SBJ33C_17,ThomasAM_2018b,1,0.19473777301130243
stratified_target_adaptive,CRC_MR_SBJ34H_17,ThomasAM_2018b,0,0.43065056596310464
stratified_target_adaptive,CRC_MR_SBJ35C_17,ThomasAM_2018b,1,0.6701258804920572
stratified_target_adaptive,CRC_MR_SBJ36C_17,ThomasAM_2018b,1,0.3248370188634894
stratified_target_adaptive,CRC_MR_SBJ37H_17,ThomasAM_2018b,0,0.20370681540681537
stratified_target_adaptive,CRC_MR_SBJ39C_17,ThomasAM_2018b,1,0.34236782547517836
stratified_target_adaptive,CRC_MR_SBJ40C_17,ThomasAM_2018b,1,0.7199642773892776
stratified_target_adaptive,CRC_MR_SBJ42C_17,ThomasAM_2018b,1,0.8664278998778999
stratified_target_adaptive,CRC_MR_SBJ45H_17,ThomasAM_2018b,0,0.31988211135269967
stratified_target_adaptive,CRC_MR_SBJ46H_17,ThomasAM_2018b,0,0.5074287010976638
stratified_target_adaptive,CRC_MR_SBJ47C_17,ThomasAM_2018b,1,0.3811854606178135
stratified_target_adaptive,CRC_MR_SBJ49C_17,ThomasAM_2018b,1,0.46200857277397495
stratified_target_adaptive,CRC_MR_SBJ50C_17,ThomasAM_2018b,1,0.7043882372529433
stratified_target_adaptive,CRC_MR_SBJ51C_17,ThomasAM_2018b,1,0.4464319459951817
stratified_target_adaptive,CRC_MR_SBJ52C_17,ThomasAM_2018b,1,0.3876229381729383
stratified_target_adaptive,CRC_MR_SBJ53C_17,ThomasAM_2018b,1,0.21110075039339754
stratified_target_adaptive,CRC_MR_SBJ55C_17,ThomasAM_2018b,1,0.35553728085639846
stratified_target_adaptive,CRC_MR_SBJ57H_17,ThomasAM_2018b,0,0.2609502192110249
stratified_target_adaptive,CRC_MR_SBJ60H_17,ThomasAM_2018b,0,0.4083657585878175
stratified_target_adaptive,CRC_MR_SBJ61C_17,ThomasAM_2018b,1,0.6370896853146856
stratified_target_adaptive,CRC_MR_SBJ63H_17,ThomasAM_2018b,0,0.5871482450555982
stratified_target_adaptive,CRC_MR_SBJ64C_17,ThomasAM_2018b,1,0.49800096847596836
stratified_target_adaptive,CRC_MR_SBJ65H_17,ThomasAM_2018b,0,0.1598494990389728
stratified_target_adaptive,CRC_MR_SBJ67H_17,ThomasAM_2018b,0,0.3171268687195157
stratified_target_adaptive,CRC_MR_SBJ68H_17,ThomasAM_2018b,0,0.3015322122322123
stratified_target_adaptive,CRC_MR_SBJ69H_17,ThomasAM_2018b,0,0.4195644458482693
stratified_target_adaptive,CRC_MR_SBJ73H_17,ThomasAM_2018b,0,0.19132452080083664
stratified_target_adaptive,CRC_MR_SBJ74H_17,ThomasAM_2018b,0,0.1933437831776067
stratified_target_adaptive,CRC_MR_SBJ75H_17,ThomasAM_2018b,0,0.3609838804985865
stratified_target_adaptive,CRC_MR_SBJ77H_17,ThomasAM_2018b,0,0.5403991036741039
stratified_target_adaptive,CRC_MR_SBJ78H_17,ThomasAM_2018b,0,0.4359312964812964
stratified_target_adaptive,CRC_MR_SBJ79H_17,ThomasAM_2018b,0,0.4980974176150647
stratified_target_adaptive,CRC_MR_SBJ80H_17,ThomasAM_2018b,0,0.244291441891442
stratified_target_adaptive,CRC_MR_SBJ81H_17,ThomasAM_2018b,0,0.4848277656983538
stratified_target_adaptive,CRC_MR_SBJ82H_17,ThomasAM_2018b,0,0.3205553115185468
stratified_target_adaptive,CRC_MR_SBJ83H_17,ThomasAM_2018b,0,0.2999023590788296
stratified_target_adaptive,CRC_MR_SBJ84H_17,ThomasAM_2018b,0,0.48083791731144654
species_source_only,mix1_N702-N505_CGTACTAG-GTAAGGAG,ThomasAM_2019_c,0,0.4949598056413672
species_source_only,mix3_N707-N505_CTCTCTAC-GTAAGGAG,ThomasAM_2019_c,0,0.2993345107689337
species_source_only,mix3_N705-N506_GGACTCCT-ACTGCATA,ThomasAM_2019_c,1,0.47803293799134067
species_source_only,mix3_N706-N506_TAGGCATG-ACTGCATA,ThomasAM_2019_c,0,0.5250953591185509
species_source_only,mix2_N707-N503_CTCTCTAC-TATCCTCT,ThomasAM_2019_c,0,0.500742596453631
species_source_only,mix6_N707-N504_CTCTCTAC-AGAGTAGA,ThomasAM_2019_c,1,0.7214902431531116
species_source_only,mix2_N708-N504_CAGAGAGG-AGAGTAGA,ThomasAM_2019_c,0,0.6752895816221924
species_source_only,mix2_N711-N504_AAGAGGCA-AGAGTAGA,ThomasAM_2019_c,1,0.7259972543765144
species_source_only,AHCT5GADXX.N703-S501_AGGCAGAA-TAGATCGC,ThomasAM_2019_c,1,0.550462509465995
species_source_only,BHCNG3ADXX.N705-S502_GGACTCCT-CTCTCTAT,ThomasAM_2019_c,0,0.40443344309044116
species_source_only,BHCNG3ADXX.N708-S502_CAGAGAGG-CTCTCTAT,ThomasAM_2019_c,1,0.7974686546197186
species_source_only,HGKT5ADXX_PG0662_09A0202_H2,ThomasAM_2019_c,0,0.43479450000235725
species_source_only,BHCNG3ADXX.N709-S502_GCTACGCT-CTCTCTAT,ThomasAM_2019_c,1,0.7655261019187038
species_source_only,BHCNG3ADXX.N711-S502_AAGAGGCA-CTCTCTAT,ThomasAM_2019_c,1,0.5440257051255071
species_source_only,mix20-N702-S501_CGTACTAG-TAGATCGC,ThomasAM_2019_c,0,0.5532083417017299
species_source_only,BHCNG3ADXX.N701-S503_TAAGGCGA-TATCCTCT,ThomasAM_2019_c,1,0.5943055211482388
species_source_only,BHCNJJADXX.N703-S503_AGGCAGAA-TATCCTCT,ThomasAM_2019_c,1,0.7600353679764759
species_source_only,BHCNJJADXX.N705-S503_GGACTCCT-TATCCTCT,ThomasAM_2019_c,1,0.8505622407617669
species_source_only,BHCNJJADXX.N708-S503_CAGAGAGG-TATCCTCT,ThomasAM_2019_c,0,0.4540603982947866
species_source_only,mix21_mix22-N705-S502_GGACTCCT-CTCTCTAT,ThomasAM_2019_c,0,0.4495946441919077
species_source_only,AHCNC2ADXX.N708_CAGAGAGG,ThomasAM_2019_c,1,0.797713340319539
species_source_only,AHCNC2ADXX.N710_CGAGGCTG,ThomasAM_2019_c,1,0.6584726253653904
species_source_only,mix23_mix24-N703-S503_AGGCAGAA-TATCCTCT,ThomasAM_2019_c,0,0.5785209258563939
species_source_only,BHCTGKADXX.N707-S505_CTCTCTAC-GTAAGGAG,ThomasAM_2019_c,0,0.37360048923720207
species_source_only,BHCNFHADXX.N710-S505_CGAGGCTG-GTAAGGAG,ThomasAM_2019_c,1,0.8577780955452224
species_source_only,BHCNK3ADXX.N711-S506_AAGAGGCA-ACTGCATA,ThomasAM_2019_c,0,0.24733097581739374
species_source_only,BHCNK3ADXX.N712-S506_GTAGAGGA-ACTGCATA,ThomasAM_2019_c,1,0.6089476112448011
species_source_only,mix29_mix30-N710_CGAGGCTG,ThomasAM_2019_c,0,0.3628737581500085
species_source_only,BHCNK3ADXX.N706-S507_TAGGCATG-AAGGAGTA,ThomasAM_2019_c,0,0.623900728344087
species_source_only,mix31_mix32-N702-S506_CGTACTAG-ACTGCATA,ThomasAM_2019_c,0,0.38066553767706357
species_source_only,AHCNMFADXX.N709-S507_GCTACGCT-AAGGAGTA,ThomasAM_2019_c,1,0.7330550142864275
species_source_only,AHCNMFADXX.N712-S507_GTAGAGGA-AAGGAGTA,ThomasAM_2019_c,0,0.3622780143788442
species_source_only,AHCNMFADXX.N703-S508_AGGCAGAA-CTAAGCCT,ThomasAM_2019_c,1,0.507134152670549
species_source_only,mix31_mix32-N705-S506_GGACTCCT-ACTGCATA,ThomasAM_2019_c,0,0.7181722125590021
species_source_only,BHCNM7ADXX.N712-S508_GTAGAGGA-CTAAGCCT,ThomasAM_2019_c,0,0.47069061062080825
species_source_only,BHCNM7ADXX.N701-S511_TAAGGCGA-TCTCTCCG,ThomasAM_2019_c,0,0.4663962762490652
species_source_only,mix33_mix34-N711-S506_AAGAGGCA-ACTGCATA,ThomasAM_2019_c,0,0.22077162542088236
species_source_only,mix33_mix34-N712-S506_GTAGAGGA-ACTGCATA,ThomasAM_2019_c,0,0.30536822805482117
species_source_only,mix35_mix36-N712-S507_GTAGAGGA-AAGGAGTA,ThomasAM_2019_c,1,0.6670726106479481
species_source_only,HGK7MADXX_PG0662_19A0305_H3_L001,ThomasAM_2019_c,1,0.33367848263332484
species_source_only,HGK7MADXX_PG0662_87A0503_H3_L002,ThomasAM_2019_c,1,0.886667464553103
species_source_only,HGKMWADXX_PG0662_92A0617_H3_L001,ThomasAM_2019_c,1,0.5928666050575677
species_source_only,HGKMWADXX_PG0662_95A0604_H3_L002,ThomasAM_2019_c,0,0.4634748491363344
species_source_only,HGKYVADXX_PG0662_98A0607_H3_L001,ThomasAM_2019_c,0,0.32719948026721823
species_source_only,HGKYVADXX_PG0662_104A0704_H3_L001,ThomasAM_2019_c,0,0.4790623413289718
species_source_only,HGKMWADXX_PG0662_166A0807_H3_L002,ThomasAM_2019_c,1,0.7152933260091362
species_source_only,HGKFCADXX_PG0662_168A0902_H3_L001,ThomasAM_2019_c,0,0.5083214407098392
species_source_only,HGK52ADXX_PG0662_172A0906_H3_L001,ThomasAM_2019_c,1,0.5710181920268851
species_source_only,HGKY7ADXX_PG0662_178A0104_H1_L002,ThomasAM_2019_c,0,0.6946750106329656
species_source_only,HGKY7ADXX_PG0662_179A0105_H1_L002,ThomasAM_2019_c,0,0.461025043638358
species_source_only,HGKY7ADXX_PG0662_182A0217_H1_L002,ThomasAM_2019_c,1,0.7114809949241978
species_source_only,HGKY7ADXX_PG0662_239A0206_H1_L001,ThomasAM_2019_c,1,0.3287770668915217
species_source_only,HGKYWADXX_PG0662_245A0305_H1_L002,ThomasAM_2019_c,1,0.8269293501512391
species_source_only,HGKYWADXX_PG0662_249A0402_H1_L002,ThomasAM_2019_c,0,0.5566296584397296
species_source_only,HGKYWADXX_PG0662_255A0407_H1_L001,ThomasAM_2019_c,1,0.8088789381394444
species_source_only,HGKYWADXX_PG0662_259A0504_H1_L001,ThomasAM_2019_c,1,0.62343403568513
species_source_only,HGKYVADXX_PG0662_320A0604_H1_L002,ThomasAM_2019_c,0,0.49314516951652637
species_source_only,HGKY5ADXX_PG0662_332A0817_H1_L001,ThomasAM_2019_c,1,0.6142265879322918
species_source_only,HJK7MADXX_PG0783_04A0104_H1_L002,ThomasAM_2019_c,1,0.5061001641625504
species_source_only,HJKJJADXX_PG0783_14A0207_H1_L001,ThomasAM_2019_c,0,0.47954201796570833
species_source_only,HJKJ2ADXX_PG0783_19A0305_H1_L001,ThomasAM_2019_c,0,0.4619694375728877
species_source_only,HJK7VADXX_PG0783_22A0417_H1_L001,ThomasAM_2019_c,1,0.32827230314451145
species_source_only,HJK7VADXX_PG0783_23A0402_H1_L002,ThomasAM_2019_c,1,0.5600118493383535
species_source_only,HJK7MADXX_PG0783_24A0403_H1_L001,ThomasAM_2019_c,0,0.503907498563538
species_source_only,HJKJ2ADXX_PG0783_27A0405_H1_L001,ThomasAM_2019_c,1,0.7875851336902762
species_source_only,HJK7VADXX_PG0783_31A0502_H1_L002,ThomasAM_2019_c,0,0.36614529005165797
species_source_only,HJKHTADXX_PG0783_55A0104_H1_L001,ThomasAM_2019_c,0,0.43191885631857285
species_source_only,HJKHTADXX_PG0783_65A0205_H1_L002,ThomasAM_2019_c,1,0.8710036887710576
species_source_only,HJKNLADXX_PG0783_67A0207_H1_L002,ThomasAM_2019_c,0,0.5077485049836677
species_source_only,HJKHJADXX_PG0783_75A0417_H1_L001,ThomasAM_2019_c,1,0.5913490418106714
species_source_only,HJKNLADXX_PG0783_82A0407_H1_L002,ThomasAM_2019_c,0,0.7846438831476027
species_source_only,HJKNLADXX_PG0783_89A0507_H1_L002,ThomasAM_2019_c,1,0.6628338779928468
species_source_only,HJKJJADXX_PG0783_92A0603_H1_L002,ThomasAM_2019_c,1,0.8138394103188168
species_source_only,HJKHJADXX_PG0783_98A0717_H1_L001,ThomasAM_2019_c,1,0.7042526046726818
species_source_only,HJK7NADXX_PG0783_110A0106_H1_L002,ThomasAM_2019_c,0,0.586897003298207
species_source_only,HJKTNADXX_PG0783_113A0203_H1_L001,ThomasAM_2019_c,0,0.49948112436604397
species_source_only,HJK7NADXX_PG0783_128A0406_H1_L002,ThomasAM_2019_c,1,0.5685188799320708
species_source_only,HJKTNADXX_PG0783_132A0504_H1_L002,ThomasAM_2019_c,1,0.5566372587793855
species_source_only,HJKTNADXX_PG0783_145A0703_H1_L001,ThomasAM_2019_c,1,0.8413961617336035
species_source_only,HJKTNADXX_PG0783_147A0704_H1_L002,ThomasAM_2019_c,0,0.5008157129148746
stratified_source_only,mix1_N702-N505_CGTACTAG-GTAAGGAG,ThomasAM_2019_c,0,0.5313800673723255
stratified_source_only,mix3_N707-N505_CTCTCTAC-GTAAGGAG,ThomasAM_2019_c,0,0.277413548450196
stratified_source_only,mix3_N705-N506_GGACTCCT-ACTGCATA,ThomasAM_2019_c,1,0.5230241165915458
stratified_source_only,mix3_N706-N506_TAGGCATG-ACTGCATA,ThomasAM_2019_c,0,0.41406591019592753
stratified_source_only,mix2_N707-N503_CTCTCTAC-TATCCTCT,ThomasAM_2019_c,0,0.4545795164299859
stratified_source_only,mix6_N707-N504_CTCTCTAC-AGAGTAGA,ThomasAM_2019_c,1,0.6804080745261656
stratified_source_only,mix2_N708-N504_CAGAGAGG-AGAGTAGA,ThomasAM_2019_c,0,0.6851226059062991
stratified_source_only,mix2_N711-N504_AAGAGGCA-AGAGTAGA,ThomasAM_2019_c,1,0.6751382941768704
stratified_source_only,AHCT5GADXX.N703-S501_AGGCAGAA-TAGATCGC,ThomasAM_2019_c,1,0.42749989546425815
stratified_source_only,BHCNG3ADXX.N705-S502_GGACTCCT-CTCTCTAT,ThomasAM_2019_c,0,0.4941389246212556
stratified_source_only,BHCNG3ADXX.N708-S502_CAGAGAGG-CTCTCTAT,ThomasAM_2019_c,1,0.5975080014837424
stratified_source_only,HGKT5ADXX_PG0662_09A0202_H2,ThomasAM_2019_c,0,0.3687516752032217
stratified_source_only,BHCNG3ADXX.N709-S502_GCTACGCT-CTCTCTAT,ThomasAM_2019_c,1,0.5809202249325846
stratified_source_only,BHCNG3ADXX.N711-S502_AAGAGGCA-CTCTCTAT,ThomasAM_2019_c,1,0.48523479035046124
stratified_source_only,mix20-N702-S501_CGTACTAG-TAGATCGC,ThomasAM_2019_c,0,0.5630948328115418
stratified_source_only,BHCNG3ADXX.N701-S503_TAAGGCGA-TATCCTCT,ThomasAM_2019_c,1,0.5634261037581445
stratified_source_only,BHCNJJADXX.N703-S503_AGGCAGAA-TATCCTCT,ThomasAM_2019_c,1,0.6377927691115842
stratified_source_only,BHCNJJADXX.N705-S503_GGACTCCT-TATCCTCT,ThomasAM_2019_c,1,0.8571002240574803
stratified_source_only,BHCNJJADXX.N708-S503_CAGAGAGG-TATCCTCT,ThomasAM_2019_c,0,0.378518362455778
stratified_source_only,mix21_mix22-N705-S502_GGACTCCT-CTCTCTAT,ThomasAM_2019_c,0,0.5373537362388451
stratified_source_only,AHCNC2ADXX.N708_CAGAGAGG,ThomasAM_2019_c,1,0.7528134853077189
stratified_source_only,AHCNC2ADXX.N710_CGAGGCTG,ThomasAM_2019_c,1,0.6499402141055134
stratified_source_only,mix23_mix24-N703-S503_AGGCAGAA-TATCCTCT,ThomasAM_2019_c,0,0.6981473901344428
stratified_source_only,BHCTGKADXX.N707-S505_CTCTCTAC-GTAAGGAG,ThomasAM_2019_c,0,0.47840366031943055
stratified_source_only,BHCNFHADXX.N710-S505_CGAGGCTG-GTAAGGAG,ThomasAM_2019_c,1,0.8083467284006672
stratified_source_only,BHCNK3ADXX.N711-S506_AAGAGGCA-ACTGCATA,ThomasAM_2019_c,0,0.3202088303608874
stratified_source_only,BHCNK3ADXX.N712-S506_GTAGAGGA-ACTGCATA,ThomasAM_2019_c,1,0.6532227899604247
stratified_source_only,mix29_mix30-N710_CGAGGCTG,ThomasAM_2019_c,0,0.394607188143822
stratified_source_only,BHCNK3ADXX.N706-S507_TAGGCATG-AAGGAGTA,ThomasAM_2019_c,0,0.6572271312283465
stratified_source_only,mix31_mix32-N702-S506_CGTACTAG-ACTGCATA,ThomasAM_2019_c,0,0.4087695328964472
stratified_source_only,AHCNMFADXX.N709-S507_GCTACGCT-AAGGAGTA,ThomasAM_2019_c,1,0.5862365581936284
stratified_source_only,AHCNMFADXX.N712-S507_GTAGAGGA-AAGGAGTA,ThomasAM_2019_c,0,0.30928263938986394
stratified_source_only,AHCNMFADXX.N703-S508_AGGCAGAA-CTAAGCCT,ThomasAM_2019_c,1,0.5589737219813762
stratified_source_only,mix31_mix32-N705-S506_GGACTCCT-ACTGCATA,ThomasAM_2019_c,0,0.6802156511431716
stratified_source_only,BHCNM7ADXX.N712-S508_GTAGAGGA-CTAAGCCT,ThomasAM_2019_c,0,0.48787481560328155
stratified_source_only,BHCNM7ADXX.N701-S511_TAAGGCGA-TCTCTCCG,ThomasAM_2019_c,0,0.45530236601444496
stratified_source_only,mix33_mix34-N711-S506_AAGAGGCA-ACTGCATA,ThomasAM_2019_c,0,0.31443715239524195
stratified_source_only,mix33_mix34-N712-S506_GTAGAGGA-ACTGCATA,ThomasAM_2019_c,0,0.36881394290525843
stratified_source_only,mix35_mix36-N712-S507_GTAGAGGA-AAGGAGTA,ThomasAM_2019_c,1,0.7391794977804529
stratified_source_only,HGK7MADXX_PG0662_19A0305_H3_L001,ThomasAM_2019_c,1,0.4496382327623999
stratified_source_only,HGK7MADXX_PG0662_87A0503_H3_L002,ThomasAM_2019_c,1,0.8941811311912955
stratified_source_only,HGKMWADXX_PG0662_92A0617_H3_L001,ThomasAM_2019_c,1,0.6186356004474506
stratified_source_only,HGKMWADXX_PG0662_95A0604_H3_L002,ThomasAM_2019_c,0,0.4940476605788341
stratified_source_only,HGKYVADXX_PG0662_98A0607_H3_L001,ThomasAM_2019_c,0,0.3190436828627925
stratified_source_only,HGKYVADXX_PG0662_104A0704_H3_L001,ThomasAM_2019_c,0,0.6170277775530165
stratified_source_only,HGKMWADXX_PG0662_166A0807_H3_L002,ThomasAM_2019_c,1,0.6524019730843541
stratified_source_only,HGKFCADXX_PG0662_168A0902_H3_L001,ThomasAM_2019_c,0,0.6361468852435248
stratified_source_only,HGK52ADXX_PG0662_172A0906_H3_L001,ThomasAM_2019_c,1,0.6527371537896044
stratified_source_only,HGKY7ADXX_PG0662_178A0104_H1_L002,ThomasAM_2019_c,0,0.5312790998770744
stratified_source_only,HGKY7ADXX_PG0662_179A0105_H1_L002,ThomasAM_2019_c,0,0.44074555328471915
stratified_source_only,HGKY7ADXX_PG0662_182A0217_H1_L002,ThomasAM_2019_c,1,0.46179160725754015
stratified_source_only,HGKY7ADXX_PG0662_239A0206_H1_L001,ThomasAM_2019_c,1,0.35919414099909697
stratified_source_only,HGKYWADXX_PG0662_245A0305_H1_L002,ThomasAM_2019_c,1,0.7796322729345209
stratified_source_only,HGKYWADXX_PG0662_249A0402_H1_L002,ThomasAM_2019_c,0,0.7053968624545089
stratified_source_only,HGKYWADXX_PG0662_255A0407_H1_L001,ThomasAM_2019_c,1,0.6745777635726664
stratified_source_only,HGKYWADXX_PG0662_259A0504_H1_L001,ThomasAM_2019_c,1,0.6407697628924836
stratified_source_only,HGKYVADXX_PG0662_320A0604_H1_L002,ThomasAM_2019_c,0,0.4110445744072979
stratified_source_only,HGKY5ADXX_PG0662_332A0817_H1_L001,ThomasAM_2019_c,1,0.48909082944422283
stratified_source_only,HJK7MADXX_PG0783_04A0104_H1_L002,ThomasAM_2019_c,1,0.3797145352724634
stratified_source_only,HJKJJADXX_PG0783_14A0207_H1_L001,ThomasAM_2019_c,0,0.380129180688909
stratified_source_only,HJKJ2ADXX_PG0783_19A0305_H1_L001,ThomasAM_2019_c,0,0.47729629947082935
stratified_source_only,HJK7VADXX_PG0783_22A0417_H1_L001,ThomasAM_2019_c,1,0.3318773704464521
stratified_source_only,HJK7VADXX_PG0783_23A0402_H1_L002,ThomasAM_2019_c,1,0.7869637270617016
stratified_source_only,HJK7MADXX_PG0783_24A0403_H1_L001,ThomasAM_2019_c,0,0.5598991700111786
stratified_source_only,HJKJ2ADXX_PG0783_27A0405_H1_L001,ThomasAM_2019_c,1,0.558548900364899
stratified_source_only,HJK7VADXX_PG0783_31A0502_H1_L002,ThomasAM_2019_c,0,0.40361799135459714
stratified_source_only,HJKHTADXX_PG0783_55A0104_H1_L001,ThomasAM_2019_c,0,0.6402887578776479
stratified_source_only,HJKHTADXX_PG0783_65A0205_H1_L002,ThomasAM_2019_c,1,0.815833765419163
stratified_source_only,HJKNLADXX_PG0783_67A0207_H1_L002,ThomasAM_2019_c,0,0.539680306656798
stratified_source_only,HJKHJADXX_PG0783_75A0417_H1_L001,ThomasAM_2019_c,1,0.47630212392180155
stratified_source_only,HJKNLADXX_PG0783_82A0407_H1_L002,ThomasAM_2019_c,0,0.7480906033739603
stratified_source_only,HJKNLADXX_PG0783_89A0507_H1_L002,ThomasAM_2019_c,1,0.7466757009283987
stratified_source_only,HJKJJADXX_PG0783_92A0603_H1_L002,ThomasAM_2019_c,1,0.8005047024678628
stratified_source_only,HJKHJADXX_PG0783_98A0717_H1_L001,ThomasAM_2019_c,1,0.6665937724523681
stratified_source_only,HJK7NADXX_PG0783_110A0106_H1_L002,ThomasAM_2019_c,0,0.45371662625951065
stratified_source_only,HJKTNADXX_PG0783_113A0203_H1_L001,ThomasAM_2019_c,0,0.5463820132679911
stratified_source_only,HJK7NADXX_PG0783_128A0406_H1_L002,ThomasAM_2019_c,1,0.6365876376464672
stratified_source_only,HJKTNADXX_PG0783_132A0504_H1_L002,ThomasAM_2019_c,1,0.7234588688714182
stratified_source_only,HJKTNADXX_PG0783_145A0703_H1_L001,ThomasAM_2019_c,1,0.8034896800097978
stratified_source_only,HJKTNADXX_PG0783_147A0704_H1_L002,ThomasAM_2019_c,0,0.6701476235698782
stratified_target_adaptive,mix1_N702-N505_CGTACTAG-GTAAGGAG,ThomasAM_2019_c,0,0.5416305772300427
stratified_target_adaptive,mix3_N707-N505_CTCTCTAC-GTAAGGAG,ThomasAM_2019_c,0,0.30765896142138555
stratified_target_adaptive,mix3_N705-N506_GGACTCCT-ACTGCATA,ThomasAM_2019_c,1,0.5254256141322585
stratified_target_adaptive,mix3_N706-N506_TAGGCATG-ACTGCATA,ThomasAM_2019_c,0,0.4195825837172905
stratified_target_adaptive,mix2_N707-N503_CTCTCTAC-TATCCTCT,ThomasAM_2019_c,0,0.4449878360312598
stratified_target_adaptive,mix6_N707-N504_CTCTCTAC-AGAGTAGA,ThomasAM_2019_c,1,0.7028668827312168
stratified_target_adaptive,mix2_N708-N504_CAGAGAGG-AGAGTAGA,ThomasAM_2019_c,0,0.6542010315989867
stratified_target_adaptive,mix2_N711-N504_AAGAGGCA-AGAGTAGA,ThomasAM_2019_c,1,0.6942961491783732
stratified_target_adaptive,AHCT5GADXX.N703-S501_AGGCAGAA-TAGATCGC,ThomasAM_2019_c,1,0.4528176750119553
stratified_target_adaptive,BHCNG3ADXX.N705-S502_GGACTCCT-CTCTCTAT,ThomasAM_2019_c,0,0.5381825393196185
stratified_target_adaptive,BHCNG3ADXX.N708-S502_CAGAGAGG-CTCTCTAT,ThomasAM_2019_c,1,0.5669660745576768
stratified_target_adaptive,HGKT5ADXX_PG0662_09A0202_H2,ThomasAM_2019_c,0,0.34897961099472474
stratified_target_adaptive,BHCNG3ADXX.N709-S502_GCTACGCT-CTCTCTAT,ThomasAM_2019_c,1,0.5570065898223273
stratified_target_adaptive,BHCNG3ADXX.N711-S502_AAGAGGCA-CTCTCTAT,ThomasAM_2019_c,1,0.4809715929608256
stratified_target_adaptive,mix20-N702-S501_CGTACTAG-TAGATCGC,ThomasAM_2019_c,0,0.5352844325140392
stratified_target_adaptive,BHCNG3ADXX.N701-S503_TAAGGCGA-TATCCTCT,ThomasAM_2019_c,1,0.541392459604809
stratified_target_adaptive,BHCNJJADXX.N703-S503_AGGCAGAA-TATCCTCT,ThomasAM_2019_c,1,0.5842765561971253
stratified_target_adaptive,BHCNJJADXX.N705-S503_GGACTCCT-TATCCTCT,ThomasAM_2019_c,1,0.8387382618382698
stratified_target_adaptive,BHCNJJADXX.N708-S503_CAGAGAGG-TATCCTCT,ThomasAM_2019_c,0,0.3433564026417136
stratified_target_adaptive,mix21_mix22-N705-S502_GGACTCCT-CTCTCTAT,ThomasAM_2019_c,0,0.5371191273428089
stratified_target_adaptive,AHCNC2ADXX.N708_CAGAGAGG,ThomasAM_2019_c,1,0.7281639018532124
stratified_target_adaptive,AHCNC2ADXX.N710_CGAGGCTG,ThomasAM_2019_c,1,0.6461233983218433
stratified_target_adaptive,mix23_mix24-N703-S503_AGGCAGAA-TATCCTCT,ThomasAM_2019_c,0,0.6861713535561942
stratified_target_adaptive,BHCTGKADXX.N707-S505_CTCTCTAC-GTAAGGAG,ThomasAM_2019_c,0,0.4811382170734098
stratified_target_adaptive,BHCNFHADXX.N710-S505_CGAGGCTG-GTAAGGAG,ThomasAM_2019_c,1,0.7822954830614238
stratified_target_adaptive,BHCNK3ADXX.N711-S506_AAGAGGCA-ACTGCATA,ThomasAM_2019_c,0,0.3422693308103637
stratified_target_adaptive,BHCNK3ADXX.N712-S506_GTAGAGGA-ACTGCATA,ThomasAM_2019_c,1,0.6373449005674559
stratified_target_adaptive,mix29_mix30-N710_CGAGGCTG,ThomasAM_2019_c,0,0.4141449206465646
stratified_target_adaptive,BHCNK3ADXX.N706-S507_TAGGCATG-AAGGAGTA,ThomasAM_2019_c,0,0.6174657976707656
stratified_target_adaptive,mix31_mix32-N702-S506_CGTACTAG-ACTGCATA,ThomasAM_2019_c,0,0.35281991656372885
stratified_target_adaptive,AHCNMFADXX.N709-S507_GCTACGCT-AAGGAGTA,ThomasAM_2019_c,1,0.5745971165640121
stratified_target_adaptive,AHCNMFADXX.N712-S507_GTAGAGGA-AAGGAGTA,ThomasAM_2019_c,0,0.27451808822522333
stratified_target_adaptive,AHCNMFADXX.N703-S508_AGGCAGAA-CTAAGCCT,ThomasAM_2019_c,1,0.5856404326678156
stratified_target_adaptive,mix31_mix32-N705-S506_GGACTCCT-ACTGCATA,ThomasAM_2019_c,0,0.6488989516149617
stratified_target_adaptive,BHCNM7ADXX.N712-S508_GTAGAGGA-CTAAGCCT,ThomasAM_2019_c,0,0.4867864204773767
stratified_target_adaptive,BHCNM7ADXX.N701-S511_TAAGGCGA-TCTCTCCG,ThomasAM_2019_c,0,0.4294285312054718
stratified_target_adaptive,mix33_mix34-N711-S506_AAGAGGCA-ACTGCATA,ThomasAM_2019_c,0,0.36724795508393443
stratified_target_adaptive,mix33_mix34-N712-S506_GTAGAGGA-ACTGCATA,ThomasAM_2019_c,0,0.4393025351965291
stratified_target_adaptive,mix35_mix36-N712-S507_GTAGAGGA-AAGGAGTA,ThomasAM_2019_c,1,0.7476808425080319
stratified_target_adaptive,HGK7MADXX_PG0662_19A0305_H3_L001,ThomasAM_2019_c,1,0.43386749157435617
stratified_target_adaptive,HGK7MADXX_PG0662_87A0503_H3_L002,ThomasAM_2019_c,1,0.8758963807941903
stratified_target_adaptive,HGKMWADXX_PG0662_92A0617_H3_L001,ThomasAM_2019_c,1,0.6173426682693319
stratified_target_adaptive,HGKMWADXX_PG0662_95A0604_H3_L002,ThomasAM_2019_c,0,0.5330368632369676
stratified_target_adaptive,HGKYVADXX_PG0662_98A0607_H3_L001,ThomasAM_2019_c,0,0.3427408562065449
stratified_target_adaptive,HGKYVADXX_PG0662_104A0704_H3_L001,ThomasAM_2019_c,0,0.62427246202536
stratified_target_adaptive,HGKMWADXX_PG0662_166A0807_H3_L002,ThomasAM_2019_c,1,0.663448166007131
stratified_target_adaptive,HGKFCADXX_PG0662_168A0902_H3_L001,ThomasAM_2019_c,0,0.6264999588578476
stratified_target_adaptive,HGK52ADXX_PG0662_172A0906_H3_L001,ThomasAM_2019_c,1,0.6933166049717056
stratified_target_adaptive,HGKY7ADXX_PG0662_178A0104_H1_L002,ThomasAM_2019_c,0,0.4880235648259483
stratified_target_adaptive,HGKY7ADXX_PG0662_179A0105_H1_L002,ThomasAM_2019_c,0,0.49167416221507726
stratified_target_adaptive,HGKY7ADXX_PG0662_182A0217_H1_L002,ThomasAM_2019_c,1,0.46149071217673177
stratified_target_adaptive,HGKY7ADXX_PG0662_239A0206_H1_L001,ThomasAM_2019_c,1,0.3619291392998016
stratified_target_adaptive,HGKYWADXX_PG0662_245A0305_H1_L002,ThomasAM_2019_c,1,0.7609596189239569
stratified_target_adaptive,HGKYWADXX_PG0662_249A0402_H1_L002,ThomasAM_2019_c,0,0.6826836736650514
stratified_target_adaptive,HGKYWADXX_PG0662_255A0407_H1_L001,ThomasAM_2019_c,1,0.6297296570384103
stratified_target_adaptive,HGKYWADXX_PG0662_259A0504_H1_L001,ThomasAM_2019_c,1,0.6384163877181267
stratified_target_adaptive,HGKYVADXX_PG0662_320A0604_H1_L002,ThomasAM_2019_c,0,0.46683546870049797
stratified_target_adaptive,HGKY5ADXX_PG0662_332A0817_H1_L001,ThomasAM_2019_c,1,0.5157203985714074
stratified_target_adaptive,HJK7MADXX_PG0783_04A0104_H1_L002,ThomasAM_2019_c,1,0.4259486966841289
stratified_target_adaptive,HJKJJADXX_PG0783_14A0207_H1_L001,ThomasAM_2019_c,0,0.36456632046731813
stratified_target_adaptive,HJKJ2ADXX_PG0783_19A0305_H1_L001,ThomasAM_2019_c,0,0.4584757637395371
stratified_target_adaptive,HJK7VADXX_PG0783_22A0417_H1_L001,ThomasAM_2019_c,1,0.3846540501537494
stratified_target_adaptive,HJK7VADXX_PG0783_23A0402_H1_L002,ThomasAM_2019_c,1,0.7680815548889974
stratified_target_adaptive,HJK7MADXX_PG0783_24A0403_H1_L001,ThomasAM_2019_c,0,0.5119735476758026
stratified_target_adaptive,HJKJ2ADXX_PG0783_27A0405_H1_L001,ThomasAM_2019_c,1,0.5460751768720947
stratified_target_adaptive,HJK7VADXX_PG0783_31A0502_H1_L002,ThomasAM_2019_c,0,0.4140945131055119
stratified_target_adaptive,HJKHTADXX_PG0783_55A0104_H1_L001,ThomasAM_2019_c,0,0.6227403915215689
stratified_target_adaptive,HJKHTADXX_PG0783_65A0205_H1_L002,ThomasAM_2019_c,1,0.7798936916675876
stratified_target_adaptive,HJKNLADXX_PG0783_67A0207_H1_L002,ThomasAM_2019_c,0,0.597060002402325
stratified_target_adaptive,HJKHJADXX_PG0783_75A0417_H1_L001,ThomasAM_2019_c,1,0.48957736382721473
stratified_target_adaptive,HJKNLADXX_PG0783_82A0407_H1_L002,ThomasAM_2019_c,0,0.7032736639403144
stratified_target_adaptive,HJKNLADXX_PG0783_89A0507_H1_L002,ThomasAM_2019_c,1,0.7271677388678915
stratified_target_adaptive,HJKJJADXX_PG0783_92A0603_H1_L002,ThomasAM_2019_c,1,0.7793319158641014
stratified_target_adaptive,HJKHJADXX_PG0783_98A0717_H1_L001,ThomasAM_2019_c,1,0.6291327554635591
stratified_target_adaptive,HJK7NADXX_PG0783_110A0106_H1_L002,ThomasAM_2019_c,0,0.40416311255398135
stratified_target_adaptive,HJKTNADXX_PG0783_113A0203_H1_L001,ThomasAM_2019_c,0,0.5326808708643243
stratified_target_adaptive,HJK7NADXX_PG0783_128A0406_H1_L002,ThomasAM_2019_c,1,0.6294014592354304
stratified_target_adaptive,HJKTNADXX_PG0783_132A0504_H1_L002,ThomasAM_2019_c,1,0.7081682623976024
stratified_target_adaptive,HJKTNADXX_PG0783_145A0703_H1_L001,ThomasAM_2019_c,1,0.8123799904702498
stratified_target_adaptive,HJKTNADXX_PG0783_147A0704_H1_L002,ThomasAM_2019_c,0,0.6435516457404081
species_source_only,MMRS11288076ST-27-0-0,VogtmannE_2016,0,0.5013812299318002
species_source_only,MMRS11932626ST-27-0-0,VogtmannE_2016,0,0.421582174698061
species_source_only,MMRS12272136ST-27-0-0,VogtmannE_2016,1,0.4869172209649768
species_source_only,MMRS14379078ST-27-0-0,VogtmannE_2016,1,0.4329027124405951
species_source_only,MMRS14602194ST-27-0-0,VogtmannE_2016,1,0.6355298400908284
species_source_only,MMRS15137911ST-27-0-0,VogtmannE_2016,1,0.7598394896415062
species_source_only,MMRS16644320ST-27-0-0,VogtmannE_2016,1,0.33996072900222596
species_source_only,MMRS17603756ST-27-0-0,VogtmannE_2016,0,0.4997309079860713
species_source_only,MMRS17963147ST-27-0-0,VogtmannE_2016,0,0.5229831332110361
species_source_only,MMRS18295921ST-27-0-0,VogtmannE_2016,1,0.8037658848944439
species_source_only,MMRS20257302ST-27-0-0,VogtmannE_2016,0,0.6074439584303751
species_source_only,MMRS21365932ST-27-0-0,VogtmannE_2016,0,0.5289358246620496
species_source_only,MMRS24340226ST-27-0-0,VogtmannE_2016,1,0.47610615214730345
species_source_only,MMRS25211151ST-27-0-0,VogtmannE_2016,0,0.5633169219045983
species_source_only,MMRS25641480ST-27-0-0,VogtmannE_2016,1,0.5699905522875502
species_source_only,MMRS29805707ST-27-0-0,VogtmannE_2016,0,0.4380909252439882
species_source_only,MMRS31306426ST-27-0-0,VogtmannE_2016,1,0.5676261051714864
species_source_only,MMRS32573774ST-27-0-0,VogtmannE_2016,0,0.7332543492543349
species_source_only,MMRS33294861ST-27-0-0,VogtmannE_2016,0,0.41698296781246197
species_source_only,MMRS34525504ST-27-0-0,VogtmannE_2016,1,0.4015869568882549
species_source_only,MMRS34569532ST-27-0-0,VogtmannE_2016,0,0.5305435317591924
species_source_only,MMRS35808664ST-27-0-0,VogtmannE_2016,0,0.35597828174492896
species_source_only,MMRS36405092ST-27-0-0,VogtmannE_2016,0,0.38384425148127316
species_source_only,MMRS38861560ST-27-0-0,VogtmannE_2016,0,0.5244534719082806
species_source_only,MMRS38954404ST-27-0-0,VogtmannE_2016,0,0.4407305881710165
species_source_only,MMRS39415781ST-27-0-0,VogtmannE_2016,0,0.4858775661194164
species_source_only,MMRS39582183ST-27-0-0,VogtmannE_2016,0,0.3892618074530991
species_source_only,MMRS40913371ST-27-0-0,VogtmannE_2016,0,0.4575203813499419
species_source_only,MMRS41266697ST-27-0-0,VogtmannE_2016,1,0.5428910582809593
species_source_only,MMRS41711735ST-27-0-0,VogtmannE_2016,1,0.5768142193036077
species_source_only,MMRS42780924ST-27-0-0,VogtmannE_2016,1,0.583121113571881
species_source_only,MMRS43563715ST-27-0-0,VogtmannE_2016,1,0.47984254610682164
species_source_only,MMRS43939546ST-27-0-0,VogtmannE_2016,1,0.6262180923916529
species_source_only,MMRS44197125ST-27-0-0,VogtmannE_2016,1,0.8803685387757652
species_source_only,MMRS44203591ST-27-0-0,VogtmannE_2016,1,0.5231088438949849
species_source_only,MMRS44587603ST-27-0-0,VogtmannE_2016,1,0.523256234729156
species_source_only,MMRS47662059ST-27-0-0,VogtmannE_2016,1,0.48170518645340116
species_source_only,MMRS47685461ST-27-0-0,VogtmannE_2016,1,0.6079495096074349
species_source_only,MMRS51307502ST-27-0-0,VogtmannE_2016,0,0.4293272730602087
species_source_only,MMRS51410669ST-27-0-0,VogtmannE_2016,1,0.4631384288155993
species_source_only,MMRS51728985ST-27-0-0,VogtmannE_2016,1,0.5098559983113267
species_source_only,MMRS51737257ST-27-0-0,VogtmannE_2016,0,0.5284321358905679
species_source_only,MMRS54246132ST-27-0-0,VogtmannE_2016,0,0.37394607592166
species_source_only,MMRS54316675ST-27-0-0,VogtmannE_2016,1,0.7737366837941879
species_source_only,MMRS55294627ST-27-0-0,VogtmannE_2016,1,0.6939041128901016
species_source_only,MMRS56137463ST-27-0-0,VogtmannE_2016,0,0.4709775296211422
species_source_only,MMRS57276462ST-27-0-0,VogtmannE_2016,0,0.5480015753078242
species_source_only,MMRS57569834ST-27-0-0,VogtmannE_2016,0,0.48068766654919814
species_source_only,MMRS59699117ST-27-0-0,VogtmannE_2016,1,0.47560477098298193
species_source_only,MMRS61683006ST-27-0-0,VogtmannE_2016,0,0.49966159900386115
species_source_only,MMRS62192467ST-27-0-0,VogtmannE_2016,0,0.6011237599699137
species_source_only,MMRS62376181ST-27-0-0,VogtmannE_2016,1,0.5375565656962352
species_source_only,MMRS62666492ST-27-0-0,VogtmannE_2016,0,0.41247095361809305
species_source_only,MMRS64281211ST-27-0-0,VogtmannE_2016,1,0.6457376387525045
species_source_only,MMRS64281551ST-27-0-0,VogtmannE_2016,0,0.44025551923870304
species_source_only,MMRS65205033ST-27-0-0,VogtmannE_2016,1,0.7865075524094137
species_source_only,MMRS65742083ST-27-0-0,VogtmannE_2016,0,0.3941884939138279
species_source_only,MMRS65862658ST-27-0-0,VogtmannE_2016,0,0.5655334678047368
species_source_only,MMRS65945127ST-27-0-0,VogtmannE_2016,1,0.5917737628128584
species_source_only,MMRS66868025ST-27-0-0,VogtmannE_2016,0,0.38295123076170295
species_source_only,MMRS67096717ST-27-0-0,VogtmannE_2016,0,0.7646040534995852
species_source_only,MMRS67247116ST-27-0-0,VogtmannE_2016,1,0.4423171014591877
species_source_only,MMRS68630931ST-27-0-0,VogtmannE_2016,0,0.3866630280565135
species_source_only,MMRS68910755ST-27-0-0,VogtmannE_2016,1,0.6704481021787877
species_source_only,MMRS71762412ST-27-0-0,VogtmannE_2016,1,0.6492991648217242
species_source_only,MMRS72802364ST-27-0-0,VogtmannE_2016,1,0.8345947600969904
species_source_only,MMRS72980899ST-27-0-0,VogtmannE_2016,1,0.6828319514283677
species_source_only,MMRS73787048ST-27-0-0,VogtmannE_2016,0,0.4355477292903858
species_source_only,MMRS77018926ST-27-0-0,VogtmannE_2016,1,0.4921883473360131
species_source_only,MMRS77321055ST-27-0-0,VogtmannE_2016,1,0.716606939942661
species_source_only,MMRS77487595ST-27-0-0,VogtmannE_2016,1,0.6934940193445119
species_source_only,MMRS78791111ST-27-0-0,VogtmannE_2016,1,0.4700342065146475
species_source_only,MMRS79893829ST-27-0-0,VogtmannE_2016,0,0.4603842515289051
species_source_only,MMRS80093644ST-27-0-0,VogtmannE_2016,1,0.7199995540079933
species_source_only,MMRS81130264ST-27-0-0,VogtmannE_2016,0,0.40618795044410866
species_source_only,MMRS81135225ST-27-0-0,VogtmannE_2016,0,0.5347577819623568
species_source_only,MMRS81194191ST-27-0-0,VogtmannE_2016,1,0.8845180399805715
species_source_only,MMRS81671217ST-27-0-0,VogtmannE_2016,1,0.7516884148076851
species_source_only,MMRS84085284ST-27-0-0,VogtmannE_2016,0,0.46316083873792313
species_source_only,MMRS84159866ST-27-0-0,VogtmannE_2016,0,0.41034440336064754
species_source_only,MMRS84954772ST-27-0-0,VogtmannE_2016,1,0.5826983489219697
species_source_only,MMRS85382779ST-27-0-0,VogtmannE_2016,1,0.4076780815062767
species_source_only,MMRS85438660ST-27-0-0,VogtmannE_2016,0,0.47560149243450855
species_source_only,MMRS85548821ST-27-0-0,VogtmannE_2016,0,0.5105792864192059
species_source_only,MMRS86168210ST-27-0-0,VogtmannE_2016,0,0.39052947382360154
species_source_only,MMRS86178473ST-27-0-0,VogtmannE_2016,1,0.511355970053392
species_source_only,MMRS86958796ST-27-0-0,VogtmannE_2016,1,0.4543853111066196
species_source_only,MMRS87723283ST-27-0-0,VogtmannE_2016,0,0.49592604933924045
species_source_only,MMRS88581325ST-27-0-0,VogtmannE_2016,0,0.5212197232522396
species_source_only,MMRS90191266ST-27-0-0,VogtmannE_2016,1,0.5931331568830447
species_source_only,MMRS91297590ST-27-0-0,VogtmannE_2016,0,0.4258009291440279
species_source_only,MMRS92544445ST-27-0-0,VogtmannE_2016,1,0.5509381716545861
species_source_only,MMRS92546335ST-27-0-0,VogtmannE_2016,0,0.5302930585824968
species_source_only,MMRS93508324ST-27-0-0,VogtmannE_2016,1,0.5032793403469761
species_source_only,MMRS93621581ST-27-0-0,VogtmannE_2016,0,0.4949849326895854
species_source_only,MMRS94549160ST-27-0-0,VogtmannE_2016,0,0.3820249872418638
species_source_only,MMRS95277876ST-27-0-0,VogtmannE_2016,0,0.4243903758642972
species_source_only,MMRS95479054ST-27-0-0,VogtmannE_2016,0,0.3796349272297921
species_source_only,MMRS95674036ST-27-0-0,VogtmannE_2016,0,0.4980990752641709
species_source_only,MMRS96422329ST-27-0-0,VogtmannE_2016,1,0.43152854512771815
species_source_only,MMRS97052561ST-27-0-0,VogtmannE_2016,1,0.8303449587131282
species_source_only,MMRS97307143ST-27-0-0,VogtmannE_2016,0,0.4607396801205862
species_source_only,MMRS97327636ST-27-0-0,VogtmannE_2016,1,0.6456031026886462
species_source_only,MMRS99045180ST-27-0-0,VogtmannE_2016,1,0.3781477717238607
stratified_source_only,MMRS11288076ST-27-0-0,VogtmannE_2016,0,0.4860836712411628
stratified_source_only,MMRS11932626ST-27-0-0,VogtmannE_2016,0,0.4328211457920807
stratified_source_only,MMRS12272136ST-27-0-0,VogtmannE_2016,1,0.3609218472759561
stratified_source_only,MMRS14379078ST-27-0-0,VogtmannE_2016,1,0.4093459971453876
stratified_source_only,MMRS14602194ST-27-0-0,VogtmannE_2016,1,0.4810444065833737
stratified_source_only,MMRS15137911ST-27-0-0,VogtmannE_2016,1,0.7930258207917329
stratified_source_only,MMRS16644320ST-27-0-0,VogtmannE_2016,1,0.34683968981699664
stratified_source_only,MMRS17603756ST-27-0-0,VogtmannE_2016,0,0.580389338004024
stratified_source_only,MMRS17963147ST-27-0-0,VogtmannE_2016,0,0.4926162535548234
stratified_source_only,MMRS18295921ST-27-0-0,VogtmannE_2016,1,0.5448139001220847
stratified_source_only,MMRS20257302ST-27-0-0,VogtmannE_2016,0,0.5865233041022656
stratified_source_only,MMRS21365932ST-27-0-0,VogtmannE_2016,0,0.4850414735442131
stratified_source_only,MMRS24340226ST-27-0-0,VogtmannE_2016,1,0.4249535366969626
stratified_source_only,MMRS25211151ST-27-0-0,VogtmannE_2016,0,0.4973200460846746
stratified_source_only,MMRS25641480ST-27-0-0,VogtmannE_2016,1,0.5644264983020806
stratified_source_only,MMRS29805707ST-27-0-0,VogtmannE_2016,0,0.49118587623248133
stratified_source_only,MMRS31306426ST-27-0-0,VogtmannE_2016,1,0.6406596247397381
stratified_source_only,MMRS32573774ST-27-0-0,VogtmannE_2016,0,0.6845843668926918
stratified_source_only,MMRS33294861ST-27-0-0,VogtmannE_2016,0,0.45578474441931877
stratified_source_only,MMRS34525504ST-27-0-0,VogtmannE_2016,1,0.39524010211236765
stratified_source_only,MMRS34569532ST-27-0-0,VogtmannE_2016,0,0.5498676073560904
stratified_source_only,MMRS35808664ST-27-0-0,VogtmannE_2016,0,0.4122796830204475
stratified_source_only,MMRS36405092ST-27-0-0,VogtmannE_2016,0,0.36944911298858574
stratified_source_only,MMRS38861560ST-27-0-0,VogtmannE_2016,0,0.5615079243635298
stratified_source_only,MMRS38954404ST-27-0-0,VogtmannE_2016,0,0.3936259760762718
stratified_source_only,MMRS39415781ST-27-0-0,VogtmannE_2016,0,0.48117632262760496
stratified_source_only,MMRS39582183ST-27-0-0,VogtmannE_2016,0,0.4428584622944812
stratified_source_only,MMRS40913371ST-27-0-0,VogtmannE_2016,0,0.3224204758140599
stratified_source_only,MMRS41266697ST-27-0-0,VogtmannE_2016,1,0.5765233665852877
stratified_source_only,MMRS41711735ST-27-0-0,VogtmannE_2016,1,0.6197700383009823
stratified_source_only,MMRS42780924ST-27-0-0,VogtmannE_2016,1,0.6223168749634476
stratified_source_only,MMRS43563715ST-27-0-0,VogtmannE_2016,1,0.42368371441502894
stratified_source_only,MMRS43939546ST-27-0-0,VogtmannE_2016,1,0.6004886947702739
stratified_source_only,MMRS44197125ST-27-0-0,VogtmannE_2016,1,0.7934077342227146
stratified_source_only,MMRS44203591ST-27-0-0,VogtmannE_2016,1,0.5702294490593411
stratified_source_only,MMRS44587603ST-27-0-0,VogtmannE_2016,1,0.581399326259588
stratified_source_only,MMRS47662059ST-27-0-0,VogtmannE_2016,1,0.4864639778430189
stratified_source_only,MMRS47685461ST-27-0-0,VogtmannE_2016,1,0.63332432473858
stratified_source_only,MMRS51307502ST-27-0-0,VogtmannE_2016,0,0.3697944016636738
stratified_source_only,MMRS51410669ST-27-0-0,VogtmannE_2016,1,0.3734828633810169
stratified_source_only,MMRS51728985ST-27-0-0,VogtmannE_2016,1,0.6137944009364662
stratified_source_only,MMRS51737257ST-27-0-0,VogtmannE_2016,0,0.4327947628454066
stratified_source_only,MMRS54246132ST-27-0-0,VogtmannE_2016,0,0.40784651214022855
stratified_source_only,MMRS54316675ST-27-0-0,VogtmannE_2016,1,0.6904656298958988
stratified_source_only,MMRS55294627ST-27-0-0,VogtmannE_2016,1,0.6866721505621347
stratified_source_only,MMRS56137463ST-27-0-0,VogtmannE_2016,0,0.43906953318758873
stratified_source_only,MMRS57276462ST-27-0-0,VogtmannE_2016,0,0.4151865039329427
stratified_source_only,MMRS57569834ST-27-0-0,VogtmannE_2016,0,0.495300959006055
stratified_source_only,MMRS59699117ST-27-0-0,VogtmannE_2016,1,0.4838438662687349
stratified_source_only,MMRS61683006ST-27-0-0,VogtmannE_2016,0,0.5333902725127792
stratified_source_only,MMRS62192467ST-27-0-0,VogtmannE_2016,0,0.4943375371587054
stratified_source_only,MMRS62376181ST-27-0-0,VogtmannE_2016,1,0.5082291303694516
stratified_source_only,MMRS62666492ST-27-0-0,VogtmannE_2016,0,0.4755754125475168
stratified_source_only,MMRS64281211ST-27-0-0,VogtmannE_2016,1,0.7429908494907226
stratified_source_only,MMRS64281551ST-27-0-0,VogtmannE_2016,0,0.47796730665413106
stratified_source_only,MMRS65205033ST-27-0-0,VogtmannE_2016,1,0.7262161350631093
stratified_source_only,MMRS65742083ST-27-0-0,VogtmannE_2016,0,0.3921487008275087
stratified_source_only,MMRS65862658ST-27-0-0,VogtmannE_2016,0,0.47313260714248223
stratified_source_only,MMRS65945127ST-27-0-0,VogtmannE_2016,1,0.4615198959702682
stratified_source_only,MMRS66868025ST-27-0-0,VogtmannE_2016,0,0.27329032172323037
stratified_source_only,MMRS67096717ST-27-0-0,VogtmannE_2016,0,0.602256701647131
stratified_source_only,MMRS67247116ST-27-0-0,VogtmannE_2016,1,0.40602564706550814
stratified_source_only,MMRS68630931ST-27-0-0,VogtmannE_2016,0,0.4802395345587117
stratified_source_only,MMRS68910755ST-27-0-0,VogtmannE_2016,1,0.6894657175527976
stratified_source_only,MMRS71762412ST-27-0-0,VogtmannE_2016,1,0.6648279760186825
stratified_source_only,MMRS72802364ST-27-0-0,VogtmannE_2016,1,0.7494468047370911
stratified_source_only,MMRS72980899ST-27-0-0,VogtmannE_2016,1,0.7104443611064725
stratified_source_only,MMRS73787048ST-27-0-0,VogtmannE_2016,0,0.3837534718441759
stratified_source_only,MMRS77018926ST-27-0-0,VogtmannE_2016,1,0.5414422932044929
stratified_source_only,MMRS77321055ST-27-0-0,VogtmannE_2016,1,0.46206308426225084
stratified_source_only,MMRS77487595ST-27-0-0,VogtmannE_2016,1,0.616559743826466
stratified_source_only,MMRS78791111ST-27-0-0,VogtmannE_2016,1,0.41170845251353255
stratified_source_only,MMRS79893829ST-27-0-0,VogtmannE_2016,0,0.5587679380836614
stratified_source_only,MMRS80093644ST-27-0-0,VogtmannE_2016,1,0.8186767172410518
stratified_source_only,MMRS81130264ST-27-0-0,VogtmannE_2016,0,0.49354219026601015
stratified_source_only,MMRS81135225ST-27-0-0,VogtmannE_2016,0,0.4337059805741533
stratified_source_only,MMRS81194191ST-27-0-0,VogtmannE_2016,1,0.7869806677481277
stratified_source_only,MMRS81671217ST-27-0-0,VogtmannE_2016,1,0.5527614237597883
stratified_source_only,MMRS84085284ST-27-0-0,VogtmannE_2016,0,0.6231887546997912
stratified_source_only,MMRS84159866ST-27-0-0,VogtmannE_2016,0,0.44379017581647806
stratified_source_only,MMRS84954772ST-27-0-0,VogtmannE_2016,1,0.5669905676257287
stratified_source_only,MMRS85382779ST-27-0-0,VogtmannE_2016,1,0.5022004636582986
stratified_source_only,MMRS85438660ST-27-0-0,VogtmannE_2016,0,0.5347263808302538
stratified_source_only,MMRS85548821ST-27-0-0,VogtmannE_2016,0,0.4541907790656113
stratified_source_only,MMRS86168210ST-27-0-0,VogtmannE_2016,0,0.44148632885302047
stratified_source_only,MMRS86178473ST-27-0-0,VogtmannE_2016,1,0.4883984023327741
stratified_source_only,MMRS86958796ST-27-0-0,VogtmannE_2016,1,0.3272768707207046
stratified_source_only,MMRS87723283ST-27-0-0,VogtmannE_2016,0,0.5432106262148791
stratified_source_only,MMRS88581325ST-27-0-0,VogtmannE_2016,0,0.5010022523461566
stratified_source_only,MMRS90191266ST-27-0-0,VogtmannE_2016,1,0.37567481218195736
stratified_source_only,MMRS91297590ST-27-0-0,VogtmannE_2016,0,0.48119171143194883
stratified_source_only,MMRS92544445ST-27-0-0,VogtmannE_2016,1,0.49198512137056866
stratified_source_only,MMRS92546335ST-27-0-0,VogtmannE_2016,0,0.4542850245336737
stratified_source_only,MMRS93508324ST-27-0-0,VogtmannE_2016,1,0.534643080497644
stratified_source_only,MMRS93621581ST-27-0-0,VogtmannE_2016,0,0.5110002304185138
stratified_source_only,MMRS94549160ST-27-0-0,VogtmannE_2016,0,0.2666395220245902
stratified_source_only,MMRS95277876ST-27-0-0,VogtmannE_2016,0,0.41610108085113884
stratified_source_only,MMRS95479054ST-27-0-0,VogtmannE_2016,0,0.29581972272507345
stratified_source_only,MMRS95674036ST-27-0-0,VogtmannE_2016,0,0.5574916802460173
stratified_source_only,MMRS96422329ST-27-0-0,VogtmannE_2016,1,0.47831421603850593
stratified_source_only,MMRS97052561ST-27-0-0,VogtmannE_2016,1,0.7022374543885892
stratified_source_only,MMRS97307143ST-27-0-0,VogtmannE_2016,0,0.49321804991065243
stratified_source_only,MMRS97327636ST-27-0-0,VogtmannE_2016,1,0.5918127729381595
stratified_source_only,MMRS99045180ST-27-0-0,VogtmannE_2016,1,0.27182152865602144
stratified_target_adaptive,MMRS11288076ST-27-0-0,VogtmannE_2016,0,0.3930709781797009
stratified_target_adaptive,MMRS11932626ST-27-0-0,VogtmannE_2016,0,0.3970700887858483
stratified_target_adaptive,MMRS12272136ST-27-0-0,VogtmannE_2016,1,0.37141708113557
stratified_target_adaptive,MMRS14379078ST-27-0-0,VogtmannE_2016,1,0.4090979653509266
stratified_target_adaptive,MMRS14602194ST-27-0-0,VogtmannE_2016,1,0.4036613584134041
stratified_target_adaptive,MMRS15137911ST-27-0-0,VogtmannE_2016,1,0.7832365380464498
stratified_target_adaptive,MMRS16644320ST-27-0-0,VogtmannE_2016,1,0.2845386718692972
stratified_target_adaptive,MMRS17603756ST-27-0-0,VogtmannE_2016,0,0.5569735462096811
stratified_target_adaptive,MMRS17963147ST-27-0-0,VogtmannE_2016,0,0.46664758955901037
stratified_target_adaptive,MMRS18295921ST-27-0-0,VogtmannE_2016,1,0.5007828048817712
stratified_target_adaptive,MMRS20257302ST-27-0-0,VogtmannE_2016,0,0.5887699188175683
stratified_target_adaptive,MMRS21365932ST-27-0-0,VogtmannE_2016,0,0.48421787127428856
stratified_target_adaptive,MMRS24340226ST-27-0-0,VogtmannE_2016,1,0.36550135161841724
stratified_target_adaptive,MMRS25211151ST-27-0-0,VogtmannE_2016,0,0.375579951334024
stratified_target_adaptive,MMRS25641480ST-27-0-0,VogtmannE_2016,1,0.4797692993874428
stratified_target_adaptive,MMRS29805707ST-27-0-0,VogtmannE_2016,0,0.4495520575239891
stratified_target_adaptive,MMRS31306426ST-27-0-0,VogtmannE_2016,1,0.5947858133090412
stratified_target_adaptive,MMRS32573774ST-27-0-0,VogtmannE_2016,0,0.6893037521827949
stratified_target_adaptive,MMRS33294861ST-27-0-0,VogtmannE_2016,0,0.3707414753712767
stratified_target_adaptive,MMRS34525504ST-27-0-0,VogtmannE_2016,1,0.4210763605330797
stratified_target_adaptive,MMRS34569532ST-27-0-0,VogtmannE_2016,0,0.5201411979327387
stratified_target_adaptive,MMRS35808664ST-27-0-0,VogtmannE_2016,0,0.39583734846063257
stratified_target_adaptive,MMRS36405092ST-27-0-0,VogtmannE_2016,0,0.2516866016930938
stratified_target_adaptive,MMRS38861560ST-27-0-0,VogtmannE_2016,0,0.5060122819995406
stratified_target_adaptive,MMRS38954404ST-27-0-0,VogtmannE_2016,0,0.38889911834995194
stratified_target_adaptive,MMRS39415781ST-27-0-0,VogtmannE_2016,0,0.4571410463050938
stratified_target_adaptive,MMRS39582183ST-27-0-0,VogtmannE_2016,0,0.4203119369290524
stratified_target_adaptive,MMRS40913371ST-27-0-0,VogtmannE_2016,0,0.2918108067752299
stratified_target_adaptive,MMRS41266697ST-27-0-0,VogtmannE_2016,1,0.49055416700624965
stratified_target_adaptive,MMRS41711735ST-27-0-0,VogtmannE_2016,1,0.5821957511575188
stratified_target_adaptive,MMRS42780924ST-27-0-0,VogtmannE_2016,1,0.6746470180091045
stratified_target_adaptive,MMRS43563715ST-27-0-0,VogtmannE_2016,1,0.31481985877673363
stratified_target_adaptive,MMRS43939546ST-27-0-0,VogtmannE_2016,1,0.55546714118607
stratified_target_adaptive,MMRS44197125ST-27-0-0,VogtmannE_2016,1,0.8047442960449951
stratified_target_adaptive,MMRS44203591ST-27-0-0,VogtmannE_2016,1,0.5543506557663604
stratified_target_adaptive,MMRS44587603ST-27-0-0,VogtmannE_2016,1,0.5792842734929298
stratified_target_adaptive,MMRS47662059ST-27-0-0,VogtmannE_2016,1,0.47787605428371505
stratified_target_adaptive,MMRS47685461ST-27-0-0,VogtmannE_2016,1,0.607971544376358
stratified_target_adaptive,MMRS51307502ST-27-0-0,VogtmannE_2016,0,0.3868593425506908
stratified_target_adaptive,MMRS51410669ST-27-0-0,VogtmannE_2016,1,0.3864640008891622
stratified_target_adaptive,MMRS51728985ST-27-0-0,VogtmannE_2016,1,0.6015822869684141
stratified_target_adaptive,MMRS51737257ST-27-0-0,VogtmannE_2016,0,0.39049462360334464
stratified_target_adaptive,MMRS54246132ST-27-0-0,VogtmannE_2016,0,0.35848738130893604
stratified_target_adaptive,MMRS54316675ST-27-0-0,VogtmannE_2016,1,0.6412888705373044
stratified_target_adaptive,MMRS55294627ST-27-0-0,VogtmannE_2016,1,0.6369613103264872
stratified_target_adaptive,MMRS56137463ST-27-0-0,VogtmannE_2016,0,0.4388305949433499
stratified_target_adaptive,MMRS57276462ST-27-0-0,VogtmannE_2016,0,0.38985677055286216
stratified_target_adaptive,MMRS57569834ST-27-0-0,VogtmannE_2016,0,0.43077831692267127
stratified_target_adaptive,MMRS59699117ST-27-0-0,VogtmannE_2016,1,0.4592265768107794
stratified_target_adaptive,MMRS61683006ST-27-0-0,VogtmannE_2016,0,0.44513001872141084
stratified_target_adaptive,MMRS62192467ST-27-0-0,VogtmannE_2016,0,0.48961169272513166
stratified_target_adaptive,MMRS62376181ST-27-0-0,VogtmannE_2016,1,0.5125101475934628
stratified_target_adaptive,MMRS62666492ST-27-0-0,VogtmannE_2016,0,0.35303801891187714
stratified_target_adaptive,MMRS64281211ST-27-0-0,VogtmannE_2016,1,0.7175892897581444
stratified_target_adaptive,MMRS64281551ST-27-0-0,VogtmannE_2016,0,0.46915857516660925
stratified_target_adaptive,MMRS65205033ST-27-0-0,VogtmannE_2016,1,0.7411011028096713
stratified_target_adaptive,MMRS65742083ST-27-0-0,VogtmannE_2016,0,0.38620490471487157
stratified_target_adaptive,MMRS65862658ST-27-0-0,VogtmannE_2016,0,0.4780438379633211
stratified_target_adaptive,MMRS65945127ST-27-0-0,VogtmannE_2016,1,0.42105000517128316
stratified_target_adaptive,MMRS66868025ST-27-0-0,VogtmannE_2016,0,0.27667869749403734
stratified_target_adaptive,MMRS67096717ST-27-0-0,VogtmannE_2016,0,0.5962603156780762
stratified_target_adaptive,MMRS67247116ST-27-0-0,VogtmannE_2016,1,0.28269384293732774
stratified_target_adaptive,MMRS68630931ST-27-0-0,VogtmannE_2016,0,0.37557700174992725
stratified_target_adaptive,MMRS68910755ST-27-0-0,VogtmannE_2016,1,0.655413326932702
stratified_target_adaptive,MMRS71762412ST-27-0-0,VogtmannE_2016,1,0.5938394390866019
stratified_target_adaptive,MMRS72802364ST-27-0-0,VogtmannE_2016,1,0.7658078074876157
stratified_target_adaptive,MMRS72980899ST-27-0-0,VogtmannE_2016,1,0.7106003801585246
stratified_target_adaptive,MMRS73787048ST-27-0-0,VogtmannE_2016,0,0.34631017122641394
stratified_target_adaptive,MMRS77018926ST-27-0-0,VogtmannE_2016,1,0.5414245006831981
stratified_target_adaptive,MMRS77321055ST-27-0-0,VogtmannE_2016,1,0.4396932242469895
stratified_target_adaptive,MMRS77487595ST-27-0-0,VogtmannE_2016,1,0.5446636312308577
stratified_target_adaptive,MMRS78791111ST-27-0-0,VogtmannE_2016,1,0.33059284822186047
stratified_target_adaptive,MMRS79893829ST-27-0-0,VogtmannE_2016,0,0.5317994147692693
stratified_target_adaptive,MMRS80093644ST-27-0-0,VogtmannE_2016,1,0.7918317619510447
stratified_target_adaptive,MMRS81130264ST-27-0-0,VogtmannE_2016,0,0.45163802150786303
stratified_target_adaptive,MMRS81135225ST-27-0-0,VogtmannE_2016,0,0.3910639605515024
stratified_target_adaptive,MMRS81194191ST-27-0-0,VogtmannE_2016,1,0.7971766522898844
stratified_target_adaptive,MMRS81671217ST-27-0-0,VogtmannE_2016,1,0.5092716325966599
stratified_target_adaptive,MMRS84085284ST-27-0-0,VogtmannE_2016,0,0.5279189860929484
stratified_target_adaptive,MMRS84159866ST-27-0-0,VogtmannE_2016,0,0.3935990084161838
stratified_target_adaptive,MMRS84954772ST-27-0-0,VogtmannE_2016,1,0.4808310296612352
stratified_target_adaptive,MMRS85382779ST-27-0-0,VogtmannE_2016,1,0.4629187808751006
stratified_target_adaptive,MMRS85438660ST-27-0-0,VogtmannE_2016,0,0.5307574310903795
stratified_target_adaptive,MMRS85548821ST-27-0-0,VogtmannE_2016,0,0.44671086403226035
stratified_target_adaptive,MMRS86168210ST-27-0-0,VogtmannE_2016,0,0.46135535514142034
stratified_target_adaptive,MMRS86178473ST-27-0-0,VogtmannE_2016,1,0.38925589755378354
stratified_target_adaptive,MMRS86958796ST-27-0-0,VogtmannE_2016,1,0.32097008578021735
stratified_target_adaptive,MMRS87723283ST-27-0-0,VogtmannE_2016,0,0.44387099362783367
stratified_target_adaptive,MMRS88581325ST-27-0-0,VogtmannE_2016,0,0.43370635545733877
stratified_target_adaptive,MMRS90191266ST-27-0-0,VogtmannE_2016,1,0.3390847709648764
stratified_target_adaptive,MMRS91297590ST-27-0-0,VogtmannE_2016,0,0.45144685112484007
stratified_target_adaptive,MMRS92544445ST-27-0-0,VogtmannE_2016,1,0.5147258781387783
stratified_target_adaptive,MMRS92546335ST-27-0-0,VogtmannE_2016,0,0.4439305173181372
stratified_target_adaptive,MMRS93508324ST-27-0-0,VogtmannE_2016,1,0.5283166527349057
stratified_target_adaptive,MMRS93621581ST-27-0-0,VogtmannE_2016,0,0.484977428359788
stratified_target_adaptive,MMRS94549160ST-27-0-0,VogtmannE_2016,0,0.24088197585334803
stratified_target_adaptive,MMRS95277876ST-27-0-0,VogtmannE_2016,0,0.38307824356934556
stratified_target_adaptive,MMRS95479054ST-27-0-0,VogtmannE_2016,0,0.24028174039412
stratified_target_adaptive,MMRS95674036ST-27-0-0,VogtmannE_2016,0,0.5206380363659763
stratified_target_adaptive,MMRS96422329ST-27-0-0,VogtmannE_2016,1,0.41135532146733955
stratified_target_adaptive,MMRS97052561ST-27-0-0,VogtmannE_2016,1,0.7487580373268522
stratified_target_adaptive,MMRS97307143ST-27-0-0,VogtmannE_2016,0,0.32641758059632403
stratified_target_adaptive,MMRS97327636ST-27-0-0,VogtmannE_2016,1,0.5711304822243296
stratified_target_adaptive,MMRS99045180ST-27-0-0,VogtmannE_2016,1,0.25386320961355746
species_source_only,CCMD11006829ST-21-0,WirbelJ_2018,1,0.8706899080966334
species_source_only,CCMD12232071ST-21-0,WirbelJ_2018,1,0.6685694012370524
species_source_only,CCMD13071240ST-21-0,WirbelJ_2018,1,0.6306541561590668
species_source_only,CCMD13934959ST-21-0,WirbelJ_2018,1,0.7038868890974413
species_source_only,CCMD14479708ST-21-0,WirbelJ_2018,1,0.4964184575542983
species_source_only,CCMD18872694ST-21-0,WirbelJ_2018,1,0.9031898175760064
species_source_only,CCMD19497912ST-21-0,WirbelJ_2018,1,0.8534051007494065
species_source_only,CCMD23101338ST-21-0,WirbelJ_2018,1,0.5993092517943356
species_source_only,CCMD25511638ST-21-0,WirbelJ_2018,1,0.6998034779341687
species_source_only,CCMD25963797ST-21-0,WirbelJ_2018,1,0.4944674744244759
species_source_only,CCMD26709089ST-21-0,WirbelJ_2018,1,0.38735719665661433
species_source_only,CCMD26925580ST-21-0,WirbelJ_2018,1,0.34648878251237675
species_source_only,CCMD34381688ST-21-0,WirbelJ_2018,1,0.668715728375111
species_source_only,CCMD35802077ST-21-0,WirbelJ_2018,1,0.6309923145447085
species_source_only,CCMD40701343ST-21-0,WirbelJ_2018,1,0.7976533628875602
species_source_only,CCMD42428553ST-21-0,WirbelJ_2018,1,0.6975192020996349
species_source_only,CCMD45988061ST-21-0,WirbelJ_2018,1,0.6317756305152017
species_source_only,CCMD46222674ST-21-0,WirbelJ_2018,1,0.8223675957602867
species_source_only,CCMD46947453ST-21-0,WirbelJ_2018,1,0.5188363887318241
species_source_only,CCMD48236717ST-21-0,WirbelJ_2018,1,0.347931688802714
species_source_only,CCMD50071957ST-21-0,WirbelJ_2018,1,0.8796009135369341
species_source_only,CCMD51864103ST-21-0,WirbelJ_2018,1,0.8082168201487688
species_source_only,CCMD60079086ST-21-0,WirbelJ_2018,1,0.5309514314153762
species_source_only,CCMD63399960ST-21-0,WirbelJ_2018,1,0.4532834914010826
species_source_only,CCMD64503764ST-21-0,WirbelJ_2018,1,0.806643966777392
species_source_only,CCMD64776337ST-21-0,WirbelJ_2018,1,0.6196512381520642
species_source_only,CCMD72895164ST-21-0,WirbelJ_2018,1,0.4121995592609014
species_source_only,CCMD74930188ST-21-0,WirbelJ_2018,1,0.6114998004744081
species_source_only,CCMD79987997ST-21-0,WirbelJ_2018,1,0.4565223768670479
species_source_only,CCMD82866709ST-21-0,WirbelJ_2018,1,0.869086991128004
species_source_only,CCMD86114146ST-21-0,WirbelJ_2018,1,0.7461617421212995
species_source_only,CCMD86707194ST-21-0,WirbelJ_2018,1,0.310580107620584
species_source_only,CCMD87156761ST-21-0,WirbelJ_2018,1,0.2955998380208327
species_source_only,CCMD88272491ST-21-0,WirbelJ_2018,1,0.6330727820917188
species_source_only,CCMD90311071ST-21-0,WirbelJ_2018,1,0.4310833901414268
species_source_only,CCMD93344354ST-21-0,WirbelJ_2018,1,0.380538586201208
species_source_only,CCMD95433940ST-21-0,WirbelJ_2018,1,0.4171511181081713
species_source_only,CCMD96553385ST-21-0,WirbelJ_2018,1,0.6444437117526114
species_source_only,MMPU29365221ST,WirbelJ_2018,0,0.28241901433033917
species_source_only,MMPU68403337ST,WirbelJ_2018,0,0.44475778331093113
species_source_only,MMPU72854103ST,WirbelJ_2018,0,0.2765879049573433
species_source_only,MMPU84450604ST,WirbelJ_2018,0,0.27971886871263346
species_source_only,MMPU99077057ST,WirbelJ_2018,0,0.3546122873782868
species_source_only,CCMD10032470ST-11-0,WirbelJ_2018,0,0.29823556770620563
species_source_only,CCMD10191450ST-11-0,WirbelJ_2018,0,0.2590381115380558
species_source_only,CCMD15562448ST-11-0,WirbelJ_2018,0,0.3127658452606962
species_source_only,CCMD17410933ST-11-0,WirbelJ_2018,0,0.3291067474724941
species_source_only,CCMD18579000ST-11-0,WirbelJ_2018,0,0.35714363196569593
species_source_only,CCMD18829815ST-11-0,WirbelJ_2018,0,0.2831336432849466
species_source_only,CCMD19168690ST-11-0,WirbelJ_2018,1,0.5908874724666809
species_source_only,CCMD21593359ST-11-0,WirbelJ_2018,1,0.8512041669862186
species_source_only,CCMD21703880ST-11-0,WirbelJ_2018,1,0.868904745316419
species_source_only,CCMD22852639ST-11-0,WirbelJ_2018,0,0.4697980239895871
species_source_only,CCMD23541216ST-11-0,WirbelJ_2018,0,0.39051255896910875
species_source_only,CCMD25475945ST-11-0,WirbelJ_2018,0,0.38626340366054424
species_source_only,CCMD26625622ST-11-0,WirbelJ_2018,0,0.43460637143236847
species_source_only,CCMD27463710ST-11-0,WirbelJ_2018,1,0.7030096031351972
species_source_only,CCMD27867141ST-11-0,WirbelJ_2018,0,0.4856501063557654
species_source_only,CCMD28738636ST-11-0,WirbelJ_2018,0,0.2824023466192043
species_source_only,CCMD29706695ST-11-0,WirbelJ_2018,0,0.3512058673180588
species_source_only,CCMD30626189ST-11-0,WirbelJ_2018,0,0.21869127489920057
species_source_only,CCMD30627121ST-11-0,WirbelJ_2018,0,0.3816875079340519
species_source_only,CCMD31009081ST-11-0,WirbelJ_2018,0,0.38846726410801896
species_source_only,CCMD31134579ST-11-0,WirbelJ_2018,0,0.36419717093692044
species_source_only,CCMD32288175ST-11-0,WirbelJ_2018,0,0.3815772177434506
species_source_only,CCMD32965613ST-11-0,WirbelJ_2018,0,0.2965262075173338
species_source_only,CCMD35081859ST-11-0,WirbelJ_2018,0,0.30735402247325827
species_source_only,CCMD35633353ST-11-0,WirbelJ_2018,1,0.7554404026296578
species_source_only,CCMD35801800ST-11-0,WirbelJ_2018,0,0.3941125176304913
species_source_only,CCMD37575804ST-11-0,WirbelJ_2018,0,0.15694284406484993
species_source_only,CCMD38158721ST-11-0,WirbelJ_2018,0,0.28372922493344255
species_source_only,CCMD39157124ST-11-0,WirbelJ_2018,0,0.23918659769764802
species_source_only,CCMD39882286ST-11-0,WirbelJ_2018,0,0.30499590714267893
species_source_only,CCMD41202658ST-11-0,WirbelJ_2018,0,0.2656798347108683
species_source_only,CCMD41521570ST-11-0,WirbelJ_2018,0,0.24870733242745574
species_source_only,CCMD42956136ST-11-0,WirbelJ_2018,1,0.7466151260146222
species_source_only,CCMD45004878ST-11-0,WirbelJ_2018,0,0.42295122063300516
species_source_only,CCMD45812507ST-11-0,WirbelJ_2018,0,0.2406512681432822
species_source_only,CCMD46727384ST-11-0,WirbelJ_2018,0,0.44817095975660737
species_source_only,CCMD49025643ST-11-0,WirbelJ_2018,0,0.5664535038635738
species_source_only,CCMD49461418ST-11-0,WirbelJ_2018,1,0.36997246151122903
species_source_only,CCMD49942357ST-11-0,WirbelJ_2018,0,0.2947649295128406
species_source_only,CCMD50300306ST-11-0,WirbelJ_2018,0,0.2656273065820533
species_source_only,CCMD50529145ST-11-0,WirbelJ_2018,0,0.344902530507053
species_source_only,CCMD50538120ST-11-0,WirbelJ_2018,0,0.3232312001103371
species_source_only,CCMD51154251ST-11-0,WirbelJ_2018,0,0.4446007037357402
species_source_only,CCMD51228890ST-11-0,WirbelJ_2018,0,0.4414258191424022
species_source_only,CCMD52117727ST-11-0,WirbelJ_2018,1,0.5991025909531663
species_source_only,CCMD52145360ST-11-0,WirbelJ_2018,1,0.4493747195279772
species_source_only,CCMD53508245ST-11-0,WirbelJ_2018,0,0.5180574928277035
species_source_only,CCMD53522274ST-11-0,WirbelJ_2018,0,0.30859784466168727
species_source_only,CCMD54057834ST-11-0,WirbelJ_2018,0,0.32079578327247377
species_source_only,CCMD56948710ST-11-0,WirbelJ_2018,0,0.3217569926604959
species_source_only,CCMD59540613ST-11-0,WirbelJ_2018,0,0.6207286847539142
species_source_only,CCMD59583015ST-11-0,WirbelJ_2018,1,0.42653364821125883
species_source_only,CCMD65222621ST-11-0,WirbelJ_2018,1,0.7658933256709909
species_source_only,CCMD65406197ST-11-0,WirbelJ_2018,1,0.606951337683785
species_source_only,CCMD66848156ST-11-0,WirbelJ_2018,0,0.32530298450163136
species_source_only,CCMD67373733ST-11-0,WirbelJ_2018,0,0.31856536823061365
species_source_only,CCMD68973846ST-11-0,WirbelJ_2018,0,0.4229155069999232
species_source_only,CCMD71242853ST-11-0,WirbelJ_2018,1,0.36785020176631433
species_source_only,CCMD71915439ST-11-0,WirbelJ_2018,1,0.8453397131634989
species_source_only,CCMD72666896ST-11-0,WirbelJ_2018,0,0.4779054257959871
species_source_only,CCMD72690923ST-11-0,WirbelJ_2018,1,0.6146536478083854
species_source_only,CCMD73128545ST-11-0,WirbelJ_2018,0,0.4082336333624009
species_source_only,CCMD74592084ST-11-0,WirbelJ_2018,0,0.18683804483991534
species_source_only,CCMD75147712ST-11-0,WirbelJ_2018,0,0.346627732218566
species_source_only,CCMD76222476ST-11-0,WirbelJ_2018,1,0.4240855204913718
species_source_only,CCMD76409700ST-11-0,WirbelJ_2018,0,0.3016369495956644
species_source_only,CCMD79349503ST-11-0,WirbelJ_2018,1,0.3043303657150283
species_source_only,CCMD85481373ST-11-0,WirbelJ_2018,0,0.35245678751654713
species_source_only,CCMD85661207ST-11-0,WirbelJ_2018,0,0.3281537315637887
species_source_only,CCMD89107682ST-11-0,WirbelJ_2018,0,0.23570872047974237
species_source_only,CCMD89306485ST-11-0,WirbelJ_2018,1,0.3423600419684899
species_source_only,CCMD89643949ST-11-0,WirbelJ_2018,0,0.3065535328131057
species_source_only,CCMD89967135ST-11-0,WirbelJ_2018,0,0.458138385845561
species_source_only,CCMD92404903ST-11-0,WirbelJ_2018,1,0.6556300297473842
species_source_only,CCMD93755960ST-11-0,WirbelJ_2018,0,0.24002464678533855
species_source_only,CCMD95431029ST-11-0,WirbelJ_2018,1,0.6863600063210962
species_source_only,CCMD95676152ST-11-0,WirbelJ_2018,1,0.8114177883552621
species_source_only,CCMD98198513ST-11-0,WirbelJ_2018,0,0.31206856197189264
species_source_only,CCMD98531134ST-11-0,WirbelJ_2018,1,0.657252500979192
species_source_only,CCMD98702133ST-11-0,WirbelJ_2018,0,0.3794906927302514
species_source_only,CCMD99440714ST-11-0,WirbelJ_2018,0,0.3566382020017617
species_source_only,CCMD99929634ST-11-0,WirbelJ_2018,0,0.22128209962872017
stratified_source_only,CCMD11006829ST-21-0,WirbelJ_2018,1,0.7942276660524568
stratified_source_only,CCMD12232071ST-21-0,WirbelJ_2018,1,0.4912541295124679
stratified_source_only,CCMD13071240ST-21-0,WirbelJ_2018,1,0.6986774574533914
stratified_source_only,CCMD13934959ST-21-0,WirbelJ_2018,1,0.6797982026448988
stratified_source_only,CCMD14479708ST-21-0,WirbelJ_2018,1,0.39551104830402756
stratified_source_only,CCMD18872694ST-21-0,WirbelJ_2018,1,0.6024423703221333
stratified_source_only,CCMD19497912ST-21-0,WirbelJ_2018,1,0.7429903051373977
stratified_source_only,CCMD23101338ST-21-0,WirbelJ_2018,1,0.4118856173489292
stratified_source_only,CCMD25511638ST-21-0,WirbelJ_2018,1,0.6588940843439496
stratified_source_only,CCMD25963797ST-21-0,WirbelJ_2018,1,0.4742051999213003
stratified_source_only,CCMD26709089ST-21-0,WirbelJ_2018,1,0.4685393661527877
stratified_source_only,CCMD26925580ST-21-0,WirbelJ_2018,1,0.37647723398998173
stratified_source_only,CCMD34381688ST-21-0,WirbelJ_2018,1,0.4824895111713776
stratified_source_only,CCMD35802077ST-21-0,WirbelJ_2018,1,0.43039026609444
stratified_source_only,CCMD40701343ST-21-0,WirbelJ_2018,1,0.6209523636771461
stratified_source_only,CCMD42428553ST-21-0,WirbelJ_2018,1,0.55852312386567
stratified_source_only,CCMD45988061ST-21-0,WirbelJ_2018,1,0.6916952380309376
stratified_source_only,CCMD46222674ST-21-0,WirbelJ_2018,1,0.5839001376175773
stratified_source_only,CCMD46947453ST-21-0,WirbelJ_2018,1,0.412426608964543
stratified_source_only,CCMD48236717ST-21-0,WirbelJ_2018,1,0.43286971665725565
stratified_source_only,CCMD50071957ST-21-0,WirbelJ_2018,1,0.7316966460120963
stratified_source_only,CCMD51864103ST-21-0,WirbelJ_2018,1,0.6405611817026363
stratified_source_only,CCMD60079086ST-21-0,WirbelJ_2018,1,0.5184270098087785
stratified_source_only,CCMD63399960ST-21-0,WirbelJ_2018,1,0.47309227094676337
stratified_source_only,CCMD64503764ST-21-0,WirbelJ_2018,1,0.7058714097506582
stratified_source_only,CCMD64776337ST-21-0,WirbelJ_2018,1,0.5572255266242698
stratified_source_only,CCMD72895164ST-21-0,WirbelJ_2018,1,0.4816038176960014
stratified_source_only,CCMD74930188ST-21-0,WirbelJ_2018,1,0.484843562716477
stratified_source_only,CCMD79987997ST-21-0,WirbelJ_2018,1,0.41417338045591906
stratified_source_only,CCMD82866709ST-21-0,WirbelJ_2018,1,0.6725496001747473
stratified_source_only,CCMD86114146ST-21-0,WirbelJ_2018,1,0.5943285186096868
stratified_source_only,CCMD86707194ST-21-0,WirbelJ_2018,1,0.3474569011233921
stratified_source_only,CCMD87156761ST-21-0,WirbelJ_2018,1,0.39490693460138915
stratified_source_only,CCMD88272491ST-21-0,WirbelJ_2018,1,0.6855915917958042
stratified_source_only,CCMD90311071ST-21-0,WirbelJ_2018,1,0.43364597405598476
stratified_source_only,CCMD93344354ST-21-0,WirbelJ_2018,1,0.44122118396819454
stratified_source_only,CCMD95433940ST-21-0,WirbelJ_2018,1,0.43460879986584283
stratified_source_only,CCMD96553385ST-21-0,WirbelJ_2018,1,0.44703174341459845
stratified_source_only,MMPU29365221ST,WirbelJ_2018,0,0.3071285053514727
stratified_source_only,MMPU68403337ST,WirbelJ_2018,0,0.4940238271937877
stratified_source_only,MMPU72854103ST,WirbelJ_2018,0,0.4380844364733796
stratified_source_only,MMPU84450604ST,WirbelJ_2018,0,0.3022799765743699
stratified_source_only,MMPU99077057ST,WirbelJ_2018,0,0.4711088796555044
stratified_source_only,CCMD10032470ST-11-0,WirbelJ_2018,0,0.3493352654806172
stratified_source_only,CCMD10191450ST-11-0,WirbelJ_2018,0,0.38729043332703095
stratified_source_only,CCMD15562448ST-11-0,WirbelJ_2018,0,0.41012546243485404
stratified_source_only,CCMD17410933ST-11-0,WirbelJ_2018,0,0.3008739631153046
stratified_source_only,CCMD18579000ST-11-0,WirbelJ_2018,0,0.4309533944234806
stratified_source_only,CCMD18829815ST-11-0,WirbelJ_2018,0,0.2603612439900777
stratified_source_only,CCMD19168690ST-11-0,WirbelJ_2018,1,0.4289396727645248
stratified_source_only,CCMD21593359ST-11-0,WirbelJ_2018,1,0.8142829090363076
stratified_source_only,CCMD21703880ST-11-0,WirbelJ_2018,1,0.753411281556119
stratified_source_only,CCMD22852639ST-11-0,WirbelJ_2018,0,0.5636513917944912
stratified_source_only,CCMD23541216ST-11-0,WirbelJ_2018,0,0.4486960743851121
stratified_source_only,CCMD25475945ST-11-0,WirbelJ_2018,0,0.36973529638920616
stratified_source_only,CCMD26625622ST-11-0,WirbelJ_2018,0,0.5063738246784747
stratified_source_only,CCMD27463710ST-11-0,WirbelJ_2018,1,0.5998935750025963
stratified_source_only,CCMD27867141ST-11-0,WirbelJ_2018,0,0.49282420269180854
stratified_source_only,CCMD28738636ST-11-0,WirbelJ_2018,0,0.29293827689640506
stratified_source_only,CCMD29706695ST-11-0,WirbelJ_2018,0,0.4445603696522514
stratified_source_only,CCMD30626189ST-11-0,WirbelJ_2018,0,0.27730051739403516
stratified_source_only,CCMD30627121ST-11-0,WirbelJ_2018,0,0.49951669648693076
stratified_source_only,CCMD31009081ST-11-0,WirbelJ_2018,0,0.4061207641098473
stratified_source_only,CCMD31134579ST-11-0,WirbelJ_2018,0,0.49723255363610386
stratified_source_only,CCMD32288175ST-11-0,WirbelJ_2018,0,0.395420241137283
stratified_source_only,CCMD32965613ST-11-0,WirbelJ_2018,0,0.4169926352084255
stratified_source_only,CCMD35081859ST-11-0,WirbelJ_2018,0,0.4995781157805913
stratified_source_only,CCMD35633353ST-11-0,WirbelJ_2018,1,0.6913406191168094
stratified_source_only,CCMD35801800ST-11-0,WirbelJ_2018,0,0.3310318016177147
stratified_source_only,CCMD37575804ST-11-0,WirbelJ_2018,0,0.24090769365841913
stratified_source_only,CCMD38158721ST-11-0,WirbelJ_2018,0,0.2644682436423232
stratified_source_only,CCMD39157124ST-11-0,WirbelJ_2018,0,0.2641217777695365
stratified_source_only,CCMD39882286ST-11-0,WirbelJ_2018,0,0.3960370669683811
stratified_source_only,CCMD41202658ST-11-0,WirbelJ_2018,0,0.36007476689980744
stratified_source_only,CCMD41521570ST-11-0,WirbelJ_2018,0,0.2536545933000501
stratified_source_only,CCMD42956136ST-11-0,WirbelJ_2018,1,0.6344294342506279
stratified_source_only,CCMD45004878ST-11-0,WirbelJ_2018,0,0.3212698524911592
stratified_source_only,CCMD45812507ST-11-0,WirbelJ_2018,0,0.3067151382647528
stratified_source_only,CCMD46727384ST-11-0,WirbelJ_2018,0,0.4752675843255249
stratified_source_only,CCMD49025643ST-11-0,WirbelJ_2018,0,0.6238353222112009
stratified_source_only,CCMD49461418ST-11-0,WirbelJ_2018,1,0.40564623764176644
stratified_source_only,CCMD49942357ST-11-0,WirbelJ_2018,0,0.30673000583044663
stratified_source_only,CCMD50300306ST-11-0,WirbelJ_2018,0,0.3370454420587277
stratified_source_only,CCMD50529145ST-11-0,WirbelJ_2018,0,0.37941784132939804
stratified_source_only,CCMD50538120ST-11-0,WirbelJ_2018,0,0.30333147140938965
stratified_source_only,CCMD51154251ST-11-0,WirbelJ_2018,0,0.49033144864324035
stratified_source_only,CCMD51228890ST-11-0,WirbelJ_2018,0,0.5216401051684116
stratified_source_only,CCMD52117727ST-11-0,WirbelJ_2018,1,0.5319723240411282
stratified_source_only,CCMD52145360ST-11-0,WirbelJ_2018,1,0.5356859475191668
stratified_source_only,CCMD53508245ST-11-0,WirbelJ_2018,0,0.553959824169793
stratified_source_only,CCMD53522274ST-11-0,WirbelJ_2018,0,0.3594504363319898
stratified_source_only,CCMD54057834ST-11-0,WirbelJ_2018,0,0.36086088484815093
stratified_source_only,CCMD56948710ST-11-0,WirbelJ_2018,0,0.36921467861961826
stratified_source_only,CCMD59540613ST-11-0,WirbelJ_2018,0,0.5561365241804874
stratified_source_only,CCMD59583015ST-11-0,WirbelJ_2018,1,0.33138317581103927
stratified_source_only,CCMD65222621ST-11-0,WirbelJ_2018,1,0.5630756233021029
stratified_source_only,CCMD65406197ST-11-0,WirbelJ_2018,1,0.5521002144472039
stratified_source_only,CCMD66848156ST-11-0,WirbelJ_2018,0,0.3285677461246853
stratified_source_only,CCMD67373733ST-11-0,WirbelJ_2018,0,0.4437422190644331
stratified_source_only,CCMD68973846ST-11-0,WirbelJ_2018,0,0.41763872718420825
stratified_source_only,CCMD71242853ST-11-0,WirbelJ_2018,1,0.39153023174857876
stratified_source_only,CCMD71915439ST-11-0,WirbelJ_2018,1,0.8386647184092642
stratified_source_only,CCMD72666896ST-11-0,WirbelJ_2018,0,0.521099676842216
stratified_source_only,CCMD72690923ST-11-0,WirbelJ_2018,1,0.5055210319903831
stratified_source_only,CCMD73128545ST-11-0,WirbelJ_2018,0,0.31804196571204185
stratified_source_only,CCMD74592084ST-11-0,WirbelJ_2018,0,0.1596477060283737
stratified_source_only,CCMD75147712ST-11-0,WirbelJ_2018,0,0.38128631657337925
stratified_source_only,CCMD76222476ST-11-0,WirbelJ_2018,1,0.46681157353855274
stratified_source_only,CCMD76409700ST-11-0,WirbelJ_2018,0,0.3650077229940467
stratified_source_only,CCMD79349503ST-11-0,WirbelJ_2018,1,0.376030732498912
stratified_source_only,CCMD85481373ST-11-0,WirbelJ_2018,0,0.44925067378517114
stratified_source_only,CCMD85661207ST-11-0,WirbelJ_2018,0,0.3592074487117642
stratified_source_only,CCMD89107682ST-11-0,WirbelJ_2018,0,0.20484306580600758
stratified_source_only,CCMD89306485ST-11-0,WirbelJ_2018,1,0.30034328670568544
stratified_source_only,CCMD89643949ST-11-0,WirbelJ_2018,0,0.31586483789524844
stratified_source_only,CCMD89967135ST-11-0,WirbelJ_2018,0,0.42545468419819527
stratified_source_only,CCMD92404903ST-11-0,WirbelJ_2018,1,0.6355845616051582
stratified_source_only,CCMD93755960ST-11-0,WirbelJ_2018,0,0.25149863516921545
stratified_source_only,CCMD95431029ST-11-0,WirbelJ_2018,1,0.704562020315138
stratified_source_only,CCMD95676152ST-11-0,WirbelJ_2018,1,0.7662097476448257
stratified_source_only,CCMD98198513ST-11-0,WirbelJ_2018,0,0.21576853621890146
stratified_source_only,CCMD98531134ST-11-0,WirbelJ_2018,1,0.5420648702414071
stratified_source_only,CCMD98702133ST-11-0,WirbelJ_2018,0,0.3903641903722762
stratified_source_only,CCMD99440714ST-11-0,WirbelJ_2018,0,0.31669011434537536
stratified_source_only,CCMD99929634ST-11-0,WirbelJ_2018,0,0.28574883062202616
stratified_target_adaptive,CCMD11006829ST-21-0,WirbelJ_2018,1,0.8458045011828182
stratified_target_adaptive,CCMD12232071ST-21-0,WirbelJ_2018,1,0.5249747318808252
stratified_target_adaptive,CCMD13071240ST-21-0,WirbelJ_2018,1,0.7236016231713421
stratified_target_adaptive,CCMD13934959ST-21-0,WirbelJ_2018,1,0.761654183679541
stratified_target_adaptive,CCMD14479708ST-21-0,WirbelJ_2018,1,0.38810569070213585
stratified_target_adaptive,CCMD18872694ST-21-0,WirbelJ_2018,1,0.6580599908971476
stratified_target_adaptive,CCMD19497912ST-21-0,WirbelJ_2018,1,0.7768719679656955
stratified_target_adaptive,CCMD23101338ST-21-0,WirbelJ_2018,1,0.4758734537467251
stratified_target_adaptive,CCMD25511638ST-21-0,WirbelJ_2018,1,0.6707616579341584
stratified_target_adaptive,CCMD25963797ST-21-0,WirbelJ_2018,1,0.4365023776294762
stratified_target_adaptive,CCMD26709089ST-21-0,WirbelJ_2018,1,0.3729041741937468
stratified_target_adaptive,CCMD26925580ST-21-0,WirbelJ_2018,1,0.35573424449010177
stratified_target_adaptive,CCMD34381688ST-21-0,WirbelJ_2018,1,0.45967208486608757
stratified_target_adaptive,CCMD35802077ST-21-0,WirbelJ_2018,1,0.41458517127520217
stratified_target_adaptive,CCMD40701343ST-21-0,WirbelJ_2018,1,0.6296543499705317
stratified_target_adaptive,CCMD42428553ST-21-0,WirbelJ_2018,1,0.5800130168746377
stratified_target_adaptive,CCMD45988061ST-21-0,WirbelJ_2018,1,0.7545609875648044
stratified_target_adaptive,CCMD46222674ST-21-0,WirbelJ_2018,1,0.6252912792514675
stratified_target_adaptive,CCMD46947453ST-21-0,WirbelJ_2018,1,0.41931750580471233
stratified_target_adaptive,CCMD48236717ST-21-0,WirbelJ_2018,1,0.4142225455580439
stratified_target_adaptive,CCMD50071957ST-21-0,WirbelJ_2018,1,0.7657065582451091
stratified_target_adaptive,CCMD51864103ST-21-0,WirbelJ_2018,1,0.6509338549563374
stratified_target_adaptive,CCMD60079086ST-21-0,WirbelJ_2018,1,0.571089673043414
stratified_target_adaptive,CCMD63399960ST-21-0,WirbelJ_2018,1,0.4385072840122582
stratified_target_adaptive,CCMD64503764ST-21-0,WirbelJ_2018,1,0.7483496940245241
stratified_target_adaptive,CCMD64776337ST-21-0,WirbelJ_2018,1,0.6256297401565794
stratified_target_adaptive,CCMD72895164ST-21-0,WirbelJ_2018,1,0.4846108954916266
stratified_target_adaptive,CCMD74930188ST-21-0,WirbelJ_2018,1,0.5593325224336032
stratified_target_adaptive,CCMD79987997ST-21-0,WirbelJ_2018,1,0.41364561521385207
stratified_target_adaptive,CCMD82866709ST-21-0,WirbelJ_2018,1,0.7473619888158812
stratified_target_adaptive,CCMD86114146ST-21-0,WirbelJ_2018,1,0.6363074289651109
stratified_target_adaptive,CCMD86707194ST-21-0,WirbelJ_2018,1,0.3890575475870156
stratified_target_adaptive,CCMD87156761ST-21-0,WirbelJ_2018,1,0.37987889075100534
stratified_target_adaptive,CCMD88272491ST-21-0,WirbelJ_2018,1,0.7253740036914313
stratified_target_adaptive,CCMD90311071ST-21-0,WirbelJ_2018,1,0.30976210965748935
stratified_target_adaptive,CCMD93344354ST-21-0,WirbelJ_2018,1,0.4476493429533948
stratified_target_adaptive,CCMD95433940ST-21-0,WirbelJ_2018,1,0.32813665484633475
stratified_target_adaptive,CCMD96553385ST-21-0,WirbelJ_2018,1,0.4878601749247214
stratified_target_adaptive,MMPU29365221ST,WirbelJ_2018,0,0.28553699661768744
stratified_target_adaptive,MMPU68403337ST,WirbelJ_2018,0,0.47061311069973527
stratified_target_adaptive,MMPU72854103ST,WirbelJ_2018,0,0.3814722452489577
stratified_target_adaptive,MMPU84450604ST,WirbelJ_2018,0,0.3048850762397119
stratified_target_adaptive,MMPU99077057ST,WirbelJ_2018,0,0.3745511073782526
stratified_target_adaptive,CCMD10032470ST-11-0,WirbelJ_2018,0,0.30302489540526445
stratified_target_adaptive,CCMD10191450ST-11-0,WirbelJ_2018,0,0.38820304075935314
stratified_target_adaptive,CCMD15562448ST-11-0,WirbelJ_2018,0,0.537521087255348
stratified_target_adaptive,CCMD17410933ST-11-0,WirbelJ_2018,0,0.35431038398710507
stratified_target_adaptive,CCMD18579000ST-11-0,WirbelJ_2018,0,0.4165279896786112
stratified_target_adaptive,CCMD18829815ST-11-0,WirbelJ_2018,0,0.2040711724919213
stratified_target_adaptive,CCMD19168690ST-11-0,WirbelJ_2018,1,0.45817995684625673
stratified_target_adaptive,CCMD21593359ST-11-0,WirbelJ_2018,1,0.8722973190089672
stratified_target_adaptive,CCMD21703880ST-11-0,WirbelJ_2018,1,0.7506857501449375
stratified_target_adaptive,CCMD22852639ST-11-0,WirbelJ_2018,0,0.5385456748443823
stratified_target_adaptive,CCMD23541216ST-11-0,WirbelJ_2018,0,0.38625075000958753
stratified_target_adaptive,CCMD25475945ST-11-0,WirbelJ_2018,0,0.4690942782242855
stratified_target_adaptive,CCMD26625622ST-11-0,WirbelJ_2018,0,0.5171545079797386
stratified_target_adaptive,CCMD27463710ST-11-0,WirbelJ_2018,1,0.6290575500761731
stratified_target_adaptive,CCMD27867141ST-11-0,WirbelJ_2018,0,0.4579792211355467
stratified_target_adaptive,CCMD28738636ST-11-0,WirbelJ_2018,0,0.3153225104703816
stratified_target_adaptive,CCMD29706695ST-11-0,WirbelJ_2018,0,0.5020146545434636
stratified_target_adaptive,CCMD30626189ST-11-0,WirbelJ_2018,0,0.2888872643121475
stratified_target_adaptive,CCMD30627121ST-11-0,WirbelJ_2018,0,0.5485949531415274
stratified_target_adaptive,CCMD31009081ST-11-0,WirbelJ_2018,0,0.4154558409054124
stratified_target_adaptive,CCMD31134579ST-11-0,WirbelJ_2018,0,0.48766568104427466
stratified_target_adaptive,CCMD32288175ST-11-0,WirbelJ_2018,0,0.4394560367860581
stratified_target_adaptive,CCMD32965613ST-11-0,WirbelJ_2018,0,0.40803577289816517
stratified_target_adaptive,CCMD35081859ST-11-0,WirbelJ_2018,0,0.42293667110165367
stratified_target_adaptive,CCMD35633353ST-11-0,WirbelJ_2018,1,0.7281948605234801
stratified_target_adaptive,CCMD35801800ST-11-0,WirbelJ_2018,0,0.3587928862167778
stratified_target_adaptive,CCMD37575804ST-11-0,WirbelJ_2018,0,0.20321602672182829
stratified_target_adaptive,CCMD38158721ST-11-0,WirbelJ_2018,0,0.3131141352069374
stratified_target_adaptive,CCMD39157124ST-11-0,WirbelJ_2018,0,0.29530254142590046
stratified_target_adaptive,CCMD39882286ST-11-0,WirbelJ_2018,0,0.39005411229058146
stratified_target_adaptive,CCMD41202658ST-11-0,WirbelJ_2018,0,0.3749589262716682
stratified_target_adaptive,CCMD41521570ST-11-0,WirbelJ_2018,0,0.23094901368495502
stratified_target_adaptive,CCMD42956136ST-11-0,WirbelJ_2018,1,0.6495351138263138
stratified_target_adaptive,CCMD45004878ST-11-0,WirbelJ_2018,0,0.3264365834660684
stratified_target_adaptive,CCMD45812507ST-11-0,WirbelJ_2018,0,0.322004227150492
stratified_target_adaptive,CCMD46727384ST-11-0,WirbelJ_2018,0,0.5422489771284729
stratified_target_adaptive,CCMD49025643ST-11-0,WirbelJ_2018,0,0.6739095322835961
stratified_target_adaptive,CCMD49461418ST-11-0,WirbelJ_2018,1,0.3845407094536663
stratified_target_adaptive,CCMD49942357ST-11-0,WirbelJ_2018,0,0.3677654536874334
stratified_target_adaptive,CCMD50300306ST-11-0,WirbelJ_2018,0,0.30018223295552277
stratified_target_adaptive,CCMD50529145ST-11-0,WirbelJ_2018,0,0.36332346481799915
stratified_target_adaptive,CCMD50538120ST-11-0,WirbelJ_2018,0,0.2973124456220855
stratified_target_adaptive,CCMD51154251ST-11-0,WirbelJ_2018,0,0.5206744131260393
stratified_target_adaptive,CCMD51228890ST-11-0,WirbelJ_2018,0,0.43066225986458817
stratified_target_adaptive,CCMD52117727ST-11-0,WirbelJ_2018,1,0.6773696851614869
stratified_target_adaptive,CCMD52145360ST-11-0,WirbelJ_2018,1,0.5461609301162665
stratified_target_adaptive,CCMD53508245ST-11-0,WirbelJ_2018,0,0.6555906692637558
stratified_target_adaptive,CCMD53522274ST-11-0,WirbelJ_2018,0,0.2837432975720334
stratified_target_adaptive,CCMD54057834ST-11-0,WirbelJ_2018,0,0.29980348454618233
stratified_target_adaptive,CCMD56948710ST-11-0,WirbelJ_2018,0,0.306548243616805
stratified_target_adaptive,CCMD59540613ST-11-0,WirbelJ_2018,0,0.6119712412606629
stratified_target_adaptive,CCMD59583015ST-11-0,WirbelJ_2018,1,0.3148975115047051
stratified_target_adaptive,CCMD65222621ST-11-0,WirbelJ_2018,1,0.5475005474343833
stratified_target_adaptive,CCMD65406197ST-11-0,WirbelJ_2018,1,0.5613930068101101
stratified_target_adaptive,CCMD66848156ST-11-0,WirbelJ_2018,0,0.2946400552311663
stratified_target_adaptive,CCMD67373733ST-11-0,WirbelJ_2018,0,0.44144631511496185
stratified_target_adaptive,CCMD68973846ST-11-0,WirbelJ_2018,0,0.4170675113427677
stratified_target_adaptive,CCMD71242853ST-11-0,WirbelJ_2018,1,0.32481804711067686
stratified_target_adaptive,CCMD71915439ST-11-0,WirbelJ_2018,1,0.8456710391785393
stratified_target_adaptive,CCMD72666896ST-11-0,WirbelJ_2018,0,0.5326608364761186
stratified_target_adaptive,CCMD72690923ST-11-0,WirbelJ_2018,1,0.5825274507663816
stratified_target_adaptive,CCMD73128545ST-11-0,WirbelJ_2018,0,0.3448292327530747
stratified_target_adaptive,CCMD74592084ST-11-0,WirbelJ_2018,0,0.18785543168461272
stratified_target_adaptive,CCMD75147712ST-11-0,WirbelJ_2018,0,0.3647113731602893
stratified_target_adaptive,CCMD76222476ST-11-0,WirbelJ_2018,1,0.5559588358744205
stratified_target_adaptive,CCMD76409700ST-11-0,WirbelJ_2018,0,0.31575336410424526
stratified_target_adaptive,CCMD79349503ST-11-0,WirbelJ_2018,1,0.2904758357729418
stratified_target_adaptive,CCMD85481373ST-11-0,WirbelJ_2018,0,0.5330118659336248
stratified_target_adaptive,CCMD85661207ST-11-0,WirbelJ_2018,0,0.3378410795357128
stratified_target_adaptive,CCMD89107682ST-11-0,WirbelJ_2018,0,0.19813647391190445
stratified_target_adaptive,CCMD89306485ST-11-0,WirbelJ_2018,1,0.3163754444993352
stratified_target_adaptive,CCMD89643949ST-11-0,WirbelJ_2018,0,0.3812077759758907
stratified_target_adaptive,CCMD89967135ST-11-0,WirbelJ_2018,0,0.45331899724746344
stratified_target_adaptive,CCMD92404903ST-11-0,WirbelJ_2018,1,0.6706036306404697
stratified_target_adaptive,CCMD93755960ST-11-0,WirbelJ_2018,0,0.2654320211043263
stratified_target_adaptive,CCMD95431029ST-11-0,WirbelJ_2018,1,0.7275405330713769
stratified_target_adaptive,CCMD95676152ST-11-0,WirbelJ_2018,1,0.8121657256841202
stratified_target_adaptive,CCMD98198513ST-11-0,WirbelJ_2018,0,0.22246381540219654
stratified_target_adaptive,CCMD98531134ST-11-0,WirbelJ_2018,1,0.6454248079428253
stratified_target_adaptive,CCMD98702133ST-11-0,WirbelJ_2018,0,0.42857023027752966
stratified_target_adaptive,CCMD99440714ST-11-0,WirbelJ_2018,0,0.3236046752941166
stratified_target_adaptive,CCMD99929634ST-11-0,WirbelJ_2018,0,0.24928935846196681
species_source_only,SAMD00115014,YachidaS_2019,1,0.7725638670798096
species_source_only,SAMD00115015,YachidaS_2019,0,0.3331187359086951
species_source_only,SAMD00115025,YachidaS_2019,0,0.390592953140617
species_source_only,SAMD00115027,YachidaS_2019,0,0.4549523148712274
species_source_only,SAMD00114971,YachidaS_2019,0,0.35225272874387537
species_source_only,SAMD00114972,YachidaS_2019,1,0.450010507757137
species_source_only,SAMD00114968,YachidaS_2019,0,0.3246439188770173
species_source_only,SAMD00114970,YachidaS_2019,0,0.48694658059333856
species_source_only,SAMD00115016,YachidaS_2019,0,0.6035586896691219
species_source_only,SAMD00115017,YachidaS_2019,0,0.41226795373694275
species_source_only,SAMD00115019,YachidaS_2019,0,0.4265580098987204
species_source_only,SAMD00115021,YachidaS_2019,1,0.48479054590983106
species_source_only,SAMD00115023,YachidaS_2019,0,0.32103857512868667
species_source_only,SAMD00114973,YachidaS_2019,0,0.37660604126017116
species_source_only,SAMD00114969,YachidaS_2019,1,0.42390851211762814
species_source_only,SAMD00115018,YachidaS_2019,0,0.4662045014224377
species_source_only,SAMD00115020,YachidaS_2019,1,0.47673738109965913
species_source_only,SAMD00115022,YachidaS_2019,0,0.527972999946644
species_source_only,SAMD00115029,YachidaS_2019,1,0.5361647431488625
species_source_only,SAMD00115026,YachidaS_2019,1,0.6579873896884048
species_source_only,SAMD00115028,YachidaS_2019,1,0.3086690378895028
species_source_only,SAMD00114997,YachidaS_2019,0,0.4948284279130812
species_source_only,SAMD00115030,YachidaS_2019,1,0.4365202734661683
species_source_only,SAMD00115031,YachidaS_2019,1,0.7870237103043205
species_source_only,SAMD00115032,YachidaS_2019,0,0.5613654513040693
species_source_only,SAMD00115034,YachidaS_2019,1,0.5493263744454552
species_source_only,SAMD00115035,YachidaS_2019,1,0.7159893398195163
species_source_only,SAMD00114998,YachidaS_2019,0,0.6883963966091391
species_source_only,SAMD00115000,YachidaS_2019,1,0.7258501308726211
species_source_only,SAMD00114995,YachidaS_2019,0,0.29159158607591806
species_source_only,SAMD00114996,YachidaS_2019,0,0.4356714079224501
species_source_only,SAMD00115033,YachidaS_2019,0,0.47177925956162103
species_source_only,SAMD00114736,YachidaS_2019,0,0.46732859700749985
species_source_only,SAMD00114737,YachidaS_2019,1,0.5495630896036809
species_source_only,SAMD00114738,YachidaS_2019,1,0.6677966784869527
species_source_only,SAMD00114739,YachidaS_2019,1,0.7394681273764838
species_source_only,SAMD00114744,YachidaS_2019,1,0.5413620301476557
species_source_only,SAMD00114745,YachidaS_2019,0,0.6220449310621917
species_source_only,SAMD00114746,YachidaS_2019,1,0.5883057562905426
species_source_only,SAMD00114747,YachidaS_2019,0,0.35948697196140045
species_source_only,SAMD00114748,YachidaS_2019,1,0.5259188344701277
species_source_only,SAMD00114832,YachidaS_2019,0,0.35560394272943474
species_source_only,SAMD00114740,YachidaS_2019,1,0.3297063244445988
species_source_only,SAMD00114741,YachidaS_2019,0,0.4661173639821546
species_source_only,SAMD00114833,YachidaS_2019,0,0.4757833398743352
species_source_only,SAMD00114742,YachidaS_2019,1,0.47137603551003177
species_source_only,SAMD00114743,YachidaS_2019,1,0.6235150335246583
species_source_only,SAMD00114757,YachidaS_2019,0,0.4036740246111306
species_source_only,SAMD00114759,YachidaS_2019,1,0.48193973467596735
species_source_only,SAMD00114760,YachidaS_2019,1,0.799725241933274
species_source_only,SAMD00114834,YachidaS_2019,0,0.43862444595670685
species_source_only,SAMD00114761,YachidaS_2019,1,0.7626418034847149
species_source_only,SAMD00114762,YachidaS_2019,1,0.36938601749748107
species_source_only,SAMD00114763,YachidaS_2019,1,0.544535657733581
species_source_only,SAMD00114815,YachidaS_2019,0,0.6446836621551558
species_source_only,SAMD00114764,YachidaS_2019,1,0.5024457372619014
species_source_only,SAMD00114974,YachidaS_2019,0,0.5534615749786084
species_source_only,SAMD00114755,YachidaS_2019,1,0.5967678095747698
species_source_only,SAMD00114765,YachidaS_2019,1,0.7585016924052999
species_source_only,SAMD00114978,YachidaS_2019,1,0.6570853483610748
species_source_only,SAMD00114766,YachidaS_2019,1,0.6108802066984268
species_source_only,SAMD00114979,YachidaS_2019,0,0.3970723608338687
species_source_only,SAMD00114767,YachidaS_2019,1,0.8541855072211646
species_source_only,SAMD00114768,YachidaS_2019,1,0.41322750332396113
species_source_only,SAMD00114769,YachidaS_2019,0,0.4155227588276373
species_source_only,SAMD00114770,YachidaS_2019,0,0.4521016701964456
species_source_only,SAMD00114771,YachidaS_2019,0,0.6380007370264419
species_source_only,SAMD00114975,YachidaS_2019,0,0.3148531129401014
species_source_only,SAMD00114772,YachidaS_2019,1,0.798284081849995
species_source_only,SAMD00114773,YachidaS_2019,0,0.3125420284809511
species_source_only,SAMD00114718,YachidaS_2019,0,0.5189560883536015
species_source_only,SAMD00114976,YachidaS_2019,0,0.47528078885448677
species_source_only,SAMD00114977,YachidaS_2019,0,0.44400520008036526
species_source_only,SAMD00114719,YachidaS_2019,0,0.18175826343724208
species_source_only,SAMD00114720,YachidaS_2019,0,0.606354441522268
species_source_only,SAMD00114721,YachidaS_2019,0,0.610963623654172
species_source_only,SAMD00114722,YachidaS_2019,1,0.7977701310758581
species_source_only,SAMD00114984,YachidaS_2019,0,0.47600570282134347
species_source_only,SAMD00114723,YachidaS_2019,1,0.44617061389698676
species_source_only,SAMD00114724,YachidaS_2019,1,0.6654892956348919
species_source_only,SAMD00114800,YachidaS_2019,0,0.5262006901533374
species_source_only,SAMD00114982,YachidaS_2019,0,0.5822895153622702
species_source_only,SAMD00114793,YachidaS_2019,1,0.7722966678200321
species_source_only,SAMD00114794,YachidaS_2019,1,0.7696157880656502
species_source_only,SAMD00114795,YachidaS_2019,0,0.49708536506540313
species_source_only,SAMD00114986,YachidaS_2019,0,0.46080320264687435
species_source_only,SAMD00114796,YachidaS_2019,0,0.4648924609078078
species_source_only,SAMD00114987,YachidaS_2019,0,0.3432276002514665
species_source_only,SAMD00114797,YachidaS_2019,1,0.35843881846705306
species_source_only,SAMD00114798,YachidaS_2019,0,0.3746058579288952
species_source_only,SAMD00114799,YachidaS_2019,1,0.49149649891319164
species_source_only,SAMD00114753,YachidaS_2019,1,0.8569196480566379
species_source_only,SAMD00114754,YachidaS_2019,1,0.29331614682742363
species_source_only,SAMD00114989,YachidaS_2019,0,0.594189534430241
species_source_only,SAMD00114990,YachidaS_2019,0,0.421681792795826
species_source_only,SAMD00114991,YachidaS_2019,0,0.4134521114146167
species_source_only,SAMD00114992,YachidaS_2019,0,0.42862352518718305
species_source_only,SAMD00114749,YachidaS_2019,1,0.4349240183726219
species_source_only,SAMD00114750,YachidaS_2019,1,0.8031563136181845
species_source_only,SAMD00114780,YachidaS_2019,0,0.45873840693570295
species_source_only,SAMD00114781,YachidaS_2019,0,0.25302000108264283
species_source_only,SAMD00114782,YachidaS_2019,1,0.6155247511149047
species_source_only,SAMD00114994,YachidaS_2019,0,0.36401447922306807
species_source_only,SAMD00114774,YachidaS_2019,1,0.5296175758547609
species_source_only,SAMD00114775,YachidaS_2019,1,0.4169718765228651
species_source_only,SAMD00114776,YachidaS_2019,1,0.7631190165123739
species_source_only,SAMD00114777,YachidaS_2019,1,0.701248565325041
species_source_only,SAMD00114778,YachidaS_2019,0,0.6224171901135083
species_source_only,SAMD00114779,YachidaS_2019,0,0.4708114895393975
species_source_only,SAMD00114730,YachidaS_2019,0,0.3922947000927819
species_source_only,SAMD00115001,YachidaS_2019,0,0.38692611531538995
species_source_only,SAMD00114731,YachidaS_2019,1,0.7348427049222948
species_source_only,SAMD00114732,YachidaS_2019,1,0.5289476483023493
species_source_only,SAMD00114733,YachidaS_2019,1,0.7927606564092305
species_source_only,SAMD00114734,YachidaS_2019,0,0.3663931007507101
species_source_only,SAMD00114726,YachidaS_2019,1,0.6247449727208133
species_source_only,SAMD00114727,YachidaS_2019,1,0.5060289112937361
species_source_only,SAMD00114728,YachidaS_2019,1,0.717649328709945
species_source_only,SAMD00114729,YachidaS_2019,1,0.4802695536899562
species_source_only,SAMD00115002,YachidaS_2019,0,0.7077391388305123
species_source_only,SAMD00114788,YachidaS_2019,1,0.4153032775947766
species_source_only,SAMD00115003,YachidaS_2019,0,0.529059335071622
species_source_only,SAMD00115004,YachidaS_2019,0,0.2792001992088123
species_source_only,SAMD00114789,YachidaS_2019,0,0.4040768435870603
species_source_only,SAMD00114790,YachidaS_2019,1,0.4378954058409454
species_source_only,SAMD00114791,YachidaS_2019,0,0.48641698350246904
species_source_only,SAMD00114792,YachidaS_2019,0,0.46754851236473977
species_source_only,SAMD00114783,YachidaS_2019,0,0.4599084818952722
species_source_only,SAMD00114784,YachidaS_2019,0,0.7991379381599626
species_source_only,SAMD00115008,YachidaS_2019,0,0.2198307062993203
species_source_only,SAMD00114785,YachidaS_2019,0,0.26614377303760567
species_source_only,SAMD00114786,YachidaS_2019,1,0.45106855874973845
species_source_only,SAMD00115009,YachidaS_2019,0,0.3093011882707232
species_source_only,SAMD00115005,YachidaS_2019,0,0.4432141734143785
species_source_only,SAMD00115006,YachidaS_2019,1,0.8129410754397711
species_source_only,SAMD00115007,YachidaS_2019,1,0.4803070194161915
species_source_only,SAMD00115011,YachidaS_2019,1,0.8214033622043947
species_source_only,SAMD00115012,YachidaS_2019,0,0.20600649742157084
species_source_only,SAMD00115013,YachidaS_2019,1,0.6639758976143968
species_source_only,SAMD00115010,YachidaS_2019,1,0.6446461701991505
species_source_only,SAMD00114816,YachidaS_2019,1,0.5757550458833389
species_source_only,SAMD00114819,YachidaS_2019,0,0.8187594374500125
species_source_only,SAMD00114804,YachidaS_2019,1,0.49598065057173
species_source_only,SAMD00114805,YachidaS_2019,1,0.33977874082855614
species_source_only,SAMD00114806,YachidaS_2019,1,0.5587432627730714
species_source_only,SAMD00114807,YachidaS_2019,0,0.5039832578625352
species_source_only,SAMD00114808,YachidaS_2019,1,0.4016462989399114
species_source_only,SAMD00114809,YachidaS_2019,0,0.41840571335818894
species_source_only,SAMD00114810,YachidaS_2019,1,0.42860901750130403
species_source_only,SAMD00114811,YachidaS_2019,1,0.6542941483664788
species_source_only,SAMD00114812,YachidaS_2019,0,0.3959110520082211
species_source_only,SAMD00114813,YachidaS_2019,1,0.887017527370626
species_source_only,SAMD00114814,YachidaS_2019,1,0.4647657304064767
species_source_only,SAMD00114826,YachidaS_2019,1,0.5956247109596524
species_source_only,SAMD00114829,YachidaS_2019,0,0.4622428196462668
species_source_only,SAMD00114830,YachidaS_2019,0,0.5071972166787634
species_source_only,SAMD00114862,YachidaS_2019,0,0.3233432905539073
species_source_only,SAMD00114822,YachidaS_2019,1,0.6405045876621568
species_source_only,SAMD00114823,YachidaS_2019,1,0.8664146817439159
species_source_only,SAMD00114857,YachidaS_2019,1,0.7976464836565009
species_source_only,SAMD00114858,YachidaS_2019,0,0.7445420840238112
species_source_only,SAMD00114824,YachidaS_2019,0,0.5132252315343366
species_source_only,SAMD00114825,YachidaS_2019,1,0.7141369200264264
species_source_only,SAMD00114817,YachidaS_2019,1,0.7751477833912093
species_source_only,SAMD00114818,YachidaS_2019,0,0.44557362084024504
species_source_only,SAMD00114835,YachidaS_2019,1,0.8353104700094512
species_source_only,SAMD00114836,YachidaS_2019,1,0.6241467334989246
species_source_only,SAMD00114803,YachidaS_2019,1,0.5714244927505514
species_source_only,SAMD00114841,YachidaS_2019,1,0.8119389718094598
species_source_only,SAMD00114842,YachidaS_2019,0,0.7074733487757924
species_source_only,SAMD00114843,YachidaS_2019,0,0.45838020052020634
species_source_only,SAMD00114844,YachidaS_2019,1,0.8731700694812163
species_source_only,SAMD00114845,YachidaS_2019,0,0.6473801816257
species_source_only,SAMD00114846,YachidaS_2019,1,0.6123876134417423
species_source_only,SAMD00114848,YachidaS_2019,1,0.7049696592805172
species_source_only,SAMD00114849,YachidaS_2019,1,0.32061429133465036
species_source_only,SAMD00114850,YachidaS_2019,0,0.4535741028028659
species_source_only,SAMD00114863,YachidaS_2019,1,0.8287445094960256
species_source_only,SAMD00114865,YachidaS_2019,0,0.5566296584397296
species_source_only,SAMD00114852,YachidaS_2019,1,0.4797281479389947
species_source_only,SAMD00114867,YachidaS_2019,0,0.2946137480204129
species_source_only,SAMD00114868,YachidaS_2019,1,0.33131984319810853
species_source_only,SAMD00114869,YachidaS_2019,0,0.5227057517186791
species_source_only,SAMD00114854,YachidaS_2019,0,0.7996569886459818
species_source_only,SAMD00114859,YachidaS_2019,0,0.4907868306894659
species_source_only,SAMD00114837,YachidaS_2019,0,0.5519764788024134
species_source_only,SAMD00114838,YachidaS_2019,0,0.5195753531402104
species_source_only,SAMD00114860,YachidaS_2019,0,0.2482454172390197
species_source_only,SAMD00114839,YachidaS_2019,1,0.3216430384915032
species_source_only,SAMD00114840,YachidaS_2019,1,0.611519303073095
species_source_only,SAMD00114856,YachidaS_2019,1,0.5262213026089764
species_source_only,SAMD00114870,YachidaS_2019,1,0.41201773691044213
species_source_only,SAMD00114871,YachidaS_2019,1,0.5136755744960187
species_source_only,SAMD00114926,YachidaS_2019,0,0.39802902805827006
species_source_only,SAMD00114888,YachidaS_2019,0,0.5254357640704534
species_source_only,SAMD00114889,YachidaS_2019,0,0.4898688721023985
species_source_only,SAMD00114872,YachidaS_2019,0,0.6543128466185806
species_source_only,SAMD00114873,YachidaS_2019,0,0.5864963233256154
species_source_only,SAMD00114927,YachidaS_2019,1,0.5025715325550553
species_source_only,SAMD00114938,YachidaS_2019,0,0.4775134365713135
species_source_only,SAMD00114891,YachidaS_2019,1,0.6159632156225654
species_source_only,SAMD00114929,YachidaS_2019,0,0.4605940027373639
species_source_only,SAMD00114939,YachidaS_2019,1,0.5447419130563007
species_source_only,SAMD00114892,YachidaS_2019,1,0.3192245917705447
species_source_only,SAMD00114893,YachidaS_2019,1,0.56145528299899
species_source_only,SAMD00114874,YachidaS_2019,0,0.5022853769234221
species_source_only,SAMD00114875,YachidaS_2019,1,0.5320193741459088
species_source_only,SAMD00114931,YachidaS_2019,1,0.7757961715511691
species_source_only,SAMD00114932,YachidaS_2019,0,0.5472356483013386
species_source_only,SAMD00114940,YachidaS_2019,0,0.44909154961383646
species_source_only,SAMD00114894,YachidaS_2019,1,0.796679837900058
species_source_only,SAMD00114895,YachidaS_2019,0,0.3628788440307595
species_source_only,SAMD00114876,YachidaS_2019,0,0.2470025127723334
species_source_only,SAMD00114933,YachidaS_2019,1,0.769992523447392
species_source_only,SAMD00114941,YachidaS_2019,1,0.34777834836089266
species_source_only,SAMD00114896,YachidaS_2019,1,0.5496569127216068
species_source_only,SAMD00114897,YachidaS_2019,1,0.7187530582466649
species_source_only,SAMD00114877,YachidaS_2019,1,0.40966309207890983
species_source_only,SAMD00114878,YachidaS_2019,1,0.7655013378764484
species_source_only,SAMD00114934,YachidaS_2019,1,0.7706770049670971
species_source_only,SAMD00114942,YachidaS_2019,0,0.5393970646650197
species_source_only,SAMD00114898,YachidaS_2019,0,0.2898067258581627
species_source_only,SAMD00114935,YachidaS_2019,1,0.5207710524324612
species_source_only,SAMD00114943,YachidaS_2019,1,0.4807914554888301
species_source_only,SAMD00114908,YachidaS_2019,0,0.37840741088887453
species_source_only,SAMD00114944,YachidaS_2019,1,0.8044270322218102
species_source_only,SAMD00114918,YachidaS_2019,0,0.42922187904337084
species_source_only,SAMD00114909,YachidaS_2019,1,0.504663122828807
species_source_only,SAMD00114919,YachidaS_2019,1,0.3731665299498912
species_source_only,SAMD00114920,YachidaS_2019,1,0.8696691723557958
species_source_only,SAMD00114949,YachidaS_2019,1,0.49764914703884783
species_source_only,SAMD00114950,YachidaS_2019,0,0.5059291707764744
species_source_only,SAMD00114910,YachidaS_2019,1,0.5550709150035742
species_source_only,SAMD00114911,YachidaS_2019,1,0.6550737115793096
species_source_only,SAMD00114921,YachidaS_2019,1,0.6205860896832806
species_source_only,SAMD00114922,YachidaS_2019,1,0.5696163108869582
species_source_only,SAMD00114951,YachidaS_2019,1,0.32591839067957756
species_source_only,SAMD00114912,YachidaS_2019,1,0.582110411320193
species_source_only,SAMD00114913,YachidaS_2019,0,0.3571950208921219
species_source_only,SAMD00114952,YachidaS_2019,1,0.5495136704578306
species_source_only,SAMD00114953,YachidaS_2019,0,0.7827088248305706
species_source_only,SAMD00114945,YachidaS_2019,0,0.36333050763882413
species_source_only,SAMD00114924,YachidaS_2019,1,0.5277421253714895
species_source_only,SAMD00114954,YachidaS_2019,1,0.6611451407780687
species_source_only,SAMD00114914,YachidaS_2019,1,0.7716276683255614
species_source_only,SAMD00114946,YachidaS_2019,1,0.8131715595195272
species_source_only,SAMD00114925,YachidaS_2019,1,0.6126794853641265
species_source_only,SAMD00114956,YachidaS_2019,1,0.4451948607527585
species_source_only,SAMD00114915,YachidaS_2019,1,0.7043454714908614
species_source_only,SAMD00114916,YachidaS_2019,1,0.491130635083771
species_source_only,SAMD00114917,YachidaS_2019,1,0.6758024764138857
species_source_only,SAMD00114948,YachidaS_2019,1,0.5088495445857554
species_source_only,SAMD00114957,YachidaS_2019,1,0.3360361827531087
species_source_only,SAMD00114958,YachidaS_2019,1,0.2839344295415865
species_source_only,SAMD00114879,YachidaS_2019,1,0.7064060244021142
species_source_only,SAMD00114880,YachidaS_2019,0,0.5861928890608816
species_source_only,SAMD00114959,YachidaS_2019,0,0.497136437304798
species_source_only,SAMD00114960,YachidaS_2019,1,0.6601894132132776
species_source_only,SAMD00114899,YachidaS_2019,0,0.5698038670605953
species_source_only,SAMD00114881,YachidaS_2019,0,0.504570188148459
species_source_only,SAMD00114882,YachidaS_2019,0,0.5328362808870072
species_source_only,SAMD00114900,YachidaS_2019,0,0.3025750763255763
species_source_only,SAMD00114901,YachidaS_2019,0,0.5413295345896539
species_source_only,SAMD00114883,YachidaS_2019,1,0.6910764128076129
species_source_only,SAMD00114884,YachidaS_2019,1,0.5790703222185138
species_source_only,SAMD00114902,YachidaS_2019,1,0.5156103036211473
species_source_only,SAMD00114903,YachidaS_2019,1,0.5473781495139558
species_source_only,SAMD00114963,YachidaS_2019,0,0.3966230524221794
species_source_only,SAMD00114964,YachidaS_2019,1,0.5567324001588004
species_source_only,SAMD00114905,YachidaS_2019,1,0.7940950591770172
species_source_only,SAMD00114965,YachidaS_2019,1,0.6834357560694125
species_source_only,SAMD00114885,YachidaS_2019,0,0.4995475089707831
species_source_only,SAMD00114906,YachidaS_2019,0,0.44695884547136605
species_source_only,SAMD00114907,YachidaS_2019,1,0.7883360643274723
species_source_only,SAMD00114966,YachidaS_2019,1,0.8418951637296115
species_source_only,SAMD00114967,YachidaS_2019,0,0.5035262957767691
species_source_only,SAMD00114886,YachidaS_2019,1,0.6190015730708711
species_source_only,SAMD00164694,YachidaS_2019,1,0.3686429362443989
species_source_only,SAMD00164695,YachidaS_2019,1,0.4719182632925702
species_source_only,SAMD00136653,YachidaS_2019,0,0.5237506520950026
species_source_only,SAMD00164721,YachidaS_2019,1,0.5680881308532141
species_source_only,SAMD00164727,YachidaS_2019,0,0.46012964592215744
species_source_only,SAMD00164729,YachidaS_2019,0,0.4896470604578519
species_source_only,SAMD00164745,YachidaS_2019,1,0.5163131754068693
species_source_only,SAMD00164748,YachidaS_2019,0,0.4690833047451107
species_source_only,SAMD00154991,YachidaS_2019,0,0.4840350535173667
species_source_only,SAMD00164756,YachidaS_2019,0,0.7247226760921016
species_source_only,SAMD00164758,YachidaS_2019,0,0.8237679737610099
species_source_only,SAMD00154992,YachidaS_2019,0,0.508568500767573
species_source_only,SAMD00154993,YachidaS_2019,1,0.6902426350041154
species_source_only,SAMD00136648,YachidaS_2019,0,0.45906757643137847
species_source_only,SAMD00164767,YachidaS_2019,1,0.4666018044399091
species_source_only,SAMD00164769,YachidaS_2019,1,0.5000420820387598
species_source_only,SAMD00154994,YachidaS_2019,1,0.8035401837034745
species_source_only,SAMD00164771,YachidaS_2019,1,0.5468700832960763
species_source_only,SAMD00154995,YachidaS_2019,1,0.6176433104023054
species_source_only,SAMD00164773,YachidaS_2019,0,0.34940978238861176
species_source_only,SAMD00164774,YachidaS_2019,0,0.47863267720212527
species_source_only,SAMD00164776,YachidaS_2019,1,0.7518017006552934
species_source_only,SAMD00164778,YachidaS_2019,1,0.6693719778697906
species_source_only,SAMD00164779,YachidaS_2019,1,0.45053269696417203
species_source_only,SAMD00164780,YachidaS_2019,1,0.426023794437863
species_source_only,SAMD00164803,YachidaS_2019,0,0.5147606331214635
species_source_only,SAMD00164805,YachidaS_2019,0,0.35298893302400713
species_source_only,SAMD00164806,YachidaS_2019,0,0.4791591708040588
species_source_only,SAMD00164809,YachidaS_2019,0,0.5829399868330556
species_source_only,SAMD00164812,YachidaS_2019,1,0.6704283326744712
species_source_only,SAMD00164814,YachidaS_2019,0,0.45093783678648025
species_source_only,SAMD00164817,YachidaS_2019,1,0.41285687008271404
species_source_only,SAMD00164818,YachidaS_2019,1,0.39839882643213526
species_source_only,SAMD00164819,YachidaS_2019,0,0.5994355323035764
species_source_only,SAMD00164820,YachidaS_2019,1,0.7116916219745815
species_source_only,SAMD00164821,YachidaS_2019,1,0.632823593722838
species_source_only,SAMD00164822,YachidaS_2019,1,0.8355413589797508
species_source_only,SAMD00164823,YachidaS_2019,0,0.3583132736878177
species_source_only,SAMD00164824,YachidaS_2019,0,0.3219381329268949
species_source_only,SAMD00164825,YachidaS_2019,0,0.40994351601948786
species_source_only,SAMD00164826,YachidaS_2019,1,0.4792866590884424
species_source_only,SAMD00164827,YachidaS_2019,0,0.41100380882585164
species_source_only,SAMD00164828,YachidaS_2019,0,0.6030679697018796
species_source_only,SAMD00164829,YachidaS_2019,1,0.5880046306142482
species_source_only,SAMD00164830,YachidaS_2019,1,0.2776043879396555
species_source_only,SAMD00164831,YachidaS_2019,1,0.3515447428438914
species_source_only,SAMD00164832,YachidaS_2019,1,0.28432016198469057
species_source_only,SAMD00164833,YachidaS_2019,0,0.3188882301996758
species_source_only,SAMD00164834,YachidaS_2019,1,0.8250397414995821
species_source_only,SAMD00164835,YachidaS_2019,0,0.4985537731058505
species_source_only,SAMD00164836,YachidaS_2019,1,0.5606311276410348
species_source_only,SAMD00164837,YachidaS_2019,0,0.4035296756326538
species_source_only,SAMD00164838,YachidaS_2019,1,0.5823725757775766
species_source_only,SAMD00164839,YachidaS_2019,1,0.5485546434333926
species_source_only,SAMD00164840,YachidaS_2019,0,0.5812845471931619
species_source_only,SAMD00164841,YachidaS_2019,1,0.2836127843070299
species_source_only,SAMD00164842,YachidaS_2019,1,0.6905878361537694
species_source_only,SAMD00164843,YachidaS_2019,1,0.6612000041805426
species_source_only,SAMD00164844,YachidaS_2019,1,0.48528047294861787
species_source_only,SAMD00164845,YachidaS_2019,1,0.7773825187922131
species_source_only,SAMD00164846,YachidaS_2019,1,0.598724048445026
species_source_only,SAMD00164847,YachidaS_2019,1,0.5107296690436602
species_source_only,SAMD00164848,YachidaS_2019,0,0.3066034603175613
species_source_only,SAMD00164849,YachidaS_2019,0,0.5377086444491377
species_source_only,SAMD00164850,YachidaS_2019,1,0.4762391779614733
species_source_only,SAMD00164851,YachidaS_2019,1,0.5051215481114801
species_source_only,SAMD00164852,YachidaS_2019,1,0.4332376958087649
species_source_only,SAMD00164853,YachidaS_2019,0,0.4851677690084975
species_source_only,SAMD00164854,YachidaS_2019,1,0.5023029288316492
species_source_only,SAMD00164855,YachidaS_2019,0,0.5701660551723988
species_source_only,SAMD00164856,YachidaS_2019,0,0.4247289556739475
species_source_only,SAMD00164858,YachidaS_2019,1,0.35389670485481983
species_source_only,SAMD00164859,YachidaS_2019,1,0.5852164138933581
species_source_only,SAMD00164860,YachidaS_2019,1,0.5317208222823894
species_source_only,SAMD00164861,YachidaS_2019,1,0.5755181007478553
species_source_only,SAMD00164862,YachidaS_2019,0,0.3796573829783402
species_source_only,SAMD00164863,YachidaS_2019,1,0.5134444438782326
species_source_only,SAMD00164864,YachidaS_2019,1,0.5070051916657374
species_source_only,SAMD00164865,YachidaS_2019,0,0.5132749706840859
species_source_only,SAMD00164866,YachidaS_2019,1,0.4551617307691867
species_source_only,SAMD00164867,YachidaS_2019,1,0.5218610016597435
species_source_only,SAMD00164868,YachidaS_2019,1,0.6922337779033227
species_source_only,SAMD00164869,YachidaS_2019,1,0.5958873518166118
species_source_only,SAMD00164870,YachidaS_2019,0,0.7072642912573084
species_source_only,SAMD00164871,YachidaS_2019,1,0.4420387966196734
species_source_only,SAMD00164872,YachidaS_2019,0,0.6881630237350597
species_source_only,SAMD00164873,YachidaS_2019,0,0.5510583197971102
species_source_only,SAMD00164874,YachidaS_2019,0,0.44627218974075256
species_source_only,SAMD00164875,YachidaS_2019,0,0.4874930428526762
species_source_only,SAMD00164876,YachidaS_2019,0,0.6131485055828757
species_source_only,SAMD00164877,YachidaS_2019,0,0.4385590954292309
species_source_only,SAMD00164878,YachidaS_2019,0,0.2985290958876876
species_source_only,SAMD00164879,YachidaS_2019,0,0.3628632477567715
species_source_only,SAMD00164880,YachidaS_2019,1,0.6936462899554812
species_source_only,SAMD00164881,YachidaS_2019,0,0.5814730521015207
species_source_only,SAMD00164882,YachidaS_2019,0,0.36349745929256144
species_source_only,SAMD00164883,YachidaS_2019,1,0.4837530685300036
species_source_only,SAMD00164884,YachidaS_2019,1,0.5072460329875487
species_source_only,SAMD00164885,YachidaS_2019,1,0.6901627461350558
species_source_only,SAMD00164888,YachidaS_2019,0,0.6692726651647345
species_source_only,SAMD00164889,YachidaS_2019,1,0.7808457484960933
species_source_only,SAMD00164890,YachidaS_2019,0,0.7932871643113294
species_source_only,SAMD00164891,YachidaS_2019,0,0.5702987684054889
species_source_only,SAMD00164892,YachidaS_2019,0,0.45367064178045224
species_source_only,SAMD00164895,YachidaS_2019,0,0.4865001282712576
species_source_only,SAMD00164896,YachidaS_2019,0,0.4409016339194821
species_source_only,SAMD00164897,YachidaS_2019,0,0.38406413733913586
species_source_only,SAMD00164898,YachidaS_2019,0,0.4509325228789429
species_source_only,SAMD00164899,YachidaS_2019,0,0.7208020653427364
species_source_only,SAMD00164901,YachidaS_2019,0,0.4031670292411019
species_source_only,SAMD00164902,YachidaS_2019,0,0.42484361144770844
species_source_only,SAMD00164903,YachidaS_2019,1,0.3625935711620337
species_source_only,SAMD00164904,YachidaS_2019,0,0.49971328385384844
species_source_only,SAMD00164905,YachidaS_2019,1,0.478994321705478
species_source_only,SAMD00164907,YachidaS_2019,1,0.3369239124807701
species_source_only,SAMD00164908,YachidaS_2019,0,0.29432751441114774
species_source_only,SAMD00164909,YachidaS_2019,0,0.6689180725555899
species_source_only,SAMD00164910,YachidaS_2019,1,0.5717501842891658
species_source_only,SAMD00164911,YachidaS_2019,0,0.5518147594859599
species_source_only,SAMD00164912,YachidaS_2019,1,0.5913720125581876
species_source_only,SAMD00164913,YachidaS_2019,1,0.40358569615384027
species_source_only,SAMD00164914,YachidaS_2019,0,0.358942944894523
species_source_only,SAMD00164915,YachidaS_2019,0,0.47557044445192365
species_source_only,SAMD00164916,YachidaS_2019,0,0.4251361543256157
species_source_only,SAMD00164917,YachidaS_2019,0,0.3851210254696577
species_source_only,SAMD00164918,YachidaS_2019,0,0.37438818977638755
species_source_only,SAMD00164919,YachidaS_2019,1,0.6028910504404404
species_source_only,SAMD00164920,YachidaS_2019,0,0.2654571521318175
species_source_only,SAMD00164923,YachidaS_2019,0,0.5792833221678497
species_source_only,SAMD00164926,YachidaS_2019,0,0.5070633168336001
species_source_only,SAMD00164927,YachidaS_2019,0,0.4658270613899921
species_source_only,SAMD00164928,YachidaS_2019,1,0.6624745599622988
species_source_only,SAMD00164929,YachidaS_2019,0,0.48892847124223854
species_source_only,SAMD00164930,YachidaS_2019,0,0.3844845646987277
species_source_only,SAMD00164931,YachidaS_2019,0,0.34133857419437386
species_source_only,SAMD00164932,YachidaS_2019,1,0.5234525401011668
species_source_only,SAMD00164933,YachidaS_2019,0,0.49285707465829703
species_source_only,SAMD00164934,YachidaS_2019,0,0.611347480083751
species_source_only,SAMD00164935,YachidaS_2019,0,0.5373793220531998
species_source_only,SAMD00164936,YachidaS_2019,0,0.5899538906081101
species_source_only,SAMD00164937,YachidaS_2019,1,0.6182358447442124
species_source_only,SAMD00164938,YachidaS_2019,0,0.5666844955351719
species_source_only,SAMD00164939,YachidaS_2019,0,0.4313866658277005
species_source_only,SAMD00164940,YachidaS_2019,1,0.4561312676599411
species_source_only,SAMD00164941,YachidaS_2019,0,0.4811641137119033
species_source_only,SAMD00164944,YachidaS_2019,1,0.3484718213741867
species_source_only,SAMD00164946,YachidaS_2019,1,0.4958000300728248
species_source_only,SAMD00164947,YachidaS_2019,0,0.5361646466008786
species_source_only,SAMD00164949,YachidaS_2019,0,0.6216795060404996
species_source_only,SAMD00164950,YachidaS_2019,0,0.6018972049095178
species_source_only,SAMD00164951,YachidaS_2019,0,0.31635115908587763
species_source_only,SAMD00164952,YachidaS_2019,0,0.4946714182599704
species_source_only,SAMD00164953,YachidaS_2019,0,0.46872499052906574
species_source_only,SAMD00164954,YachidaS_2019,0,0.5201879846287674
species_source_only,SAMD00164955,YachidaS_2019,0,0.47391596450690704
species_source_only,SAMD00164956,YachidaS_2019,0,0.5580333834996489
species_source_only,SAMD00164957,YachidaS_2019,0,0.676526463207434
species_source_only,SAMD00164958,YachidaS_2019,0,0.46679740358838606
species_source_only,SAMD00164960,YachidaS_2019,0,0.5139098074009186
species_source_only,SAMD00164961,YachidaS_2019,0,0.5642082869132049
species_source_only,SAMD00164962,YachidaS_2019,0,0.3461365677451857
species_source_only,SAMD00164963,YachidaS_2019,0,0.3628796981744762
species_source_only,SAMD00164964,YachidaS_2019,0,0.42832582589142315
species_source_only,SAMD00164965,YachidaS_2019,0,0.3520053903567888
species_source_only,SAMD00164966,YachidaS_2019,0,0.33481358381791676
species_source_only,SAMD00164967,YachidaS_2019,0,0.381677511136641
species_source_only,SAMD00164968,YachidaS_2019,1,0.6165947883983456
species_source_only,SAMD00164969,YachidaS_2019,0,0.32160342916070367
species_source_only,SAMD00164970,YachidaS_2019,1,0.6365233529225329
species_source_only,SAMD00164971,YachidaS_2019,1,0.5009659993541671
species_source_only,SAMD00164972,YachidaS_2019,0,0.3833917150547434
species_source_only,SAMD00164973,YachidaS_2019,0,0.5781660680785261
species_source_only,SAMD00164974,YachidaS_2019,1,0.6512048824469017
species_source_only,SAMD00164975,YachidaS_2019,1,0.48848271373613306
species_source_only,SAMD00164976,YachidaS_2019,1,0.5969598424549041
species_source_only,SAMD00164977,YachidaS_2019,1,0.7141890566824711
species_source_only,SAMD00164978,YachidaS_2019,1,0.6988534495411143
species_source_only,SAMD00164979,YachidaS_2019,1,0.4863186943566638
species_source_only,SAMD00164980,YachidaS_2019,1,0.8160167908268352
species_source_only,SAMD00164981,YachidaS_2019,1,0.5944658077247225
species_source_only,SAMD00164982,YachidaS_2019,1,0.43825198136299753
species_source_only,SAMD00164983,YachidaS_2019,0,0.5631545689618388
species_source_only,SAMD00164984,YachidaS_2019,1,0.7216050551393355
species_source_only,SAMD00164985,YachidaS_2019,1,0.29711887318156677
species_source_only,SAMD00164986,YachidaS_2019,0,0.3890433775021515
species_source_only,SAMD00164987,YachidaS_2019,1,0.5785245431376156
species_source_only,SAMD00164988,YachidaS_2019,1,0.4918731272352073
species_source_only,SAMD00164989,YachidaS_2019,1,0.4404807957927262
species_source_only,SAMD00164990,YachidaS_2019,1,0.6930068387842273
species_source_only,SAMD00164991,YachidaS_2019,1,0.6007238413286745
species_source_only,SAMD00164992,YachidaS_2019,1,0.8393862303383393
species_source_only,SAMD00164993,YachidaS_2019,1,0.7065741791007755
species_source_only,SAMD00164994,YachidaS_2019,1,0.5714738031282295
species_source_only,SAMD00164995,YachidaS_2019,1,0.7159626696040102
species_source_only,SAMD00164996,YachidaS_2019,0,0.46303973757735506
species_source_only,SAMD00164997,YachidaS_2019,1,0.6107766108056194
species_source_only,SAMD00164998,YachidaS_2019,1,0.6596157622407706
species_source_only,SAMD00164999,YachidaS_2019,0,0.46748882240345324
species_source_only,SAMD00165000,YachidaS_2019,1,0.5611459679694939
species_source_only,SAMD00165001,YachidaS_2019,0,0.4989578289576724
species_source_only,SAMD00165002,YachidaS_2019,1,0.42017213258279756
species_source_only,SAMD00165003,YachidaS_2019,1,0.8629974924536076
species_source_only,SAMD00165004,YachidaS_2019,0,0.38964767905922437
species_source_only,SAMD00165005,YachidaS_2019,1,0.48311078483038716
species_source_only,SAMD00165006,YachidaS_2019,1,0.6661706362264426
species_source_only,SAMD00165007,YachidaS_2019,1,0.23785402591434382
species_source_only,SAMD00165008,YachidaS_2019,0,0.27823729621685034
species_source_only,SAMD00165009,YachidaS_2019,1,0.5192198671062531
species_source_only,SAMD00165010,YachidaS_2019,0,0.3237584988864548
species_source_only,SAMD00165011,YachidaS_2019,1,0.3870213256111199
species_source_only,SAMD00165012,YachidaS_2019,1,0.3362540897127865
species_source_only,SAMD00165014,YachidaS_2019,1,0.5135517252681518
species_source_only,SAMD00165015,YachidaS_2019,0,0.5522106876371798
species_source_only,SAMD00165016,YachidaS_2019,1,0.48292626397973104
species_source_only,SAMD00165017,YachidaS_2019,1,0.8706054045721525
species_source_only,SAMD00165018,YachidaS_2019,1,0.8101408173233204
species_source_only,SAMD00165019,YachidaS_2019,1,0.40257290121371975
species_source_only,SAMD00165020,YachidaS_2019,0,0.530400444844333
species_source_only,SAMD00165021,YachidaS_2019,0,0.4760952915728042
species_source_only,SAMD00165022,YachidaS_2019,0,0.5134587001462073
species_source_only,SAMD00165023,YachidaS_2019,0,0.5576029572304703
species_source_only,SAMD00165024,YachidaS_2019,0,0.3990204950902002
species_source_only,SAMD00165025,YachidaS_2019,0,0.4584278053562767
species_source_only,SAMD00165026,YachidaS_2019,0,0.5905290089339337
species_source_only,SAMD00165027,YachidaS_2019,0,0.5747764137335668
species_source_only,SAMD00165028,YachidaS_2019,0,0.45966670064702836
species_source_only,SAMD00165029,YachidaS_2019,0,0.49525924690192547
species_source_only,SAMD00165030,YachidaS_2019,0,0.535838420064669
species_source_only,SAMD00165031,YachidaS_2019,0,0.47846247054157637
species_source_only,SAMD00165032,YachidaS_2019,0,0.43558857306821397
species_source_only,SAMD00165033,YachidaS_2019,0,0.5526907129392135
stratified_source_only,SAMD00115014,YachidaS_2019,1,0.6510583947511517
stratified_source_only,SAMD00115015,YachidaS_2019,0,0.35933747339735467
stratified_source_only,SAMD00115025,YachidaS_2019,0,0.3321465241297382
stratified_source_only,SAMD00115027,YachidaS_2019,0,0.48261480888554054
stratified_source_only,SAMD00114971,YachidaS_2019,0,0.3115149412303081
stratified_source_only,SAMD00114972,YachidaS_2019,1,0.4180220097699204
stratified_source_only,SAMD00114968,YachidaS_2019,0,0.3419198251088078
stratified_source_only,SAMD00114970,YachidaS_2019,0,0.53509239578289
stratified_source_only,SAMD00115016,YachidaS_2019,0,0.7253334986007899
stratified_source_only,SAMD00115017,YachidaS_2019,0,0.33979726229447393
stratified_source_only,SAMD00115019,YachidaS_2019,0,0.4364768881578159
stratified_source_only,SAMD00115021,YachidaS_2019,1,0.4135653124821772
stratified_source_only,SAMD00115023,YachidaS_2019,0,0.28989161586027734
stratified_source_only,SAMD00114973,YachidaS_2019,0,0.3254495784403058
stratified_source_only,SAMD00114969,YachidaS_2019,1,0.5401541799558821
stratified_source_only,SAMD00115018,YachidaS_2019,0,0.47999598809387245
stratified_source_only,SAMD00115020,YachidaS_2019,1,0.5221756372597657
stratified_source_only,SAMD00115022,YachidaS_2019,0,0.4114996936158401
stratified_source_only,SAMD00115029,YachidaS_2019,1,0.5950814963473161
stratified_source_only,SAMD00115026,YachidaS_2019,1,0.6199427481541947
stratified_source_only,SAMD00115028,YachidaS_2019,1,0.39159433020062373
stratified_source_only,SAMD00114997,YachidaS_2019,0,0.44927175884266685
stratified_source_only,SAMD00115030,YachidaS_2019,1,0.3407908550307592
stratified_source_only,SAMD00115031,YachidaS_2019,1,0.48253338167836596
stratified_source_only,SAMD00115032,YachidaS_2019,0,0.49876655127399877
stratified_source_only,SAMD00115034,YachidaS_2019,1,0.4408412663833454
stratified_source_only,SAMD00115035,YachidaS_2019,1,0.6848021941911234
stratified_source_only,SAMD00114998,YachidaS_2019,0,0.6918515248413097
stratified_source_only,SAMD00115000,YachidaS_2019,1,0.662959994892217
stratified_source_only,SAMD00114995,YachidaS_2019,0,0.2632856068034642
stratified_source_only,SAMD00114996,YachidaS_2019,0,0.45722583043168813
stratified_source_only,SAMD00115033,YachidaS_2019,0,0.3937819628939372
stratified_source_only,SAMD00114736,YachidaS_2019,0,0.5258765964756309
stratified_source_only,SAMD00114737,YachidaS_2019,1,0.43559844142808946
stratified_source_only,SAMD00114738,YachidaS_2019,1,0.7515162126433342
stratified_source_only,SAMD00114739,YachidaS_2019,1,0.575183724660333
stratified_source_only,SAMD00114744,YachidaS_2019,1,0.691292525539091
stratified_source_only,SAMD00114745,YachidaS_2019,0,0.570383213165629
stratified_source_only,SAMD00114746,YachidaS_2019,1,0.5908145600768782
stratified_source_only,SAMD00114747,YachidaS_2019,0,0.3912763318762635
stratified_source_only,SAMD00114748,YachidaS_2019,1,0.5577756105538246
stratified_source_only,SAMD00114832,YachidaS_2019,0,0.31790325556897026
stratified_source_only,SAMD00114740,YachidaS_2019,1,0.3877446536716666
stratified_source_only,SAMD00114741,YachidaS_2019,0,0.44261797218222454
stratified_source_only,SAMD00114833,YachidaS_2019,0,0.5151956986123826
stratified_source_only,SAMD00114742,YachidaS_2019,1,0.5634889940831086
stratified_source_only,SAMD00114743,YachidaS_2019,1,0.7985306538151762
stratified_source_only,SAMD00114757,YachidaS_2019,0,0.4939356245661156
stratified_source_only,SAMD00114759,YachidaS_2019,1,0.5243552998648723
stratified_source_only,SAMD00114760,YachidaS_2019,1,0.6171952984070488
stratified_source_only,SAMD00114834,YachidaS_2019,0,0.37157254224325964
stratified_source_only,SAMD00114761,YachidaS_2019,1,0.5873380359655873
stratified_source_only,SAMD00114762,YachidaS_2019,1,0.4571096675928004
stratified_source_only,SAMD00114763,YachidaS_2019,1,0.486010648661616
stratified_source_only,SAMD00114815,YachidaS_2019,0,0.8256568911714419
stratified_source_only,SAMD00114764,YachidaS_2019,1,0.4234130677330153
stratified_source_only,SAMD00114974,YachidaS_2019,0,0.5827684655215661
stratified_source_only,SAMD00114755,YachidaS_2019,1,0.5743510179097231
stratified_source_only,SAMD00114765,YachidaS_2019,1,0.6352925966460338
stratified_source_only,SAMD00114978,YachidaS_2019,1,0.6268657585547275
stratified_source_only,SAMD00114766,YachidaS_2019,1,0.7215031920383924
stratified_source_only,SAMD00114979,YachidaS_2019,0,0.5912585003528791
stratified_source_only,SAMD00114767,YachidaS_2019,1,0.8643668787683199
stratified_source_only,SAMD00114768,YachidaS_2019,1,0.44012385559741046
stratified_source_only,SAMD00114769,YachidaS_2019,0,0.4005311111304579
stratified_source_only,SAMD00114770,YachidaS_2019,0,0.385376059731957
stratified_source_only,SAMD00114771,YachidaS_2019,0,0.6238331894164791
stratified_source_only,SAMD00114975,YachidaS_2019,0,0.4162628790920787
stratified_source_only,SAMD00114772,YachidaS_2019,1,0.6809103953869774
stratified_source_only,SAMD00114773,YachidaS_2019,0,0.4567782684446296
stratified_source_only,SAMD00114718,YachidaS_2019,0,0.5424251644320918
stratified_source_only,SAMD00114976,YachidaS_2019,0,0.5023283188267026
stratified_source_only,SAMD00114977,YachidaS_2019,0,0.5278866008253508
stratified_source_only,SAMD00114719,YachidaS_2019,0,0.24065921893158204
stratified_source_only,SAMD00114720,YachidaS_2019,0,0.5383115175290191
stratified_source_only,SAMD00114721,YachidaS_2019,0,0.6748512681164129
stratified_source_only,SAMD00114722,YachidaS_2019,1,0.7483453594896471
stratified_source_only,SAMD00114984,YachidaS_2019,0,0.5299000515147376
stratified_source_only,SAMD00114723,YachidaS_2019,1,0.48990685188943256
stratified_source_only,SAMD00114724,YachidaS_2019,1,0.646160459335992
stratified_source_only,SAMD00114800,YachidaS_2019,0,0.4605200568630282
stratified_source_only,SAMD00114982,YachidaS_2019,0,0.6906892202984625
stratified_source_only,SAMD00114793,YachidaS_2019,1,0.6780392509858554
stratified_source_only,SAMD00114794,YachidaS_2019,1,0.6626225378001054
stratified_source_only,SAMD00114795,YachidaS_2019,0,0.4643069391308259
stratified_source_only,SAMD00114986,YachidaS_2019,0,0.4797717067025787
stratified_source_only,SAMD00114796,YachidaS_2019,0,0.5230351807843063
stratified_source_only,SAMD00114987,YachidaS_2019,0,0.44356909016841783
stratified_source_only,SAMD00114797,YachidaS_2019,1,0.46071064991534894
stratified_source_only,SAMD00114798,YachidaS_2019,0,0.46244792030763443
stratified_source_only,SAMD00114799,YachidaS_2019,1,0.49359294484560967
stratified_source_only,SAMD00114753,YachidaS_2019,1,0.8009084035006212
stratified_source_only,SAMD00114754,YachidaS_2019,1,0.3045698217278912
stratified_source_only,SAMD00114989,YachidaS_2019,0,0.4868478580417315
stratified_source_only,SAMD00114990,YachidaS_2019,0,0.4483362747525244
stratified_source_only,SAMD00114991,YachidaS_2019,0,0.427237938106903
stratified_source_only,SAMD00114992,YachidaS_2019,0,0.452956963068567
stratified_source_only,SAMD00114749,YachidaS_2019,1,0.3431435106324167
stratified_source_only,SAMD00114750,YachidaS_2019,1,0.6443239935710119
stratified_source_only,SAMD00114780,YachidaS_2019,0,0.5919133118698675
stratified_source_only,SAMD00114781,YachidaS_2019,0,0.30662782404927735
stratified_source_only,SAMD00114782,YachidaS_2019,1,0.643129391426826
stratified_source_only,SAMD00114994,YachidaS_2019,0,0.3912756372100474
stratified_source_only,SAMD00114774,YachidaS_2019,1,0.47562431743147454
stratified_source_only,SAMD00114775,YachidaS_2019,1,0.5362047325390125
stratified_source_only,SAMD00114776,YachidaS_2019,1,0.75409634296342
stratified_source_only,SAMD00114777,YachidaS_2019,1,0.5889464205792024
stratified_source_only,SAMD00114778,YachidaS_2019,0,0.64445883139926
stratified_source_only,SAMD00114779,YachidaS_2019,0,0.5025119172398526
stratified_source_only,SAMD00114730,YachidaS_2019,0,0.4066127736135543
stratified_source_only,SAMD00115001,YachidaS_2019,0,0.39999788761899957
stratified_source_only,SAMD00114731,YachidaS_2019,1,0.5994939162824042
stratified_source_only,SAMD00114732,YachidaS_2019,1,0.5738109071618885
stratified_source_only,SAMD00114733,YachidaS_2019,1,0.7618490894241869
stratified_source_only,SAMD00114734,YachidaS_2019,0,0.31692834745447124
stratified_source_only,SAMD00114726,YachidaS_2019,1,0.7313210056602079
stratified_source_only,SAMD00114727,YachidaS_2019,1,0.557521205751976
stratified_source_only,SAMD00114728,YachidaS_2019,1,0.5714663171750971
stratified_source_only,SAMD00114729,YachidaS_2019,1,0.4576150477515267
stratified_source_only,SAMD00115002,YachidaS_2019,0,0.685579865125473
stratified_source_only,SAMD00114788,YachidaS_2019,1,0.4021770368741066
stratified_source_only,SAMD00115003,YachidaS_2019,0,0.5608433099850184
stratified_source_only,SAMD00115004,YachidaS_2019,0,0.3344417061351868
stratified_source_only,SAMD00114789,YachidaS_2019,0,0.4492849845090188
stratified_source_only,SAMD00114790,YachidaS_2019,1,0.49584699000332394
stratified_source_only,SAMD00114791,YachidaS_2019,0,0.5214902242199553
stratified_source_only,SAMD00114792,YachidaS_2019,0,0.4745334971388243
stratified_source_only,SAMD00114783,YachidaS_2019,0,0.46042747823388996
stratified_source_only,SAMD00114784,YachidaS_2019,0,0.8077702387425866
stratified_source_only,SAMD00115008,YachidaS_2019,0,0.3100597924077198
stratified_source_only,SAMD00114785,YachidaS_2019,0,0.40121058421975125
stratified_source_only,SAMD00114786,YachidaS_2019,1,0.4607591156942234
stratified_source_only,SAMD00115009,YachidaS_2019,0,0.3553630609591858
stratified_source_only,SAMD00115005,YachidaS_2019,0,0.48496527306627585
stratified_source_only,SAMD00115006,YachidaS_2019,1,0.7896452869033291
stratified_source_only,SAMD00115007,YachidaS_2019,1,0.514414453947377
stratified_source_only,SAMD00115011,YachidaS_2019,1,0.7806526267546713
stratified_source_only,SAMD00115012,YachidaS_2019,0,0.2629394958961438
stratified_source_only,SAMD00115013,YachidaS_2019,1,0.7385695650782027
stratified_source_only,SAMD00115010,YachidaS_2019,1,0.5814790078071912
stratified_source_only,SAMD00114816,YachidaS_2019,1,0.5025623609427787
stratified_source_only,SAMD00114819,YachidaS_2019,0,0.7310682729595523
stratified_source_only,SAMD00114804,YachidaS_2019,1,0.480303345047321
stratified_source_only,SAMD00114805,YachidaS_2019,1,0.44915821375783255
stratified_source_only,SAMD00114806,YachidaS_2019,1,0.610647427196597
stratified_source_only,SAMD00114807,YachidaS_2019,0,0.4487198557220725
stratified_source_only,SAMD00114808,YachidaS_2019,1,0.4937997337204304
stratified_source_only,SAMD00114809,YachidaS_2019,0,0.4902540445755149
stratified_source_only,SAMD00114810,YachidaS_2019,1,0.4565609665778937
stratified_source_only,SAMD00114811,YachidaS_2019,1,0.6221038258566042
stratified_source_only,SAMD00114812,YachidaS_2019,0,0.3822031764192885
stratified_source_only,SAMD00114813,YachidaS_2019,1,0.8927943755657439
stratified_source_only,SAMD00114814,YachidaS_2019,1,0.5425096932431341
stratified_source_only,SAMD00114826,YachidaS_2019,1,0.6170266572207023
stratified_source_only,SAMD00114829,YachidaS_2019,0,0.4819383651937007
stratified_source_only,SAMD00114830,YachidaS_2019,0,0.6007604830974085
stratified_source_only,SAMD00114862,YachidaS_2019,0,0.3229688539571539
stratified_source_only,SAMD00114822,YachidaS_2019,1,0.6684305132591939
stratified_source_only,SAMD00114823,YachidaS_2019,1,0.7924891534427407
stratified_source_only,SAMD00114857,YachidaS_2019,1,0.5684922276232613
stratified_source_only,SAMD00114858,YachidaS_2019,0,0.7022672248819013
stratified_source_only,SAMD00114824,YachidaS_2019,0,0.6786370637234233
stratified_source_only,SAMD00114825,YachidaS_2019,1,0.653697020559318
stratified_source_only,SAMD00114817,YachidaS_2019,1,0.754841401439049
stratified_source_only,SAMD00114818,YachidaS_2019,0,0.5262909442897108
stratified_source_only,SAMD00114835,YachidaS_2019,1,0.8692880809839271
stratified_source_only,SAMD00114836,YachidaS_2019,1,0.5252800367524029
stratified_source_only,SAMD00114803,YachidaS_2019,1,0.6595708024061803
stratified_source_only,SAMD00114841,YachidaS_2019,1,0.7006655685996168
stratified_source_only,SAMD00114842,YachidaS_2019,0,0.5351717373802519
stratified_source_only,SAMD00114843,YachidaS_2019,0,0.4525567331722645
stratified_source_only,SAMD00114844,YachidaS_2019,1,0.7308574356997566
stratified_source_only,SAMD00114845,YachidaS_2019,0,0.5036932912520896
stratified_source_only,SAMD00114846,YachidaS_2019,1,0.5296941164879626
stratified_source_only,SAMD00114848,YachidaS_2019,1,0.6303308277437908
stratified_source_only,SAMD00114849,YachidaS_2019,1,0.35216541414842395
stratified_source_only,SAMD00114850,YachidaS_2019,0,0.47165915111147905
stratified_source_only,SAMD00114863,YachidaS_2019,1,0.776038002705149
stratified_source_only,SAMD00114865,YachidaS_2019,0,0.6979366990986021
stratified_source_only,SAMD00114852,YachidaS_2019,1,0.5990156932489155
stratified_source_only,SAMD00114867,YachidaS_2019,0,0.4177470177549485
stratified_source_only,SAMD00114868,YachidaS_2019,1,0.37538878712608725
stratified_source_only,SAMD00114869,YachidaS_2019,0,0.5839755051990522
stratified_source_only,SAMD00114854,YachidaS_2019,0,0.7593331706836602
stratified_source_only,SAMD00114859,YachidaS_2019,0,0.3962401385172106
stratified_source_only,SAMD00114837,YachidaS_2019,0,0.6184345940856596
stratified_source_only,SAMD00114838,YachidaS_2019,0,0.5306448573694007
stratified_source_only,SAMD00114860,YachidaS_2019,0,0.2865983582371341
stratified_source_only,SAMD00114839,YachidaS_2019,1,0.2878960509014856
stratified_source_only,SAMD00114840,YachidaS_2019,1,0.4917614173787806
stratified_source_only,SAMD00114856,YachidaS_2019,1,0.5778923842229968
stratified_source_only,SAMD00114870,YachidaS_2019,1,0.42235210170987275
stratified_source_only,SAMD00114871,YachidaS_2019,1,0.37801209506301453
stratified_source_only,SAMD00114926,YachidaS_2019,0,0.4999062599480466
stratified_source_only,SAMD00114888,YachidaS_2019,0,0.4922672820271029
stratified_source_only,SAMD00114889,YachidaS_2019,0,0.5816572123619229
stratified_source_only,SAMD00114872,YachidaS_2019,0,0.7865621368428056
stratified_source_only,SAMD00114873,YachidaS_2019,0,0.6047466018468365
stratified_source_only,SAMD00114927,YachidaS_2019,1,0.42711718499304896
stratified_source_only,SAMD00114938,YachidaS_2019,0,0.3707786447038061
stratified_source_only,SAMD00114891,YachidaS_2019,1,0.5433646135642461
stratified_source_only,SAMD00114929,YachidaS_2019,0,0.4817699132808438
stratified_source_only,SAMD00114939,YachidaS_2019,1,0.6761761120979066
stratified_source_only,SAMD00114892,YachidaS_2019,1,0.3355494665280657
stratified_source_only,SAMD00114893,YachidaS_2019,1,0.7962236000479247
stratified_source_only,SAMD00114874,YachidaS_2019,0,0.5580465795143713
stratified_source_only,SAMD00114875,YachidaS_2019,1,0.6557493448725069
stratified_source_only,SAMD00114931,YachidaS_2019,1,0.562334966449445
stratified_source_only,SAMD00114932,YachidaS_2019,0,0.5110443047498522
stratified_source_only,SAMD00114940,YachidaS_2019,0,0.35622985387618245
stratified_source_only,SAMD00114894,YachidaS_2019,1,0.7230793872683978
stratified_source_only,SAMD00114895,YachidaS_2019,0,0.42244107203728604
stratified_source_only,SAMD00114876,YachidaS_2019,0,0.25674098352058566
stratified_source_only,SAMD00114933,YachidaS_2019,1,0.6088934637025187
stratified_source_only,SAMD00114941,YachidaS_2019,1,0.2700332974002534
stratified_source_only,SAMD00114896,YachidaS_2019,1,0.5727222030794753
stratified_source_only,SAMD00114897,YachidaS_2019,1,0.673178743533939
stratified_source_only,SAMD00114877,YachidaS_2019,1,0.5343356160111358
stratified_source_only,SAMD00114878,YachidaS_2019,1,0.6693859980600976
stratified_source_only,SAMD00114934,YachidaS_2019,1,0.6660171015710736
stratified_source_only,SAMD00114942,YachidaS_2019,0,0.5762329637284647
stratified_source_only,SAMD00114898,YachidaS_2019,0,0.3361446606328129
stratified_source_only,SAMD00114935,YachidaS_2019,1,0.5402771988091143
stratified_source_only,SAMD00114943,YachidaS_2019,1,0.40768530516182294
stratified_source_only,SAMD00114908,YachidaS_2019,0,0.3621304449708612
stratified_source_only,SAMD00114944,YachidaS_2019,1,0.7603728287046692
stratified_source_only,SAMD00114918,YachidaS_2019,0,0.645514610809722
stratified_source_only,SAMD00114909,YachidaS_2019,1,0.3833422907434551
stratified_source_only,SAMD00114919,YachidaS_2019,1,0.47930135994380446
stratified_source_only,SAMD00114920,YachidaS_2019,1,0.8163721304266246
stratified_source_only,SAMD00114949,YachidaS_2019,1,0.5532244878657654
stratified_source_only,SAMD00114950,YachidaS_2019,0,0.5433548100454039
stratified_source_only,SAMD00114910,YachidaS_2019,1,0.5291050287488953
stratified_source_only,SAMD00114911,YachidaS_2019,1,0.7851284716837346
stratified_source_only,SAMD00114921,YachidaS_2019,1,0.6667525742378049
stratified_source_only,SAMD00114922,YachidaS_2019,1,0.5711593064242371
stratified_source_only,SAMD00114951,YachidaS_2019,1,0.3048911247042864
stratified_source_only,SAMD00114912,YachidaS_2019,1,0.4637489625304431
stratified_source_only,SAMD00114913,YachidaS_2019,0,0.4781516259341421
stratified_source_only,SAMD00114952,YachidaS_2019,1,0.48502380082585456
stratified_source_only,SAMD00114953,YachidaS_2019,0,0.75735287653199
stratified_source_only,SAMD00114945,YachidaS_2019,0,0.3793281027190836
stratified_source_only,SAMD00114924,YachidaS_2019,1,0.47186149214241024
stratified_source_only,SAMD00114954,YachidaS_2019,1,0.7364713556966802
stratified_source_only,SAMD00114914,YachidaS_2019,1,0.6610205617960564
stratified_source_only,SAMD00114946,YachidaS_2019,1,0.802474547169994
stratified_source_only,SAMD00114925,YachidaS_2019,1,0.5604159746471528
stratified_source_only,SAMD00114956,YachidaS_2019,1,0.35551639423740783
stratified_source_only,SAMD00114915,YachidaS_2019,1,0.6764897738479098
stratified_source_only,SAMD00114916,YachidaS_2019,1,0.5415777194611651
stratified_source_only,SAMD00114917,YachidaS_2019,1,0.6157372033248575
stratified_source_only,SAMD00114948,YachidaS_2019,1,0.6436387582781282
stratified_source_only,SAMD00114957,YachidaS_2019,1,0.35173690214044195
stratified_source_only,SAMD00114958,YachidaS_2019,1,0.38244433049373466
stratified_source_only,SAMD00114879,YachidaS_2019,1,0.66358923501726
stratified_source_only,SAMD00114880,YachidaS_2019,0,0.43897247973747333
stratified_source_only,SAMD00114959,YachidaS_2019,0,0.5417078965302636
stratified_source_only,SAMD00114960,YachidaS_2019,1,0.5954942759160724
stratified_source_only,SAMD00114899,YachidaS_2019,0,0.6075125511239113
stratified_source_only,SAMD00114881,YachidaS_2019,0,0.4937204786250028
stratified_source_only,SAMD00114882,YachidaS_2019,0,0.591190999764639
stratified_source_only,SAMD00114900,YachidaS_2019,0,0.2866141357558511
stratified_source_only,SAMD00114901,YachidaS_2019,0,0.7361349231116736
stratified_source_only,SAMD00114883,YachidaS_2019,1,0.6477281566336764
stratified_source_only,SAMD00114884,YachidaS_2019,1,0.6436874326451295
stratified_source_only,SAMD00114902,YachidaS_2019,1,0.7104835360865168
stratified_source_only,SAMD00114903,YachidaS_2019,1,0.643396028536531
stratified_source_only,SAMD00114963,YachidaS_2019,0,0.4613684280133578
stratified_source_only,SAMD00114964,YachidaS_2019,1,0.7271393740472537
stratified_source_only,SAMD00114905,YachidaS_2019,1,0.6421663300698125
stratified_source_only,SAMD00114965,YachidaS_2019,1,0.4787704593353054
stratified_source_only,SAMD00114885,YachidaS_2019,0,0.45535029135689004
stratified_source_only,SAMD00114906,YachidaS_2019,0,0.409589656550027
stratified_source_only,SAMD00114907,YachidaS_2019,1,0.7291456135498671
stratified_source_only,SAMD00114966,YachidaS_2019,1,0.8118522399093527
stratified_source_only,SAMD00114967,YachidaS_2019,0,0.6637407760709647
stratified_source_only,SAMD00114886,YachidaS_2019,1,0.7214545615979239
stratified_source_only,SAMD00164694,YachidaS_2019,1,0.5312473618013511
stratified_source_only,SAMD00164695,YachidaS_2019,1,0.4388279194011696
stratified_source_only,SAMD00136653,YachidaS_2019,0,0.7571698204502793
stratified_source_only,SAMD00164721,YachidaS_2019,1,0.5699444993684507
stratified_source_only,SAMD00164727,YachidaS_2019,0,0.5496432359966631
stratified_source_only,SAMD00164729,YachidaS_2019,0,0.3856366609332475
stratified_source_only,SAMD00164745,YachidaS_2019,1,0.5594399421014908
stratified_source_only,SAMD00164748,YachidaS_2019,0,0.6074747133587715
stratified_source_only,SAMD00154991,YachidaS_2019,0,0.6294625025280113
stratified_source_only,SAMD00164756,YachidaS_2019,0,0.6011416016447169
stratified_source_only,SAMD00164758,YachidaS_2019,0,0.8381355234852208
stratified_source_only,SAMD00154992,YachidaS_2019,0,0.6353401589394196
stratified_source_only,SAMD00154993,YachidaS_2019,1,0.4652062146055511
stratified_source_only,SAMD00136648,YachidaS_2019,0,0.5386804685107559
stratified_source_only,SAMD00164767,YachidaS_2019,1,0.49017868416457455
stratified_source_only,SAMD00164769,YachidaS_2019,1,0.5188130913684872
stratified_source_only,SAMD00154994,YachidaS_2019,1,0.6688191784799056
stratified_source_only,SAMD00164771,YachidaS_2019,1,0.5547914192120817
stratified_source_only,SAMD00154995,YachidaS_2019,1,0.6577823768128923
stratified_source_only,SAMD00164773,YachidaS_2019,0,0.33882632861848944
stratified_source_only,SAMD00164774,YachidaS_2019,0,0.4262582379886184
stratified_source_only,SAMD00164776,YachidaS_2019,1,0.4263111853926886
stratified_source_only,SAMD00164778,YachidaS_2019,1,0.5132144536436131
stratified_source_only,SAMD00164779,YachidaS_2019,1,0.5627511847861608
stratified_source_only,SAMD00164780,YachidaS_2019,1,0.38949861721965984
stratified_source_only,SAMD00164803,YachidaS_2019,0,0.4575633988856644
stratified_source_only,SAMD00164805,YachidaS_2019,0,0.4179185561714508
stratified_source_only,SAMD00164806,YachidaS_2019,0,0.35888217942806
stratified_source_only,SAMD00164809,YachidaS_2019,0,0.6915720020439698
stratified_source_only,SAMD00164812,YachidaS_2019,1,0.469417790156548
stratified_source_only,SAMD00164814,YachidaS_2019,0,0.5375045024952075
stratified_source_only,SAMD00164817,YachidaS_2019,1,0.35007175560762127
stratified_source_only,SAMD00164818,YachidaS_2019,1,0.382882133334743
stratified_source_only,SAMD00164819,YachidaS_2019,0,0.5503469802284955
stratified_source_only,SAMD00164820,YachidaS_2019,1,0.7161684818436665
stratified_source_only,SAMD00164821,YachidaS_2019,1,0.6809813625721415
stratified_source_only,SAMD00164822,YachidaS_2019,1,0.7187244579109286
stratified_source_only,SAMD00164823,YachidaS_2019,0,0.3911903904354869
stratified_source_only,SAMD00164824,YachidaS_2019,0,0.3434720712583277
stratified_source_only,SAMD00164825,YachidaS_2019,0,0.3464583424683707
stratified_source_only,SAMD00164826,YachidaS_2019,1,0.5153166890500033
stratified_source_only,SAMD00164827,YachidaS_2019,0,0.4561582748431967
stratified_source_only,SAMD00164828,YachidaS_2019,0,0.715199310499129
stratified_source_only,SAMD00164829,YachidaS_2019,1,0.7754090315345882
stratified_source_only,SAMD00164830,YachidaS_2019,1,0.3623199609274986
stratified_source_only,SAMD00164831,YachidaS_2019,1,0.3994315221702364
stratified_source_only,SAMD00164832,YachidaS_2019,1,0.4799011153219957
stratified_source_only,SAMD00164833,YachidaS_2019,0,0.4597052770001405
stratified_source_only,SAMD00164834,YachidaS_2019,1,0.6739268522725664
stratified_source_only,SAMD00164835,YachidaS_2019,0,0.3988498005348882
stratified_source_only,SAMD00164836,YachidaS_2019,1,0.6441631646736528
stratified_source_only,SAMD00164837,YachidaS_2019,0,0.4301197954247327
stratified_source_only,SAMD00164838,YachidaS_2019,1,0.6314701937469352
stratified_source_only,SAMD00164839,YachidaS_2019,1,0.5137469329683249
stratified_source_only,SAMD00164840,YachidaS_2019,0,0.6454954974660121
stratified_source_only,SAMD00164841,YachidaS_2019,1,0.19307366611970825
stratified_source_only,SAMD00164842,YachidaS_2019,1,0.5303513561352675
stratified_source_only,SAMD00164843,YachidaS_2019,1,0.5423796876205478
stratified_source_only,SAMD00164844,YachidaS_2019,1,0.510110721715415
stratified_source_only,SAMD00164845,YachidaS_2019,1,0.6353890691687823
stratified_source_only,SAMD00164846,YachidaS_2019,1,0.5121721090380709
stratified_source_only,SAMD00164847,YachidaS_2019,1,0.6094707527292299
stratified_source_only,SAMD00164848,YachidaS_2019,0,0.32047593772735156
stratified_source_only,SAMD00164849,YachidaS_2019,0,0.7062102802724383
stratified_source_only,SAMD00164850,YachidaS_2019,1,0.5220173132238506
stratified_source_only,SAMD00164851,YachidaS_2019,1,0.5206828538354988
stratified_source_only,SAMD00164852,YachidaS_2019,1,0.49697956402722065
stratified_source_only,SAMD00164853,YachidaS_2019,0,0.4544612965209224
stratified_source_only,SAMD00164854,YachidaS_2019,1,0.7265776281716719
stratified_source_only,SAMD00164855,YachidaS_2019,0,0.6600513645672708
stratified_source_only,SAMD00164856,YachidaS_2019,0,0.42584709345143146
stratified_source_only,SAMD00164858,YachidaS_2019,1,0.5046669716356041
stratified_source_only,SAMD00164859,YachidaS_2019,1,0.6339872016789649
stratified_source_only,SAMD00164860,YachidaS_2019,1,0.5752692564274008
stratified_source_only,SAMD00164861,YachidaS_2019,1,0.5814233651694267
stratified_source_only,SAMD00164862,YachidaS_2019,0,0.40934363557075926
stratified_source_only,SAMD00164863,YachidaS_2019,1,0.5798103272311331
stratified_source_only,SAMD00164864,YachidaS_2019,1,0.6275498771097099
stratified_source_only,SAMD00164865,YachidaS_2019,0,0.572275884502748
stratified_source_only,SAMD00164866,YachidaS_2019,1,0.47168143957810565
stratified_source_only,SAMD00164867,YachidaS_2019,1,0.5315184881083562
stratified_source_only,SAMD00164868,YachidaS_2019,1,0.7604381832331646
stratified_source_only,SAMD00164869,YachidaS_2019,1,0.6374515557392724
stratified_source_only,SAMD00164870,YachidaS_2019,0,0.834484378285588
stratified_source_only,SAMD00164871,YachidaS_2019,1,0.4238618817525088
stratified_source_only,SAMD00164872,YachidaS_2019,0,0.5247282929152434
stratified_source_only,SAMD00164873,YachidaS_2019,0,0.6130426753435602
stratified_source_only,SAMD00164874,YachidaS_2019,0,0.4128008473154542
stratified_source_only,SAMD00164875,YachidaS_2019,0,0.4137346863742536
stratified_source_only,SAMD00164876,YachidaS_2019,0,0.7212688126977655
stratified_source_only,SAMD00164877,YachidaS_2019,0,0.3930852673766415
stratified_source_only,SAMD00164878,YachidaS_2019,0,0.33654588038880034
stratified_source_only,SAMD00164879,YachidaS_2019,0,0.5083848299468905
stratified_source_only,SAMD00164880,YachidaS_2019,1,0.716936946022754
stratified_source_only,SAMD00164881,YachidaS_2019,0,0.7061680413923068
stratified_source_only,SAMD00164882,YachidaS_2019,0,0.38748531260562846
stratified_source_only,SAMD00164883,YachidaS_2019,1,0.5347090994078916
stratified_source_only,SAMD00164884,YachidaS_2019,1,0.454938047805866
stratified_source_only,SAMD00164885,YachidaS_2019,1,0.6647991361004641
stratified_source_only,SAMD00164888,YachidaS_2019,0,0.6122820189908474
stratified_source_only,SAMD00164889,YachidaS_2019,1,0.638029947814526
stratified_source_only,SAMD00164890,YachidaS_2019,0,0.5298266433422474
stratified_source_only,SAMD00164891,YachidaS_2019,0,0.7307379964726899
stratified_source_only,SAMD00164892,YachidaS_2019,0,0.4385315250031225
stratified_source_only,SAMD00164895,YachidaS_2019,0,0.576987175054377
stratified_source_only,SAMD00164896,YachidaS_2019,0,0.45933929171507976
stratified_source_only,SAMD00164897,YachidaS_2019,0,0.5317104140102732
stratified_source_only,SAMD00164898,YachidaS_2019,0,0.584754111582703
stratified_source_only,SAMD00164899,YachidaS_2019,0,0.6505832767262634
stratified_source_only,SAMD00164901,YachidaS_2019,0,0.41044593059831225
stratified_source_only,SAMD00164902,YachidaS_2019,0,0.5435870263989305
stratified_source_only,SAMD00164903,YachidaS_2019,1,0.3665435293504103
stratified_source_only,SAMD00164904,YachidaS_2019,0,0.478853341491302
stratified_source_only,SAMD00164905,YachidaS_2019,1,0.5301798023728715
stratified_source_only,SAMD00164907,YachidaS_2019,1,0.4039087218125543
stratified_source_only,SAMD00164908,YachidaS_2019,0,0.3435877407244259
stratified_source_only,SAMD00164909,YachidaS_2019,0,0.5197392817745187
stratified_source_only,SAMD00164910,YachidaS_2019,1,0.6396761742551521
stratified_source_only,SAMD00164911,YachidaS_2019,0,0.6035043180188422
stratified_source_only,SAMD00164912,YachidaS_2019,1,0.6645878411115612
stratified_source_only,SAMD00164913,YachidaS_2019,1,0.5125056867188209
stratified_source_only,SAMD00164914,YachidaS_2019,0,0.3428207811051009
stratified_source_only,SAMD00164915,YachidaS_2019,0,0.5541009169519441
stratified_source_only,SAMD00164916,YachidaS_2019,0,0.42547981993866885
stratified_source_only,SAMD00164917,YachidaS_2019,0,0.49336281067647614
stratified_source_only,SAMD00164918,YachidaS_2019,0,0.3450309612123577
stratified_source_only,SAMD00164919,YachidaS_2019,1,0.5393559188711741
stratified_source_only,SAMD00164920,YachidaS_2019,0,0.2761827123028444
stratified_source_only,SAMD00164923,YachidaS_2019,0,0.5052203467162771
stratified_source_only,SAMD00164926,YachidaS_2019,0,0.5908181540925929
stratified_source_only,SAMD00164927,YachidaS_2019,0,0.31497187186209036
stratified_source_only,SAMD00164928,YachidaS_2019,1,0.5844698938647154
stratified_source_only,SAMD00164929,YachidaS_2019,0,0.5243828828588744
stratified_source_only,SAMD00164930,YachidaS_2019,0,0.48455557074808897
stratified_source_only,SAMD00164931,YachidaS_2019,0,0.3182561489494676
stratified_source_only,SAMD00164932,YachidaS_2019,1,0.5850066679339752
stratified_source_only,SAMD00164933,YachidaS_2019,0,0.4203010911162597
stratified_source_only,SAMD00164934,YachidaS_2019,0,0.5513395917944125
stratified_source_only,SAMD00164935,YachidaS_2019,0,0.600437973517683
stratified_source_only,SAMD00164936,YachidaS_2019,0,0.4354892438069123
stratified_source_only,SAMD00164937,YachidaS_2019,1,0.6635809330151576
stratified_source_only,SAMD00164938,YachidaS_2019,0,0.6307961352246519
stratified_source_only,SAMD00164939,YachidaS_2019,0,0.5307420318530292
stratified_source_only,SAMD00164940,YachidaS_2019,1,0.514018780173677
stratified_source_only,SAMD00164941,YachidaS_2019,0,0.31836837493372294
stratified_source_only,SAMD00164944,YachidaS_2019,1,0.3085450906421625
stratified_source_only,SAMD00164946,YachidaS_2019,1,0.4870291970765932
stratified_source_only,SAMD00164947,YachidaS_2019,0,0.5961046082943401
stratified_source_only,SAMD00164949,YachidaS_2019,0,0.6412292675094494
stratified_source_only,SAMD00164950,YachidaS_2019,0,0.6376171268110871
stratified_source_only,SAMD00164951,YachidaS_2019,0,0.3251867593544116
stratified_source_only,SAMD00164952,YachidaS_2019,0,0.6497473498166364
stratified_source_only,SAMD00164953,YachidaS_2019,0,0.5239254619775909
stratified_source_only,SAMD00164954,YachidaS_2019,0,0.5458983864875314
stratified_source_only,SAMD00164955,YachidaS_2019,0,0.3917399456467058
stratified_source_only,SAMD00164956,YachidaS_2019,0,0.6392495454085909
stratified_source_only,SAMD00164957,YachidaS_2019,0,0.48298112338909216
stratified_source_only,SAMD00164958,YachidaS_2019,0,0.48930046362500956
stratified_source_only,SAMD00164960,YachidaS_2019,0,0.5279868894685694
stratified_source_only,SAMD00164961,YachidaS_2019,0,0.6214438648658428
stratified_source_only,SAMD00164962,YachidaS_2019,0,0.36019113735769354
stratified_source_only,SAMD00164963,YachidaS_2019,0,0.35113663045728594
stratified_source_only,SAMD00164964,YachidaS_2019,0,0.5234476916090886
stratified_source_only,SAMD00164965,YachidaS_2019,0,0.5069196592372163
stratified_source_only,SAMD00164966,YachidaS_2019,0,0.3763003754918616
stratified_source_only,SAMD00164967,YachidaS_2019,0,0.42968604385587966
stratified_source_only,SAMD00164968,YachidaS_2019,1,0.5177050742949056
stratified_source_only,SAMD00164969,YachidaS_2019,0,0.4511709563009502
stratified_source_only,SAMD00164970,YachidaS_2019,1,0.6996592391988026
stratified_source_only,SAMD00164971,YachidaS_2019,1,0.5012238820007733
stratified_source_only,SAMD00164972,YachidaS_2019,0,0.4382705422519439
stratified_source_only,SAMD00164973,YachidaS_2019,0,0.573943863133307
stratified_source_only,SAMD00164974,YachidaS_2019,1,0.6008908900579688
stratified_source_only,SAMD00164975,YachidaS_2019,1,0.5607240523890425
stratified_source_only,SAMD00164976,YachidaS_2019,1,0.48067037352869596
stratified_source_only,SAMD00164977,YachidaS_2019,1,0.5169223723356958
stratified_source_only,SAMD00164978,YachidaS_2019,1,0.6818137976179536
stratified_source_only,SAMD00164979,YachidaS_2019,1,0.5639508030804042
stratified_source_only,SAMD00164980,YachidaS_2019,1,0.7433236744134352
stratified_source_only,SAMD00164981,YachidaS_2019,1,0.7210679071775387
stratified_source_only,SAMD00164982,YachidaS_2019,1,0.4435282480970737
stratified_source_only,SAMD00164983,YachidaS_2019,0,0.6141186505105075
stratified_source_only,SAMD00164984,YachidaS_2019,1,0.665169612246909
stratified_source_only,SAMD00164985,YachidaS_2019,1,0.34648856090777014
stratified_source_only,SAMD00164986,YachidaS_2019,0,0.34143849405071364
stratified_source_only,SAMD00164987,YachidaS_2019,1,0.5682726909078484
stratified_source_only,SAMD00164988,YachidaS_2019,1,0.4466311032745151
stratified_source_only,SAMD00164989,YachidaS_2019,1,0.35016664002408404
stratified_source_only,SAMD00164990,YachidaS_2019,1,0.6697831405791471
stratified_source_only,SAMD00164991,YachidaS_2019,1,0.7631605704171622
stratified_source_only,SAMD00164992,YachidaS_2019,1,0.7824513977097498
stratified_source_only,SAMD00164993,YachidaS_2019,1,0.5653249597385831
stratified_source_only,SAMD00164994,YachidaS_2019,1,0.5479856605506429
stratified_source_only,SAMD00164995,YachidaS_2019,1,0.648284398178656
stratified_source_only,SAMD00164996,YachidaS_2019,0,0.48564436020870966
stratified_source_only,SAMD00164997,YachidaS_2019,1,0.5083300127268257
stratified_source_only,SAMD00164998,YachidaS_2019,1,0.608056468904741
stratified_source_only,SAMD00164999,YachidaS_2019,0,0.41228321410551294
stratified_source_only,SAMD00165000,YachidaS_2019,1,0.6114086412770957
stratified_source_only,SAMD00165001,YachidaS_2019,0,0.4302243161718444
stratified_source_only,SAMD00165002,YachidaS_2019,1,0.5358303226811952
stratified_source_only,SAMD00165003,YachidaS_2019,1,0.8684209218731815
stratified_source_only,SAMD00165004,YachidaS_2019,0,0.44947562852539197
stratified_source_only,SAMD00165005,YachidaS_2019,1,0.5118058005118022
stratified_source_only,SAMD00165006,YachidaS_2019,1,0.6477560237745048
stratified_source_only,SAMD00165007,YachidaS_2019,1,0.21188559848829686
stratified_source_only,SAMD00165008,YachidaS_2019,0,0.32814716463415516
stratified_source_only,SAMD00165009,YachidaS_2019,1,0.5940282837572033
stratified_source_only,SAMD00165010,YachidaS_2019,0,0.38665808917054256
stratified_source_only,SAMD00165011,YachidaS_2019,1,0.40004354140086607
stratified_source_only,SAMD00165012,YachidaS_2019,1,0.3730660245196575
stratified_source_only,SAMD00165014,YachidaS_2019,1,0.4687505334125237
stratified_source_only,SAMD00165015,YachidaS_2019,0,0.5144513853428794
stratified_source_only,SAMD00165016,YachidaS_2019,1,0.3882491417434609
stratified_source_only,SAMD00165017,YachidaS_2019,1,0.6556810861680733
stratified_source_only,SAMD00165018,YachidaS_2019,1,0.671167186010898
stratified_source_only,SAMD00165019,YachidaS_2019,1,0.46342341109791657
stratified_source_only,SAMD00165020,YachidaS_2019,0,0.42182489774547777
stratified_source_only,SAMD00165021,YachidaS_2019,0,0.46075782358357675
stratified_source_only,SAMD00165022,YachidaS_2019,0,0.5882564057111523
stratified_source_only,SAMD00165023,YachidaS_2019,0,0.606922809082953
stratified_source_only,SAMD00165024,YachidaS_2019,0,0.46590068183521305
stratified_source_only,SAMD00165025,YachidaS_2019,0,0.34272626078975454
stratified_source_only,SAMD00165026,YachidaS_2019,0,0.5810660875590272
stratified_source_only,SAMD00165027,YachidaS_2019,0,0.5155600520073043
stratified_source_only,SAMD00165028,YachidaS_2019,0,0.38762293562055
stratified_source_only,SAMD00165029,YachidaS_2019,0,0.5218530182606055
stratified_source_only,SAMD00165030,YachidaS_2019,0,0.6276692785073279
stratified_source_only,SAMD00165031,YachidaS_2019,0,0.39527061986643186
stratified_source_only,SAMD00165032,YachidaS_2019,0,0.3584490279060683
stratified_source_only,SAMD00165033,YachidaS_2019,0,0.6458432979568336
stratified_target_adaptive,SAMD00115014,YachidaS_2019,1,0.6224660953200695
stratified_target_adaptive,SAMD00115015,YachidaS_2019,0,0.298909663212604
stratified_target_adaptive,SAMD00115025,YachidaS_2019,0,0.3552496476740369
stratified_target_adaptive,SAMD00115027,YachidaS_2019,0,0.5149292886987373
stratified_target_adaptive,SAMD00114971,YachidaS_2019,0,0.35465072450950846
stratified_target_adaptive,SAMD00114972,YachidaS_2019,1,0.39314116150439504
stratified_target_adaptive,SAMD00114968,YachidaS_2019,0,0.3659061917728121
stratified_target_adaptive,SAMD00114970,YachidaS_2019,0,0.5976285886337466
stratified_target_adaptive,SAMD00115016,YachidaS_2019,0,0.6291128524293671
stratified_target_adaptive,SAMD00115017,YachidaS_2019,0,0.26675615432278876
stratified_target_adaptive,SAMD00115019,YachidaS_2019,0,0.4425177964644196
stratified_target_adaptive,SAMD00115021,YachidaS_2019,1,0.39749067550609535
stratified_target_adaptive,SAMD00115023,YachidaS_2019,0,0.31940050408090853
stratified_target_adaptive,SAMD00114973,YachidaS_2019,0,0.34599614816812535
stratified_target_adaptive,SAMD00114969,YachidaS_2019,1,0.5305031533930945
stratified_target_adaptive,SAMD00115018,YachidaS_2019,0,0.481306314015867
stratified_target_adaptive,SAMD00115020,YachidaS_2019,1,0.5286142845362125
stratified_target_adaptive,SAMD00115022,YachidaS_2019,0,0.45642802615768313
stratified_target_adaptive,SAMD00115029,YachidaS_2019,1,0.6156134328217011
stratified_target_adaptive,SAMD00115026,YachidaS_2019,1,0.5872393312039657
stratified_target_adaptive,SAMD00115028,YachidaS_2019,1,0.3980542091046737
stratified_target_adaptive,SAMD00114997,YachidaS_2019,0,0.45691802048376834
stratified_target_adaptive,SAMD00115030,YachidaS_2019,1,0.32046235014787805
stratified_target_adaptive,SAMD00115031,YachidaS_2019,1,0.4997826668787415
stratified_target_adaptive,SAMD00115032,YachidaS_2019,0,0.49893489881188063
stratified_target_adaptive,SAMD00115034,YachidaS_2019,1,0.46929247125085316
stratified_target_adaptive,SAMD00115035,YachidaS_2019,1,0.7046750220476183
stratified_target_adaptive,SAMD00114998,YachidaS_2019,0,0.69663727321505
stratified_target_adaptive,SAMD00115000,YachidaS_2019,1,0.6721428877349909
stratified_target_adaptive,SAMD00114995,YachidaS_2019,0,0.3497171167406799
stratified_target_adaptive,SAMD00114996,YachidaS_2019,0,0.39687877181626263
stratified_target_adaptive,SAMD00115033,YachidaS_2019,0,0.32286485700519063
stratified_target_adaptive,SAMD00114736,YachidaS_2019,0,0.4999271771887897
stratified_target_adaptive,SAMD00114737,YachidaS_2019,1,0.475734525747598
stratified_target_adaptive,SAMD00114738,YachidaS_2019,1,0.7517509764493097
stratified_target_adaptive,SAMD00114739,YachidaS_2019,1,0.5725027017134183
stratified_target_adaptive,SAMD00114744,YachidaS_2019,1,0.67227972088883
stratified_target_adaptive,SAMD00114745,YachidaS_2019,0,0.5429325772200259
stratified_target_adaptive,SAMD00114746,YachidaS_2019,1,0.5692848891644814
stratified_target_adaptive,SAMD00114747,YachidaS_2019,0,0.4274793571078121
stratified_target_adaptive,SAMD00114748,YachidaS_2019,1,0.5836640230016078
stratified_target_adaptive,SAMD00114832,YachidaS_2019,0,0.32576939299407126
stratified_target_adaptive,SAMD00114740,YachidaS_2019,1,0.37857269621105377
stratified_target_adaptive,SAMD00114741,YachidaS_2019,0,0.4155069165941987
stratified_target_adaptive,SAMD00114833,YachidaS_2019,0,0.48743929402667785
stratified_target_adaptive,SAMD00114742,YachidaS_2019,1,0.5446380753079937
stratified_target_adaptive,SAMD00114743,YachidaS_2019,1,0.7424984078555928
stratified_target_adaptive,SAMD00114757,YachidaS_2019,0,0.5135923175891697
stratified_target_adaptive,SAMD00114759,YachidaS_2019,1,0.5434790992596024
stratified_target_adaptive,SAMD00114760,YachidaS_2019,1,0.5817023740861172
stratified_target_adaptive,SAMD00114834,YachidaS_2019,0,0.3655863305022354
stratified_target_adaptive,SAMD00114761,YachidaS_2019,1,0.5570870524051227
stratified_target_adaptive,SAMD00114762,YachidaS_2019,1,0.42023971263014787
stratified_target_adaptive,SAMD00114763,YachidaS_2019,1,0.5081411953991144
stratified_target_adaptive,SAMD00114815,YachidaS_2019,0,0.840617828304182
stratified_target_adaptive,SAMD00114764,YachidaS_2019,1,0.47411607341599227
stratified_target_adaptive,SAMD00114974,YachidaS_2019,0,0.5520895432274586
stratified_target_adaptive,SAMD00114755,YachidaS_2019,1,0.5581060094297396
stratified_target_adaptive,SAMD00114765,YachidaS_2019,1,0.6085391526733271
stratified_target_adaptive,SAMD00114978,YachidaS_2019,1,0.6063836726209051
stratified_target_adaptive,SAMD00114766,YachidaS_2019,1,0.7466161778494307
stratified_target_adaptive,SAMD00114979,YachidaS_2019,0,0.5280361405158961
stratified_target_adaptive,SAMD00114767,YachidaS_2019,1,0.8352786178908914
stratified_target_adaptive,SAMD00114768,YachidaS_2019,1,0.43877644613031336
stratified_target_adaptive,SAMD00114769,YachidaS_2019,0,0.3866991313271717
stratified_target_adaptive,SAMD00114770,YachidaS_2019,0,0.370543868706067
stratified_target_adaptive,SAMD00114771,YachidaS_2019,0,0.5803194135120088
stratified_target_adaptive,SAMD00114975,YachidaS_2019,0,0.40449285454564987
stratified_target_adaptive,SAMD00114772,YachidaS_2019,1,0.7286744818448353
stratified_target_adaptive,SAMD00114773,YachidaS_2019,0,0.4529763721394835
stratified_target_adaptive,SAMD00114718,YachidaS_2019,0,0.5424684714924521
stratified_target_adaptive,SAMD00114976,YachidaS_2019,0,0.5431865304961244
stratified_target_adaptive,SAMD00114977,YachidaS_2019,0,0.5392750582262775
stratified_target_adaptive,SAMD00114719,YachidaS_2019,0,0.22876511347647463
stratified_target_adaptive,SAMD00114720,YachidaS_2019,0,0.5512522809121251
stratified_target_adaptive,SAMD00114721,YachidaS_2019,0,0.6100003934824083
stratified_target_adaptive,SAMD00114722,YachidaS_2019,1,0.7293124252239048
stratified_target_adaptive,SAMD00114984,YachidaS_2019,0,0.47511135511584546
stratified_target_adaptive,SAMD00114723,YachidaS_2019,1,0.5287900986545884
stratified_target_adaptive,SAMD00114724,YachidaS_2019,1,0.6579228986040383
stratified_target_adaptive,SAMD00114800,YachidaS_2019,0,0.42113913142949816
stratified_target_adaptive,SAMD00114982,YachidaS_2019,0,0.6910112284790332
stratified_target_adaptive,SAMD00114793,YachidaS_2019,1,0.6815322978425891
stratified_target_adaptive,SAMD00114794,YachidaS_2019,1,0.6685533625092307
stratified_target_adaptive,SAMD00114795,YachidaS_2019,0,0.4389181339306395
stratified_target_adaptive,SAMD00114986,YachidaS_2019,0,0.5368673344944421
stratified_target_adaptive,SAMD00114796,YachidaS_2019,0,0.4955771883943941
stratified_target_adaptive,SAMD00114987,YachidaS_2019,0,0.43221405857810435
stratified_target_adaptive,SAMD00114797,YachidaS_2019,1,0.4973890689013765
stratified_target_adaptive,SAMD00114798,YachidaS_2019,0,0.4670222490404631
stratified_target_adaptive,SAMD00114799,YachidaS_2019,1,0.4563231152541059
stratified_target_adaptive,SAMD00114753,YachidaS_2019,1,0.7894313157122995
stratified_target_adaptive,SAMD00114754,YachidaS_2019,1,0.2512804584897353
stratified_target_adaptive,SAMD00114989,YachidaS_2019,0,0.5043370505038254
stratified_target_adaptive,SAMD00114990,YachidaS_2019,0,0.40194544563444096
stratified_target_adaptive,SAMD00114991,YachidaS_2019,0,0.4526394168175679
stratified_target_adaptive,SAMD00114992,YachidaS_2019,0,0.4813607263577962
stratified_target_adaptive,SAMD00114749,YachidaS_2019,1,0.4114080855114009
stratified_target_adaptive,SAMD00114750,YachidaS_2019,1,0.6406078785271242
stratified_target_adaptive,SAMD00114780,YachidaS_2019,0,0.523691112514389
stratified_target_adaptive,SAMD00114781,YachidaS_2019,0,0.32618289247680154
stratified_target_adaptive,SAMD00114782,YachidaS_2019,1,0.6102045446123231
stratified_target_adaptive,SAMD00114994,YachidaS_2019,0,0.38521759578712
stratified_target_adaptive,SAMD00114774,YachidaS_2019,1,0.5040887642949843
stratified_target_adaptive,SAMD00114775,YachidaS_2019,1,0.4820337610304697
stratified_target_adaptive,SAMD00114776,YachidaS_2019,1,0.7515183968540322
stratified_target_adaptive,SAMD00114777,YachidaS_2019,1,0.5594222919429755
stratified_target_adaptive,SAMD00114778,YachidaS_2019,0,0.6257699630269328
stratified_target_adaptive,SAMD00114779,YachidaS_2019,0,0.46564241086304664
stratified_target_adaptive,SAMD00114730,YachidaS_2019,0,0.44126108691719934
stratified_target_adaptive,SAMD00115001,YachidaS_2019,0,0.3413668415773483
stratified_target_adaptive,SAMD00114731,YachidaS_2019,1,0.5958391685487885
stratified_target_adaptive,SAMD00114732,YachidaS_2019,1,0.5431301631941122
stratified_target_adaptive,SAMD00114733,YachidaS_2019,1,0.7369463711790329
stratified_target_adaptive,SAMD00114734,YachidaS_2019,0,0.295453644318479
stratified_target_adaptive,SAMD00114726,YachidaS_2019,1,0.6978930241003453
stratified_target_adaptive,SAMD00114727,YachidaS_2019,1,0.5588465194371703
stratified_target_adaptive,SAMD00114728,YachidaS_2019,1,0.5783878360374544
stratified_target_adaptive,SAMD00114729,YachidaS_2019,1,0.39374138395002006
stratified_target_adaptive,SAMD00115002,YachidaS_2019,0,0.6685268769798698
stratified_target_adaptive,SAMD00114788,YachidaS_2019,1,0.39176856532666865
stratified_target_adaptive,SAMD00115003,YachidaS_2019,0,0.5188775304748882
stratified_target_adaptive,SAMD00115004,YachidaS_2019,0,0.3346713720441584
stratified_target_adaptive,SAMD00114789,YachidaS_2019,0,0.41210175615276295
stratified_target_adaptive,SAMD00114790,YachidaS_2019,1,0.4940115555585998
stratified_target_adaptive,SAMD00114791,YachidaS_2019,0,0.5330723701073269
stratified_target_adaptive,SAMD00114792,YachidaS_2019,0,0.4741585913105552
stratified_target_adaptive,SAMD00114783,YachidaS_2019,0,0.43947808803396693
stratified_target_adaptive,SAMD00114784,YachidaS_2019,0,0.731818397922857
stratified_target_adaptive,SAMD00115008,YachidaS_2019,0,0.3154643890124496
stratified_target_adaptive,SAMD00114785,YachidaS_2019,0,0.380330431844212
stratified_target_adaptive,SAMD00114786,YachidaS_2019,1,0.4721981154362079
stratified_target_adaptive,SAMD00115009,YachidaS_2019,0,0.4084045480288979
stratified_target_adaptive,SAMD00115005,YachidaS_2019,0,0.45984060241526376
stratified_target_adaptive,SAMD00115006,YachidaS_2019,1,0.7808744345245546
stratified_target_adaptive,SAMD00115007,YachidaS_2019,1,0.4950704601647819
stratified_target_adaptive,SAMD00115011,YachidaS_2019,1,0.759740377735603
stratified_target_adaptive,SAMD00115012,YachidaS_2019,0,0.3163208794534383
stratified_target_adaptive,SAMD00115013,YachidaS_2019,1,0.7304577791795562
stratified_target_adaptive,SAMD00115010,YachidaS_2019,1,0.6050258002707037
stratified_target_adaptive,SAMD00114816,YachidaS_2019,1,0.4704287394828478
stratified_target_adaptive,SAMD00114819,YachidaS_2019,0,0.7126245159466686
stratified_target_adaptive,SAMD00114804,YachidaS_2019,1,0.45078219233120326
stratified_target_adaptive,SAMD00114805,YachidaS_2019,1,0.42028392705053863
stratified_target_adaptive,SAMD00114806,YachidaS_2019,1,0.623108118264258
stratified_target_adaptive,SAMD00114807,YachidaS_2019,0,0.4363158916133428
stratified_target_adaptive,SAMD00114808,YachidaS_2019,1,0.4813040032227389
stratified_target_adaptive,SAMD00114809,YachidaS_2019,0,0.48833592287297045
stratified_target_adaptive,SAMD00114810,YachidaS_2019,1,0.47659044270844303
stratified_target_adaptive,SAMD00114811,YachidaS_2019,1,0.5778423024548625
stratified_target_adaptive,SAMD00114812,YachidaS_2019,0,0.4117249119951176
stratified_target_adaptive,SAMD00114813,YachidaS_2019,1,0.8752740221648859
stratified_target_adaptive,SAMD00114814,YachidaS_2019,1,0.5335696392423528
stratified_target_adaptive,SAMD00114826,YachidaS_2019,1,0.6313519404363206
stratified_target_adaptive,SAMD00114829,YachidaS_2019,0,0.5167845293224027
stratified_target_adaptive,SAMD00114830,YachidaS_2019,0,0.6112275819653383
stratified_target_adaptive,SAMD00114862,YachidaS_2019,0,0.3199752666016194
stratified_target_adaptive,SAMD00114822,YachidaS_2019,1,0.67533430446427
stratified_target_adaptive,SAMD00114823,YachidaS_2019,1,0.6907062241088727
stratified_target_adaptive,SAMD00114857,YachidaS_2019,1,0.5757015168221261
stratified_target_adaptive,SAMD00114858,YachidaS_2019,0,0.6841548749467197
stratified_target_adaptive,SAMD00114824,YachidaS_2019,0,0.7189345389841698
stratified_target_adaptive,SAMD00114825,YachidaS_2019,1,0.6985562877364228
stratified_target_adaptive,SAMD00114817,YachidaS_2019,1,0.7180133701931449
stratified_target_adaptive,SAMD00114818,YachidaS_2019,0,0.5567676917755453
stratified_target_adaptive,SAMD00114835,YachidaS_2019,1,0.8635821161041757
stratified_target_adaptive,SAMD00114836,YachidaS_2019,1,0.5220637811466019
stratified_target_adaptive,SAMD00114803,YachidaS_2019,1,0.6761424135574207
stratified_target_adaptive,SAMD00114841,YachidaS_2019,1,0.6870053551680677
stratified_target_adaptive,SAMD00114842,YachidaS_2019,0,0.4864134043618051
stratified_target_adaptive,SAMD00114843,YachidaS_2019,0,0.4942396767672771
stratified_target_adaptive,SAMD00114844,YachidaS_2019,1,0.6705166594314904
stratified_target_adaptive,SAMD00114845,YachidaS_2019,0,0.555211706333285
stratified_target_adaptive,SAMD00114846,YachidaS_2019,1,0.5172361430951046
stratified_target_adaptive,SAMD00114848,YachidaS_2019,1,0.6261752469983658
stratified_target_adaptive,SAMD00114849,YachidaS_2019,1,0.3578438255915566
stratified_target_adaptive,SAMD00114850,YachidaS_2019,0,0.40756383293110415
stratified_target_adaptive,SAMD00114863,YachidaS_2019,1,0.7479866618178025
stratified_target_adaptive,SAMD00114865,YachidaS_2019,0,0.694193908444028
stratified_target_adaptive,SAMD00114852,YachidaS_2019,1,0.5696996691338087
stratified_target_adaptive,SAMD00114867,YachidaS_2019,0,0.3987421902258605
stratified_target_adaptive,SAMD00114868,YachidaS_2019,1,0.41130473271481643
stratified_target_adaptive,SAMD00114869,YachidaS_2019,0,0.583190167019802
stratified_target_adaptive,SAMD00114854,YachidaS_2019,0,0.7490441971591212
stratified_target_adaptive,SAMD00114859,YachidaS_2019,0,0.4538230203509304
stratified_target_adaptive,SAMD00114837,YachidaS_2019,0,0.611260794403459
stratified_target_adaptive,SAMD00114838,YachidaS_2019,0,0.5158864857424558
stratified_target_adaptive,SAMD00114860,YachidaS_2019,0,0.33090281945983
stratified_target_adaptive,SAMD00114839,YachidaS_2019,1,0.284168059155371
stratified_target_adaptive,SAMD00114840,YachidaS_2019,1,0.49462558608740137
stratified_target_adaptive,SAMD00114856,YachidaS_2019,1,0.5911588333531627
stratified_target_adaptive,SAMD00114870,YachidaS_2019,1,0.39353912865096635
stratified_target_adaptive,SAMD00114871,YachidaS_2019,1,0.4219414877859036
stratified_target_adaptive,SAMD00114926,YachidaS_2019,0,0.4707706223080825
stratified_target_adaptive,SAMD00114888,YachidaS_2019,0,0.45846003085143433
stratified_target_adaptive,SAMD00114889,YachidaS_2019,0,0.5755039812964661
stratified_target_adaptive,SAMD00114872,YachidaS_2019,0,0.8426809492805944
stratified_target_adaptive,SAMD00114873,YachidaS_2019,0,0.6218296967154326
stratified_target_adaptive,SAMD00114927,YachidaS_2019,1,0.42371129678030445
stratified_target_adaptive,SAMD00114938,YachidaS_2019,0,0.36248614432184917
stratified_target_adaptive,SAMD00114891,YachidaS_2019,1,0.5455471387321476
stratified_target_adaptive,SAMD00114929,YachidaS_2019,0,0.46967239955376994
stratified_target_adaptive,SAMD00114939,YachidaS_2019,1,0.6278231039784251
stratified_target_adaptive,SAMD00114892,YachidaS_2019,1,0.38862470342920824
stratified_target_adaptive,SAMD00114893,YachidaS_2019,1,0.7790365838101203
stratified_target_adaptive,SAMD00114874,YachidaS_2019,0,0.5205173311650207
stratified_target_adaptive,SAMD00114875,YachidaS_2019,1,0.6758977591845646
stratified_target_adaptive,SAMD00114931,YachidaS_2019,1,0.5486556713746866
stratified_target_adaptive,SAMD00114932,YachidaS_2019,0,0.5186516147720791
stratified_target_adaptive,SAMD00114940,YachidaS_2019,0,0.27525923813428993
stratified_target_adaptive,SAMD00114894,YachidaS_2019,1,0.7161309529835495
stratified_target_adaptive,SAMD00114895,YachidaS_2019,0,0.40273555383597054
stratified_target_adaptive,SAMD00114876,YachidaS_2019,0,0.213607085335886
stratified_target_adaptive,SAMD00114933,YachidaS_2019,1,0.613131251950732
stratified_target_adaptive,SAMD00114941,YachidaS_2019,1,0.2727540679229696
stratified_target_adaptive,SAMD00114896,YachidaS_2019,1,0.5688347518525335
stratified_target_adaptive,SAMD00114897,YachidaS_2019,1,0.6550865053527661
stratified_target_adaptive,SAMD00114877,YachidaS_2019,1,0.48486605098655133
stratified_target_adaptive,SAMD00114878,YachidaS_2019,1,0.6745439038184353
stratified_target_adaptive,SAMD00114934,YachidaS_2019,1,0.6547826785349861
stratified_target_adaptive,SAMD00114942,YachidaS_2019,0,0.5607169522396248
stratified_target_adaptive,SAMD00114898,YachidaS_2019,0,0.41033160110637956
stratified_target_adaptive,SAMD00114935,YachidaS_2019,1,0.5260536722609735
stratified_target_adaptive,SAMD00114943,YachidaS_2019,1,0.4013826370397559
stratified_target_adaptive,SAMD00114908,YachidaS_2019,0,0.38699615924035197
stratified_target_adaptive,SAMD00114944,YachidaS_2019,1,0.7088399986149205
stratified_target_adaptive,SAMD00114918,YachidaS_2019,0,0.6275687380169094
stratified_target_adaptive,SAMD00114909,YachidaS_2019,1,0.4103939380567977
stratified_target_adaptive,SAMD00114919,YachidaS_2019,1,0.4536834328081439
stratified_target_adaptive,SAMD00114920,YachidaS_2019,1,0.7782389816601355
stratified_target_adaptive,SAMD00114949,YachidaS_2019,1,0.5407054450371115
stratified_target_adaptive,SAMD00114950,YachidaS_2019,0,0.5925273613506091
stratified_target_adaptive,SAMD00114910,YachidaS_2019,1,0.5703855468025589
stratified_target_adaptive,SAMD00114911,YachidaS_2019,1,0.8015078141535896
stratified_target_adaptive,SAMD00114921,YachidaS_2019,1,0.7057814054571396
stratified_target_adaptive,SAMD00114922,YachidaS_2019,1,0.6101873964077585
stratified_target_adaptive,SAMD00114951,YachidaS_2019,1,0.3000899398881656
stratified_target_adaptive,SAMD00114912,YachidaS_2019,1,0.4560891150815615
stratified_target_adaptive,SAMD00114913,YachidaS_2019,0,0.45957420112685515
stratified_target_adaptive,SAMD00114952,YachidaS_2019,1,0.4474169665985852
stratified_target_adaptive,SAMD00114953,YachidaS_2019,0,0.732912575860709
stratified_target_adaptive,SAMD00114945,YachidaS_2019,0,0.3760053456408041
stratified_target_adaptive,SAMD00114924,YachidaS_2019,1,0.5320985881029549
stratified_target_adaptive,SAMD00114954,YachidaS_2019,1,0.7166981679691262
stratified_target_adaptive,SAMD00114914,YachidaS_2019,1,0.6374031372234724
stratified_target_adaptive,SAMD00114946,YachidaS_2019,1,0.7882137865254307
stratified_target_adaptive,SAMD00114925,YachidaS_2019,1,0.5670410445588641
stratified_target_adaptive,SAMD00114956,YachidaS_2019,1,0.307667664781006
stratified_target_adaptive,SAMD00114915,YachidaS_2019,1,0.63847065356975
stratified_target_adaptive,SAMD00114916,YachidaS_2019,1,0.47562979653608267
stratified_target_adaptive,SAMD00114917,YachidaS_2019,1,0.5934528189274951
stratified_target_adaptive,SAMD00114948,YachidaS_2019,1,0.6270657949479198
stratified_target_adaptive,SAMD00114957,YachidaS_2019,1,0.3718554542112209
stratified_target_adaptive,SAMD00114958,YachidaS_2019,1,0.3704948254954982
stratified_target_adaptive,SAMD00114879,YachidaS_2019,1,0.6208879593349345
stratified_target_adaptive,SAMD00114880,YachidaS_2019,0,0.4063947299789851
stratified_target_adaptive,SAMD00114959,YachidaS_2019,0,0.5479231758997903
stratified_target_adaptive,SAMD00114960,YachidaS_2019,1,0.6193175379698831
stratified_target_adaptive,SAMD00114899,YachidaS_2019,0,0.6252912163835913
stratified_target_adaptive,SAMD00114881,YachidaS_2019,0,0.4899919226060651
stratified_target_adaptive,SAMD00114882,YachidaS_2019,0,0.58949995990655
stratified_target_adaptive,SAMD00114900,YachidaS_2019,0,0.3725282556233913
stratified_target_adaptive,SAMD00114901,YachidaS_2019,0,0.6800468031228799
stratified_target_adaptive,SAMD00114883,YachidaS_2019,1,0.6476926730113067
stratified_target_adaptive,SAMD00114884,YachidaS_2019,1,0.6359316505148798
stratified_target_adaptive,SAMD00114902,YachidaS_2019,1,0.6873242462989304
stratified_target_adaptive,SAMD00114903,YachidaS_2019,1,0.6727035488162453
stratified_target_adaptive,SAMD00114963,YachidaS_2019,0,0.508354418186342
stratified_target_adaptive,SAMD00114964,YachidaS_2019,1,0.7146797315488465
stratified_target_adaptive,SAMD00114905,YachidaS_2019,1,0.629773462840183
stratified_target_adaptive,SAMD00114965,YachidaS_2019,1,0.44848153925464573
stratified_target_adaptive,SAMD00114885,YachidaS_2019,0,0.47233003717017685
stratified_target_adaptive,SAMD00114906,YachidaS_2019,0,0.42364431575594647
stratified_target_adaptive,SAMD00114907,YachidaS_2019,1,0.7650521737931116
stratified_target_adaptive,SAMD00114966,YachidaS_2019,1,0.8047078695987813
stratified_target_adaptive,SAMD00114967,YachidaS_2019,0,0.6553755700825443
stratified_target_adaptive,SAMD00114886,YachidaS_2019,1,0.7274808170210418
stratified_target_adaptive,SAMD00164694,YachidaS_2019,1,0.46858231445756054
stratified_target_adaptive,SAMD00164695,YachidaS_2019,1,0.47104938771022337
stratified_target_adaptive,SAMD00136653,YachidaS_2019,0,0.7513646291369235
stratified_target_adaptive,SAMD00164721,YachidaS_2019,1,0.5734747611029528
stratified_target_adaptive,SAMD00164727,YachidaS_2019,0,0.5663949421534638
stratified_target_adaptive,SAMD00164729,YachidaS_2019,0,0.4041954517802205
stratified_target_adaptive,SAMD00164745,YachidaS_2019,1,0.5384709612888275
stratified_target_adaptive,SAMD00164748,YachidaS_2019,0,0.5601086484876427
stratified_target_adaptive,SAMD00154991,YachidaS_2019,0,0.663089641403967
stratified_target_adaptive,SAMD00164756,YachidaS_2019,0,0.5982466040113441
stratified_target_adaptive,SAMD00164758,YachidaS_2019,0,0.8217474968455998
stratified_target_adaptive,SAMD00154992,YachidaS_2019,0,0.6284004285170147
stratified_target_adaptive,SAMD00154993,YachidaS_2019,1,0.4676827976734121
stratified_target_adaptive,SAMD00136648,YachidaS_2019,0,0.5250858283084494
stratified_target_adaptive,SAMD00164767,YachidaS_2019,1,0.4559205735326369
stratified_target_adaptive,SAMD00164769,YachidaS_2019,1,0.5060959509868216
stratified_target_adaptive,SAMD00154994,YachidaS_2019,1,0.6478638821098666
stratified_target_adaptive,SAMD00164771,YachidaS_2019,1,0.5852692201786078
stratified_target_adaptive,SAMD00154995,YachidaS_2019,1,0.6422097888215692
stratified_target_adaptive,SAMD00164773,YachidaS_2019,0,0.3109879359102804
stratified_target_adaptive,SAMD00164774,YachidaS_2019,0,0.39919999149253044
stratified_target_adaptive,SAMD00164776,YachidaS_2019,1,0.43862778351821446
stratified_target_adaptive,SAMD00164778,YachidaS_2019,1,0.4727840885673444
stratified_target_adaptive,SAMD00164779,YachidaS_2019,1,0.5035470242238199
stratified_target_adaptive,SAMD00164780,YachidaS_2019,1,0.45943309914355834
stratified_target_adaptive,SAMD00164803,YachidaS_2019,0,0.4315902695950058
stratified_target_adaptive,SAMD00164805,YachidaS_2019,0,0.3522302062172483
stratified_target_adaptive,SAMD00164806,YachidaS_2019,0,0.352534714279663
stratified_target_adaptive,SAMD00164809,YachidaS_2019,0,0.6685374412211792
stratified_target_adaptive,SAMD00164812,YachidaS_2019,1,0.4094257315833071
stratified_target_adaptive,SAMD00164814,YachidaS_2019,0,0.532507332040527
stratified_target_adaptive,SAMD00164817,YachidaS_2019,1,0.31092148037430456
stratified_target_adaptive,SAMD00164818,YachidaS_2019,1,0.42615229896734214
stratified_target_adaptive,SAMD00164819,YachidaS_2019,0,0.5805916790866734
stratified_target_adaptive,SAMD00164820,YachidaS_2019,1,0.7133641230741422
stratified_target_adaptive,SAMD00164821,YachidaS_2019,1,0.700111401290207
stratified_target_adaptive,SAMD00164822,YachidaS_2019,1,0.7068265912399949
stratified_target_adaptive,SAMD00164823,YachidaS_2019,0,0.4117986637077009
stratified_target_adaptive,SAMD00164824,YachidaS_2019,0,0.4024485333269189
stratified_target_adaptive,SAMD00164825,YachidaS_2019,0,0.41102248879678444
stratified_target_adaptive,SAMD00164826,YachidaS_2019,1,0.5368256148322567
stratified_target_adaptive,SAMD00164827,YachidaS_2019,0,0.4449115535179676
stratified_target_adaptive,SAMD00164828,YachidaS_2019,0,0.7070078127138061
stratified_target_adaptive,SAMD00164829,YachidaS_2019,1,0.783198434214456
stratified_target_adaptive,SAMD00164830,YachidaS_2019,1,0.33967673803611775
stratified_target_adaptive,SAMD00164831,YachidaS_2019,1,0.3836453860906822
stratified_target_adaptive,SAMD00164832,YachidaS_2019,1,0.5184732077737723
stratified_target_adaptive,SAMD00164833,YachidaS_2019,0,0.43951664241036886
stratified_target_adaptive,SAMD00164834,YachidaS_2019,1,0.6371332729368318
stratified_target_adaptive,SAMD00164835,YachidaS_2019,0,0.36724430136157765
stratified_target_adaptive,SAMD00164836,YachidaS_2019,1,0.6301279949114889
stratified_target_adaptive,SAMD00164837,YachidaS_2019,0,0.4413200353010221
stratified_target_adaptive,SAMD00164838,YachidaS_2019,1,0.5868327188085991
stratified_target_adaptive,SAMD00164839,YachidaS_2019,1,0.5294059310813841
stratified_target_adaptive,SAMD00164840,YachidaS_2019,0,0.6885675357485758
stratified_target_adaptive,SAMD00164841,YachidaS_2019,1,0.21247116376256958
stratified_target_adaptive,SAMD00164842,YachidaS_2019,1,0.5162153941807328
stratified_target_adaptive,SAMD00164843,YachidaS_2019,1,0.5434479258038053
stratified_target_adaptive,SAMD00164844,YachidaS_2019,1,0.5061533174812223
stratified_target_adaptive,SAMD00164845,YachidaS_2019,1,0.5780566999776424
stratified_target_adaptive,SAMD00164846,YachidaS_2019,1,0.45532400726398553
stratified_target_adaptive,SAMD00164847,YachidaS_2019,1,0.5789296941926095
stratified_target_adaptive,SAMD00164848,YachidaS_2019,0,0.33498166279198893
stratified_target_adaptive,SAMD00164849,YachidaS_2019,0,0.6231250750459582
stratified_target_adaptive,SAMD00164850,YachidaS_2019,1,0.5394639097961859
stratified_target_adaptive,SAMD00164851,YachidaS_2019,1,0.539916010391637
stratified_target_adaptive,SAMD00164852,YachidaS_2019,1,0.49402014707200537
stratified_target_adaptive,SAMD00164853,YachidaS_2019,0,0.42818447349185834
stratified_target_adaptive,SAMD00164854,YachidaS_2019,1,0.7074568674606917
stratified_target_adaptive,SAMD00164855,YachidaS_2019,0,0.6566191300594936
stratified_target_adaptive,SAMD00164856,YachidaS_2019,0,0.3803880459936004
stratified_target_adaptive,SAMD00164858,YachidaS_2019,1,0.48761568352352935
stratified_target_adaptive,SAMD00164859,YachidaS_2019,1,0.6273406235380585
stratified_target_adaptive,SAMD00164860,YachidaS_2019,1,0.5737595278631537
stratified_target_adaptive,SAMD00164861,YachidaS_2019,1,0.6539842539736274
stratified_target_adaptive,SAMD00164862,YachidaS_2019,0,0.3441739939850903
stratified_target_adaptive,SAMD00164863,YachidaS_2019,1,0.6111075840444421
stratified_target_adaptive,SAMD00164864,YachidaS_2019,1,0.558669872407014
stratified_target_adaptive,SAMD00164865,YachidaS_2019,0,0.6277520084784765
stratified_target_adaptive,SAMD00164866,YachidaS_2019,1,0.468001758408819
stratified_target_adaptive,SAMD00164867,YachidaS_2019,1,0.6010708538723727
stratified_target_adaptive,SAMD00164868,YachidaS_2019,1,0.7460799422498342
stratified_target_adaptive,SAMD00164869,YachidaS_2019,1,0.6398636226595205
stratified_target_adaptive,SAMD00164870,YachidaS_2019,0,0.823014340269889
stratified_target_adaptive,SAMD00164871,YachidaS_2019,1,0.35262595830989846
stratified_target_adaptive,SAMD00164872,YachidaS_2019,0,0.5193605698365438
stratified_target_adaptive,SAMD00164873,YachidaS_2019,0,0.6086888204516274
stratified_target_adaptive,SAMD00164874,YachidaS_2019,0,0.4139449420391178
stratified_target_adaptive,SAMD00164875,YachidaS_2019,0,0.43046791356040665
stratified_target_adaptive,SAMD00164876,YachidaS_2019,0,0.6932619380186269
stratified_target_adaptive,SAMD00164877,YachidaS_2019,0,0.407081167801878
stratified_target_adaptive,SAMD00164878,YachidaS_2019,0,0.39808549358484363
stratified_target_adaptive,SAMD00164879,YachidaS_2019,0,0.49809600333644793
stratified_target_adaptive,SAMD00164880,YachidaS_2019,1,0.6640097899444755
stratified_target_adaptive,SAMD00164881,YachidaS_2019,0,0.6648472806835457
stratified_target_adaptive,SAMD00164882,YachidaS_2019,0,0.38501946814964305
stratified_target_adaptive,SAMD00164883,YachidaS_2019,1,0.4862288894041672
stratified_target_adaptive,SAMD00164884,YachidaS_2019,1,0.4361530930448459
stratified_target_adaptive,SAMD00164885,YachidaS_2019,1,0.6644167683267878
stratified_target_adaptive,SAMD00164888,YachidaS_2019,0,0.6500551518158509
stratified_target_adaptive,SAMD00164889,YachidaS_2019,1,0.6507850059299595
stratified_target_adaptive,SAMD00164890,YachidaS_2019,0,0.5556166772786185
stratified_target_adaptive,SAMD00164891,YachidaS_2019,0,0.6700566332925539
stratified_target_adaptive,SAMD00164892,YachidaS_2019,0,0.46185801619298683
stratified_target_adaptive,SAMD00164895,YachidaS_2019,0,0.5882528753835953
stratified_target_adaptive,SAMD00164896,YachidaS_2019,0,0.45587195145316994
stratified_target_adaptive,SAMD00164897,YachidaS_2019,0,0.5625088006707321
stratified_target_adaptive,SAMD00164898,YachidaS_2019,0,0.5395320899542237
stratified_target_adaptive,SAMD00164899,YachidaS_2019,0,0.610042382350248
stratified_target_adaptive,SAMD00164901,YachidaS_2019,0,0.3927649106711682
stratified_target_adaptive,SAMD00164902,YachidaS_2019,0,0.5820404185153464
stratified_target_adaptive,SAMD00164903,YachidaS_2019,1,0.3038937865264392
stratified_target_adaptive,SAMD00164904,YachidaS_2019,0,0.46397015417009563
stratified_target_adaptive,SAMD00164905,YachidaS_2019,1,0.5120609602289944
stratified_target_adaptive,SAMD00164907,YachidaS_2019,1,0.39185417764743985
stratified_target_adaptive,SAMD00164908,YachidaS_2019,0,0.32122166672576535
stratified_target_adaptive,SAMD00164909,YachidaS_2019,0,0.5090958933294288
stratified_target_adaptive,SAMD00164910,YachidaS_2019,1,0.6489125646097135
stratified_target_adaptive,SAMD00164911,YachidaS_2019,0,0.6224023474729942
stratified_target_adaptive,SAMD00164912,YachidaS_2019,1,0.6984908185086011
stratified_target_adaptive,SAMD00164913,YachidaS_2019,1,0.49384404264065124
stratified_target_adaptive,SAMD00164914,YachidaS_2019,0,0.4409282762765255
stratified_target_adaptive,SAMD00164915,YachidaS_2019,0,0.5491193007676441
stratified_target_adaptive,SAMD00164916,YachidaS_2019,0,0.39264167990231674
stratified_target_adaptive,SAMD00164917,YachidaS_2019,0,0.4422768183380958
stratified_target_adaptive,SAMD00164918,YachidaS_2019,0,0.3544664359766789
stratified_target_adaptive,SAMD00164919,YachidaS_2019,1,0.5489323946195701
stratified_target_adaptive,SAMD00164920,YachidaS_2019,0,0.2787560742907351
stratified_target_adaptive,SAMD00164923,YachidaS_2019,0,0.5051756548901779
stratified_target_adaptive,SAMD00164926,YachidaS_2019,0,0.6330478454729175
stratified_target_adaptive,SAMD00164927,YachidaS_2019,0,0.3800621001530831
stratified_target_adaptive,SAMD00164928,YachidaS_2019,1,0.6020676051434136
stratified_target_adaptive,SAMD00164929,YachidaS_2019,0,0.542414292629556
stratified_target_adaptive,SAMD00164930,YachidaS_2019,0,0.45987691273856296
stratified_target_adaptive,SAMD00164931,YachidaS_2019,0,0.3163282877082007
stratified_target_adaptive,SAMD00164932,YachidaS_2019,1,0.5487061180622611
stratified_target_adaptive,SAMD00164933,YachidaS_2019,0,0.440676440085352
stratified_target_adaptive,SAMD00164934,YachidaS_2019,0,0.5176744858367955
stratified_target_adaptive,SAMD00164935,YachidaS_2019,0,0.5679941166434853
stratified_target_adaptive,SAMD00164936,YachidaS_2019,0,0.46043100511009943
stratified_target_adaptive,SAMD00164937,YachidaS_2019,1,0.6745903981666658
stratified_target_adaptive,SAMD00164938,YachidaS_2019,0,0.6189522420092113
stratified_target_adaptive,SAMD00164939,YachidaS_2019,0,0.5239805704803749
stratified_target_adaptive,SAMD00164940,YachidaS_2019,1,0.5204821926209177
stratified_target_adaptive,SAMD00164941,YachidaS_2019,0,0.31524399188255287
stratified_target_adaptive,SAMD00164944,YachidaS_2019,1,0.3316828145537687
stratified_target_adaptive,SAMD00164946,YachidaS_2019,1,0.45707998012272766
stratified_target_adaptive,SAMD00164947,YachidaS_2019,0,0.6145940002670759
stratified_target_adaptive,SAMD00164949,YachidaS_2019,0,0.6693748327112834
stratified_target_adaptive,SAMD00164950,YachidaS_2019,0,0.6308230500942839
stratified_target_adaptive,SAMD00164951,YachidaS_2019,0,0.30564444825141984
stratified_target_adaptive,SAMD00164952,YachidaS_2019,0,0.6115984358089485
stratified_target_adaptive,SAMD00164953,YachidaS_2019,0,0.5059036185012213
stratified_target_adaptive,SAMD00164954,YachidaS_2019,0,0.5371481499638664
stratified_target_adaptive,SAMD00164955,YachidaS_2019,0,0.37738427967226984
stratified_target_adaptive,SAMD00164956,YachidaS_2019,0,0.6225258277165385
stratified_target_adaptive,SAMD00164957,YachidaS_2019,0,0.4775395175486357
stratified_target_adaptive,SAMD00164958,YachidaS_2019,0,0.4425912338410361
stratified_target_adaptive,SAMD00164960,YachidaS_2019,0,0.5232003881065669
stratified_target_adaptive,SAMD00164961,YachidaS_2019,0,0.5951800835316636
stratified_target_adaptive,SAMD00164962,YachidaS_2019,0,0.38922071695879146
stratified_target_adaptive,SAMD00164963,YachidaS_2019,0,0.35372079127642525
stratified_target_adaptive,SAMD00164964,YachidaS_2019,0,0.47938012447936146
stratified_target_adaptive,SAMD00164965,YachidaS_2019,0,0.47850583171765776
stratified_target_adaptive,SAMD00164966,YachidaS_2019,0,0.391852262572119
stratified_target_adaptive,SAMD00164967,YachidaS_2019,0,0.4215643369301366
stratified_target_adaptive,SAMD00164968,YachidaS_2019,1,0.5324100483074278
stratified_target_adaptive,SAMD00164969,YachidaS_2019,0,0.4713185166777532
stratified_target_adaptive,SAMD00164970,YachidaS_2019,1,0.7718609045957884
stratified_target_adaptive,SAMD00164971,YachidaS_2019,1,0.48316540946910785
stratified_target_adaptive,SAMD00164972,YachidaS_2019,0,0.3732470441978333
stratified_target_adaptive,SAMD00164973,YachidaS_2019,0,0.5928954709264853
stratified_target_adaptive,SAMD00164974,YachidaS_2019,1,0.6046175125680121
stratified_target_adaptive,SAMD00164975,YachidaS_2019,1,0.5600622019733608
stratified_target_adaptive,SAMD00164976,YachidaS_2019,1,0.5268426495288651
stratified_target_adaptive,SAMD00164977,YachidaS_2019,1,0.5442270646467623
stratified_target_adaptive,SAMD00164978,YachidaS_2019,1,0.6750759474221608
stratified_target_adaptive,SAMD00164979,YachidaS_2019,1,0.5610707686552104
stratified_target_adaptive,SAMD00164980,YachidaS_2019,1,0.709685841362655
stratified_target_adaptive,SAMD00164981,YachidaS_2019,1,0.8066324926219787
stratified_target_adaptive,SAMD00164982,YachidaS_2019,1,0.4473720245973803
stratified_target_adaptive,SAMD00164983,YachidaS_2019,0,0.5720890447105954
stratified_target_adaptive,SAMD00164984,YachidaS_2019,1,0.6520189866249386
stratified_target_adaptive,SAMD00164985,YachidaS_2019,1,0.41693267418227986
stratified_target_adaptive,SAMD00164986,YachidaS_2019,0,0.3490783692875786
stratified_target_adaptive,SAMD00164987,YachidaS_2019,1,0.5887188748020441
stratified_target_adaptive,SAMD00164988,YachidaS_2019,1,0.45180906056437903
stratified_target_adaptive,SAMD00164989,YachidaS_2019,1,0.3091270845812783
stratified_target_adaptive,SAMD00164990,YachidaS_2019,1,0.6515763067547332
stratified_target_adaptive,SAMD00164991,YachidaS_2019,1,0.7546974739237098
stratified_target_adaptive,SAMD00164992,YachidaS_2019,1,0.7672711616156523
stratified_target_adaptive,SAMD00164993,YachidaS_2019,1,0.5600745658794999
stratified_target_adaptive,SAMD00164994,YachidaS_2019,1,0.5227236252739809
stratified_target_adaptive,SAMD00164995,YachidaS_2019,1,0.6306683703824587
stratified_target_adaptive,SAMD00164996,YachidaS_2019,0,0.472984833157262
stratified_target_adaptive,SAMD00164997,YachidaS_2019,1,0.5053225647636012
stratified_target_adaptive,SAMD00164998,YachidaS_2019,1,0.6194832741122362
stratified_target_adaptive,SAMD00164999,YachidaS_2019,0,0.4166471155216461
stratified_target_adaptive,SAMD00165000,YachidaS_2019,1,0.6584743192831366
stratified_target_adaptive,SAMD00165001,YachidaS_2019,0,0.4402880080974738
stratified_target_adaptive,SAMD00165002,YachidaS_2019,1,0.5905163039888993
stratified_target_adaptive,SAMD00165003,YachidaS_2019,1,0.8377569776163328
stratified_target_adaptive,SAMD00165004,YachidaS_2019,0,0.36338427737983325
stratified_target_adaptive,SAMD00165005,YachidaS_2019,1,0.558208684905367
stratified_target_adaptive,SAMD00165006,YachidaS_2019,1,0.5880129859267816
stratified_target_adaptive,SAMD00165007,YachidaS_2019,1,0.23164473174918437
stratified_target_adaptive,SAMD00165008,YachidaS_2019,0,0.2948377652439007
stratified_target_adaptive,SAMD00165009,YachidaS_2019,1,0.5900534209305465
stratified_target_adaptive,SAMD00165010,YachidaS_2019,0,0.3627528676960357
stratified_target_adaptive,SAMD00165011,YachidaS_2019,1,0.46803705125142486
stratified_target_adaptive,SAMD00165012,YachidaS_2019,1,0.4136686039246814
stratified_target_adaptive,SAMD00165014,YachidaS_2019,1,0.4744553682047665
stratified_target_adaptive,SAMD00165015,YachidaS_2019,0,0.4537518212224103
stratified_target_adaptive,SAMD00165016,YachidaS_2019,1,0.37705987250393297
stratified_target_adaptive,SAMD00165017,YachidaS_2019,1,0.6336151727756526
stratified_target_adaptive,SAMD00165018,YachidaS_2019,1,0.6848176075204014
stratified_target_adaptive,SAMD00165019,YachidaS_2019,1,0.47229677464142855
stratified_target_adaptive,SAMD00165020,YachidaS_2019,0,0.4281294707102022
stratified_target_adaptive,SAMD00165021,YachidaS_2019,0,0.47666979537293547
stratified_target_adaptive,SAMD00165022,YachidaS_2019,0,0.5427346245469418
stratified_target_adaptive,SAMD00165023,YachidaS_2019,0,0.5814373655514777
stratified_target_adaptive,SAMD00165024,YachidaS_2019,0,0.48434311129927876
stratified_target_adaptive,SAMD00165025,YachidaS_2019,0,0.3375980455571456
stratified_target_adaptive,SAMD00165026,YachidaS_2019,0,0.5907897711398314
stratified_target_adaptive,SAMD00165027,YachidaS_2019,0,0.49803351265459644
stratified_target_adaptive,SAMD00165028,YachidaS_2019,0,0.39164131485352255
stratified_target_adaptive,SAMD00165029,YachidaS_2019,0,0.5338780075363272
stratified_target_adaptive,SAMD00165030,YachidaS_2019,0,0.5941184109643189
stratified_target_adaptive,SAMD00165031,YachidaS_2019,0,0.3810618472156871
stratified_target_adaptive,SAMD00165032,YachidaS_2019,0,0.3429027024078256
stratified_target_adaptive,SAMD00165033,YachidaS_2019,0,0.6571238677447023
species_source_only,SZAXPI003409-8,YuJ_2015,1,0.8693755959714411
species_source_only,SZAXPI003410-3,YuJ_2015,1,0.8346746031573786
species_source_only,SZAXPI003411-6,YuJ_2015,1,0.7936172310789306
species_source_only,SZAXPI003412-1,YuJ_2015,1,0.8215686765446247
species_source_only,SZAXPI003413-4,YuJ_2015,1,0.854146925059809
species_source_only,SZAXPI003414-3,YuJ_2015,1,0.46802986796150287
species_source_only,SZAXPI003415-12,YuJ_2015,1,0.5610409788845271
species_source_only,SZAXPI003416-4,YuJ_2015,1,0.8156137024437232
species_source_only,SZAXPI003417-4,YuJ_2015,0,0.5232357488938448
species_source_only,SZAXPI003418-8,YuJ_2015,1,0.6528367852916108
species_source_only,SZAXPI003419-6,YuJ_2015,0,0.2506137059484161
species_source_only,SZAXPI003420-4,YuJ_2015,1,0.699527844586611
species_source_only,SZAXPI003421-5,YuJ_2015,1,0.4575640718499828
species_source_only,SZAXPI003422-11,YuJ_2015,1,0.8116757758198702
species_source_only,SZAXPI003423-8,YuJ_2015,1,0.6790018703950704
species_source_only,SZAXPI003424-12,YuJ_2015,1,0.6822514797944447
species_source_only,SZAXPI003425-1,YuJ_2015,1,0.42263303669152186
species_source_only,SZAXPI003426-11,YuJ_2015,1,0.7898957322417092
species_source_only,SZAXPI003427-1,YuJ_2015,0,0.5039837394932218
species_source_only,SZAXPI003428-6,YuJ_2015,1,0.5891335555696768
species_source_only,SZAXPI003429-3,YuJ_2015,0,0.4362025758050353
species_source_only,SZAXPI003430-5,YuJ_2015,1,0.44403171806429154
species_source_only,SZAXPI003431-1,YuJ_2015,1,0.8573655305346677
species_source_only,SZAXPI003432-12,YuJ_2015,1,0.37606428174694534
species_source_only,SZAXPI003433-7,YuJ_2015,0,0.6566701435171411
species_source_only,SZAXPI003434-7,YuJ_2015,1,0.6138659375413854
species_source_only,SZAXPI003435-11,YuJ_2015,1,0.8597903513989181
species_source_only,SZAXPI003436-7,YuJ_2015,1,0.5960297316347313
species_source_only,SZAXPI003437-3,YuJ_2015,1,0.6435443770741183
species_source_only,SZAXPI015209-133,YuJ_2015,1,0.4959289085038371
species_source_only,SZAXPI015210-17,YuJ_2015,1,0.544437437980162
species_source_only,SZAXPI015211-166,YuJ_2015,1,0.8084328207535676
species_source_only,SZAXPI015212-113,YuJ_2015,0,0.41651988517631533
species_source_only,SZAXPI015213-15,YuJ_2015,1,0.6128349212149616
species_source_only,SZAXPI015214-19,YuJ_2015,1,0.59513800971256
species_source_only,SZAXPI015215-20,YuJ_2015,1,0.5749130789919139
species_source_only,SZAXPI015216-169,YuJ_2015,1,0.7072847532793265
species_source_only,SZAXPI015217-140,YuJ_2015,1,0.9068666965090798
species_source_only,SZAXPI015218-16,YuJ_2015,1,0.7938304054776398
species_source_only,SZAXPI015219-129,YuJ_2015,1,0.5649770353707967
species_source_only,SZAXPI015220-136,YuJ_2015,1,0.409556648439029
species_source_only,SZAXPI015221-142,YuJ_2015,1,0.6468893778720203
species_source_only,SZAXPI015222-123,YuJ_2015,1,0.7281569449981652
species_source_only,SZAXPI015223-158,YuJ_2015,1,0.43515921246596867
species_source_only,SZAXPI015224-13,YuJ_2015,1,0.5107770060077308
species_source_only,SZAXPI015225-18,YuJ_2015,1,0.555350892613601
species_source_only,SZAXPI015226-14,YuJ_2015,1,0.8848031940990008
species_source_only,SZAXPI015227-13,YuJ_2015,0,0.42636671747940547
species_source_only,SZAXPI015228-14,YuJ_2015,0,0.5322446120858543
species_source_only,SZAXPI015229-15,YuJ_2015,0,0.43325429588223796
species_source_only,SZAXPI015230-16,YuJ_2015,0,0.34760234479397467
species_source_only,SZAXPI015231-17,YuJ_2015,0,0.421216361121214
species_source_only,SZAXPI015232-18,YuJ_2015,0,0.4342786139391208
species_source_only,SZAXPI015233-19,YuJ_2015,0,0.479306254561395
species_source_only,SZAXPI015234-20,YuJ_2015,0,0.4978175083015186
species_source_only,SZAXPI015235-21,YuJ_2015,0,0.44393116837825225
species_source_only,SZAXPI015237-23,YuJ_2015,1,0.8376426399810903
species_source_only,SZAXPI015238-24,YuJ_2015,0,0.3225484691394385
species_source_only,SZAXPI015239-25,YuJ_2015,0,0.35619831762846976
species_source_only,SZAXPI015240-26,YuJ_2015,0,0.6701389657682575
species_source_only,SZAXPI015241-27,YuJ_2015,0,0.4081441771341747
species_source_only,SZAXPI015242-30,YuJ_2015,0,0.27980574650746143
species_source_only,SZAXPI015243-31,YuJ_2015,0,0.4230924658303953
species_source_only,SZAXPI015244-32,YuJ_2015,0,0.4465126136211453
species_source_only,SZAXPI015245-33,YuJ_2015,0,0.3336621789050163
species_source_only,SZAXPI015246-34,YuJ_2015,0,0.45095993548262425
species_source_only,SZAXPI015247-35,YuJ_2015,0,0.5032219181968088
species_source_only,SZAXPI015248-36,YuJ_2015,0,0.22143575542311125
species_source_only,SZAXPI015249-37,YuJ_2015,0,0.3260196524290254
species_source_only,SZAXPI015250-39,YuJ_2015,0,0.8538070191342293
species_source_only,SZAXPI015251-41,YuJ_2015,0,0.4693593348872248
species_source_only,SZAXPI015252-43,YuJ_2015,0,0.31502516417451676
species_source_only,SZAXPI015253-44,YuJ_2015,0,0.5865480210269565
species_source_only,SZAXPI015254-45,YuJ_2015,0,0.5304090821509736
species_source_only,SZAXPI015255-46,YuJ_2015,0,0.3540733721784169
species_source_only,SZAXPI015256-47,YuJ_2015,0,0.5713098972361117
species_source_only,SZAXPI015257-56,YuJ_2015,0,0.4131562709420594
species_source_only,SZAXPI015258-57,YuJ_2015,0,0.369509169584417
species_source_only,SZAXPI015259-62,YuJ_2015,0,0.38815829511617017
species_source_only,SZAXPI015260-74,YuJ_2015,0,0.46115972669448796
species_source_only,SZAXPI015261-75,YuJ_2015,0,0.5727078764414257
species_source_only,SZAXPI015262-79,YuJ_2015,0,0.4389063323316146
species_source_only,SZAXPI015263-84,YuJ_2015,0,0.3251210425909438
species_source_only,SZAXPI015264-87,YuJ_2015,0,0.40880464544108014
species_source_only,SZAXPI015265-88,YuJ_2015,0,0.43052884586653684
species_source_only,SZAXPI015266-89,YuJ_2015,0,0.2588117101966611
species_source_only,SZAXPI015267-102,YuJ_2015,0,0.3957641879419459
species_source_only,SZAXPI015268-109,YuJ_2015,0,0.507467957785666
species_source_only,SZAXPI015269-94,YuJ_2015,0,0.44447058494276914
species_source_only,SZAXPI015270-90,YuJ_2015,0,0.37902865562232535
species_source_only,SZAXPI015271-93,YuJ_2015,0,0.44028385187559554
species_source_only,SZAXPI015272-108,YuJ_2015,0,0.33554043202764083
species_source_only,SZAXPI015273-95,YuJ_2015,0,0.6270943148215101
species_source_only,SZAXPI015274-111,YuJ_2015,0,0.5118427617478102
species_source_only,SZAXPI017451-16,YuJ_2015,1,0.521522296366336
species_source_only,SZAXPI017452-17,YuJ_2015,1,0.7157832445317837
species_source_only,SZAXPI017453-19,YuJ_2015,1,0.8832463770230604
species_source_only,SZAXPI017454-20,YuJ_2015,1,0.6528324010999615
species_source_only,SZAXPI017455-21,YuJ_2015,1,0.6438823858655723
species_source_only,SZAXPI017456-23,YuJ_2015,1,0.5163351599553242
species_source_only,SZAXPI017457-24,YuJ_2015,1,0.4898497245876198
species_source_only,SZAXPI017458-25,YuJ_2015,1,0.3766470576993043
species_source_only,SZAXPI017459-26,YuJ_2015,1,0.35704889172865156
species_source_only,SZAXPI017460-27,YuJ_2015,1,0.6195889415672443
species_source_only,SZAXPI017461-32,YuJ_2015,1,0.6726949096973261
species_source_only,SZAXPI017462-33,YuJ_2015,1,0.3906835462771664
species_source_only,SZAXPI017463-36,YuJ_2015,1,0.8095496598155794
species_source_only,SZAXPI017464-37,YuJ_2015,1,0.8382918371544982
species_source_only,SZAXPI017465-43,YuJ_2015,1,0.5360949120544142
species_source_only,SZAXPI017466-84,YuJ_2015,1,0.8302342681609457
species_source_only,SZAXPI017467-87,YuJ_2015,1,0.34195782050437495
species_source_only,SZAXPI017468-88,YuJ_2015,1,0.8358602922693351
species_source_only,SZAXPI017580-90,YuJ_2015,1,0.6486300016483822
species_source_only,SZAXPI017581-93,YuJ_2015,1,0.8220043467846149
species_source_only,SZAXPI017582-94,YuJ_2015,1,0.8447267454833606
species_source_only,SZAXPI017583-102,YuJ_2015,1,0.8324084480922279
species_source_only,SZAXPI017584-108,YuJ_2015,1,0.8946392939453712
species_source_only,SZAXPI017585-109,YuJ_2015,1,0.49892581243192785
species_source_only,SZAXPI017586-111,YuJ_2015,1,0.8277464579371261
species_source_only,SZAXPI017587-113,YuJ_2015,1,0.609543298929557
species_source_only,SZAXPI017588-123,YuJ_2015,1,0.6368727383908064
species_source_only,SZAXPI017589-133,YuJ_2015,1,0.7607017394322254
species_source_only,SZAXPI017590-136,YuJ_2015,1,0.679698417985093
species_source_only,SZAXPI017591-140,YuJ_2015,0,0.30248258260125566
species_source_only,SZAXPI017592-142,YuJ_2015,0,0.4919276287507672
species_source_only,SZAXPI017593-158,YuJ_2015,1,0.5331438614420188
species_source_only,SZAXPI017594-166,YuJ_2015,1,0.5655566495360059
species_source_only,SZAXPI017595-169,YuJ_2015,1,0.8420907138481402
stratified_source_only,SZAXPI003409-8,YuJ_2015,1,0.8002264673318064
stratified_source_only,SZAXPI003410-3,YuJ_2015,1,0.8139282179727794
stratified_source_only,SZAXPI003411-6,YuJ_2015,1,0.6917805550158805
stratified_source_only,SZAXPI003412-1,YuJ_2015,1,0.7460189487991459
stratified_source_only,SZAXPI003413-4,YuJ_2015,1,0.7844837663580313
stratified_source_only,SZAXPI003414-3,YuJ_2015,1,0.5820187850821867
stratified_source_only,SZAXPI003415-12,YuJ_2015,1,0.608436193730582
stratified_source_only,SZAXPI003416-4,YuJ_2015,1,0.7670916664594545
stratified_source_only,SZAXPI003417-4,YuJ_2015,0,0.575942273067409
stratified_source_only,SZAXPI003418-8,YuJ_2015,1,0.6895269975859284
stratified_source_only,SZAXPI003419-6,YuJ_2015,0,0.2675738088665607
stratified_source_only,SZAXPI003420-4,YuJ_2015,1,0.675554748489906
stratified_source_only,SZAXPI003421-5,YuJ_2015,1,0.5412018440720496
stratified_source_only,SZAXPI003422-11,YuJ_2015,1,0.8223843265419732
stratified_source_only,SZAXPI003423-8,YuJ_2015,1,0.6228634092819201
stratified_source_only,SZAXPI003424-12,YuJ_2015,1,0.6144677237017183
stratified_source_only,SZAXPI003425-1,YuJ_2015,1,0.5703969973126877
stratified_source_only,SZAXPI003426-11,YuJ_2015,1,0.7525184577895393
stratified_source_only,SZAXPI003427-1,YuJ_2015,0,0.5940190646028632
stratified_source_only,SZAXPI003428-6,YuJ_2015,1,0.7616584040939746
stratified_source_only,SZAXPI003429-3,YuJ_2015,0,0.4114768837436371
stratified_source_only,SZAXPI003430-5,YuJ_2015,1,0.32571850177785167
stratified_source_only,SZAXPI003431-1,YuJ_2015,1,0.6755642928289597
stratified_source_only,SZAXPI003432-12,YuJ_2015,1,0.6609931635371964
stratified_source_only,SZAXPI003433-7,YuJ_2015,0,0.6247530850770071
stratified_source_only,SZAXPI003434-7,YuJ_2015,1,0.6418071452366129
stratified_source_only,SZAXPI003435-11,YuJ_2015,1,0.7535329308652495
stratified_source_only,SZAXPI003436-7,YuJ_2015,1,0.6379024030705841
stratified_source_only,SZAXPI003437-3,YuJ_2015,1,0.4795634818764302
stratified_source_only,SZAXPI015209-133,YuJ_2015,1,0.6473258324600609
stratified_source_only,SZAXPI015210-17,YuJ_2015,1,0.4142558641616828
stratified_source_only,SZAXPI015211-166,YuJ_2015,1,0.6371646789996467
stratified_source_only,SZAXPI015212-113,YuJ_2015,0,0.4255369199677532
stratified_source_only,SZAXPI015213-15,YuJ_2015,1,0.5234764097736454
stratified_source_only,SZAXPI015214-19,YuJ_2015,1,0.6530075420158731
stratified_source_only,SZAXPI015215-20,YuJ_2015,1,0.590962315239527
stratified_source_only,SZAXPI015216-169,YuJ_2015,1,0.6497451832257486
stratified_source_only,SZAXPI015217-140,YuJ_2015,1,0.8655343114571756
stratified_source_only,SZAXPI015218-16,YuJ_2015,1,0.710676488045056
stratified_source_only,SZAXPI015219-129,YuJ_2015,1,0.5425949805402929
stratified_source_only,SZAXPI015220-136,YuJ_2015,1,0.37003197688478884
stratified_source_only,SZAXPI015221-142,YuJ_2015,1,0.6631852481659314
stratified_source_only,SZAXPI015222-123,YuJ_2015,1,0.6890373183651755
stratified_source_only,SZAXPI015223-158,YuJ_2015,1,0.4497290994571936
stratified_source_only,SZAXPI015224-13,YuJ_2015,1,0.36667754121759033
stratified_source_only,SZAXPI015225-18,YuJ_2015,1,0.5748114365180285
stratified_source_only,SZAXPI015226-14,YuJ_2015,1,0.6973795040849052
stratified_source_only,SZAXPI015227-13,YuJ_2015,0,0.5307359113272835
stratified_source_only,SZAXPI015228-14,YuJ_2015,0,0.52339175359768
stratified_source_only,SZAXPI015229-15,YuJ_2015,0,0.576075892542781
stratified_source_only,SZAXPI015230-16,YuJ_2015,0,0.33709812960989305
stratified_source_only,SZAXPI015231-17,YuJ_2015,0,0.4834338527879197
stratified_source_only,SZAXPI015232-18,YuJ_2015,0,0.5420360395737506
stratified_source_only,SZAXPI015233-19,YuJ_2015,0,0.47762416586686046
stratified_source_only,SZAXPI015234-20,YuJ_2015,0,0.498816071940598
stratified_source_only,SZAXPI015235-21,YuJ_2015,0,0.4162156273976339
stratified_source_only,SZAXPI015237-23,YuJ_2015,1,0.8390439953236982
stratified_source_only,SZAXPI015238-24,YuJ_2015,0,0.4588420397542206
stratified_source_only,SZAXPI015239-25,YuJ_2015,0,0.4209897770985119
stratified_source_only,SZAXPI015240-26,YuJ_2015,0,0.5946439544908795
stratified_source_only,SZAXPI015241-27,YuJ_2015,0,0.41829349860492715
stratified_source_only,SZAXPI015242-30,YuJ_2015,0,0.24143680525830868
stratified_source_only,SZAXPI015243-31,YuJ_2015,0,0.6434435945101825
stratified_source_only,SZAXPI015244-32,YuJ_2015,0,0.5375253265749773
stratified_source_only,SZAXPI015245-33,YuJ_2015,0,0.3812912371838444
stratified_source_only,SZAXPI015246-34,YuJ_2015,0,0.5177218105787676
stratified_source_only,SZAXPI015247-35,YuJ_2015,0,0.49917454594103877
stratified_source_only,SZAXPI015248-36,YuJ_2015,0,0.24743272439923744
stratified_source_only,SZAXPI015249-37,YuJ_2015,0,0.37185376811267085
stratified_source_only,SZAXPI015250-39,YuJ_2015,0,0.7198883271831328
stratified_source_only,SZAXPI015251-41,YuJ_2015,0,0.5917103064938551
stratified_source_only,SZAXPI015252-43,YuJ_2015,0,0.34088302236345497
stratified_source_only,SZAXPI015253-44,YuJ_2015,0,0.49561643481611045
stratified_source_only,SZAXPI015254-45,YuJ_2015,0,0.6445676811303702
stratified_source_only,SZAXPI015255-46,YuJ_2015,0,0.45478984889815305
stratified_source_only,SZAXPI015256-47,YuJ_2015,0,0.6083837990174473
stratified_source_only,SZAXPI015257-56,YuJ_2015,0,0.4638604306089954
stratified_source_only,SZAXPI015258-57,YuJ_2015,0,0.366773689398282
stratified_source_only,SZAXPI015259-62,YuJ_2015,0,0.40688171437952797
stratified_source_only,SZAXPI015260-74,YuJ_2015,0,0.5018926024380779
stratified_source_only,SZAXPI015261-75,YuJ_2015,0,0.5496090530229896
stratified_source_only,SZAXPI015262-79,YuJ_2015,0,0.5331173291694354
stratified_source_only,SZAXPI015263-84,YuJ_2015,0,0.3755849178802111
stratified_source_only,SZAXPI015264-87,YuJ_2015,0,0.353193621273083
stratified_source_only,SZAXPI015265-88,YuJ_2015,0,0.4076991499899054
stratified_source_only,SZAXPI015266-89,YuJ_2015,0,0.3136317808287949
stratified_source_only,SZAXPI015267-102,YuJ_2015,0,0.5481258071287753
stratified_source_only,SZAXPI015268-109,YuJ_2015,0,0.5601349506198093
stratified_source_only,SZAXPI015269-94,YuJ_2015,0,0.49424600953705383
stratified_source_only,SZAXPI015270-90,YuJ_2015,0,0.43286077039318266
stratified_source_only,SZAXPI015271-93,YuJ_2015,0,0.43023958931081147
stratified_source_only,SZAXPI015272-108,YuJ_2015,0,0.45388886229170883
stratified_source_only,SZAXPI015273-95,YuJ_2015,0,0.5839169722128436
stratified_source_only,SZAXPI015274-111,YuJ_2015,0,0.4486607795930301
stratified_source_only,SZAXPI017451-16,YuJ_2015,1,0.6975096139827602
stratified_source_only,SZAXPI017452-17,YuJ_2015,1,0.550916009719485
stratified_source_only,SZAXPI017453-19,YuJ_2015,1,0.8904017195543035
stratified_source_only,SZAXPI017454-20,YuJ_2015,1,0.6819520005872586
stratified_source_only,SZAXPI017455-21,YuJ_2015,1,0.5859330693947545
stratified_source_only,SZAXPI017456-23,YuJ_2015,1,0.4490608973385374
stratified_source_only,SZAXPI017457-24,YuJ_2015,1,0.5421060903156222
stratified_source_only,SZAXPI017458-25,YuJ_2015,1,0.41895269986768413
stratified_source_only,SZAXPI017459-26,YuJ_2015,1,0.4287989356200286
stratified_source_only,SZAXPI017460-27,YuJ_2015,1,0.6597672346105401
stratified_source_only,SZAXPI017461-32,YuJ_2015,1,0.6648093999755882
stratified_source_only,SZAXPI017462-33,YuJ_2015,1,0.4925265556174155
stratified_source_only,SZAXPI017463-36,YuJ_2015,1,0.7422152635953971
stratified_source_only,SZAXPI017464-37,YuJ_2015,1,0.6187263699002106
stratified_source_only,SZAXPI017465-43,YuJ_2015,1,0.6306491296832968
stratified_source_only,SZAXPI017466-84,YuJ_2015,1,0.7107324392782112
stratified_source_only,SZAXPI017467-87,YuJ_2015,1,0.399660390862011
stratified_source_only,SZAXPI017468-88,YuJ_2015,1,0.46540828658599903
stratified_source_only,SZAXPI017580-90,YuJ_2015,1,0.600401193594308
stratified_source_only,SZAXPI017581-93,YuJ_2015,1,0.7571443498767257
stratified_source_only,SZAXPI017582-94,YuJ_2015,1,0.7776923158279725
stratified_source_only,SZAXPI017583-102,YuJ_2015,1,0.7484372232104541
stratified_source_only,SZAXPI017584-108,YuJ_2015,1,0.863094918155836
stratified_source_only,SZAXPI017585-109,YuJ_2015,1,0.4808444595285608
stratified_source_only,SZAXPI017586-111,YuJ_2015,1,0.676282015594711
stratified_source_only,SZAXPI017587-113,YuJ_2015,1,0.6686947473042355
stratified_source_only,SZAXPI017588-123,YuJ_2015,1,0.7072241585444313
stratified_source_only,SZAXPI017589-133,YuJ_2015,1,0.616650950614349
stratified_source_only,SZAXPI017590-136,YuJ_2015,1,0.5532608436331723
stratified_source_only,SZAXPI017591-140,YuJ_2015,0,0.39773165733726473
stratified_source_only,SZAXPI017592-142,YuJ_2015,0,0.4668826049956817
stratified_source_only,SZAXPI017593-158,YuJ_2015,1,0.5866831506168734
stratified_source_only,SZAXPI017594-166,YuJ_2015,1,0.5749307511032606
stratified_source_only,SZAXPI017595-169,YuJ_2015,1,0.7302236959149428
stratified_target_adaptive,SZAXPI003409-8,YuJ_2015,1,0.8109635868315088
stratified_target_adaptive,SZAXPI003410-3,YuJ_2015,1,0.7696199835946835
stratified_target_adaptive,SZAXPI003411-6,YuJ_2015,1,0.7296206038066915
stratified_target_adaptive,SZAXPI003412-1,YuJ_2015,1,0.7611375811034857
stratified_target_adaptive,SZAXPI003413-4,YuJ_2015,1,0.8156788216496383
stratified_target_adaptive,SZAXPI003414-3,YuJ_2015,1,0.5709324914921945
stratified_target_adaptive,SZAXPI003415-12,YuJ_2015,1,0.5627838125867312
stratified_target_adaptive,SZAXPI003416-4,YuJ_2015,1,0.7557786396399689
stratified_target_adaptive,SZAXPI003417-4,YuJ_2015,0,0.5469977996761203
stratified_target_adaptive,SZAXPI003418-8,YuJ_2015,1,0.7121545971077241
stratified_target_adaptive,SZAXPI003419-6,YuJ_2015,0,0.255534055454102
stratified_target_adaptive,SZAXPI003420-4,YuJ_2015,1,0.6441573048049025
stratified_target_adaptive,SZAXPI003421-5,YuJ_2015,1,0.4832713546722065
stratified_target_adaptive,SZAXPI003422-11,YuJ_2015,1,0.8200859050495244
stratified_target_adaptive,SZAXPI003423-8,YuJ_2015,1,0.5569767635162539
stratified_target_adaptive,SZAXPI003424-12,YuJ_2015,1,0.5442788733416023
stratified_target_adaptive,SZAXPI003425-1,YuJ_2015,1,0.5626048868503103
stratified_target_adaptive,SZAXPI003426-11,YuJ_2015,1,0.7605278876809296
stratified_target_adaptive,SZAXPI003427-1,YuJ_2015,0,0.5719995909137598
stratified_target_adaptive,SZAXPI003428-6,YuJ_2015,1,0.7584067458697645
stratified_target_adaptive,SZAXPI003429-3,YuJ_2015,0,0.3945000418262933
stratified_target_adaptive,SZAXPI003430-5,YuJ_2015,1,0.27690108043956213
stratified_target_adaptive,SZAXPI003431-1,YuJ_2015,1,0.6561376967869382
stratified_target_adaptive,SZAXPI003432-12,YuJ_2015,1,0.6271672365680365
stratified_target_adaptive,SZAXPI003433-7,YuJ_2015,0,0.6419944677010636
stratified_target_adaptive,SZAXPI003434-7,YuJ_2015,1,0.6322441118736344
stratified_target_adaptive,SZAXPI003435-11,YuJ_2015,1,0.8030822285545692
stratified_target_adaptive,SZAXPI003436-7,YuJ_2015,1,0.5781764659846178
stratified_target_adaptive,SZAXPI003437-3,YuJ_2015,1,0.43986258603409584
stratified_target_adaptive,SZAXPI015209-133,YuJ_2015,1,0.5622909897198365
stratified_target_adaptive,SZAXPI015210-17,YuJ_2015,1,0.3864463363818087
stratified_target_adaptive,SZAXPI015211-166,YuJ_2015,1,0.630800264326331
stratified_target_adaptive,SZAXPI015212-113,YuJ_2015,0,0.3803458278331898
stratified_target_adaptive,SZAXPI015213-15,YuJ_2015,1,0.49628860053377694
stratified_target_adaptive,SZAXPI015214-19,YuJ_2015,1,0.6361537505902517
stratified_target_adaptive,SZAXPI015215-20,YuJ_2015,1,0.5796449444123022
stratified_target_adaptive,SZAXPI015216-169,YuJ_2015,1,0.6345892828576191
stratified_target_adaptive,SZAXPI015217-140,YuJ_2015,1,0.8686561514456761
stratified_target_adaptive,SZAXPI015218-16,YuJ_2015,1,0.7140164829600318
stratified_target_adaptive,SZAXPI015219-129,YuJ_2015,1,0.5363520883835102
stratified_target_adaptive,SZAXPI015220-136,YuJ_2015,1,0.3482175451297186
stratified_target_adaptive,SZAXPI015221-142,YuJ_2015,1,0.6672931729368197
stratified_target_adaptive,SZAXPI015222-123,YuJ_2015,1,0.6873539545598313
stratified_target_adaptive,SZAXPI015223-158,YuJ_2015,1,0.4459907105731364
stratified_target_adaptive,SZAXPI015224-13,YuJ_2015,1,0.332026714235614
stratified_target_adaptive,SZAXPI015225-18,YuJ_2015,1,0.5212120593488517
stratified_target_adaptive,SZAXPI015226-14,YuJ_2015,1,0.7092577455043956
stratified_target_adaptive,SZAXPI015227-13,YuJ_2015,0,0.47204436364766195
stratified_target_adaptive,SZAXPI015228-14,YuJ_2015,0,0.4962013771239174
stratified_target_adaptive,SZAXPI015229-15,YuJ_2015,0,0.6160162825996798
stratified_target_adaptive,SZAXPI015230-16,YuJ_2015,0,0.29922005104564636
stratified_target_adaptive,SZAXPI015231-17,YuJ_2015,0,0.4556700821552725
stratified_target_adaptive,SZAXPI015232-18,YuJ_2015,0,0.5099323387888792
stratified_target_adaptive,SZAXPI015233-19,YuJ_2015,0,0.35202792741588607
stratified_target_adaptive,SZAXPI015234-20,YuJ_2015,0,0.41340563598675717
stratified_target_adaptive,SZAXPI015235-21,YuJ_2015,0,0.3943710418412495
stratified_target_adaptive,SZAXPI015237-23,YuJ_2015,1,0.8180732262901632
stratified_target_adaptive,SZAXPI015238-24,YuJ_2015,0,0.4184515649984657
stratified_target_adaptive,SZAXPI015239-25,YuJ_2015,0,0.43583668990841307
stratified_target_adaptive,SZAXPI015240-26,YuJ_2015,0,0.5986329183054604
stratified_target_adaptive,SZAXPI015241-27,YuJ_2015,0,0.3416665680694651
stratified_target_adaptive,SZAXPI015242-30,YuJ_2015,0,0.24109097445979358
stratified_target_adaptive,SZAXPI015243-31,YuJ_2015,0,0.6002765125810431
stratified_target_adaptive,SZAXPI015244-32,YuJ_2015,0,0.5533432528059153
stratified_target_adaptive,SZAXPI015245-33,YuJ_2015,0,0.3382184754164586
stratified_target_adaptive,SZAXPI015246-34,YuJ_2015,0,0.3828011470639916
stratified_target_adaptive,SZAXPI015247-35,YuJ_2015,0,0.48580894699672084
stratified_target_adaptive,SZAXPI015248-36,YuJ_2015,0,0.23718641962805884
stratified_target_adaptive,SZAXPI015249-37,YuJ_2015,0,0.3370383536707187
stratified_target_adaptive,SZAXPI015250-39,YuJ_2015,0,0.7401788582528213
stratified_target_adaptive,SZAXPI015251-41,YuJ_2015,0,0.6086535765715307
stratified_target_adaptive,SZAXPI015252-43,YuJ_2015,0,0.3217153392049469
stratified_target_adaptive,SZAXPI015253-44,YuJ_2015,0,0.43101360821383083
stratified_target_adaptive,SZAXPI015254-45,YuJ_2015,0,0.6188033527146726
stratified_target_adaptive,SZAXPI015255-46,YuJ_2015,0,0.36910932330174095
stratified_target_adaptive,SZAXPI015256-47,YuJ_2015,0,0.6081211390515816
stratified_target_adaptive,SZAXPI015257-56,YuJ_2015,0,0.45728025670912426
stratified_target_adaptive,SZAXPI015258-57,YuJ_2015,0,0.2985418760223407
stratified_target_adaptive,SZAXPI015259-62,YuJ_2015,0,0.318222778064345
stratified_target_adaptive,SZAXPI015260-74,YuJ_2015,0,0.4436584327672442
stratified_target_adaptive,SZAXPI015261-75,YuJ_2015,0,0.5333264839700222
stratified_target_adaptive,SZAXPI015262-79,YuJ_2015,0,0.5519376658765867
stratified_target_adaptive,SZAXPI015263-84,YuJ_2015,0,0.34031202898981705
stratified_target_adaptive,SZAXPI015264-87,YuJ_2015,0,0.3628397579544566
stratified_target_adaptive,SZAXPI015265-88,YuJ_2015,0,0.3604486564958691
stratified_target_adaptive,SZAXPI015266-89,YuJ_2015,0,0.25050817728595326
stratified_target_adaptive,SZAXPI015267-102,YuJ_2015,0,0.5667023082770294
stratified_target_adaptive,SZAXPI015268-109,YuJ_2015,0,0.5718733766257814
stratified_target_adaptive,SZAXPI015269-94,YuJ_2015,0,0.390862265813688
stratified_target_adaptive,SZAXPI015270-90,YuJ_2015,0,0.471626546417937
stratified_target_adaptive,SZAXPI015271-93,YuJ_2015,0,0.4097157771853423
stratified_target_adaptive,SZAXPI015272-108,YuJ_2015,0,0.44960317215284323
stratified_target_adaptive,SZAXPI015273-95,YuJ_2015,0,0.557007683762126
stratified_target_adaptive,SZAXPI015274-111,YuJ_2015,0,0.41351471350043273
stratified_target_adaptive,SZAXPI017451-16,YuJ_2015,1,0.6862340960920502
stratified_target_adaptive,SZAXPI017452-17,YuJ_2015,1,0.490449958015924
stratified_target_adaptive,SZAXPI017453-19,YuJ_2015,1,0.9353661739017675
stratified_target_adaptive,SZAXPI017454-20,YuJ_2015,1,0.7001716701189145
stratified_target_adaptive,SZAXPI017455-21,YuJ_2015,1,0.5859495997770592
stratified_target_adaptive,SZAXPI017456-23,YuJ_2015,1,0.45293422178551757
stratified_target_adaptive,SZAXPI017457-24,YuJ_2015,1,0.5186075792968253
stratified_target_adaptive,SZAXPI017458-25,YuJ_2015,1,0.37207105815066827
stratified_target_adaptive,SZAXPI017459-26,YuJ_2015,1,0.4068396565084824
stratified_target_adaptive,SZAXPI017460-27,YuJ_2015,1,0.6742742918818514
stratified_target_adaptive,SZAXPI017461-32,YuJ_2015,1,0.6551308906227735
stratified_target_adaptive,SZAXPI017462-33,YuJ_2015,1,0.5026420213201208
stratified_target_adaptive,SZAXPI017463-36,YuJ_2015,1,0.7760925453356132
stratified_target_adaptive,SZAXPI017464-37,YuJ_2015,1,0.6467177927111922
stratified_target_adaptive,SZAXPI017465-43,YuJ_2015,1,0.5990104815354823
stratified_target_adaptive,SZAXPI017466-84,YuJ_2015,1,0.7316465712666758
stratified_target_adaptive,SZAXPI017467-87,YuJ_2015,1,0.40031947435785675
stratified_target_adaptive,SZAXPI017468-88,YuJ_2015,1,0.45669646527020913
stratified_target_adaptive,SZAXPI017580-90,YuJ_2015,1,0.6272788338957604
stratified_target_adaptive,SZAXPI017581-93,YuJ_2015,1,0.8191011731069018
stratified_target_adaptive,SZAXPI017582-94,YuJ_2015,1,0.803777540219061
stratified_target_adaptive,SZAXPI017583-102,YuJ_2015,1,0.727254116532375
stratified_target_adaptive,SZAXPI017584-108,YuJ_2015,1,0.8893391823839528
stratified_target_adaptive,SZAXPI017585-109,YuJ_2015,1,0.43360003034146977
stratified_target_adaptive,SZAXPI017586-111,YuJ_2015,1,0.6604039785943869
stratified_target_adaptive,SZAXPI017587-113,YuJ_2015,1,0.6422042389173384
stratified_target_adaptive,SZAXPI017588-123,YuJ_2015,1,0.644170668220368
stratified_target_adaptive,SZAXPI017589-133,YuJ_2015,1,0.555598908292333
stratified_target_adaptive,SZAXPI017590-136,YuJ_2015,1,0.5968820223771263
stratified_target_adaptive,SZAXPI017591-140,YuJ_2015,0,0.3769978484245713
stratified_target_adaptive,SZAXPI017592-142,YuJ_2015,0,0.39777362847780323
stratified_target_adaptive,SZAXPI017593-158,YuJ_2015,1,0.5762581973183835
stratified_target_adaptive,SZAXPI017594-166,YuJ_2015,1,0.5516403742009519
stratified_target_adaptive,SZAXPI017595-169,YuJ_2015,1,0.6976390033437271
species_source_only,CCIS00146684ST-4-0,ZellerG_2014,0,0.45306296186895034
species_source_only,CCIS00281083ST-3-0,ZellerG_2014,0,0.3015987316386437
species_source_only,CCIS02124300ST-4-0,ZellerG_2014,0,0.48157953923440994
species_source_only,CCIS02379307ST-4-0,ZellerG_2014,1,0.8246791508463804
species_source_only,CCIS02856720ST-4-0,ZellerG_2014,0,0.4674117097160531
species_source_only,CCIS03473770ST-4-0,ZellerG_2014,0,0.593290520786453
species_source_only,CCIS03857607ST-4-0,ZellerG_2014,0,0.5338585889996886
species_source_only,CCIS05314658ST-4-0,ZellerG_2014,0,0.39640160625292337
species_source_only,CCIS06260551ST-3-0,ZellerG_2014,1,0.6609502176989939
species_source_only,CCIS07277498ST-4-0,ZellerG_2014,0,0.35509642285420334
species_source_only,CCIS07539127ST-4-0,ZellerG_2014,0,0.5278042898907528
species_source_only,CCIS07648107ST-4-0,ZellerG_2014,0,0.5103489618135604
species_source_only,CCIS09568613ST-4-0,ZellerG_2014,0,0.605623173277717
species_source_only,CCIS10706551ST-3-0,ZellerG_2014,0,0.16417103170632746
species_source_only,CCIS11015875ST-4-0,ZellerG_2014,1,0.8141176494788726
species_source_only,CCIS11354283ST-4-0,ZellerG_2014,0,0.4930978727669218
species_source_only,CCIS11362406ST-4-0,ZellerG_2014,0,0.714803920394589
species_source_only,CCIS11558985ST-4-0,ZellerG_2014,0,0.3580364935160822
species_source_only,CCIS12370844ST-4-0,ZellerG_2014,1,0.49104310340778545
species_source_only,CCIS12656533ST-4-0,ZellerG_2014,1,0.7570624352165697
species_source_only,CCIS13047523ST-4-0,ZellerG_2014,0,0.5952345518011709
species_source_only,CCIS14449628ST-4-0,ZellerG_2014,1,0.8498170393519648
species_source_only,CCIS15704761ST-4-0,ZellerG_2014,1,0.5541435129497166
species_source_only,CCIS15794887ST-4-0,ZellerG_2014,0,0.41434364922228556
species_source_only,CCIS16326685ST-4-0,ZellerG_2014,0,0.5666581831756727
species_source_only,CCIS16383318ST-4-0,ZellerG_2014,0,0.6632116610488319
species_source_only,CCIS16561622ST-4-0,ZellerG_2014,0,0.6384487806254019
species_source_only,CCIS17669415ST-4-0,ZellerG_2014,1,0.7456501126030645
species_source_only,CCIS20795251ST-4-0,ZellerG_2014,0,0.41083608073231226
species_source_only,CCIS21126322ST-4-0,ZellerG_2014,0,0.35959196247367053
species_source_only,CCIS21278152ST-4-0,ZellerG_2014,1,0.8156360423459676
species_source_only,CCIS22416007ST-4-0,ZellerG_2014,1,0.4878496997126291
species_source_only,CCIS22958137ST-20-0,ZellerG_2014,1,0.8508466839872237
species_source_only,CCIS23164343ST-4-0,ZellerG_2014,0,0.3171552353018301
species_source_only,CCIS24254057ST-4-0,ZellerG_2014,1,0.6183936691572515
species_source_only,CCIS27304052ST-3-0,ZellerG_2014,0,0.3869314445717903
species_source_only,CCIS27927933ST-4-0,ZellerG_2014,0,0.6000318826456048
species_source_only,CCIS29210128ST-4-0,ZellerG_2014,0,0.4420647074231941
species_source_only,CCIS29688262ST-20-0,ZellerG_2014,0,0.6851305918306193
species_source_only,CCIS32452666ST-4-0,ZellerG_2014,0,0.43392973467778895
species_source_only,CCIS33816588ST-4-0,ZellerG_2014,1,0.8856627652460071
species_source_only,CCIS34055159ST-4-0,ZellerG_2014,1,0.8073020461577713
species_source_only,CCIS34604008ST-4-0,ZellerG_2014,0,0.48561363873856855
species_source_only,CCIS35100175ST-4-0,ZellerG_2014,1,0.8317194769883063
species_source_only,CCIS36699628ST-4-0,ZellerG_2014,0,0.4223706280056901
species_source_only,CCIS36797902ST-4-0,ZellerG_2014,0,0.7320168747913665
species_source_only,CCIS38765456ST-20-0,ZellerG_2014,1,0.858861912657742
species_source_only,CCIS40244499ST-3-0,ZellerG_2014,1,0.837954864288135
species_source_only,CCIS41222843ST-4-0,ZellerG_2014,1,0.4665171266497098
species_source_only,CCIS41288781ST-4-0,ZellerG_2014,1,0.5675759136015783
species_source_only,CCIS41548810ST-4-0,ZellerG_2014,1,0.40916226079684687
species_source_only,CCIS41692898ST-4-0,ZellerG_2014,0,0.5611135364306133
species_source_only,CCIS44093303ST-4-0,ZellerG_2014,0,0.5256688596182425
species_source_only,CCIS44757994ST-4-0,ZellerG_2014,1,0.49350440806979595
species_source_only,CCIS45571137ST-3-0,ZellerG_2014,0,0.45013528756204424
species_source_only,CCIS45793747ST-4-0,ZellerG_2014,0,0.5350535075430514
species_source_only,CCIS46047672ST-4-0,ZellerG_2014,1,0.6275275777111262
species_source_only,CCIS46467422ST-4-0,ZellerG_2014,1,0.2272148709841047
species_source_only,CCIS47284573ST-4-0,ZellerG_2014,1,0.37805836853858993
species_source_only,CCIS48174381ST-4-0,ZellerG_2014,0,0.5947824774447633
species_source_only,CCIS48725289ST-4-0,ZellerG_2014,1,0.36321472166176555
species_source_only,CCIS50003399ST-4-0,ZellerG_2014,0,0.2791545820275052
species_source_only,CCIS50148151ST-4-0,ZellerG_2014,1,0.6491742884508768
species_source_only,CCIS50471204ST-4-0,ZellerG_2014,0,0.5635841909452389
species_source_only,CCIS51595129ST-4-0,ZellerG_2014,0,0.40062535030570445
species_source_only,CCIS52370277ST-4-0,ZellerG_2014,1,0.7020056922707463
species_source_only,CCIS53043478ST-4-0,ZellerG_2014,1,0.8334025630441857
species_source_only,CCIS53355328ST-4-0,ZellerG_2014,1,0.6629431144926502
species_source_only,CCIS55230578ST-4-0,ZellerG_2014,1,0.7324221588039171
species_source_only,CCIS58234805ST-4-0,ZellerG_2014,1,0.876420594470554
species_source_only,CCIS59132091ST-4-0,ZellerG_2014,1,0.5858149886588176
species_source_only,CCIS61287323ST-4-0,ZellerG_2014,1,0.7644437796944625
species_source_only,CCIS62605362ST-3-0,ZellerG_2014,1,0.8549346402802142
species_source_only,CCIS62794166ST-4-0,ZellerG_2014,1,0.45013465206616904
species_source_only,CCIS63448910ST-4-0,ZellerG_2014,0,0.6664340230945499
species_source_only,CCIS63468405ST-4-0,ZellerG_2014,0,0.6007172794152511
species_source_only,CCIS63910149ST-4-0,ZellerG_2014,0,0.4171568021186515
species_source_only,CCIS64773582ST-4-0,ZellerG_2014,0,0.38595209758477045
species_source_only,CCIS64785924ST-20-0,ZellerG_2014,0,0.34558609347118185
species_source_only,CCIS65479369ST-4-0,ZellerG_2014,1,0.8395756868028398
species_source_only,CCIS71301801ST-4-0,ZellerG_2014,1,0.8297657150809723
species_source_only,CCIS71578391ST-4-0,ZellerG_2014,0,0.5345801990938472
species_source_only,CCIS72607085ST-4-0,ZellerG_2014,1,0.518129142282008
species_source_only,CCIS74239020ST-4-0,ZellerG_2014,0,0.5343142951618586
species_source_only,CCIS76845094ST-20-0,ZellerG_2014,1,0.8130988458917894
species_source_only,CCIS77252613ST-4-0,ZellerG_2014,1,0.6927743673551529
species_source_only,CCIS78100604ST-4-0,ZellerG_2014,0,0.42554250577969877
species_source_only,CCIS78318719ST-4-0,ZellerG_2014,1,0.5182574199595265
species_source_only,CCIS79210440ST-3-0,ZellerG_2014,0,0.6430137978309549
species_source_only,CCIS80834637ST-4-0,ZellerG_2014,0,0.560125750688289
species_source_only,CCIS81139242ST-4-0,ZellerG_2014,0,0.6587699651542563
species_source_only,CCIS81887263ST-4-0,ZellerG_2014,1,0.7067278990734546
species_source_only,CCIS82146115ST-4-0,ZellerG_2014,1,0.5507260528604331
species_source_only,CCIS82507866ST-3-0,ZellerG_2014,0,0.37531401523248037
species_source_only,CCIS82944710ST-20-0,ZellerG_2014,0,0.318802109703846
species_source_only,CCIS83870198ST-4-0,ZellerG_2014,1,0.3673291178495189
species_source_only,CCIS84543192ST-4-0,ZellerG_2014,1,0.5851910935542388
species_source_only,CCIS85214191ST-3-0,ZellerG_2014,1,0.6480795536038043
species_source_only,CCIS87116798ST-4-0,ZellerG_2014,1,0.7524077321346095
species_source_only,CCIS87167916ST-4-0,ZellerG_2014,1,0.5381813862902356
species_source_only,CCIS87252800ST-4-0,ZellerG_2014,1,0.6705022370428222
species_source_only,CCIS87605453ST-4-0,ZellerG_2014,1,0.5618142732866298
species_source_only,CCIS88007743ST-4-0,ZellerG_2014,0,0.6733997867648867
species_source_only,CCIS88317640ST-4-0,ZellerG_2014,0,0.7794286662880784
species_source_only,CCIS90164298ST-4-0,ZellerG_2014,0,0.3719176401045111
species_source_only,CCIS91228662ST-4-0,ZellerG_2014,1,0.7838427892245984
species_source_only,CCIS93040568ST-20-0,ZellerG_2014,0,0.4291743959517932
species_source_only,CCIS94417875ST-3-0,ZellerG_2014,0,0.3084721618152645
species_source_only,CCIS94603952ST-4-0,ZellerG_2014,0,0.26376437749226567
species_source_only,CCIS95097901ST-4-0,ZellerG_2014,0,0.4453678516090384
species_source_only,CCIS95409808ST-4-0,ZellerG_2014,0,0.5196358075778812
species_source_only,CCIS98482370ST-3-0,ZellerG_2014,0,0.28126772067150385
species_source_only,CCIS98512455ST-4-0,ZellerG_2014,1,0.6776529334530257
species_source_only,CCIS98832363ST-4-0,ZellerG_2014,1,0.47448481443271584
stratified_source_only,CCIS00146684ST-4-0,ZellerG_2014,0,0.4272447692239159
stratified_source_only,CCIS00281083ST-3-0,ZellerG_2014,0,0.24911596237085668
stratified_source_only,CCIS02124300ST-4-0,ZellerG_2014,0,0.4927442231378299
stratified_source_only,CCIS02379307ST-4-0,ZellerG_2014,1,0.5989278941424039
stratified_source_only,CCIS02856720ST-4-0,ZellerG_2014,0,0.4442775460965867
stratified_source_only,CCIS03473770ST-4-0,ZellerG_2014,0,0.5099020680281863
stratified_source_only,CCIS03857607ST-4-0,ZellerG_2014,0,0.4646350155339909
stratified_source_only,CCIS05314658ST-4-0,ZellerG_2014,0,0.37137948941762006
stratified_source_only,CCIS06260551ST-3-0,ZellerG_2014,1,0.7176392180580073
stratified_source_only,CCIS07277498ST-4-0,ZellerG_2014,0,0.3661376852627084
stratified_source_only,CCIS07539127ST-4-0,ZellerG_2014,0,0.493615138406701
stratified_source_only,CCIS07648107ST-4-0,ZellerG_2014,0,0.4364365030521946
stratified_source_only,CCIS09568613ST-4-0,ZellerG_2014,0,0.5984482826280468
stratified_source_only,CCIS10706551ST-3-0,ZellerG_2014,0,0.19118007464085948
stratified_source_only,CCIS11015875ST-4-0,ZellerG_2014,1,0.6953765040275275
stratified_source_only,CCIS11354283ST-4-0,ZellerG_2014,0,0.4701937383821646
stratified_source_only,CCIS11362406ST-4-0,ZellerG_2014,0,0.5969844275830831
stratified_source_only,CCIS11558985ST-4-0,ZellerG_2014,0,0.4090629244389102
stratified_source_only,CCIS12370844ST-4-0,ZellerG_2014,1,0.5030063680789767
stratified_source_only,CCIS12656533ST-4-0,ZellerG_2014,1,0.7512183422197118
stratified_source_only,CCIS13047523ST-4-0,ZellerG_2014,0,0.366975429909651
stratified_source_only,CCIS14449628ST-4-0,ZellerG_2014,1,0.7164637004916322
stratified_source_only,CCIS15704761ST-4-0,ZellerG_2014,1,0.4679083452397327
stratified_source_only,CCIS15794887ST-4-0,ZellerG_2014,0,0.4782280583976644
stratified_source_only,CCIS16326685ST-4-0,ZellerG_2014,0,0.4954385457316931
stratified_source_only,CCIS16383318ST-4-0,ZellerG_2014,0,0.6067990896820806
stratified_source_only,CCIS16561622ST-4-0,ZellerG_2014,0,0.5814078641600998
stratified_source_only,CCIS17669415ST-4-0,ZellerG_2014,1,0.5335868548148828
stratified_source_only,CCIS20795251ST-4-0,ZellerG_2014,0,0.4801244913792305
stratified_source_only,CCIS21126322ST-4-0,ZellerG_2014,0,0.3419143513636223
stratified_source_only,CCIS21278152ST-4-0,ZellerG_2014,1,0.7283754934289987
stratified_source_only,CCIS22416007ST-4-0,ZellerG_2014,1,0.4537397401305925
stratified_source_only,CCIS22958137ST-20-0,ZellerG_2014,1,0.6666872447044225
stratified_source_only,CCIS23164343ST-4-0,ZellerG_2014,0,0.45920648737475056
stratified_source_only,CCIS24254057ST-4-0,ZellerG_2014,1,0.6736192369546627
stratified_source_only,CCIS27304052ST-3-0,ZellerG_2014,0,0.4599092584252424
stratified_source_only,CCIS27927933ST-4-0,ZellerG_2014,0,0.5581820139846593
stratified_source_only,CCIS29210128ST-4-0,ZellerG_2014,0,0.5458416024076977
stratified_source_only,CCIS29688262ST-20-0,ZellerG_2014,0,0.5453224874386751
stratified_source_only,CCIS32452666ST-4-0,ZellerG_2014,0,0.45941397901004527
stratified_source_only,CCIS33816588ST-4-0,ZellerG_2014,1,0.8840259945384202
stratified_source_only,CCIS34055159ST-4-0,ZellerG_2014,1,0.734970861549365
stratified_source_only,CCIS34604008ST-4-0,ZellerG_2014,0,0.44535943244867704
stratified_source_only,CCIS35100175ST-4-0,ZellerG_2014,1,0.8169302738861507
stratified_source_only,CCIS36699628ST-4-0,ZellerG_2014,0,0.41917898536568715
stratified_source_only,CCIS36797902ST-4-0,ZellerG_2014,0,0.7260545914839921
stratified_source_only,CCIS38765456ST-20-0,ZellerG_2014,1,0.7423915652288791
stratified_source_only,CCIS40244499ST-3-0,ZellerG_2014,1,0.6562688565056445
stratified_source_only,CCIS41222843ST-4-0,ZellerG_2014,1,0.48253388020407606
stratified_source_only,CCIS41288781ST-4-0,ZellerG_2014,1,0.6600806769935893
stratified_source_only,CCIS41548810ST-4-0,ZellerG_2014,1,0.3938830594575272
stratified_source_only,CCIS41692898ST-4-0,ZellerG_2014,0,0.48484669987959533
stratified_source_only,CCIS44093303ST-4-0,ZellerG_2014,0,0.5167336827644513
stratified_source_only,CCIS44757994ST-4-0,ZellerG_2014,1,0.6147234344198781
stratified_source_only,CCIS45571137ST-3-0,ZellerG_2014,0,0.3482547824455665
stratified_source_only,CCIS45793747ST-4-0,ZellerG_2014,0,0.48431724507026674
stratified_source_only,CCIS46047672ST-4-0,ZellerG_2014,1,0.5897452842714114
stratified_source_only,CCIS46467422ST-4-0,ZellerG_2014,1,0.2399060464795327
stratified_source_only,CCIS47284573ST-4-0,ZellerG_2014,1,0.4106893406666257
stratified_source_only,CCIS48174381ST-4-0,ZellerG_2014,0,0.6448995845784207
stratified_source_only,CCIS48725289ST-4-0,ZellerG_2014,1,0.44465871327998413
stratified_source_only,CCIS50003399ST-4-0,ZellerG_2014,0,0.40523284889223476
stratified_source_only,CCIS50148151ST-4-0,ZellerG_2014,1,0.614896531958202
stratified_source_only,CCIS50471204ST-4-0,ZellerG_2014,0,0.5522858741545551
stratified_source_only,CCIS51595129ST-4-0,ZellerG_2014,0,0.3941525315321609
stratified_source_only,CCIS52370277ST-4-0,ZellerG_2014,1,0.6483626913632208
stratified_source_only,CCIS53043478ST-4-0,ZellerG_2014,1,0.7695121138344904
stratified_source_only,CCIS53355328ST-4-0,ZellerG_2014,1,0.6629633838386599
stratified_source_only,CCIS55230578ST-4-0,ZellerG_2014,1,0.6341519805956163
stratified_source_only,CCIS58234805ST-4-0,ZellerG_2014,1,0.8080507875736732
stratified_source_only,CCIS59132091ST-4-0,ZellerG_2014,1,0.528625810354729
stratified_source_only,CCIS61287323ST-4-0,ZellerG_2014,1,0.6947650051634534
stratified_source_only,CCIS62605362ST-3-0,ZellerG_2014,1,0.5884332969320168
stratified_source_only,CCIS62794166ST-4-0,ZellerG_2014,1,0.515415592072139
stratified_source_only,CCIS63448910ST-4-0,ZellerG_2014,0,0.4968866286120323
stratified_source_only,CCIS63468405ST-4-0,ZellerG_2014,0,0.5363845519497716
stratified_source_only,CCIS63910149ST-4-0,ZellerG_2014,0,0.3913963553086786
stratified_source_only,CCIS64773582ST-4-0,ZellerG_2014,0,0.47934395106693717
stratified_source_only,CCIS64785924ST-20-0,ZellerG_2014,0,0.3046710878976151
stratified_source_only,CCIS65479369ST-4-0,ZellerG_2014,1,0.8547436007571081
stratified_source_only,CCIS71301801ST-4-0,ZellerG_2014,1,0.7491920764118356
stratified_source_only,CCIS71578391ST-4-0,ZellerG_2014,0,0.4601136272445775
stratified_source_only,CCIS72607085ST-4-0,ZellerG_2014,1,0.4580267157982862
stratified_source_only,CCIS74239020ST-4-0,ZellerG_2014,0,0.4818286169097811
stratified_source_only,CCIS76845094ST-20-0,ZellerG_2014,1,0.7113708945940003
stratified_source_only,CCIS77252613ST-4-0,ZellerG_2014,1,0.5762844726182775
stratified_source_only,CCIS78100604ST-4-0,ZellerG_2014,0,0.37182879716364453
stratified_source_only,CCIS78318719ST-4-0,ZellerG_2014,1,0.5394439961235087
stratified_source_only,CCIS79210440ST-3-0,ZellerG_2014,0,0.5790024323939837
stratified_source_only,CCIS80834637ST-4-0,ZellerG_2014,0,0.4442696913791949
stratified_source_only,CCIS81139242ST-4-0,ZellerG_2014,0,0.4371982650028881
stratified_source_only,CCIS81887263ST-4-0,ZellerG_2014,1,0.6365054258965439
stratified_source_only,CCIS82146115ST-4-0,ZellerG_2014,1,0.4741573301446586
stratified_source_only,CCIS82507866ST-3-0,ZellerG_2014,0,0.3676710861146845
stratified_source_only,CCIS82944710ST-20-0,ZellerG_2014,0,0.40500177863063497
stratified_source_only,CCIS83870198ST-4-0,ZellerG_2014,1,0.42477039639036757
stratified_source_only,CCIS84543192ST-4-0,ZellerG_2014,1,0.621389054201772
stratified_source_only,CCIS85214191ST-3-0,ZellerG_2014,1,0.6334286558712117
stratified_source_only,CCIS87116798ST-4-0,ZellerG_2014,1,0.6085743145853214
stratified_source_only,CCIS87167916ST-4-0,ZellerG_2014,1,0.6280418651836428
stratified_source_only,CCIS87252800ST-4-0,ZellerG_2014,1,0.6820131836493308
stratified_source_only,CCIS87605453ST-4-0,ZellerG_2014,1,0.5834924187404169
stratified_source_only,CCIS88007743ST-4-0,ZellerG_2014,0,0.4871357181549774
stratified_source_only,CCIS88317640ST-4-0,ZellerG_2014,0,0.5843529125736006
stratified_source_only,CCIS90164298ST-4-0,ZellerG_2014,0,0.35073263908126534
stratified_source_only,CCIS91228662ST-4-0,ZellerG_2014,1,0.6321098862221346
stratified_source_only,CCIS93040568ST-20-0,ZellerG_2014,0,0.37168093408470887
stratified_source_only,CCIS94417875ST-3-0,ZellerG_2014,0,0.37612722293725215
stratified_source_only,CCIS94603952ST-4-0,ZellerG_2014,0,0.33785350300395994
stratified_source_only,CCIS95097901ST-4-0,ZellerG_2014,0,0.43975540103471594
stratified_source_only,CCIS95409808ST-4-0,ZellerG_2014,0,0.4769515019295662
stratified_source_only,CCIS98482370ST-3-0,ZellerG_2014,0,0.21739468735149411
stratified_source_only,CCIS98512455ST-4-0,ZellerG_2014,1,0.6143158396954297
stratified_source_only,CCIS98832363ST-4-0,ZellerG_2014,1,0.3894772530310461
stratified_target_adaptive,CCIS00146684ST-4-0,ZellerG_2014,0,0.3266550190315413
stratified_target_adaptive,CCIS00281083ST-3-0,ZellerG_2014,0,0.22827840504127658
stratified_target_adaptive,CCIS02124300ST-4-0,ZellerG_2014,0,0.33249043819958685
stratified_target_adaptive,CCIS02379307ST-4-0,ZellerG_2014,1,0.6474525782869415
stratified_target_adaptive,CCIS02856720ST-4-0,ZellerG_2014,0,0.4738714351822013
stratified_target_adaptive,CCIS03473770ST-4-0,ZellerG_2014,0,0.45225517617272415
stratified_target_adaptive,CCIS03857607ST-4-0,ZellerG_2014,0,0.3977607757980142
stratified_target_adaptive,CCIS05314658ST-4-0,ZellerG_2014,0,0.31419915059908743
stratified_target_adaptive,CCIS06260551ST-3-0,ZellerG_2014,1,0.6734662689854692
stratified_target_adaptive,CCIS07277498ST-4-0,ZellerG_2014,0,0.2978181732794156
stratified_target_adaptive,CCIS07539127ST-4-0,ZellerG_2014,0,0.4597564385982305
stratified_target_adaptive,CCIS07648107ST-4-0,ZellerG_2014,0,0.40787346463961216
stratified_target_adaptive,CCIS09568613ST-4-0,ZellerG_2014,0,0.6274590082162178
stratified_target_adaptive,CCIS10706551ST-3-0,ZellerG_2014,0,0.23340283150662328
stratified_target_adaptive,CCIS11015875ST-4-0,ZellerG_2014,1,0.6831743553155051
stratified_target_adaptive,CCIS11354283ST-4-0,ZellerG_2014,0,0.4265808093644023
stratified_target_adaptive,CCIS11362406ST-4-0,ZellerG_2014,0,0.5878098378898747
stratified_target_adaptive,CCIS11558985ST-4-0,ZellerG_2014,0,0.40968512617924113
stratified_target_adaptive,CCIS12370844ST-4-0,ZellerG_2014,1,0.4985245536212982
stratified_target_adaptive,CCIS12656533ST-4-0,ZellerG_2014,1,0.8102009660437444
stratified_target_adaptive,CCIS13047523ST-4-0,ZellerG_2014,0,0.38114502263160543
stratified_target_adaptive,CCIS14449628ST-4-0,ZellerG_2014,1,0.7818221205142423
stratified_target_adaptive,CCIS15704761ST-4-0,ZellerG_2014,1,0.48685315918293715
stratified_target_adaptive,CCIS15794887ST-4-0,ZellerG_2014,0,0.4058225898808518
stratified_target_adaptive,CCIS16326685ST-4-0,ZellerG_2014,0,0.5089627099742063
stratified_target_adaptive,CCIS16383318ST-4-0,ZellerG_2014,0,0.6184571177806039
stratified_target_adaptive,CCIS16561622ST-4-0,ZellerG_2014,0,0.5903566886855419
stratified_target_adaptive,CCIS17669415ST-4-0,ZellerG_2014,1,0.5715581915277572
stratified_target_adaptive,CCIS20795251ST-4-0,ZellerG_2014,0,0.45305134286000626
stratified_target_adaptive,CCIS21126322ST-4-0,ZellerG_2014,0,0.23409931072388795
stratified_target_adaptive,CCIS21278152ST-4-0,ZellerG_2014,1,0.7417333177414548
stratified_target_adaptive,CCIS22416007ST-4-0,ZellerG_2014,1,0.3976962331583035
stratified_target_adaptive,CCIS22958137ST-20-0,ZellerG_2014,1,0.6567807972140931
stratified_target_adaptive,CCIS23164343ST-4-0,ZellerG_2014,0,0.3041664647264757
stratified_target_adaptive,CCIS24254057ST-4-0,ZellerG_2014,1,0.639150955190543
stratified_target_adaptive,CCIS27304052ST-3-0,ZellerG_2014,0,0.42407133753397547
stratified_target_adaptive,CCIS27927933ST-4-0,ZellerG_2014,0,0.5157700054324049
stratified_target_adaptive,CCIS29210128ST-4-0,ZellerG_2014,0,0.5386330837493379
stratified_target_adaptive,CCIS29688262ST-20-0,ZellerG_2014,0,0.48102147220461483
stratified_target_adaptive,CCIS32452666ST-4-0,ZellerG_2014,0,0.3721101337781438
stratified_target_adaptive,CCIS33816588ST-4-0,ZellerG_2014,1,0.8882474450023635
stratified_target_adaptive,CCIS34055159ST-4-0,ZellerG_2014,1,0.7002064300743774
stratified_target_adaptive,CCIS34604008ST-4-0,ZellerG_2014,0,0.3552497431465357
stratified_target_adaptive,CCIS35100175ST-4-0,ZellerG_2014,1,0.8447105481354505
stratified_target_adaptive,CCIS36699628ST-4-0,ZellerG_2014,0,0.3865823655930493
stratified_target_adaptive,CCIS36797902ST-4-0,ZellerG_2014,0,0.7077378562804237
stratified_target_adaptive,CCIS38765456ST-20-0,ZellerG_2014,1,0.7851239149849607
stratified_target_adaptive,CCIS40244499ST-3-0,ZellerG_2014,1,0.6538568834205624
stratified_target_adaptive,CCIS41222843ST-4-0,ZellerG_2014,1,0.41735398136627244
stratified_target_adaptive,CCIS41288781ST-4-0,ZellerG_2014,1,0.6446064009582376
stratified_target_adaptive,CCIS41548810ST-4-0,ZellerG_2014,1,0.371485028542557
stratified_target_adaptive,CCIS41692898ST-4-0,ZellerG_2014,0,0.45598441772385584
stratified_target_adaptive,CCIS44093303ST-4-0,ZellerG_2014,0,0.47960675603307185
stratified_target_adaptive,CCIS44757994ST-4-0,ZellerG_2014,1,0.5533543998975206
stratified_target_adaptive,CCIS45571137ST-3-0,ZellerG_2014,0,0.2931211253307518
stratified_target_adaptive,CCIS45793747ST-4-0,ZellerG_2014,0,0.37519193287021235
stratified_target_adaptive,CCIS46047672ST-4-0,ZellerG_2014,1,0.6212928013389485
stratified_target_adaptive,CCIS46467422ST-4-0,ZellerG_2014,1,0.26723229096312695
stratified_target_adaptive,CCIS47284573ST-4-0,ZellerG_2014,1,0.362443342195339
stratified_target_adaptive,CCIS48174381ST-4-0,ZellerG_2014,0,0.5676005098660875
stratified_target_adaptive,CCIS48725289ST-4-0,ZellerG_2014,1,0.29073595886353376
stratified_target_adaptive,CCIS50003399ST-4-0,ZellerG_2014,0,0.25694722451730756
stratified_target_adaptive,CCIS50148151ST-4-0,ZellerG_2014,1,0.5950188118917596
stratified_target_adaptive,CCIS50471204ST-4-0,ZellerG_2014,0,0.551525767958179
stratified_target_adaptive,CCIS51595129ST-4-0,ZellerG_2014,0,0.2819152621198834
stratified_target_adaptive,CCIS52370277ST-4-0,ZellerG_2014,1,0.680138793693743
stratified_target_adaptive,CCIS53043478ST-4-0,ZellerG_2014,1,0.7794024279529438
stratified_target_adaptive,CCIS53355328ST-4-0,ZellerG_2014,1,0.6427869089428202
stratified_target_adaptive,CCIS55230578ST-4-0,ZellerG_2014,1,0.6495747476697297
stratified_target_adaptive,CCIS58234805ST-4-0,ZellerG_2014,1,0.8599696273145031
stratified_target_adaptive,CCIS59132091ST-4-0,ZellerG_2014,1,0.4719591209718767
stratified_target_adaptive,CCIS61287323ST-4-0,ZellerG_2014,1,0.7342666661096836
stratified_target_adaptive,CCIS62605362ST-3-0,ZellerG_2014,1,0.5515583750353548
stratified_target_adaptive,CCIS62794166ST-4-0,ZellerG_2014,1,0.5029372886948555
stratified_target_adaptive,CCIS63448910ST-4-0,ZellerG_2014,0,0.46260269665887577
stratified_target_adaptive,CCIS63468405ST-4-0,ZellerG_2014,0,0.49543213259919444
stratified_target_adaptive,CCIS63910149ST-4-0,ZellerG_2014,0,0.3131543284302374
stratified_target_adaptive,CCIS64773582ST-4-0,ZellerG_2014,0,0.4473421145744631
stratified_target_adaptive,CCIS64785924ST-20-0,ZellerG_2014,0,0.2197046854850017
stratified_target_adaptive,CCIS65479369ST-4-0,ZellerG_2014,1,0.8565586379340451
stratified_target_adaptive,CCIS71301801ST-4-0,ZellerG_2014,1,0.7344132634466115
stratified_target_adaptive,CCIS71578391ST-4-0,ZellerG_2014,0,0.4118929928373394
stratified_target_adaptive,CCIS72607085ST-4-0,ZellerG_2014,1,0.44909627251734874
stratified_target_adaptive,CCIS74239020ST-4-0,ZellerG_2014,0,0.401743338867163
stratified_target_adaptive,CCIS76845094ST-20-0,ZellerG_2014,1,0.7412277758959471
stratified_target_adaptive,CCIS77252613ST-4-0,ZellerG_2014,1,0.5709741948309994
stratified_target_adaptive,CCIS78100604ST-4-0,ZellerG_2014,0,0.33648294071536283
stratified_target_adaptive,CCIS78318719ST-4-0,ZellerG_2014,1,0.5125772645467211
stratified_target_adaptive,CCIS79210440ST-3-0,ZellerG_2014,0,0.6362195931656619
stratified_target_adaptive,CCIS80834637ST-4-0,ZellerG_2014,0,0.3565439839184252
stratified_target_adaptive,CCIS81139242ST-4-0,ZellerG_2014,0,0.3939928454604981
stratified_target_adaptive,CCIS81887263ST-4-0,ZellerG_2014,1,0.6392454551138823
stratified_target_adaptive,CCIS82146115ST-4-0,ZellerG_2014,1,0.44896971966957727
stratified_target_adaptive,CCIS82507866ST-3-0,ZellerG_2014,0,0.3638353543281032
stratified_target_adaptive,CCIS82944710ST-20-0,ZellerG_2014,0,0.3399209308035414
stratified_target_adaptive,CCIS83870198ST-4-0,ZellerG_2014,1,0.38419085925986185
stratified_target_adaptive,CCIS84543192ST-4-0,ZellerG_2014,1,0.5666167691907542
stratified_target_adaptive,CCIS85214191ST-3-0,ZellerG_2014,1,0.5719819886888545
stratified_target_adaptive,CCIS87116798ST-4-0,ZellerG_2014,1,0.6317397148115859
stratified_target_adaptive,CCIS87167916ST-4-0,ZellerG_2014,1,0.6179736390141126
stratified_target_adaptive,CCIS87252800ST-4-0,ZellerG_2014,1,0.6921989965875294
stratified_target_adaptive,CCIS87605453ST-4-0,ZellerG_2014,1,0.5833618255570696
stratified_target_adaptive,CCIS88007743ST-4-0,ZellerG_2014,0,0.4942752309255674
stratified_target_adaptive,CCIS88317640ST-4-0,ZellerG_2014,0,0.5528342191996611
stratified_target_adaptive,CCIS90164298ST-4-0,ZellerG_2014,0,0.3016635998337891
stratified_target_adaptive,CCIS91228662ST-4-0,ZellerG_2014,1,0.7025388418906809
stratified_target_adaptive,CCIS93040568ST-20-0,ZellerG_2014,0,0.3863555075479988
stratified_target_adaptive,CCIS94417875ST-3-0,ZellerG_2014,0,0.3163133643050391
stratified_target_adaptive,CCIS94603952ST-4-0,ZellerG_2014,0,0.29305354871736905
stratified_target_adaptive,CCIS95097901ST-4-0,ZellerG_2014,0,0.3569430977223967
stratified_target_adaptive,CCIS95409808ST-4-0,ZellerG_2014,0,0.41474576587710776
stratified_target_adaptive,CCIS98482370ST-3-0,ZellerG_2014,0,0.22109423462685546
stratified_target_adaptive,CCIS98512455ST-4-0,ZellerG_2014,1,0.6720737641834453
stratified_target_adaptive,CCIS98832363ST-4-0,ZellerG_2014,1,0.298254046536766
