held_out_cohort,training_cohorts,selection_rank,gene_id,n_training_cohorts,n_crc_enriched_training,training_median_auc,training_median_prevalence_difference,training_crc_enriched_fraction,heldout_country,heldout_evaluable,heldout_crc_prevalence,heldout_control_prevalence,heldout_prevalence_difference,heldout_association_auc,heldout_direction
FengQ_2015,GuptaA_2019;ThomasAM_2018a;ThomasAM_2018b;ThomasAM_2019_c;VogtmannE_2016;WirbelJ_2018;YachidaS_2019;YuJ_2015;ZellerG_2014,1,UniRef90_A0A0E2AL27,9,7,0.6293103448275862,0.03565891472868221,0.7777777777777778,AUT,True,0.9347826086956522,0.7377049180327869,0.1970776906628653,0.6432644333570919,crc_enriched
FengQ_2015,GuptaA_2019;ThomasAM_2018a;ThomasAM_2018b;ThomasAM_2019_c;VogtmannE_2016;WirbelJ_2018;YachidaS_2019;YuJ_2015;ZellerG_2014,2,UniRef90_A0A329TH64,9,7,0.6264792899408284,0.03361240310077518,0.7777777777777778,AUT,True,0.9565217391304348,0.8360655737704918,0.12045616535994297,0.5962223806129722,crc_enriched
FengQ_2015,GuptaA_2019;ThomasAM_2018a;ThomasAM_2018b;ThomasAM_2019_c;VogtmannE_2016;WirbelJ_2018;YachidaS_2019;YuJ_2015;ZellerG_2014,3,UniRef90_A0A192CAU6,9,7,0.6031549644293226,0.07692307692307698,0.7777777777777778,AUT,True,0.9782608695652174,0.9508196721311475,0.02744119743406992,0.6135067712045617,crc_enriched
FengQ_2015,GuptaA_2019;ThomasAM_2018a;ThomasAM_2018b;ThomasAM_2019_c;VogtmannE_2016;WirbelJ_2018;YachidaS_2019;YuJ_2015;ZellerG_2014,4,UniRef90_A0A081TLD1,9,7,0.5934375,0.04999999999999993,0.7777777777777778,AUT,True,0.8260869565217391,0.6229508196721312,0.20313613684960796,0.6617961511047755,crc_enriched
FengQ_2015,GuptaA_2019;ThomasAM_2018a;ThomasAM_2018b;ThomasAM_2019_c;VogtmannE_2016;WirbelJ_2018;YachidaS_2019;YuJ_2015;ZellerG_2014,5,UniRef90_B2PX02,9,7,0.5904732446643984,0.038461538461538436,0.7777777777777778,AUT,True,0.9782608695652174,0.9836065573770492,-0.005345687811831756,0.5265502494654312,control_enriched
FengQ_2015,GuptaA_2019;ThomasAM_2018a;ThomasAM_2018b;ThomasAM_2019_c;VogtmannE_2016;WirbelJ_2018;YachidaS_2019;YuJ_2015;ZellerG_2014,6,UniRef90_A7AXY2,9,7,0.588974358974359,0.025000000000000022,0.7777777777777778,AUT,True,0.9565217391304348,0.9672131147540983,-0.010691375623663513,0.4918032786885246,control_enriched
FengQ_2015,GuptaA_2019;ThomasAM_2018a;ThomasAM_2018b;ThomasAM_2019_c;VogtmannE_2016;WirbelJ_2018;YachidaS_2019;YuJ_2015;ZellerG_2014,7,UniRef90_F7YJA4,9,7,0.5876479289940828,0.05512820512820504,0.7777777777777778,AUT,True,0.9565217391304348,0.8852459016393442,0.07127583749109057,0.5648610121168923,crc_enriched
FengQ_2015,GuptaA_2019;ThomasAM_2018a;ThomasAM_2018b;ThomasAM_2019_c;VogtmannE_2016;WirbelJ_2018;YachidaS_2019;YuJ_2015;ZellerG_2014,8,UniRef90_R5RC53,9,7,0.58,0.019230769230769162,0.7777777777777778,AUT,True,0.9347826086956522,0.6885245901639344,0.2462580185317178,0.6776550249465432,crc_enriched
FengQ_2015,GuptaA_2019;ThomasAM_2018a;ThomasAM_2018b;ThomasAM_2019_c;VogtmannE_2016;WirbelJ_2018;YachidaS_2019;YuJ_2015;ZellerG_2014,9,UniRef90_W6P8M8,9,7,0.5765532544378699,0.00911627906976753,0.7777777777777778,AUT,True,0.9565217391304348,0.7540983606557377,0.20242337847469716,0.6596578759800428,crc_enriched
FengQ_2015,GuptaA_2019;ThomasAM_2018a;ThomasAM_2018b;ThomasAM_2019_c;VogtmannE_2016;WirbelJ_2018;YachidaS_2019;YuJ_2015;ZellerG_2014,10,UniRef90_Q8A4A2,9,7,0.5736986986986987,0.02062015503875969,0.7777777777777778,AUT,True,0.9782608695652174,0.8032786885245902,0.17498218104062724,0.68496079828938,crc_enriched
FengQ_2015,GuptaA_2019;ThomasAM_2018a;ThomasAM_2018b;ThomasAM_2019_c;VogtmannE_2016;WirbelJ_2018;YachidaS_2019;YuJ_2015;ZellerG_2014,11,UniRef90_A0A069DBF6,9,7,0.56,0.014102564102564052,0.7777777777777778,AUT,True,0.8695652173913043,0.7049180327868853,0.16464718460441907,0.6489665003563792,crc_enriched
FengQ_2015,GuptaA_2019;ThomasAM_2018a;ThomasAM_2018b;ThomasAM_2019_c;VogtmannE_2016;WirbelJ_2018;YachidaS_2019;YuJ_2015;ZellerG_2014,12,UniRef90_D6E491,9,7,0.5595595595595596,0.019230769230769162,0.7777777777777778,AUT,True,1.0,0.8688524590163934,0.1311475409836066,0.5702066999287242,crc_enriched
FengQ_2015,GuptaA_2019;ThomasAM_2018a;ThomasAM_2018b;ThomasAM_2019_c;VogtmannE_2016;WirbelJ_2018;YachidaS_2019;YuJ_2015;ZellerG_2014,13,UniRef90_R5REJ2,9,7,0.5589080459770115,0.008992248062015484,0.7777777777777778,AUT,True,0.9130434782608695,0.7540983606557377,0.15894511760513186,0.6525302922309337,crc_enriched
FengQ_2015,GuptaA_2019;ThomasAM_2018a;ThomasAM_2018b;ThomasAM_2019_c;VogtmannE_2016;WirbelJ_2018;YachidaS_2019;YuJ_2015;ZellerG_2014,14,UniRef90_UPI000A0106DD,9,7,0.5588888888888889,0.011444478812248748,0.7777777777777778,AUT,True,1.0,0.9672131147540983,0.032786885245901676,0.5541696364932288,crc_enriched
FengQ_2015,GuptaA_2019;ThomasAM_2018a;ThomasAM_2018b;ThomasAM_2019_c;VogtmannE_2016;WirbelJ_2018;YachidaS_2019;YuJ_2015;ZellerG_2014,15,UniRef90_A0A2N5NXF3,9,7,0.5543639053254438,0.02924031007751937,0.7777777777777778,AUT,True,0.9782608695652174,0.9836065573770492,-0.005345687811831756,0.47665716322166785,control_enriched
FengQ_2015,GuptaA_2019;ThomasAM_2018a;ThomasAM_2018b;ThomasAM_2019_c;VogtmannE_2016;WirbelJ_2018;YachidaS_2019;YuJ_2015;ZellerG_2014,16,UniRef90_A0A1E3UBQ7,9,7,0.5530467058459635,0.025000000000000022,0.7777777777777778,AUT,True,0.8260869565217391,0.819672131147541,0.00641482537419813,0.5577334283677833,crc_enriched
FengQ_2015,GuptaA_2019;ThomasAM_2018a;ThomasAM_2018b;ThomasAM_2019_c;VogtmannE_2016;WirbelJ_2018;YachidaS_2019;YuJ_2015;ZellerG_2014,17,UniRef90_A0A1E3U585,9,7,0.551025641025641,0.024372093023255825,0.7777777777777778,AUT,True,0.9565217391304348,0.819672131147541,0.1368496079828938,0.6389878831076266,crc_enriched
FengQ_2015,GuptaA_2019;ThomasAM_2018a;ThomasAM_2018b;ThomasAM_2019_c;VogtmannE_2016;WirbelJ_2018;YachidaS_2019;YuJ_2015;ZellerG_2014,18,UniRef90_H1B745,9,7,0.5503003003003003,0.022888957624497386,0.7777777777777778,AUT,True,0.9130434782608695,0.7213114754098361,0.19173200285103342,0.6389878831076266,crc_enriched
FengQ_2015,GuptaA_2019;ThomasAM_2018a;ThomasAM_2018b;ThomasAM_2019_c;VogtmannE_2016;WirbelJ_2018;YachidaS_2019;YuJ_2015;ZellerG_2014,19,UniRef90_R5U7X9,9,7,0.5502015503875969,0.017857142857142905,0.7777777777777778,AUT,True,0.8478260869565217,0.6557377049180327,0.192088382038489,0.6427298645759087,crc_enriched
GuptaA_2019,FengQ_2015;ThomasAM_2018a;ThomasAM_2018b;ThomasAM_2019_c;VogtmannE_2016;WirbelJ_2018;YachidaS_2019;YuJ_2015;ZellerG_2014,1,UniRef90_A0A0E2AL27,9,7,0.6293103448275862,0.03565891472868221,0.7777777777777778,IND,True,0.7666666666666667,0.2,0.5666666666666667,0.8155555555555556,crc_enriched
GuptaA_2019,FengQ_2015;ThomasAM_2018a;ThomasAM_2018b;ThomasAM_2019_c;VogtmannE_2016;WirbelJ_2018;YachidaS_2019;YuJ_2015;ZellerG_2014,2,UniRef90_A0A192CAU6,9,8,0.6031549644293226,0.07692307692307698,0.8888888888888888,IND,True,0.8666666666666667,0.8666666666666667,0.0,0.6955555555555556,tie
GuptaA_2019,FengQ_2015;ThomasAM_2018a;ThomasAM_2018b;ThomasAM_2019_c;VogtmannE_2016;WirbelJ_2018;YachidaS_2019;YuJ_2015;ZellerG_2014,3,UniRef90_A0A329TH64,9,7,0.5962223806129722,0.03361240310077518,0.7777777777777778,IND,True,0.5333333333333333,0.13333333333333333,0.4,0.6888888888888889,crc_enriched
GuptaA_2019,FengQ_2015;ThomasAM_2018a;ThomasAM_2018b;ThomasAM_2019_c;VogtmannE_2016;WirbelJ_2018;YachidaS_2019;YuJ_2015;ZellerG_2014,4,UniRef90_A0A081TLD1,9,7,0.5934375,0.04999999999999993,0.7777777777777778,IND,True,0.9,0.5666666666666667,0.33333333333333337,0.8605555555555555,crc_enriched
GuptaA_2019,FengQ_2015;ThomasAM_2018a;ThomasAM_2018b;ThomasAM_2019_c;VogtmannE_2016;WirbelJ_2018;YachidaS_2019;YuJ_2015;ZellerG_2014,5,UniRef90_A8RVT2,9,7,0.5833333333333334,0.014102564102564052,0.7777777777777778,IND,True,0.1,0.1,0.0,0.49833333333333335,tie
GuptaA_2019,FengQ_2015;ThomasAM_2018a;ThomasAM_2018b;ThomasAM_2019_c;VogtmannE_2016;WirbelJ_2018;YachidaS_2019;YuJ_2015;ZellerG_2014,6,UniRef90_R5RC53,9,7,0.58,0.019230769230769162,0.7777777777777778,IND,True,0.7666666666666667,0.26666666666666666,0.5,0.7755555555555556,crc_enriched
GuptaA_2019,FengQ_2015;ThomasAM_2018a;ThomasAM_2018b;ThomasAM_2019_c;VogtmannE_2016;WirbelJ_2018;YachidaS_2019;YuJ_2015;ZellerG_2014,7,UniRef90_W6P8M8,9,7,0.5765532544378699,0.00911627906976753,0.7777777777777778,IND,True,0.8666666666666667,0.5666666666666667,0.30000000000000004,0.7177777777777777,crc_enriched
GuptaA_2019,FengQ_2015;ThomasAM_2018a;ThomasAM_2018b;ThomasAM_2019_c;VogtmannE_2016;WirbelJ_2018;YachidaS_2019;YuJ_2015;ZellerG_2014,8,UniRef90_Q8A4A2,9,7,0.5736986986986987,0.02062015503875969,0.7777777777777778,IND,True,1.0,0.6,0.4,0.7633333333333333,crc_enriched
GuptaA_2019,FengQ_2015;ThomasAM_2018a;ThomasAM_2018b;ThomasAM_2019_c;VogtmannE_2016;WirbelJ_2018;YachidaS_2019;YuJ_2015;ZellerG_2014,9,UniRef90_F7YJA4,9,7,0.5648610121168923,0.05512820512820504,0.7777777777777778,IND,True,0.8333333333333334,0.6,0.2333333333333334,0.7422222222222222,crc_enriched
GuptaA_2019,FengQ_2015;ThomasAM_2018a;ThomasAM_2018b;ThomasAM_2019_c;VogtmannE_2016;WirbelJ_2018;YachidaS_2019;YuJ_2015;ZellerG_2014,10,UniRef90_A0A069DBF6,9,7,0.56,0.014102564102564052,0.7777777777777778,IND,True,0.8,0.43333333333333335,0.3666666666666667,0.7011111111111111,crc_enriched
GuptaA_2019,FengQ_2015;ThomasAM_2018a;ThomasAM_2018b;ThomasAM_2019_c;VogtmannE_2016;WirbelJ_2018;YachidaS_2019;YuJ_2015;ZellerG_2014,11,UniRef90_D6E491,9,7,0.5595595595595596,0.019230769230769162,0.7777777777777778,IND,True,0.7,0.6,0.09999999999999998,0.6333333333333333,crc_enriched
GuptaA_2019,FengQ_2015;ThomasAM_2018a;ThomasAM_2018b;ThomasAM_2019_c;VogtmannE_2016;WirbelJ_2018;YachidaS_2019;YuJ_2015;ZellerG_2014,12,UniRef90_R5REJ2,9,7,0.5589080459770115,0.008992248062015484,0.7777777777777778,IND,True,0.8333333333333334,0.36666666666666664,0.46666666666666673,0.7238888888888889,crc_enriched
GuptaA_2019,FengQ_2015;ThomasAM_2018a;ThomasAM_2018b;ThomasAM_2019_c;VogtmannE_2016;WirbelJ_2018;YachidaS_2019;YuJ_2015;ZellerG_2014,13,UniRef90_UPI000A0106DD,9,7,0.5548717948717948,0.011444478812248748,0.7777777777777778,IND,True,0.2,0.1,0.1,0.5588888888888889,crc_enriched
GuptaA_2019,FengQ_2015;ThomasAM_2018a;ThomasAM_2018b;ThomasAM_2019_c;VogtmannE_2016;WirbelJ_2018;YachidaS_2019;YuJ_2015;ZellerG_2014,14,UniRef90_A0A1E3UBQ7,9,7,0.5530467058459635,0.01851851851851849,0.7777777777777778,IND,True,0.3,0.06666666666666667,0.23333333333333334,0.6166666666666667,crc_enriched
GuptaA_2019,FengQ_2015;ThomasAM_2018a;ThomasAM_2018b;ThomasAM_2019_c;VogtmannE_2016;WirbelJ_2018;YachidaS_2019;YuJ_2015;ZellerG_2014,15,UniRef90_A0A1E3U585,9,7,0.551025641025641,0.024372093023255825,0.7777777777777778,IND,True,0.3,0.1,0.19999999999999998,0.5883333333333334,crc_enriched
GuptaA_2019,FengQ_2015;ThomasAM_2018a;ThomasAM_2018b;ThomasAM_2019_c;VogtmannE_2016;WirbelJ_2018;YachidaS_2019;YuJ_2015;ZellerG_2014,16,UniRef90_H1B745,9,7,0.5503003003003003,0.022888957624497386,0.7777777777777778,IND,True,0.26666666666666666,0.03333333333333333,0.23333333333333334,0.62,crc_enriched
GuptaA_2019,FengQ_2015;ThomasAM_2018a;ThomasAM_2018b;ThomasAM_2019_c;VogtmannE_2016;WirbelJ_2018;YachidaS_2019;YuJ_2015;ZellerG_2014,17,UniRef90_R5U7X9,9,7,0.5502015503875969,0.017857142857142905,0.7777777777777778,IND,True,0.7333333333333333,0.4,0.33333333333333326,0.6766666666666666,crc_enriched
ThomasAM_2018a,FengQ_2015;GuptaA_2019;ThomasAM_2019_c;VogtmannE_2016;WirbelJ_2018;YachidaS_2019;YuJ_2015;ZellerG_2014,1,UniRef90_D4VQH3,8,6,0.6487639820457637,0.020192307692307676,0.75,ITA,True,0.8620689655172413,0.9583333333333334,-0.09626436781609204,0.5373563218390804,control_enriched
ThomasAM_2018a,FengQ_2015;GuptaA_2019;ThomasAM_2019_c;VogtmannE_2016;WirbelJ_2018;YachidaS_2019;YuJ_2015;ZellerG_2014,2,UniRef90_A0A174ULY2,8,6,0.6432051282051281,0.03494840994840992,0.75,ITA,True,0.896551724137931,1.0,-0.10344827586206895,0.39655172413793105,control_enriched
ThomasAM_2018a,FengQ_2015;GuptaA_2019;ThomasAM_2019_c;VogtmannE_2016;WirbelJ_2018;YachidaS_2019;YuJ_2015;ZellerG_2014,3,UniRef90_A0A0E2AL27,8,7,0.6417135776252916,0.04026535480023852,0.875,ITA,True,0.9310344827586207,0.9583333333333334,-0.027298850574712707,0.6293103448275862,control_enriched
ThomasAM_2018a,FengQ_2015;GuptaA_2019;ThomasAM_2019_c;VogtmannE_2016;WirbelJ_2018;YachidaS_2019;YuJ_2015;ZellerG_2014,4,UniRef90_A0A015TGA7,8,6,0.6373044579338076,0.06028528528528532,0.75,ITA,True,0.8275862068965517,0.9166666666666666,-0.08908045977011492,0.5977011494252874,control_enriched
ThomasAM_2018a,FengQ_2015;GuptaA_2019;ThomasAM_2019_c;VogtmannE_2016;WirbelJ_2018;YachidaS_2019;YuJ_2015;ZellerG_2014,5,UniRef90_A0A0F0C824,8,6,0.634349049018087,0.027243589743589702,0.75,ITA,True,0.7931034482758621,0.875,-0.0818965517241379,0.4396551724137931,control_enriched
ThomasAM_2018a,FengQ_2015;GuptaA_2019;ThomasAM_2019_c;VogtmannE_2016;WirbelJ_2018;YachidaS_2019;YuJ_2015;ZellerG_2014,6,UniRef90_A0A174XPU3,8,6,0.6333497610226049,0.05352852852852852,0.75,ITA,True,0.896551724137931,1.0,-0.10344827586206895,0.3879310344827586,control_enriched
ThomasAM_2018a,FengQ_2015;GuptaA_2019;ThomasAM_2019_c;VogtmannE_2016;WirbelJ_2018;YachidaS_2019;YuJ_2015;ZellerG_2014,7,UniRef90_G9YSZ3,8,6,0.6329395231243024,0.05272580272580274,0.75,ITA,True,0.8275862068965517,1.0,-0.1724137931034483,0.2859195402298851,control_enriched
ThomasAM_2018a,FengQ_2015;GuptaA_2019;ThomasAM_2019_c;VogtmannE_2016;WirbelJ_2018;YachidaS_2019;YuJ_2015;ZellerG_2014,8,UniRef90_Q8A0H8,8,6,0.6295430045430046,0.04711568202907512,0.75,ITA,True,0.8620689655172413,0.9166666666666666,-0.054597701149425304,0.5617816091954023,control_enriched
ThomasAM_2018a,FengQ_2015;GuptaA_2019;ThomasAM_2019_c;VogtmannE_2016;WirbelJ_2018;YachidaS_2019;YuJ_2015;ZellerG_2014,9,UniRef90_U2QIN0,8,6,0.6292932276538834,0.042754292754292766,0.75,ITA,True,0.7931034482758621,0.8333333333333334,-0.04022988505747127,0.4382183908045977,control_enriched
ThomasAM_2018a,FengQ_2015;GuptaA_2019;ThomasAM_2019_c;VogtmannE_2016;WirbelJ_2018;YachidaS_2019;YuJ_2015;ZellerG_2014,10,UniRef90_K1GB77,8,6,0.628085778085778,0.01600238521168751,0.75,ITA,True,0.8620689655172413,1.0,-0.13793103448275867,0.5359195402298851,control_enriched
ThomasAM_2018a,FengQ_2015;GuptaA_2019;ThomasAM_2019_c;VogtmannE_2016;WirbelJ_2018;YachidaS_2019;YuJ_2015;ZellerG_2014,11,UniRef90_A0A329TH64,8,7,0.6266771449704142,0.038921883579462746,0.875,ITA,True,0.8620689655172413,0.9166666666666666,-0.054597701149425304,0.4540229885057471,control_enriched
ThomasAM_2018a,FengQ_2015;GuptaA_2019;ThomasAM_2019_c;VogtmannE_2016;WirbelJ_2018;YachidaS_2019;YuJ_2015;ZellerG_2014,12,UniRef90_A0A096C9P0,8,6,0.6234741583299275,0.05100912465202595,0.75,ITA,True,0.896551724137931,0.9583333333333334,-0.06178160919540232,0.4964080459770115,control_enriched
ThomasAM_2018a,FengQ_2015;GuptaA_2019;ThomasAM_2019_c;VogtmannE_2016;WirbelJ_2018;YachidaS_2019;YuJ_2015;ZellerG_2014,13,UniRef90_R5JBH5,8,7,0.6231546075924362,0.018222239406124385,0.875,ITA,True,0.8620689655172413,0.9583333333333334,-0.09626436781609204,0.5502873563218391,control_enriched
ThomasAM_2018a,FengQ_2015;GuptaA_2019;ThomasAM_2019_c;VogtmannE_2016;WirbelJ_2018;YachidaS_2019;YuJ_2015;ZellerG_2014,14,UniRef90_R5REJ2,8,7,0.6230886655886656,0.028799162483047425,0.875,ITA,True,0.8620689655172413,1.0,-0.13793103448275867,0.5589080459770115,control_enriched
ThomasAM_2018a,FengQ_2015;GuptaA_2019;ThomasAM_2019_c;VogtmannE_2016;WirbelJ_2018;YachidaS_2019;YuJ_2015;ZellerG_2014,15,UniRef90_D6DDN4,8,6,0.6212241625089094,0.01932127476313522,0.75,ITA,True,0.8620689655172413,0.9583333333333334,-0.09626436781609204,0.45545977011494254,control_enriched
ThomasAM_2018a,FengQ_2015;GuptaA_2019;ThomasAM_2019_c;VogtmannE_2016;WirbelJ_2018;YachidaS_2019;YuJ_2015;ZellerG_2014,16,UniRef90_A0A0P0FEI0,8,6,0.6211195811195811,0.0127735214574064,0.75,ITA,True,0.8620689655172413,0.9583333333333334,-0.09626436781609204,0.5488505747126436,control_enriched
ThomasAM_2018a,FengQ_2015;GuptaA_2019;ThomasAM_2019_c;VogtmannE_2016;WirbelJ_2018;YachidaS_2019;YuJ_2015;ZellerG_2014,17,UniRef90_K1GFZ0,8,6,0.6205403480403481,0.019551282051282037,0.75,ITA,True,0.8620689655172413,1.0,-0.13793103448275867,0.5445402298850575,control_enriched
ThomasAM_2018a,FengQ_2015;GuptaA_2019;ThomasAM_2019_c;VogtmannE_2016;WirbelJ_2018;YachidaS_2019;YuJ_2015;ZellerG_2014,18,UniRef90_Q8AAN7,8,6,0.6200889350889351,0.012056287056287085,0.75,ITA,True,0.8620689655172413,0.9166666666666666,-0.054597701149425304,0.4985632183908046,control_enriched
ThomasAM_2018a,FengQ_2015;GuptaA_2019;ThomasAM_2019_c;VogtmannE_2016;WirbelJ_2018;YachidaS_2019;YuJ_2015;ZellerG_2014,19,UniRef90_A0A143WWX7,8,6,0.620075511902435,0.03637994629333946,0.75,ITA,True,0.896551724137931,1.0,-0.10344827586206895,0.4640804597701149,control_enriched
ThomasAM_2018a,FengQ_2015;GuptaA_2019;ThomasAM_2019_c;VogtmannE_2016;WirbelJ_2018;YachidaS_2019;YuJ_2015;ZellerG_2014,20,UniRef90_Q8AAP2,8,6,0.6200398475398475,0.009553784553784528,0.75,ITA,True,0.8620689655172413,1.0,-0.13793103448275867,0.4827586206896552,control_enriched
ThomasAM_2018a,FengQ_2015;GuptaA_2019;ThomasAM_2019_c;VogtmannE_2016;WirbelJ_2018;YachidaS_2019;YuJ_2015;ZellerG_2014,21,UniRef90_A0A176U5P3,8,6,0.618241474064611,0.02394447881224865,0.75,ITA,True,0.7931034482758621,0.875,-0.0818965517241379,0.514367816091954,control_enriched
ThomasAM_2018a,FengQ_2015;GuptaA_2019;ThomasAM_2019_c;VogtmannE_2016;WirbelJ_2018;YachidaS_2019;YuJ_2015;ZellerG_2014,22,UniRef90_R6JIG2,8,6,0.6174324324324325,0.020192307692307676,0.75,ITA,True,0.8620689655172413,1.0,-0.13793103448275867,0.5301724137931034,control_enriched
ThomasAM_2018a,FengQ_2015;GuptaA_2019;ThomasAM_2019_c;VogtmannE_2016;WirbelJ_2018;YachidaS_2019;YuJ_2015;ZellerG_2014,23,UniRef90_Q8A0X7,8,6,0.6170845296270597,0.0127735214574064,0.75,ITA,True,0.8620689655172413,1.0,-0.13793103448275867,0.5804597701149425,control_enriched
ThomasAM_2018a,FengQ_2015;GuptaA_2019;ThomasAM_2019_c;VogtmannE_2016;WirbelJ_2018;YachidaS_2019;YuJ_2015;ZellerG_2014,24,UniRef90_R5RC53,8,7,0.6162394509651761,0.03244590744590742,0.875,ITA,True,0.896551724137931,0.9583333333333334,-0.06178160919540232,0.47772988505747127,control_enriched
ThomasAM_2018a,FengQ_2015;GuptaA_2019;ThomasAM_2019_c;VogtmannE_2016;WirbelJ_2018;YachidaS_2019;YuJ_2015;ZellerG_2014,25,UniRef90_R5U6R9,8,6,0.6156156156156156,0.01971434120515908,0.75,ITA,True,0.8620689655172413,1.0,-0.13793103448275867,0.5373563218390804,control_enriched
ThomasAM_2018a,FengQ_2015;GuptaA_2019;ThomasAM_2019_c;VogtmannE_2016;WirbelJ_2018;YachidaS_2019;YuJ_2015;ZellerG_2014,26,UniRef90_W6P8M8,8,7,0.6133985908985908,0.02284850936258298,0.875,ITA,True,0.8620689655172413,1.0,-0.13793103448275867,0.5158045977011494,control_enriched
ThomasAM_2018a,FengQ_2015;GuptaA_2019;ThomasAM_2019_c;VogtmannE_2016;WirbelJ_2018;YachidaS_2019;YuJ_2015;ZellerG_2014,27,UniRef90_A0A0K6BZ65,8,6,0.6131150381150381,0.018477100252483503,0.75,ITA,True,0.8620689655172413,1.0,-0.13793103448275867,0.5646551724137931,control_enriched
ThomasAM_2018a,FengQ_2015;GuptaA_2019;ThomasAM_2019_c;VogtmannE_2016;WirbelJ_2018;YachidaS_2019;YuJ_2015;ZellerG_2014,28,UniRef90_I9RD05,8,6,0.612978714661407,0.03141085271317828,0.75,ITA,True,0.8275862068965517,0.9166666666666666,-0.08908045977011492,0.514367816091954,control_enriched
ThomasAM_2018a,FengQ_2015;GuptaA_2019;ThomasAM_2019_c;VogtmannE_2016;WirbelJ_2018;YachidaS_2019;YuJ_2015;ZellerG_2014,29,UniRef90_A0A139TAG2,8,6,0.612968737968738,0.03571383251247151,0.75,ITA,True,0.8620689655172413,0.875,-0.012931034482758674,0.5617816091954023,control_enriched
ThomasAM_2018a,FengQ_2015;GuptaA_2019;ThomasAM_2019_c;VogtmannE_2016;WirbelJ_2018;YachidaS_2019;YuJ_2015;ZellerG_2014,30,UniRef90_Q5L7Q8,8,6,0.6117536767536768,0.02499612403100776,0.75,ITA,True,0.8620689655172413,1.0,-0.13793103448275867,0.5258620689655172,control_enriched
ThomasAM_2018a,FengQ_2015;GuptaA_2019;ThomasAM_2019_c;VogtmannE_2016;WirbelJ_2018;YachidaS_2019;YuJ_2015;ZellerG_2014,31,UniRef90_A0A3E5H1E2,8,6,0.610476437976438,0.020483601669648133,0.75,ITA,True,0.8275862068965517,0.875,-0.04741379310344829,0.540948275862069,control_enriched
ThomasAM_2018a,FengQ_2015;GuptaA_2019;ThomasAM_2019_c;VogtmannE_2016;WirbelJ_2018;YachidaS_2019;YuJ_2015;ZellerG_2014,32,UniRef90_Q5LIJ3,8,6,0.6097127954754469,0.0551282051282051,0.75,ITA,True,0.8620689655172413,0.875,-0.012931034482758674,0.5761494252873564,control_enriched
ThomasAM_2018a,FengQ_2015;GuptaA_2019;ThomasAM_2019_c;VogtmannE_2016;WirbelJ_2018;YachidaS_2019;YuJ_2015;ZellerG_2014,33,UniRef90_G2T4T7,8,6,0.6094999806681101,0.019454069454069467,0.75,ITA,True,0.9310344827586207,1.0,-0.06896551724137934,0.4511494252873563,control_enriched
ThomasAM_2018a,FengQ_2015;GuptaA_2019;ThomasAM_2019_c;VogtmannE_2016;WirbelJ_2018;YachidaS_2019;YuJ_2015;ZellerG_2014,34,UniRef90_Q8A5V6,8,6,0.6091260491260491,0.022207483721557342,0.75,ITA,True,0.8620689655172413,1.0,-0.13793103448275867,0.5373563218390804,control_enriched
ThomasAM_2018a,FengQ_2015;GuptaA_2019;ThomasAM_2019_c;VogtmannE_2016;WirbelJ_2018;YachidaS_2019;YuJ_2015;ZellerG_2014,35,UniRef90_R5UTQ0,8,6,0.6083297572239732,0.020465829149714065,0.75,ITA,True,0.8275862068965517,0.875,-0.04741379310344829,0.5064655172413793,control_enriched
ThomasAM_2018a,FengQ_2015;GuptaA_2019;ThomasAM_2019_c;VogtmannE_2016;WirbelJ_2018;YachidaS_2019;YuJ_2015;ZellerG_2014,36,UniRef90_R5MMU2,8,6,0.6078089628089628,0.027656201670275327,0.75,ITA,True,0.8620689655172413,1.0,-0.13793103448275867,0.47701149425287354,control_enriched
ThomasAM_2018a,FengQ_2015;GuptaA_2019;ThomasAM_2019_c;VogtmannE_2016;WirbelJ_2018;YachidaS_2019;YuJ_2015;ZellerG_2014,37,UniRef90_R6JSF5,8,6,0.6070124408355153,0.016666666666666663,0.75,ITA,True,0.8620689655172413,0.9583333333333334,-0.09626436781609204,0.5387931034482759,control_enriched
ThomasAM_2018a,FengQ_2015;GuptaA_2019;ThomasAM_2019_c;VogtmannE_2016;WirbelJ_2018;YachidaS_2019;YuJ_2015;ZellerG_2014,38,UniRef90_C9KR75,8,6,0.6068612882910749,0.03635485815349715,0.75,ITA,True,0.8620689655172413,0.9166666666666666,-0.054597701149425304,0.4956896551724138,control_enriched
ThomasAM_2018a,FengQ_2015;GuptaA_2019;ThomasAM_2019_c;VogtmannE_2016;WirbelJ_2018;YachidaS_2019;YuJ_2015;ZellerG_2014,39,UniRef90_U2QN46,8,6,0.6067739887740555,0.02299179728430406,0.75,ITA,True,0.8620689655172413,1.0,-0.13793103448275867,0.35919540229885055,control_enriched
ThomasAM_2018a,FengQ_2015;GuptaA_2019;ThomasAM_2019_c;VogtmannE_2016;WirbelJ_2018;YachidaS_2019;YuJ_2015;ZellerG_2014,40,UniRef90_A0A174LXZ3,8,6,0.6067602217602217,0.015393588885931675,0.75,ITA,True,0.8620689655172413,1.0,-0.13793103448275867,0.5387931034482759,control_enriched
ThomasAM_2018a,FengQ_2015;GuptaA_2019;ThomasAM_2019_c;VogtmannE_2016;WirbelJ_2018;YachidaS_2019;YuJ_2015;ZellerG_2014,41,UniRef90_A0A3E2B0H7,8,6,0.6062816874890733,0.02893261776982703,0.75,ITA,True,0.896551724137931,1.0,-0.10344827586206895,0.40373563218390807,control_enriched
ThomasAM_2018a,FengQ_2015;GuptaA_2019;ThomasAM_2019_c;VogtmannE_2016;WirbelJ_2018;YachidaS_2019;YuJ_2015;ZellerG_2014,42,UniRef90_A0A0K6BQY7,8,6,0.6055942464270643,0.012002385211687505,0.75,ITA,True,0.8620689655172413,1.0,-0.13793103448275867,0.4540229885057471,control_enriched
ThomasAM_2018a,FengQ_2015;GuptaA_2019;ThomasAM_2019_c;VogtmannE_2016;WirbelJ_2018;YachidaS_2019;YuJ_2015;ZellerG_2014,43,UniRef90_A0A374W8G2,8,6,0.6045933137279291,0.00921645796064402,0.75,ITA,True,0.8275862068965517,1.0,-0.1724137931034483,0.5028735632183908,control_enriched
ThomasAM_2018a,FengQ_2015;GuptaA_2019;ThomasAM_2019_c;VogtmannE_2016;WirbelJ_2018;YachidaS_2019;YuJ_2015;ZellerG_2014,44,UniRef90_Q5LDK8,8,6,0.6030128205128205,0.01341454709843204,0.75,ITA,True,0.8620689655172413,1.0,-0.13793103448275867,0.5330459770114943,control_enriched
ThomasAM_2018a,FengQ_2015;GuptaA_2019;ThomasAM_2019_c;VogtmannE_2016;WirbelJ_2018;YachidaS_2019;YuJ_2015;ZellerG_2014,45,UniRef90_W4PLW4,8,6,0.6029793254793254,0.010194810194810167,0.75,ITA,True,0.8620689655172413,1.0,-0.13793103448275867,0.492816091954023,control_enriched
ThomasAM_2018a,FengQ_2015;GuptaA_2019;ThomasAM_2019_c;VogtmannE_2016;WirbelJ_2018;YachidaS_2019;YuJ_2015;ZellerG_2014,46,UniRef90_R6E8V6,8,6,0.6021756371756372,0.012218363437132118,0.75,ITA,True,0.8620689655172413,1.0,-0.13793103448275867,0.521551724137931,control_enriched
ThomasAM_2018a,FengQ_2015;GuptaA_2019;ThomasAM_2019_c;VogtmannE_2016;WirbelJ_2018;YachidaS_2019;YuJ_2015;ZellerG_2014,47,UniRef90_A0A396CIN6,8,7,0.6021185506570598,0.03674597495527726,0.875,ITA,True,0.8620689655172413,0.9166666666666666,-0.054597701149425304,0.47126436781609193,control_enriched
ThomasAM_2018a,FengQ_2015;GuptaA_2019;ThomasAM_2019_c;VogtmannE_2016;WirbelJ_2018;YachidaS_2019;YuJ_2015;ZellerG_2014,48,UniRef90_A0A329U7R9,8,6,0.6015529525814092,0.047115384615384615,0.75,ITA,True,0.8620689655172413,0.9583333333333334,-0.09626436781609204,0.45689655172413796,control_enriched
ThomasAM_2018a,FengQ_2015;GuptaA_2019;ThomasAM_2019_c;VogtmannE_2016;WirbelJ_2018;YachidaS_2019;YuJ_2015;ZellerG_2014,49,UniRef90_E1WWW7,8,6,0.6012021637021636,0.014002385211687507,0.75,ITA,True,0.8620689655172413,1.0,-0.13793103448275867,0.5603448275862069,control_enriched
ThomasAM_2018a,FengQ_2015;GuptaA_2019;ThomasAM_2019_c;VogtmannE_2016;WirbelJ_2018;YachidaS_2019;YuJ_2015;ZellerG_2014,50,UniRef90_A0A174LYQ7,8,6,0.6008038808038808,0.01849576086353072,0.75,ITA,True,0.8620689655172413,1.0,-0.13793103448275867,0.45545977011494254,control_enriched
ThomasAM_2018a,FengQ_2015;GuptaA_2019;ThomasAM_2019_c;VogtmannE_2016;WirbelJ_2018;YachidaS_2019;YuJ_2015;ZellerG_2014,51,UniRef90_U2E1W9,8,6,0.5993589743589743,0.012002385211687505,0.75,ITA,True,0.8620689655172413,1.0,-0.13793103448275867,0.5272988505747126,control_enriched
ThomasAM_2018a,FengQ_2015;GuptaA_2019;ThomasAM_2019_c;VogtmannE_2016;WirbelJ_2018;YachidaS_2019;YuJ_2015;ZellerG_2014,52,UniRef90_A0A3E4UZ17,8,6,0.5992122026091875,0.013216185097867206,0.75,ITA,True,0.5517241379310345,0.375,0.17672413793103448,0.6501436781609196,crc_enriched
ThomasAM_2018a,FengQ_2015;GuptaA_2019;ThomasAM_2019_c;VogtmannE_2016;WirbelJ_2018;YachidaS_2019;YuJ_2015;ZellerG_2014,53,UniRef90_K5DFH8,8,6,0.5988116370808678,0.015182170542635709,0.75,ITA,True,0.8275862068965517,0.9166666666666666,-0.08908045977011492,0.5761494252873564,control_enriched
ThomasAM_2018a,FengQ_2015;GuptaA_2019;ThomasAM_2019_c;VogtmannE_2016;WirbelJ_2018;YachidaS_2019;YuJ_2015;ZellerG_2014,54,UniRef90_A0A192CAU6,8,6,0.596880736652531,0.02548236047879676,0.75,ITA,True,1.0,0.9166666666666666,0.08333333333333337,0.7241379310344828,crc_enriched
ThomasAM_2018a,FengQ_2015;GuptaA_2019;ThomasAM_2019_c;VogtmannE_2016;WirbelJ_2018;YachidaS_2019;YuJ_2015;ZellerG_2014,55,UniRef90_Q5LGR5,8,6,0.596804644881568,0.012312462731067397,0.75,ITA,True,0.8620689655172413,0.9583333333333334,-0.09626436781609204,0.5301724137931034,control_enriched
ThomasAM_2018a,FengQ_2015;GuptaA_2019;ThomasAM_2019_c;VogtmannE_2016;WirbelJ_2018;YachidaS_2019;YuJ_2015;ZellerG_2014,56,UniRef90_R6HMD9,8,6,0.5966515785207873,0.059935897435897445,0.75,ITA,True,0.8620689655172413,1.0,-0.13793103448275867,0.39798850574712646,control_enriched
ThomasAM_2018a,FengQ_2015;GuptaA_2019;ThomasAM_2019_c;VogtmannE_2016;WirbelJ_2018;YachidaS_2019;YuJ_2015;ZellerG_2014,57,UniRef90_H1CHY2,8,7,0.5965648340648341,0.05190947210743069,0.875,ITA,True,0.8275862068965517,1.0,-0.1724137931034483,0.4382183908045977,control_enriched
ThomasAM_2018a,FengQ_2015;GuptaA_2019;ThomasAM_2019_c;VogtmannE_2016;WirbelJ_2018;YachidaS_2019;YuJ_2015;ZellerG_2014,58,UniRef90_R5U8M7,8,6,0.5961322861322862,0.019551282051282037,0.75,ITA,True,0.8620689655172413,1.0,-0.13793103448275867,0.5229885057471264,control_enriched
ThomasAM_2018a,FengQ_2015;GuptaA_2019;ThomasAM_2019_c;VogtmannE_2016;WirbelJ_2018;YachidaS_2019;YuJ_2015;ZellerG_2014,59,UniRef90_A0A015P063,8,7,0.5944096292486689,0.02853667262969589,0.875,ITA,True,0.8620689655172413,0.9583333333333334,-0.09626436781609204,0.6235632183908046,control_enriched
ThomasAM_2018a,FengQ_2015;GuptaA_2019;ThomasAM_2019_c;VogtmannE_2016;WirbelJ_2018;YachidaS_2019;YuJ_2015;ZellerG_2014,60,UniRef90_C3QHA8,8,6,0.594065222042333,0.02037402745723188,0.75,ITA,True,0.8620689655172413,0.9583333333333334,-0.09626436781609204,0.5718390804597702,control_enriched
ThomasAM_2018a,FengQ_2015;GuptaA_2019;ThomasAM_2019_c;VogtmannE_2016;WirbelJ_2018;YachidaS_2019;YuJ_2015;ZellerG_2014,61,UniRef90_C6IIK9,8,6,0.5931681681681682,0.02130187480368395,0.75,ITA,True,0.8620689655172413,0.9166666666666666,-0.054597701149425304,0.5057471264367817,control_enriched
ThomasAM_2018a,FengQ_2015;GuptaA_2019;ThomasAM_2019_c;VogtmannE_2016;WirbelJ_2018;YachidaS_2019;YuJ_2015;ZellerG_2014,62,UniRef90_A0A3E5DY27,8,6,0.5929799662138048,0.04176676676676677,0.75,ITA,True,0.8275862068965517,0.9583333333333334,-0.13074712643678166,0.46479885057471265,control_enriched
ThomasAM_2018a,FengQ_2015;GuptaA_2019;ThomasAM_2019_c;VogtmannE_2016;WirbelJ_2018;YachidaS_2019;YuJ_2015;ZellerG_2014,63,UniRef90_A0A1G8DID3,8,6,0.5922912163632856,0.0127735214574064,0.75,ITA,True,0.8620689655172413,0.9583333333333334,-0.09626436781609204,0.5201149425287356,control_enriched
ThomasAM_2018a,FengQ_2015;GuptaA_2019;ThomasAM_2019_c;VogtmannE_2016;WirbelJ_2018;YachidaS_2019;YuJ_2015;ZellerG_2014,64,UniRef90_Q5LHS7,8,6,0.5915224358974359,0.02660113126023539,0.75,ITA,True,0.8620689655172413,1.0,-0.13793103448275867,0.5732758620689655,control_enriched
ThomasAM_2018a,FengQ_2015;GuptaA_2019;ThomasAM_2019_c;VogtmannE_2016;WirbelJ_2018;YachidaS_2019;YuJ_2015;ZellerG_2014,65,UniRef90_A0A139TCP8,8,6,0.590913073756765,0.015002502502502513,0.75,ITA,True,0.8275862068965517,1.0,-0.1724137931034483,0.4353448275862069,control_enriched
ThomasAM_2018a,FengQ_2015;GuptaA_2019;ThomasAM_2019_c;VogtmannE_2016;WirbelJ_2018;YachidaS_2019;YuJ_2015;ZellerG_2014,66,UniRef90_A0A396DXP6,8,6,0.5909017972503898,0.020465829149714065,0.75,ITA,True,0.8620689655172413,0.875,-0.012931034482758674,0.5603448275862069,control_enriched
ThomasAM_2018a,FengQ_2015;GuptaA_2019;ThomasAM_2019_c;VogtmannE_2016;WirbelJ_2018;YachidaS_2019;YuJ_2015;ZellerG_2014,67,UniRef90_Q89ZV6,8,6,0.5906109956109956,0.012697312697312724,0.75,ITA,True,0.8620689655172413,0.9583333333333334,-0.09626436781609204,0.5373563218390804,control_enriched
ThomasAM_2018a,FengQ_2015;GuptaA_2019;ThomasAM_2019_c;VogtmannE_2016;WirbelJ_2018;YachidaS_2019;YuJ_2015;ZellerG_2014,68,UniRef90_E7GME2,8,6,0.5905769863395007,0.023206240574010495,0.75,ITA,True,0.896551724137931,0.9583333333333334,-0.06178160919540232,0.3958333333333333,control_enriched
ThomasAM_2018a,FengQ_2015;GuptaA_2019;ThomasAM_2019_c;VogtmannE_2016;WirbelJ_2018;YachidaS_2019;YuJ_2015;ZellerG_2014,69,UniRef90_A0A069DBF6,8,7,0.5904760159567852,0.029166964080357183,0.875,ITA,True,0.8620689655172413,1.0,-0.13793103448275867,0.5057471264367817,control_enriched
ThomasAM_2018a,FengQ_2015;GuptaA_2019;ThomasAM_2019_c;VogtmannE_2016;WirbelJ_2018;YachidaS_2019;YuJ_2015;ZellerG_2014,70,UniRef90_A0A174BG28,8,6,0.5901374451374451,0.0127735214574064,0.75,ITA,True,0.8620689655172413,1.0,-0.13793103448275867,0.4985632183908046,control_enriched
ThomasAM_2018a,FengQ_2015;GuptaA_2019;ThomasAM_2019_c;VogtmannE_2016;WirbelJ_2018;YachidaS_2019;YuJ_2015;ZellerG_2014,71,UniRef90_A0A081TLD1,8,7,0.5896355455459326,0.07226790663227406,0.875,ITA,True,0.8620689655172413,1.0,-0.13793103448275867,0.5962643678160919,control_enriched
ThomasAM_2018a,FengQ_2015;GuptaA_2019;ThomasAM_2019_c;VogtmannE_2016;WirbelJ_2018;YachidaS_2019;YuJ_2015;ZellerG_2014,72,UniRef90_A8RVW4,8,6,0.5892124692370795,0.02621082621082621,0.75,ITA,True,0.8620689655172413,1.0,-0.13793103448275867,0.33620689655172414,control_enriched
ThomasAM_2018a,FengQ_2015;GuptaA_2019;ThomasAM_2019_c;VogtmannE_2016;WirbelJ_2018;YachidaS_2019;YuJ_2015;ZellerG_2014,73,UniRef90_A7LT91,8,6,0.5887251043530113,0.016513416815742366,0.75,ITA,True,0.8620689655172413,1.0,-0.13793103448275867,0.492816091954023,control_enriched
ThomasAM_2018a,FengQ_2015;GuptaA_2019;ThomasAM_2019_c;VogtmannE_2016;WirbelJ_2018;YachidaS_2019;YuJ_2015;ZellerG_2014,74,UniRef90_A0A396BUW3,8,6,0.5886510543949455,0.02641896071759975,0.75,ITA,True,0.8620689655172413,0.9583333333333334,-0.09626436781609204,0.5603448275862069,control_enriched
ThomasAM_2018a,FengQ_2015;GuptaA_2019;ThomasAM_2019_c;VogtmannE_2016;WirbelJ_2018;YachidaS_2019;YuJ_2015;ZellerG_2014,75,UniRef90_Q5L923,8,6,0.5883244307501962,0.010194810194810167,0.75,ITA,True,0.8620689655172413,1.0,-0.13793103448275867,0.5416666666666666,control_enriched
ThomasAM_2018a,FengQ_2015;GuptaA_2019;ThomasAM_2019_c;VogtmannE_2016;WirbelJ_2018;YachidaS_2019;YuJ_2015;ZellerG_2014,76,UniRef90_Q8A2N7,8,6,0.5880524755524755,0.014250447227191432,0.75,ITA,True,0.8620689655172413,0.9583333333333334,-0.09626436781609204,0.4425287356321839,control_enriched
ThomasAM_2018a,FengQ_2015;GuptaA_2019;ThomasAM_2019_c;VogtmannE_2016;WirbelJ_2018;YachidaS_2019;YuJ_2015;ZellerG_2014,77,UniRef90_A0A0K6BT56,8,6,0.5876959651959652,0.027425309508513906,0.75,ITA,True,0.8275862068965517,0.9166666666666666,-0.08908045977011492,0.4885057471264368,control_enriched
ThomasAM_2018a,FengQ_2015;GuptaA_2019;ThomasAM_2019_c;VogtmannE_2016;WirbelJ_2018;YachidaS_2019;YuJ_2015;ZellerG_2014,78,UniRef90_Q8A7Z6,8,6,0.5876707476707477,0.031045230674058344,0.75,ITA,True,0.8620689655172413,0.9583333333333334,-0.09626436781609204,0.5244252873563219,control_enriched
ThomasAM_2018a,FengQ_2015;GuptaA_2019;ThomasAM_2019_c;VogtmannE_2016;WirbelJ_2018;YachidaS_2019;YuJ_2015;ZellerG_2014,79,UniRef90_R5APM6,8,6,0.5876446043085968,0.035744186046511583,0.75,ITA,True,0.896551724137931,0.9583333333333334,-0.06178160919540232,0.41451149425287354,control_enriched
ThomasAM_2018a,FengQ_2015;GuptaA_2019;ThomasAM_2019_c;VogtmannE_2016;WirbelJ_2018;YachidaS_2019;YuJ_2015;ZellerG_2014,80,UniRef90_A0A397WFR9,8,6,0.5874371042640274,0.02031990129664557,0.75,ITA,True,0.8275862068965517,0.9583333333333334,-0.13074712643678166,0.6228448275862069,control_enriched
ThomasAM_2018a,FengQ_2015;GuptaA_2019;ThomasAM_2019_c;VogtmannE_2016;WirbelJ_2018;YachidaS_2019;YuJ_2015;ZellerG_2014,81,UniRef90_Q8A2B0,8,6,0.5874334319526627,0.023363890307559865,0.75,ITA,True,0.8620689655172413,1.0,-0.13793103448275867,0.47844827586206895,control_enriched
ThomasAM_2018a,FengQ_2015;GuptaA_2019;ThomasAM_2019_c;VogtmannE_2016;WirbelJ_2018;YachidaS_2019;YuJ_2015;ZellerG_2014,82,UniRef90_K1FSS9,8,6,0.5872882497882498,0.03640563640563643,0.75,ITA,True,0.8275862068965517,0.9583333333333334,-0.13074712643678166,0.6113505747126436,control_enriched
ThomasAM_2018a,FengQ_2015;GuptaA_2019;ThomasAM_2019_c;VogtmannE_2016;WirbelJ_2018;YachidaS_2019;YuJ_2015;ZellerG_2014,83,UniRef90_R6K753,8,6,0.5872299222299222,0.029303576102215123,0.75,ITA,True,0.8620689655172413,1.0,-0.13793103448275867,0.4468390804597701,control_enriched
ThomasAM_2018a,FengQ_2015;GuptaA_2019;ThomasAM_2019_c;VogtmannE_2016;WirbelJ_2018;YachidaS_2019;YuJ_2015;ZellerG_2014,84,UniRef90_A0A0P0FMY7,8,6,0.5869685069685069,0.019551282051282037,0.75,ITA,True,0.8620689655172413,0.9583333333333334,-0.09626436781609204,0.514367816091954,control_enriched
ThomasAM_2018a,FengQ_2015;GuptaA_2019;ThomasAM_2019_c;VogtmannE_2016;WirbelJ_2018;YachidaS_2019;YuJ_2015;ZellerG_2014,85,UniRef90_A0A174U258,8,6,0.5868990292067215,0.018813043813043828,0.75,ITA,True,0.8275862068965517,0.9166666666666666,-0.08908045977011492,0.6163793103448276,control_enriched
ThomasAM_2018a,FengQ_2015;GuptaA_2019;ThomasAM_2019_c;VogtmannE_2016;WirbelJ_2018;YachidaS_2019;YuJ_2015;ZellerG_2014,86,UniRef90_A0A139KHM2,8,6,0.5868922694403316,0.01394036970781154,0.75,ITA,True,0.8620689655172413,1.0,-0.13793103448275867,0.521551724137931,control_enriched
ThomasAM_2018a,FengQ_2015;GuptaA_2019;ThomasAM_2019_c;VogtmannE_2016;WirbelJ_2018;YachidaS_2019;YuJ_2015;ZellerG_2014,87,UniRef90_F7LTX8,8,6,0.586485138985139,0.019058139534883778,0.75,ITA,True,0.8275862068965517,0.9583333333333334,-0.13074712643678166,0.6170977011494253,control_enriched
ThomasAM_2018a,FengQ_2015;GuptaA_2019;ThomasAM_2019_c;VogtmannE_2016;WirbelJ_2018;YachidaS_2019;YuJ_2015;ZellerG_2014,88,UniRef90_A0A0K6BWB8,8,6,0.5861677135715597,0.019058139534883778,0.75,ITA,True,0.8275862068965517,0.9583333333333334,-0.13074712643678166,0.6070402298850575,control_enriched
ThomasAM_2018a,FengQ_2015;GuptaA_2019;ThomasAM_2019_c;VogtmannE_2016;WirbelJ_2018;YachidaS_2019;YuJ_2015;ZellerG_2014,89,UniRef90_A0A174M1S5,8,6,0.5861076082387557,0.05526996764206071,0.75,ITA,True,0.8620689655172413,1.0,-0.13793103448275867,0.4382183908045977,control_enriched
ThomasAM_2018a,FengQ_2015;GuptaA_2019;ThomasAM_2019_c;VogtmannE_2016;WirbelJ_2018;YachidaS_2019;YuJ_2015;ZellerG_2014,90,UniRef90_Q5LBQ4,8,6,0.585530338030338,0.010194810194810167,0.75,ITA,True,0.8620689655172413,1.0,-0.13793103448275867,0.5402298850574713,control_enriched
ThomasAM_2018a,FengQ_2015;GuptaA_2019;ThomasAM_2019_c;VogtmannE_2016;WirbelJ_2018;YachidaS_2019;YuJ_2015;ZellerG_2014,91,UniRef90_C9KYU1,8,6,0.5854516054516055,0.019547406082289775,0.75,ITA,True,0.8620689655172413,0.9583333333333334,-0.09626436781609204,0.47701149425287354,control_enriched
ThomasAM_2018a,FengQ_2015;GuptaA_2019;ThomasAM_2019_c;VogtmannE_2016;WirbelJ_2018;YachidaS_2019;YuJ_2015;ZellerG_2014,92,UniRef90_H1B745,8,7,0.5851886094674557,0.040931658299428186,0.875,ITA,True,0.6206896551724138,0.9166666666666666,-0.2959770114942528,0.3117816091954023,control_enriched
ThomasAM_2018a,FengQ_2015;GuptaA_2019;ThomasAM_2019_c;VogtmannE_2016;WirbelJ_2018;YachidaS_2019;YuJ_2015;ZellerG_2014,93,UniRef90_R6VDS6,8,7,0.5851070293925227,0.0127735214574064,0.875,ITA,True,0.8620689655172413,0.9166666666666666,-0.054597701149425304,0.5258620689655172,control_enriched
ThomasAM_2018a,FengQ_2015;GuptaA_2019;ThomasAM_2019_c;VogtmannE_2016;WirbelJ_2018;YachidaS_2019;YuJ_2015;ZellerG_2014,94,UniRef90_Q8A255,8,6,0.5849358974358974,0.010194810194810167,0.75,ITA,True,0.8620689655172413,1.0,-0.13793103448275867,0.5344827586206896,control_enriched
ThomasAM_2018a,FengQ_2015;GuptaA_2019;ThomasAM_2019_c;VogtmannE_2016;WirbelJ_2018;YachidaS_2019;YuJ_2015;ZellerG_2014,95,UniRef90_A0A0P0F0H3,8,6,0.5848525448525448,0.02260113126023544,0.75,ITA,True,0.8620689655172413,0.9166666666666666,-0.054597701149425304,0.47270114942528735,control_enriched
ThomasAM_2018a,FengQ_2015;GuptaA_2019;ThomasAM_2019_c;VogtmannE_2016;WirbelJ_2018;YachidaS_2019;YuJ_2015;ZellerG_2014,96,UniRef90_G9RSP7,8,6,0.5848212406451956,0.03960517894944132,0.75,ITA,True,0.8620689655172413,1.0,-0.13793103448275867,0.3735632183908046,control_enriched
ThomasAM_2018a,FengQ_2015;GuptaA_2019;ThomasAM_2019_c;VogtmannE_2016;WirbelJ_2018;YachidaS_2019;YuJ_2015;ZellerG_2014,97,UniRef90_A0A1Q6HKH0,8,6,0.5847929200465545,0.023306201550387595,0.75,ITA,True,0.8275862068965517,0.9583333333333334,-0.13074712643678166,0.5337643678160919,control_enriched
ThomasAM_2018a,FengQ_2015;GuptaA_2019;ThomasAM_2019_c;VogtmannE_2016;WirbelJ_2018;YachidaS_2019;YuJ_2015;ZellerG_2014,98,UniRef90_A8RVT2,8,6,0.5845660749506904,0.012056287056287085,0.75,ITA,True,0.8620689655172413,0.9583333333333334,-0.09626436781609204,0.3879310344827586,control_enriched
ThomasAM_2018a,FengQ_2015;GuptaA_2019;ThomasAM_2019_c;VogtmannE_2016;WirbelJ_2018;YachidaS_2019;YuJ_2015;ZellerG_2014,99,UniRef90_Q8A767,8,6,0.5841603141603142,0.013733452593917728,0.75,ITA,True,0.8620689655172413,0.9583333333333334,-0.09626436781609204,0.5272988505747126,control_enriched
ThomasAM_2018a,FengQ_2015;GuptaA_2019;ThomasAM_2019_c;VogtmannE_2016;WirbelJ_2018;YachidaS_2019;YuJ_2015;ZellerG_2014,100,UniRef90_W6PL08,8,6,0.583621158140389,0.011118664281454915,0.75,ITA,True,0.8620689655172413,1.0,-0.13793103448275867,0.46551724137931033,control_enriched
ThomasAM_2018b,FengQ_2015;GuptaA_2019;ThomasAM_2019_c;VogtmannE_2016;WirbelJ_2018;YachidaS_2019;YuJ_2015;ZellerG_2014,1,UniRef90_D4VQH3,8,6,0.6487639820457637,0.020192307692307676,0.75,ITA,True,0.90625,0.8571428571428571,0.049107142857142905,0.484375,crc_enriched
ThomasAM_2018b,FengQ_2015;GuptaA_2019;ThomasAM_2019_c;VogtmannE_2016;WirbelJ_2018;YachidaS_2019;YuJ_2015;ZellerG_2014,2,UniRef90_A0A174ULY2,8,6,0.6432051282051281,0.03494840994840992,0.75,ITA,True,0.96875,0.8928571428571429,0.0758928571428571,0.5987723214285714,crc_enriched
ThomasAM_2018b,FengQ_2015;GuptaA_2019;ThomasAM_2019_c;VogtmannE_2016;WirbelJ_2018;YachidaS_2019;YuJ_2015;ZellerG_2014,3,UniRef90_A0A0E2AL27,8,7,0.6417135776252916,0.04026535480023852,0.875,ITA,True,1.0,0.7857142857142857,0.2142857142857143,0.5859375,crc_enriched
ThomasAM_2018b,FengQ_2015;GuptaA_2019;ThomasAM_2019_c;VogtmannE_2016;WirbelJ_2018;YachidaS_2019;YuJ_2015;ZellerG_2014,4,UniRef90_A0A015TGA7,8,6,0.6373044579338076,0.06028528528528532,0.75,ITA,True,0.90625,0.8928571428571429,0.013392857142857095,0.5708705357142857,crc_enriched
ThomasAM_2018b,FengQ_2015;GuptaA_2019;ThomasAM_2019_c;VogtmannE_2016;WirbelJ_2018;YachidaS_2019;YuJ_2015;ZellerG_2014,5,UniRef90_A0A0F0C824,8,6,0.634349049018087,0.027243589743589702,0.75,ITA,True,1.0,1.0,0.0,0.41629464285714285,tie
ThomasAM_2018b,FengQ_2015;GuptaA_2019;ThomasAM_2019_c;VogtmannE_2016;WirbelJ_2018;YachidaS_2019;YuJ_2015;ZellerG_2014,6,UniRef90_A0A174XPU3,8,6,0.6333497610226049,0.05352852852852852,0.75,ITA,True,0.96875,0.9642857142857143,0.004464285714285698,0.6244419642857143,crc_enriched
ThomasAM_2018b,FengQ_2015;GuptaA_2019;ThomasAM_2019_c;VogtmannE_2016;WirbelJ_2018;YachidaS_2019;YuJ_2015;ZellerG_2014,7,UniRef90_G9YSZ3,8,6,0.6329395231243024,0.05272580272580274,0.75,ITA,True,1.0,0.9642857142857143,0.0357142857142857,0.46763392857142855,crc_enriched
ThomasAM_2018b,FengQ_2015;GuptaA_2019;ThomasAM_2019_c;VogtmannE_2016;WirbelJ_2018;YachidaS_2019;YuJ_2015;ZellerG_2014,8,UniRef90_Q8A0H8,8,6,0.6295430045430046,0.04711568202907512,0.75,ITA,True,0.84375,0.8571428571428571,-0.013392857142857095,0.43638392857142855,control_enriched
ThomasAM_2018b,FengQ_2015;GuptaA_2019;ThomasAM_2019_c;VogtmannE_2016;WirbelJ_2018;YachidaS_2019;YuJ_2015;ZellerG_2014,9,UniRef90_U2QIN0,8,6,0.6292932276538834,0.042754292754292766,0.75,ITA,True,0.9375,1.0,-0.0625,0.578125,control_enriched
ThomasAM_2018b,FengQ_2015;GuptaA_2019;ThomasAM_2019_c;VogtmannE_2016;WirbelJ_2018;YachidaS_2019;YuJ_2015;ZellerG_2014,10,UniRef90_K1GB77,8,6,0.628085778085778,0.01600238521168751,0.75,ITA,True,0.9375,0.9285714285714286,0.008928571428571397,0.45200892857142855,crc_enriched
ThomasAM_2018b,FengQ_2015;GuptaA_2019;ThomasAM_2019_c;VogtmannE_2016;WirbelJ_2018;YachidaS_2019;YuJ_2015;ZellerG_2014,11,UniRef90_A0A329TH64,8,7,0.6266771449704142,0.038921883579462746,0.875,ITA,True,0.96875,0.9285714285714286,0.0401785714285714,0.4174107142857143,crc_enriched
ThomasAM_2018b,FengQ_2015;GuptaA_2019;ThomasAM_2019_c;VogtmannE_2016;WirbelJ_2018;YachidaS_2019;YuJ_2015;ZellerG_2014,12,UniRef90_A0A096C9P0,8,6,0.6234741583299275,0.05100912465202595,0.75,ITA,True,1.0,0.8928571428571429,0.1071428571428571,0.5212053571428571,crc_enriched
ThomasAM_2018b,FengQ_2015;GuptaA_2019;ThomasAM_2019_c;VogtmannE_2016;WirbelJ_2018;YachidaS_2019;YuJ_2015;ZellerG_2014,13,UniRef90_R5JBH5,8,7,0.6231546075924362,0.018222239406124385,0.875,ITA,True,0.90625,0.9642857142857143,-0.0580357142857143,0.42801339285714285,control_enriched
ThomasAM_2018b,FengQ_2015;GuptaA_2019;ThomasAM_2019_c;VogtmannE_2016;WirbelJ_2018;YachidaS_2019;YuJ_2015;ZellerG_2014,14,UniRef90_R5REJ2,8,7,0.6230886655886656,0.028799162483047425,0.875,ITA,True,0.9375,0.9285714285714286,0.008928571428571397,0.4486607142857143,crc_enriched
ThomasAM_2018b,FengQ_2015;GuptaA_2019;ThomasAM_2019_c;VogtmannE_2016;WirbelJ_2018;YachidaS_2019;YuJ_2015;ZellerG_2014,15,UniRef90_D6DDN4,8,6,0.6212241625089094,0.01932127476313522,0.75,ITA,True,1.0,1.0,0.0,0.421875,tie
ThomasAM_2018b,FengQ_2015;GuptaA_2019;ThomasAM_2019_c;VogtmannE_2016;WirbelJ_2018;YachidaS_2019;YuJ_2015;ZellerG_2014,16,UniRef90_A0A0P0FEI0,8,6,0.6211195811195811,0.0127735214574064,0.75,ITA,True,0.96875,0.8928571428571429,0.0758928571428571,0.41685267857142855,crc_enriched
ThomasAM_2018b,FengQ_2015;GuptaA_2019;ThomasAM_2019_c;VogtmannE_2016;WirbelJ_2018;YachidaS_2019;YuJ_2015;ZellerG_2014,17,UniRef90_K1GFZ0,8,6,0.6205403480403481,0.019551282051282037,0.75,ITA,True,0.96875,0.9285714285714286,0.0401785714285714,0.43080357142857145,crc_enriched
ThomasAM_2018b,FengQ_2015;GuptaA_2019;ThomasAM_2019_c;VogtmannE_2016;WirbelJ_2018;YachidaS_2019;YuJ_2015;ZellerG_2014,18,UniRef90_Q8AAN7,8,6,0.6200889350889351,0.012056287056287085,0.75,ITA,True,0.9375,0.8928571428571429,0.044642857142857095,0.45424107142857145,crc_enriched
ThomasAM_2018b,FengQ_2015;GuptaA_2019;ThomasAM_2019_c;VogtmannE_2016;WirbelJ_2018;YachidaS_2019;YuJ_2015;ZellerG_2014,19,UniRef90_A0A143WWX7,8,6,0.620075511902435,0.03637994629333946,0.75,ITA,True,1.0,0.9642857142857143,0.0357142857142857,0.5345982142857143,crc_enriched
ThomasAM_2018b,FengQ_2015;GuptaA_2019;ThomasAM_2019_c;VogtmannE_2016;WirbelJ_2018;YachidaS_2019;YuJ_2015;ZellerG_2014,20,UniRef90_Q8AAP2,8,6,0.6200398475398475,0.009553784553784528,0.75,ITA,True,0.96875,0.9285714285714286,0.0401785714285714,0.4174107142857143,crc_enriched
ThomasAM_2018b,FengQ_2015;GuptaA_2019;ThomasAM_2019_c;VogtmannE_2016;WirbelJ_2018;YachidaS_2019;YuJ_2015;ZellerG_2014,21,UniRef90_A0A176U5P3,8,6,0.618241474064611,0.02394447881224865,0.75,ITA,True,0.96875,1.0,-0.03125,0.45089285714285715,control_enriched
ThomasAM_2018b,FengQ_2015;GuptaA_2019;ThomasAM_2019_c;VogtmannE_2016;WirbelJ_2018;YachidaS_2019;YuJ_2015;ZellerG_2014,22,UniRef90_R6JIG2,8,6,0.6174324324324325,0.020192307692307676,0.75,ITA,True,0.96875,0.8571428571428571,0.1116071428571429,0.44642857142857145,crc_enriched
ThomasAM_2018b,FengQ_2015;GuptaA_2019;ThomasAM_2019_c;VogtmannE_2016;WirbelJ_2018;YachidaS_2019;YuJ_2015;ZellerG_2014,23,UniRef90_Q8A0X7,8,6,0.6170845296270597,0.0127735214574064,0.75,ITA,True,0.90625,0.8928571428571429,0.013392857142857095,0.4146205357142857,crc_enriched
ThomasAM_2018b,FengQ_2015;GuptaA_2019;ThomasAM_2019_c;VogtmannE_2016;WirbelJ_2018;YachidaS_2019;YuJ_2015;ZellerG_2014,24,UniRef90_R5RC53,8,7,0.6162394509651761,0.03244590744590742,0.875,ITA,True,0.9375,0.9285714285714286,0.008928571428571397,0.5200892857142857,crc_enriched
ThomasAM_2018b,FengQ_2015;GuptaA_2019;ThomasAM_2019_c;VogtmannE_2016;WirbelJ_2018;YachidaS_2019;YuJ_2015;ZellerG_2014,25,UniRef90_R5U6R9,8,6,0.6156156156156156,0.01971434120515908,0.75,ITA,True,0.9375,0.8928571428571429,0.044642857142857095,0.47433035714285715,crc_enriched
ThomasAM_2018b,FengQ_2015;GuptaA_2019;ThomasAM_2019_c;VogtmannE_2016;WirbelJ_2018;YachidaS_2019;YuJ_2015;ZellerG_2014,26,UniRef90_W6P8M8,8,7,0.6133985908985908,0.02284850936258298,0.875,ITA,True,0.9375,0.9285714285714286,0.008928571428571397,0.40736607142857145,crc_enriched
ThomasAM_2018b,FengQ_2015;GuptaA_2019;ThomasAM_2019_c;VogtmannE_2016;WirbelJ_2018;YachidaS_2019;YuJ_2015;ZellerG_2014,27,UniRef90_A0A0K6BZ65,8,6,0.6131150381150381,0.018477100252483503,0.75,ITA,True,0.9375,0.9285714285714286,0.008928571428571397,0.40736607142857145,crc_enriched
ThomasAM_2018b,FengQ_2015;GuptaA_2019;ThomasAM_2019_c;VogtmannE_2016;WirbelJ_2018;YachidaS_2019;YuJ_2015;ZellerG_2014,28,UniRef90_I9RD05,8,6,0.612978714661407,0.03141085271317828,0.75,ITA,True,1.0,0.8928571428571429,0.1071428571428571,0.5736607142857143,crc_enriched
ThomasAM_2018b,FengQ_2015;GuptaA_2019;ThomasAM_2019_c;VogtmannE_2016;WirbelJ_2018;YachidaS_2019;YuJ_2015;ZellerG_2014,29,UniRef90_A0A139TAG2,8,6,0.612968737968738,0.03571383251247151,0.75,ITA,True,0.90625,0.9285714285714286,-0.022321428571428603,0.40066964285714285,control_enriched
ThomasAM_2018b,FengQ_2015;GuptaA_2019;ThomasAM_2019_c;VogtmannE_2016;WirbelJ_2018;YachidaS_2019;YuJ_2015;ZellerG_2014,30,UniRef90_Q5L7Q8,8,6,0.6117536767536768,0.02499612403100776,0.75,ITA,True,0.90625,0.9285714285714286,-0.022321428571428603,0.4497767857142857,control_enriched
ThomasAM_2018b,FengQ_2015;GuptaA_2019;ThomasAM_2019_c;VogtmannE_2016;WirbelJ_2018;YachidaS_2019;YuJ_2015;ZellerG_2014,31,UniRef90_A0A3E5H1E2,8,6,0.610476437976438,0.020483601669648133,0.75,ITA,True,0.90625,0.8928571428571429,0.013392857142857095,0.44252232142857145,crc_enriched
ThomasAM_2018b,FengQ_2015;GuptaA_2019;ThomasAM_2019_c;VogtmannE_2016;WirbelJ_2018;YachidaS_2019;YuJ_2015;ZellerG_2014,32,UniRef90_Q5LIJ3,8,6,0.6097127954754469,0.0551282051282051,0.75,ITA,True,0.78125,0.75,0.03125,0.45926339285714285,crc_enriched
ThomasAM_2018b,FengQ_2015;GuptaA_2019;ThomasAM_2019_c;VogtmannE_2016;WirbelJ_2018;YachidaS_2019;YuJ_2015;ZellerG_2014,33,UniRef90_G2T4T7,8,6,0.6094999806681101,0.019454069454069467,0.75,ITA,True,1.0,1.0,0.0,0.6685267857142857,tie
ThomasAM_2018b,FengQ_2015;GuptaA_2019;ThomasAM_2019_c;VogtmannE_2016;WirbelJ_2018;YachidaS_2019;YuJ_2015;ZellerG_2014,34,UniRef90_Q8A5V6,8,6,0.6091260491260491,0.022207483721557342,0.75,ITA,True,0.90625,0.8928571428571429,0.013392857142857095,0.42801339285714285,crc_enriched
ThomasAM_2018b,FengQ_2015;GuptaA_2019;ThomasAM_2019_c;VogtmannE_2016;WirbelJ_2018;YachidaS_2019;YuJ_2015;ZellerG_2014,35,UniRef90_R5UTQ0,8,6,0.6083297572239732,0.020465829149714065,0.75,ITA,True,0.90625,0.9285714285714286,-0.022321428571428603,0.46651785714285715,control_enriched
ThomasAM_2018b,FengQ_2015;GuptaA_2019;ThomasAM_2019_c;VogtmannE_2016;WirbelJ_2018;YachidaS_2019;YuJ_2015;ZellerG_2014,36,UniRef90_R5MMU2,8,6,0.6078089628089628,0.027656201670275327,0.75,ITA,True,0.84375,0.8571428571428571,-0.013392857142857095,0.46986607142857145,control_enriched
ThomasAM_2018b,FengQ_2015;GuptaA_2019;ThomasAM_2019_c;VogtmannE_2016;WirbelJ_2018;YachidaS_2019;YuJ_2015;ZellerG_2014,37,UniRef90_R6JSF5,8,6,0.6070124408355153,0.016666666666666663,0.75,ITA,True,0.90625,0.9285714285714286,-0.022321428571428603,0.44308035714285715,control_enriched
ThomasAM_2018b,FengQ_2015;GuptaA_2019;ThomasAM_2019_c;VogtmannE_2016;WirbelJ_2018;YachidaS_2019;YuJ_2015;ZellerG_2014,38,UniRef90_C9KR75,8,6,0.6068612882910749,0.03635485815349715,0.75,ITA,True,0.9375,0.8928571428571429,0.044642857142857095,0.5011160714285714,crc_enriched
ThomasAM_2018b,FengQ_2015;GuptaA_2019;ThomasAM_2019_c;VogtmannE_2016;WirbelJ_2018;YachidaS_2019;YuJ_2015;ZellerG_2014,39,UniRef90_U2QN46,8,6,0.6067739887740555,0.02299179728430406,0.75,ITA,True,1.0,1.0,0.0,0.44419642857142855,tie
ThomasAM_2018b,FengQ_2015;GuptaA_2019;ThomasAM_2019_c;VogtmannE_2016;WirbelJ_2018;YachidaS_2019;YuJ_2015;ZellerG_2014,40,UniRef90_A0A174LXZ3,8,6,0.6067602217602217,0.015393588885931675,0.75,ITA,True,0.9375,0.8928571428571429,0.044642857142857095,0.45535714285714285,crc_enriched
ThomasAM_2018b,FengQ_2015;GuptaA_2019;ThomasAM_2019_c;VogtmannE_2016;WirbelJ_2018;YachidaS_2019;YuJ_2015;ZellerG_2014,41,UniRef90_A0A3E2B0H7,8,6,0.6062816874890733,0.02893261776982703,0.75,ITA,True,1.0,1.0,0.0,0.734375,tie
ThomasAM_2018b,FengQ_2015;GuptaA_2019;ThomasAM_2019_c;VogtmannE_2016;WirbelJ_2018;YachidaS_2019;YuJ_2015;ZellerG_2014,42,UniRef90_A0A0K6BQY7,8,6,0.6055942464270643,0.012002385211687505,0.75,ITA,True,1.0,1.0,0.0,0.38058035714285715,tie
ThomasAM_2018b,FengQ_2015;GuptaA_2019;ThomasAM_2019_c;VogtmannE_2016;WirbelJ_2018;YachidaS_2019;YuJ_2015;ZellerG_2014,43,UniRef90_A0A374W8G2,8,6,0.6045933137279291,0.00921645796064402,0.75,ITA,True,1.0,0.9285714285714286,0.0714285714285714,0.5714285714285714,crc_enriched
ThomasAM_2018b,FengQ_2015;GuptaA_2019;ThomasAM_2019_c;VogtmannE_2016;WirbelJ_2018;YachidaS_2019;YuJ_2015;ZellerG_2014,44,UniRef90_Q5LDK8,8,6,0.6030128205128205,0.01341454709843204,0.75,ITA,True,0.9375,0.9285714285714286,0.008928571428571397,0.4564732142857143,crc_enriched
ThomasAM_2018b,FengQ_2015;GuptaA_2019;ThomasAM_2019_c;VogtmannE_2016;WirbelJ_2018;YachidaS_2019;YuJ_2015;ZellerG_2014,45,UniRef90_W4PLW4,8,6,0.6029793254793254,0.010194810194810167,0.75,ITA,True,0.9375,0.9642857142857143,-0.0267857142857143,0.48549107142857145,control_enriched
ThomasAM_2018b,FengQ_2015;GuptaA_2019;ThomasAM_2019_c;VogtmannE_2016;WirbelJ_2018;YachidaS_2019;YuJ_2015;ZellerG_2014,46,UniRef90_R6E8V6,8,6,0.6021756371756372,0.012218363437132118,0.75,ITA,True,0.90625,0.9285714285714286,-0.022321428571428603,0.40736607142857145,control_enriched
ThomasAM_2018b,FengQ_2015;GuptaA_2019;ThomasAM_2019_c;VogtmannE_2016;WirbelJ_2018;YachidaS_2019;YuJ_2015;ZellerG_2014,47,UniRef90_A0A396CIN6,8,7,0.6021185506570598,0.03674597495527726,0.875,ITA,True,0.9375,1.0,-0.0625,0.453125,control_enriched
ThomasAM_2018b,FengQ_2015;GuptaA_2019;ThomasAM_2019_c;VogtmannE_2016;WirbelJ_2018;YachidaS_2019;YuJ_2015;ZellerG_2014,48,UniRef90_A0A329U7R9,8,6,0.6015529525814092,0.047115384615384615,0.75,ITA,True,1.0,1.0,0.0,0.7232142857142857,tie
ThomasAM_2018b,FengQ_2015;GuptaA_2019;ThomasAM_2019_c;VogtmannE_2016;WirbelJ_2018;YachidaS_2019;YuJ_2015;ZellerG_2014,49,UniRef90_E1WWW7,8,6,0.6012021637021636,0.014002385211687507,0.75,ITA,True,0.96875,0.9642857142857143,0.004464285714285698,0.49832589285714285,crc_enriched
ThomasAM_2018b,FengQ_2015;GuptaA_2019;ThomasAM_2019_c;VogtmannE_2016;WirbelJ_2018;YachidaS_2019;YuJ_2015;ZellerG_2014,50,UniRef90_A0A174LYQ7,8,6,0.6008038808038808,0.01849576086353072,0.75,ITA,True,0.90625,0.8571428571428571,0.049107142857142905,0.4140625,crc_enriched
ThomasAM_2018b,FengQ_2015;GuptaA_2019;ThomasAM_2019_c;VogtmannE_2016;WirbelJ_2018;YachidaS_2019;YuJ_2015;ZellerG_2014,51,UniRef90_U2E1W9,8,6,0.5993589743589743,0.012002385211687505,0.75,ITA,True,1.0,0.9285714285714286,0.0714285714285714,0.48214285714285715,crc_enriched
ThomasAM_2018b,FengQ_2015;GuptaA_2019;ThomasAM_2019_c;VogtmannE_2016;WirbelJ_2018;YachidaS_2019;YuJ_2015;ZellerG_2014,52,UniRef90_A0A3E4UZ17,8,6,0.5992122026091875,0.013216185097867206,0.75,ITA,True,0.96875,1.0,-0.03125,0.4296875,control_enriched
ThomasAM_2018b,FengQ_2015;GuptaA_2019;ThomasAM_2019_c;VogtmannE_2016;WirbelJ_2018;YachidaS_2019;YuJ_2015;ZellerG_2014,53,UniRef90_K5DFH8,8,6,0.5988116370808678,0.015182170542635709,0.75,ITA,True,0.84375,0.8214285714285714,0.022321428571428603,0.45814732142857145,crc_enriched
ThomasAM_2018b,FengQ_2015;GuptaA_2019;ThomasAM_2019_c;VogtmannE_2016;WirbelJ_2018;YachidaS_2019;YuJ_2015;ZellerG_2014,54,UniRef90_A0A192CAU6,8,6,0.596880736652531,0.02548236047879676,0.75,ITA,True,0.96875,0.8571428571428571,0.1116071428571429,0.7154017857142857,crc_enriched
ThomasAM_2018b,FengQ_2015;GuptaA_2019;ThomasAM_2019_c;VogtmannE_2016;WirbelJ_2018;YachidaS_2019;YuJ_2015;ZellerG_2014,55,UniRef90_Q5LGR5,8,6,0.596804644881568,0.012312462731067397,0.75,ITA,True,0.9375,0.8571428571428571,0.0803571428571429,0.4330357142857143,crc_enriched
ThomasAM_2018b,FengQ_2015;GuptaA_2019;ThomasAM_2019_c;VogtmannE_2016;WirbelJ_2018;YachidaS_2019;YuJ_2015;ZellerG_2014,56,UniRef90_R6HMD9,8,6,0.5966515785207873,0.059935897435897445,0.75,ITA,True,1.0,0.9285714285714286,0.0714285714285714,0.7321428571428571,crc_enriched
ThomasAM_2018b,FengQ_2015;GuptaA_2019;ThomasAM_2019_c;VogtmannE_2016;WirbelJ_2018;YachidaS_2019;YuJ_2015;ZellerG_2014,57,UniRef90_H1CHY2,8,7,0.5965648340648341,0.05190947210743069,0.875,ITA,True,1.0,1.0,0.0,0.7578125,tie
ThomasAM_2018b,FengQ_2015;GuptaA_2019;ThomasAM_2019_c;VogtmannE_2016;WirbelJ_2018;YachidaS_2019;YuJ_2015;ZellerG_2014,58,UniRef90_R5U8M7,8,6,0.5961322861322862,0.019551282051282037,0.75,ITA,True,0.9375,0.8571428571428571,0.0803571428571429,0.40066964285714285,crc_enriched
ThomasAM_2018b,FengQ_2015;GuptaA_2019;ThomasAM_2019_c;VogtmannE_2016;WirbelJ_2018;YachidaS_2019;YuJ_2015;ZellerG_2014,59,UniRef90_A0A015P063,8,7,0.5944096292486689,0.02853667262969589,0.875,ITA,True,0.96875,1.0,-0.03125,0.3705357142857143,control_enriched
ThomasAM_2018b,FengQ_2015;GuptaA_2019;ThomasAM_2019_c;VogtmannE_2016;WirbelJ_2018;YachidaS_2019;YuJ_2015;ZellerG_2014,60,UniRef90_C3QHA8,8,6,0.594065222042333,0.02037402745723188,0.75,ITA,True,0.9375,0.8571428571428571,0.0803571428571429,0.40513392857142855,crc_enriched
ThomasAM_2018b,FengQ_2015;GuptaA_2019;ThomasAM_2019_c;VogtmannE_2016;WirbelJ_2018;YachidaS_2019;YuJ_2015;ZellerG_2014,61,UniRef90_C6IIK9,8,6,0.5931681681681682,0.02130187480368395,0.75,ITA,True,0.90625,0.8928571428571429,0.013392857142857095,0.43247767857142855,crc_enriched
ThomasAM_2018b,FengQ_2015;GuptaA_2019;ThomasAM_2019_c;VogtmannE_2016;WirbelJ_2018;YachidaS_2019;YuJ_2015;ZellerG_2014,62,UniRef90_A0A3E5DY27,8,6,0.5929799662138048,0.04176676676676677,0.75,ITA,True,1.0,0.9642857142857143,0.0357142857142857,0.5234375,crc_enriched
ThomasAM_2018b,FengQ_2015;GuptaA_2019;ThomasAM_2019_c;VogtmannE_2016;WirbelJ_2018;YachidaS_2019;YuJ_2015;ZellerG_2014,63,UniRef90_A0A1G8DID3,8,6,0.5922912163632856,0.0127735214574064,0.75,ITA,True,0.90625,0.9285714285714286,-0.022321428571428603,0.40736607142857145,control_enriched
ThomasAM_2018b,FengQ_2015;GuptaA_2019;ThomasAM_2019_c;VogtmannE_2016;WirbelJ_2018;YachidaS_2019;YuJ_2015;ZellerG_2014,64,UniRef90_Q5LHS7,8,6,0.5915224358974359,0.02660113126023539,0.75,ITA,True,0.9375,0.9285714285714286,0.008928571428571397,0.5223214285714286,crc_enriched
ThomasAM_2018b,FengQ_2015;GuptaA_2019;ThomasAM_2019_c;VogtmannE_2016;WirbelJ_2018;YachidaS_2019;YuJ_2015;ZellerG_2014,65,UniRef90_A0A139TCP8,8,6,0.590913073756765,0.015002502502502513,0.75,ITA,True,0.90625,0.9642857142857143,-0.0580357142857143,0.42578125,control_enriched
ThomasAM_2018b,FengQ_2015;GuptaA_2019;ThomasAM_2019_c;VogtmannE_2016;WirbelJ_2018;YachidaS_2019;YuJ_2015;ZellerG_2014,66,UniRef90_A0A396DXP6,8,6,0.5909017972503898,0.020465829149714065,0.75,ITA,True,0.875,0.8571428571428571,0.017857142857142905,0.39174107142857145,crc_enriched
ThomasAM_2018b,FengQ_2015;GuptaA_2019;ThomasAM_2019_c;VogtmannE_2016;WirbelJ_2018;YachidaS_2019;YuJ_2015;ZellerG_2014,67,UniRef90_Q89ZV6,8,6,0.5906109956109956,0.012697312697312724,0.75,ITA,True,0.9375,0.9285714285714286,0.008928571428571397,0.44419642857142855,crc_enriched
ThomasAM_2018b,FengQ_2015;GuptaA_2019;ThomasAM_2019_c;VogtmannE_2016;WirbelJ_2018;YachidaS_2019;YuJ_2015;ZellerG_2014,68,UniRef90_E7GME2,8,6,0.5905769863395007,0.023206240574010495,0.75,ITA,True,1.0,1.0,0.0,0.5647321428571429,tie
ThomasAM_2018b,FengQ_2015;GuptaA_2019;ThomasAM_2019_c;VogtmannE_2016;WirbelJ_2018;YachidaS_2019;YuJ_2015;ZellerG_2014,69,UniRef90_A0A069DBF6,8,7,0.5904760159567852,0.029166964080357183,0.875,ITA,True,0.9375,0.8571428571428571,0.0803571428571429,0.4921875,crc_enriched
ThomasAM_2018b,FengQ_2015;GuptaA_2019;ThomasAM_2019_c;VogtmannE_2016;WirbelJ_2018;YachidaS_2019;YuJ_2015;ZellerG_2014,70,UniRef90_A0A174BG28,8,6,0.5901374451374451,0.0127735214574064,0.75,ITA,True,0.9375,0.8928571428571429,0.044642857142857095,0.4107142857142857,crc_enriched
ThomasAM_2018b,FengQ_2015;GuptaA_2019;ThomasAM_2019_c;VogtmannE_2016;WirbelJ_2018;YachidaS_2019;YuJ_2015;ZellerG_2014,71,UniRef90_A0A081TLD1,8,7,0.5896355455459326,0.07226790663227406,0.875,ITA,True,0.875,0.8571428571428571,0.017857142857142905,0.6049107142857143,crc_enriched
ThomasAM_2018b,FengQ_2015;GuptaA_2019;ThomasAM_2019_c;VogtmannE_2016;WirbelJ_2018;YachidaS_2019;YuJ_2015;ZellerG_2014,72,UniRef90_A8RVW4,8,6,0.5892124692370795,0.02621082621082621,0.75,ITA,True,1.0,1.0,0.0,0.38169642857142855,tie
ThomasAM_2018b,FengQ_2015;GuptaA_2019;ThomasAM_2019_c;VogtmannE_2016;WirbelJ_2018;YachidaS_2019;YuJ_2015;ZellerG_2014,73,UniRef90_A7LT91,8,6,0.5887251043530113,0.016513416815742366,0.75,ITA,True,0.96875,0.9285714285714286,0.0401785714285714,0.37611607142857145,crc_enriched
ThomasAM_2018b,FengQ_2015;GuptaA_2019;ThomasAM_2019_c;VogtmannE_2016;WirbelJ_2018;YachidaS_2019;YuJ_2015;ZellerG_2014,74,UniRef90_A0A396BUW3,8,6,0.5886510543949455,0.02641896071759975,0.75,ITA,True,0.875,0.8571428571428571,0.017857142857142905,0.47544642857142855,crc_enriched
ThomasAM_2018b,FengQ_2015;GuptaA_2019;ThomasAM_2019_c;VogtmannE_2016;WirbelJ_2018;YachidaS_2019;YuJ_2015;ZellerG_2014,75,UniRef90_Q5L923,8,6,0.5883244307501962,0.010194810194810167,0.75,ITA,True,1.0,0.9642857142857143,0.0357142857142857,0.47767857142857145,crc_enriched
ThomasAM_2018b,FengQ_2015;GuptaA_2019;ThomasAM_2019_c;VogtmannE_2016;WirbelJ_2018;YachidaS_2019;YuJ_2015;ZellerG_2014,76,UniRef90_Q8A2N7,8,6,0.5880524755524755,0.014250447227191432,0.75,ITA,True,0.9375,0.9285714285714286,0.008928571428571397,0.38950892857142855,crc_enriched
ThomasAM_2018b,FengQ_2015;GuptaA_2019;ThomasAM_2019_c;VogtmannE_2016;WirbelJ_2018;YachidaS_2019;YuJ_2015;ZellerG_2014,77,UniRef90_A0A0K6BT56,8,6,0.5876959651959652,0.027425309508513906,0.75,ITA,True,0.9375,0.7857142857142857,0.1517857142857143,0.5200892857142857,crc_enriched
ThomasAM_2018b,FengQ_2015;GuptaA_2019;ThomasAM_2019_c;VogtmannE_2016;WirbelJ_2018;YachidaS_2019;YuJ_2015;ZellerG_2014,78,UniRef90_Q8A7Z6,8,6,0.5876707476707477,0.031045230674058344,0.75,ITA,True,0.90625,0.8571428571428571,0.049107142857142905,0.4564732142857143,crc_enriched
ThomasAM_2018b,FengQ_2015;GuptaA_2019;ThomasAM_2019_c;VogtmannE_2016;WirbelJ_2018;YachidaS_2019;YuJ_2015;ZellerG_2014,79,UniRef90_R5APM6,8,6,0.5876446043085968,0.035744186046511583,0.75,ITA,True,1.0,1.0,0.0,0.6473214285714286,tie
ThomasAM_2018b,FengQ_2015;GuptaA_2019;ThomasAM_2019_c;VogtmannE_2016;WirbelJ_2018;YachidaS_2019;YuJ_2015;ZellerG_2014,80,UniRef90_A0A397WFR9,8,6,0.5874371042640274,0.02031990129664557,0.75,ITA,True,0.9375,1.0,-0.0625,0.28794642857142855,control_enriched
ThomasAM_2018b,FengQ_2015;GuptaA_2019;ThomasAM_2019_c;VogtmannE_2016;WirbelJ_2018;YachidaS_2019;YuJ_2015;ZellerG_2014,81,UniRef90_Q8A2B0,8,6,0.5874334319526627,0.023363890307559865,0.75,ITA,True,0.875,0.8928571428571429,-0.017857142857142905,0.4375,control_enriched
ThomasAM_2018b,FengQ_2015;GuptaA_2019;ThomasAM_2019_c;VogtmannE_2016;WirbelJ_2018;YachidaS_2019;YuJ_2015;ZellerG_2014,82,UniRef90_K1FSS9,8,6,0.5872882497882498,0.03640563640563643,0.75,ITA,True,0.96875,1.0,-0.03125,0.2700892857142857,control_enriched
ThomasAM_2018b,FengQ_2015;GuptaA_2019;ThomasAM_2019_c;VogtmannE_2016;WirbelJ_2018;YachidaS_2019;YuJ_2015;ZellerG_2014,83,UniRef90_R6K753,8,6,0.5872299222299222,0.029303576102215123,0.75,ITA,True,0.9375,0.9642857142857143,-0.0267857142857143,0.38839285714285715,control_enriched
ThomasAM_2018b,FengQ_2015;GuptaA_2019;ThomasAM_2019_c;VogtmannE_2016;WirbelJ_2018;YachidaS_2019;YuJ_2015;ZellerG_2014,84,UniRef90_A0A0P0FMY7,8,6,0.5869685069685069,0.019551282051282037,0.75,ITA,True,0.96875,0.8571428571428571,0.1116071428571429,0.40513392857142855,crc_enriched
ThomasAM_2018b,FengQ_2015;GuptaA_2019;ThomasAM_2019_c;VogtmannE_2016;WirbelJ_2018;YachidaS_2019;YuJ_2015;ZellerG_2014,85,UniRef90_A0A174U258,8,6,0.5868990292067215,0.018813043813043828,0.75,ITA,True,0.9375,1.0,-0.0625,0.2700892857142857,control_enriched
ThomasAM_2018b,FengQ_2015;GuptaA_2019;ThomasAM_2019_c;VogtmannE_2016;WirbelJ_2018;YachidaS_2019;YuJ_2015;ZellerG_2014,86,UniRef90_A0A139KHM2,8,6,0.5868922694403316,0.01394036970781154,0.75,ITA,True,1.0,0.9642857142857143,0.0357142857142857,0.4654017857142857,crc_enriched
ThomasAM_2018b,FengQ_2015;GuptaA_2019;ThomasAM_2019_c;VogtmannE_2016;WirbelJ_2018;YachidaS_2019;YuJ_2015;ZellerG_2014,87,UniRef90_F7LTX8,8,6,0.586485138985139,0.019058139534883778,0.75,ITA,True,0.90625,1.0,-0.09375,0.28348214285714285,control_enriched
ThomasAM_2018b,FengQ_2015;GuptaA_2019;ThomasAM_2019_c;VogtmannE_2016;WirbelJ_2018;YachidaS_2019;YuJ_2015;ZellerG_2014,88,UniRef90_A0A0K6BWB8,8,6,0.5861677135715597,0.019058139534883778,0.75,ITA,True,0.9375,1.0,-0.0625,0.28348214285714285,control_enriched
ThomasAM_2018b,FengQ_2015;GuptaA_2019;ThomasAM_2019_c;VogtmannE_2016;WirbelJ_2018;YachidaS_2019;YuJ_2015;ZellerG_2014,89,UniRef90_A0A174M1S5,8,6,0.5861076082387557,0.05526996764206071,0.75,ITA,True,1.0,0.9642857142857143,0.0357142857142857,0.7220982142857143,crc_enriched
ThomasAM_2018b,FengQ_2015;GuptaA_2019;ThomasAM_2019_c;VogtmannE_2016;WirbelJ_2018;YachidaS_2019;YuJ_2015;ZellerG_2014,90,UniRef90_Q5LBQ4,8,6,0.585530338030338,0.010194810194810167,0.75,ITA,True,0.96875,1.0,-0.03125,0.3002232142857143,control_enriched
ThomasAM_2018b,FengQ_2015;GuptaA_2019;ThomasAM_2019_c;VogtmannE_2016;WirbelJ_2018;YachidaS_2019;YuJ_2015;ZellerG_2014,91,UniRef90_C9KYU1,8,6,0.5854516054516055,0.019547406082289775,0.75,ITA,True,0.9375,0.8571428571428571,0.0803571428571429,0.41517857142857145,crc_enriched
ThomasAM_2018b,FengQ_2015;GuptaA_2019;ThomasAM_2019_c;VogtmannE_2016;WirbelJ_2018;YachidaS_2019;YuJ_2015;ZellerG_2014,92,UniRef90_H1B745,8,7,0.5851886094674557,0.040931658299428186,0.875,ITA,True,0.9375,0.8928571428571429,0.044642857142857095,0.546875,crc_enriched
ThomasAM_2018b,FengQ_2015;GuptaA_2019;ThomasAM_2019_c;VogtmannE_2016;WirbelJ_2018;YachidaS_2019;YuJ_2015;ZellerG_2014,93,UniRef90_R6VDS6,8,7,0.5851070293925227,0.0127735214574064,0.875,ITA,True,0.9375,0.8928571428571429,0.044642857142857095,0.38839285714285715,crc_enriched
ThomasAM_2018b,FengQ_2015;GuptaA_2019;ThomasAM_2019_c;VogtmannE_2016;WirbelJ_2018;YachidaS_2019;YuJ_2015;ZellerG_2014,94,UniRef90_Q8A255,8,6,0.5849358974358974,0.010194810194810167,0.75,ITA,True,1.0,0.9642857142857143,0.0357142857142857,0.4888392857142857,crc_enriched
ThomasAM_2018b,FengQ_2015;GuptaA_2019;ThomasAM_2019_c;VogtmannE_2016;WirbelJ_2018;YachidaS_2019;YuJ_2015;ZellerG_2014,95,UniRef90_A0A0P0F0H3,8,6,0.5848525448525448,0.02260113126023544,0.75,ITA,True,0.9375,0.9285714285714286,0.008928571428571397,0.4095982142857143,crc_enriched
ThomasAM_2018b,FengQ_2015;GuptaA_2019;ThomasAM_2019_c;VogtmannE_2016;WirbelJ_2018;YachidaS_2019;YuJ_2015;ZellerG_2014,96,UniRef90_G9RSP7,8,6,0.5848212406451956,0.03960517894944132,0.75,ITA,True,1.0,1.0,0.0,0.43973214285714285,tie
ThomasAM_2018b,FengQ_2015;GuptaA_2019;ThomasAM_2019_c;VogtmannE_2016;WirbelJ_2018;YachidaS_2019;YuJ_2015;ZellerG_2014,97,UniRef90_A0A1Q6HKH0,8,6,0.5847929200465545,0.023306201550387595,0.75,ITA,True,0.875,0.8928571428571429,-0.017857142857142905,0.4174107142857143,control_enriched
ThomasAM_2018b,FengQ_2015;GuptaA_2019;ThomasAM_2019_c;VogtmannE_2016;WirbelJ_2018;YachidaS_2019;YuJ_2015;ZellerG_2014,98,UniRef90_A8RVT2,8,6,0.5845660749506904,0.012056287056287085,0.75,ITA,True,1.0,0.9642857142857143,0.0357142857142857,0.421875,crc_enriched
ThomasAM_2018b,FengQ_2015;GuptaA_2019;ThomasAM_2019_c;VogtmannE_2016;WirbelJ_2018;YachidaS_2019;YuJ_2015;ZellerG_2014,99,UniRef90_Q8A767,8,6,0.5841603141603142,0.013733452593917728,0.75,ITA,True,0.90625,0.8571428571428571,0.049107142857142905,0.4375,crc_enriched
ThomasAM_2018b,FengQ_2015;GuptaA_2019;ThomasAM_2019_c;VogtmannE_2016;WirbelJ_2018;YachidaS_2019;YuJ_2015;ZellerG_2014,100,UniRef90_W6PL08,8,6,0.583621158140389,0.011118664281454915,0.75,ITA,True,1.0,1.0,0.0,0.39285714285714285,tie
ThomasAM_2019_c,FengQ_2015;GuptaA_2019;ThomasAM_2018a;ThomasAM_2018b;VogtmannE_2016;WirbelJ_2018;YuJ_2015;ZellerG_2014,1,UniRef90_A0A0E2AL27,8,6,0.6417135776252916,0.03635485815349715,0.75,JPN,True,0.7,0.6,0.09999999999999998,0.528125,crc_enriched
ThomasAM_2019_c,FengQ_2015;GuptaA_2019;ThomasAM_2018a;ThomasAM_2018b;VogtmannE_2016;WirbelJ_2018;YuJ_2015;ZellerG_2014,2,UniRef90_A0A015TGA7,8,6,0.6304253913672411,0.053689244456333884,0.75,JPN,True,1.0,0.95,0.050000000000000044,0.630625,crc_enriched
ThomasAM_2019_c,FengQ_2015;GuptaA_2019;ThomasAM_2018a;ThomasAM_2018b;VogtmannE_2016;WirbelJ_2018;YuJ_2015;ZellerG_2014,3,UniRef90_A0A174ULY2,8,6,0.6248642873642873,0.05847054018257236,0.75,JPN,True,0.975,0.95,0.025000000000000022,0.698125,crc_enriched
ThomasAM_2019_c,FengQ_2015;GuptaA_2019;ThomasAM_2018a;ThomasAM_2018b;VogtmannE_2016;WirbelJ_2018;YuJ_2015;ZellerG_2014,4,UniRef90_A0A096C9P0,8,6,0.6234741583299275,0.08055116669406809,0.75,JPN,True,0.95,0.925,0.02499999999999991,0.6075,crc_enriched
ThomasAM_2019_c,FengQ_2015;GuptaA_2019;ThomasAM_2018a;ThomasAM_2018b;VogtmannE_2016;WirbelJ_2018;YuJ_2015;ZellerG_2014,5,UniRef90_A0A192CAU6,8,7,0.6233559497048449,0.05218213717857345,0.875,JPN,True,0.775,0.775,0.0,0.4646875,tie
ThomasAM_2019_c,FengQ_2015;GuptaA_2019;ThomasAM_2018a;ThomasAM_2018b;VogtmannE_2016;WirbelJ_2018;YuJ_2015;ZellerG_2014,6,UniRef90_R5REJ2,8,6,0.6230886655886656,0.010186525120410073,0.75,JPN,True,1.0,0.95,0.050000000000000044,0.545625,crc_enriched
ThomasAM_2019_c,FengQ_2015;GuptaA_2019;ThomasAM_2018a;ThomasAM_2018b;VogtmannE_2016;WirbelJ_2018;YuJ_2015;ZellerG_2014,7,UniRef90_K1GFZ0,8,6,0.6205403480403481,0.022207483721557342,0.75,JPN,True,1.0,0.975,0.025000000000000022,0.525,crc_enriched
ThomasAM_2019_c,FengQ_2015;GuptaA_2019;ThomasAM_2018a;ThomasAM_2018b;VogtmannE_2016;WirbelJ_2018;YuJ_2015;ZellerG_2014,8,UniRef90_Q8AAN7,8,6,0.6200889350889351,0.020970242768881764,0.75,JPN,True,0.975,0.975,0.0,0.5390625,tie
ThomasAM_2019_c,FengQ_2015;GuptaA_2019;ThomasAM_2018a;ThomasAM_2018b;VogtmannE_2016;WirbelJ_2018;YuJ_2015;ZellerG_2014,9,UniRef90_A0A158T0E6,8,6,0.6182489678451835,0.04972459492255349,0.75,JPN,True,0.925,0.975,-0.04999999999999993,0.4228125,control_enriched
ThomasAM_2019_c,FengQ_2015;GuptaA_2019;ThomasAM_2018a;ThomasAM_2018b;VogtmannE_2016;WirbelJ_2018;YuJ_2015;ZellerG_2014,10,UniRef90_R5RC53,8,6,0.6162394509651761,0.019625394625394588,0.75,JPN,True,1.0,0.925,0.07499999999999996,0.58,crc_enriched
ThomasAM_2019_c,FengQ_2015;GuptaA_2019;ThomasAM_2018a;ThomasAM_2018b;VogtmannE_2016;WirbelJ_2018;YuJ_2015;ZellerG_2014,11,UniRef90_W6P8M8,8,6,0.6133985908985908,0.012156593406593363,0.75,JPN,True,1.0,0.95,0.050000000000000044,0.52625,crc_enriched
ThomasAM_2019_c,FengQ_2015;GuptaA_2019;ThomasAM_2018a;ThomasAM_2018b;VogtmannE_2016;WirbelJ_2018;YuJ_2015;ZellerG_2014,12,UniRef90_A0A3E4UZ17,8,7,0.613159516765286,0.02037402745723188,0.875,JPN,True,0.95,0.975,-0.025000000000000022,0.515625,control_enriched
ThomasAM_2019_c,FengQ_2015;GuptaA_2019;ThomasAM_2018a;ThomasAM_2018b;VogtmannE_2016;WirbelJ_2018;YuJ_2015;ZellerG_2014,13,UniRef90_A0A329TH64,8,6,0.6113508352769003,0.02970467032967028,0.75,JPN,True,0.975,0.9,0.07499999999999996,0.626875,crc_enriched
ThomasAM_2019_c,FengQ_2015;GuptaA_2019;ThomasAM_2018a;ThomasAM_2018b;VogtmannE_2016;WirbelJ_2018;YuJ_2015;ZellerG_2014,14,UniRef90_A0A174XPU3,8,6,0.611019780941656,0.03622083622083622,0.75,JPN,True,0.975,0.925,0.04999999999999993,0.6834375,crc_enriched
ThomasAM_2019_c,FengQ_2015;GuptaA_2019;ThomasAM_2018a;ThomasAM_2018b;VogtmannE_2016;WirbelJ_2018;YuJ_2015;ZellerG_2014,15,UniRef90_A0A174BL52,8,6,0.6023218050737944,0.015139262020944122,0.75,JPN,True,0.925,0.95,-0.02499999999999991,0.52,control_enriched
ThomasAM_2019_c,FengQ_2015;GuptaA_2019;ThomasAM_2018a;ThomasAM_2018b;VogtmannE_2016;WirbelJ_2018;YuJ_2015;ZellerG_2014,16,UniRef90_A0A081TLD1,8,6,0.6005875410509032,0.07226790663227406,0.75,JPN,True,0.975,0.925,0.04999999999999993,0.5934375,crc_enriched
ThomasAM_2019_c,FengQ_2015;GuptaA_2019;ThomasAM_2018a;ThomasAM_2018b;VogtmannE_2016;WirbelJ_2018;YuJ_2015;ZellerG_2014,17,UniRef90_A0A397WMH6,8,6,0.5983265203051786,0.029704670329670335,0.75,JPN,True,0.95,0.975,-0.025000000000000022,0.39875,control_enriched
ThomasAM_2019_c,FengQ_2015;GuptaA_2019;ThomasAM_2018a;ThomasAM_2018b;VogtmannE_2016;WirbelJ_2018;YuJ_2015;ZellerG_2014,18,UniRef90_Q5LGR5,8,6,0.596804644881568,0.026923076923076883,0.75,JPN,True,0.975,0.975,0.0,0.5296875,tie
ThomasAM_2019_c,FengQ_2015;GuptaA_2019;ThomasAM_2018a;ThomasAM_2018b;VogtmannE_2016;WirbelJ_2018;YuJ_2015;ZellerG_2014,19,UniRef90_R6HMD9,8,6,0.5966515785207873,0.05815018315018311,0.75,JPN,True,0.925,0.85,0.07500000000000007,0.73125,crc_enriched
ThomasAM_2019_c,FengQ_2015;GuptaA_2019;ThomasAM_2018a;ThomasAM_2018b;VogtmannE_2016;WirbelJ_2018;YuJ_2015;ZellerG_2014,20,UniRef90_F7YJA4,8,7,0.5918150359256129,0.07409945720708377,0.875,JPN,True,0.7,0.875,-0.17500000000000004,0.4275,control_enriched
ThomasAM_2019_c,FengQ_2015;GuptaA_2019;ThomasAM_2018a;ThomasAM_2018b;VogtmannE_2016;WirbelJ_2018;YuJ_2015;ZellerG_2014,21,UniRef90_A0A069DBF6,8,6,0.5904760159567852,0.029166964080357183,0.75,JPN,True,1.0,0.95,0.050000000000000044,0.56,crc_enriched
ThomasAM_2019_c,FengQ_2015;GuptaA_2019;ThomasAM_2018a;ThomasAM_2018b;VogtmannE_2016;WirbelJ_2018;YuJ_2015;ZellerG_2014,22,UniRef90_R6VDS6,8,6,0.5851070293925227,0.0127735214574064,0.75,JPN,True,1.0,0.95,0.050000000000000044,0.520625,crc_enriched
ThomasAM_2019_c,FengQ_2015;GuptaA_2019;ThomasAM_2018a;ThomasAM_2018b;VogtmannE_2016;WirbelJ_2018;YuJ_2015;ZellerG_2014,23,UniRef90_A6P027,8,6,0.5818024717922512,0.03676747008018272,0.75,JPN,True,0.925,0.925,0.0,0.5640625,tie
ThomasAM_2019_c,FengQ_2015;GuptaA_2019;ThomasAM_2018a;ThomasAM_2018b;VogtmannE_2016;WirbelJ_2018;YuJ_2015;ZellerG_2014,24,UniRef90_Q8A4A2,8,6,0.5803663267304444,0.02970467032967028,0.75,JPN,True,1.0,0.975,0.025000000000000022,0.469375,crc_enriched
ThomasAM_2019_c,FengQ_2015;GuptaA_2019;ThomasAM_2018a;ThomasAM_2018b;VogtmannE_2016;WirbelJ_2018;YuJ_2015;ZellerG_2014,25,UniRef90_K1FAD2,8,6,0.5741500527484424,0.03885616385616386,0.75,JPN,True,0.925,0.925,0.0,0.4565625,tie
ThomasAM_2019_c,FengQ_2015;GuptaA_2019;ThomasAM_2018a;ThomasAM_2018b;VogtmannE_2016;WirbelJ_2018;YuJ_2015;ZellerG_2014,26,UniRef90_A0A174QQF0,8,6,0.5721525345326768,0.029007854007853995,0.75,JPN,True,1.0,0.95,0.050000000000000044,0.51625,crc_enriched
ThomasAM_2019_c,FengQ_2015;GuptaA_2019;ThomasAM_2018a;ThomasAM_2018b;VogtmannE_2016;WirbelJ_2018;YuJ_2015;ZellerG_2014,27,UniRef90_D3AFY1,8,6,0.5698167875644711,0.036375661375661394,0.75,JPN,True,1.0,1.0,0.0,0.5225,tie
ThomasAM_2019_c,FengQ_2015;GuptaA_2019;ThomasAM_2018a;ThomasAM_2018b;VogtmannE_2016;WirbelJ_2018;YuJ_2015;ZellerG_2014,28,UniRef90_H1B745,8,6,0.5697137596176058,0.03376590738367724,0.75,JPN,True,1.0,0.925,0.07499999999999996,0.58125,crc_enriched
ThomasAM_2019_c,FengQ_2015;GuptaA_2019;ThomasAM_2018a;ThomasAM_2018b;VogtmannE_2016;WirbelJ_2018;YuJ_2015;ZellerG_2014,29,UniRef90_A0A1E3UBT2,8,6,0.5682584937039676,0.01631054131054127,0.75,JPN,True,1.0,0.975,0.025000000000000022,0.539375,crc_enriched
ThomasAM_2019_c,FengQ_2015;GuptaA_2019;ThomasAM_2018a;ThomasAM_2018b;VogtmannE_2016;WirbelJ_2018;YuJ_2015;ZellerG_2014,30,UniRef90_R5U7X9,8,6,0.5672202972202972,0.021610291193495668,0.75,JPN,True,1.0,0.95,0.050000000000000044,0.533125,crc_enriched
ThomasAM_2019_c,FengQ_2015;GuptaA_2019;ThomasAM_2018a;ThomasAM_2018b;VogtmannE_2016;WirbelJ_2018;YuJ_2015;ZellerG_2014,31,UniRef90_G9RUW2,8,6,0.5657153307153306,0.018874643874643826,0.75,JPN,True,1.0,0.975,0.025000000000000022,0.545625,crc_enriched
ThomasAM_2019_c,FengQ_2015;GuptaA_2019;ThomasAM_2018a;ThomasAM_2018b;VogtmannE_2016;WirbelJ_2018;YuJ_2015;ZellerG_2014,32,UniRef90_I8V4S7,8,6,0.5656784997660346,0.06272618772618771,0.75,JPN,True,1.0,0.925,0.07499999999999996,0.4525,crc_enriched
ThomasAM_2019_c,FengQ_2015;GuptaA_2019;ThomasAM_2018a;ThomasAM_2018b;VogtmannE_2016;WirbelJ_2018;YuJ_2015;ZellerG_2014,33,UniRef90_R6KB72,8,6,0.5644044044044043,0.016620879120879117,0.75,JPN,True,1.0,0.925,0.07499999999999996,0.524375,crc_enriched
ThomasAM_2019_c,FengQ_2015;GuptaA_2019;ThomasAM_2018a;ThomasAM_2018b;VogtmannE_2016;WirbelJ_2018;YuJ_2015;ZellerG_2014,34,UniRef90_Q8A011,8,6,0.5641531916531917,0.014651788051107562,0.75,JPN,True,1.0,0.95,0.050000000000000044,0.548125,crc_enriched
ThomasAM_2019_c,FengQ_2015;GuptaA_2019;ThomasAM_2018a;ThomasAM_2018b;VogtmannE_2016;WirbelJ_2018;YuJ_2015;ZellerG_2014,35,UniRef90_A0A395WC15,8,6,0.5622399060081227,0.011964485363804955,0.75,JPN,True,1.0,0.95,0.050000000000000044,0.4225,crc_enriched
ThomasAM_2019_c,FengQ_2015;GuptaA_2019;ThomasAM_2018a;ThomasAM_2018b;VogtmannE_2016;WirbelJ_2018;YuJ_2015;ZellerG_2014,36,UniRef90_D6E491,8,6,0.5620253721088859,0.018874643874643826,0.75,JPN,True,0.9,0.725,0.17500000000000004,0.658125,crc_enriched
ThomasAM_2019_c,FengQ_2015;GuptaA_2019;ThomasAM_2018a;ThomasAM_2018b;VogtmannE_2016;WirbelJ_2018;YuJ_2015;ZellerG_2014,37,UniRef90_A0A174G5R7,8,6,0.5612360930370519,0.01519981519981517,0.75,JPN,True,1.0,0.975,0.025000000000000022,0.506875,crc_enriched
ThomasAM_2019_c,FengQ_2015;GuptaA_2019;ThomasAM_2018a;ThomasAM_2018b;VogtmannE_2016;WirbelJ_2018;YuJ_2015;ZellerG_2014,38,UniRef90_A0A1E3AZP4,8,7,0.5606906906906908,0.033241758241758235,0.875,JPN,True,1.0,1.0,0.0,0.464375,tie
ThomasAM_2019_c,FengQ_2015;GuptaA_2019;ThomasAM_2018a;ThomasAM_2018b;VogtmannE_2016;WirbelJ_2018;YuJ_2015;ZellerG_2014,39,UniRef90_I9VT34,8,6,0.560549160155462,0.04824862637362637,0.75,JPN,True,1.0,0.95,0.050000000000000044,0.596875,crc_enriched
ThomasAM_2019_c,FengQ_2015;GuptaA_2019;ThomasAM_2018a;ThomasAM_2018b;VogtmannE_2016;WirbelJ_2018;YuJ_2015;ZellerG_2014,40,UniRef90_A0A3E4JRE0,8,6,0.56003927003927,0.030713748081517944,0.75,JPN,True,1.0,0.925,0.07499999999999996,0.476875,crc_enriched
ThomasAM_2019_c,FengQ_2015;GuptaA_2019;ThomasAM_2018a;ThomasAM_2018b;VogtmannE_2016;WirbelJ_2018;YuJ_2015;ZellerG_2014,41,UniRef90_A0A1E3UBQ7,8,6,0.5600205603377377,0.023361823361823353,0.75,JPN,True,1.0,0.975,0.025000000000000022,0.47125,crc_enriched
ThomasAM_2019_c,FengQ_2015;GuptaA_2019;ThomasAM_2018a;ThomasAM_2018b;VogtmannE_2016;WirbelJ_2018;YuJ_2015;ZellerG_2014,42,UniRef90_C5ERC9,8,6,0.5595499345499346,0.03288633461047252,0.75,JPN,True,1.0,0.95,0.050000000000000044,0.5375,crc_enriched
ThomasAM_2019_c,FengQ_2015;GuptaA_2019;ThomasAM_2018a;ThomasAM_2018b;VogtmannE_2016;WirbelJ_2018;YuJ_2015;ZellerG_2014,43,UniRef90_R8VZS7,8,6,0.5587586775169017,0.041110306735306745,0.75,JPN,True,0.9,0.8,0.09999999999999998,0.61625,crc_enriched
ThomasAM_2019_c,FengQ_2015;GuptaA_2019;ThomasAM_2018a;ThomasAM_2018b;VogtmannE_2016;WirbelJ_2018;YuJ_2015;ZellerG_2014,44,UniRef90_A0A3E5DM19,8,6,0.5579582641655854,0.052314244663382525,0.75,JPN,True,0.875,0.825,0.050000000000000044,0.5065625,crc_enriched
ThomasAM_2019_c,FengQ_2015;GuptaA_2019;ThomasAM_2018a;ThomasAM_2018b;VogtmannE_2016;WirbelJ_2018;YuJ_2015;ZellerG_2014,45,UniRef90_UPI000A0106DD,8,6,0.5568803418803419,0.010727244411129433,0.75,JPN,True,0.975,0.85,0.125,0.71,crc_enriched
ThomasAM_2019_c,FengQ_2015;GuptaA_2019;ThomasAM_2018a;ThomasAM_2018b;VogtmannE_2016;WirbelJ_2018;YuJ_2015;ZellerG_2014,46,UniRef90_C5ER99,8,6,0.556602564102564,0.014651788051107562,0.75,JPN,True,1.0,0.975,0.025000000000000022,0.48875,crc_enriched
ThomasAM_2019_c,FengQ_2015;GuptaA_2019;ThomasAM_2018a;ThomasAM_2018b;VogtmannE_2016;WirbelJ_2018;YuJ_2015;ZellerG_2014,47,UniRef90_A0A1E3U585,8,6,0.5565781298539919,0.028133903133903182,0.75,JPN,True,1.0,0.95,0.050000000000000044,0.53875,crc_enriched
ThomasAM_2019_c,FengQ_2015;GuptaA_2019;ThomasAM_2018a;ThomasAM_2018b;VogtmannE_2016;WirbelJ_2018;YuJ_2015;ZellerG_2014,48,UniRef90_A0A374P4M0,8,6,0.5541596478873743,0.014981498665383619,0.75,JPN,True,1.0,0.875,0.125,0.5325,crc_enriched
ThomasAM_2019_c,FengQ_2015;GuptaA_2019;ThomasAM_2018a;ThomasAM_2018b;VogtmannE_2016;WirbelJ_2018;YuJ_2015;ZellerG_2014,49,UniRef90_A8RVR6,8,6,0.5538145838145838,0.024999999999999967,0.75,JPN,True,1.0,0.9,0.09999999999999998,0.501875,crc_enriched
ThomasAM_2019_c,FengQ_2015;GuptaA_2019;ThomasAM_2018a;ThomasAM_2018b;VogtmannE_2016;WirbelJ_2018;YuJ_2015;ZellerG_2014,50,UniRef90_A0A351IYV7,8,6,0.5532245821108868,0.016799292661361653,0.75,JPN,True,0.25,0.225,0.024999999999999994,0.52375,crc_enriched
ThomasAM_2019_c,FengQ_2015;GuptaA_2019;ThomasAM_2018a;ThomasAM_2018b;VogtmannE_2016;WirbelJ_2018;YuJ_2015;ZellerG_2014,51,UniRef90_A8RVW8,8,6,0.5528178178178178,0.02464387464387463,0.75,JPN,True,1.0,0.95,0.050000000000000044,0.51125,crc_enriched
ThomasAM_2019_c,FengQ_2015;GuptaA_2019;ThomasAM_2018a;ThomasAM_2018b;VogtmannE_2016;WirbelJ_2018;YuJ_2015;ZellerG_2014,52,UniRef90_A0A0A2FIM1,8,6,0.5510398791648792,0.0305856273842664,0.75,JPN,True,0.925,0.925,0.0,0.4978125,tie
VogtmannE_2016,FengQ_2015;GuptaA_2019;ThomasAM_2018a;ThomasAM_2018b;ThomasAM_2019_c;WirbelJ_2018;YachidaS_2019;YuJ_2015;ZellerG_2014,1,UniRef90_D4VQH3,9,7,0.6453758119393752,0.025000000000000022,0.7777777777777778,USA,True,0.9615384615384616,0.9807692307692307,-0.019230769230769162,0.5987426035502958,control_enriched
VogtmannE_2016,FengQ_2015;GuptaA_2019;ThomasAM_2018a;ThomasAM_2018b;ThomasAM_2019_c;WirbelJ_2018;YachidaS_2019;YuJ_2015;ZellerG_2014,2,UniRef90_A0A174ULY2,9,7,0.6397435897435897,0.04487179487179482,0.7777777777777778,USA,True,0.9807692307692307,0.9807692307692307,0.0,0.5146079881656804,tie
VogtmannE_2016,FengQ_2015;GuptaA_2019;ThomasAM_2018a;ThomasAM_2018b;ThomasAM_2019_c;WirbelJ_2018;YachidaS_2019;YuJ_2015;ZellerG_2014,3,UniRef90_R5UTP4,9,7,0.6371371371371372,0.025364341085271302,0.7777777777777778,USA,True,0.9615384615384616,0.9615384615384616,0.0,0.6179733727810651,tie
VogtmannE_2016,FengQ_2015;GuptaA_2019;ThomasAM_2018a;ThomasAM_2018b;ThomasAM_2019_c;WirbelJ_2018;YachidaS_2019;YuJ_2015;ZellerG_2014,4,UniRef90_A0A0E2AL27,9,8,0.6293103448275862,0.04487179487179482,0.8888888888888888,USA,True,0.9807692307692307,1.0,-0.019230769230769273,0.6401627218934911,control_enriched
VogtmannE_2016,FengQ_2015;GuptaA_2019;ThomasAM_2018a;ThomasAM_2018b;ThomasAM_2019_c;WirbelJ_2018;YachidaS_2019;YuJ_2015;ZellerG_2014,5,UniRef90_G9YSZ3,9,7,0.6290092658588738,0.0357142857142857,0.7777777777777778,USA,True,0.9807692307692307,0.9807692307692307,0.0,0.5600961538461539,tie
VogtmannE_2016,FengQ_2015;GuptaA_2019;ThomasAM_2018a;ThomasAM_2018b;ThomasAM_2019_c;WirbelJ_2018;YachidaS_2019;YuJ_2015;ZellerG_2014,6,UniRef90_A0A174XPU3,9,7,0.6244419642857143,0.04999999999999993,0.7777777777777778,USA,True,0.9807692307692307,1.0,-0.019230769230769273,0.5576923076923077,control_enriched
VogtmannE_2016,FengQ_2015;GuptaA_2019;ThomasAM_2018a;ThomasAM_2018b;ThomasAM_2019_c;WirbelJ_2018;YachidaS_2019;YuJ_2015;ZellerG_2014,7,UniRef90_A0A0P0FEI0,9,7,0.6173673673673674,0.014102564102564052,0.7777777777777778,USA,True,0.9615384615384616,0.9807692307692307,-0.019230769230769162,0.5743343195266272,control_enriched
VogtmannE_2016,FengQ_2015;GuptaA_2019;ThomasAM_2018a;ThomasAM_2018b;ThomasAM_2019_c;WirbelJ_2018;YachidaS_2019;YuJ_2015;ZellerG_2014,8,UniRef90_R5REJ2,9,8,0.6169230769230769,0.011444478812248748,0.8888888888888888,USA,True,0.9615384615384616,1.0,-0.038461538461538436,0.5347633136094675,control_enriched
VogtmannE_2016,FengQ_2015;GuptaA_2019;ThomasAM_2018a;ThomasAM_2018b;ThomasAM_2019_c;WirbelJ_2018;YachidaS_2019;YuJ_2015;ZellerG_2014,9,UniRef90_R6JIG2,9,7,0.6148648648648649,0.025000000000000022,0.7777777777777778,USA,True,0.9615384615384616,1.0,-0.038461538461538436,0.5806213017751479,control_enriched
VogtmannE_2016,FengQ_2015;GuptaA_2019;ThomasAM_2018a;ThomasAM_2018b;ThomasAM_2019_c;WirbelJ_2018;YachidaS_2019;YuJ_2015;ZellerG_2014,10,UniRef90_K1GB77,9,7,0.6138638638638638,0.01538461538461533,0.7777777777777778,USA,True,0.9615384615384616,1.0,-0.038461538461538436,0.5832100591715976,control_enriched
VogtmannE_2016,FengQ_2015;GuptaA_2019;ThomasAM_2018a;ThomasAM_2018b;ThomasAM_2019_c;WirbelJ_2018;YachidaS_2019;YuJ_2015;ZellerG_2014,11,UniRef90_A0A192CAU6,9,7,0.6135067712045617,0.02744119743406992,0.7777777777777778,USA,True,0.8076923076923077,0.7307692307692307,0.07692307692307698,0.5906065088757396,crc_enriched
VogtmannE_2016,FengQ_2015;GuptaA_2019;ThomasAM_2018a;ThomasAM_2018b;ThomasAM_2019_c;WirbelJ_2018;YachidaS_2019;YuJ_2015;ZellerG_2014,12,UniRef90_W6P8M8,9,8,0.6123076923076923,0.01538461538461533,0.8888888888888888,USA,True,0.9615384615384616,0.9807692307692307,-0.019230769230769162,0.5765532544378699,control_enriched
VogtmannE_2016,FengQ_2015;GuptaA_2019;ThomasAM_2018a;ThomasAM_2018b;ThomasAM_2019_c;WirbelJ_2018;YachidaS_2019;YuJ_2015;ZellerG_2014,13,UniRef90_A0A0K6BZ65,9,7,0.6114864864864865,0.00911627906976753,0.7777777777777778,USA,True,0.9615384615384616,0.9807692307692307,-0.019230769230769162,0.5954142011834319,control_enriched
VogtmannE_2016,FengQ_2015;GuptaA_2019;ThomasAM_2018a;ThomasAM_2018b;ThomasAM_2019_c;WirbelJ_2018;YachidaS_2019;YuJ_2015;ZellerG_2014,14,UniRef90_R5JBH5,9,7,0.610985985985986,0.011444478812248748,0.7777777777777778,USA,True,0.9615384615384616,0.9807692307692307,-0.019230769230769162,0.5906065088757396,control_enriched
VogtmannE_2016,FengQ_2015;GuptaA_2019;ThomasAM_2018a;ThomasAM_2018b;ThomasAM_2019_c;WirbelJ_2018;YachidaS_2019;YuJ_2015;ZellerG_2014,15,UniRef90_A0A096C9P0,9,7,0.6075,0.07701824930405199,0.7777777777777778,USA,True,0.9807692307692307,0.9807692307692307,0.0,0.6240754437869822,tie
VogtmannE_2016,FengQ_2015;GuptaA_2019;ThomasAM_2018a;ThomasAM_2018b;ThomasAM_2019_c;WirbelJ_2018;YachidaS_2019;YuJ_2015;ZellerG_2014,16,UniRef90_Q8AAN7,9,7,0.6073573573573574,0.014102564102564052,0.7777777777777778,USA,True,0.9615384615384616,0.9807692307692307,-0.019230769230769162,0.5869082840236687,control_enriched
VogtmannE_2016,FengQ_2015;GuptaA_2019;ThomasAM_2018a;ThomasAM_2018b;ThomasAM_2019_c;WirbelJ_2018;YachidaS_2019;YuJ_2015;ZellerG_2014,17,UniRef90_H1CHY2,9,7,0.6072322322322322,0.04175688215279927,0.7777777777777778,USA,True,0.9230769230769231,0.9423076923076923,-0.019230769230769162,0.41124260355029585,control_enriched
VogtmannE_2016,FengQ_2015;GuptaA_2019;ThomasAM_2018a;ThomasAM_2018b;ThomasAM_2019_c;WirbelJ_2018;YachidaS_2019;YuJ_2015;ZellerG_2014,18,UniRef90_R6HMD9,9,7,0.6070919458303635,0.0714285714285714,0.7777777777777778,USA,True,0.9807692307692307,1.0,-0.019230769230769273,0.4456360946745562,control_enriched
VogtmannE_2016,FengQ_2015;GuptaA_2019;ThomasAM_2018a;ThomasAM_2018b;ThomasAM_2019_c;WirbelJ_2018;YachidaS_2019;YuJ_2015;ZellerG_2014,19,UniRef90_A0A174LXZ3,9,7,0.6065384615384616,0.016868217054263557,0.7777777777777778,USA,True,0.9615384615384616,0.9807692307692307,-0.019230769230769162,0.5835798816568047,control_enriched
VogtmannE_2016,FengQ_2015;GuptaA_2019;ThomasAM_2018a;ThomasAM_2018b;ThomasAM_2019_c;WirbelJ_2018;YachidaS_2019;YuJ_2015;ZellerG_2014,20,UniRef90_R5U6R9,9,7,0.6062312312312312,0.03031240334055063,0.7777777777777778,USA,True,0.9615384615384616,0.9807692307692307,-0.019230769230769162,0.5502958579881657,control_enriched
VogtmannE_2016,FengQ_2015;GuptaA_2019;ThomasAM_2018a;ThomasAM_2018b;ThomasAM_2019_c;WirbelJ_2018;YachidaS_2019;YuJ_2015;ZellerG_2014,21,UniRef90_Q8A0X7,9,7,0.6041041041041041,0.013392857142857095,0.7777777777777778,USA,True,0.9615384615384616,0.9807692307692307,-0.019230769230769162,0.5817307692307693,control_enriched
VogtmannE_2016,FengQ_2015;GuptaA_2019;ThomasAM_2018a;ThomasAM_2018b;ThomasAM_2019_c;WirbelJ_2018;YachidaS_2019;YuJ_2015;ZellerG_2014,22,UniRef90_A0A174LYQ7,9,7,0.6002564102564103,0.022888957624497386,0.7777777777777778,USA,True,0.8846153846153846,0.9615384615384616,-0.07692307692307698,0.5491863905325444,control_enriched
VogtmannE_2016,FengQ_2015;GuptaA_2019;ThomasAM_2018a;ThomasAM_2018b;ThomasAM_2019_c;WirbelJ_2018;YachidaS_2019;YuJ_2015;ZellerG_2014,23,UniRef90_A0A015P063,9,7,0.6000618620476338,0.028205128205128216,0.7777777777777778,USA,True,0.9230769230769231,0.9423076923076923,-0.019230769230769162,0.5887573964497042,control_enriched
VogtmannE_2016,FengQ_2015;GuptaA_2019;ThomasAM_2018a;ThomasAM_2018b;ThomasAM_2019_c;WirbelJ_2018;YachidaS_2019;YuJ_2015;ZellerG_2014,24,UniRef90_U6RJK9,9,7,0.5971234147850294,0.03076923076923077,0.7777777777777778,USA,True,0.9615384615384616,1.0,-0.038461538461538436,0.5525147928994083,control_enriched
VogtmannE_2016,FengQ_2015;GuptaA_2019;ThomasAM_2018a;ThomasAM_2018b;ThomasAM_2019_c;WirbelJ_2018;YachidaS_2019;YuJ_2015;ZellerG_2014,25,UniRef90_K1GFZ0,9,7,0.5967217217217218,0.025000000000000022,0.7777777777777778,USA,True,0.9615384615384616,0.9807692307692307,-0.019230769230769162,0.5750739644970414,control_enriched
VogtmannE_2016,FengQ_2015;GuptaA_2019;ThomasAM_2018a;ThomasAM_2018b;ThomasAM_2019_c;WirbelJ_2018;YachidaS_2019;YuJ_2015;ZellerG_2014,26,UniRef90_A0A329TH64,9,7,0.5962223806129722,0.0401785714285714,0.7777777777777778,USA,True,0.9807692307692307,0.9615384615384616,0.019230769230769162,0.6264792899408284,crc_enriched
VogtmannE_2016,FengQ_2015;GuptaA_2019;ThomasAM_2018a;ThomasAM_2018b;ThomasAM_2019_c;WirbelJ_2018;YachidaS_2019;YuJ_2015;ZellerG_2014,27,UniRef90_C9KR75,9,7,0.5957207207207207,0.044642857142857095,0.7777777777777778,USA,True,0.8846153846153846,0.9423076923076923,-0.05769230769230771,0.5613905325443787,control_enriched
VogtmannE_2016,FengQ_2015;GuptaA_2019;ThomasAM_2018a;ThomasAM_2018b;ThomasAM_2019_c;WirbelJ_2018;YachidaS_2019;YuJ_2015;ZellerG_2014,28,UniRef90_Q8AAP2,9,7,0.5957207207207207,0.014102564102564052,0.7777777777777778,USA,True,0.9423076923076923,0.9807692307692307,-0.038461538461538436,0.5689718934911243,control_enriched
VogtmannE_2016,FengQ_2015;GuptaA_2019;ThomasAM_2018a;ThomasAM_2018b;ThomasAM_2019_c;WirbelJ_2018;YachidaS_2019;YuJ_2015;ZellerG_2014,29,UniRef90_Q5LDK8,9,7,0.595,0.011444478812248748,0.7777777777777778,USA,True,0.9615384615384616,1.0,-0.038461538461538436,0.5517751479289941,control_enriched
VogtmannE_2016,FengQ_2015;GuptaA_2019;ThomasAM_2018a;ThomasAM_2018b;ThomasAM_2019_c;WirbelJ_2018;YachidaS_2019;YuJ_2015;ZellerG_2014,30,UniRef90_A0A143WWX7,9,7,0.59375,0.0357142857142857,0.7777777777777778,USA,True,0.9807692307692307,1.0,-0.019230769230769273,0.6142751479289941,control_enriched
VogtmannE_2016,FengQ_2015;GuptaA_2019;ThomasAM_2018a;ThomasAM_2018b;ThomasAM_2019_c;WirbelJ_2018;YachidaS_2019;YuJ_2015;ZellerG_2014,31,UniRef90_A0A081TLD1,9,7,0.5934375,0.04999999999999993,0.7777777777777778,USA,True,0.9615384615384616,0.8269230769230769,0.1346153846153847,0.6494082840236687,crc_enriched
VogtmannE_2016,FengQ_2015;GuptaA_2019;ThomasAM_2018a;ThomasAM_2018b;ThomasAM_2019_c;WirbelJ_2018;YachidaS_2019;YuJ_2015;ZellerG_2014,32,UniRef90_Q5LIJ3,9,7,0.5918418418418419,0.050000000000000044,0.7777777777777778,USA,True,0.9615384615384616,0.9807692307692307,-0.019230769230769162,0.5377218934911243,control_enriched
VogtmannE_2016,FengQ_2015;GuptaA_2019;ThomasAM_2018a;ThomasAM_2018b;ThomasAM_2019_c;WirbelJ_2018;YachidaS_2019;YuJ_2015;ZellerG_2014,33,UniRef90_Q8A5V6,9,7,0.5918418418418419,0.014102564102564052,0.7777777777777778,USA,True,0.9615384615384616,0.9807692307692307,-0.019230769230769162,0.5798816568047337,control_enriched
VogtmannE_2016,FengQ_2015;GuptaA_2019;ThomasAM_2018a;ThomasAM_2018b;ThomasAM_2019_c;WirbelJ_2018;YachidaS_2019;YuJ_2015;ZellerG_2014,34,UniRef90_R8VZS7,9,7,0.590520313613685,0.042042042042042094,0.7777777777777778,USA,True,0.9615384615384616,0.9807692307692307,-0.019230769230769162,0.5269970414201184,control_enriched
VogtmannE_2016,FengQ_2015;GuptaA_2019;ThomasAM_2018a;ThomasAM_2018b;ThomasAM_2019_c;WirbelJ_2018;YachidaS_2019;YuJ_2015;ZellerG_2014,35,UniRef90_A0A174M1S5,9,7,0.5901639344262295,0.04347286821705432,0.7777777777777778,USA,True,0.9807692307692307,0.9807692307692307,0.0,0.48872041420118345,tie
VogtmannE_2016,FengQ_2015;GuptaA_2019;ThomasAM_2018a;ThomasAM_2018b;ThomasAM_2019_c;WirbelJ_2018;YachidaS_2019;YuJ_2015;ZellerG_2014,36,UniRef90_I9VT34,9,7,0.587847469707769,0.050000000000000044,0.7777777777777778,USA,True,0.8846153846153846,0.8461538461538461,0.038461538461538436,0.4918639053254438,crc_enriched
VogtmannE_2016,FengQ_2015;GuptaA_2019;ThomasAM_2018a;ThomasAM_2018b;ThomasAM_2019_c;WirbelJ_2018;YachidaS_2019;YuJ_2015;ZellerG_2014,37,UniRef90_C6IIK9,9,7,0.5863363363363363,0.017240310077519472,0.7777777777777778,USA,True,0.8846153846153846,0.9615384615384616,-0.07692307692307698,0.5536242603550295,control_enriched
VogtmannE_2016,FengQ_2015;GuptaA_2019;ThomasAM_2018a;ThomasAM_2018b;ThomasAM_2019_c;WirbelJ_2018;YachidaS_2019;YuJ_2015;ZellerG_2014,38,UniRef90_Q8A7Z6,9,7,0.585085085085085,0.04670584596350136,0.7777777777777778,USA,True,0.9615384615384616,0.9807692307692307,-0.019230769230769162,0.5665680473372781,control_enriched
VogtmannE_2016,FengQ_2015;GuptaA_2019;ThomasAM_2018a;ThomasAM_2018b;ThomasAM_2019_c;WirbelJ_2018;YachidaS_2019;YuJ_2015;ZellerG_2014,39,UniRef90_R5U8M7,9,7,0.585085085085085,0.025000000000000022,0.7777777777777778,USA,True,0.9615384615384616,0.9807692307692307,-0.019230769230769162,0.5839497041420119,control_enriched
VogtmannE_2016,FengQ_2015;GuptaA_2019;ThomasAM_2018a;ThomasAM_2018b;ThomasAM_2019_c;WirbelJ_2018;YachidaS_2019;YuJ_2015;ZellerG_2014,40,UniRef90_A0A396DXP6,9,7,0.5848348348348348,0.017857142857142905,0.7777777777777778,USA,True,0.8846153846153846,0.9423076923076923,-0.05769230769230771,0.5447485207100592,control_enriched
VogtmannE_2016,FengQ_2015;GuptaA_2019;ThomasAM_2018a;ThomasAM_2018b;ThomasAM_2019_c;WirbelJ_2018;YachidaS_2019;YuJ_2015;ZellerG_2014,41,UniRef90_C3QHA8,9,7,0.5835835835835835,0.02536343952984843,0.7777777777777778,USA,True,0.8846153846153846,0.9615384615384616,-0.07692307692307698,0.5358727810650887,control_enriched
VogtmannE_2016,FengQ_2015;GuptaA_2019;ThomasAM_2018a;ThomasAM_2018b;ThomasAM_2019_c;WirbelJ_2018;YachidaS_2019;YuJ_2015;ZellerG_2014,42,UniRef90_A0A174BG28,9,7,0.5825825825825826,0.014102564102564052,0.7777777777777778,USA,True,0.9615384615384616,0.9807692307692307,-0.019230769230769162,0.5532544378698225,control_enriched
VogtmannE_2016,FengQ_2015;GuptaA_2019;ThomasAM_2018a;ThomasAM_2018b;ThomasAM_2019_c;WirbelJ_2018;YachidaS_2019;YuJ_2015;ZellerG_2014,43,UniRef90_R5RC53,9,7,0.58,0.020020020020020013,0.7777777777777778,USA,True,0.9423076923076923,0.9230769230769231,0.019230769230769162,0.6013313609467456,crc_enriched
VogtmannE_2016,FengQ_2015;GuptaA_2019;ThomasAM_2018a;ThomasAM_2018b;ThomasAM_2019_c;WirbelJ_2018;YachidaS_2019;YuJ_2015;ZellerG_2014,44,UniRef90_R6SVV9,9,7,0.5785785785785785,0.011444478812248748,0.7777777777777778,USA,True,0.8846153846153846,0.9615384615384616,-0.07692307692307698,0.5340236686390533,control_enriched
VogtmannE_2016,FengQ_2015;GuptaA_2019;ThomasAM_2018a;ThomasAM_2018b;ThomasAM_2019_c;WirbelJ_2018;YachidaS_2019;YuJ_2015;ZellerG_2014,45,UniRef90_A0A0K6BT56,9,7,0.5778278278278278,0.029487179487179382,0.7777777777777778,USA,True,0.9615384615384616,0.9615384615384616,0.0,0.5617603550295858,tie
VogtmannE_2016,FengQ_2015;GuptaA_2019;ThomasAM_2018a;ThomasAM_2018b;ThomasAM_2019_c;WirbelJ_2018;YachidaS_2019;YuJ_2015;ZellerG_2014,46,UniRef90_A0A0S2W3X4,9,7,0.577512473271561,0.0357142857142857,0.7777777777777778,USA,True,0.9807692307692307,1.0,-0.019230769230769273,0.46967455621301774,control_enriched
VogtmannE_2016,FengQ_2015;GuptaA_2019;ThomasAM_2018a;ThomasAM_2018b;ThomasAM_2019_c;WirbelJ_2018;YachidaS_2019;YuJ_2015;ZellerG_2014,47,UniRef90_K5DFH8,9,7,0.5762012012012012,0.022321428571428603,0.7777777777777778,USA,True,0.9615384615384616,0.9807692307692307,-0.019230769230769162,0.5850591715976331,control_enriched
VogtmannE_2016,FengQ_2015;GuptaA_2019;ThomasAM_2018a;ThomasAM_2018b;ThomasAM_2019_c;WirbelJ_2018;YachidaS_2019;YuJ_2015;ZellerG_2014,48,UniRef90_C7H649,9,7,0.5753741981468282,0.02155172413793105,0.7777777777777778,USA,True,0.9615384615384616,0.9807692307692307,-0.019230769230769162,0.5414201183431953,control_enriched
VogtmannE_2016,FengQ_2015;GuptaA_2019;ThomasAM_2018a;ThomasAM_2018b;ThomasAM_2019_c;WirbelJ_2018;YachidaS_2019;YuJ_2015;ZellerG_2014,49,UniRef90_A0A396BUW3,9,7,0.575075075075075,0.025000000000000022,0.7777777777777778,USA,True,0.9423076923076923,1.0,-0.05769230769230771,0.5395710059171598,control_enriched
VogtmannE_2016,FengQ_2015;GuptaA_2019;ThomasAM_2018a;ThomasAM_2018b;ThomasAM_2019_c;WirbelJ_2018;YachidaS_2019;YuJ_2015;ZellerG_2014,50,UniRef90_Q89ZV6,9,7,0.5746153846153846,0.010010010010010117,0.7777777777777778,USA,True,0.9615384615384616,0.9807692307692307,-0.019230769230769162,0.555103550295858,control_enriched
VogtmannE_2016,FengQ_2015;GuptaA_2019;ThomasAM_2018a;ThomasAM_2018b;ThomasAM_2019_c;WirbelJ_2018;YachidaS_2019;YuJ_2015;ZellerG_2014,51,UniRef90_A0A0N7IAI2,9,7,0.5745745745745746,0.028205128205128216,0.7777777777777778,USA,True,0.8846153846153846,0.9615384615384616,-0.07692307692307698,0.5495562130177515,control_enriched
VogtmannE_2016,FengQ_2015;GuptaA_2019;ThomasAM_2018a;ThomasAM_2018b;ThomasAM_2019_c;WirbelJ_2018;YachidaS_2019;YuJ_2015;ZellerG_2014,52,UniRef90_A0A3E5DY27,9,7,0.574375,0.0357142857142857,0.7777777777777778,USA,True,0.9423076923076923,0.9423076923076923,0.0,0.6177884615384616,tie
VogtmannE_2016,FengQ_2015;GuptaA_2019;ThomasAM_2018a;ThomasAM_2018b;ThomasAM_2019_c;WirbelJ_2018;YachidaS_2019;YuJ_2015;ZellerG_2014,53,UniRef90_E1WWW7,9,7,0.5741991991991992,0.012620155038759684,0.7777777777777778,USA,True,0.9615384615384616,1.0,-0.038461538461538436,0.5691568047337278,control_enriched
VogtmannE_2016,FengQ_2015;GuptaA_2019;ThomasAM_2018a;ThomasAM_2018b;ThomasAM_2019_c;WirbelJ_2018;YachidaS_2019;YuJ_2015;ZellerG_2014,54,UniRef90_Q8A4A2,9,7,0.5736986986986987,0.025000000000000022,0.7777777777777778,USA,True,0.9807692307692307,0.9615384615384616,0.019230769230769162,0.5806213017751479,crc_enriched
VogtmannE_2016,FengQ_2015;GuptaA_2019;ThomasAM_2018a;ThomasAM_2018b;ThomasAM_2019_c;WirbelJ_2018;YachidaS_2019;YuJ_2015;ZellerG_2014,55,UniRef90_Q5LHS7,9,7,0.5732758620689655,0.025364341085271302,0.7777777777777778,USA,True,0.9423076923076923,1.0,-0.05769230769230771,0.5417899408284024,control_enriched
VogtmannE_2016,FengQ_2015;GuptaA_2019;ThomasAM_2018a;ThomasAM_2018b;ThomasAM_2019_c;WirbelJ_2018;YachidaS_2019;YuJ_2015;ZellerG_2014,56,UniRef90_R6W1P0,9,7,0.5720720720720721,0.025000000000000022,0.7777777777777778,USA,True,0.9038461538461539,0.9615384615384616,-0.05769230769230771,0.5336538461538461,control_enriched
VogtmannE_2016,FengQ_2015;GuptaA_2019;ThomasAM_2018a;ThomasAM_2018b;ThomasAM_2019_c;WirbelJ_2018;YachidaS_2019;YuJ_2015;ZellerG_2014,57,UniRef90_Q8A375,9,7,0.5720512820512821,0.010010010010010117,0.7777777777777778,USA,True,0.8846153846153846,0.9615384615384616,-0.07692307692307698,0.5244082840236687,control_enriched
VogtmannE_2016,FengQ_2015;GuptaA_2019;ThomasAM_2018a;ThomasAM_2018b;ThomasAM_2019_c;WirbelJ_2018;YachidaS_2019;YuJ_2015;ZellerG_2014,58,UniRef90_R6JR19,9,7,0.5719469469469469,0.01501501501501501,0.7777777777777778,USA,True,0.8846153846153846,0.9615384615384616,-0.07692307692307698,0.547707100591716,control_enriched
VogtmannE_2016,FengQ_2015;GuptaA_2019;ThomasAM_2018a;ThomasAM_2018b;ThomasAM_2019_c;WirbelJ_2018;YachidaS_2019;YuJ_2015;ZellerG_2014,59,UniRef90_A0A0S2W2P8,9,7,0.5718218218218218,0.07127583749109057,0.7777777777777778,USA,True,0.9038461538461539,0.9615384615384616,-0.05769230769230771,0.4530325443786982,control_enriched
VogtmannE_2016,FengQ_2015;GuptaA_2019;ThomasAM_2018a;ThomasAM_2018b;ThomasAM_2019_c;WirbelJ_2018;YachidaS_2019;YuJ_2015;ZellerG_2014,60,UniRef90_C3QN29,9,7,0.5718218218218218,0.043589743589743546,0.7777777777777778,USA,True,0.8653846153846154,0.8653846153846154,0.0,0.5552884615384616,tie
VogtmannE_2016,FengQ_2015;GuptaA_2019;ThomasAM_2018a;ThomasAM_2018b;ThomasAM_2019_c;WirbelJ_2018;YachidaS_2019;YuJ_2015;ZellerG_2014,61,UniRef90_A0A374W8G2,9,7,0.5714285714285714,0.012820512820512775,0.7777777777777778,USA,True,0.9615384615384616,0.9615384615384616,0.0,0.6098372781065089,tie
VogtmannE_2016,FengQ_2015;GuptaA_2019;ThomasAM_2018a;ThomasAM_2018b;ThomasAM_2019_c;WirbelJ_2018;YachidaS_2019;YuJ_2015;ZellerG_2014,62,UniRef90_U2E1W9,9,7,0.5709459459459459,0.01538461538461533,0.7777777777777778,USA,True,0.9615384615384616,1.0,-0.038461538461538436,0.5769230769230769,control_enriched
VogtmannE_2016,FengQ_2015;GuptaA_2019;ThomasAM_2018a;ThomasAM_2018b;ThomasAM_2019_c;WirbelJ_2018;YachidaS_2019;YuJ_2015;ZellerG_2014,63,UniRef90_D0TNB9,9,7,0.5697435897435897,0.017116279069767537,0.7777777777777778,USA,True,0.8846153846153846,0.9423076923076923,-0.05769230769230771,0.5284763313609467,control_enriched
VogtmannE_2016,FengQ_2015;GuptaA_2019;ThomasAM_2018a;ThomasAM_2018b;ThomasAM_2019_c;WirbelJ_2018;YachidaS_2019;YuJ_2015;ZellerG_2014,64,UniRef90_Q8A2N7,9,7,0.5696946946946947,0.013116279069767534,0.7777777777777778,USA,True,0.8846153846153846,0.9615384615384616,-0.07692307692307698,0.5273668639053254,control_enriched
VogtmannE_2016,FengQ_2015;GuptaA_2019;ThomasAM_2018a;ThomasAM_2018b;ThomasAM_2019_c;WirbelJ_2018;YachidaS_2019;YuJ_2015;ZellerG_2014,65,UniRef90_S2Z0L4,9,7,0.5694444444444444,0.017860465116279034,0.7777777777777778,USA,True,0.9615384615384616,0.9615384615384616,0.0,0.5724852071005917,tie
VogtmannE_2016,FengQ_2015;GuptaA_2019;ThomasAM_2018a;ThomasAM_2018b;ThomasAM_2019_c;WirbelJ_2018;YachidaS_2019;YuJ_2015;ZellerG_2014,66,UniRef90_A0A1Y4VQ01,9,7,0.5685897435897436,0.009240310077519465,0.7777777777777778,USA,True,0.9038461538461539,0.9615384615384616,-0.05769230769230771,0.5281065088757396,control_enriched
VogtmannE_2016,FengQ_2015;GuptaA_2019;ThomasAM_2018a;ThomasAM_2018b;ThomasAM_2019_c;WirbelJ_2018;YachidaS_2019;YuJ_2015;ZellerG_2014,67,UniRef90_D4JXR4,9,7,0.567584287039901,0.04175688215279927,0.7777777777777778,USA,True,0.9807692307692307,0.9615384615384616,0.019230769230769162,0.4818786982248521,crc_enriched
VogtmannE_2016,FengQ_2015;GuptaA_2019;ThomasAM_2018a;ThomasAM_2018b;ThomasAM_2019_c;WirbelJ_2018;YachidaS_2019;YuJ_2015;ZellerG_2014,68,UniRef90_A0A0P0F8B5,9,7,0.5666916916916916,0.02536343952984843,0.7777777777777778,USA,True,0.8846153846153846,0.9615384615384616,-0.07692307692307698,0.5266272189349113,control_enriched
VogtmannE_2016,FengQ_2015;GuptaA_2019;ThomasAM_2018a;ThomasAM_2018b;ThomasAM_2019_c;WirbelJ_2018;YachidaS_2019;YuJ_2015;ZellerG_2014,69,UniRef90_R6JAK6,9,7,0.5665665665665666,0.025116279069767544,0.7777777777777778,USA,True,0.8846153846153846,0.9615384615384616,-0.07692307692307698,0.5558431952662722,control_enriched
VogtmannE_2016,FengQ_2015;GuptaA_2019;ThomasAM_2018a;ThomasAM_2018b;ThomasAM_2019_c;WirbelJ_2018;YachidaS_2019;YuJ_2015;ZellerG_2014,70,UniRef90_F4XER6,9,7,0.5664647184604419,0.03333333333333344,0.7777777777777778,USA,True,0.9807692307692307,0.9423076923076923,0.038461538461538436,0.4709689349112426,crc_enriched
VogtmannE_2016,FengQ_2015;GuptaA_2019;ThomasAM_2018a;ThomasAM_2018b;ThomasAM_2019_c;WirbelJ_2018;YachidaS_2019;YuJ_2015;ZellerG_2014,71,UniRef90_R6JPW2,9,7,0.5661911911911912,0.04487179487179482,0.7777777777777778,USA,True,0.8653846153846154,0.9230769230769231,-0.05769230769230771,0.5384615384615384,control_enriched
VogtmannE_2016,FengQ_2015;GuptaA_2019;ThomasAM_2018a;ThomasAM_2018b;ThomasAM_2019_c;WirbelJ_2018;YachidaS_2019;YuJ_2015;ZellerG_2014,72,UniRef90_R6J9C5,9,7,0.5658158158158159,0.0249922480620155,0.7777777777777778,USA,True,0.8846153846153846,0.9615384615384616,-0.07692307692307698,0.5388313609467456,control_enriched
VogtmannE_2016,FengQ_2015;GuptaA_2019;ThomasAM_2018a;ThomasAM_2018b;ThomasAM_2019_c;WirbelJ_2018;YachidaS_2019;YuJ_2015;ZellerG_2014,73,UniRef90_A0A139K7B2,9,7,0.5651901901901902,0.01501501501501501,0.7777777777777778,USA,True,0.8846153846153846,0.9615384615384616,-0.07692307692307698,0.5277366863905325,control_enriched
VogtmannE_2016,FengQ_2015;GuptaA_2019;ThomasAM_2018a;ThomasAM_2018b;ThomasAM_2019_c;WirbelJ_2018;YachidaS_2019;YuJ_2015;ZellerG_2014,74,UniRef90_F7YJA4,9,7,0.5648610121168923,0.05512820512820504,0.7777777777777778,USA,True,0.9615384615384616,0.8846153846153846,0.07692307692307698,0.5876479289940828,crc_enriched
VogtmannE_2016,FengQ_2015;GuptaA_2019;ThomasAM_2018a;ThomasAM_2018b;ThomasAM_2019_c;WirbelJ_2018;YachidaS_2019;YuJ_2015;ZellerG_2014,75,UniRef90_R5RCI1,9,7,0.5648148148148148,0.0401785714285714,0.7777777777777778,USA,True,0.9230769230769231,0.9807692307692307,-0.0576923076923076,0.5443786982248521,control_enriched
VogtmannE_2016,FengQ_2015;GuptaA_2019;ThomasAM_2018a;ThomasAM_2018b;ThomasAM_2019_c;WirbelJ_2018;YachidaS_2019;YuJ_2015;ZellerG_2014,76,UniRef90_R7KUM4,9,7,0.5648148148148148,0.013116279069767534,0.7777777777777778,USA,True,0.9038461538461539,0.9230769230769231,-0.019230769230769273,0.5355029585798816,control_enriched
VogtmannE_2016,FengQ_2015;GuptaA_2019;ThomasAM_2018a;ThomasAM_2018b;ThomasAM_2019_c;WirbelJ_2018;YachidaS_2019;YuJ_2015;ZellerG_2014,77,UniRef90_D6E491,9,7,0.5644911846582122,0.027472868217054303,0.7777777777777778,USA,True,0.9807692307692307,0.9615384615384616,0.019230769230769162,0.4959319526627219,crc_enriched
VogtmannE_2016,FengQ_2015;GuptaA_2019;ThomasAM_2018a;ThomasAM_2018b;ThomasAM_2019_c;WirbelJ_2018;YachidaS_2019;YuJ_2015;ZellerG_2014,78,UniRef90_R6RQF5,9,7,0.5643143143143143,0.013392857142857095,0.7777777777777778,USA,True,0.8846153846153846,0.9615384615384616,-0.07692307692307698,0.5392011834319527,control_enriched
VogtmannE_2016,FengQ_2015;GuptaA_2019;ThomasAM_2018a;ThomasAM_2018b;ThomasAM_2019_c;WirbelJ_2018;YachidaS_2019;YuJ_2015;ZellerG_2014,79,UniRef90_C9KVB5,9,7,0.5641025641025641,0.01538461538461533,0.7777777777777778,USA,True,0.9423076923076923,0.9807692307692307,-0.038461538461538436,0.5515902366863905,control_enriched
VogtmannE_2016,FengQ_2015;GuptaA_2019;ThomasAM_2018a;ThomasAM_2018b;ThomasAM_2019_c;WirbelJ_2018;YachidaS_2019;YuJ_2015;ZellerG_2014,80,UniRef90_A0A0P0F0H3,9,7,0.5640640640640641,0.017364341085271406,0.7777777777777778,USA,True,0.8846153846153846,0.9615384615384616,-0.07692307692307698,0.5247781065088757,control_enriched
VogtmannE_2016,FengQ_2015;GuptaA_2019;ThomasAM_2018a;ThomasAM_2018b;ThomasAM_2019_c;WirbelJ_2018;YachidaS_2019;YuJ_2015;ZellerG_2014,81,UniRef90_A6P027,9,7,0.5640625,0.01538461538461533,0.7777777777777778,USA,True,0.9423076923076923,1.0,-0.05769230769230771,0.4256656804733728,control_enriched
VogtmannE_2016,FengQ_2015;GuptaA_2019;ThomasAM_2018a;ThomasAM_2018b;ThomasAM_2019_c;WirbelJ_2018;YachidaS_2019;YuJ_2015;ZellerG_2014,82,UniRef90_R6D7Z6,9,7,0.5638138138138138,0.020992248062015495,0.7777777777777778,USA,True,0.8846153846153846,0.9615384615384616,-0.07692307692307698,0.5299556213017751,control_enriched
VogtmannE_2016,FengQ_2015;GuptaA_2019;ThomasAM_2018a;ThomasAM_2018b;ThomasAM_2019_c;WirbelJ_2018;YachidaS_2019;YuJ_2015;ZellerG_2014,83,UniRef90_R7KXS5,9,7,0.5635635635635635,0.013392857142857095,0.7777777777777778,USA,True,0.8846153846153846,0.9615384615384616,-0.07692307692307698,0.5251479289940828,control_enriched
VogtmannE_2016,FengQ_2015;GuptaA_2019;ThomasAM_2018a;ThomasAM_2018b;ThomasAM_2019_c;WirbelJ_2018;YachidaS_2019;YuJ_2015;ZellerG_2014,84,UniRef90_H1CG88,9,7,0.5633133133133134,0.009860465116279027,0.7777777777777778,USA,True,0.9615384615384616,0.9807692307692307,-0.019230769230769162,0.584319526627219,control_enriched
VogtmannE_2016,FengQ_2015;GuptaA_2019;ThomasAM_2018a;ThomasAM_2018b;ThomasAM_2019_c;WirbelJ_2018;YachidaS_2019;YuJ_2015;ZellerG_2014,85,UniRef90_T4C1L2,9,7,0.5629379379379379,0.04487179487179482,0.7777777777777778,USA,True,0.9807692307692307,0.9807692307692307,0.0,0.5793269230769231,tie
VogtmannE_2016,FengQ_2015;GuptaA_2019;ThomasAM_2018a;ThomasAM_2018b;ThomasAM_2019_c;WirbelJ_2018;YachidaS_2019;YuJ_2015;ZellerG_2014,86,UniRef90_Q5LCA5,9,7,0.5628128128128128,0.01538461538461533,0.7777777777777778,USA,True,0.9230769230769231,0.9807692307692307,-0.0576923076923076,0.5229289940828402,control_enriched
VogtmannE_2016,FengQ_2015;GuptaA_2019;ThomasAM_2018a;ThomasAM_2018b;ThomasAM_2019_c;WirbelJ_2018;YachidaS_2019;YuJ_2015;ZellerG_2014,87,UniRef90_R6K519,9,7,0.5623123123123123,0.017116279069767537,0.7777777777777778,USA,True,0.8846153846153846,0.9615384615384616,-0.07692307692307698,0.5255177514792899,control_enriched
VogtmannE_2016,FengQ_2015;GuptaA_2019;ThomasAM_2018a;ThomasAM_2018b;ThomasAM_2019_c;WirbelJ_2018;YachidaS_2019;YuJ_2015;ZellerG_2014,88,UniRef90_D7J3P2,9,7,0.5623076923076923,0.028992248062015502,0.7777777777777778,USA,True,0.8846153846153846,0.9423076923076923,-0.05769230769230771,0.5077662721893491,control_enriched
VogtmannE_2016,FengQ_2015;GuptaA_2019;ThomasAM_2018a;ThomasAM_2018b;ThomasAM_2019_c;WirbelJ_2018;YachidaS_2019;YuJ_2015;ZellerG_2014,89,UniRef90_C9KYC3,9,7,0.5618118118118118,0.014102564102564052,0.7777777777777778,USA,True,0.8846153846153846,0.9615384615384616,-0.07692307692307698,0.5395710059171598,control_enriched
VogtmannE_2016,FengQ_2015;GuptaA_2019;ThomasAM_2018a;ThomasAM_2018b;ThomasAM_2019_c;WirbelJ_2018;YachidaS_2019;YuJ_2015;ZellerG_2014,90,UniRef90_A0A174RP44,9,7,0.5617816091954023,0.01538461538461533,0.7777777777777778,USA,True,0.9615384615384616,1.0,-0.038461538461538436,0.5277366863905325,control_enriched
VogtmannE_2016,FengQ_2015;GuptaA_2019;ThomasAM_2018a;ThomasAM_2018b;ThomasAM_2019_c;WirbelJ_2018;YachidaS_2019;YuJ_2015;ZellerG_2014,91,UniRef90_A0A395WMA6,9,7,0.56125,0.0401785714285714,0.7777777777777778,USA,True,0.9230769230769231,0.9807692307692307,-0.0576923076923076,0.5114644970414202,control_enriched
VogtmannE_2016,FengQ_2015;GuptaA_2019;ThomasAM_2018a;ThomasAM_2018b;ThomasAM_2019_c;WirbelJ_2018;YachidaS_2019;YuJ_2015;ZellerG_2014,92,UniRef90_W6P901,9,7,0.5611861861861862,0.017857142857142905,0.7777777777777778,USA,True,0.9038461538461539,0.9615384615384616,-0.05769230769230771,0.5351331360946746,control_enriched
VogtmannE_2016,FengQ_2015;GuptaA_2019;ThomasAM_2018a;ThomasAM_2018b;ThomasAM_2019_c;WirbelJ_2018;YachidaS_2019;YuJ_2015;ZellerG_2014,93,UniRef90_R6JIX7,9,7,0.561061061061061,0.03286821705426357,0.7777777777777778,USA,True,0.8846153846153846,0.9615384615384616,-0.07692307692307698,0.540680473372781,control_enriched
VogtmannE_2016,FengQ_2015;GuptaA_2019;ThomasAM_2018a;ThomasAM_2018b;ThomasAM_2019_c;WirbelJ_2018;YachidaS_2019;YuJ_2015;ZellerG_2014,94,UniRef90_A0A174J813,9,7,0.561061061061061,0.028735632183907955,0.7777777777777778,USA,True,0.8653846153846154,0.9423076923076923,-0.07692307692307687,0.5345784023668639,control_enriched
VogtmannE_2016,FengQ_2015;GuptaA_2019;ThomasAM_2018a;ThomasAM_2018b;ThomasAM_2019_c;WirbelJ_2018;YachidaS_2019;YuJ_2015;ZellerG_2014,95,UniRef90_D3AFU1,9,7,0.560625,0.01851851851851849,0.7777777777777778,USA,True,0.9807692307692307,0.9807692307692307,0.0,0.6384985207100592,tie
VogtmannE_2016,FengQ_2015;GuptaA_2019;ThomasAM_2018a;ThomasAM_2018b;ThomasAM_2019_c;WirbelJ_2018;YachidaS_2019;YuJ_2015;ZellerG_2014,96,UniRef90_Q8A6A7,9,7,0.56006006006006,0.025116279069767544,0.7777777777777778,USA,True,0.8846153846153846,0.9615384615384616,-0.07692307692307698,0.5277366863905325,control_enriched
VogtmannE_2016,FengQ_2015;GuptaA_2019;ThomasAM_2018a;ThomasAM_2018b;ThomasAM_2019_c;WirbelJ_2018;YachidaS_2019;YuJ_2015;ZellerG_2014,97,UniRef90_A0A069DBF6,9,8,0.56,0.04423136405815031,0.8888888888888888,USA,True,0.9615384615384616,0.9807692307692307,-0.019230769230769162,0.573594674556213,control_enriched
VogtmannE_2016,FengQ_2015;GuptaA_2019;ThomasAM_2018a;ThomasAM_2018b;ThomasAM_2019_c;WirbelJ_2018;YachidaS_2019;YuJ_2015;ZellerG_2014,98,UniRef90_A5ZKA2,9,7,0.5596846846846847,0.017240310077519472,0.7777777777777778,USA,True,0.8846153846153846,0.9615384615384616,-0.07692307692307698,0.5436390532544378,control_enriched
VogtmannE_2016,FengQ_2015;GuptaA_2019;ThomasAM_2018a;ThomasAM_2018b;ThomasAM_2019_c;WirbelJ_2018;YachidaS_2019;YuJ_2015;ZellerG_2014,99,UniRef90_Q8A255,9,7,0.5596846846846847,0.01538461538461533,0.7777777777777778,USA,True,0.9615384615384616,1.0,-0.038461538461538436,0.5673076923076923,control_enriched
VogtmannE_2016,FengQ_2015;GuptaA_2019;ThomasAM_2018a;ThomasAM_2018b;ThomasAM_2019_c;WirbelJ_2018;YachidaS_2019;YuJ_2015;ZellerG_2014,100,UniRef90_U2E0C4,9,7,0.5595595595595596,0.014102564102564052,0.7777777777777778,USA,True,0.8846153846153846,0.9615384615384616,-0.07692307692307698,0.540680473372781,control_enriched
WirbelJ_2018,FengQ_2015;GuptaA_2019;ThomasAM_2018a;ThomasAM_2018b;ThomasAM_2019_c;VogtmannE_2016;YachidaS_2019;YuJ_2015;ZellerG_2014,1,UniRef90_A0A015TGA7,9,7,0.630625,0.050000000000000044,0.7777777777777778,DEU,True,0.8833333333333333,0.9384615384615385,-0.055128205128205154,0.6089743589743589,control_enriched
WirbelJ_2018,FengQ_2015;GuptaA_2019;ThomasAM_2018a;ThomasAM_2018b;ThomasAM_2019_c;VogtmannE_2016;YachidaS_2019;YuJ_2015;ZellerG_2014,2,UniRef90_A0A0E2AL27,9,7,0.6293103448275862,0.03565891472868221,0.7777777777777778,DEU,True,0.9833333333333333,0.9384615384615385,0.04487179487179482,0.7815384615384615,crc_enriched
WirbelJ_2018,FengQ_2015;GuptaA_2019;ThomasAM_2018a;ThomasAM_2018b;ThomasAM_2019_c;VogtmannE_2016;YachidaS_2019;YuJ_2015;ZellerG_2014,3,UniRef90_A0A158T0E6,9,7,0.618001855861429,0.04175688215279927,0.7777777777777778,DEU,True,0.8833333333333333,0.9692307692307692,-0.08589743589743593,0.46487179487179486,control_enriched
WirbelJ_2018,FengQ_2015;GuptaA_2019;ThomasAM_2018a;ThomasAM_2018b;ThomasAM_2019_c;VogtmannE_2016;YachidaS_2019;YuJ_2015;ZellerG_2014,4,UniRef90_A0A143WWX7,9,7,0.6142751479289941,0.0357142857142857,0.7777777777777778,DEU,True,1.0,1.0,0.0,0.5497435897435897,tie
WirbelJ_2018,FengQ_2015;GuptaA_2019;ThomasAM_2018a;ThomasAM_2018b;ThomasAM_2019_c;VogtmannE_2016;YachidaS_2019;YuJ_2015;ZellerG_2014,5,UniRef90_A0A192CAU6,9,7,0.6031549644293226,0.02744119743406992,0.7777777777777778,DEU,True,0.8833333333333333,0.7384615384615385,0.1448717948717948,0.6332051282051282,crc_enriched
WirbelJ_2018,FengQ_2015;GuptaA_2019;ThomasAM_2018a;ThomasAM_2018b;ThomasAM_2019_c;VogtmannE_2016;YachidaS_2019;YuJ_2015;ZellerG_2014,6,UniRef90_A0A081TLD1,9,8,0.5962643678160919,0.05205205205205199,0.8888888888888888,DEU,True,0.9,0.9692307692307692,-0.0692307692307692,0.4512820512820513,control_enriched
WirbelJ_2018,FengQ_2015;GuptaA_2019;ThomasAM_2018a;ThomasAM_2018b;ThomasAM_2019_c;VogtmannE_2016;YachidaS_2019;YuJ_2015;ZellerG_2014,7,UniRef90_A0A329TH64,9,8,0.5962223806129722,0.0401785714285714,0.8888888888888888,DEU,True,0.9833333333333333,1.0,-0.01666666666666672,0.642051282051282,control_enriched
WirbelJ_2018,FengQ_2015;GuptaA_2019;ThomasAM_2018a;ThomasAM_2018b;ThomasAM_2019_c;VogtmannE_2016;YachidaS_2019;YuJ_2015;ZellerG_2014,8,UniRef90_A0A0K6BZ65,9,7,0.5954142011834319,0.00911627906976753,0.7777777777777778,DEU,True,0.9833333333333333,0.9846153846153847,-0.0012820512820513885,0.6147435897435898,control_enriched
WirbelJ_2018,FengQ_2015;GuptaA_2019;ThomasAM_2018a;ThomasAM_2018b;ThomasAM_2019_c;VogtmannE_2016;YachidaS_2019;YuJ_2015;ZellerG_2014,9,UniRef90_A0A3E5H1E2,9,7,0.595,0.019230769230769162,0.7777777777777778,DEU,True,0.9333333333333333,0.9538461538461539,-0.02051282051282055,0.5982051282051282,control_enriched
WirbelJ_2018,FengQ_2015;GuptaA_2019;ThomasAM_2018a;ThomasAM_2018b;ThomasAM_2019_c;VogtmannE_2016;YachidaS_2019;YuJ_2015;ZellerG_2014,10,UniRef90_I9VT34,9,8,0.587847469707769,0.050000000000000044,0.8888888888888888,DEU,True,0.85,0.9692307692307692,-0.11923076923076925,0.41923076923076924,control_enriched
WirbelJ_2018,FengQ_2015;GuptaA_2019;ThomasAM_2018a;ThomasAM_2018b;ThomasAM_2019_c;VogtmannE_2016;YachidaS_2019;YuJ_2015;ZellerG_2014,11,UniRef90_F7YJA4,9,7,0.5876479289940828,0.07127583749109057,0.7777777777777778,DEU,True,0.9166666666666666,0.8615384615384616,0.05512820512820504,0.4744871794871795,crc_enriched
WirbelJ_2018,FengQ_2015;GuptaA_2019;ThomasAM_2018a;ThomasAM_2018b;ThomasAM_2019_c;VogtmannE_2016;YachidaS_2019;YuJ_2015;ZellerG_2014,12,UniRef90_A0A174LXZ3,9,7,0.5835798816568047,0.016868217054263557,0.7777777777777778,DEU,True,0.9833333333333333,0.9846153846153847,-0.0012820512820513885,0.6065384615384616,control_enriched
WirbelJ_2018,FengQ_2015;GuptaA_2019;ThomasAM_2018a;ThomasAM_2018b;ThomasAM_2019_c;VogtmannE_2016;YachidaS_2019;YuJ_2015;ZellerG_2014,13,UniRef90_R5RC53,9,7,0.58,0.019230769230769162,0.7777777777777778,DEU,True,0.9833333333333333,0.9384615384615385,0.04487179487179482,0.6433333333333333,crc_enriched
WirbelJ_2018,FengQ_2015;GuptaA_2019;ThomasAM_2018a;ThomasAM_2018b;ThomasAM_2019_c;VogtmannE_2016;YachidaS_2019;YuJ_2015;ZellerG_2014,14,UniRef90_A0A0S2W3X4,9,7,0.577512473271561,0.0357142857142857,0.7777777777777778,DEU,True,1.0,1.0,0.0,0.5528205128205128,tie
WirbelJ_2018,FengQ_2015;GuptaA_2019;ThomasAM_2018a;ThomasAM_2018b;ThomasAM_2019_c;VogtmannE_2016;YachidaS_2019;YuJ_2015;ZellerG_2014,15,UniRef90_W6P8M8,9,7,0.5765532544378699,0.00911627906976753,0.7777777777777778,DEU,True,1.0,0.9846153846153847,0.01538461538461533,0.6123076923076923,crc_enriched
WirbelJ_2018,FengQ_2015;GuptaA_2019;ThomasAM_2018a;ThomasAM_2018b;ThomasAM_2019_c;VogtmannE_2016;YachidaS_2019;YuJ_2015;ZellerG_2014,16,UniRef90_C7H649,9,7,0.5753741981468282,0.02155172413793105,0.7777777777777778,DEU,True,0.9833333333333333,1.0,-0.01666666666666672,0.4330769230769231,control_enriched
WirbelJ_2018,FengQ_2015;GuptaA_2019;ThomasAM_2018a;ThomasAM_2018b;ThomasAM_2019_c;VogtmannE_2016;YachidaS_2019;YuJ_2015;ZellerG_2014,17,UniRef90_Q8A4A2,9,7,0.5736986986986987,0.02062015503875969,0.7777777777777778,DEU,True,1.0,0.9538461538461539,0.0461538461538461,0.6766666666666666,crc_enriched
WirbelJ_2018,FengQ_2015;GuptaA_2019;ThomasAM_2018a;ThomasAM_2018b;ThomasAM_2019_c;VogtmannE_2016;YachidaS_2019;YuJ_2015;ZellerG_2014,18,UniRef90_I9RD05,9,7,0.5736607142857143,0.033333333333333326,0.7777777777777778,DEU,True,0.9833333333333333,0.9846153846153847,-0.0012820512820513885,0.6578205128205128,control_enriched
WirbelJ_2018,FengQ_2015;GuptaA_2019;ThomasAM_2018a;ThomasAM_2018b;ThomasAM_2019_c;VogtmannE_2016;YachidaS_2019;YuJ_2015;ZellerG_2014,19,UniRef90_A0A069DBF6,9,7,0.573594674556213,0.04423136405815031,0.7777777777777778,DEU,True,0.9833333333333333,0.9692307692307692,0.014102564102564052,0.5597435897435897,crc_enriched
WirbelJ_2018,FengQ_2015;GuptaA_2019;ThomasAM_2018a;ThomasAM_2018b;ThomasAM_2019_c;VogtmannE_2016;YachidaS_2019;YuJ_2015;ZellerG_2014,20,UniRef90_D4JXR3,9,7,0.5691375623663578,0.038461538461538436,0.7777777777777778,DEU,True,1.0,1.0,0.0,0.5061538461538462,tie
WirbelJ_2018,FengQ_2015;GuptaA_2019;ThomasAM_2018a;ThomasAM_2018b;ThomasAM_2019_c;VogtmannE_2016;YachidaS_2019;YuJ_2015;ZellerG_2014,21,UniRef90_D4JXR4,9,7,0.567584287039901,0.04175688215279927,0.7777777777777778,DEU,True,1.0,0.9846153846153847,0.01538461538461533,0.47435897435897434,crc_enriched
WirbelJ_2018,FengQ_2015;GuptaA_2019;ThomasAM_2018a;ThomasAM_2018b;ThomasAM_2019_c;VogtmannE_2016;YachidaS_2019;YuJ_2015;ZellerG_2014,22,UniRef90_F4XER6,9,7,0.5664647184604419,0.038461538461538436,0.7777777777777778,DEU,True,1.0,0.9846153846153847,0.01538461538461533,0.49,crc_enriched
WirbelJ_2018,FengQ_2015;GuptaA_2019;ThomasAM_2018a;ThomasAM_2018b;ThomasAM_2019_c;VogtmannE_2016;YachidaS_2019;YuJ_2015;ZellerG_2014,23,UniRef90_A0A174CAP2,9,7,0.56503920171062,0.0576923076923076,0.7777777777777778,DEU,True,1.0,1.0,0.0,0.5071794871794871,tie
WirbelJ_2018,FengQ_2015;GuptaA_2019;ThomasAM_2018a;ThomasAM_2018b;ThomasAM_2019_c;VogtmannE_2016;YachidaS_2019;YuJ_2015;ZellerG_2014,24,UniRef90_A0A3A9BDB1,9,7,0.5606508875739645,0.019230769230769273,0.7777777777777778,DEU,True,0.9166666666666666,0.9230769230769231,-0.0064102564102564985,0.4967948717948718,control_enriched
WirbelJ_2018,FengQ_2015;GuptaA_2019;ThomasAM_2018a;ThomasAM_2018b;ThomasAM_2019_c;VogtmannE_2016;YachidaS_2019;YuJ_2015;ZellerG_2014,25,UniRef90_D6E491,9,7,0.5595595595595596,0.027472868217054303,0.7777777777777778,DEU,True,0.9333333333333333,0.9230769230769231,0.01025641025641022,0.6502564102564102,crc_enriched
WirbelJ_2018,FengQ_2015;GuptaA_2019;ThomasAM_2018a;ThomasAM_2018b;ThomasAM_2019_c;VogtmannE_2016;YachidaS_2019;YuJ_2015;ZellerG_2014,26,UniRef90_R5REJ2,9,7,0.5589080459770115,0.008992248062015484,0.7777777777777778,DEU,True,1.0,0.9538461538461539,0.0461538461538461,0.6169230769230769,crc_enriched
WirbelJ_2018,FengQ_2015;GuptaA_2019;ThomasAM_2018a;ThomasAM_2018b;ThomasAM_2019_c;VogtmannE_2016;YachidaS_2019;YuJ_2015;ZellerG_2014,27,UniRef90_UPI000A0106DD,9,8,0.5588888888888889,0.02322480620155043,0.8888888888888888,DEU,True,1.0,1.0,0.0,0.5548717948717948,tie
WirbelJ_2018,FengQ_2015;GuptaA_2019;ThomasAM_2018a;ThomasAM_2018b;ThomasAM_2019_c;VogtmannE_2016;YachidaS_2019;YuJ_2015;ZellerG_2014,28,UniRef90_A0A0D8IWP6,9,7,0.5579956696566656,0.07196899224806197,0.7777777777777778,DEU,True,1.0,0.9846153846153847,0.01538461538461533,0.5243589743589744,crc_enriched
WirbelJ_2018,FengQ_2015;GuptaA_2019;ThomasAM_2018a;ThomasAM_2018b;ThomasAM_2019_c;VogtmannE_2016;YachidaS_2019;YuJ_2015;ZellerG_2014,29,UniRef90_D1PK04,9,7,0.5577334283677833,0.0576923076923076,0.7777777777777778,DEU,True,1.0,0.9846153846153847,0.01538461538461533,0.4905128205128205,crc_enriched
WirbelJ_2018,FengQ_2015;GuptaA_2019;ThomasAM_2018a;ThomasAM_2018b;ThomasAM_2019_c;VogtmannE_2016;YachidaS_2019;YuJ_2015;ZellerG_2014,30,UniRef90_F0TH24,9,7,0.555625,0.0357142857142857,0.7777777777777778,DEU,True,0.9666666666666667,0.9846153846153847,-0.017948717948717996,0.5274358974358975,control_enriched
WirbelJ_2018,FengQ_2015;GuptaA_2019;ThomasAM_2018a;ThomasAM_2018b;ThomasAM_2019_c;VogtmannE_2016;YachidaS_2019;YuJ_2015;ZellerG_2014,31,UniRef90_A6NXR1,9,7,0.5552118775131457,0.027837921435199475,0.7777777777777778,DEU,True,0.9833333333333333,0.9846153846153847,-0.0012820512820513885,0.45205128205128203,control_enriched
WirbelJ_2018,FengQ_2015;GuptaA_2019;ThomasAM_2018a;ThomasAM_2018b;ThomasAM_2019_c;VogtmannE_2016;YachidaS_2019;YuJ_2015;ZellerG_2014,32,UniRef90_A0A174Y457,9,7,0.5549025672749768,0.0576923076923076,0.7777777777777778,DEU,True,1.0,0.9846153846153847,0.01538461538461533,0.5051282051282051,crc_enriched
WirbelJ_2018,FengQ_2015;GuptaA_2019;ThomasAM_2018a;ThomasAM_2018b;ThomasAM_2019_c;VogtmannE_2016;YachidaS_2019;YuJ_2015;ZellerG_2014,33,UniRef90_A0A1E3U585,9,7,0.5545977011494253,0.024372093023255825,0.7777777777777778,DEU,True,0.9666666666666667,0.8615384615384616,0.10512820512820509,0.551025641025641,crc_enriched
WirbelJ_2018,FengQ_2015;GuptaA_2019;ThomasAM_2018a;ThomasAM_2018b;ThomasAM_2019_c;VogtmannE_2016;YachidaS_2019;YuJ_2015;ZellerG_2014,34,UniRef90_A0A3E5DM19,9,8,0.5530467058459635,0.050000000000000044,0.8888888888888888,DEU,True,0.9333333333333333,0.9692307692307692,-0.03589743589743588,0.47846153846153844,control_enriched
WirbelJ_2018,FengQ_2015;GuptaA_2019;ThomasAM_2018a;ThomasAM_2018b;ThomasAM_2019_c;VogtmannE_2016;YachidaS_2019;YuJ_2015;ZellerG_2014,35,UniRef90_A0A1E3UBQ7,9,7,0.5530467058459635,0.01851851851851849,0.7777777777777778,DEU,True,0.9666666666666667,0.9384615384615385,0.028205128205128216,0.5623076923076923,crc_enriched
WirbelJ_2018,FengQ_2015;GuptaA_2019;ThomasAM_2018a;ThomasAM_2018b;ThomasAM_2019_c;VogtmannE_2016;YachidaS_2019;YuJ_2015;ZellerG_2014,36,UniRef90_D4K6N1,9,7,0.5521449704142012,0.0357142857142857,0.7777777777777778,DEU,True,0.9833333333333333,0.9846153846153847,-0.0012820512820513885,0.43243589743589744,control_enriched
WirbelJ_2018,FengQ_2015;GuptaA_2019;ThomasAM_2018a;ThomasAM_2018b;ThomasAM_2019_c;VogtmannE_2016;YachidaS_2019;YuJ_2015;ZellerG_2014,37,UniRef90_C7H8N4,9,7,0.5507268790596969,0.0576923076923076,0.7777777777777778,DEU,True,1.0,1.0,0.0,0.49948717948717947,tie
WirbelJ_2018,FengQ_2015;GuptaA_2019;ThomasAM_2018a;ThomasAM_2018b;ThomasAM_2019_c;VogtmannE_2016;YachidaS_2019;YuJ_2015;ZellerG_2014,38,UniRef90_C7H8R2,9,7,0.5505722239406124,0.038461538461538436,0.7777777777777778,DEU,True,1.0,0.9846153846153847,0.01538461538461533,0.5392307692307692,crc_enriched
WirbelJ_2018,FengQ_2015;GuptaA_2019;ThomasAM_2018a;ThomasAM_2018b;ThomasAM_2019_c;VogtmannE_2016;YachidaS_2019;YuJ_2015;ZellerG_2014,39,UniRef90_H1B745,9,7,0.5503003003003003,0.022888957624497386,0.7777777777777778,DEU,True,0.9666666666666667,0.9076923076923077,0.05897435897435899,0.6125641025641025,crc_enriched
WirbelJ_2018,FengQ_2015;GuptaA_2019;ThomasAM_2018a;ThomasAM_2018b;ThomasAM_2019_c;VogtmannE_2016;YachidaS_2019;YuJ_2015;ZellerG_2014,40,UniRef90_R5U6R9,9,7,0.5502958579881657,0.03031240334055063,0.7777777777777778,DEU,True,0.9833333333333333,0.9846153846153847,-0.0012820512820513885,0.625,control_enriched
WirbelJ_2018,FengQ_2015;GuptaA_2019;ThomasAM_2018a;ThomasAM_2018b;ThomasAM_2019_c;VogtmannE_2016;YachidaS_2019;YuJ_2015;ZellerG_2014,41,UniRef90_R5U7X9,9,7,0.5502015503875969,0.017857142857142905,0.7777777777777778,DEU,True,0.9833333333333333,0.9538461538461539,0.029487179487179382,0.5752564102564103,crc_enriched
YachidaS_2019,FengQ_2015;GuptaA_2019;ThomasAM_2018a;ThomasAM_2018b;VogtmannE_2016;WirbelJ_2018;YuJ_2015;ZellerG_2014,1,UniRef90_A0A0E2AL27,8,6,0.6417135776252916,0.03635485815349715,0.75,JPN,True,0.6356589147286822,0.6,0.03565891472868221,0.4985891472868217,crc_enriched
YachidaS_2019,FengQ_2015;GuptaA_2019;ThomasAM_2018a;ThomasAM_2018b;VogtmannE_2016;WirbelJ_2018;YuJ_2015;ZellerG_2014,2,UniRef90_A0A015TGA7,8,6,0.6304253913672411,0.053689244456333884,0.75,JPN,True,0.9573643410852714,0.964,-0.006635658914728615,0.5152635658914728,control_enriched
YachidaS_2019,FengQ_2015;GuptaA_2019;ThomasAM_2018a;ThomasAM_2018b;VogtmannE_2016;WirbelJ_2018;YuJ_2015;ZellerG_2014,3,UniRef90_A0A174ULY2,8,6,0.6248642873642873,0.05847054018257236,0.75,JPN,True,0.937984496124031,0.944,-0.006015503875968942,0.5539069767441861,control_enriched
YachidaS_2019,FengQ_2015;GuptaA_2019;ThomasAM_2018a;ThomasAM_2018b;VogtmannE_2016;WirbelJ_2018;YuJ_2015;ZellerG_2014,4,UniRef90_A0A096C9P0,8,6,0.6234741583299275,0.08055116669406809,0.75,JPN,True,0.9341085271317829,0.94,-0.005891472868217007,0.542953488372093,control_enriched
YachidaS_2019,FengQ_2015;GuptaA_2019;ThomasAM_2018a;ThomasAM_2018b;VogtmannE_2016;WirbelJ_2018;YuJ_2015;ZellerG_2014,5,UniRef90_A0A192CAU6,8,7,0.6233559497048449,0.05218213717857345,0.875,JPN,True,0.7635658914728682,0.676,0.0875658914728682,0.5282868217054264,crc_enriched
YachidaS_2019,FengQ_2015;GuptaA_2019;ThomasAM_2018a;ThomasAM_2018b;VogtmannE_2016;WirbelJ_2018;YuJ_2015;ZellerG_2014,6,UniRef90_R5REJ2,8,6,0.6230886655886656,0.010186525120410073,0.75,JPN,True,0.9689922480620154,0.96,0.008992248062015484,0.5332868217054264,crc_enriched
YachidaS_2019,FengQ_2015;GuptaA_2019;ThomasAM_2018a;ThomasAM_2018b;VogtmannE_2016;WirbelJ_2018;YuJ_2015;ZellerG_2014,7,UniRef90_K1GFZ0,8,6,0.6205403480403481,0.022207483721557342,0.75,JPN,True,0.9534883720930233,0.964,-0.010511627906976684,0.5333953488372093,control_enriched
YachidaS_2019,FengQ_2015;GuptaA_2019;ThomasAM_2018a;ThomasAM_2018b;VogtmannE_2016;WirbelJ_2018;YuJ_2015;ZellerG_2014,8,UniRef90_Q8AAN7,8,6,0.6200889350889351,0.020970242768881764,0.75,JPN,True,0.9612403100775194,0.96,0.0012403100775194575,0.545922480620155,crc_enriched
YachidaS_2019,FengQ_2015;GuptaA_2019;ThomasAM_2018a;ThomasAM_2018b;VogtmannE_2016;WirbelJ_2018;YuJ_2015;ZellerG_2014,9,UniRef90_A0A158T0E6,8,6,0.6182489678451835,0.04972459492255349,0.75,JPN,True,0.9728682170542635,0.96,0.012868217054263553,0.5473488372093023,crc_enriched
YachidaS_2019,FengQ_2015;GuptaA_2019;ThomasAM_2018a;ThomasAM_2018b;VogtmannE_2016;WirbelJ_2018;YuJ_2015;ZellerG_2014,10,UniRef90_R5RC53,8,6,0.6162394509651761,0.019625394625394588,0.75,JPN,True,0.9418604651162791,0.928,0.01386046511627903,0.5365891472868217,crc_enriched
YachidaS_2019,FengQ_2015;GuptaA_2019;ThomasAM_2018a;ThomasAM_2018b;VogtmannE_2016;WirbelJ_2018;YuJ_2015;ZellerG_2014,11,UniRef90_W6P8M8,8,6,0.6133985908985908,0.012156593406593363,0.75,JPN,True,0.9651162790697675,0.956,0.00911627906976753,0.5314961240310078,crc_enriched
YachidaS_2019,FengQ_2015;GuptaA_2019;ThomasAM_2018a;ThomasAM_2018b;VogtmannE_2016;WirbelJ_2018;YuJ_2015;ZellerG_2014,12,UniRef90_A0A3E4UZ17,8,7,0.613159516765286,0.02037402745723188,0.875,JPN,True,0.937984496124031,0.94,-0.002015503875968938,0.5518604651162791,control_enriched
YachidaS_2019,FengQ_2015;GuptaA_2019;ThomasAM_2018a;ThomasAM_2018b;VogtmannE_2016;WirbelJ_2018;YuJ_2015;ZellerG_2014,13,UniRef90_A0A329TH64,8,6,0.6113508352769003,0.02970467032967028,0.75,JPN,True,0.9496124031007752,0.916,0.03361240310077518,0.5517751937984496,crc_enriched
YachidaS_2019,FengQ_2015;GuptaA_2019;ThomasAM_2018a;ThomasAM_2018b;VogtmannE_2016;WirbelJ_2018;YuJ_2015;ZellerG_2014,14,UniRef90_A0A174XPU3,8,6,0.611019780941656,0.03622083622083622,0.75,JPN,True,0.937984496124031,0.956,-0.018015503875968952,0.5449302325581395,control_enriched
YachidaS_2019,FengQ_2015;GuptaA_2019;ThomasAM_2018a;ThomasAM_2018b;VogtmannE_2016;WirbelJ_2018;YuJ_2015;ZellerG_2014,15,UniRef90_A0A174BL52,8,6,0.6023218050737944,0.015139262020944122,0.75,JPN,True,0.9302325581395349,0.94,-0.009767441860465076,0.550046511627907,control_enriched
YachidaS_2019,FengQ_2015;GuptaA_2019;ThomasAM_2018a;ThomasAM_2018b;VogtmannE_2016;WirbelJ_2018;YuJ_2015;ZellerG_2014,16,UniRef90_A0A081TLD1,8,6,0.6005875410509032,0.07226790663227406,0.75,JPN,True,0.9844961240310077,0.956,0.028496124031007763,0.550031007751938,crc_enriched
YachidaS_2019,FengQ_2015;GuptaA_2019;ThomasAM_2018a;ThomasAM_2018b;VogtmannE_2016;WirbelJ_2018;YuJ_2015;ZellerG_2014,17,UniRef90_A0A397WMH6,8,6,0.5983265203051786,0.029704670329670335,0.75,JPN,True,0.9573643410852714,0.94,0.017364341085271406,0.4918682170542636,crc_enriched
YachidaS_2019,FengQ_2015;GuptaA_2019;ThomasAM_2018a;ThomasAM_2018b;VogtmannE_2016;WirbelJ_2018;YuJ_2015;ZellerG_2014,18,UniRef90_Q5LGR5,8,6,0.596804644881568,0.026923076923076883,0.75,JPN,True,0.9612403100775194,0.952,0.009240310077519465,0.5395193798449612,crc_enriched
YachidaS_2019,FengQ_2015;GuptaA_2019;ThomasAM_2018a;ThomasAM_2018b;VogtmannE_2016;WirbelJ_2018;YuJ_2015;ZellerG_2014,19,UniRef90_R6HMD9,8,6,0.5966515785207873,0.05815018315018311,0.75,JPN,True,0.8178294573643411,0.824,-0.00617054263565886,0.5647131782945737,control_enriched
YachidaS_2019,FengQ_2015;GuptaA_2019;ThomasAM_2018a;ThomasAM_2018b;VogtmannE_2016;WirbelJ_2018;YuJ_2015;ZellerG_2014,20,UniRef90_F7YJA4,8,7,0.5918150359256129,0.07409945720708377,0.875,JPN,True,0.7751937984496124,0.736,0.03919379844961246,0.5351317829457365,crc_enriched
YachidaS_2019,FengQ_2015;GuptaA_2019;ThomasAM_2018a;ThomasAM_2018b;VogtmannE_2016;WirbelJ_2018;YuJ_2015;ZellerG_2014,21,UniRef90_A0A069DBF6,8,6,0.5904760159567852,0.029166964080357183,0.75,JPN,True,0.9573643410852714,0.956,0.0013643410852713922,0.5474186046511628,crc_enriched
YachidaS_2019,FengQ_2015;GuptaA_2019;ThomasAM_2018a;ThomasAM_2018b;VogtmannE_2016;WirbelJ_2018;YuJ_2015;ZellerG_2014,22,UniRef90_R6VDS6,8,6,0.5851070293925227,0.0127735214574064,0.75,JPN,True,0.9573643410852714,0.948,0.0093643410852714,0.5487209302325582,crc_enriched
YachidaS_2019,FengQ_2015;GuptaA_2019;ThomasAM_2018a;ThomasAM_2018b;VogtmannE_2016;WirbelJ_2018;YuJ_2015;ZellerG_2014,23,UniRef90_A6P027,8,6,0.5818024717922512,0.03676747008018272,0.75,JPN,True,0.9457364341085271,0.944,0.0017364341085271962,0.49724806201550387,crc_enriched
YachidaS_2019,FengQ_2015;GuptaA_2019;ThomasAM_2018a;ThomasAM_2018b;VogtmannE_2016;WirbelJ_2018;YuJ_2015;ZellerG_2014,24,UniRef90_Q8A4A2,8,6,0.5803663267304444,0.02970467032967028,0.75,JPN,True,0.9806201550387597,0.96,0.02062015503875969,0.4952093023255814,crc_enriched
YachidaS_2019,FengQ_2015;GuptaA_2019;ThomasAM_2018a;ThomasAM_2018b;VogtmannE_2016;WirbelJ_2018;YuJ_2015;ZellerG_2014,25,UniRef90_K1FAD2,8,6,0.5741500527484424,0.03885616385616386,0.75,JPN,True,0.9651162790697675,0.916,0.049116279069767455,0.4853720930232558,crc_enriched
YachidaS_2019,FengQ_2015;GuptaA_2019;ThomasAM_2018a;ThomasAM_2018b;VogtmannE_2016;WirbelJ_2018;YuJ_2015;ZellerG_2014,26,UniRef90_A0A174QQF0,8,6,0.5721525345326768,0.029007854007853995,0.75,JPN,True,0.9534883720930233,0.944,0.009488372093023334,0.5439767441860465,crc_enriched
YachidaS_2019,FengQ_2015;GuptaA_2019;ThomasAM_2018a;ThomasAM_2018b;VogtmannE_2016;WirbelJ_2018;YuJ_2015;ZellerG_2014,27,UniRef90_D3AFY1,8,6,0.5698167875644711,0.036375661375661394,0.75,JPN,True,0.9883720930232558,0.992,-0.0036279069767441996,0.49172093023255814,control_enriched
YachidaS_2019,FengQ_2015;GuptaA_2019;ThomasAM_2018a;ThomasAM_2018b;VogtmannE_2016;WirbelJ_2018;YuJ_2015;ZellerG_2014,28,UniRef90_H1B745,8,6,0.5697137596176058,0.03376590738367724,0.75,JPN,True,0.9689922480620154,0.952,0.01699224806201549,0.5288527131782945,crc_enriched
YachidaS_2019,FengQ_2015;GuptaA_2019;ThomasAM_2018a;ThomasAM_2018b;VogtmannE_2016;WirbelJ_2018;YuJ_2015;ZellerG_2014,29,UniRef90_A0A1E3UBT2,8,6,0.5682584937039676,0.01631054131054127,0.75,JPN,True,0.9922480620155039,0.972,0.020248062015503887,0.5355968992248062,crc_enriched
YachidaS_2019,FengQ_2015;GuptaA_2019;ThomasAM_2018a;ThomasAM_2018b;VogtmannE_2016;WirbelJ_2018;YuJ_2015;ZellerG_2014,30,UniRef90_R5U7X9,8,6,0.5672202972202972,0.021610291193495668,0.75,JPN,True,0.9496124031007752,0.944,0.005612403100775265,0.5502015503875969,crc_enriched
YachidaS_2019,FengQ_2015;GuptaA_2019;ThomasAM_2018a;ThomasAM_2018b;VogtmannE_2016;WirbelJ_2018;YuJ_2015;ZellerG_2014,31,UniRef90_G9RUW2,8,6,0.5657153307153306,0.018874643874643826,0.75,JPN,True,0.9922480620155039,0.98,0.01224806201550388,0.5303720930232558,crc_enriched
YachidaS_2019,FengQ_2015;GuptaA_2019;ThomasAM_2018a;ThomasAM_2018b;VogtmannE_2016;WirbelJ_2018;YuJ_2015;ZellerG_2014,32,UniRef90_I8V4S7,8,6,0.5656784997660346,0.06272618772618771,0.75,JPN,True,0.9689922480620154,0.944,0.0249922480620155,0.5337209302325582,crc_enriched
YachidaS_2019,FengQ_2015;GuptaA_2019;ThomasAM_2018a;ThomasAM_2018b;VogtmannE_2016;WirbelJ_2018;YuJ_2015;ZellerG_2014,33,UniRef90_R6KB72,8,6,0.5644044044044043,0.016620879120879117,0.75,JPN,True,0.9612403100775194,0.944,0.017240310077519472,0.5436434108527132,crc_enriched
YachidaS_2019,FengQ_2015;GuptaA_2019;ThomasAM_2018a;ThomasAM_2018b;VogtmannE_2016;WirbelJ_2018;YuJ_2015;ZellerG_2014,34,UniRef90_Q8A011,8,6,0.5641531916531917,0.014651788051107562,0.75,JPN,True,0.9728682170542635,0.968,0.004868217054263546,0.5158759689922481,crc_enriched
YachidaS_2019,FengQ_2015;GuptaA_2019;ThomasAM_2018a;ThomasAM_2018b;VogtmannE_2016;WirbelJ_2018;YuJ_2015;ZellerG_2014,35,UniRef90_A0A395WC15,8,6,0.5622399060081227,0.011964485363804955,0.75,JPN,True,0.9806201550387597,0.964,0.016620155038759687,0.48010077519379846,crc_enriched
YachidaS_2019,FengQ_2015;GuptaA_2019;ThomasAM_2018a;ThomasAM_2018b;VogtmannE_2016;WirbelJ_2018;YuJ_2015;ZellerG_2014,36,UniRef90_D6E491,8,6,0.5620253721088859,0.018874643874643826,0.75,JPN,True,0.8914728682170543,0.864,0.027472868217054303,0.5274883720930232,crc_enriched
YachidaS_2019,FengQ_2015;GuptaA_2019;ThomasAM_2018a;ThomasAM_2018b;VogtmannE_2016;WirbelJ_2018;YuJ_2015;ZellerG_2014,37,UniRef90_A0A174G5R7,8,6,0.5612360930370519,0.01519981519981517,0.75,JPN,True,0.9651162790697675,0.944,0.02111627906976754,0.5443255813953488,crc_enriched
YachidaS_2019,FengQ_2015;GuptaA_2019;ThomasAM_2018a;ThomasAM_2018b;VogtmannE_2016;WirbelJ_2018;YuJ_2015;ZellerG_2014,38,UniRef90_A0A1E3AZP4,8,7,0.5606906906906908,0.033241758241758235,0.875,JPN,True,0.9961240310077519,0.988,0.008124031007751942,0.494015503875969,crc_enriched
YachidaS_2019,FengQ_2015;GuptaA_2019;ThomasAM_2018a;ThomasAM_2018b;VogtmannE_2016;WirbelJ_2018;YuJ_2015;ZellerG_2014,39,UniRef90_I9VT34,8,6,0.560549160155462,0.04824862637362637,0.75,JPN,True,0.9767441860465116,0.968,0.008744186046511615,0.49697674418604654,crc_enriched
YachidaS_2019,FengQ_2015;GuptaA_2019;ThomasAM_2018a;ThomasAM_2018b;VogtmannE_2016;WirbelJ_2018;YuJ_2015;ZellerG_2014,40,UniRef90_A0A3E4JRE0,8,6,0.56003927003927,0.030713748081517944,0.75,JPN,True,0.9689922480620154,0.944,0.0249922480620155,0.5244031007751938,crc_enriched
YachidaS_2019,FengQ_2015;GuptaA_2019;ThomasAM_2018a;ThomasAM_2018b;VogtmannE_2016;WirbelJ_2018;YuJ_2015;ZellerG_2014,41,UniRef90_A0A1E3UBQ7,8,6,0.5600205603377377,0.023361823361823353,0.75,JPN,True,0.9728682170542635,0.968,0.004868217054263546,0.4992558139534884,crc_enriched
YachidaS_2019,FengQ_2015;GuptaA_2019;ThomasAM_2018a;ThomasAM_2018b;VogtmannE_2016;WirbelJ_2018;YuJ_2015;ZellerG_2014,42,UniRef90_C5ERC9,8,6,0.5595499345499346,0.03288633461047252,0.75,JPN,True,0.9922480620155039,0.976,0.016248062015503884,0.5458604651162791,crc_enriched
YachidaS_2019,FengQ_2015;GuptaA_2019;ThomasAM_2018a;ThomasAM_2018b;VogtmannE_2016;WirbelJ_2018;YuJ_2015;ZellerG_2014,43,UniRef90_R8VZS7,8,6,0.5587586775169017,0.041110306735306745,0.75,JPN,True,0.8992248062015504,0.9,-0.0007751937984495916,0.4895658914728682,control_enriched
YachidaS_2019,FengQ_2015;GuptaA_2019;ThomasAM_2018a;ThomasAM_2018b;VogtmannE_2016;WirbelJ_2018;YuJ_2015;ZellerG_2014,44,UniRef90_A0A3E5DM19,8,6,0.5579582641655854,0.052314244663382525,0.75,JPN,True,0.8488372093023255,0.848,0.0008372093023255589,0.525984496124031,crc_enriched
YachidaS_2019,FengQ_2015;GuptaA_2019;ThomasAM_2018a;ThomasAM_2018b;VogtmannE_2016;WirbelJ_2018;YuJ_2015;ZellerG_2014,45,UniRef90_UPI000A0106DD,8,6,0.5568803418803419,0.010727244411129433,0.75,JPN,True,0.8992248062015504,0.876,0.02322480620155043,0.5355658914728683,crc_enriched
YachidaS_2019,FengQ_2015;GuptaA_2019;ThomasAM_2018a;ThomasAM_2018b;VogtmannE_2016;WirbelJ_2018;YuJ_2015;ZellerG_2014,46,UniRef90_C5ER99,8,6,0.556602564102564,0.014651788051107562,0.75,JPN,True,1.0,0.98,0.020000000000000018,0.4728682170542636,crc_enriched
YachidaS_2019,FengQ_2015;GuptaA_2019;ThomasAM_2018a;ThomasAM_2018b;VogtmannE_2016;WirbelJ_2018;YuJ_2015;ZellerG_2014,47,UniRef90_A0A1E3U585,8,6,0.5565781298539919,0.028133903133903182,0.75,JPN,True,0.9883720930232558,0.964,0.024372093023255825,0.5210465116279069,crc_enriched
YachidaS_2019,FengQ_2015;GuptaA_2019;ThomasAM_2018a;ThomasAM_2018b;VogtmannE_2016;WirbelJ_2018;YuJ_2015;ZellerG_2014,48,UniRef90_A0A374P4M0,8,6,0.5541596478873743,0.014981498665383619,0.75,JPN,True,0.9806201550387597,0.956,0.024620155038759695,0.5107829457364341,crc_enriched
YachidaS_2019,FengQ_2015;GuptaA_2019;ThomasAM_2018a;ThomasAM_2018b;VogtmannE_2016;WirbelJ_2018;YuJ_2015;ZellerG_2014,49,UniRef90_A8RVR6,8,6,0.5538145838145838,0.024999999999999967,0.75,JPN,True,0.9767441860465116,0.968,0.008744186046511615,0.516031007751938,crc_enriched
YachidaS_2019,FengQ_2015;GuptaA_2019;ThomasAM_2018a;ThomasAM_2018b;VogtmannE_2016;WirbelJ_2018;YuJ_2015;ZellerG_2014,50,UniRef90_A0A351IYV7,8,6,0.5532245821108868,0.016799292661361653,0.75,JPN,True,0.22868217054263565,0.232,-0.003317829457364363,0.4989612403100775,control_enriched
YachidaS_2019,FengQ_2015;GuptaA_2019;ThomasAM_2018a;ThomasAM_2018b;VogtmannE_2016;WirbelJ_2018;YuJ_2015;ZellerG_2014,51,UniRef90_A8RVW8,8,6,0.5528178178178178,0.02464387464387463,0.75,JPN,True,0.9844961240310077,0.976,0.008496124031007746,0.5172403100775194,crc_enriched
YachidaS_2019,FengQ_2015;GuptaA_2019;ThomasAM_2018a;ThomasAM_2018b;VogtmannE_2016;WirbelJ_2018;YuJ_2015;ZellerG_2014,52,UniRef90_A0A0A2FIM1,8,6,0.5510398791648792,0.0305856273842664,0.75,JPN,True,0.9031007751937985,0.932,-0.02889922480620155,0.5304573643410853,control_enriched
YuJ_2015,FengQ_2015;GuptaA_2019;ThomasAM_2018a;ThomasAM_2018b;ThomasAM_2019_c;VogtmannE_2016;WirbelJ_2018;YachidaS_2019;ZellerG_2014,1,UniRef90_A0A0E2AL27,9,7,0.6401627218934911,0.04487179487179482,0.7777777777777778,CHN,True,0.9459459459459459,0.9259259259259259,0.020020020020020013,0.6096096096096096,crc_enriched
YuJ_2015,FengQ_2015;GuptaA_2019;ThomasAM_2018a;ThomasAM_2018b;ThomasAM_2019_c;VogtmannE_2016;WirbelJ_2018;YachidaS_2019;ZellerG_2014,2,UniRef90_A0A158T0E6,9,7,0.618001855861429,0.04175688215279927,0.7777777777777778,CHN,True,0.9459459459459459,0.9629629629629629,-0.017017017017016967,0.4517017017017017,control_enriched
YuJ_2015,FengQ_2015;GuptaA_2019;ThomasAM_2018a;ThomasAM_2018b;ThomasAM_2019_c;VogtmannE_2016;WirbelJ_2018;YachidaS_2019;ZellerG_2014,3,UniRef90_R5UTP4,9,7,0.6179733727810651,0.025364341085271302,0.7777777777777778,CHN,True,0.9594594594594594,0.9629629629629629,-0.00350350350350348,0.6371371371371372,control_enriched
YuJ_2015,FengQ_2015;GuptaA_2019;ThomasAM_2018a;ThomasAM_2018b;ThomasAM_2019_c;VogtmannE_2016;WirbelJ_2018;YachidaS_2019;ZellerG_2014,4,UniRef90_A0A192CAU6,9,7,0.6135067712045617,0.07692307692307698,0.7777777777777778,CHN,True,0.9864864864864865,0.9629629629629629,0.023523523523523604,0.519019019019019,crc_enriched
YuJ_2015,FengQ_2015;GuptaA_2019;ThomasAM_2018a;ThomasAM_2018b;ThomasAM_2019_c;VogtmannE_2016;WirbelJ_2018;YachidaS_2019;ZellerG_2014,5,UniRef90_R5RC53,9,7,0.6013313609467456,0.019230769230769162,0.7777777777777778,CHN,True,0.9459459459459459,0.9259259259259259,0.020020020020020013,0.5775775775775776,crc_enriched
YuJ_2015,FengQ_2015;GuptaA_2019;ThomasAM_2018a;ThomasAM_2018b;ThomasAM_2019_c;VogtmannE_2016;WirbelJ_2018;YachidaS_2019;ZellerG_2014,6,UniRef90_D4VQH3,9,7,0.5987426035502958,0.025000000000000022,0.7777777777777778,CHN,True,0.972972972972973,0.9814814814814815,-0.008508508508508483,0.6521521521521522,control_enriched
YuJ_2015,FengQ_2015;GuptaA_2019;ThomasAM_2018a;ThomasAM_2018b;ThomasAM_2019_c;VogtmannE_2016;WirbelJ_2018;YachidaS_2019;ZellerG_2014,7,UniRef90_A0A081TLD1,9,7,0.5962643678160919,0.04999999999999993,0.7777777777777778,CHN,True,0.9594594594594594,0.9074074074074074,0.05205205205205199,0.5832082082082082,crc_enriched
YuJ_2015,FengQ_2015;GuptaA_2019;ThomasAM_2018a;ThomasAM_2018b;ThomasAM_2019_c;VogtmannE_2016;WirbelJ_2018;YachidaS_2019;ZellerG_2014,8,UniRef90_A0A329TH64,9,7,0.5962223806129722,0.0401785714285714,0.7777777777777778,CHN,True,0.9594594594594594,0.9444444444444444,0.01501501501501501,0.630005005005005,crc_enriched
YuJ_2015,FengQ_2015;GuptaA_2019;ThomasAM_2018a;ThomasAM_2018b;ThomasAM_2019_c;VogtmannE_2016;WirbelJ_2018;YachidaS_2019;ZellerG_2014,9,UniRef90_A0A3E5H1E2,9,7,0.595,0.019230769230769162,0.7777777777777778,CHN,True,0.9594594594594594,0.9814814814814815,-0.02202202202202208,0.6227477477477478,control_enriched
YuJ_2015,FengQ_2015;GuptaA_2019;ThomasAM_2018a;ThomasAM_2018b;ThomasAM_2019_c;VogtmannE_2016;WirbelJ_2018;YachidaS_2019;ZellerG_2014,10,UniRef90_Q5LDK8,9,7,0.595,0.011444478812248748,0.7777777777777778,CHN,True,0.972972972972973,0.9814814814814815,-0.008508508508508483,0.5825825825825826,control_enriched
YuJ_2015,FengQ_2015;GuptaA_2019;ThomasAM_2018a;ThomasAM_2018b;ThomasAM_2019_c;VogtmannE_2016;WirbelJ_2018;YachidaS_2019;ZellerG_2014,11,UniRef90_B2PX02,9,7,0.5904732446643984,0.038461538461538436,0.7777777777777778,CHN,True,0.9864864864864865,1.0,-0.013513513513513487,0.45545545545545546,control_enriched
YuJ_2015,FengQ_2015;GuptaA_2019;ThomasAM_2018a;ThomasAM_2018b;ThomasAM_2019_c;VogtmannE_2016;WirbelJ_2018;YachidaS_2019;ZellerG_2014,12,UniRef90_F7YJA4,9,8,0.5876479289940828,0.07127583749109057,0.8888888888888888,CHN,True,0.9864864864864865,1.0,-0.013513513513513487,0.5520520520520521,control_enriched
YuJ_2015,FengQ_2015;GuptaA_2019;ThomasAM_2018a;ThomasAM_2018b;ThomasAM_2019_c;VogtmannE_2016;WirbelJ_2018;YachidaS_2019;ZellerG_2014,13,UniRef90_R5U8M7,9,7,0.5839497041420119,0.025000000000000022,0.7777777777777778,CHN,True,0.972972972972973,0.9814814814814815,-0.008508508508508483,0.585085085085085,control_enriched
YuJ_2015,FengQ_2015;GuptaA_2019;ThomasAM_2018a;ThomasAM_2018b;ThomasAM_2019_c;VogtmannE_2016;WirbelJ_2018;YachidaS_2019;ZellerG_2014,14,UniRef90_K1GB77,9,7,0.5832100591715976,0.01538461538461533,0.7777777777777778,CHN,True,0.972972972972973,0.9814814814814815,-0.008508508508508483,0.6138638638638638,control_enriched
YuJ_2015,FengQ_2015;GuptaA_2019;ThomasAM_2018a;ThomasAM_2018b;ThomasAM_2019_c;VogtmannE_2016;WirbelJ_2018;YachidaS_2019;ZellerG_2014,15,UniRef90_Q8A0X7,9,7,0.5817307692307693,0.013392857142857095,0.7777777777777778,CHN,True,0.972972972972973,0.9814814814814815,-0.008508508508508483,0.6041041041041041,control_enriched
YuJ_2015,FengQ_2015;GuptaA_2019;ThomasAM_2018a;ThomasAM_2018b;ThomasAM_2019_c;VogtmannE_2016;WirbelJ_2018;YachidaS_2019;ZellerG_2014,16,UniRef90_H1B745,9,7,0.58125,0.044642857142857095,0.7777777777777778,CHN,True,1.0,0.9814814814814815,0.01851851851851849,0.5503003003003003,crc_enriched
YuJ_2015,FengQ_2015;GuptaA_2019;ThomasAM_2018a;ThomasAM_2018b;ThomasAM_2019_c;VogtmannE_2016;WirbelJ_2018;YachidaS_2019;ZellerG_2014,17,UniRef90_R6JIG2,9,7,0.5806213017751479,0.025000000000000022,0.7777777777777778,CHN,True,0.972972972972973,0.9814814814814815,-0.008508508508508483,0.6148648648648649,control_enriched
YuJ_2015,FengQ_2015;GuptaA_2019;ThomasAM_2018a;ThomasAM_2018b;ThomasAM_2019_c;VogtmannE_2016;WirbelJ_2018;YachidaS_2019;ZellerG_2014,18,UniRef90_Q8A4A2,9,7,0.5801113516857408,0.025000000000000022,0.7777777777777778,CHN,True,0.9864864864864865,0.9814814814814815,0.005005005005005003,0.5736986986986987,crc_enriched
YuJ_2015,FengQ_2015;GuptaA_2019;ThomasAM_2018a;ThomasAM_2018b;ThomasAM_2019_c;VogtmannE_2016;WirbelJ_2018;YachidaS_2019;ZellerG_2014,19,UniRef90_Q8A5V6,9,7,0.5798816568047337,0.014102564102564052,0.7777777777777778,CHN,True,0.972972972972973,0.9814814814814815,-0.008508508508508483,0.5918418418418419,control_enriched
YuJ_2015,FengQ_2015;GuptaA_2019;ThomasAM_2018a;ThomasAM_2018b;ThomasAM_2019_c;VogtmannE_2016;WirbelJ_2018;YachidaS_2019;ZellerG_2014,20,UniRef90_A0A397WMH6,9,7,0.5765532544378699,0.019230769230769273,0.7777777777777778,CHN,True,0.918918918918919,0.9444444444444444,-0.02552552552552545,0.5355355355355356,control_enriched
YuJ_2015,FengQ_2015;GuptaA_2019;ThomasAM_2018a;ThomasAM_2018b;ThomasAM_2019_c;VogtmannE_2016;WirbelJ_2018;YachidaS_2019;ZellerG_2014,21,UniRef90_W6P8M8,9,7,0.5765532544378699,0.01538461538461533,0.7777777777777778,CHN,True,0.9864864864864865,0.9814814814814815,0.005005005005005003,0.6144894894894894,crc_enriched
YuJ_2015,FengQ_2015;GuptaA_2019;ThomasAM_2018a;ThomasAM_2018b;ThomasAM_2019_c;VogtmannE_2016;WirbelJ_2018;YachidaS_2019;ZellerG_2014,22,UniRef90_Q5LIJ3,9,7,0.5761494252873564,0.050000000000000044,0.7777777777777778,CHN,True,0.972972972972973,0.9814814814814815,-0.008508508508508483,0.5918418418418419,control_enriched
YuJ_2015,FengQ_2015;GuptaA_2019;ThomasAM_2018a;ThomasAM_2018b;ThomasAM_2019_c;VogtmannE_2016;WirbelJ_2018;YachidaS_2019;ZellerG_2014,23,UniRef90_A0A0P0FEI0,9,7,0.5743343195266272,0.014102564102564052,0.7777777777777778,CHN,True,0.972972972972973,0.9814814814814815,-0.008508508508508483,0.6173673673673674,control_enriched
YuJ_2015,FengQ_2015;GuptaA_2019;ThomasAM_2018a;ThomasAM_2018b;ThomasAM_2019_c;VogtmannE_2016;WirbelJ_2018;YachidaS_2019;ZellerG_2014,24,UniRef90_Q5LHS7,9,7,0.5732758620689655,0.025364341085271302,0.7777777777777778,CHN,True,0.972972972972973,1.0,-0.027027027027026973,0.5680680680680681,control_enriched
YuJ_2015,FengQ_2015;GuptaA_2019;ThomasAM_2018a;ThomasAM_2018b;ThomasAM_2019_c;VogtmannE_2016;WirbelJ_2018;YachidaS_2019;ZellerG_2014,25,UniRef90_C3QHA8,9,7,0.5718390804597702,0.02536343952984843,0.7777777777777778,CHN,True,0.972972972972973,0.9814814814814815,-0.008508508508508483,0.5835835835835835,control_enriched
YuJ_2015,FengQ_2015;GuptaA_2019;ThomasAM_2018a;ThomasAM_2018b;ThomasAM_2019_c;VogtmannE_2016;WirbelJ_2018;YachidaS_2019;ZellerG_2014,26,UniRef90_S2Z0L4,9,7,0.5694444444444444,0.017860465116279034,0.7777777777777778,CHN,True,0.972972972972973,0.9814814814814815,-0.008508508508508483,0.6021021021021021,control_enriched
YuJ_2015,FengQ_2015;GuptaA_2019;ThomasAM_2018a;ThomasAM_2018b;ThomasAM_2019_c;VogtmannE_2016;WirbelJ_2018;YachidaS_2019;ZellerG_2014,27,UniRef90_D4JXR4,9,7,0.567584287039901,0.04175688215279927,0.7777777777777778,CHN,True,0.9054054054054054,0.8703703703703703,0.03503503503503502,0.5111361361361362,crc_enriched
YuJ_2015,FengQ_2015;GuptaA_2019;ThomasAM_2018a;ThomasAM_2018b;ThomasAM_2019_c;VogtmannE_2016;WirbelJ_2018;YachidaS_2019;ZellerG_2014,28,UniRef90_Q8A7Z6,9,7,0.5665680473372781,0.04670584596350136,0.7777777777777778,CHN,True,0.972972972972973,0.9814814814814815,-0.008508508508508483,0.585085085085085,control_enriched
YuJ_2015,FengQ_2015;GuptaA_2019;ThomasAM_2018a;ThomasAM_2018b;ThomasAM_2019_c;VogtmannE_2016;WirbelJ_2018;YachidaS_2019;ZellerG_2014,29,UniRef90_F4XER6,9,7,0.5664647184604419,0.03333333333333344,0.7777777777777778,CHN,True,0.918918918918919,0.8518518518518519,0.06706706706706711,0.529029029029029,crc_enriched
YuJ_2015,FengQ_2015;GuptaA_2019;ThomasAM_2018a;ThomasAM_2018b;ThomasAM_2019_c;VogtmannE_2016;WirbelJ_2018;YachidaS_2019;ZellerG_2014,30,UniRef90_C9KR75,9,7,0.565625,0.044642857142857095,0.7777777777777778,CHN,True,0.9324324324324325,0.9814814814814815,-0.049049049049049054,0.5957207207207207,control_enriched
YuJ_2015,FengQ_2015;GuptaA_2019;ThomasAM_2018a;ThomasAM_2018b;ThomasAM_2019_c;VogtmannE_2016;WirbelJ_2018;YachidaS_2019;ZellerG_2014,31,UniRef90_D6E491,9,7,0.5644911846582122,0.027472868217054303,0.7777777777777778,CHN,True,1.0,0.9814814814814815,0.01851851851851849,0.5595595595595596,crc_enriched
YuJ_2015,FengQ_2015;GuptaA_2019;ThomasAM_2018a;ThomasAM_2018b;ThomasAM_2019_c;VogtmannE_2016;WirbelJ_2018;YachidaS_2019;ZellerG_2014,32,UniRef90_A0A0K6BT56,9,7,0.5617603550295858,0.029487179487179382,0.7777777777777778,CHN,True,0.972972972972973,0.9814814814814815,-0.008508508508508483,0.5778278278278278,control_enriched
YuJ_2015,FengQ_2015;GuptaA_2019;ThomasAM_2018a;ThomasAM_2018b;ThomasAM_2019_c;VogtmannE_2016;WirbelJ_2018;YachidaS_2019;ZellerG_2014,33,UniRef90_A0A396BUW3,9,7,0.5603448275862069,0.025000000000000022,0.7777777777777778,CHN,True,0.9459459459459459,0.9814814814814815,-0.03553553553553557,0.575075075075075,control_enriched
YuJ_2015,FengQ_2015;GuptaA_2019;ThomasAM_2018a;ThomasAM_2018b;ThomasAM_2019_c;VogtmannE_2016;WirbelJ_2018;YachidaS_2019;ZellerG_2014,34,UniRef90_A0A396DXP6,9,7,0.5603448275862069,0.017857142857142905,0.7777777777777778,CHN,True,0.9594594594594594,0.9629629629629629,-0.00350350350350348,0.5848348348348348,control_enriched
YuJ_2015,FengQ_2015;GuptaA_2019;ThomasAM_2018a;ThomasAM_2018b;ThomasAM_2019_c;VogtmannE_2016;WirbelJ_2018;YachidaS_2019;ZellerG_2014,35,UniRef90_A0A069DBF6,9,7,0.56,0.04423136405815031,0.7777777777777778,CHN,True,0.972972972972973,0.9629629629629629,0.010010010010010117,0.6073573573573574,crc_enriched
YuJ_2015,FengQ_2015;GuptaA_2019;ThomasAM_2018a;ThomasAM_2018b;ThomasAM_2019_c;VogtmannE_2016;WirbelJ_2018;YachidaS_2019;ZellerG_2014,36,UniRef90_A0A0D8IWR5,9,7,0.559375,0.024372093023255825,0.7777777777777778,CHN,True,1.0,1.0,0.0,0.5505505505505506,tie
YuJ_2015,FengQ_2015;GuptaA_2019;ThomasAM_2018a;ThomasAM_2018b;ThomasAM_2019_c;VogtmannE_2016;WirbelJ_2018;YachidaS_2019;ZellerG_2014,37,UniRef90_R5REJ2,9,7,0.5589080459770115,0.011444478812248748,0.7777777777777778,CHN,True,0.9864864864864865,0.9814814814814815,0.005005005005005003,0.6292542542542543,crc_enriched
YuJ_2015,FengQ_2015;GuptaA_2019;ThomasAM_2018a;ThomasAM_2018b;ThomasAM_2019_c;VogtmannE_2016;WirbelJ_2018;YachidaS_2019;ZellerG_2014,38,UniRef90_A0A0D8IWP6,9,7,0.5579956696566656,0.0576923076923076,0.7777777777777778,CHN,True,0.8783783783783784,0.7962962962962963,0.08208208208208212,0.5071321321321322,crc_enriched
YuJ_2015,FengQ_2015;GuptaA_2019;ThomasAM_2018a;ThomasAM_2018b;ThomasAM_2019_c;VogtmannE_2016;WirbelJ_2018;YachidaS_2019;ZellerG_2014,39,UniRef90_D1PK04,9,7,0.5577334283677833,0.0576923076923076,0.7777777777777778,CHN,True,0.9054054054054054,0.8518518518518519,0.05355355355355351,0.497997997997998,crc_enriched
YuJ_2015,FengQ_2015;GuptaA_2019;ThomasAM_2018a;ThomasAM_2018b;ThomasAM_2019_c;VogtmannE_2016;WirbelJ_2018;YachidaS_2019;ZellerG_2014,40,UniRef90_A0A395WC15,9,7,0.5556582840236687,0.016620155038759687,0.7777777777777778,CHN,True,0.972972972972973,0.9629629629629629,0.010010010010010117,0.5267767767767768,crc_enriched
YuJ_2015,FengQ_2015;GuptaA_2019;ThomasAM_2018a;ThomasAM_2018b;ThomasAM_2019_c;VogtmannE_2016;WirbelJ_2018;YachidaS_2019;ZellerG_2014,41,UniRef90_R6JMK7,9,7,0.5551282051282052,0.038232558139534856,0.7777777777777778,CHN,True,0.918918918918919,0.9814814814814815,-0.06256256256256254,0.5590590590590591,control_enriched
YuJ_2015,FengQ_2015;GuptaA_2019;ThomasAM_2018a;ThomasAM_2018b;ThomasAM_2019_c;VogtmannE_2016;WirbelJ_2018;YachidaS_2019;ZellerG_2014,42,UniRef90_A0A174Y457,9,7,0.5549025672749768,0.05172093023255819,0.7777777777777778,CHN,True,0.918918918918919,0.8518518518518519,0.06706706706706711,0.5205205205205206,crc_enriched
YuJ_2015,FengQ_2015;GuptaA_2019;ThomasAM_2018a;ThomasAM_2018b;ThomasAM_2019_c;VogtmannE_2016;WirbelJ_2018;YachidaS_2019;ZellerG_2014,43,UniRef90_UPI000A0106DD,9,7,0.5548717948717948,0.02322480620155043,0.7777777777777778,CHN,True,0.972972972972973,0.9629629629629629,0.010010010010010117,0.5908408408408409,crc_enriched
YuJ_2015,FengQ_2015;GuptaA_2019;ThomasAM_2018a;ThomasAM_2018b;ThomasAM_2019_c;VogtmannE_2016;WirbelJ_2018;YachidaS_2019;ZellerG_2014,44,UniRef90_C6IIK9,9,7,0.5536242603550295,0.017240310077519472,0.7777777777777778,CHN,True,0.9459459459459459,0.9629629629629629,-0.017017017017016967,0.5863363363363363,control_enriched
YuJ_2015,FengQ_2015;GuptaA_2019;ThomasAM_2018a;ThomasAM_2018b;ThomasAM_2019_c;VogtmannE_2016;WirbelJ_2018;YachidaS_2019;ZellerG_2014,45,UniRef90_D7J3P2,9,7,0.5532868217054263,0.028992248062015502,0.7777777777777778,CHN,True,0.9594594594594594,0.9629629629629629,-0.00350350350350348,0.5730730730730731,control_enriched
YuJ_2015,FengQ_2015;GuptaA_2019;ThomasAM_2018a;ThomasAM_2018b;ThomasAM_2019_c;VogtmannE_2016;WirbelJ_2018;YachidaS_2019;ZellerG_2014,46,UniRef90_A0A174BG28,9,7,0.5532544378698225,0.014102564102564052,0.7777777777777778,CHN,True,0.972972972972973,0.9814814814814815,-0.008508508508508483,0.5825825825825826,control_enriched
YuJ_2015,FengQ_2015;GuptaA_2019;ThomasAM_2018a;ThomasAM_2018b;ThomasAM_2019_c;VogtmannE_2016;WirbelJ_2018;YachidaS_2019;ZellerG_2014,47,UniRef90_A0A3E5DM19,9,7,0.5530467058459635,0.050000000000000044,0.7777777777777778,CHN,True,0.972972972972973,0.9629629629629629,0.010010010010010117,0.5357857857857858,crc_enriched
YuJ_2015,FengQ_2015;GuptaA_2019;ThomasAM_2018a;ThomasAM_2018b;ThomasAM_2019_c;VogtmannE_2016;WirbelJ_2018;YachidaS_2019;ZellerG_2014,48,UniRef90_A0A1E3UBQ7,9,7,0.5530467058459635,0.025000000000000022,0.7777777777777778,CHN,True,1.0,0.9814814814814815,0.01851851851851849,0.5783283283283284,crc_enriched
YuJ_2015,FengQ_2015;GuptaA_2019;ThomasAM_2018a;ThomasAM_2018b;ThomasAM_2019_c;VogtmannE_2016;WirbelJ_2018;YachidaS_2019;ZellerG_2014,49,UniRef90_A0A139L6J7,9,7,0.5524806201550387,0.01538461538461533,0.7777777777777778,CHN,True,0.9594594594594594,0.9814814814814815,-0.02202202202202208,0.5541791791791791,control_enriched
YuJ_2015,FengQ_2015;GuptaA_2019;ThomasAM_2018a;ThomasAM_2018b;ThomasAM_2019_c;VogtmannE_2016;WirbelJ_2018;YachidaS_2019;ZellerG_2014,50,UniRef90_C9KVB5,9,7,0.5515902366863905,0.01538461538461533,0.7777777777777778,CHN,True,0.972972972972973,0.9814814814814815,-0.008508508508508483,0.5758258258258259,control_enriched
YuJ_2015,FengQ_2015;GuptaA_2019;ThomasAM_2018a;ThomasAM_2018b;ThomasAM_2019_c;VogtmannE_2016;WirbelJ_2018;YachidaS_2019;ZellerG_2014,51,UniRef90_A0A1E3U585,9,7,0.551025641025641,0.024372093023255825,0.7777777777777778,CHN,True,1.0,0.9629629629629629,0.03703703703703709,0.5585585585585585,crc_enriched
YuJ_2015,FengQ_2015;GuptaA_2019;ThomasAM_2018a;ThomasAM_2018b;ThomasAM_2019_c;VogtmannE_2016;WirbelJ_2018;YachidaS_2019;ZellerG_2014,52,UniRef90_Q8A6A7,9,7,0.5508449612403101,0.025116279069767544,0.7777777777777778,CHN,True,0.9459459459459459,0.9629629629629629,-0.017017017017016967,0.56006006006006,control_enriched
YuJ_2015,FengQ_2015;GuptaA_2019;ThomasAM_2018a;ThomasAM_2018b;ThomasAM_2019_c;VogtmannE_2016;WirbelJ_2018;YachidaS_2019;ZellerG_2014,53,UniRef90_C7H8R2,9,7,0.5505722239406124,0.038461538461538436,0.7777777777777778,CHN,True,0.7837837837837838,0.7777777777777778,0.006006006006005982,0.44544544544544545,crc_enriched
YuJ_2015,FengQ_2015;GuptaA_2019;ThomasAM_2018a;ThomasAM_2018b;ThomasAM_2019_c;VogtmannE_2016;WirbelJ_2018;YachidaS_2019;ZellerG_2014,54,UniRef90_R5U7X9,9,7,0.5502015503875969,0.02536343952984843,0.7777777777777778,CHN,True,0.9594594594594594,0.9444444444444444,0.01501501501501501,0.5591841841841841,crc_enriched
ZellerG_2014,FengQ_2015;GuptaA_2019;ThomasAM_2018a;ThomasAM_2018b;ThomasAM_2019_c;VogtmannE_2016;WirbelJ_2018;YachidaS_2019;YuJ_2015,1,UniRef90_A0A0E2AL27,9,7,0.6293103448275862,0.04487179487179482,0.7777777777777778,FRA,True,0.9622641509433962,0.9344262295081968,0.027837921435199475,0.6619239096814105,crc_enriched
ZellerG_2014,FengQ_2015;GuptaA_2019;ThomasAM_2018a;ThomasAM_2018b;ThomasAM_2019_c;VogtmannE_2016;WirbelJ_2018;YachidaS_2019;YuJ_2015,2,UniRef90_A0A329TH64,9,7,0.6264792899408284,0.03361240310077518,0.7777777777777778,FRA,True,0.9622641509433962,0.9180327868852459,0.04423136405815031,0.5007732755954222,crc_enriched
ZellerG_2014,FengQ_2015;GuptaA_2019;ThomasAM_2018a;ThomasAM_2018b;ThomasAM_2019_c;VogtmannE_2016;WirbelJ_2018;YachidaS_2019;YuJ_2015,3,UniRef90_R5UTP4,9,7,0.6179733727810651,0.025364341085271302,0.7777777777777778,FRA,True,0.9245283018867925,0.9508196721311475,-0.026291370244355017,0.6449118465821219,control_enriched
ZellerG_2014,FengQ_2015;GuptaA_2019;ThomasAM_2018a;ThomasAM_2018b;ThomasAM_2019_c;VogtmannE_2016;WirbelJ_2018;YachidaS_2019;YuJ_2015,4,UniRef90_A0A192CAU6,9,7,0.6135067712045617,0.07692307692307698,0.7777777777777778,FRA,True,0.9245283018867925,0.9180327868852459,0.006495515001546548,0.6031549644293226,crc_enriched
ZellerG_2014,FengQ_2015;GuptaA_2019;ThomasAM_2018a;ThomasAM_2018b;ThomasAM_2019_c;VogtmannE_2016;WirbelJ_2018;YachidaS_2019;YuJ_2015,5,UniRef90_G9YSZ3,9,7,0.6038538538538538,0.0357142857142857,0.7777777777777778,FRA,True,0.9245283018867925,0.9836065573770492,-0.05907825549025669,0.6368697803897309,control_enriched
ZellerG_2014,FengQ_2015;GuptaA_2019;ThomasAM_2018a;ThomasAM_2018b;ThomasAM_2019_c;VogtmannE_2016;WirbelJ_2018;YachidaS_2019;YuJ_2015,6,UniRef90_I9RD05,9,7,0.6037352071005917,0.033333333333333326,0.7777777777777778,FRA,True,0.9433962264150944,0.9672131147540983,-0.023816888339003972,0.5502629137024435,control_enriched
ZellerG_2014,FengQ_2015;GuptaA_2019;ThomasAM_2018a;ThomasAM_2018b;ThomasAM_2019_c;VogtmannE_2016;WirbelJ_2018;YachidaS_2019;YuJ_2015,7,UniRef90_A0A374W8G2,9,7,0.5993493493493494,0.012820512820512775,0.7777777777777778,FRA,True,0.9245283018867925,0.9344262295081968,-0.00989792762140429,0.5391277451283637,control_enriched
ZellerG_2014,FengQ_2015;GuptaA_2019;ThomasAM_2018a;ThomasAM_2018b;ThomasAM_2019_c;VogtmannE_2016;WirbelJ_2018;YachidaS_2019;YuJ_2015,8,UniRef90_A0A081TLD1,9,7,0.5962643678160919,0.04999999999999993,0.7777777777777778,FRA,True,0.8301886792452831,0.7377049180327869,0.09248376121249613,0.5858335910918652,crc_enriched
ZellerG_2014,FengQ_2015;GuptaA_2019;ThomasAM_2018a;ThomasAM_2018b;ThomasAM_2019_c;VogtmannE_2016;WirbelJ_2018;YachidaS_2019;YuJ_2015,9,UniRef90_D4KU18,9,7,0.5895895895895896,0.038461538461538436,0.7777777777777778,FRA,True,0.9245283018867925,0.9672131147540983,-0.042684812867305855,0.554283946798639,control_enriched
ZellerG_2014,FengQ_2015;GuptaA_2019;ThomasAM_2018a;ThomasAM_2018b;ThomasAM_2019_c;VogtmannE_2016;WirbelJ_2018;YachidaS_2019;YuJ_2015,10,UniRef90_A7AXY2,9,7,0.588974358974359,0.025000000000000022,0.7777777777777778,FRA,True,0.9245283018867925,0.9836065573770492,-0.05907825549025669,0.5017012063099289,control_enriched
ZellerG_2014,FengQ_2015;GuptaA_2019;ThomasAM_2018a;ThomasAM_2018b;ThomasAM_2019_c;VogtmannE_2016;WirbelJ_2018;YachidaS_2019;YuJ_2015,11,UniRef90_I9VT34,9,8,0.587847469707769,0.050000000000000044,0.8888888888888888,FRA,True,0.8490566037735849,0.9016393442622951,-0.052582740488710145,0.5332508506031549,control_enriched
ZellerG_2014,FengQ_2015;GuptaA_2019;ThomasAM_2018a;ThomasAM_2018b;ThomasAM_2019_c;VogtmannE_2016;WirbelJ_2018;YachidaS_2019;YuJ_2015,12,UniRef90_A0A174M1S5,9,7,0.5820512820512821,0.04347286821705432,0.7777777777777778,FRA,True,0.9433962264150944,0.9508196721311475,-0.007423445716053134,0.6098051345499536,control_enriched
ZellerG_2014,FengQ_2015;GuptaA_2019;ThomasAM_2018a;ThomasAM_2018b;ThomasAM_2019_c;VogtmannE_2016;WirbelJ_2018;YachidaS_2019;YuJ_2015,13,UniRef90_H1B745,9,7,0.58125,0.044642857142857095,0.7777777777777778,FRA,True,0.9245283018867925,0.9016393442622951,0.022888957624497386,0.5100525827404887,crc_enriched
ZellerG_2014,FengQ_2015;GuptaA_2019;ThomasAM_2018a;ThomasAM_2018b;ThomasAM_2019_c;VogtmannE_2016;WirbelJ_2018;YachidaS_2019;YuJ_2015,14,UniRef90_Q5LGR5,9,7,0.5806213017751479,0.01538461538461533,0.7777777777777778,FRA,True,0.9433962264150944,0.9836065573770492,-0.04021033096195481,0.5804206619239097,control_enriched
ZellerG_2014,FengQ_2015;GuptaA_2019;ThomasAM_2018a;ThomasAM_2018b;ThomasAM_2019_c;VogtmannE_2016;WirbelJ_2018;YachidaS_2019;YuJ_2015,15,UniRef90_R5RC53,9,8,0.58,0.020020020020020013,0.8888888888888888,FRA,True,0.9433962264150944,0.9508196721311475,-0.007423445716053134,0.6311475409836066,control_enriched
ZellerG_2014,FengQ_2015;GuptaA_2019;ThomasAM_2018a;ThomasAM_2018b;ThomasAM_2019_c;VogtmannE_2016;WirbelJ_2018;YachidaS_2019;YuJ_2015,16,UniRef90_W6P8M8,9,7,0.5765532544378699,0.00911627906976753,0.7777777777777778,FRA,True,0.9811320754716981,0.9508196721311475,0.03031240334055063,0.6592947726569749,crc_enriched
ZellerG_2014,FengQ_2015;GuptaA_2019;ThomasAM_2018a;ThomasAM_2018b;ThomasAM_2019_c;VogtmannE_2016;WirbelJ_2018;YachidaS_2019;YuJ_2015,17,UniRef90_K5DFH8,9,7,0.5762012012012012,0.022321428571428603,0.7777777777777778,FRA,True,0.9622641509433962,1.0,-0.037735849056603765,0.6275904732446644,control_enriched
ZellerG_2014,FengQ_2015;GuptaA_2019;ThomasAM_2018a;ThomasAM_2018b;ThomasAM_2019_c;VogtmannE_2016;WirbelJ_2018;YachidaS_2019;YuJ_2015,18,UniRef90_B0NBI7,9,7,0.5744444444444444,0.02298850574712652,0.7777777777777778,FRA,True,0.9433962264150944,0.9672131147540983,-0.023816888339003972,0.47788431797092484,control_enriched
ZellerG_2014,FengQ_2015;GuptaA_2019;ThomasAM_2018a;ThomasAM_2018b;ThomasAM_2019_c;VogtmannE_2016;WirbelJ_2018;YachidaS_2019;YuJ_2015,19,UniRef90_A0A3E5DY27,9,7,0.574375,0.0357142857142857,0.7777777777777778,FRA,True,0.9245283018867925,0.9836065573770492,-0.05907825549025669,0.5805753170429941,control_enriched
ZellerG_2014,FengQ_2015;GuptaA_2019;ThomasAM_2018a;ThomasAM_2018b;ThomasAM_2019_c;VogtmannE_2016;WirbelJ_2018;YachidaS_2019;YuJ_2015,20,UniRef90_Q8A4A2,9,8,0.5736986986986987,0.025000000000000022,0.8888888888888888,FRA,True,0.9811320754716981,0.9836065573770492,-0.0024744819053510447,0.5801113516857408,control_enriched
ZellerG_2014,FengQ_2015;GuptaA_2019;ThomasAM_2018a;ThomasAM_2018b;ThomasAM_2019_c;VogtmannE_2016;WirbelJ_2018;YachidaS_2019;YuJ_2015,21,UniRef90_T4C1L2,9,7,0.5736607142857143,0.04487179487179482,0.7777777777777778,FRA,True,0.9622641509433962,0.9836065573770492,-0.021342406433652927,0.4772656974945871,control_enriched
ZellerG_2014,FengQ_2015;GuptaA_2019;ThomasAM_2018a;ThomasAM_2018b;ThomasAM_2019_c;VogtmannE_2016;WirbelJ_2018;YachidaS_2019;YuJ_2015,22,UniRef90_D3AFU1,9,7,0.5725641025641026,0.01851851851851849,0.7777777777777778,FRA,True,0.9245283018867925,0.9672131147540983,-0.042684812867305855,0.5397463656047015,control_enriched
ZellerG_2014,FengQ_2015;GuptaA_2019;ThomasAM_2018a;ThomasAM_2018b;ThomasAM_2019_c;VogtmannE_2016;WirbelJ_2018;YachidaS_2019;YuJ_2015,23,UniRef90_U2E1W9,9,7,0.5709459459459459,0.01538461538461533,0.7777777777777778,FRA,True,0.9622641509433962,0.9836065573770492,-0.021342406433652927,0.634085988246211,control_enriched
ZellerG_2014,FengQ_2015;GuptaA_2019;ThomasAM_2018a;ThomasAM_2018b;ThomasAM_2019_c;VogtmannE_2016;WirbelJ_2018;YachidaS_2019;YuJ_2015,24,UniRef90_S2Z0L4,9,7,0.5700077519379845,0.017860465116279034,0.7777777777777778,FRA,True,0.9056603773584906,1.0,-0.09433962264150941,0.488091555830498,control_enriched
ZellerG_2014,FengQ_2015;GuptaA_2019;ThomasAM_2018a;ThomasAM_2018b;ThomasAM_2019_c;VogtmannE_2016;WirbelJ_2018;YachidaS_2019;YuJ_2015,25,UniRef90_E1WWW7,9,7,0.5691568047337278,0.012620155038759684,0.7777777777777778,FRA,True,0.9622641509433962,0.9836065573770492,-0.021342406433652927,0.6526446025363439,control_enriched
ZellerG_2014,FengQ_2015;GuptaA_2019;ThomasAM_2018a;ThomasAM_2018b;ThomasAM_2019_c;VogtmannE_2016;WirbelJ_2018;YachidaS_2019;YuJ_2015,26,UniRef90_Q8AAP2,9,7,0.5689718934911243,0.014102564102564052,0.7777777777777778,FRA,True,0.9622641509433962,0.9672131147540983,-0.0049489638107020895,0.6504794308691618,control_enriched
ZellerG_2014,FengQ_2015;GuptaA_2019;ThomasAM_2018a;ThomasAM_2018b;ThomasAM_2019_c;VogtmannE_2016;WirbelJ_2018;YachidaS_2019;YuJ_2015,27,UniRef90_A0A1E3UBT2,9,8,0.5666666666666667,0.020248062015503887,0.8888888888888888,FRA,True,0.9245283018867925,0.9672131147540983,-0.042684812867305855,0.5397463656047015,control_enriched
ZellerG_2014,FengQ_2015;GuptaA_2019;ThomasAM_2018a;ThomasAM_2018b;ThomasAM_2019_c;VogtmannE_2016;WirbelJ_2018;YachidaS_2019;YuJ_2015,28,UniRef90_A8RVS5,9,7,0.5658158158158159,0.0461538461538461,0.7777777777777778,FRA,True,0.9056603773584906,0.9508196721311475,-0.0451592947726569,0.5043303433343643,control_enriched
ZellerG_2014,FengQ_2015;GuptaA_2019;ThomasAM_2018a;ThomasAM_2018b;ThomasAM_2019_c;VogtmannE_2016;WirbelJ_2018;YachidaS_2019;YuJ_2015,29,UniRef90_F7YJA4,9,7,0.5648610121168923,0.05512820512820504,0.7777777777777778,FRA,True,0.9245283018867925,0.8360655737704918,0.08846272811630063,0.596968759665945,crc_enriched
ZellerG_2014,FengQ_2015;GuptaA_2019;ThomasAM_2018a;ThomasAM_2018b;ThomasAM_2019_c;VogtmannE_2016;WirbelJ_2018;YachidaS_2019;YuJ_2015,30,UniRef90_R5RCI1,9,7,0.5647435897435897,0.0401785714285714,0.7777777777777778,FRA,True,0.9245283018867925,0.9672131147540983,-0.042684812867305855,0.6130528920507269,control_enriched
ZellerG_2014,FengQ_2015;GuptaA_2019;ThomasAM_2018a;ThomasAM_2018b;ThomasAM_2019_c;VogtmannE_2016;WirbelJ_2018;YachidaS_2019;YuJ_2015,31,UniRef90_A0A374P2P0,9,7,0.5617603550295858,0.01851851851851849,0.7777777777777778,FRA,True,0.9056603773584906,0.9672131147540983,-0.06155273739560774,0.5153108567893597,control_enriched
ZellerG_2014,FengQ_2015;GuptaA_2019;ThomasAM_2018a;ThomasAM_2018b;ThomasAM_2019_c;VogtmannE_2016;WirbelJ_2018;YachidaS_2019;YuJ_2015,32,UniRef90_A0A069DBF6,9,7,0.56,0.014102564102564052,0.7777777777777778,FRA,True,0.9622641509433962,0.9180327868852459,0.04423136405815031,0.6851221775440767,crc_enriched
ZellerG_2014,FengQ_2015;GuptaA_2019;ThomasAM_2018a;ThomasAM_2018b;ThomasAM_2019_c;VogtmannE_2016;WirbelJ_2018;YachidaS_2019;YuJ_2015,33,UniRef90_Q8A255,9,7,0.5596846846846847,0.01538461538461533,0.7777777777777778,FRA,True,0.9622641509433962,0.9836065573770492,-0.021342406433652927,0.6359418496752243,control_enriched
ZellerG_2014,FengQ_2015;GuptaA_2019;ThomasAM_2018a;ThomasAM_2018b;ThomasAM_2019_c;VogtmannE_2016;WirbelJ_2018;YachidaS_2019;YuJ_2015,34,UniRef90_D6E491,9,8,0.5595595595595596,0.027472868217054303,0.8888888888888888,FRA,True,0.9811320754716981,1.0,-0.018867924528301883,0.5644911846582122,control_enriched
ZellerG_2014,FengQ_2015;GuptaA_2019;ThomasAM_2018a;ThomasAM_2018b;ThomasAM_2019_c;VogtmannE_2016;WirbelJ_2018;YachidaS_2019;YuJ_2015,35,UniRef90_U6RJK9,9,7,0.5594344344344344,0.03076923076923077,0.7777777777777778,FRA,True,0.9811320754716981,0.9836065573770492,-0.0024744819053510447,0.5971234147850294,control_enriched
ZellerG_2014,FengQ_2015;GuptaA_2019;ThomasAM_2018a;ThomasAM_2018b;ThomasAM_2019_c;VogtmannE_2016;WirbelJ_2018;YachidaS_2019;YuJ_2015,36,UniRef90_A0A0D8IWR5,9,7,0.559375,0.024372093023255825,0.7777777777777778,FRA,True,0.9056603773584906,0.9672131147540983,-0.06155273739560774,0.5094339622641509,control_enriched
ZellerG_2014,FengQ_2015;GuptaA_2019;ThomasAM_2018a;ThomasAM_2018b;ThomasAM_2019_c;VogtmannE_2016;WirbelJ_2018;YachidaS_2019;YuJ_2015,37,UniRef90_R5REJ2,9,7,0.5589080459770115,0.008992248062015484,0.7777777777777778,FRA,True,0.9622641509433962,0.9508196721311475,0.011444478812248748,0.6452211568202908,crc_enriched
ZellerG_2014,FengQ_2015;GuptaA_2019;ThomasAM_2018a;ThomasAM_2018b;ThomasAM_2019_c;VogtmannE_2016;WirbelJ_2018;YachidaS_2019;YuJ_2015,38,UniRef90_UPI000A0106DD,9,7,0.5588888888888889,0.02322480620155043,0.7777777777777778,FRA,True,0.9622641509433962,0.9508196721311475,0.011444478812248748,0.48314259201979587,crc_enriched
ZellerG_2014,FengQ_2015;GuptaA_2019;ThomasAM_2018a;ThomasAM_2018b;ThomasAM_2019_c;VogtmannE_2016;WirbelJ_2018;YachidaS_2019;YuJ_2015,39,UniRef90_A0A3A9BDB1,9,7,0.5586836836836837,0.019230769230769273,0.7777777777777778,FRA,True,0.8490566037735849,0.8852459016393442,-0.03618929786575931,0.5620167027528611,control_enriched
ZellerG_2014,FengQ_2015;GuptaA_2019;ThomasAM_2018a;ThomasAM_2018b;ThomasAM_2019_c;VogtmannE_2016;WirbelJ_2018;YachidaS_2019;YuJ_2015,40,UniRef90_F7LVW4,9,7,0.5580621301775148,0.028205128205128216,0.7777777777777778,FRA,True,0.8490566037735849,0.9344262295081968,-0.08536962573461182,0.5691308382307454,control_enriched
ZellerG_2014,FengQ_2015;GuptaA_2019;ThomasAM_2018a;ThomasAM_2018b;ThomasAM_2019_c;VogtmannE_2016;WirbelJ_2018;YachidaS_2019;YuJ_2015,41,UniRef90_A0A1E3UBQ7,9,7,0.5577334283677833,0.01851851851851849,0.7777777777777778,FRA,True,0.9056603773584906,0.8688524590163934,0.03680791834209718,0.5530467058459635,crc_enriched
ZellerG_2014,FengQ_2015;GuptaA_2019;ThomasAM_2018a;ThomasAM_2018b;ThomasAM_2019_c;VogtmannE_2016;WirbelJ_2018;YachidaS_2019;YuJ_2015,42,UniRef90_A7LT91,9,7,0.5571937984496124,0.021488372093023234,0.7777777777777778,FRA,True,0.9622641509433962,1.0,-0.037735849056603765,0.5326322301268172,control_enriched
ZellerG_2014,FengQ_2015;GuptaA_2019;ThomasAM_2018a;ThomasAM_2018b;ThomasAM_2019_c;VogtmannE_2016;WirbelJ_2018;YachidaS_2019;YuJ_2015,43,UniRef90_R6JAK6,9,7,0.5558431952662722,0.025116279069767544,0.7777777777777778,FRA,True,0.9056603773584906,0.9180327868852459,-0.012372409526755335,0.5745437673987009,control_enriched
ZellerG_2014,FengQ_2015;GuptaA_2019;ThomasAM_2018a;ThomasAM_2018b;ThomasAM_2019_c;VogtmannE_2016;WirbelJ_2018;YachidaS_2019;YuJ_2015,44,UniRef90_R6JMK7,9,7,0.5557364341085271,0.038232558139534856,0.7777777777777778,FRA,True,0.9245283018867925,0.9836065573770492,-0.05907825549025669,0.5487163625115992,control_enriched
ZellerG_2014,FengQ_2015;GuptaA_2019;ThomasAM_2018a;ThomasAM_2018b;ThomasAM_2019_c;VogtmannE_2016;WirbelJ_2018;YachidaS_2019;YuJ_2015,45,UniRef90_C3QN29,9,7,0.5552884615384616,0.043589743589743546,0.7777777777777778,FRA,True,0.8867924528301887,1.0,-0.1132075471698113,0.5753170429941231,control_enriched
ZellerG_2014,FengQ_2015;GuptaA_2019;ThomasAM_2018a;ThomasAM_2018b;ThomasAM_2019_c;VogtmannE_2016;WirbelJ_2018;YachidaS_2019;YuJ_2015,46,UniRef90_Q89ZV6,9,7,0.555103550295858,0.010010010010010117,0.7777777777777778,FRA,True,0.9433962264150944,0.9672131147540983,-0.023816888339003972,0.6412001237240953,control_enriched
ZellerG_2014,FengQ_2015;GuptaA_2019;ThomasAM_2018a;ThomasAM_2018b;ThomasAM_2019_c;VogtmannE_2016;WirbelJ_2018;YachidaS_2019;YuJ_2015,47,UniRef90_A0A1E3U585,9,8,0.5545977011494253,0.03703703703703709,0.8888888888888888,FRA,True,0.9245283018867925,0.9344262295081968,-0.00989792762140429,0.5193318898855552,control_enriched
ZellerG_2014,FengQ_2015;GuptaA_2019;ThomasAM_2018a;ThomasAM_2018b;ThomasAM_2019_c;VogtmannE_2016;WirbelJ_2018;YachidaS_2019;YuJ_2015,48,UniRef90_A0A174RP44,9,7,0.554375,0.01538461538461533,0.7777777777777778,FRA,True,0.9811320754716981,1.0,-0.018867924528301883,0.62882771419734,control_enriched
ZellerG_2014,FengQ_2015;GuptaA_2019;ThomasAM_2018a;ThomasAM_2018b;ThomasAM_2019_c;VogtmannE_2016;WirbelJ_2018;YachidaS_2019;YuJ_2015,49,UniRef90_A0A2N5NXF3,9,7,0.5543639053254438,0.02924031007751937,0.7777777777777778,FRA,True,0.9622641509433962,1.0,-0.037735849056603765,0.4726260439220538,control_enriched
ZellerG_2014,FengQ_2015;GuptaA_2019;ThomasAM_2018a;ThomasAM_2018b;ThomasAM_2019_c;VogtmannE_2016;WirbelJ_2018;YachidaS_2019;YuJ_2015,50,UniRef90_D7J831,9,7,0.5532403100775194,0.023523523523523604,0.7777777777777778,FRA,True,0.9245283018867925,0.9836065573770492,-0.05907825549025669,0.5286111970306218,control_enriched
ZellerG_2014,FengQ_2015;GuptaA_2019;ThomasAM_2018a;ThomasAM_2018b;ThomasAM_2019_c;VogtmannE_2016;WirbelJ_2018;YachidaS_2019;YuJ_2015,51,UniRef90_A8RVW8,9,7,0.5523023023023023,0.03076923076923077,0.7777777777777778,FRA,True,0.9622641509433962,0.9508196721311475,0.011444478812248748,0.5236622332199196,crc_enriched
ZellerG_2014,FengQ_2015;GuptaA_2019;ThomasAM_2018a;ThomasAM_2018b;ThomasAM_2019_c;VogtmannE_2016;WirbelJ_2018;YachidaS_2019;YuJ_2015,52,UniRef90_D4K6N1,9,7,0.5521449704142012,0.0357142857142857,0.7777777777777778,FRA,True,0.8679245283018868,0.9836065573770492,-0.11568202907516234,0.47309000927930717,control_enriched
ZellerG_2014,FengQ_2015;GuptaA_2019;ThomasAM_2018a;ThomasAM_2018b;ThomasAM_2019_c;VogtmannE_2016;WirbelJ_2018;YachidaS_2019;YuJ_2015,53,UniRef90_A0A3E3DDI7,9,7,0.5520520520520521,0.025000000000000022,0.7777777777777778,FRA,True,0.9622641509433962,0.9672131147540983,-0.0049489638107020895,0.5344880915558305,control_enriched
ZellerG_2014,FengQ_2015;GuptaA_2019;ThomasAM_2018a;ThomasAM_2018b;ThomasAM_2019_c;VogtmannE_2016;WirbelJ_2018;YachidaS_2019;YuJ_2015,54,UniRef90_C6IGG8,9,7,0.551875,0.005005005005005003,0.7777777777777778,FRA,True,0.9811320754716981,1.0,-0.018867924528301883,0.6303742653881843,control_enriched
ZellerG_2014,FengQ_2015;GuptaA_2019;ThomasAM_2018a;ThomasAM_2018b;ThomasAM_2019_c;VogtmannE_2016;WirbelJ_2018;YachidaS_2019;YuJ_2015,55,UniRef90_Q5LCA5,9,7,0.5517948717948717,0.01538461538461533,0.7777777777777778,FRA,True,0.9622641509433962,0.9672131147540983,-0.0049489638107020895,0.6053201360965048,control_enriched
ZellerG_2014,FengQ_2015;GuptaA_2019;ThomasAM_2018a;ThomasAM_2018b;ThomasAM_2019_c;VogtmannE_2016;WirbelJ_2018;YachidaS_2019;YuJ_2015,56,UniRef90_C5ERC9,9,8,0.5512820512820513,0.03703703703703709,0.8888888888888888,FRA,True,0.9245283018867925,0.9344262295081968,-0.00989792762140429,0.5446953294154037,control_enriched
ZellerG_2014,FengQ_2015;GuptaA_2019;ThomasAM_2018a;ThomasAM_2018b;ThomasAM_2019_c;VogtmannE_2016;WirbelJ_2018;YachidaS_2019;YuJ_2015,57,UniRef90_A0A139KLM2,9,7,0.5504807692307693,0.0401785714285714,0.7777777777777778,FRA,True,0.9622641509433962,0.9672131147540983,-0.0049489638107020895,0.5446953294154037,control_enriched
ZellerG_2014,FengQ_2015;GuptaA_2019;ThomasAM_2018a;ThomasAM_2018b;ThomasAM_2019_c;VogtmannE_2016;WirbelJ_2018;YachidaS_2019;YuJ_2015,58,UniRef90_R5U7X9,9,7,0.5502015503875969,0.017857142857142905,0.7777777777777778,FRA,True,0.9433962264150944,0.9180327868852459,0.02536343952984843,0.5949582431178472,crc_enriched
ZellerG_2014,FengQ_2015;GuptaA_2019;ThomasAM_2018a;ThomasAM_2018b;ThomasAM_2019_c;VogtmannE_2016;WirbelJ_2018;YachidaS_2019;YuJ_2015,59,UniRef90_R6JD81,9,7,0.5501085271317829,0.01538461538461533,0.7777777777777778,FRA,True,0.9433962264150944,0.9836065573770492,-0.04021033096195481,0.6023816888339004,control_enriched
