"sample_id","label","study_name","study_condition","country","number_reads","NCBI_accession"
"SID31030",-1,"FengQ_2015","adenoma","AUT",50300253,"ERR688508;ERR688361"
"SID31137",-1,"FengQ_2015","adenoma","AUT",65162346,"ERR688512;ERR688365"
"SID31233",-1,"FengQ_2015","adenoma","AUT",61523886,"ERR688519;ERR688372"
"SID31256",-1,"FengQ_2015","adenoma","AUT",55262755,"ERR688522;ERR688375"
"SID31275",-1,"FengQ_2015","adenoma","AUT",44252530,"ERR688524;ERR688377"
"SID31282",-1,"FengQ_2015","adenoma","AUT",57640884,"ERR688526;ERR688379"
"SID31337",-1,"FengQ_2015","adenoma","AUT",41098418,"ERR688531;ERR688384"
"SID31398",-1,"FengQ_2015","adenoma","AUT",60606299,"ERR688536;ERR688389"
"SID31424",-1,"FengQ_2015","adenoma","AUT",68541730,"ERR688538;ERR688391"
"SID31431",-1,"FengQ_2015","adenoma","AUT",40082155,"ERR688540;ERR688393"
"SID31449",-1,"FengQ_2015","adenoma","AUT",67192036,"ERR688542;ERR688395"
"SID31455",-1,"FengQ_2015","adenoma","AUT",49157263,"ERR688545;ERR688398"
"SID31477",-1,"FengQ_2015","adenoma","AUT",59248343,"ERR688546;ERR688399"
"SID31501",-1,"FengQ_2015","adenoma","AUT",79824442,"ERR688549;ERR688402"
"SID31582",-1,"FengQ_2015","adenoma","AUT",51350992,"ERR688555;ERR688408"
"SID31705",-1,"FengQ_2015","adenoma","AUT",59808183,"ERR688560;ERR688413"
"SID530002",-1,"FengQ_2015","adenoma","AUT",58500085,"ERR688587;ERR688440"
"SID530018",-1,"FengQ_2015","adenoma","AUT",50499377,"ERR688584;ERR688437"
"SID530026",-1,"FengQ_2015","adenoma","AUT",48100771,"ERR688585;ERR688438"
"SID530028",-1,"FengQ_2015","adenoma","AUT",51495960,"ERR688586;ERR688439"
"SID530039",-1,"FengQ_2015","adenoma","AUT",43706849,"ERR688588;ERR688441"
"SID530041",-1,"FengQ_2015","adenoma","AUT",62095839,"ERR688589;ERR688442"
"SID530054",-1,"FengQ_2015","adenoma","AUT",64129209,"ERR688592;ERR688445"
"SID530142",-1,"FengQ_2015","adenoma","AUT",61547894,"ERR688597;ERR688450"
"SID530168",-1,"FengQ_2015","adenoma","AUT",55160872,"ERR688601;ERR688454"
"SID530172",-1,"FengQ_2015","adenoma","AUT",50033769,"ERR688602;ERR688455"
"SID530185",-1,"FengQ_2015","adenoma","AUT",52968068,"ERR688604;ERR688457"
"SID530262",-1,"FengQ_2015","adenoma","AUT",31825406,"ERR688609;ERR688462"
"SID530297",-1,"FengQ_2015","adenoma","AUT",57323996,"ERR688611;ERR688464"
"SID530323",-1,"FengQ_2015","adenoma","AUT",62864405,"ERR688613;ERR688466"
"SID530348",-1,"FengQ_2015","adenoma","AUT",55568518,"ERR688615;ERR688468"
"SID530398",-1,"FengQ_2015","adenoma","AUT",59148627,"ERR688620;ERR688473"
"SID530403",-1,"FengQ_2015","adenoma","AUT",59813159,"ERR688621;ERR688474"
"SID530450",-1,"FengQ_2015","adenoma","AUT",53666840,"ERR688623;ERR688476"
"SID530558",-1,"FengQ_2015","adenoma","AUT",58018506,"ERR688625;ERR688478"
"SID530600",-1,"FengQ_2015","adenoma","AUT",57496684,"ERR688626;ERR688479"
"SID530623",-1,"FengQ_2015","adenoma","AUT",50867929,"ERR688627;ERR688480"
"SID530697",-1,"FengQ_2015","adenoma","AUT",63267306,"ERR688628;ERR688481"
"SID530705",-1,"FengQ_2015","adenoma","AUT",46816593,"ERR688629;ERR688482"
"SID530743",-1,"FengQ_2015","adenoma","AUT",51835041,"ERR688630;ERR688483"
"SID530756",-1,"FengQ_2015","adenoma","AUT",43168423,"ERR688631;ERR688484"
"SID530840",-1,"FengQ_2015","adenoma","AUT",61271589,"ERR688632;ERR688485"
"SID530867",-1,"FengQ_2015","adenoma","AUT",66550611,"ERR688633;ERR688486"
"SID531403",-1,"FengQ_2015","adenoma","AUT",64766000,"ERR688645;ERR688498"
"SID531663",-1,"FengQ_2015","adenoma","AUT",48981946,"ERR710424;ERR710415"
"SID532305",-1,"FengQ_2015","adenoma","AUT",38807248,"ERR710425;ERR710416"
"SID532832",-1,"FengQ_2015","adenoma","AUT",42184599,"ERR710431;ERR710422"
"SID31009",0,"FengQ_2015","control","AUT",66107961,"ERR688506;ERR688359"
"SID31021",0,"FengQ_2015","control","AUT",60789126,"ERR688507;ERR688360"
"SID31071",0,"FengQ_2015","control","AUT",51945426,"ERR688509;ERR688362"
"SID31112",0,"FengQ_2015","control","AUT",50836391,"ERR688510;ERR688363"
"SID31129",0,"FengQ_2015","control","AUT",40493976,"ERR688511;ERR688364"
"SID31160",0,"FengQ_2015","control","AUT",48941530,"ERR688514;ERR688367"
"SID31219",0,"FengQ_2015","control","AUT",43000292,"ERR688516;ERR688369"
"SID31236",0,"FengQ_2015","control","AUT",46486458,"ERR688520;ERR688373"
"SID31267",0,"FengQ_2015","control","AUT",51827763,"ERR688523;ERR688376"
"SID31300",0,"FengQ_2015","control","AUT",58446067,"ERR688528;ERR688381"
"SID31328",0,"FengQ_2015","control","AUT",59048476,"ERR688529;ERR688382"
"SID31333",0,"FengQ_2015","control","AUT",56964025,"ERR688530;ERR688383"
"SID31343",0,"FengQ_2015","control","AUT",46395518,"ERR688532;ERR688385"
"SID31360",0,"FengQ_2015","control","AUT",53813476,"ERR688533;ERR688386"
"SID31379",0,"FengQ_2015","control","AUT",63068831,"ERR688535;ERR688388"
"SID31416",0,"FengQ_2015","control","AUT",59474229,"ERR688537;ERR688390"
"SID31428",0,"FengQ_2015","control","AUT",60147043,"ERR688539;ERR688392"
"SID31450",0,"FengQ_2015","control","AUT",39821891,"ERR688543;ERR688396"
"SID31452",0,"FengQ_2015","control","AUT",52825648,"ERR688544;ERR688397"
"SID31512",0,"FengQ_2015","control","AUT",48451471,"ERR688550;ERR688403"
"SID31519",0,"FengQ_2015","control","AUT",47430300,"ERR688551;ERR688404"
"SID31537",0,"FengQ_2015","control","AUT",50448942,"ERR688552;ERR688405"
"SID31557",0,"FengQ_2015","control","AUT",55509914,"ERR688554;ERR688407"
"SID31637",0,"FengQ_2015","control","AUT",44156304,"ERR688557;ERR688410"
"SID31700",0,"FengQ_2015","control","AUT",66611844,"ERR688559;ERR688412"
"SID31711",0,"FengQ_2015","control","AUT",52930416,"ERR688561;ERR688414"
"SID31714",0,"FengQ_2015","control","AUT",59229738,"ERR688562;ERR688415"
"SID31723",0,"FengQ_2015","control","AUT",50461698,"ERR688563;ERR688416"
"SID31749",0,"FengQ_2015","control","AUT",60841104,"ERR688564;ERR688417"
"SID31750",0,"FengQ_2015","control","AUT",55640079,"ERR688565;ERR688418"
"SID31766",0,"FengQ_2015","control","AUT",39421207,"ERR688566;ERR688419"
"SID530050",0,"FengQ_2015","control","AUT",41099011,"ERR688590;ERR688443"
"SID530052",0,"FengQ_2015","control","AUT",43128279,"ERR688591;ERR688444"
"SID530055",0,"FengQ_2015","control","AUT",44682386,"ERR688593;ERR688446"
"SID530074",0,"FengQ_2015","control","AUT",44680548,"ERR688594;ERR688447"
"SID530075",0,"FengQ_2015","control","AUT",45920361,"ERR688595;ERR688448"
"SID530119",0,"FengQ_2015","control","AUT",57416977,"ERR688596;ERR688449"
"SID530154",0,"FengQ_2015","control","AUT",57791617,"ERR688598;ERR688451"
"SID530163",0,"FengQ_2015","control","AUT",54206038,"ERR688599;ERR688452"
"SID530167",0,"FengQ_2015","control","AUT",49179178,"ERR688600;ERR688453"
"SID530177",0,"FengQ_2015","control","AUT",50250060,"ERR688603;ERR688456"
"SID530215",0,"FengQ_2015","control","AUT",41995786,"ERR688605;ERR688458"
"SID530227",0,"FengQ_2015","control","AUT",56519937,"ERR688606;ERR688459"
"SID530251",0,"FengQ_2015","control","AUT",39476921,"ERR688607;ERR688460"
"SID530258",0,"FengQ_2015","control","AUT",48219384,"ERR688608;ERR688461"
"SID530295",0,"FengQ_2015","control","AUT",58306781,"ERR688610;ERR688463"
"SID530315",0,"FengQ_2015","control","AUT",40973787,"ERR688612;ERR688465"
"SID530331",0,"FengQ_2015","control","AUT",46063675,"ERR688614;ERR688467"
"SID530364",0,"FengQ_2015","control","AUT",44171205,"ERR688616;ERR688469"
"SID530368",0,"FengQ_2015","control","AUT",41919267,"ERR688617;ERR688470"
"SID530394",0,"FengQ_2015","control","AUT",66594047,"ERR688619;ERR688472"
"SID530444",0,"FengQ_2015","control","AUT",50926725,"ERR688622;ERR688475"
"SID530451",0,"FengQ_2015","control","AUT",62721334,"ERR688624;ERR688477"
"SID531414",0,"FengQ_2015","control","AUT",54863689,"ERR688646;ERR688499"
"SID531424",0,"FengQ_2015","control","AUT",47297425,"ERR688648;ERR688501"
"SID532749",0,"FengQ_2015","control","AUT",48398731,"ERR710426;ERR710417"
"SID532779",0,"FengQ_2015","control","AUT",54785115,"ERR710427;ERR710418"
"SID532796",0,"FengQ_2015","control","AUT",50845712,"ERR710428;ERR710419"
"SID532802",0,"FengQ_2015","control","AUT",41480415,"ERR710429;ERR710420"
"SID532826",0,"FengQ_2015","control","AUT",35346002,"ERR710430;ERR710421"
"SID532915",0,"FengQ_2015","control","AUT",51594677,"ERR710432;ERR710423"
"SID31004",1,"FengQ_2015","CRC","AUT",40898340,"ERR688505;ERR688358"
"SID31159",1,"FengQ_2015","CRC","AUT",53697448,"ERR688513;ERR688366"
"SID31188",1,"FengQ_2015","CRC","AUT",52506627,"ERR688515;ERR688368"
"SID31223",1,"FengQ_2015","CRC","AUT",52018377,"ERR688517;ERR688370"
"SID31237",1,"FengQ_2015","CRC","AUT",54003642,"ERR688521;ERR688374"
"SID31276",1,"FengQ_2015","CRC","AUT",47454029,"ERR688525;ERR688378"
"SID31285",1,"FengQ_2015","CRC","AUT",61029846,"ERR688527;ERR688380"
"SID31367",1,"FengQ_2015","CRC","AUT",63823566,"ERR688534;ERR688387"
"SID31446",1,"FengQ_2015","CRC","AUT",64347460,"ERR688541;ERR688394"
"SID31489",1,"FengQ_2015","CRC","AUT",47274245,"ERR688547;ERR688400"
"SID31493",1,"FengQ_2015","CRC","AUT",59975883,"ERR688548;ERR688401"
"SID31549",1,"FengQ_2015","CRC","AUT",56747117,"ERR688553;ERR688406"
"SID31685",1,"FengQ_2015","CRC","AUT",49715050,"ERR688558;ERR688411"
"SID31865",1,"FengQ_2015","CRC","AUT",39673737,"ERR688568;ERR688421"
"SID31866",1,"FengQ_2015","CRC","AUT",63811898,"ERR688569;ERR688422"
"SID31868",1,"FengQ_2015","CRC","AUT",45203362,"ERR688570;ERR688423"
"SID31870",1,"FengQ_2015","CRC","AUT",59584985,"ERR688571;ERR688424"
"SID31871",1,"FengQ_2015","CRC","AUT",65866129,"ERR688572;ERR688425"
"SID31872",1,"FengQ_2015","CRC","AUT",56338680,"ERR688573;ERR688426"
"SID31873",1,"FengQ_2015","CRC","AUT",56842256,"ERR688574;ERR688427"
"SID31874",1,"FengQ_2015","CRC","AUT",61606892,"ERR688575;ERR688428"
"SID31875",1,"FengQ_2015","CRC","AUT",60981117,"ERR688576;ERR688429"
"SID31876",1,"FengQ_2015","CRC","AUT",58553738,"ERR688577;ERR688430"
"SID31877",1,"FengQ_2015","CRC","AUT",55213354,"ERR688578;ERR688431"
"SID31878",1,"FengQ_2015","CRC","AUT",52369180,"ERR688579;ERR688432"
"SID31879",1,"FengQ_2015","CRC","AUT",55929728,"ERR688580;ERR688433"
"SID31880",1,"FengQ_2015","CRC","AUT",62077892,"ERR688581;ERR688434"
"SID31881",1,"FengQ_2015","CRC","AUT",67756814,"ERR688582;ERR688435"
"SID31883",1,"FengQ_2015","CRC","AUT",73468631,"ERR688583;ERR688436"
"SID31884",1,"FengQ_2015","CRC","AUT",47309414,"ERR688567;ERR688420"
"SID530373",1,"FengQ_2015","CRC","AUT",51749458,"ERR688618;ERR688471"
"SID530890",1,"FengQ_2015","CRC","AUT",59064928,"ERR688634;ERR688487"
"SID531128",1,"FengQ_2015","CRC","AUT",45879581,"ERR688635;ERR688488"
"SID531155",1,"FengQ_2015","CRC","AUT",57291152,"ERR688636;ERR688489"
"SID531248",1,"FengQ_2015","CRC","AUT",61002212,"ERR688637;ERR688490"
"SID531274",1,"FengQ_2015","CRC","AUT",75456959,"ERR688638;ERR688491"
"SID531277",1,"FengQ_2015","CRC","AUT",52933259,"ERR688639;ERR688492"
"SID531281",1,"FengQ_2015","CRC","AUT",58412555,"ERR688640;ERR688493"
"SID531333",1,"FengQ_2015","CRC","AUT",57733146,"ERR688641;ERR688494"
"SID531352",1,"FengQ_2015","CRC","AUT",64602286,"ERR688642;ERR688495"
"SID531361",1,"FengQ_2015","CRC","AUT",49860850,"ERR688643;ERR688496"
"SID531382",1,"FengQ_2015","CRC","AUT",47198497,"ERR688644;ERR688497"
"SID531416",1,"FengQ_2015","CRC","AUT",54134207,"ERR688647;ERR688500"
"SID531469",1,"FengQ_2015","CRC","AUT",50337835,"ERR688649;ERR688502"
"SID531766",1,"FengQ_2015","CRC","AUT",67005809,"ERR688650;ERR688503"
"SID531775",1,"FengQ_2015","CRC","AUT",43379176,"ERR688651;ERR688504"
"GupDM_HAG",0,"GuptaA_2019","control","IND",8105478,"SRR5898912"
"GupDM_HAH",0,"GuptaA_2019","control","IND",10271966,"SRR5898911"
"GupDM_HAI",0,"GuptaA_2019","control","IND",17519102,"SRR5898910"
"GupDM_HAJ",0,"GuptaA_2019","control","IND",6171104,"SRR5898909"
"GupDM_HAK",0,"GuptaA_2019","control","IND",10655514,"SRR5898908"
"GupDM_HAL",0,"GuptaA_2019","control","IND",9271322,"SRR5898920"
"GupDM_HAM",0,"GuptaA_2019","control","IND",12979624,"SRR5898921"
"GupDM_HAN",0,"GuptaA_2019","control","IND",13145190,"SRR5898922"
"GupDM_HAO",0,"GuptaA_2019","control","IND",16932172,"SRR5898923"
"GupDM_HAP",0,"GuptaA_2019","control","IND",12355776,"SRR5898924"
"GupDM_HAR",0,"GuptaA_2019","control","IND",10185816,"SRR5898925"
"GupDM_HAT",0,"GuptaA_2019","control","IND",5952458,"SRR5898926"
"GupDM_HBR",0,"GuptaA_2019","control","IND",4251494,"SRR5899017"
"GupDM_HCL",0,"GuptaA_2019","control","IND",7355758,"SRR5898966"
"GupDM_HCM",0,"GuptaA_2019","control","IND",7352590,"SRR5898984"
"GupDM_HCN",0,"GuptaA_2019","control","IND",10142394,"SRR5898985"
"GupDM_HCO",0,"GuptaA_2019","control","IND",9242932,"SRR5898986"
"GupDM_HCP",0,"GuptaA_2019","control","IND",6704578,"SRR5898987"
"GupDM_HCQ",0,"GuptaA_2019","control","IND",5635222,"SRR5898980"
"GupDM_HCR",0,"GuptaA_2019","control","IND",6710528,"SRR5898981"
"GupDM_HCS",0,"GuptaA_2019","control","IND",5521326,"SRR5898982"
"GupDM_HCT",0,"GuptaA_2019","control","IND",9651384,"SRR5898983"
"GupDM_HCU",0,"GuptaA_2019","control","IND",11104842,"SRR5898978"
"GupDM_HCV",0,"GuptaA_2019","control","IND",10996252,"SRR5898979"
"GupDM_HCY",0,"GuptaA_2019","control","IND",5247522,"SRR5898954"
"GupDM_HDB",0,"GuptaA_2019","control","IND",4717922,"SRR5898950"
"GupDM_HDF",0,"GuptaA_2019","control","IND",7376354,"SRR5898948"
"GupDM_HP",0,"GuptaA_2019","control","IND",9276878,"SRR5899005"
"GupDM_HR",0,"GuptaA_2019","control","IND",8951472,"SRR5899007"
"GupDM_HS",0,"GuptaA_2019","control","IND",13442182,"SRR5899006"
"GupDM_A_11",1,"GuptaA_2019","CRC","IND",6227234,"SRR8865600"
"GupDM_A_15",1,"GuptaA_2019","CRC","IND",9884266,"SRR8865596"
"GupDM_A1",1,"GuptaA_2019","CRC","IND",27687226,"SRR8865598"
"GupDM_A10",1,"GuptaA_2019","CRC","IND",8468208,"SRR8865599"
"GupDM_A12",1,"GuptaA_2019","CRC","IND",6988838,"SRR8865601"
"GupDM_A13",1,"GuptaA_2019","CRC","IND",8067640,"SRR8865594"
"GupDM_A14",1,"GuptaA_2019","CRC","IND",10038762,"SRR8865595"
"GupDM_A2",1,"GuptaA_2019","CRC","IND",7916638,"SRR8865597"
"GupDM_A3",1,"GuptaA_2019","CRC","IND",3283982,"SRR8865592"
"GupDM_A4",1,"GuptaA_2019","CRC","IND",12005312,"SRR8865593"
"GupDM_A5",1,"GuptaA_2019","CRC","IND",7220182,"SRR8865584"
"GupDM_A6",1,"GuptaA_2019","CRC","IND",8086526,"SRR8865585"
"GupDM_A7",1,"GuptaA_2019","CRC","IND",7268266,"SRR8865586"
"GupDM_A8",1,"GuptaA_2019","CRC","IND",11368644,"SRR8865587"
"GupDM_A9",1,"GuptaA_2019","CRC","IND",4665104,"SRR8865588"
"GupDM_JA",1,"GuptaA_2019","CRC","IND",7561246,"SRR8865589"
"GupDM_JB",1,"GuptaA_2019","CRC","IND",6436176,"SRR8865590"
"GupDM_JC",1,"GuptaA_2019","CRC","IND",7854080,"SRR8865591"
"GupDM_JD",1,"GuptaA_2019","CRC","IND",5660024,"SRR8865582"
"GupDM_JE",1,"GuptaA_2019","CRC","IND",6825048,"SRR8865583"
"GupDM_JG",1,"GuptaA_2019","CRC","IND",8460528,"SRR8865577"
"GupDM_JH",1,"GuptaA_2019","CRC","IND",12994616,"SRR8865576"
"GupDM_JI",1,"GuptaA_2019","CRC","IND",11460622,"SRR8865579"
"GupDM_JJ",1,"GuptaA_2019","CRC","IND",8350184,"SRR8865578"
"GupDM_JK",1,"GuptaA_2019","CRC","IND",10425236,"SRR8865573"
"GupDM_JL",1,"GuptaA_2019","CRC","IND",9878044,"SRR8865572"
"GupDM_JM",1,"GuptaA_2019","CRC","IND",10328094,"SRR8865575"
"GupDM_JN",1,"GuptaA_2019","CRC","IND",9789278,"SRR8865574"
"GupDM_JO",1,"GuptaA_2019","CRC","IND",11274338,"SRR8865581"
"GupDM_JP",1,"GuptaA_2019","CRC","IND",10400668,"SRR8865580"
"LILT_GF12_16",-1,"ThomasAM_2018a","adenoma","ITA",129054410,
"LILT_GF16_T017",-1,"ThomasAM_2018a","adenoma","ITA",86578300,
"LILT_GF17_16",-1,"ThomasAM_2018a","adenoma","ITA",67202998,
"LILT_GF18_T016",-1,"ThomasAM_2018a","adenoma","ITA",60734114,
"LILT_VF02_T016",-1,"ThomasAM_2018a","adenoma","ITA",58176306,
"LILT_VF04_16",-1,"ThomasAM_2018a","adenoma","ITA",130011006,
"LILT_VF07_16",-1,"ThomasAM_2018a","adenoma","ITA",56710086,
"LILT_VF102_T017",-1,"ThomasAM_2018a","adenoma","ITA",67149250,
"LILT_VF172_T017",-1,"ThomasAM_2018a","adenoma","ITA",101961964,
"LILT_VF197_T017",-1,"ThomasAM_2018a","adenoma","ITA",64218978,
"LILT_VF214_T016",-1,"ThomasAM_2018a","adenoma","ITA",29113632,
"LILT_VF30_16",-1,"ThomasAM_2018a","adenoma","ITA",119338584,
"LILT_VF301_T016",-1,"ThomasAM_2018a","adenoma","ITA",47891658,
"LILT_VF32_T016",-1,"ThomasAM_2018a","adenoma","ITA",57754576,
"LILT_VF35_16",-1,"ThomasAM_2018a","adenoma","ITA",54306182,
"LILT_VF37_16",-1,"ThomasAM_2018a","adenoma","ITA",192637536,
"LILT_VF38_16",-1,"ThomasAM_2018a","adenoma","ITA",62447528,
"LILT_VF47_16",-1,"ThomasAM_2018a","adenoma","ITA",150355184,
"LILT_VF50_16",-1,"ThomasAM_2018a","adenoma","ITA",80721806,
"LILT_VF55_T017",-1,"ThomasAM_2018a","adenoma","ITA",87057802,
"LILT_VF56_16",-1,"ThomasAM_2018a","adenoma","ITA",111092954,
"LILT_VF60_T016",-1,"ThomasAM_2018a","adenoma","ITA",75609304,
"LILT_VF66_T017",-1,"ThomasAM_2018a","adenoma","ITA",69659116,
"LILT_VF69_16",-1,"ThomasAM_2018a","adenoma","ITA",118580530,
"LILT_VF70_16",-1,"ThomasAM_2018a","adenoma","ITA",79349706,
"LILT_VF90_16",-1,"ThomasAM_2018a","adenoma","ITA",98668680,
"LILT_VF97_16",-1,"ThomasAM_2018a","adenoma","ITA",99984042,
"LILT_GF06_16",0,"ThomasAM_2018a","control","ITA",168171670,
"LILT_VF00TL_16",0,"ThomasAM_2018a","control","ITA",208138088,
"LILT_VF06_16",0,"ThomasAM_2018a","control","ITA",133302610,
"LILT_VF10_T016",0,"ThomasAM_2018a","control","ITA",60515600,
"LILT_VF140_T016",0,"ThomasAM_2018a","control","ITA",45553940,
"LILT_VF170_T016",0,"ThomasAM_2018a","control","ITA",83281818,
"LILT_VF171_T016",0,"ThomasAM_2018a","control","ITA",268665478,
"LILT_VF18_T016",0,"ThomasAM_2018a","control","ITA",375721418,
"LILT_VF189_T016",0,"ThomasAM_2018a","control","ITA",159674438,
"LILT_VF206_T016",0,"ThomasAM_2018a","control","ITA",168825354,
"LILT_VF212_T016",0,"ThomasAM_2018a","control","ITA",70760642,
"LILT_VF255_T016",0,"ThomasAM_2018a","control","ITA",51786786,
"LILT_VF259_T016",0,"ThomasAM_2018a","control","ITA",54199996,
"LILT_VF261_T016",0,"ThomasAM_2018a","control","ITA",46788848,
"LILT_VF262_T016",0,"ThomasAM_2018a","control","ITA",119440344,
"LILT_VF263_T016",0,"ThomasAM_2018a","control","ITA",157270336,
"LILT_VF265_T016",0,"ThomasAM_2018a","control","ITA",36753696,
"LILT_VF279_T016",0,"ThomasAM_2018a","control","ITA",159113906,
"LILT_VF28_T016",0,"ThomasAM_2018a","control","ITA",219493156,
"LILT_VF31_16",0,"ThomasAM_2018a","control","ITA",77957436,
"LILT_VF40_16",0,"ThomasAM_2018a","control","ITA",114077394,
"LILT_VF43_16",0,"ThomasAM_2018a","control","ITA",69754922,
"LILT_VF82_T016",0,"ThomasAM_2018a","control","ITA",46305044,
"LILT_VF84_16",0,"ThomasAM_2018a","control","ITA",76085886,
"LILT_GF15_16",1,"ThomasAM_2018a","CRC","ITA",132351728,
"LILT_VF100_T016",1,"ThomasAM_2018a","CRC","ITA",133912406,
"LILT_VF107_16",1,"ThomasAM_2018a","CRC","ITA",87100526,
"LILT_VF114_T017",1,"ThomasAM_2018a","CRC","ITA",68802460,
"LILT_VF120_16",1,"ThomasAM_2018a","CRC","ITA",69511276,
"LILT_VF145_T017",1,"ThomasAM_2018a","CRC","ITA",83426964,
"LILT_VF154_T017",1,"ThomasAM_2018a","CRC","ITA",91215084,
"LILT_VF166_T017",1,"ThomasAM_2018a","CRC","ITA",59541712,
"LILT_VF174_T017",1,"ThomasAM_2018a","CRC","ITA",88876004,
"LILT_VF176_T017",1,"ThomasAM_2018a","CRC","ITA",51961332,
"LILT_VF192_T017",1,"ThomasAM_2018a","CRC","ITA",50190940,
"LILT_VF207_T017",1,"ThomasAM_2018a","CRC","ITA",79900864,
"LILT_VF208_T017",1,"ThomasAM_2018a","CRC","ITA",197907940,
"LILT_VF216_T017",1,"ThomasAM_2018a","CRC","ITA",140195504,
"LILT_VF217_T017",1,"ThomasAM_2018a","CRC","ITA",102992638,
"LILT_VF232_T017",1,"ThomasAM_2018a","CRC","ITA",47791816,
"LILT_VF234_T017",1,"ThomasAM_2018a","CRC","ITA",63130715,
"LILT_VF251_T017",1,"ThomasAM_2018a","CRC","ITA",97021922,
"LILT_VF264_T017",1,"ThomasAM_2018a","CRC","ITA",190490540,
"LILT_VF270_T017",1,"ThomasAM_2018a","CRC","ITA",74406936,
"LILT_VF273_T017",1,"ThomasAM_2018a","CRC","ITA",59049460,
"LILT_VF281_T017",1,"ThomasAM_2018a","CRC","ITA",136972528,
"LILT_VF29_16",1,"ThomasAM_2018a","CRC","ITA",122954238,
"LILT_VF300_T016",1,"ThomasAM_2018a","CRC","ITA",170791788,
"LILT_VF65_16",1,"ThomasAM_2018a","CRC","ITA",55363092,
"LILT_VF71_16",1,"ThomasAM_2018a","CRC","ITA",79793550,
"LILT_VF73_16",1,"ThomasAM_2018a","CRC","ITA",92904026,
"LILT_VF77_16",1,"ThomasAM_2018a","CRC","ITA",153585374,
"LILT_VF95_16",1,"ThomasAM_2018a","CRC","ITA",78354990,
"CRC_MR_SBJ03H_17",0,"ThomasAM_2018b","control","ITA",62248461,
"CRC_MR_SBJ16H_17",0,"ThomasAM_2018b","control","ITA",44260518,
"CRC_MR_SBJ17H_17",0,"ThomasAM_2018b","control","ITA",73496867,
"CRC_MR_SBJ18H_17",0,"ThomasAM_2018b","control","ITA",27453968,
"CRC_MR_SBJ21H_17",0,"ThomasAM_2018b","control","ITA",36494066,
"CRC_MR_SBJ24H_17",0,"ThomasAM_2018b","control","ITA",36804377,
"CRC_MR_SBJ34H_17",0,"ThomasAM_2018b","control","ITA",38425974,
"CRC_MR_SBJ37H_17",0,"ThomasAM_2018b","control","ITA",10456845,
"CRC_MR_SBJ45H_17",0,"ThomasAM_2018b","control","ITA",92522014,
"CRC_MR_SBJ46H_17",0,"ThomasAM_2018b","control","ITA",45756759,
"CRC_MR_SBJ57H_17",0,"ThomasAM_2018b","control","ITA",43890117,
"CRC_MR_SBJ60H_17",0,"ThomasAM_2018b","control","ITA",107211531,
"CRC_MR_SBJ63H_17",0,"ThomasAM_2018b","control","ITA",85236126,
"CRC_MR_SBJ65H_17",0,"ThomasAM_2018b","control","ITA",41052376,
"CRC_MR_SBJ67H_17",0,"ThomasAM_2018b","control","ITA",40868929,
"CRC_MR_SBJ68H_17",0,"ThomasAM_2018b","control","ITA",22066831,
"CRC_MR_SBJ69H_17",0,"ThomasAM_2018b","control","ITA",33651354,
"CRC_MR_SBJ73H_17",0,"ThomasAM_2018b","control","ITA",48210550,
"CRC_MR_SBJ74H_17",0,"ThomasAM_2018b","control","ITA",30312297,
"CRC_MR_SBJ75H_17",0,"ThomasAM_2018b","control","ITA",24018036,
"CRC_MR_SBJ77H_17",0,"ThomasAM_2018b","control","ITA",27868520,
"CRC_MR_SBJ78H_17",0,"ThomasAM_2018b","control","ITA",23707897,
"CRC_MR_SBJ79H_17",0,"ThomasAM_2018b","control","ITA",35362694,
"CRC_MR_SBJ80H_17",0,"ThomasAM_2018b","control","ITA",26117282,
"CRC_MR_SBJ81H_17",0,"ThomasAM_2018b","control","ITA",57480181,
"CRC_MR_SBJ82H_17",0,"ThomasAM_2018b","control","ITA",37993796,
"CRC_MR_SBJ83H_17",0,"ThomasAM_2018b","control","ITA",25118095,
"CRC_MR_SBJ84H_17",0,"ThomasAM_2018b","control","ITA",39194253,
"CRC_MR_SBJ01C_17",1,"ThomasAM_2018b","CRC","ITA",43868542,
"CRC_MR_SBJ02C_17",1,"ThomasAM_2018b","CRC","ITA",43898442,
"CRC_MR_SBJ04C_17",1,"ThomasAM_2018b","CRC","ITA",36366179,
"CRC_MR_SBJ05C_17",1,"ThomasAM_2018b","CRC","ITA",45139735,
"CRC_MR_SBJ06C_17",1,"ThomasAM_2018b","CRC","ITA",60592176,
"CRC_MR_SBJ07C_17",1,"ThomasAM_2018b","CRC","ITA",61416613,
"CRC_MR_SBJ10C_17",1,"ThomasAM_2018b","CRC","ITA",50329530,
"CRC_MR_SBJ11C_17",1,"ThomasAM_2018b","CRC","ITA",48916828,
"CRC_MR_SBJ12C_17",1,"ThomasAM_2018b","CRC","ITA",39541779,
"CRC_MR_SBJ20C_17",1,"ThomasAM_2018b","CRC","ITA",65119701,
"CRC_MR_SBJ22C_17",1,"ThomasAM_2018b","CRC","ITA",23604828,
"CRC_MR_SBJ25C_17",1,"ThomasAM_2018b","CRC","ITA",31480824,
"CRC_MR_SBJ26C_17",1,"ThomasAM_2018b","CRC","ITA",41358998,
"CRC_MR_SBJ27C_17",1,"ThomasAM_2018b","CRC","ITA",36706377,
"CRC_MR_SBJ29C_17",1,"ThomasAM_2018b","CRC","ITA",32390885,
"CRC_MR_SBJ31C_17",1,"ThomasAM_2018b","CRC","ITA",13190360,
"CRC_MR_SBJ32C_17",1,"ThomasAM_2018b","CRC","ITA",31790441,
"CRC_MR_SBJ33C_17",1,"ThomasAM_2018b","CRC","ITA",41330625,
"CRC_MR_SBJ35C_17",1,"ThomasAM_2018b","CRC","ITA",42524787,
"CRC_MR_SBJ36C_17",1,"ThomasAM_2018b","CRC","ITA",31808126,
"CRC_MR_SBJ39C_17",1,"ThomasAM_2018b","CRC","ITA",30131718,
"CRC_MR_SBJ40C_17",1,"ThomasAM_2018b","CRC","ITA",35163513,
"CRC_MR_SBJ42C_17",1,"ThomasAM_2018b","CRC","ITA",59944791,
"CRC_MR_SBJ47C_17",1,"ThomasAM_2018b","CRC","ITA",33645368,
"CRC_MR_SBJ49C_17",1,"ThomasAM_2018b","CRC","ITA",47699523,
"CRC_MR_SBJ50C_17",1,"ThomasAM_2018b","CRC","ITA",56181745,
"CRC_MR_SBJ51C_17",1,"ThomasAM_2018b","CRC","ITA",24668831,
"CRC_MR_SBJ52C_17",1,"ThomasAM_2018b","CRC","ITA",31846171,
"CRC_MR_SBJ53C_17",1,"ThomasAM_2018b","CRC","ITA",46264048,
"CRC_MR_SBJ55C_17",1,"ThomasAM_2018b","CRC","ITA",35636732,
"CRC_MR_SBJ61C_17",1,"ThomasAM_2018b","CRC","ITA",63115792,
"CRC_MR_SBJ64C_17",1,"ThomasAM_2018b","CRC","ITA",75825202,
"AHCNMFADXX.N712-S507_GTAGAGGA-AAGGAGTA",0,"ThomasAM_2019_c","control","JPN",79164015,
"BHCNG3ADXX.N705-S502_GGACTCCT-CTCTCTAT",0,"ThomasAM_2019_c","control","JPN",63257761,
"BHCNJJADXX.N708-S503_CAGAGAGG-TATCCTCT",0,"ThomasAM_2019_c","control","JPN",76551905,
"BHCNK3ADXX.N706-S507_TAGGCATG-AAGGAGTA",0,"ThomasAM_2019_c","control","JPN",35607131,
"BHCNK3ADXX.N711-S506_AAGAGGCA-ACTGCATA",0,"ThomasAM_2019_c","control","JPN",27181152,
"BHCNM7ADXX.N701-S511_TAAGGCGA-TCTCTCCG",0,"ThomasAM_2019_c","control","JPN",41154961,
"BHCNM7ADXX.N712-S508_GTAGAGGA-CTAAGCCT",0,"ThomasAM_2019_c","control","JPN",98446369,
"BHCTGKADXX.N707-S505_CTCTCTAC-GTAAGGAG",0,"ThomasAM_2019_c","control","JPN",27836202,
"HGKFCADXX_PG0662_168A0902_H3_L001",0,"ThomasAM_2019_c","control","JPN",31795549,
"HGKMWADXX_PG0662_95A0604_H3_L002",0,"ThomasAM_2019_c","control","JPN",49002817,
"HGKT5ADXX_PG0662_09A0202_H2",0,"ThomasAM_2019_c","control","JPN",39794462,
"HGKY7ADXX_PG0662_178A0104_H1_L002",0,"ThomasAM_2019_c","control","JPN",37365403,
"HGKY7ADXX_PG0662_179A0105_H1_L002",0,"ThomasAM_2019_c","control","JPN",33940061,
"HGKYVADXX_PG0662_104A0704_H3_L001",0,"ThomasAM_2019_c","control","JPN",40762782,
"HGKYVADXX_PG0662_320A0604_H1_L002",0,"ThomasAM_2019_c","control","JPN",40163977,
"HGKYVADXX_PG0662_98A0607_H3_L001",0,"ThomasAM_2019_c","control","JPN",45015592,
"HGKYWADXX_PG0662_249A0402_H1_L002",0,"ThomasAM_2019_c","control","JPN",34579923,
"HJK7MADXX_PG0783_24A0403_H1_L001",0,"ThomasAM_2019_c","control","JPN",41722902,
"HJK7NADXX_PG0783_110A0106_H1_L002",0,"ThomasAM_2019_c","control","JPN",70495315,
"HJK7VADXX_PG0783_31A0502_H1_L002",0,"ThomasAM_2019_c","control","JPN",40211990,
"HJKHTADXX_PG0783_55A0104_H1_L001",0,"ThomasAM_2019_c","control","JPN",42003632,
"HJKJ2ADXX_PG0783_19A0305_H1_L001",0,"ThomasAM_2019_c","control","JPN",42545246,
"HJKJJADXX_PG0783_14A0207_H1_L001",0,"ThomasAM_2019_c","control","JPN",36568983,
"HJKNLADXX_PG0783_67A0207_H1_L002",0,"ThomasAM_2019_c","control","JPN",41478685,
"HJKNLADXX_PG0783_82A0407_H1_L002",0,"ThomasAM_2019_c","control","JPN",60127551,
"HJKTNADXX_PG0783_113A0203_H1_L001",0,"ThomasAM_2019_c","control","JPN",48649739,
"HJKTNADXX_PG0783_147A0704_H1_L002",0,"ThomasAM_2019_c","control","JPN",43456246,
"mix1_N702-N505_CGTACTAG-GTAAGGAG",0,"ThomasAM_2019_c","control","JPN",56699592,
"mix2_N707-N503_CTCTCTAC-TATCCTCT",0,"ThomasAM_2019_c","control","JPN",54782874,
"mix2_N708-N504_CAGAGAGG-AGAGTAGA",0,"ThomasAM_2019_c","control","JPN",49237538,
"mix20-N702-S501_CGTACTAG-TAGATCGC",0,"ThomasAM_2019_c","control","JPN",49830870,
"mix21_mix22-N705-S502_GGACTCCT-CTCTCTAT",0,"ThomasAM_2019_c","control","JPN",64394050,
"mix23_mix24-N703-S503_AGGCAGAA-TATCCTCT",0,"ThomasAM_2019_c","control","JPN",41531664,
"mix29_mix30-N710_CGAGGCTG",0,"ThomasAM_2019_c","control","JPN",36266354,
"mix3_N706-N506_TAGGCATG-ACTGCATA",0,"ThomasAM_2019_c","control","JPN",52969206,
"mix3_N707-N505_CTCTCTAC-GTAAGGAG",0,"ThomasAM_2019_c","control","JPN",52466237,
"mix31_mix32-N702-S506_CGTACTAG-ACTGCATA",0,"ThomasAM_2019_c","control","JPN",43863913,
"mix31_mix32-N705-S506_GGACTCCT-ACTGCATA",0,"ThomasAM_2019_c","control","JPN",50912373,
"mix33_mix34-N711-S506_AAGAGGCA-ACTGCATA",0,"ThomasAM_2019_c","control","JPN",51991567,
"mix33_mix34-N712-S506_GTAGAGGA-ACTGCATA",0,"ThomasAM_2019_c","control","JPN",47914270,
"AHCNC2ADXX.N708_CAGAGAGG",1,"ThomasAM_2019_c","CRC","JPN",59197060,
"AHCNC2ADXX.N710_CGAGGCTG",1,"ThomasAM_2019_c","CRC","JPN",45265026,
"AHCNMFADXX.N703-S508_AGGCAGAA-CTAAGCCT",1,"ThomasAM_2019_c","CRC","JPN",61050723,
"AHCNMFADXX.N709-S507_GCTACGCT-AAGGAGTA",1,"ThomasAM_2019_c","CRC","JPN",63143577,
"AHCT5GADXX.N703-S501_AGGCAGAA-TAGATCGC",1,"ThomasAM_2019_c","CRC","JPN",14944862,
"BHCNFHADXX.N710-S505_CGAGGCTG-GTAAGGAG",1,"ThomasAM_2019_c","CRC","JPN",34545896,
"BHCNG3ADXX.N701-S503_TAAGGCGA-TATCCTCT",1,"ThomasAM_2019_c","CRC","JPN",43689354,
"BHCNG3ADXX.N708-S502_CAGAGAGG-CTCTCTAT",1,"ThomasAM_2019_c","CRC","JPN",14919620,
"BHCNG3ADXX.N709-S502_GCTACGCT-CTCTCTAT",1,"ThomasAM_2019_c","CRC","JPN",74925301,
"BHCNG3ADXX.N711-S502_AAGAGGCA-CTCTCTAT",1,"ThomasAM_2019_c","CRC","JPN",57011467,
"BHCNJJADXX.N703-S503_AGGCAGAA-TATCCTCT",1,"ThomasAM_2019_c","CRC","JPN",58779552,
"BHCNJJADXX.N705-S503_GGACTCCT-TATCCTCT",1,"ThomasAM_2019_c","CRC","JPN",51410939,
"BHCNK3ADXX.N712-S506_GTAGAGGA-ACTGCATA",1,"ThomasAM_2019_c","CRC","JPN",47580560,
"HGK52ADXX_PG0662_172A0906_H3_L001",1,"ThomasAM_2019_c","CRC","JPN",32410737,
"HGK7MADXX_PG0662_19A0305_H3_L001",1,"ThomasAM_2019_c","CRC","JPN",44798316,
"HGK7MADXX_PG0662_87A0503_H3_L002",1,"ThomasAM_2019_c","CRC","JPN",39006953,
"HGKMWADXX_PG0662_166A0807_H3_L002",1,"ThomasAM_2019_c","CRC","JPN",42472731,
"HGKMWADXX_PG0662_92A0617_H3_L001",1,"ThomasAM_2019_c","CRC","JPN",43972509,
"HGKY5ADXX_PG0662_332A0817_H1_L001",1,"ThomasAM_2019_c","CRC","JPN",36273794,
"HGKY7ADXX_PG0662_182A0217_H1_L002",1,"ThomasAM_2019_c","CRC","JPN",33848668,
"HGKY7ADXX_PG0662_239A0206_H1_L001",1,"ThomasAM_2019_c","CRC","JPN",30527703,
"HGKYWADXX_PG0662_245A0305_H1_L002",1,"ThomasAM_2019_c","CRC","JPN",32980110,
"HGKYWADXX_PG0662_255A0407_H1_L001",1,"ThomasAM_2019_c","CRC","JPN",57290521,
"HGKYWADXX_PG0662_259A0504_H1_L001",1,"ThomasAM_2019_c","CRC","JPN",24661086,
"HJK7MADXX_PG0783_04A0104_H1_L002",1,"ThomasAM_2019_c","CRC","JPN",42299642,
"HJK7NADXX_PG0783_128A0406_H1_L002",1,"ThomasAM_2019_c","CRC","JPN",31362488,
"HJK7VADXX_PG0783_22A0417_H1_L001",1,"ThomasAM_2019_c","CRC","JPN",40678877,
"HJK7VADXX_PG0783_23A0402_H1_L002",1,"ThomasAM_2019_c","CRC","JPN",36611284,
"HJKHJADXX_PG0783_75A0417_H1_L001",1,"ThomasAM_2019_c","CRC","JPN",40492180,
"HJKHJADXX_PG0783_98A0717_H1_L001",1,"ThomasAM_2019_c","CRC","JPN",24779700,
"HJKHTADXX_PG0783_65A0205_H1_L002",1,"ThomasAM_2019_c","CRC","JPN",46652800,
"HJKJ2ADXX_PG0783_27A0405_H1_L001",1,"ThomasAM_2019_c","CRC","JPN",42197959,
"HJKJJADXX_PG0783_92A0603_H1_L002",1,"ThomasAM_2019_c","CRC","JPN",31822724,
"HJKNLADXX_PG0783_89A0507_H1_L002",1,"ThomasAM_2019_c","CRC","JPN",28065001,
"HJKTNADXX_PG0783_132A0504_H1_L002",1,"ThomasAM_2019_c","CRC","JPN",36890567,
"HJKTNADXX_PG0783_145A0703_H1_L001",1,"ThomasAM_2019_c","CRC","JPN",49742378,
"mix2_N711-N504_AAGAGGCA-AGAGTAGA",1,"ThomasAM_2019_c","CRC","JPN",46519722,
"mix3_N705-N506_GGACTCCT-ACTGCATA",1,"ThomasAM_2019_c","CRC","JPN",38301340,
"mix35_mix36-N712-S507_GTAGAGGA-AAGGAGTA",1,"ThomasAM_2019_c","CRC","JPN",47285169,
"mix6_N707-N504_CTCTCTAC-AGAGTAGA",1,"ThomasAM_2019_c","CRC","JPN",47992936,
"MMRS11288076ST-27-0-0",0,"VogtmannE_2016","control","USA",67924141,"ERR1293500;ERR1293499;ERR1293498;ERR1293497;ERR1293059;ERR1293058;ERR1293057;ERR1293056"
"MMRS11932626ST-27-0-0",0,"VogtmannE_2016","control","USA",44412536,"ERR1293881;ERR1293880;ERR1293879;ERR1293878;ERR1293440;ERR1293439;ERR1293438;ERR1293437"
"MMRS17603756ST-27-0-0",0,"VogtmannE_2016","control","USA",73088108,"ERR1293817;ERR1293816;ERR1293815;ERR1293814;ERR1293376;ERR1293375;ERR1293374;ERR1293373"
"MMRS17963147ST-27-0-0",0,"VogtmannE_2016","control","USA",67350332,"ERR1293621;ERR1293620;ERR1293619;ERR1293618;ERR1293180;ERR1293179;ERR1293178;ERR1293177"
"MMRS20257302ST-27-0-0",0,"VogtmannE_2016","control","USA",54403239,"ERR1293761;ERR1293760;ERR1293759;ERR1293758;ERR1293320;ERR1293319;ERR1293318;ERR1293317"
"MMRS21365932ST-27-0-0",0,"VogtmannE_2016","control","USA",72103979,"ERR1293653;ERR1293652;ERR1293651;ERR1293650;ERR1293212;ERR1293211;ERR1293210;ERR1293209"
"MMRS25211151ST-27-0-0",0,"VogtmannE_2016","control","USA",63464027,"ERR1293705;ERR1293704;ERR1293703;ERR1293702;ERR1293264;ERR1293263;ERR1293262;ERR1293261"
"MMRS29805707ST-27-0-0",0,"VogtmannE_2016","control","USA",71948103,"ERR1293713;ERR1293712;ERR1293711;ERR1293710;ERR1293272;ERR1293271;ERR1293270;ERR1293269"
"MMRS32573774ST-27-0-0",0,"VogtmannE_2016","control","USA",73643733,"ERR1293673;ERR1293672;ERR1293671;ERR1293670;ERR1293232;ERR1293231;ERR1293230;ERR1293229"
"MMRS33294861ST-27-0-0",0,"VogtmannE_2016","control","USA",61747617,"ERR1293669;ERR1293668;ERR1293667;ERR1293666;ERR1293228;ERR1293227;ERR1293226;ERR1293225"
"MMRS34569532ST-27-0-0",0,"VogtmannE_2016","control","USA",63114287,"ERR1293865;ERR1293864;ERR1293863;ERR1293862;ERR1293424;ERR1293423;ERR1293422;ERR1293421"
"MMRS35808664ST-27-0-0",0,"VogtmannE_2016","control","USA",80491711,"ERR1293821;ERR1293820;ERR1293819;ERR1293818;ERR1293380;ERR1293379;ERR1293378;ERR1293377"
"MMRS36405092ST-27-0-0",0,"VogtmannE_2016","control","USA",55086587,"ERR1293512;ERR1293511;ERR1293510;ERR1293509;ERR1293071;ERR1293070;ERR1293069;ERR1293068"
"MMRS38861560ST-27-0-0",0,"VogtmannE_2016","control","USA",74602745,"ERR1293849;ERR1293848;ERR1293847;ERR1293846;ERR1293408;ERR1293407;ERR1293406;ERR1293405"
"MMRS38954404ST-27-0-0",0,"VogtmannE_2016","control","USA",76618106,"ERR1293797;ERR1293796;ERR1293795;ERR1293794;ERR1293356;ERR1293355;ERR1293354;ERR1293353"
"MMRS39415781ST-27-0-0",0,"VogtmannE_2016","control","USA",75955648,"ERR1293893;ERR1293892;ERR1293891;ERR1293890;ERR1293452;ERR1293451;ERR1293450;ERR1293449"
"MMRS39582183ST-27-0-0",0,"VogtmannE_2016","control","USA",60689081,"ERR1293665;ERR1293664;ERR1293663;ERR1293662;ERR1293224;ERR1293223;ERR1293222;ERR1293221"
"MMRS40913371ST-27-0-0",0,"VogtmannE_2016","control","USA",74921012,"ERR1293873;ERR1293872;ERR1293871;ERR1293870;ERR1293432;ERR1293431;ERR1293430;ERR1293429"
"MMRS51307502ST-27-0-0",0,"VogtmannE_2016","control","USA",54790854,"ERR1293929;ERR1293928;ERR1293927;ERR1293926;ERR1293488;ERR1293487;ERR1293486;ERR1293485"
"MMRS51737257ST-27-0-0",0,"VogtmannE_2016","control","USA",91314946,"ERR1293612;ERR1293611;ERR1293610;ERR1293609;ERR1293171;ERR1293170;ERR1293169;ERR1293168"
"MMRS54246132ST-27-0-0",0,"VogtmannE_2016","control","USA",73146538,"ERR1293697;ERR1293696;ERR1293695;ERR1293694;ERR1293256;ERR1293255;ERR1293254;ERR1293253"
"MMRS56137463ST-27-0-0",0,"VogtmannE_2016","control","USA",74022262,"ERR1293757;ERR1293756;ERR1293755;ERR1293754;ERR1293316;ERR1293315;ERR1293314;ERR1293313"
"MMRS57276462ST-27-0-0",0,"VogtmannE_2016","control","USA",67962913,"ERR1293596;ERR1293595;ERR1293594;ERR1293593;ERR1293155;ERR1293154;ERR1293153;ERR1293152"
"MMRS57569834ST-27-0-0",0,"VogtmannE_2016","control","USA",64453684,"ERR1293600;ERR1293599;ERR1293598;ERR1293597;ERR1293159;ERR1293158;ERR1293157;ERR1293156"
"MMRS61683006ST-27-0-0",0,"VogtmannE_2016","control","USA",103681940,"ERR1293933;ERR1293932;ERR1293931;ERR1293930;ERR1293492;ERR1293491;ERR1293490;ERR1293489"
"MMRS62192467ST-27-0-0",0,"VogtmannE_2016","control","USA",65000414,"ERR1293857;ERR1293856;ERR1293855;ERR1293854;ERR1293416;ERR1293415;ERR1293414;ERR1293413"
"MMRS62666492ST-27-0-0",0,"VogtmannE_2016","control","USA",53874212,"ERR1293552;ERR1293551;ERR1293550;ERR1293549;ERR1293111;ERR1293110;ERR1293109;ERR1293108"
"MMRS64281551ST-27-0-0",0,"VogtmannE_2016","control","USA",63172677,"ERR1293528;ERR1293527;ERR1293526;ERR1293525;ERR1293087;ERR1293086;ERR1293085;ERR1293084"
"MMRS65742083ST-27-0-0",0,"VogtmannE_2016","control","USA",74418717,"ERR1293701;ERR1293700;ERR1293699;ERR1293698;ERR1293260;ERR1293259;ERR1293258;ERR1293257"
"MMRS65862658ST-27-0-0",0,"VogtmannE_2016","control","USA",70153826,"ERR1293913;ERR1293912;ERR1293911;ERR1293910;ERR1293472;ERR1293471;ERR1293470;ERR1293469"
"MMRS66868025ST-27-0-0",0,"VogtmannE_2016","control","USA",62429661,"ERR1293508;ERR1293507;ERR1293506;ERR1293505;ERR1293067;ERR1293066;ERR1293065;ERR1293064"
"MMRS67096717ST-27-0-0",0,"VogtmannE_2016","control","USA",46356517,"ERR1293556;ERR1293555;ERR1293554;ERR1293553;ERR1293115;ERR1293114;ERR1293113;ERR1293112"
"MMRS68630931ST-27-0-0",0,"VogtmannE_2016","control","USA",65907709,"ERR1293629;ERR1293628;ERR1293627;ERR1293626;ERR1293188;ERR1293187;ERR1293186;ERR1293185"
"MMRS73787048ST-27-0-0",0,"VogtmannE_2016","control","USA",75215034,"ERR1293773;ERR1293772;ERR1293771;ERR1293770;ERR1293332;ERR1293331;ERR1293330;ERR1293329"
"MMRS79893829ST-27-0-0",0,"VogtmannE_2016","control","USA",50521344,"ERR1293717;ERR1293716;ERR1293715;ERR1293714;ERR1293276;ERR1293275;ERR1293274;ERR1293273"
"MMRS81130264ST-27-0-0",0,"VogtmannE_2016","control","USA",69352349,"ERR1293925;ERR1293924;ERR1293923;ERR1293922;ERR1293484;ERR1293483;ERR1293482;ERR1293481"
"MMRS81135225ST-27-0-0",0,"VogtmannE_2016","control","USA",76074265,"ERR1293516;ERR1293515;ERR1293514;ERR1293513;ERR1293075;ERR1293074;ERR1293073;ERR1293072"
"MMRS84085284ST-27-0-0",0,"VogtmannE_2016","control","USA",66511048,"ERR1293536;ERR1293535;ERR1293534;ERR1293533;ERR1293095;ERR1293094;ERR1293093;ERR1293092"
"MMRS84159866ST-27-0-0",0,"VogtmannE_2016","control","USA",70787136,"ERR1293689;ERR1293688;ERR1293687;ERR1293686;ERR1293248;ERR1293247;ERR1293246;ERR1293245"
"MMRS85438660ST-27-0-0",0,"VogtmannE_2016","control","USA",69808730,"ERR1293781;ERR1293780;ERR1293779;ERR1293778;ERR1293340;ERR1293339;ERR1293338;ERR1293337"
"MMRS85548821ST-27-0-0",0,"VogtmannE_2016","control","USA",63845256,"ERR1293709;ERR1293708;ERR1293707;ERR1293706;ERR1293268;ERR1293267;ERR1293266;ERR1293265"
"MMRS86168210ST-27-0-0",0,"VogtmannE_2016","control","USA",53381849,"ERR1293685;ERR1293684;ERR1293683;ERR1293682;ERR1293244;ERR1293243;ERR1293242;ERR1293241"
"MMRS87723283ST-27-0-0",0,"VogtmannE_2016","control","USA",76214251,"ERR1293869;ERR1293868;ERR1293867;ERR1293866;ERR1293428;ERR1293427;ERR1293426;ERR1293425"
"MMRS88581325ST-27-0-0",0,"VogtmannE_2016","control","USA",63842935,"ERR1293785;ERR1293784;ERR1293783;ERR1293782;ERR1293344;ERR1293343;ERR1293342;ERR1293341"
"MMRS91297590ST-27-0-0",0,"VogtmannE_2016","control","USA",53750027,"ERR1293588;ERR1293587;ERR1293586;ERR1293585;ERR1293147;ERR1293146;ERR1293145;ERR1293144"
"MMRS92546335ST-27-0-0",0,"VogtmannE_2016","control","USA",46608524,"ERR1293592;ERR1293591;ERR1293590;ERR1293589;ERR1293151;ERR1293150;ERR1293149;ERR1293148"
"MMRS93621581ST-27-0-0",0,"VogtmannE_2016","control","USA",84120338,"ERR1293809;ERR1293808;ERR1293807;ERR1293806;ERR1293368;ERR1293367;ERR1293366;ERR1293365"
"MMRS94549160ST-27-0-0",0,"VogtmannE_2016","control","USA",70772737,"ERR1293745;ERR1293744;ERR1293743;ERR1293742;ERR1293304;ERR1293303;ERR1293302;ERR1293301"
"MMRS95277876ST-27-0-0",0,"VogtmannE_2016","control","USA",40050229,"ERR1293901;ERR1293900;ERR1293899;ERR1293898;ERR1293460;ERR1293459;ERR1293458;ERR1293457"
"MMRS95479054ST-27-0-0",0,"VogtmannE_2016","control","USA",71670402,"ERR1293805;ERR1293804;ERR1293803;ERR1293802;ERR1293364;ERR1293363;ERR1293362;ERR1293361"
"MMRS95674036ST-27-0-0",0,"VogtmannE_2016","control","USA",45900502,"ERR1293604;ERR1293603;ERR1293602;ERR1293601;ERR1293163;ERR1293162;ERR1293161;ERR1293160"
"MMRS97307143ST-27-0-0",0,"VogtmannE_2016","control","USA",63476444,"ERR1293853;ERR1293852;ERR1293851;ERR1293850;ERR1293412;ERR1293411;ERR1293410;ERR1293409"
"MMRS12272136ST-27-0-0",1,"VogtmannE_2016","CRC","USA",67377964,"ERR1293877;ERR1293876;ERR1293875;ERR1293874;ERR1293436;ERR1293435;ERR1293434;ERR1293433"
"MMRS14379078ST-27-0-0",1,"VogtmannE_2016","CRC","USA",65466210,"ERR1293548;ERR1293547;ERR1293546;ERR1293545;ERR1293107;ERR1293106;ERR1293105;ERR1293104"
"MMRS14602194ST-27-0-0",1,"VogtmannE_2016","CRC","USA",79073471,"ERR1293813;ERR1293812;ERR1293811;ERR1293810;ERR1293372;ERR1293371;ERR1293370;ERR1293369"
"MMRS15137911ST-27-0-0",1,"VogtmannE_2016","CRC","USA",63838533,"ERR1293917;ERR1293916;ERR1293915;ERR1293914;ERR1293476;ERR1293475;ERR1293474;ERR1293473"
"MMRS16644320ST-27-0-0",1,"VogtmannE_2016","CRC","USA",93511487,"ERR1293741;ERR1293740;ERR1293739;ERR1293738;ERR1293300;ERR1293299;ERR1293298;ERR1293297"
"MMRS18295921ST-27-0-0",1,"VogtmannE_2016","CRC","USA",73085334,"ERR1293568;ERR1293567;ERR1293566;ERR1293565;ERR1293127;ERR1293126;ERR1293125;ERR1293124"
"MMRS24340226ST-27-0-0",1,"VogtmannE_2016","CRC","USA",61178584,"ERR1293584;ERR1293583;ERR1293582;ERR1293581;ERR1293143;ERR1293142;ERR1293141;ERR1293140"
"MMRS25641480ST-27-0-0",1,"VogtmannE_2016","CRC","USA",79793478,"ERR1293753;ERR1293752;ERR1293751;ERR1293750;ERR1293312;ERR1293311;ERR1293310;ERR1293309"
"MMRS31306426ST-27-0-0",1,"VogtmannE_2016","CRC","USA",49768008,"ERR1293677;ERR1293676;ERR1293675;ERR1293674;ERR1293236;ERR1293235;ERR1293234;ERR1293233"
"MMRS34525504ST-27-0-0",1,"VogtmannE_2016","CRC","USA",51489547,"ERR1293793;ERR1293792;ERR1293791;ERR1293790;ERR1293352;ERR1293351;ERR1293350;ERR1293349"
"MMRS41266697ST-27-0-0",1,"VogtmannE_2016","CRC","USA",63316536,"ERR1293801;ERR1293800;ERR1293799;ERR1293798;ERR1293360;ERR1293359;ERR1293358;ERR1293357"
"MMRS41711735ST-27-0-0",1,"VogtmannE_2016","CRC","USA",46357715,"ERR1293681;ERR1293680;ERR1293679;ERR1293678;ERR1293240;ERR1293239;ERR1293238;ERR1293237"
"MMRS42780924ST-27-0-0",1,"VogtmannE_2016","CRC","USA",142022929,"ERR1293897;ERR1293896;ERR1293895;ERR1293894;ERR1293456;ERR1293455;ERR1293454;ERR1293453"
"MMRS43563715ST-27-0-0",1,"VogtmannE_2016","CRC","USA",64152902,"ERR1293909;ERR1293908;ERR1293907;ERR1293906;ERR1293468;ERR1293467;ERR1293466;ERR1293465"
"MMRS43939546ST-27-0-0",1,"VogtmannE_2016","CRC","USA",82888126,"ERR1293729;ERR1293728;ERR1293727;ERR1293726;ERR1293288;ERR1293287;ERR1293286;ERR1293285"
"MMRS44197125ST-27-0-0",1,"VogtmannE_2016","CRC","USA",42592308,"ERR1293733;ERR1293732;ERR1293731;ERR1293730;ERR1293292;ERR1293291;ERR1293290;ERR1293289"
"MMRS44203591ST-27-0-0",1,"VogtmannE_2016","CRC","USA",49488216,"ERR1293625;ERR1293624;ERR1293623;ERR1293622;ERR1293184;ERR1293183;ERR1293182;ERR1293181"
"MMRS44587603ST-27-0-0",1,"VogtmannE_2016","CRC","USA",51105550,"ERR1293829;ERR1293828;ERR1293827;ERR1293826;ERR1293388;ERR1293387;ERR1293386;ERR1293385"
"MMRS47662059ST-27-0-0",1,"VogtmannE_2016","CRC","USA",51672949,"ERR1293580;ERR1293579;ERR1293578;ERR1293577;ERR1293139;ERR1293138;ERR1293137;ERR1293136"
"MMRS47685461ST-27-0-0",1,"VogtmannE_2016","CRC","USA",69825150,"ERR1293749;ERR1293748;ERR1293747;ERR1293746;ERR1293308;ERR1293307;ERR1293306;ERR1293305"
"MMRS51410669ST-27-0-0",1,"VogtmannE_2016","CRC","USA",69018505,"ERR1293617;ERR1293616;ERR1293615;ERR1293614;ERR1293613;ERR1293176;ERR1293175;ERR1293174;ERR1293173;ERR1293172"
"MMRS51728985ST-27-0-0",1,"VogtmannE_2016","CRC","USA",4117168,"ERR1293560;ERR1293559;ERR1293558;ERR1293557;ERR1293119;ERR1293118;ERR1293117;ERR1293116"
"MMRS54316675ST-27-0-0",1,"VogtmannE_2016","CRC","USA",65561539,"ERR1293637;ERR1293636;ERR1293635;ERR1293634;ERR1293196;ERR1293195;ERR1293194;ERR1293193"
"MMRS55294627ST-27-0-0",1,"VogtmannE_2016","CRC","USA",74831192,"ERR1293725;ERR1293724;ERR1293723;ERR1293722;ERR1293284;ERR1293283;ERR1293282;ERR1293281"
"MMRS59699117ST-27-0-0",1,"VogtmannE_2016","CRC","USA",46687897,"ERR1293576;ERR1293575;ERR1293574;ERR1293573;ERR1293135;ERR1293134;ERR1293133;ERR1293132"
"MMRS62376181ST-27-0-0",1,"VogtmannE_2016","CRC","USA",74664715,"ERR1293540;ERR1293539;ERR1293538;ERR1293537;ERR1293099;ERR1293098;ERR1293097;ERR1293096"
"MMRS64281211ST-27-0-0",1,"VogtmannE_2016","CRC","USA",83394204,"ERR1293837;ERR1293836;ERR1293835;ERR1293834;ERR1293396;ERR1293395;ERR1293394;ERR1293393"
"MMRS65205033ST-27-0-0",1,"VogtmannE_2016","CRC","USA",49635258,"ERR1293532;ERR1293531;ERR1293530;ERR1293529;ERR1293091;ERR1293090;ERR1293089;ERR1293088"
"MMRS65945127ST-27-0-0",1,"VogtmannE_2016","CRC","USA",72466830,"ERR1293693;ERR1293692;ERR1293691;ERR1293690;ERR1293252;ERR1293251;ERR1293250;ERR1293249"
"MMRS67247116ST-27-0-0",1,"VogtmannE_2016","CRC","USA",97849642,"ERR1293657;ERR1293656;ERR1293655;ERR1293654;ERR1293216;ERR1293215;ERR1293214;ERR1293213"
"MMRS68910755ST-27-0-0",1,"VogtmannE_2016","CRC","USA",70008154,"ERR1293633;ERR1293632;ERR1293631;ERR1293630;ERR1293192;ERR1293191;ERR1293190;ERR1293189"
"MMRS71762412ST-27-0-0",1,"VogtmannE_2016","CRC","USA",68271684,"ERR1293608;ERR1293607;ERR1293606;ERR1293605;ERR1293167;ERR1293166;ERR1293165;ERR1293164"
"MMRS72802364ST-27-0-0",1,"VogtmannE_2016","CRC","USA",70941068,"ERR1293572;ERR1293571;ERR1293570;ERR1293569;ERR1293131;ERR1293130;ERR1293129;ERR1293128"
"MMRS72980899ST-27-0-0",1,"VogtmannE_2016","CRC","USA",73684315,"ERR1293769;ERR1293768;ERR1293767;ERR1293766;ERR1293328;ERR1293327;ERR1293326;ERR1293325"
"MMRS77018926ST-27-0-0",1,"VogtmannE_2016","CRC","USA",78074014,"ERR1293661;ERR1293660;ERR1293659;ERR1293658;ERR1293220;ERR1293219;ERR1293218;ERR1293217"
"MMRS77321055ST-27-0-0",1,"VogtmannE_2016","CRC","USA",66701830,"ERR1293520;ERR1293519;ERR1293518;ERR1293517;ERR1293079;ERR1293078;ERR1293077;ERR1293076"
"MMRS77487595ST-27-0-0",1,"VogtmannE_2016","CRC","USA",66299017,"ERR1293789;ERR1293788;ERR1293787;ERR1293786;ERR1293348;ERR1293347;ERR1293346;ERR1293345"
"MMRS78791111ST-27-0-0",1,"VogtmannE_2016","CRC","USA",66262955,"ERR1293833;ERR1293832;ERR1293831;ERR1293830;ERR1293392;ERR1293391;ERR1293390;ERR1293389"
"MMRS80093644ST-27-0-0",1,"VogtmannE_2016","CRC","USA",54735621,"ERR1293649;ERR1293648;ERR1293647;ERR1293646;ERR1293208;ERR1293207;ERR1293206;ERR1293205"
"MMRS81194191ST-27-0-0",1,"VogtmannE_2016","CRC","USA",54681123,"ERR1293885;ERR1293884;ERR1293883;ERR1293882;ERR1293444;ERR1293443;ERR1293442;ERR1293441"
"MMRS81671217ST-27-0-0",1,"VogtmannE_2016","CRC","USA",78372857,"ERR1293889;ERR1293888;ERR1293887;ERR1293886;ERR1293448;ERR1293447;ERR1293446;ERR1293445"
"MMRS84954772ST-27-0-0",1,"VogtmannE_2016","CRC","USA",78612846,"ERR1293905;ERR1293904;ERR1293903;ERR1293902;ERR1293464;ERR1293463;ERR1293462;ERR1293461"
"MMRS85382779ST-27-0-0",1,"VogtmannE_2016","CRC","USA",61382639,"ERR1293737;ERR1293736;ERR1293735;ERR1293734;ERR1293296;ERR1293295;ERR1293294;ERR1293293"
"MMRS86178473ST-27-0-0",1,"VogtmannE_2016","CRC","USA",67156071,"ERR1293524;ERR1293523;ERR1293522;ERR1293521;ERR1293083;ERR1293082;ERR1293081;ERR1293080"
"MMRS86958796ST-27-0-0",1,"VogtmannE_2016","CRC","USA",50955911,"ERR1293721;ERR1293720;ERR1293719;ERR1293718;ERR1293280;ERR1293279;ERR1293278;ERR1293277"
"MMRS90191266ST-27-0-0",1,"VogtmannE_2016","CRC","USA",65757163,"ERR1293777;ERR1293776;ERR1293775;ERR1293774;ERR1293336;ERR1293335;ERR1293334;ERR1293333"
"MMRS92544445ST-27-0-0",1,"VogtmannE_2016","CRC","USA",77094842,"ERR1293845;ERR1293844;ERR1293843;ERR1293842;ERR1293404;ERR1293403;ERR1293402;ERR1293401"
"MMRS93508324ST-27-0-0",1,"VogtmannE_2016","CRC","USA",66116247,"ERR1293641;ERR1293640;ERR1293639;ERR1293638;ERR1293200;ERR1293199;ERR1293198;ERR1293197"
"MMRS96422329ST-27-0-0",1,"VogtmannE_2016","CRC","USA",48055011,"ERR1293825;ERR1293824;ERR1293823;ERR1293822;ERR1293384;ERR1293383;ERR1293382;ERR1293381"
"MMRS97052561ST-27-0-0",1,"VogtmannE_2016","CRC","USA",87071216,"ERR1293564;ERR1293563;ERR1293562;ERR1293561;ERR1293123;ERR1293122;ERR1293121;ERR1293120"
"MMRS97327636ST-27-0-0",1,"VogtmannE_2016","CRC","USA",59648832,"ERR1293937;ERR1293936;ERR1293935;ERR1293934;ERR1293496;ERR1293495;ERR1293494;ERR1293493"
"MMRS99045180ST-27-0-0",1,"VogtmannE_2016","CRC","USA",43709835,"ERR1293504;ERR1293503;ERR1293502;ERR1293501;ERR1293063;ERR1293062;ERR1293061;ERR1293060"
"CCMD10032470ST-11-0",0,"WirbelJ_2018","control","DEU",37708359,"ERR2726404"
"CCMD10191450ST-11-0",0,"WirbelJ_2018","control","DEU",34952407,"ERR2726405"
"CCMD15562448ST-11-0",0,"WirbelJ_2018","control","DEU",34087455,"ERR2726406"
"CCMD17410933ST-11-0",0,"WirbelJ_2018","control","DEU",47437840,"ERR2726407"
"CCMD18579000ST-11-0",0,"WirbelJ_2018","control","DEU",32440106,"ERR2726408"
"CCMD18829815ST-11-0",0,"WirbelJ_2018","control","DEU",34435904,"ERR2726409"
"CCMD22852639ST-11-0",0,"WirbelJ_2018","control","DEU",40833762,"ERR2726419"
"CCMD23541216ST-11-0",0,"WirbelJ_2018","control","DEU",26798255,"ERR2726420"
"CCMD25475945ST-11-0",0,"WirbelJ_2018","control","DEU",36474293,"ERR2726421"
"CCMD26625622ST-11-0",0,"WirbelJ_2018","control","DEU",34820567,"ERR2726422"
"CCMD27867141ST-11-0",0,"WirbelJ_2018","control","DEU",49637082,"ERR2726427"
"CCMD28738636ST-11-0",0,"WirbelJ_2018","control","DEU",18266347,"ERR2726428"
"CCMD29706695ST-11-0",0,"WirbelJ_2018","control","DEU",32562260,"ERR2726429"
"CCMD30626189ST-11-0",0,"WirbelJ_2018","control","DEU",42420464,"ERR2726430"
"CCMD30627121ST-11-0",0,"WirbelJ_2018","control","DEU",33003822,"ERR2726431"
"CCMD31009081ST-11-0",0,"WirbelJ_2018","control","DEU",35437309,"ERR2726432"
"CCMD31134579ST-11-0",0,"WirbelJ_2018","control","DEU",37748960,"ERR2726433"
"CCMD32288175ST-11-0",0,"WirbelJ_2018","control","DEU",30703808,"ERR2726434"
"CCMD32965613ST-11-0",0,"WirbelJ_2018","control","DEU",45280497,"ERR2726435"
"CCMD35081859ST-11-0",0,"WirbelJ_2018","control","DEU",39906903,"ERR2726436"
"CCMD35801800ST-11-0",0,"WirbelJ_2018","control","DEU",42324579,"ERR2726441"
"CCMD37575804ST-11-0",0,"WirbelJ_2018","control","DEU",42726833,"ERR2726442"
"CCMD38158721ST-11-0",0,"WirbelJ_2018","control","DEU",26218660,"ERR2726443"
"CCMD39157124ST-11-0",0,"WirbelJ_2018","control","DEU",39541087,"ERR2726444"
"CCMD39882286ST-11-0",0,"WirbelJ_2018","control","DEU",39610199,"ERR2726445"
"CCMD41202658ST-11-0",0,"WirbelJ_2018","control","DEU",26494425,"ERR2726446"
"CCMD41521570ST-11-0",0,"WirbelJ_2018","control","DEU",32315436,"ERR2726447"
"CCMD45004878ST-11-0",0,"WirbelJ_2018","control","DEU",29989143,"ERR2726449"
"CCMD45812507ST-11-0",0,"WirbelJ_2018","control","DEU",34298086,"ERR2726450"
"CCMD46727384ST-11-0",0,"WirbelJ_2018","control","DEU",42393024,"ERR2726451"
"CCMD49025643ST-11-0",0,"WirbelJ_2018","control","DEU",49109243,"ERR2726452"
"CCMD49942357ST-11-0",0,"WirbelJ_2018","control","DEU",31722138,"ERR2726457"
"CCMD50300306ST-11-0",0,"WirbelJ_2018","control","DEU",36637752,"ERR2726458"
"CCMD50529145ST-11-0",0,"WirbelJ_2018","control","DEU",31149147,"ERR2726459"
"CCMD50538120ST-11-0",0,"WirbelJ_2018","control","DEU",21906938,"ERR2726460"
"CCMD51154251ST-11-0",0,"WirbelJ_2018","control","DEU",35921835,"ERR2726461"
"CCMD51228890ST-11-0",0,"WirbelJ_2018","control","DEU",32351866,"ERR2726462"
"CCMD53508245ST-11-0",0,"WirbelJ_2018","control","DEU",46280212,"ERR2726471"
"CCMD53522274ST-11-0",0,"WirbelJ_2018","control","DEU",32649355,"ERR2726472"
"CCMD54057834ST-11-0",0,"WirbelJ_2018","control","DEU",26324082,"ERR2726473"
"CCMD56948710ST-11-0",0,"WirbelJ_2018","control","DEU",31896652,"ERR2726474"
"CCMD59540613ST-11-0",0,"WirbelJ_2018","control","DEU",26827236,"ERR2726475"
"CCMD66848156ST-11-0",0,"WirbelJ_2018","control","DEU",33154286,"ERR2726485"
"CCMD67373733ST-11-0",0,"WirbelJ_2018","control","DEU",46199982,"ERR2726486"
"CCMD68973846ST-11-0",0,"WirbelJ_2018","control","DEU",19776648,"ERR2726487"
"CCMD72666896ST-11-0",0,"WirbelJ_2018","control","DEU",32145534,"ERR2726493"
"CCMD73128545ST-11-0",0,"WirbelJ_2018","control","DEU",28802606,"ERR2726498"
"CCMD74592084ST-11-0",0,"WirbelJ_2018","control","DEU",46736941,"ERR2726499"
"CCMD75147712ST-11-0",0,"WirbelJ_2018","control","DEU",19907319,"ERR2726500"
"CCMD76409700ST-11-0",0,"WirbelJ_2018","control","DEU",36562004,"ERR2726502"
"CCMD85481373ST-11-0",0,"WirbelJ_2018","control","DEU",16250781,"ERR2726504"
"CCMD85661207ST-11-0",0,"WirbelJ_2018","control","DEU",33033970,"ERR2726505"
"CCMD89107682ST-11-0",0,"WirbelJ_2018","control","DEU",43412558,"ERR2726506"
"CCMD89643949ST-11-0",0,"WirbelJ_2018","control","DEU",38953235,"ERR2726511"
"CCMD89967135ST-11-0",0,"WirbelJ_2018","control","DEU",38178196,"ERR2726512"
"CCMD93755960ST-11-0",0,"WirbelJ_2018","control","DEU",53721981,"ERR2726517"
"CCMD98198513ST-11-0",0,"WirbelJ_2018","control","DEU",17214401,"ERR2726526"
"CCMD98702133ST-11-0",0,"WirbelJ_2018","control","DEU",49904768,"ERR2726531"
"CCMD99440714ST-11-0",0,"WirbelJ_2018","control","DEU",41699249,"ERR2726532"
"CCMD99929634ST-11-0",0,"WirbelJ_2018","control","DEU",36973483,"ERR2726533"
"MMPU29365221ST",0,"WirbelJ_2018","control","DEU",130049492,
"MMPU68403337ST",0,"WirbelJ_2018","control","DEU",132071270,
"MMPU72854103ST",0,"WirbelJ_2018","control","DEU",178722733,
"MMPU84450604ST",0,"WirbelJ_2018","control","DEU",147843603,
"MMPU99077057ST",0,"WirbelJ_2018","control","DEU",104954432,
"CCMD11006829ST-21-0",1,"WirbelJ_2018","CRC","DEU",83456496,
"CCMD12232071ST-21-0",1,"WirbelJ_2018","CRC","DEU",65269931,
"CCMD13071240ST-21-0",1,"WirbelJ_2018","CRC","DEU",63427722,
"CCMD13934959ST-21-0",1,"WirbelJ_2018","CRC","DEU",36979669,
"CCMD14479708ST-21-0",1,"WirbelJ_2018","CRC","DEU",65475493,
"CCMD18872694ST-21-0",1,"WirbelJ_2018","CRC","DEU",55300211,
"CCMD19168690ST-11-0",1,"WirbelJ_2018","CRC","DEU",26544429,"ERR2726410"
"CCMD19497912ST-21-0",1,"WirbelJ_2018","CRC","DEU",63611916,
"CCMD21593359ST-11-0",1,"WirbelJ_2018","CRC","DEU",75884855,"ERR2726414"
"CCMD21703880ST-11-0",1,"WirbelJ_2018","CRC","DEU",78839980,"ERR2726418"
"CCMD23101338ST-21-0",1,"WirbelJ_2018","CRC","DEU",84964410,
"CCMD25511638ST-21-0",1,"WirbelJ_2018","CRC","DEU",65970756,
"CCMD25963797ST-21-0",1,"WirbelJ_2018","CRC","DEU",82412988,
"CCMD26709089ST-21-0",1,"WirbelJ_2018","CRC","DEU",81592727,
"CCMD26925580ST-21-0",1,"WirbelJ_2018","CRC","DEU",55059930,
"CCMD27463710ST-11-0",1,"WirbelJ_2018","CRC","DEU",93356849,"ERR2726426"
"CCMD34381688ST-21-0",1,"WirbelJ_2018","CRC","DEU",59430177,
"CCMD35633353ST-11-0",1,"WirbelJ_2018","CRC","DEU",81443541,"ERR2726440"
"CCMD35802077ST-21-0",1,"WirbelJ_2018","CRC","DEU",62957787,
"CCMD40701343ST-21-0",1,"WirbelJ_2018","CRC","DEU",111517650,
"CCMD42428553ST-21-0",1,"WirbelJ_2018","CRC","DEU",58443148,
"CCMD42956136ST-11-0",1,"WirbelJ_2018","CRC","DEU",41570684,"ERR2726448"
"CCMD45988061ST-21-0",1,"WirbelJ_2018","CRC","DEU",33507008,
"CCMD46222674ST-21-0",1,"WirbelJ_2018","CRC","DEU",63799848,
"CCMD46947453ST-21-0",1,"WirbelJ_2018","CRC","DEU",71770689,
"CCMD48236717ST-21-0",1,"WirbelJ_2018","CRC","DEU",78698076,
"CCMD49461418ST-11-0",1,"WirbelJ_2018","CRC","DEU",83884281,"ERR2726456"
"CCMD50071957ST-21-0",1,"WirbelJ_2018","CRC","DEU",54578786,
"CCMD51864103ST-21-0",1,"WirbelJ_2018","CRC","DEU",69492180,
"CCMD52117727ST-11-0",1,"WirbelJ_2018","CRC","DEU",89774389,"ERR2726463"
"CCMD52145360ST-11-0",1,"WirbelJ_2018","CRC","DEU",84722998,"ERR2726470"
"CCMD59583015ST-11-0",1,"WirbelJ_2018","CRC","DEU",91992697,"ERR2726479"
"CCMD60079086ST-21-0",1,"WirbelJ_2018","CRC","DEU",51838643,
"CCMD63399960ST-21-0",1,"WirbelJ_2018","CRC","DEU",72877557,
"CCMD64503764ST-21-0",1,"WirbelJ_2018","CRC","DEU",73836742,
"CCMD64776337ST-21-0",1,"WirbelJ_2018","CRC","DEU",69961523,
"CCMD65222621ST-11-0",1,"WirbelJ_2018","CRC","DEU",80492216,"ERR2726483"
"CCMD65406197ST-11-0",1,"WirbelJ_2018","CRC","DEU",27972702,"ERR2726484"
"CCMD71242853ST-11-0",1,"WirbelJ_2018","CRC","DEU",27223597,"ERR2726488"
"CCMD71915439ST-11-0",1,"WirbelJ_2018","CRC","DEU",75829877,"ERR2726492"
"CCMD72690923ST-11-0",1,"WirbelJ_2018","CRC","DEU",72772607,"ERR2726497"
"CCMD72895164ST-21-0",1,"WirbelJ_2018","CRC","DEU",72332153,
"CCMD74930188ST-21-0",1,"WirbelJ_2018","CRC","DEU",58799892,
"CCMD76222476ST-11-0",1,"WirbelJ_2018","CRC","DEU",24450208,"ERR2726501"
"CCMD79349503ST-11-0",1,"WirbelJ_2018","CRC","DEU",22170914,"ERR2726503"
"CCMD79987997ST-21-0",1,"WirbelJ_2018","CRC","DEU",69560481,
"CCMD82866709ST-21-0",1,"WirbelJ_2018","CRC","DEU",52355963,
"CCMD86114146ST-21-0",1,"WirbelJ_2018","CRC","DEU",68642651,
"CCMD86707194ST-21-0",1,"WirbelJ_2018","CRC","DEU",71623662,
"CCMD87156761ST-21-0",1,"WirbelJ_2018","CRC","DEU",62222602,
"CCMD88272491ST-21-0",1,"WirbelJ_2018","CRC","DEU",66759905,
"CCMD89306485ST-11-0",1,"WirbelJ_2018","CRC","DEU",70529986,"ERR2726510"
"CCMD90311071ST-21-0",1,"WirbelJ_2018","CRC","DEU",61569976,
"CCMD92404903ST-11-0",1,"WirbelJ_2018","CRC","DEU",74399337,"ERR2726516"
"CCMD93344354ST-21-0",1,"WirbelJ_2018","CRC","DEU",72207800,
"CCMD95431029ST-11-0",1,"WirbelJ_2018","CRC","DEU",48225723,"ERR2726521"
"CCMD95433940ST-21-0",1,"WirbelJ_2018","CRC","DEU",120416190,
"CCMD95676152ST-11-0",1,"WirbelJ_2018","CRC","DEU",78873477,"ERR2726525"
"CCMD96553385ST-21-0",1,"WirbelJ_2018","CRC","DEU",68567382,
"CCMD98531134ST-11-0",1,"WirbelJ_2018","CRC","DEU",83656288,"ERR2726530"
"SAMD00114725",-1,"YachidaS_2019","adenoma","JPN",53239156,
"SAMD00114735",-1,"YachidaS_2019","adenoma","JPN",45573304,
"SAMD00114751",-1,"YachidaS_2019","adenoma","JPN",50433338,
"SAMD00114752",-1,"YachidaS_2019","adenoma","JPN",27818658,
"SAMD00114756",-1,"YachidaS_2019","adenoma","JPN",67132270,
"SAMD00114758",-1,"YachidaS_2019","adenoma","JPN",65043752,
"SAMD00114787",-1,"YachidaS_2019","adenoma","JPN",57135844,
"SAMD00114801",-1,"YachidaS_2019","adenoma","JPN",30691490,
"SAMD00114802",-1,"YachidaS_2019","adenoma","JPN",33809306,
"SAMD00114820",-1,"YachidaS_2019","adenoma","JPN",33809570,
"SAMD00114821",-1,"YachidaS_2019","adenoma","JPN",49068146,
"SAMD00114827",-1,"YachidaS_2019","adenoma","JPN",38047652,
"SAMD00114828",-1,"YachidaS_2019","adenoma","JPN",46403856,
"SAMD00114831",-1,"YachidaS_2019","adenoma","JPN",42303974,
"SAMD00114847",-1,"YachidaS_2019","adenoma","JPN",35961614,
"SAMD00114851",-1,"YachidaS_2019","adenoma","JPN",42975332,
"SAMD00114853",-1,"YachidaS_2019","adenoma","JPN",42815036,
"SAMD00114855",-1,"YachidaS_2019","adenoma","JPN",44322028,
"SAMD00114861",-1,"YachidaS_2019","adenoma","JPN",40052600,
"SAMD00114864",-1,"YachidaS_2019","adenoma","JPN",31759236,
"SAMD00114866",-1,"YachidaS_2019","adenoma","JPN",25817178,
"SAMD00114887",-1,"YachidaS_2019","adenoma","JPN",43393834,
"SAMD00114890",-1,"YachidaS_2019","adenoma","JPN",40453120,
"SAMD00114904",-1,"YachidaS_2019","adenoma","JPN",37047926,
"SAMD00114923",-1,"YachidaS_2019","adenoma","JPN",45784366,
"SAMD00114928",-1,"YachidaS_2019","adenoma","JPN",37803320,
"SAMD00114930",-1,"YachidaS_2019","adenoma","JPN",42245076,
"SAMD00114936",-1,"YachidaS_2019","adenoma","JPN",41092116,
"SAMD00114937",-1,"YachidaS_2019","adenoma","JPN",41362764,
"SAMD00114947",-1,"YachidaS_2019","adenoma","JPN",30949214,
"SAMD00114955",-1,"YachidaS_2019","adenoma","JPN",48663466,
"SAMD00114961",-1,"YachidaS_2019","adenoma","JPN",41911706,
"SAMD00114962",-1,"YachidaS_2019","adenoma","JPN",35746760,
"SAMD00114980",-1,"YachidaS_2019","adenoma","JPN",55799144,
"SAMD00114981",-1,"YachidaS_2019","adenoma","JPN",35396128,
"SAMD00114985",-1,"YachidaS_2019","adenoma","JPN",70915306,
"SAMD00114988",-1,"YachidaS_2019","adenoma","JPN",67360168,
"SAMD00114993",-1,"YachidaS_2019","adenoma","JPN",50830036,
"SAMD00114999",-1,"YachidaS_2019","adenoma","JPN",57983836,
"SAMD00115024",-1,"YachidaS_2019","adenoma","JPN",55082242,
"SAMD00164717",-1,"YachidaS_2019","adenoma","JPN",55813588,
"SAMD00164728",-1,"YachidaS_2019","adenoma","JPN",73110030,
"SAMD00164734",-1,"YachidaS_2019","adenoma","JPN",56818704,
"SAMD00164746",-1,"YachidaS_2019","adenoma","JPN",49058032,
"SAMD00164750",-1,"YachidaS_2019","adenoma","JPN",41543358,
"SAMD00164755",-1,"YachidaS_2019","adenoma","JPN",49259862,
"SAMD00164757",-1,"YachidaS_2019","adenoma","JPN",41295394,
"SAMD00164760",-1,"YachidaS_2019","adenoma","JPN",52679824,
"SAMD00164764",-1,"YachidaS_2019","adenoma","JPN",33750060,
"SAMD00164765",-1,"YachidaS_2019","adenoma","JPN",41591944,
"SAMD00164772",-1,"YachidaS_2019","adenoma","JPN",38623974,
"SAMD00164791",-1,"YachidaS_2019","adenoma","JPN",48924360,
"SAMD00164801",-1,"YachidaS_2019","adenoma","JPN",61095888,
"SAMD00164804",-1,"YachidaS_2019","adenoma","JPN",43276460,
"SAMD00164813",-1,"YachidaS_2019","adenoma","JPN",45922214,
"SAMD00164887",-1,"YachidaS_2019","adenoma","JPN",53068180,
"SAMD00164893",-1,"YachidaS_2019","adenoma","JPN",16625018,
"SAMD00164900",-1,"YachidaS_2019","adenoma","JPN",53471068,
"SAMD00164921",-1,"YachidaS_2019","adenoma","JPN",52736334,
"SAMD00164922",-1,"YachidaS_2019","adenoma","JPN",53985564,
"SAMD00164924",-1,"YachidaS_2019","adenoma","JPN",42644820,
"SAMD00164925",-1,"YachidaS_2019","adenoma","JPN",50245344,
"SAMD00164942",-1,"YachidaS_2019","adenoma","JPN",20644328,
"SAMD00164943",-1,"YachidaS_2019","adenoma","JPN",65805484,
"SAMD00164945",-1,"YachidaS_2019","adenoma","JPN",55252330,
"SAMD00164948",-1,"YachidaS_2019","adenoma","JPN",53270588,
"SAMD00164959",-1,"YachidaS_2019","adenoma","JPN",51767220,
"SAMD00114718",0,"YachidaS_2019","control","JPN",84641274,
"SAMD00114719",0,"YachidaS_2019","control","JPN",47470646,
"SAMD00114720",0,"YachidaS_2019","control","JPN",35960640,
"SAMD00114721",0,"YachidaS_2019","control","JPN",63387808,
"SAMD00114730",0,"YachidaS_2019","control","JPN",69990810,
"SAMD00114734",0,"YachidaS_2019","control","JPN",83428881,
"SAMD00114736",0,"YachidaS_2019","control","JPN",43835402,
"SAMD00114741",0,"YachidaS_2019","control","JPN",75890344,
"SAMD00114745",0,"YachidaS_2019","control","JPN",28652686,
"SAMD00114747",0,"YachidaS_2019","control","JPN",57497470,
"SAMD00114757",0,"YachidaS_2019","control","JPN",64105400,
"SAMD00114769",0,"YachidaS_2019","control","JPN",54530440,
"SAMD00114770",0,"YachidaS_2019","control","JPN",78080141,
"SAMD00114771",0,"YachidaS_2019","control","JPN",34556990,
"SAMD00114773",0,"YachidaS_2019","control","JPN",39030582,
"SAMD00114778",0,"YachidaS_2019","control","JPN",33340404,
"SAMD00114779",0,"YachidaS_2019","control","JPN",53658766,
"SAMD00114780",0,"YachidaS_2019","control","JPN",27797116,
"SAMD00114781",0,"YachidaS_2019","control","JPN",28408932,
"SAMD00114783",0,"YachidaS_2019","control","JPN",41692181,
"SAMD00114784",0,"YachidaS_2019","control","JPN",31034600,
"SAMD00114785",0,"YachidaS_2019","control","JPN",43669098,
"SAMD00114789",0,"YachidaS_2019","control","JPN",71692730,
"SAMD00114791",0,"YachidaS_2019","control","JPN",58876212,
"SAMD00114792",0,"YachidaS_2019","control","JPN",101364988,
"SAMD00114795",0,"YachidaS_2019","control","JPN",48706320,
"SAMD00114796",0,"YachidaS_2019","control","JPN",80340550,
"SAMD00114798",0,"YachidaS_2019","control","JPN",28071775,
"SAMD00114800",0,"YachidaS_2019","control","JPN",74972038,
"SAMD00114807",0,"YachidaS_2019","control","JPN",46442310,
"SAMD00114809",0,"YachidaS_2019","control","JPN",42939262,
"SAMD00114812",0,"YachidaS_2019","control","JPN",42177158,
"SAMD00114815",0,"YachidaS_2019","control","JPN",35589834,
"SAMD00114818",0,"YachidaS_2019","control","JPN",36478210,
"SAMD00114819",0,"YachidaS_2019","control","JPN",31669124,
"SAMD00114824",0,"YachidaS_2019","control","JPN",44008140,
"SAMD00114829",0,"YachidaS_2019","control","JPN",49772576,
"SAMD00114830",0,"YachidaS_2019","control","JPN",42579228,
"SAMD00114832",0,"YachidaS_2019","control","JPN",40953668,
"SAMD00114833",0,"YachidaS_2019","control","JPN",38204316,
"SAMD00114834",0,"YachidaS_2019","control","JPN",40112171,
"SAMD00114837",0,"YachidaS_2019","control","JPN",35637906,
"SAMD00114838",0,"YachidaS_2019","control","JPN",33396206,
"SAMD00114842",0,"YachidaS_2019","control","JPN",37763014,
"SAMD00114843",0,"YachidaS_2019","control","JPN",33366300,
"SAMD00114845",0,"YachidaS_2019","control","JPN",38147148,
"SAMD00114850",0,"YachidaS_2019","control","JPN",35694450,
"SAMD00114854",0,"YachidaS_2019","control","JPN",44657574,
"SAMD00114858",0,"YachidaS_2019","control","JPN",40354362,
"SAMD00114859",0,"YachidaS_2019","control","JPN",40695554,
"SAMD00114860",0,"YachidaS_2019","control","JPN",41851148,
"SAMD00114862",0,"YachidaS_2019","control","JPN",45454146,
"SAMD00114865",0,"YachidaS_2019","control","JPN",34808755,
"SAMD00114867",0,"YachidaS_2019","control","JPN",33452532,
"SAMD00114869",0,"YachidaS_2019","control","JPN",37224994,
"SAMD00114872",0,"YachidaS_2019","control","JPN",40432928,
"SAMD00114873",0,"YachidaS_2019","control","JPN",41668918,
"SAMD00114874",0,"YachidaS_2019","control","JPN",42066421,
"SAMD00114876",0,"YachidaS_2019","control","JPN",43778130,
"SAMD00114880",0,"YachidaS_2019","control","JPN",71087499,
"SAMD00114881",0,"YachidaS_2019","control","JPN",66782180,
"SAMD00114882",0,"YachidaS_2019","control","JPN",38361254,
"SAMD00114885",0,"YachidaS_2019","control","JPN",56337492,
"SAMD00114888",0,"YachidaS_2019","control","JPN",40080926,
"SAMD00114889",0,"YachidaS_2019","control","JPN",40372512,
"SAMD00114895",0,"YachidaS_2019","control","JPN",40634557,
"SAMD00114898",0,"YachidaS_2019","control","JPN",46481570,
"SAMD00114899",0,"YachidaS_2019","control","JPN",33376030,
"SAMD00114900",0,"YachidaS_2019","control","JPN",44139434,
"SAMD00114901",0,"YachidaS_2019","control","JPN",45493632,
"SAMD00114906",0,"YachidaS_2019","control","JPN",34121968,
"SAMD00114908",0,"YachidaS_2019","control","JPN",36221992,
"SAMD00114913",0,"YachidaS_2019","control","JPN",47404834,
"SAMD00114918",0,"YachidaS_2019","control","JPN",42451940,
"SAMD00114926",0,"YachidaS_2019","control","JPN",45600382,
"SAMD00114929",0,"YachidaS_2019","control","JPN",41226174,
"SAMD00114932",0,"YachidaS_2019","control","JPN",39757652,
"SAMD00114938",0,"YachidaS_2019","control","JPN",36826545,
"SAMD00114940",0,"YachidaS_2019","control","JPN",79753094,
"SAMD00114942",0,"YachidaS_2019","control","JPN",34714564,
"SAMD00114945",0,"YachidaS_2019","control","JPN",17332934,
"SAMD00114950",0,"YachidaS_2019","control","JPN",41784614,
"SAMD00114953",0,"YachidaS_2019","control","JPN",60639270,
"SAMD00114959",0,"YachidaS_2019","control","JPN",46731498,
"SAMD00114963",0,"YachidaS_2019","control","JPN",50923086,
"SAMD00114967",0,"YachidaS_2019","control","JPN",43995136,
"SAMD00114968",0,"YachidaS_2019","control","JPN",58630590,
"SAMD00114970",0,"YachidaS_2019","control","JPN",56880756,
"SAMD00114971",0,"YachidaS_2019","control","JPN",41373138,
"SAMD00114973",0,"YachidaS_2019","control","JPN",67261062,
"SAMD00114974",0,"YachidaS_2019","control","JPN",54696311,
"SAMD00114975",0,"YachidaS_2019","control","JPN",53365044,
"SAMD00114976",0,"YachidaS_2019","control","JPN",50778298,
"SAMD00114977",0,"YachidaS_2019","control","JPN",64633338,
"SAMD00114979",0,"YachidaS_2019","control","JPN",57805020,
"SAMD00114982",0,"YachidaS_2019","control","JPN",41304672,
"SAMD00114984",0,"YachidaS_2019","control","JPN",43677986,
"SAMD00114986",0,"YachidaS_2019","control","JPN",54471736,
"SAMD00114987",0,"YachidaS_2019","control","JPN",52710810,
"SAMD00114989",0,"YachidaS_2019","control","JPN",66297122,
"SAMD00114990",0,"YachidaS_2019","control","JPN",46641772,
"SAMD00114991",0,"YachidaS_2019","control","JPN",52504830,
"SAMD00114992",0,"YachidaS_2019","control","JPN",34585294,
"SAMD00114994",0,"YachidaS_2019","control","JPN",36042754,
"SAMD00114995",0,"YachidaS_2019","control","JPN",50935818,
"SAMD00114996",0,"YachidaS_2019","control","JPN",51547602,
"SAMD00114997",0,"YachidaS_2019","control","JPN",55367955,
"SAMD00114998",0,"YachidaS_2019","control","JPN",49149970,
"SAMD00115001",0,"YachidaS_2019","control","JPN",44449006,
"SAMD00115002",0,"YachidaS_2019","control","JPN",50950006,
"SAMD00115003",0,"YachidaS_2019","control","JPN",39986902,
"SAMD00115004",0,"YachidaS_2019","control","JPN",33296436,
"SAMD00115005",0,"YachidaS_2019","control","JPN",53510454,
"SAMD00115008",0,"YachidaS_2019","control","JPN",52986931,
"SAMD00115009",0,"YachidaS_2019","control","JPN",48805992,
"SAMD00115012",0,"YachidaS_2019","control","JPN",45194380,
"SAMD00115015",0,"YachidaS_2019","control","JPN",53354508,
"SAMD00115016",0,"YachidaS_2019","control","JPN",53721284,
"SAMD00115017",0,"YachidaS_2019","control","JPN",14386194,
"SAMD00115018",0,"YachidaS_2019","control","JPN",65036026,
"SAMD00115019",0,"YachidaS_2019","control","JPN",59909810,
"SAMD00115022",0,"YachidaS_2019","control","JPN",56154694,
"SAMD00115023",0,"YachidaS_2019","control","JPN",53530490,
"SAMD00115025",0,"YachidaS_2019","control","JPN",44355082,
"SAMD00115027",0,"YachidaS_2019","control","JPN",51664530,
"SAMD00115032",0,"YachidaS_2019","control","JPN",57373182,
"SAMD00115033",0,"YachidaS_2019","control","JPN",46308278,
"SAMD00136648",0,"YachidaS_2019","control","JPN",32799626,
"SAMD00136653",0,"YachidaS_2019","control","JPN",31018632,
"SAMD00154991",0,"YachidaS_2019","control","JPN",41645440,
"SAMD00154992",0,"YachidaS_2019","control","JPN",31930957,
"SAMD00164727",0,"YachidaS_2019","control","JPN",69760652,
"SAMD00164729",0,"YachidaS_2019","control","JPN",47548456,
"SAMD00164748",0,"YachidaS_2019","control","JPN",34283474,
"SAMD00164756",0,"YachidaS_2019","control","JPN",40553472,
"SAMD00164758",0,"YachidaS_2019","control","JPN",31008610,
"SAMD00164773",0,"YachidaS_2019","control","JPN",33899610,
"SAMD00164774",0,"YachidaS_2019","control","JPN",42140932,
"SAMD00164803",0,"YachidaS_2019","control","JPN",51088888,
"SAMD00164805",0,"YachidaS_2019","control","JPN",54534428,
"SAMD00164806",0,"YachidaS_2019","control","JPN",55325062,
"SAMD00164809",0,"YachidaS_2019","control","JPN",55675906,
"SAMD00164814",0,"YachidaS_2019","control","JPN",43680132,
"SAMD00164819",0,"YachidaS_2019","control","JPN",46295462,
"SAMD00164823",0,"YachidaS_2019","control","JPN",29636990,
"SAMD00164824",0,"YachidaS_2019","control","JPN",32430304,
"SAMD00164825",0,"YachidaS_2019","control","JPN",40432232,
"SAMD00164827",0,"YachidaS_2019","control","JPN",23067312,
"SAMD00164828",0,"YachidaS_2019","control","JPN",17789122,
"SAMD00164833",0,"YachidaS_2019","control","JPN",27278070,
"SAMD00164835",0,"YachidaS_2019","control","JPN",28480828,
"SAMD00164837",0,"YachidaS_2019","control","JPN",37818348,
"SAMD00164840",0,"YachidaS_2019","control","JPN",25014176,
"SAMD00164848",0,"YachidaS_2019","control","JPN",48145150,
"SAMD00164849",0,"YachidaS_2019","control","JPN",28698068,
"SAMD00164853",0,"YachidaS_2019","control","JPN",23341590,
"SAMD00164855",0,"YachidaS_2019","control","JPN",22968010,
"SAMD00164856",0,"YachidaS_2019","control","JPN",54123466,
"SAMD00164862",0,"YachidaS_2019","control","JPN",39925728,
"SAMD00164865",0,"YachidaS_2019","control","JPN",37183222,
"SAMD00164870",0,"YachidaS_2019","control","JPN",16160366,
"SAMD00164872",0,"YachidaS_2019","control","JPN",13116374,
"SAMD00164873",0,"YachidaS_2019","control","JPN",34402280,
"SAMD00164874",0,"YachidaS_2019","control","JPN",27252216,
"SAMD00164875",0,"YachidaS_2019","control","JPN",23951264,
"SAMD00164876",0,"YachidaS_2019","control","JPN",37898072,
"SAMD00164877",0,"YachidaS_2019","control","JPN",40990398,
"SAMD00164878",0,"YachidaS_2019","control","JPN",25826842,
"SAMD00164879",0,"YachidaS_2019","control","JPN",32860122,
"SAMD00164881",0,"YachidaS_2019","control","JPN",33052928,
"SAMD00164882",0,"YachidaS_2019","control","JPN",44765956,
"SAMD00164888",0,"YachidaS_2019","control","JPN",42211024,
"SAMD00164890",0,"YachidaS_2019","control","JPN",46740078,
"SAMD00164891",0,"YachidaS_2019","control","JPN",60700846,
"SAMD00164892",0,"YachidaS_2019","control","JPN",44164636,
"SAMD00164895",0,"YachidaS_2019","control","JPN",38961720,
"SAMD00164896",0,"YachidaS_2019","control","JPN",34855884,
"SAMD00164897",0,"YachidaS_2019","control","JPN",37051138,
"SAMD00164898",0,"YachidaS_2019","control","JPN",54324716,
"SAMD00164899",0,"YachidaS_2019","control","JPN",18901912,
"SAMD00164901",0,"YachidaS_2019","control","JPN",42641502,
"SAMD00164902",0,"YachidaS_2019","control","JPN",40023378,
"SAMD00164904",0,"YachidaS_2019","control","JPN",50656606,
"SAMD00164908",0,"YachidaS_2019","control","JPN",43125980,
"SAMD00164909",0,"YachidaS_2019","control","JPN",39572586,
"SAMD00164911",0,"YachidaS_2019","control","JPN",48780998,
"SAMD00164914",0,"YachidaS_2019","control","JPN",42337514,
"SAMD00164915",0,"YachidaS_2019","control","JPN",39109052,
"SAMD00164916",0,"YachidaS_2019","control","JPN",48469426,
"SAMD00164917",0,"YachidaS_2019","control","JPN",45706980,
"SAMD00164918",0,"YachidaS_2019","control","JPN",46389196,
"SAMD00164920",0,"YachidaS_2019","control","JPN",52037598,
"SAMD00164923",0,"YachidaS_2019","control","JPN",50041374,
"SAMD00164926",0,"YachidaS_2019","control","JPN",52239866,
"SAMD00164927",0,"YachidaS_2019","control","JPN",59486678,
"SAMD00164929",0,"YachidaS_2019","control","JPN",52073186,
"SAMD00164930",0,"YachidaS_2019","control","JPN",49423890,
"SAMD00164931",0,"YachidaS_2019","control","JPN",44047114,
"SAMD00164933",0,"YachidaS_2019","control","JPN",48993944,
"SAMD00164934",0,"YachidaS_2019","control","JPN",50717498,
"SAMD00164935",0,"YachidaS_2019","control","JPN",51313610,
"SAMD00164936",0,"YachidaS_2019","control","JPN",25639388,
"SAMD00164938",0,"YachidaS_2019","control","JPN",67870752,
"SAMD00164939",0,"YachidaS_2019","control","JPN",78193526,
"SAMD00164941",0,"YachidaS_2019","control","JPN",49595522,
"SAMD00164947",0,"YachidaS_2019","control","JPN",55998566,
"SAMD00164949",0,"YachidaS_2019","control","JPN",56350014,
"SAMD00164950",0,"YachidaS_2019","control","JPN",74918406,
"SAMD00164951",0,"YachidaS_2019","control","JPN",47594398,
"SAMD00164952",0,"YachidaS_2019","control","JPN",52911584,
"SAMD00164953",0,"YachidaS_2019","control","JPN",44716982,
"SAMD00164954",0,"YachidaS_2019","control","JPN",46164420,
"SAMD00164955",0,"YachidaS_2019","control","JPN",59253414,
"SAMD00164956",0,"YachidaS_2019","control","JPN",45641454,
"SAMD00164957",0,"YachidaS_2019","control","JPN",20988418,
"SAMD00164958",0,"YachidaS_2019","control","JPN",45965076,
"SAMD00164960",0,"YachidaS_2019","control","JPN",33812552,
"SAMD00164961",0,"YachidaS_2019","control","JPN",46445590,
"SAMD00164962",0,"YachidaS_2019","control","JPN",45413584,
"SAMD00164963",0,"YachidaS_2019","control","JPN",58161644,
"SAMD00164964",0,"YachidaS_2019","control","JPN",36540386,
"SAMD00164965",0,"YachidaS_2019","control","JPN",46121064,
"SAMD00164966",0,"YachidaS_2019","control","JPN",38456492,
"SAMD00164967",0,"YachidaS_2019","control","JPN",44223860,
"SAMD00164969",0,"YachidaS_2019","control","JPN",51651238,
"SAMD00164972",0,"YachidaS_2019","control","JPN",40523104,
"SAMD00164973",0,"YachidaS_2019","control","JPN",47359830,
"SAMD00164983",0,"YachidaS_2019","control","JPN",51442050,
"SAMD00164986",0,"YachidaS_2019","control","JPN",47886780,
"SAMD00164996",0,"YachidaS_2019","control","JPN",49851690,
"SAMD00164999",0,"YachidaS_2019","control","JPN",30781246,
"SAMD00165001",0,"YachidaS_2019","control","JPN",51117058,
"SAMD00165004",0,"YachidaS_2019","control","JPN",51755168,
"SAMD00165008",0,"YachidaS_2019","control","JPN",51450668,
"SAMD00165010",0,"YachidaS_2019","control","JPN",38012092,
"SAMD00165015",0,"YachidaS_2019","control","JPN",31861120,
"SAMD00165020",0,"YachidaS_2019","control","JPN",47833958,
"SAMD00165021",0,"YachidaS_2019","control","JPN",41955864,
"SAMD00165022",0,"YachidaS_2019","control","JPN",46244470,
"SAMD00165023",0,"YachidaS_2019","control","JPN",45339082,
"SAMD00165024",0,"YachidaS_2019","control","JPN",49731716,
"SAMD00165025",0,"YachidaS_2019","control","JPN",51289600,
"SAMD00165026",0,"YachidaS_2019","control","JPN",45785256,
"SAMD00165027",0,"YachidaS_2019","control","JPN",35580114,
"SAMD00165028",0,"YachidaS_2019","control","JPN",15858212,
"SAMD00165029",0,"YachidaS_2019","control","JPN",54492670,
"SAMD00165030",0,"YachidaS_2019","control","JPN",43740482,
"SAMD00165031",0,"YachidaS_2019","control","JPN",4509980,
"SAMD00165032",0,"YachidaS_2019","control","JPN",39322318,
"SAMD00165033",0,"YachidaS_2019","control","JPN",34575120,
"SAMD00114722",1,"YachidaS_2019","CRC","JPN",57320762,
"SAMD00114723",1,"YachidaS_2019","CRC","JPN",52707860,
"SAMD00114724",1,"YachidaS_2019","CRC","JPN",45773031,
"SAMD00114726",1,"YachidaS_2019","CRC","JPN",48940244,
"SAMD00114727",1,"YachidaS_2019","CRC","JPN",63653548,
"SAMD00114728",1,"YachidaS_2019","CRC","JPN",35093466,
"SAMD00114729",1,"YachidaS_2019","CRC","JPN",54563590,
"SAMD00114731",1,"YachidaS_2019","CRC","JPN",65573845,
"SAMD00114732",1,"YachidaS_2019","CRC","JPN",55812132,
"SAMD00114733",1,"YachidaS_2019","CRC","JPN",30268220,
"SAMD00114737",1,"YachidaS_2019","CRC","JPN",16099789,
"SAMD00114738",1,"YachidaS_2019","CRC","JPN",38627188,
"SAMD00114739",1,"YachidaS_2019","CRC","JPN",24964300,
"SAMD00114740",1,"YachidaS_2019","CRC","JPN",59939112,
"SAMD00114742",1,"YachidaS_2019","CRC","JPN",57029830,
"SAMD00114743",1,"YachidaS_2019","CRC","JPN",47896438,
"SAMD00114744",1,"YachidaS_2019","CRC","JPN",71204520,
"SAMD00114746",1,"YachidaS_2019","CRC","JPN",65570566,
"SAMD00114748",1,"YachidaS_2019","CRC","JPN",30757134,
"SAMD00114749",1,"YachidaS_2019","CRC","JPN",73134742,
"SAMD00114750",1,"YachidaS_2019","CRC","JPN",79223844,
"SAMD00114753",1,"YachidaS_2019","CRC","JPN",35052326,
"SAMD00114754",1,"YachidaS_2019","CRC","JPN",25380504,
"SAMD00114755",1,"YachidaS_2019","CRC","JPN",44720362,
"SAMD00114759",1,"YachidaS_2019","CRC","JPN",54062368,
"SAMD00114760",1,"YachidaS_2019","CRC","JPN",14668832,
"SAMD00114761",1,"YachidaS_2019","CRC","JPN",76400153,
"SAMD00114762",1,"YachidaS_2019","CRC","JPN",53451224,
"SAMD00114763",1,"YachidaS_2019","CRC","JPN",59813996,
"SAMD00114764",1,"YachidaS_2019","CRC","JPN",34299064,
"SAMD00114765",1,"YachidaS_2019","CRC","JPN",60293448,
"SAMD00114766",1,"YachidaS_2019","CRC","JPN",38336024,
"SAMD00114767",1,"YachidaS_2019","CRC","JPN",51680790,
"SAMD00114768",1,"YachidaS_2019","CRC","JPN",64821434,
"SAMD00114772",1,"YachidaS_2019","CRC","JPN",40077748,
"SAMD00114774",1,"YachidaS_2019","CRC","JPN",44934410,
"SAMD00114775",1,"YachidaS_2019","CRC","JPN",58057618,
"SAMD00114776",1,"YachidaS_2019","CRC","JPN",59898318,
"SAMD00114777",1,"YachidaS_2019","CRC","JPN",52012076,
"SAMD00114782",1,"YachidaS_2019","CRC","JPN",49789119,
"SAMD00114786",1,"YachidaS_2019","CRC","JPN",48269636,
"SAMD00114788",1,"YachidaS_2019","CRC","JPN",64587232,
"SAMD00114790",1,"YachidaS_2019","CRC","JPN",57733338,
"SAMD00114793",1,"YachidaS_2019","CRC","JPN",58485556,
"SAMD00114794",1,"YachidaS_2019","CRC","JPN",53795300,
"SAMD00114797",1,"YachidaS_2019","CRC","JPN",76264028,
"SAMD00114799",1,"YachidaS_2019","CRC","JPN",57029126,
"SAMD00114803",1,"YachidaS_2019","CRC","JPN",32179158,
"SAMD00114804",1,"YachidaS_2019","CRC","JPN",46366076,
"SAMD00114805",1,"YachidaS_2019","CRC","JPN",45226958,
"SAMD00114806",1,"YachidaS_2019","CRC","JPN",45425344,
"SAMD00114808",1,"YachidaS_2019","CRC","JPN",43415610,
"SAMD00114810",1,"YachidaS_2019","CRC","JPN",45695900,
"SAMD00114811",1,"YachidaS_2019","CRC","JPN",43106410,
"SAMD00114813",1,"YachidaS_2019","CRC","JPN",39561620,
"SAMD00114814",1,"YachidaS_2019","CRC","JPN",43363386,
"SAMD00114816",1,"YachidaS_2019","CRC","JPN",32108586,
"SAMD00114817",1,"YachidaS_2019","CRC","JPN",33905640,
"SAMD00114822",1,"YachidaS_2019","CRC","JPN",45558504,
"SAMD00114823",1,"YachidaS_2019","CRC","JPN",30479492,
"SAMD00114825",1,"YachidaS_2019","CRC","JPN",43062649,
"SAMD00114826",1,"YachidaS_2019","CRC","JPN",42938858,
"SAMD00114835",1,"YachidaS_2019","CRC","JPN",18467078,
"SAMD00114836",1,"YachidaS_2019","CRC","JPN",42312294,
"SAMD00114839",1,"YachidaS_2019","CRC","JPN",30655796,
"SAMD00114840",1,"YachidaS_2019","CRC","JPN",36702095,
"SAMD00114841",1,"YachidaS_2019","CRC","JPN",34079756,
"SAMD00114844",1,"YachidaS_2019","CRC","JPN",33867234,
"SAMD00114846",1,"YachidaS_2019","CRC","JPN",35648332,
"SAMD00114848",1,"YachidaS_2019","CRC","JPN",33949564,
"SAMD00114849",1,"YachidaS_2019","CRC","JPN",30750797,
"SAMD00114852",1,"YachidaS_2019","CRC","JPN",43838962,
"SAMD00114856",1,"YachidaS_2019","CRC","JPN",41298376,
"SAMD00114857",1,"YachidaS_2019","CRC","JPN",37764650,
"SAMD00114863",1,"YachidaS_2019","CRC","JPN",33271872,
"SAMD00114868",1,"YachidaS_2019","CRC","JPN",29674692,
"SAMD00114870",1,"YachidaS_2019","CRC","JPN",39336186,
"SAMD00114871",1,"YachidaS_2019","CRC","JPN",42716789,
"SAMD00114875",1,"YachidaS_2019","CRC","JPN",42286928,
"SAMD00114877",1,"YachidaS_2019","CRC","JPN",34780136,
"SAMD00114878",1,"YachidaS_2019","CRC","JPN",41480482,
"SAMD00114879",1,"YachidaS_2019","CRC","JPN",52129746,
"SAMD00114883",1,"YachidaS_2019","CRC","JPN",62116010,
"SAMD00114884",1,"YachidaS_2019","CRC","JPN",30032752,
"SAMD00114886",1,"YachidaS_2019","CRC","JPN",38240294,
"SAMD00114891",1,"YachidaS_2019","CRC","JPN",38539850,
"SAMD00114892",1,"YachidaS_2019","CRC","JPN",41235983,
"SAMD00114893",1,"YachidaS_2019","CRC","JPN",36471246,
"SAMD00114894",1,"YachidaS_2019","CRC","JPN",38147874,
"SAMD00114896",1,"YachidaS_2019","CRC","JPN",39806780,
"SAMD00114897",1,"YachidaS_2019","CRC","JPN",37502732,
"SAMD00114902",1,"YachidaS_2019","CRC","JPN",76882758,
"SAMD00114903",1,"YachidaS_2019","CRC","JPN",51224952,
"SAMD00114905",1,"YachidaS_2019","CRC","JPN",56267618,
"SAMD00114907",1,"YachidaS_2019","CRC","JPN",58924808,
"SAMD00114909",1,"YachidaS_2019","CRC","JPN",40027278,
"SAMD00114910",1,"YachidaS_2019","CRC","JPN",41919064,
"SAMD00114911",1,"YachidaS_2019","CRC","JPN",37900346,
"SAMD00114912",1,"YachidaS_2019","CRC","JPN",40775477,
"SAMD00114914",1,"YachidaS_2019","CRC","JPN",42034798,
"SAMD00114915",1,"YachidaS_2019","CRC","JPN",24956278,
"SAMD00114916",1,"YachidaS_2019","CRC","JPN",41212552,
"SAMD00114917",1,"YachidaS_2019","CRC","JPN",10528938,
"SAMD00114919",1,"YachidaS_2019","CRC","JPN",32801268,
"SAMD00114920",1,"YachidaS_2019","CRC","JPN",47219293,
"SAMD00114921",1,"YachidaS_2019","CRC","JPN",51186632,
"SAMD00114922",1,"YachidaS_2019","CRC","JPN",36330902,
"SAMD00114924",1,"YachidaS_2019","CRC","JPN",30424104,
"SAMD00114925",1,"YachidaS_2019","CRC","JPN",39491254,
"SAMD00114927",1,"YachidaS_2019","CRC","JPN",38692464,
"SAMD00114931",1,"YachidaS_2019","CRC","JPN",41111578,
"SAMD00114933",1,"YachidaS_2019","CRC","JPN",38365756,
"SAMD00114934",1,"YachidaS_2019","CRC","JPN",27460768,
"SAMD00114935",1,"YachidaS_2019","CRC","JPN",37986890,
"SAMD00114939",1,"YachidaS_2019","CRC","JPN",36625308,
"SAMD00114941",1,"YachidaS_2019","CRC","JPN",26539304,
"SAMD00114943",1,"YachidaS_2019","CRC","JPN",37686800,
"SAMD00114944",1,"YachidaS_2019","CRC","JPN",28547050,
"SAMD00114946",1,"YachidaS_2019","CRC","JPN",32161882,
"SAMD00114948",1,"YachidaS_2019","CRC","JPN",43166386,
"SAMD00114949",1,"YachidaS_2019","CRC","JPN",37017642,
"SAMD00114951",1,"YachidaS_2019","CRC","JPN",45085246,
"SAMD00114952",1,"YachidaS_2019","CRC","JPN",44525932,
"SAMD00114954",1,"YachidaS_2019","CRC","JPN",28288613,
"SAMD00114956",1,"YachidaS_2019","CRC","JPN",34212868,
"SAMD00114957",1,"YachidaS_2019","CRC","JPN",75388704,
"SAMD00114958",1,"YachidaS_2019","CRC","JPN",36703168,
"SAMD00114960",1,"YachidaS_2019","CRC","JPN",60661170,
"SAMD00114964",1,"YachidaS_2019","CRC","JPN",37401630,
"SAMD00114965",1,"YachidaS_2019","CRC","JPN",33055568,
"SAMD00114966",1,"YachidaS_2019","CRC","JPN",48044830,
"SAMD00114969",1,"YachidaS_2019","CRC","JPN",49063286,
"SAMD00114972",1,"YachidaS_2019","CRC","JPN",40177670,
"SAMD00114978",1,"YachidaS_2019","CRC","JPN",50742080,
"SAMD00115000",1,"YachidaS_2019","CRC","JPN",47224591,
"SAMD00115006",1,"YachidaS_2019","CRC","JPN",49690498,
"SAMD00115007",1,"YachidaS_2019","CRC","JPN",49833164,
"SAMD00115010",1,"YachidaS_2019","CRC","JPN",49031106,
"SAMD00115011",1,"YachidaS_2019","CRC","JPN",47827578,
"SAMD00115013",1,"YachidaS_2019","CRC","JPN",46293684,
"SAMD00115014",1,"YachidaS_2019","CRC","JPN",51568728,
"SAMD00115020",1,"YachidaS_2019","CRC","JPN",39198440,
"SAMD00115021",1,"YachidaS_2019","CRC","JPN",62600398,
"SAMD00115026",1,"YachidaS_2019","CRC","JPN",41821950,
"SAMD00115028",1,"YachidaS_2019","CRC","JPN",54103842,
"SAMD00115029",1,"YachidaS_2019","CRC","JPN",52544048,
"SAMD00115030",1,"YachidaS_2019","CRC","JPN",32464792,
"SAMD00115031",1,"YachidaS_2019","CRC","JPN",41737794,
"SAMD00115034",1,"YachidaS_2019","CRC","JPN",47567426,
"SAMD00115035",1,"YachidaS_2019","CRC","JPN",47574725,
"SAMD00154993",1,"YachidaS_2019","CRC","JPN",34115970,
"SAMD00154994",1,"YachidaS_2019","CRC","JPN",57941751,
"SAMD00154995",1,"YachidaS_2019","CRC","JPN",24917710,
"SAMD00164694",1,"YachidaS_2019","CRC","JPN",32588292,
"SAMD00164695",1,"YachidaS_2019","CRC","JPN",52572814,
"SAMD00164721",1,"YachidaS_2019","CRC","JPN",69036442,
"SAMD00164745",1,"YachidaS_2019","CRC","JPN",40308864,
"SAMD00164767",1,"YachidaS_2019","CRC","JPN",34745536,
"SAMD00164769",1,"YachidaS_2019","CRC","JPN",46161112,
"SAMD00164771",1,"YachidaS_2019","CRC","JPN",43519800,
"SAMD00164776",1,"YachidaS_2019","CRC","JPN",35904212,
"SAMD00164778",1,"YachidaS_2019","CRC","JPN",37834260,
"SAMD00164779",1,"YachidaS_2019","CRC","JPN",28696590,
"SAMD00164780",1,"YachidaS_2019","CRC","JPN",40659384,
"SAMD00164812",1,"YachidaS_2019","CRC","JPN",57092884,
"SAMD00164817",1,"YachidaS_2019","CRC","JPN",32801682,
"SAMD00164818",1,"YachidaS_2019","CRC","JPN",38338344,
"SAMD00164820",1,"YachidaS_2019","CRC","JPN",46060256,
"SAMD00164821",1,"YachidaS_2019","CRC","JPN",26128610,
"SAMD00164822",1,"YachidaS_2019","CRC","JPN",42214084,
"SAMD00164826",1,"YachidaS_2019","CRC","JPN",20329432,
"SAMD00164829",1,"YachidaS_2019","CRC","JPN",38491890,
"SAMD00164830",1,"YachidaS_2019","CRC","JPN",38254258,
"SAMD00164831",1,"YachidaS_2019","CRC","JPN",22697468,
"SAMD00164832",1,"YachidaS_2019","CRC","JPN",36724882,
"SAMD00164834",1,"YachidaS_2019","CRC","JPN",27471292,
"SAMD00164836",1,"YachidaS_2019","CRC","JPN",41142320,
"SAMD00164838",1,"YachidaS_2019","CRC","JPN",43057610,
"SAMD00164839",1,"YachidaS_2019","CRC","JPN",49232336,
"SAMD00164841",1,"YachidaS_2019","CRC","JPN",36128116,
"SAMD00164842",1,"YachidaS_2019","CRC","JPN",34821242,
"SAMD00164843",1,"YachidaS_2019","CRC","JPN",10052794,
"SAMD00164844",1,"YachidaS_2019","CRC","JPN",45328872,
"SAMD00164845",1,"YachidaS_2019","CRC","JPN",23377006,
"SAMD00164846",1,"YachidaS_2019","CRC","JPN",46285716,
"SAMD00164847",1,"YachidaS_2019","CRC","JPN",50783216,
"SAMD00164850",1,"YachidaS_2019","CRC","JPN",47047106,
"SAMD00164851",1,"YachidaS_2019","CRC","JPN",30211518,
"SAMD00164852",1,"YachidaS_2019","CRC","JPN",54964986,
"SAMD00164854",1,"YachidaS_2019","CRC","JPN",40411366,
"SAMD00164858",1,"YachidaS_2019","CRC","JPN",41072966,
"SAMD00164859",1,"YachidaS_2019","CRC","JPN",45674342,
"SAMD00164860",1,"YachidaS_2019","CRC","JPN",43866080,
"SAMD00164861",1,"YachidaS_2019","CRC","JPN",39876508,
"SAMD00164863",1,"YachidaS_2019","CRC","JPN",43075346,
"SAMD00164864",1,"YachidaS_2019","CRC","JPN",47033476,
"SAMD00164866",1,"YachidaS_2019","CRC","JPN",45088110,
"SAMD00164867",1,"YachidaS_2019","CRC","JPN",43840648,
"SAMD00164868",1,"YachidaS_2019","CRC","JPN",35762850,
"SAMD00164869",1,"YachidaS_2019","CRC","JPN",41890328,
"SAMD00164871",1,"YachidaS_2019","CRC","JPN",7691926,
"SAMD00164880",1,"YachidaS_2019","CRC","JPN",36143642,
"SAMD00164883",1,"YachidaS_2019","CRC","JPN",46016560,
"SAMD00164884",1,"YachidaS_2019","CRC","JPN",37794984,
"SAMD00164885",1,"YachidaS_2019","CRC","JPN",47411380,
"SAMD00164889",1,"YachidaS_2019","CRC","JPN",36510530,
"SAMD00164903",1,"YachidaS_2019","CRC","JPN",49287148,
"SAMD00164905",1,"YachidaS_2019","CRC","JPN",49439624,
"SAMD00164907",1,"YachidaS_2019","CRC","JPN",49797554,
"SAMD00164910",1,"YachidaS_2019","CRC","JPN",49066624,
"SAMD00164912",1,"YachidaS_2019","CRC","JPN",55931420,
"SAMD00164913",1,"YachidaS_2019","CRC","JPN",48327172,
"SAMD00164919",1,"YachidaS_2019","CRC","JPN",44431014,
"SAMD00164928",1,"YachidaS_2019","CRC","JPN",47704676,
"SAMD00164932",1,"YachidaS_2019","CRC","JPN",47806900,
"SAMD00164937",1,"YachidaS_2019","CRC","JPN",41370872,
"SAMD00164940",1,"YachidaS_2019","CRC","JPN",52914592,
"SAMD00164944",1,"YachidaS_2019","CRC","JPN",50836298,
"SAMD00164946",1,"YachidaS_2019","CRC","JPN",42570370,
"SAMD00164968",1,"YachidaS_2019","CRC","JPN",64746810,
"SAMD00164970",1,"YachidaS_2019","CRC","JPN",33492788,
"SAMD00164971",1,"YachidaS_2019","CRC","JPN",49699484,
"SAMD00164974",1,"YachidaS_2019","CRC","JPN",61572180,
"SAMD00164975",1,"YachidaS_2019","CRC","JPN",43374020,
"SAMD00164976",1,"YachidaS_2019","CRC","JPN",39130436,
"SAMD00164977",1,"YachidaS_2019","CRC","JPN",44974962,
"SAMD00164978",1,"YachidaS_2019","CRC","JPN",56390494,
"SAMD00164979",1,"YachidaS_2019","CRC","JPN",46201556,
"SAMD00164980",1,"YachidaS_2019","CRC","JPN",52333282,
"SAMD00164981",1,"YachidaS_2019","CRC","JPN",54988048,
"SAMD00164982",1,"YachidaS_2019","CRC","JPN",44128026,
"SAMD00164984",1,"YachidaS_2019","CRC","JPN",45807840,
"SAMD00164985",1,"YachidaS_2019","CRC","JPN",41734988,
"SAMD00164987",1,"YachidaS_2019","CRC","JPN",38627824,
"SAMD00164988",1,"YachidaS_2019","CRC","JPN",49741276,
"SAMD00164989",1,"YachidaS_2019","CRC","JPN",40522492,
"SAMD00164990",1,"YachidaS_2019","CRC","JPN",23151436,
"SAMD00164991",1,"YachidaS_2019","CRC","JPN",49466216,
"SAMD00164992",1,"YachidaS_2019","CRC","JPN",42909740,
"SAMD00164993",1,"YachidaS_2019","CRC","JPN",40307206,
"SAMD00164994",1,"YachidaS_2019","CRC","JPN",33292152,
"SAMD00164995",1,"YachidaS_2019","CRC","JPN",41853144,
"SAMD00164997",1,"YachidaS_2019","CRC","JPN",39093096,
"SAMD00164998",1,"YachidaS_2019","CRC","JPN",34002564,
"SAMD00165000",1,"YachidaS_2019","CRC","JPN",36258812,
"SAMD00165002",1,"YachidaS_2019","CRC","JPN",46313864,
"SAMD00165003",1,"YachidaS_2019","CRC","JPN",40213758,
"SAMD00165005",1,"YachidaS_2019","CRC","JPN",42911692,
"SAMD00165006",1,"YachidaS_2019","CRC","JPN",36208204,
"SAMD00165007",1,"YachidaS_2019","CRC","JPN",54965252,
"SAMD00165009",1,"YachidaS_2019","CRC","JPN",58181592,
"SAMD00165011",1,"YachidaS_2019","CRC","JPN",50909738,
"SAMD00165012",1,"YachidaS_2019","CRC","JPN",71435418,
"SAMD00165014",1,"YachidaS_2019","CRC","JPN",49878836,
"SAMD00165016",1,"YachidaS_2019","CRC","JPN",29935190,
"SAMD00165017",1,"YachidaS_2019","CRC","JPN",44085468,
"SAMD00165018",1,"YachidaS_2019","CRC","JPN",35677058,
"SAMD00165019",1,"YachidaS_2019","CRC","JPN",39293028,
"SZAXPI003417-4",0,"YuJ_2015","control","CHN",61229038,"ERR1018193"
"SZAXPI003419-6",0,"YuJ_2015","control","CHN",64164216,"ERR1018195"
"SZAXPI003427-1",0,"YuJ_2015","control","CHN",54116632,"ERR1018203"
"SZAXPI003429-3",0,"YuJ_2015","control","CHN",57035188,"ERR1018205"
"SZAXPI003433-7",0,"YuJ_2015","control","CHN",56134340,"ERR1018209"
"SZAXPI015212-113",0,"YuJ_2015","control","CHN",63330138,"ERR1018217"
"SZAXPI015227-13",0,"YuJ_2015","control","CHN",66064102,"ERR1018232"
"SZAXPI015228-14",0,"YuJ_2015","control","CHN",70428992,"ERR1018233"
"SZAXPI015229-15",0,"YuJ_2015","control","CHN",61617318,"ERR1018234"
"SZAXPI015230-16",0,"YuJ_2015","control","CHN",68472136,"ERR1018235"
"SZAXPI015231-17",0,"YuJ_2015","control","CHN",69534266,"ERR1018236"
"SZAXPI015232-18",0,"YuJ_2015","control","CHN",68004090,"ERR1018237"
"SZAXPI015233-19",0,"YuJ_2015","control","CHN",72077438,"ERR1018238"
"SZAXPI015234-20",0,"YuJ_2015","control","CHN",59159772,"ERR1018239"
"SZAXPI015235-21",0,"YuJ_2015","control","CHN",67478554,"ERR1018240"
"SZAXPI015238-24",0,"YuJ_2015","control","CHN",63843786,"ERR1018242"
"SZAXPI015239-25",0,"YuJ_2015","control","CHN",63808150,"ERR1018243"
"SZAXPI015240-26",0,"YuJ_2015","control","CHN",60520634,"ERR1018244"
"SZAXPI015241-27",0,"YuJ_2015","control","CHN",52698148,"ERR1018245"
"SZAXPI015242-30",0,"YuJ_2015","control","CHN",52788942,"ERR1018246"
"SZAXPI015243-31",0,"YuJ_2015","control","CHN",57114396,"ERR1018247"
"SZAXPI015244-32",0,"YuJ_2015","control","CHN",58591508,"ERR1018248"
"SZAXPI015245-33",0,"YuJ_2015","control","CHN",49693868,"ERR1018249"
"SZAXPI015246-34",0,"YuJ_2015","control","CHN",47524484,"ERR1018250"
"SZAXPI015247-35",0,"YuJ_2015","control","CHN",55499678,"ERR1018251"
"SZAXPI015248-36",0,"YuJ_2015","control","CHN",46313860,"ERR1018252"
"SZAXPI015249-37",0,"YuJ_2015","control","CHN",48490500,"ERR1018253"
"SZAXPI015250-39",0,"YuJ_2015","control","CHN",56707948,"ERR1018254"
"SZAXPI015251-41",0,"YuJ_2015","control","CHN",44019090,"ERR1018255"
"SZAXPI015252-43",0,"YuJ_2015","control","CHN",44904362,"ERR1018256"
"SZAXPI015253-44",0,"YuJ_2015","control","CHN",61595372,"ERR1018257"
"SZAXPI015254-45",0,"YuJ_2015","control","CHN",57962360,"ERR1018258"
"SZAXPI015255-46",0,"YuJ_2015","control","CHN",56561906,"ERR1018259"
"SZAXPI015256-47",0,"YuJ_2015","control","CHN",61955812,"ERR1018260"
"SZAXPI015257-56",0,"YuJ_2015","control","CHN",54321366,"ERR1018261"
"SZAXPI015258-57",0,"YuJ_2015","control","CHN",77263508,"ERR1018262"
"SZAXPI015259-62",0,"YuJ_2015","control","CHN",55579348,"ERR1018263"
"SZAXPI015260-74",0,"YuJ_2015","control","CHN",59038886,"ERR1018264"
"SZAXPI015261-75",0,"YuJ_2015","control","CHN",62784088,"ERR1018265"
"SZAXPI015262-79",0,"YuJ_2015","control","CHN",61975626,"ERR1018266"
"SZAXPI015263-84",0,"YuJ_2015","control","CHN",51471774,"ERR1018267"
"SZAXPI015264-87",0,"YuJ_2015","control","CHN",58364678,"ERR1018268"
"SZAXPI015265-88",0,"YuJ_2015","control","CHN",60676490,"ERR1018269"
"SZAXPI015266-89",0,"YuJ_2015","control","CHN",63341086,"ERR1018270"
"SZAXPI015267-102",0,"YuJ_2015","control","CHN",55190022,"ERR1018271"
"SZAXPI015268-109",0,"YuJ_2015","control","CHN",60252226,"ERR1018272"
"SZAXPI015269-94",0,"YuJ_2015","control","CHN",62929376,"ERR1018273"
"SZAXPI015270-90",0,"YuJ_2015","control","CHN",63280364,"ERR1018274"
"SZAXPI015271-93",0,"YuJ_2015","control","CHN",43217884,"ERR1018275"
"SZAXPI015272-108",0,"YuJ_2015","control","CHN",44188276,"ERR1018276"
"SZAXPI015273-95",0,"YuJ_2015","control","CHN",60671012,"ERR1018277"
"SZAXPI015274-111",0,"YuJ_2015","control","CHN",63322690,"ERR1018278"
"SZAXPI017591-140",0,"YuJ_2015","control","CHN",58080274,"ERR1018308"
"SZAXPI017592-142",0,"YuJ_2015","control","CHN",57219434,"ERR1018309"
"SZAXPI003409-8",1,"YuJ_2015","CRC","CHN",60749206,"ERR1018185"
"SZAXPI003410-3",1,"YuJ_2015","CRC","CHN",52854792,"ERR1018186"
"SZAXPI003411-6",1,"YuJ_2015","CRC","CHN",59873382,"ERR1018187"
"SZAXPI003412-1",1,"YuJ_2015","CRC","CHN",55761702,"ERR1018188"
"SZAXPI003413-4",1,"YuJ_2015","CRC","CHN",64434830,"ERR1018189"
"SZAXPI003414-3",1,"YuJ_2015","CRC","CHN",52102228,"ERR1018190"
"SZAXPI003415-12",1,"YuJ_2015","CRC","CHN",62456910,"ERR1018191"
"SZAXPI003416-4",1,"YuJ_2015","CRC","CHN",60073374,"ERR1018192"
"SZAXPI003418-8",1,"YuJ_2015","CRC","CHN",61472286,"ERR1018194"
"SZAXPI003420-4",1,"YuJ_2015","CRC","CHN",66150638,"ERR1018196"
"SZAXPI003421-5",1,"YuJ_2015","CRC","CHN",60074902,"ERR1018197"
"SZAXPI003422-11",1,"YuJ_2015","CRC","CHN",57351612,"ERR1018198"
"SZAXPI003423-8",1,"YuJ_2015","CRC","CHN",29589862,"ERR1018199"
"SZAXPI003424-12",1,"YuJ_2015","CRC","CHN",58546892,"ERR1018200"
"SZAXPI003425-1",1,"YuJ_2015","CRC","CHN",56584998,"ERR1018201"
"SZAXPI003426-11",1,"YuJ_2015","CRC","CHN",51292156,"ERR1018202"
"SZAXPI003428-6",1,"YuJ_2015","CRC","CHN",56648482,"ERR1018204"
"SZAXPI003430-5",1,"YuJ_2015","CRC","CHN",62258080,"ERR1018206"
"SZAXPI003431-1",1,"YuJ_2015","CRC","CHN",45637278,"ERR1018207"
"SZAXPI003432-12",1,"YuJ_2015","CRC","CHN",58822118,"ERR1018208"
"SZAXPI003434-7",1,"YuJ_2015","CRC","CHN",60820472,"ERR1018210"
"SZAXPI003435-11",1,"YuJ_2015","CRC","CHN",61937738,"ERR1018211"
"SZAXPI003436-7",1,"YuJ_2015","CRC","CHN",59665954,"ERR1018212"
"SZAXPI003437-3",1,"YuJ_2015","CRC","CHN",57476278,"ERR1018213"
"SZAXPI015209-133",1,"YuJ_2015","CRC","CHN",62349482,"ERR1018214"
"SZAXPI015210-17",1,"YuJ_2015","CRC","CHN",71617186,"ERR1018215"
"SZAXPI015211-166",1,"YuJ_2015","CRC","CHN",47029284,"ERR1018216"
"SZAXPI015213-15",1,"YuJ_2015","CRC","CHN",62319068,"ERR1018218"
"SZAXPI015214-19",1,"YuJ_2015","CRC","CHN",72370444,"ERR1018219"
"SZAXPI015215-20",1,"YuJ_2015","CRC","CHN",68159682,"ERR1018220"
"SZAXPI015216-169",1,"YuJ_2015","CRC","CHN",61187040,"ERR1018221"
"SZAXPI015217-140",1,"YuJ_2015","CRC","CHN",57034986,"ERR1018222"
"SZAXPI015218-16",1,"YuJ_2015","CRC","CHN",61334626,"ERR1018223"
"SZAXPI015219-129",1,"YuJ_2015","CRC","CHN",50308904,"ERR1018224"
"SZAXPI015220-136",1,"YuJ_2015","CRC","CHN",43205192,"ERR1018225"
"SZAXPI015221-142",1,"YuJ_2015","CRC","CHN",68438974,"ERR1018226"
"SZAXPI015222-123",1,"YuJ_2015","CRC","CHN",72260226,"ERR1018227"
"SZAXPI015223-158",1,"YuJ_2015","CRC","CHN",62569760,"ERR1018228"
"SZAXPI015224-13",1,"YuJ_2015","CRC","CHN",58539128,"ERR1018229"
"SZAXPI015225-18",1,"YuJ_2015","CRC","CHN",59984388,"ERR1018230"
"SZAXPI015226-14",1,"YuJ_2015","CRC","CHN",53627618,"ERR1018231"
"SZAXPI015237-23",1,"YuJ_2015","CRC","CHN",67318902,"ERR1018241"
"SZAXPI017451-16",1,"YuJ_2015","CRC","CHN",63781394,"ERR1018279"
"SZAXPI017452-17",1,"YuJ_2015","CRC","CHN",65133586,"ERR1018280"
"SZAXPI017453-19",1,"YuJ_2015","CRC","CHN",52187750,"ERR1018281"
"SZAXPI017454-20",1,"YuJ_2015","CRC","CHN",56903946,"ERR1018282"
"SZAXPI017455-21",1,"YuJ_2015","CRC","CHN",51245744,"ERR1018283"
"SZAXPI017456-23",1,"YuJ_2015","CRC","CHN",51812238,"ERR1018284"
"SZAXPI017457-24",1,"YuJ_2015","CRC","CHN",62149784,"ERR1018285"
"SZAXPI017458-25",1,"YuJ_2015","CRC","CHN",55720964,"ERR1018286"
"SZAXPI017459-26",1,"YuJ_2015","CRC","CHN",36891208,"ERR1018287"
"SZAXPI017460-27",1,"YuJ_2015","CRC","CHN",38931972,"ERR1018288"
"SZAXPI017461-32",1,"YuJ_2015","CRC","CHN",35025672,"ERR1018289"
"SZAXPI017462-33",1,"YuJ_2015","CRC","CHN",38286210,"ERR1018290"
"SZAXPI017463-36",1,"YuJ_2015","CRC","CHN",38421068,"ERR1018291"
"SZAXPI017464-37",1,"YuJ_2015","CRC","CHN",36345768,"ERR1018292"
"SZAXPI017465-43",1,"YuJ_2015","CRC","CHN",37024436,"ERR1018293"
"SZAXPI017466-84",1,"YuJ_2015","CRC","CHN",40407172,"ERR1018294"
"SZAXPI017467-87",1,"YuJ_2015","CRC","CHN",42423706,"ERR1018295"
"SZAXPI017468-88",1,"YuJ_2015","CRC","CHN",10961564,"ERR1018296"
"SZAXPI017580-90",1,"YuJ_2015","CRC","CHN",48287820,"ERR1018297"
"SZAXPI017581-93",1,"YuJ_2015","CRC","CHN",37627614,"ERR1018298"
"SZAXPI017582-94",1,"YuJ_2015","CRC","CHN",50539146,"ERR1018299"
"SZAXPI017583-102",1,"YuJ_2015","CRC","CHN",40240288,"ERR1018300"
"SZAXPI017584-108",1,"YuJ_2015","CRC","CHN",44341480,"ERR1018301"
"SZAXPI017585-109",1,"YuJ_2015","CRC","CHN",65450728,"ERR1018302"
"SZAXPI017586-111",1,"YuJ_2015","CRC","CHN",57315876,"ERR1018303"
"SZAXPI017587-113",1,"YuJ_2015","CRC","CHN",59042440,"ERR1018304"
"SZAXPI017588-123",1,"YuJ_2015","CRC","CHN",58518194,"ERR1018305"
"SZAXPI017589-133",1,"YuJ_2015","CRC","CHN",49356502,"ERR1018306"
"SZAXPI017590-136",1,"YuJ_2015","CRC","CHN",51070446,"ERR1018307"
"SZAXPI017593-158",1,"YuJ_2015","CRC","CHN",66186116,"ERR1018310"
"SZAXPI017594-166",1,"YuJ_2015","CRC","CHN",58789886,"ERR1018311"
"SZAXPI017595-169",1,"YuJ_2015","CRC","CHN",63339956,"ERR1018312"
"CCIS08668806ST-3-0",-1,"ZellerG_2014","adenoma","FRA",20580422,"ERR480495;ERR480494;ERR478999;ERR478998"
"CCIS10793554ST-4-0",-1,"ZellerG_2014","adenoma","FRA",40445720,"ERR480505;ERR480504;ERR480503;ERR480502;ERR479008;ERR479007;ERR479006;ERR479009"
"CCIS11019776ST-4-0",-1,"ZellerG_2014","adenoma","FRA",54114916,"ERR480509;ERR480508;ERR479013;ERR479012"
"CCIS19142497ST-3-0",-1,"ZellerG_2014","adenoma","FRA",33262702,"ERR480553;ERR480554;ERR479057;ERR479058"
"CCIS22275061ST-4-0",-1,"ZellerG_2014","adenoma","FRA",92672216,"ERR480566;ERR480565;ERR480564;ERR480563;ERR479070;ERR479068;ERR479069;ERR479067"
"CCIS22906510ST-20-0",-1,"ZellerG_2014","adenoma","FRA",85806932,"ERR480571;ERR480572;ERR479075;ERR479076"
"CCIS24898163ST-4-0",-1,"ZellerG_2014","adenoma","FRA",12960596,"ERR480582;ERR480581;ERR480583;ERR479087;ERR479086;ERR479085"
"CCIS25399172ST-4-0",-1,"ZellerG_2014","adenoma","FRA",29867294,"ERR480585;ERR480584;ERR480586;ERR479089;ERR479088;ERR479090"
"CCIS28384594ST-4-0",-1,"ZellerG_2014","adenoma","FRA",54550110,"ERR480594;ERR480593;ERR479098;ERR479097"
"CCIS31434951ST-20-0",-1,"ZellerG_2014","adenoma","FRA",29591263,"ERR480600;ERR480599;ERR479104;ERR479103"
"CCIS32105356ST-4-0",-1,"ZellerG_2014","adenoma","FRA",52824987,"ERR480602;ERR480601;ERR479106;ERR479105"
"CCIS35092938ST-4-0",-1,"ZellerG_2014","adenoma","FRA",46553845,"ERR480618;ERR480619;ERR479123;ERR479122"
"CCIS37250421ST-4-0",-1,"ZellerG_2014","adenoma","FRA",52179172,"ERR480632;ERR480633;ERR479137;ERR479136"
"CCIS41806458ST-4-0",-1,"ZellerG_2014","adenoma","FRA",61160335,"ERR480651;ERR480650;ERR480652;ERR479156;ERR479155;ERR479154"
"CCIS44676181ST-4-0",-1,"ZellerG_2014","adenoma","FRA",42157335,"ERR480657;ERR479161"
"CCIS44743950ST-4-0",-1,"ZellerG_2014","adenoma","FRA",83383804,"ERR480658;ERR480660;ERR480659;ERR479164;ERR479163;ERR479162"
"CCIS47745468ST-4-0",-1,"ZellerG_2014","adenoma","FRA",75963441,"ERR480678;ERR480677;ERR479182;ERR479181"
"CCIS48507077ST-4-0",-1,"ZellerG_2014","adenoma","FRA",58318794,"ERR480685;ERR480683;ERR480684;ERR479188;ERR479189;ERR479187"
"CCIS48579360ST-4-0",-1,"ZellerG_2014","adenoma","FRA",34233614,"ERR480687;ERR480686;ERR480688;ERR479192;ERR479191;ERR479190"
"CCIS50369211ST-20-0",-1,"ZellerG_2014","adenoma","FRA",20912144,"ERR480698;ERR480697;ERR479202;ERR479201"
"CCIS50561855ST-4-0",-1,"ZellerG_2014","adenoma","FRA",36741705,"ERR480703;ERR480704;ERR479208;ERR479207"
"CCIS51667829ST-4-0",-1,"ZellerG_2014","adenoma","FRA",80732841,"ERR480712;ERR480710;ERR480709;ERR480711;ERR479215;ERR479214;ERR479213;ERR479216"
"CCIS52234160ST-4-0",-1,"ZellerG_2014","adenoma","FRA",51200510,"ERR480714;ERR480713;ERR479218;ERR479217"
"CCIS53557295ST-4-0",-1,"ZellerG_2014","adenoma","FRA",31774168,"ERR480726;ERR480725;ERR480724;ERR480723;ERR479229;ERR479228;ERR479227;ERR479230"
"CCIS54027808ST-4-0",-1,"ZellerG_2014","adenoma","FRA",46913589,"ERR480728;ERR480727;ERR480730;ERR480729;ERR479233;ERR479232;ERR479231;ERR479234"
"CCIS55531770ST-4-0",-1,"ZellerG_2014","adenoma","FRA",23061446,"ERR480736;ERR480735;ERR480734;ERR479239;ERR479240;ERR479238"
"CCIS56503244ST-3-0",-1,"ZellerG_2014","adenoma","FRA",31477687,"ERR480737;ERR480738;ERR479241;ERR479242"
"CCIS59903910ST-4-0",-1,"ZellerG_2014","adenoma","FRA",56045312,"ERR480746;ERR480745;ERR479249;ERR479250"
"CCIS70398272ST-4-0",-1,"ZellerG_2014","adenoma","FRA",78352675,"ERR480779;ERR480776;ERR480778;ERR480777;ERR479282;ERR479281;ERR479280;ERR479283"
"CCIS74726977ST-3-0",-1,"ZellerG_2014","adenoma","FRA",140945980,"ERR480794;ERR479298"
"CCIS76563044ST-4-0",-1,"ZellerG_2014","adenoma","FRA",76593756,"ERR480797;ERR480796;ERR480795;ERR479301;ERR479300;ERR479299"
"CCIS77100899ST-4-0",-1,"ZellerG_2014","adenoma","FRA",69103733,"ERR480803;ERR480802;ERR480801;ERR480800;ERR479307;ERR479304;ERR479306;ERR479305"
"CCIS81710917ST-20-0",-1,"ZellerG_2014","adenoma","FRA",103695516,"ERR480824;ERR480823;ERR479328;ERR479327"
"CCIS81735969ST-20-0",-1,"ZellerG_2014","adenoma","FRA",73658101,"ERR480826;ERR480825;ERR479330;ERR479329"
"CCIS83445808ST-4-0",-1,"ZellerG_2014","adenoma","FRA",43316779,"ERR480841;ERR480840;ERR480839;ERR479345;ERR479344;ERR479343"
"CCIS83574003ST-4-0",-1,"ZellerG_2014","adenoma","FRA",80482805,"ERR480842;ERR480843;ERR479346;ERR479347"
"CCIS87290971ST-4-0",-1,"ZellerG_2014","adenoma","FRA",59042659,"ERR480861;ERR480860;ERR480859;ERR480858;ERR479363;ERR479365;ERR479364;ERR479362"
"CCIS90166425ST-4-0",-1,"ZellerG_2014","adenoma","FRA",62472516,"ERR480878;ERR480879;ERR479383;ERR479382"
"CCIS90443472ST-4-0",-1,"ZellerG_2014","adenoma","FRA",71798343,"ERR480881;ERR480880;ERR480882;ERR479386;ERR479385;ERR479384"
"CCIS90903952ST-3-0",-1,"ZellerG_2014","adenoma","FRA",53724201,"ERR480884;ERR480883;ERR479388;ERR479387"
"CCIS94496512ST-4-0",-1,"ZellerG_2014","adenoma","FRA",40204072,"ERR480892;ERR480891;ERR479395;ERR479396"
"CCIS96387239ST-4-0",-1,"ZellerG_2014","adenoma","FRA",34953403,"ERR480908;ERR480907;ERR480905;ERR480906;ERR479412;ERR479411;ERR479409;ERR479410"
"CCIS00146684ST-4-0",0,"ZellerG_2014","control","FRA",76003628,"ERR480457;ERR480456;ERR480455;ERR480454;ERR478959;ERR478958;ERR478960;ERR478961"
"CCIS00281083ST-3-0",0,"ZellerG_2014","control","FRA",47190574,"ERR480459;ERR480458;ERR478962;ERR478963"
"CCIS02124300ST-4-0",0,"ZellerG_2014","control","FRA",87631061,"ERR480463;ERR480462;ERR480461;ERR480460;ERR478967;ERR478966;ERR478965;ERR478964"
"CCIS02856720ST-4-0",0,"ZellerG_2014","control","FRA",73567419,"ERR480469;ERR480468;ERR480467;ERR480466;ERR478973;ERR478972;ERR478971;ERR478970"
"CCIS03473770ST-4-0",0,"ZellerG_2014","control","FRA",46217866,"ERR480471;ERR480470;ERR478975;ERR478974"
"CCIS03857607ST-4-0",0,"ZellerG_2014","control","FRA",63911163,"ERR480475;ERR480473;ERR480472;ERR480474;ERR478976;ERR478979;ERR478978;ERR478977"
"CCIS05314658ST-4-0",0,"ZellerG_2014","control","FRA",61688036,"ERR480479;ERR480478;ERR480477;ERR480476;ERR478980;ERR478983;ERR478982;ERR478981"
"CCIS07277498ST-4-0",0,"ZellerG_2014","control","FRA",66936604,"ERR480485;ERR480484;ERR480482;ERR480483;ERR478989;ERR478988;ERR478987;ERR478986"
"CCIS07539127ST-4-0",0,"ZellerG_2014","control","FRA",68406226,"ERR480489;ERR480488;ERR480487;ERR480486;ERR478993;ERR478992;ERR478991;ERR478990"
"CCIS07648107ST-4-0",0,"ZellerG_2014","control","FRA",66245949,"ERR480493;ERR480492;ERR480491;ERR480490;ERR478997;ERR478996;ERR478994;ERR478995"
"CCIS09568613ST-4-0",0,"ZellerG_2014","control","FRA",75876874,"ERR480499;ERR480498;ERR480497;ERR480496;ERR479001;ERR479000;ERR479003;ERR479002"
"CCIS10706551ST-3-0",0,"ZellerG_2014","control","FRA",65983849,"ERR480501;ERR480500;ERR479004;ERR479005"
"CCIS11354283ST-4-0",0,"ZellerG_2014","control","FRA",62234037,"ERR480513;ERR480512;ERR480511;ERR480510;ERR479017;ERR479016;ERR479015;ERR479014"
"CCIS11362406ST-4-0",0,"ZellerG_2014","control","FRA",103363989,"ERR480516;ERR480515;ERR480514;ERR480517;ERR479021;ERR479018;ERR479020;ERR479019"
"CCIS11558985ST-4-0",0,"ZellerG_2014","control","FRA",37988049,"ERR480519;ERR480518;ERR479023;ERR479022"
"CCIS13047523ST-4-0",0,"ZellerG_2014","control","FRA",62891719,"ERR480532;ERR480529;ERR480531;ERR480530;ERR479036;ERR479034;ERR479035;ERR479033"
"CCIS15794887ST-4-0",0,"ZellerG_2014","control","FRA",45764894,"ERR480538;ERR480537;ERR479042;ERR479041"
"CCIS16326685ST-4-0",0,"ZellerG_2014","control","FRA",53344597,"ERR480540;ERR480539;ERR479043;ERR479044"
"CCIS16383318ST-4-0",0,"ZellerG_2014","control","FRA",78085760,"ERR480541;ERR480544;ERR480543;ERR480542;ERR479045;ERR479048;ERR479047;ERR479046"
"CCIS16561622ST-4-0",0,"ZellerG_2014","control","FRA",87807063,"ERR480548;ERR480547;ERR480546;ERR480545;ERR479052;ERR479051;ERR479050;ERR479049"
"CCIS20795251ST-4-0",0,"ZellerG_2014","control","FRA",55286215,"ERR480556;ERR480558;ERR480557;ERR480555;ERR479062;ERR479061;ERR479060;ERR479059"
"CCIS21126322ST-4-0",0,"ZellerG_2014","control","FRA",82207625,"ERR480560;ERR480559;ERR479064;ERR479063"
"CCIS23164343ST-4-0",0,"ZellerG_2014","control","FRA",68712649,"ERR480577;ERR480575;ERR480578;ERR480576;ERR479081;ERR479080;ERR479082;ERR479079"
"CCIS27304052ST-3-0",0,"ZellerG_2014","control","FRA",48552680,"ERR480588;ERR480587;ERR479092;ERR479091"
"CCIS27927933ST-4-0",0,"ZellerG_2014","control","FRA",97043260,"ERR480592;ERR480591;ERR480590;ERR480589;ERR479095;ERR479096;ERR479094;ERR479093"
"CCIS29210128ST-4-0",0,"ZellerG_2014","control","FRA",48275455,"ERR480596;ERR480595;ERR479100;ERR479099"
"CCIS29688262ST-20-0",0,"ZellerG_2014","control","FRA",81666867,"ERR480598;ERR480597;ERR479101;ERR479102"
"CCIS32452666ST-4-0",0,"ZellerG_2014","control","FRA",53858804,"ERR480606;ERR480604;ERR480605;ERR480603;ERR479107;ERR479110;ERR479109;ERR479108"
"CCIS34604008ST-4-0",0,"ZellerG_2014","control","FRA",71147118,"ERR480615;ERR480614;ERR480617;ERR480616;ERR479120;ERR479118;ERR479119;ERR479121"
"CCIS36699628ST-4-0",0,"ZellerG_2014","control","FRA",66456701,"ERR480627;ERR480626;ERR480625;ERR480624;ERR479131;ERR479130;ERR479129;ERR479128"
"CCIS36797902ST-4-0",0,"ZellerG_2014","control","FRA",43056463,"ERR480629;ERR480628;ERR480631;ERR480630;ERR479135;ERR479132;ERR479134;ERR479133"
"CCIS41692898ST-4-0",0,"ZellerG_2014","control","FRA",75046271,"ERR480649;ERR480648;ERR480647;ERR480646;ERR479151;ERR479150;ERR479153;ERR479152"
"CCIS44093303ST-4-0",0,"ZellerG_2014","control","FRA",73343518,"ERR480654;ERR480653;ERR480655;ERR480656;ERR479160;ERR479159;ERR479158;ERR479157"
"CCIS45571137ST-3-0",0,"ZellerG_2014","control","FRA",37805003,"ERR480664;ERR480663;ERR479167;ERR479168"
"CCIS45793747ST-4-0",0,"ZellerG_2014","control","FRA",84805529,"ERR480668;ERR480666;ERR480665;ERR480667;ERR479172;ERR479171;ERR479170;ERR479169"
"CCIS48174381ST-4-0",0,"ZellerG_2014","control","FRA",51253211,"ERR480682;ERR480681;ERR480680;ERR480679;ERR479184;ERR479186;ERR479185;ERR479183"
"CCIS50003399ST-4-0",0,"ZellerG_2014","control","FRA",63416533,"ERR480692;ERR480691;ERR480694;ERR480693;ERR479198;ERR479196;ERR479195;ERR479197"
"CCIS50471204ST-4-0",0,"ZellerG_2014","control","FRA",81465089,"ERR480701;ERR480702;ERR480700;ERR480699;ERR479206;ERR479205;ERR479204;ERR479203"
"CCIS51595129ST-4-0",0,"ZellerG_2014","control","FRA",59350393,"ERR480705;ERR480708;ERR480707;ERR480706;ERR479212;ERR479211;ERR479210;ERR479209"
"CCIS63448910ST-4-0",0,"ZellerG_2014","control","FRA",61901654,"ERR480758;ERR480756;ERR480755;ERR480757;ERR479260;ERR479259;ERR479262;ERR479261"
"CCIS63468405ST-4-0",0,"ZellerG_2014","control","FRA",67395395,"ERR480760;ERR480762;ERR480761;ERR480759;ERR479266;ERR479265;ERR479264;ERR479263"
"CCIS63910149ST-4-0",0,"ZellerG_2014","control","FRA",24843993,"ERR480765;ERR480764;ERR480763;ERR479269;ERR479268;ERR479267"
"CCIS64773582ST-4-0",0,"ZellerG_2014","control","FRA",91118209,"ERR480769;ERR480766;ERR480768;ERR480767;ERR479273;ERR479272;ERR479271;ERR479270"
"CCIS64785924ST-20-0",0,"ZellerG_2014","control","FRA",12636839,"ERR480771;ERR480770;ERR479275;ERR479274"
"CCIS71578391ST-4-0",0,"ZellerG_2014","control","FRA",74021867,"ERR480784;ERR480783;ERR480785;ERR480782;ERR479289;ERR479288;ERR479287;ERR479286"
"CCIS74239020ST-4-0",0,"ZellerG_2014","control","FRA",60489281,"ERR480790;ERR480793;ERR480792;ERR480791;ERR479297;ERR479296;ERR479295;ERR479294"
"CCIS78100604ST-4-0",0,"ZellerG_2014","control","FRA",78150540,"ERR480811;ERR480810;ERR480809;ERR480808;ERR479313;ERR479312;ERR479314;ERR479315"
"CCIS79210440ST-3-0",0,"ZellerG_2014","control","FRA",44022141,"ERR480816;ERR480815;ERR479319;ERR479320"
"CCIS80834637ST-4-0",0,"ZellerG_2014","control","FRA",95462023,"ERR480820;ERR480819;ERR480818;ERR480817;ERR479323;ERR479324;ERR479321;ERR479322"
"CCIS81139242ST-4-0",0,"ZellerG_2014","control","FRA",66773170,"ERR480822;ERR480821;ERR479326;ERR479325"
"CCIS82507866ST-3-0",0,"ZellerG_2014","control","FRA",45388199,"ERR480836;ERR480835;ERR479339;ERR479340"
"CCIS82944710ST-20-0",0,"ZellerG_2014","control","FRA",8890877,"ERR480838;ERR480837;ERR479342;ERR479341"
"CCIS88007743ST-4-0",0,"ZellerG_2014","control","FRA",62698501,"ERR480869;ERR480867;ERR480868;ERR480866;ERR479373;ERR479372;ERR479371;ERR479370"
"CCIS88317640ST-4-0",0,"ZellerG_2014","control","FRA",72027798,"ERR480870;ERR480873;ERR480872;ERR480871;ERR479376;ERR479375;ERR479374;ERR479377"
"CCIS90164298ST-4-0",0,"ZellerG_2014","control","FRA",64903644,"ERR480877;ERR480876;ERR480875;ERR480874;ERR479381;ERR479380;ERR479379;ERR479378"
"CCIS93040568ST-20-0",0,"ZellerG_2014","control","FRA",13523536,"ERR480888;ERR480887;ERR479392;ERR479391"
"CCIS94417875ST-3-0",0,"ZellerG_2014","control","FRA",44052987,"ERR480889;ERR480890;ERR479394;ERR479393"
"CCIS94603952ST-4-0",0,"ZellerG_2014","control","FRA",69804753,"ERR480895;ERR480894;ERR480893;ERR480896;ERR479400;ERR479399;ERR479398;ERR479397"
"CCIS95097901ST-4-0",0,"ZellerG_2014","control","FRA",51567166,"ERR480900;ERR480897;ERR480899;ERR480898;ERR479401;ERR479404;ERR479403;ERR479402"
"CCIS95409808ST-4-0",0,"ZellerG_2014","control","FRA",66865743,"ERR480904;ERR480903;ERR480902;ERR480901;ERR479408;ERR479405;ERR479407;ERR479406"
"CCIS98482370ST-3-0",0,"ZellerG_2014","control","FRA",45190917,"ERR480909;ERR480910;ERR479414;ERR479413"
"CCIS02379307ST-4-0",1,"ZellerG_2014","CRC","FRA",10574044,"ERR480465;ERR480464;ERR478969;ERR478968"
"CCIS06260551ST-3-0",1,"ZellerG_2014","CRC","FRA",36441111,"ERR480480;ERR480481;ERR478984;ERR478985"
"CCIS11015875ST-4-0",1,"ZellerG_2014","CRC","FRA",57428555,"ERR480507;ERR480506;ERR479011;ERR479010"
"CCIS12370844ST-4-0",1,"ZellerG_2014","CRC","FRA",5783578,"ERR480524;ERR480523;ERR480522;ERR480521;ERR480520;ERR479028;ERR479027;ERR479025;ERR479024;ERR479026"
"CCIS12656533ST-4-0",1,"ZellerG_2014","CRC","FRA",45546920,"ERR480528;ERR480527;ERR480526;ERR480525;ERR479032;ERR479030;ERR479029;ERR479031"
"CCIS14449628ST-4-0",1,"ZellerG_2014","CRC","FRA",51748595,"ERR480534;ERR480533;ERR479038;ERR479037"
"CCIS15704761ST-4-0",1,"ZellerG_2014","CRC","FRA",42764985,"ERR480536;ERR480535;ERR479040;ERR479039"
"CCIS17669415ST-4-0",1,"ZellerG_2014","CRC","FRA",69983469,"ERR480552;ERR480551;ERR480550;ERR480549;ERR479056;ERR479054;ERR479053;ERR479055"
"CCIS21278152ST-4-0",1,"ZellerG_2014","CRC","FRA",53183717,"ERR480562;ERR480561;ERR479066;ERR479065"
"CCIS22416007ST-4-0",1,"ZellerG_2014","CRC","FRA",90417909,"ERR480569;ERR480570;ERR480568;ERR480567;ERR479074;ERR479073;ERR479072;ERR479071"
"CCIS22958137ST-20-0",1,"ZellerG_2014","CRC","FRA",98059549,"ERR480573;ERR480574;ERR479078;ERR479077"
"CCIS24254057ST-4-0",1,"ZellerG_2014","CRC","FRA",133597487,"ERR480579;ERR480580;ERR479084;ERR479083"
"CCIS33816588ST-4-0",1,"ZellerG_2014","CRC","FRA",64242756,"ERR480609;ERR480608;ERR480607;ERR480610;ERR479114;ERR479113;ERR479112;ERR479111"
"CCIS34055159ST-4-0",1,"ZellerG_2014","CRC","FRA",46734542,"ERR480612;ERR480611;ERR480613;ERR479115;ERR479117;ERR479116"
"CCIS35100175ST-4-0",1,"ZellerG_2014","CRC","FRA",54177103,"ERR480622;ERR480621;ERR480620;ERR480623;ERR479125;ERR479124;ERR479127;ERR479126"
"CCIS38765456ST-20-0",1,"ZellerG_2014","CRC","FRA",81682982,"ERR480635;ERR480634;ERR479139;ERR479138"
"CCIS40244499ST-3-0",1,"ZellerG_2014","CRC","FRA",55812127,"ERR480637;ERR480636;ERR479140;ERR479141"
"CCIS41222843ST-4-0",1,"ZellerG_2014","CRC","FRA",90240238,"ERR480640;ERR480639;ERR480638;ERR480641;ERR479143;ERR479142;ERR479144;ERR479145"
"CCIS41288781ST-4-0",1,"ZellerG_2014","CRC","FRA",44391860,"ERR480643;ERR480642;ERR479147;ERR479146"
"CCIS41548810ST-4-0",1,"ZellerG_2014","CRC","FRA",55469214,"ERR480644;ERR480645;ERR479148;ERR479149"
"CCIS44757994ST-4-0",1,"ZellerG_2014","CRC","FRA",49916410,"ERR480662;ERR480661;ERR479166;ERR479165"
"CCIS46047672ST-4-0",1,"ZellerG_2014","CRC","FRA",42982745,"ERR480670;ERR480669;ERR479174;ERR479173"
"CCIS46467422ST-4-0",1,"ZellerG_2014","CRC","FRA",12659025,"ERR480672;ERR480671;ERR479176;ERR479175"
"CCIS47284573ST-4-0",1,"ZellerG_2014","CRC","FRA",39745148,"ERR480673;ERR480676;ERR480675;ERR480674;ERR479180;ERR479179;ERR479178;ERR479177"
"CCIS48725289ST-4-0",1,"ZellerG_2014","CRC","FRA",35971780,"ERR480689;ERR480690;ERR479194;ERR479193"
"CCIS50148151ST-4-0",1,"ZellerG_2014","CRC","FRA",54709150,"ERR480696;ERR480695;ERR479199;ERR479200"
"CCIS52370277ST-4-0",1,"ZellerG_2014","CRC","FRA",56128839,"ERR480717;ERR480718;ERR480716;ERR480715;ERR479222;ERR479221;ERR479220;ERR479219"
"CCIS53043478ST-4-0",1,"ZellerG_2014","CRC","FRA",41468101,"ERR480720;ERR480719;ERR479224;ERR479223"
"CCIS53355328ST-4-0",1,"ZellerG_2014","CRC","FRA",40022941,"ERR480722;ERR480721;ERR479226;ERR479225"
"CCIS55230578ST-4-0",1,"ZellerG_2014","CRC","FRA",62688390,"ERR480733;ERR480731;ERR480732;ERR479237;ERR479236;ERR479235"
"CCIS58234805ST-4-0",1,"ZellerG_2014","CRC","FRA",24459826,"ERR480740;ERR480739;ERR479244;ERR479243"
"CCIS59132091ST-4-0",1,"ZellerG_2014","CRC","FRA",103034276,"ERR480744;ERR480741;ERR480743;ERR480742;ERR479247;ERR479246;ERR479245;ERR479248"
"CCIS61287323ST-4-0",1,"ZellerG_2014","CRC","FRA",79673095,"ERR480749;ERR480748;ERR480747;ERR479252;ERR479253;ERR479251"
"CCIS62605362ST-3-0",1,"ZellerG_2014","CRC","FRA",134059337,"ERR480750;ERR479254"
"CCIS62794166ST-4-0",1,"ZellerG_2014","CRC","FRA",39333809,"ERR480754;ERR480752;ERR480751;ERR480753;ERR479258;ERR479257;ERR479255;ERR479256"
"CCIS65479369ST-4-0",1,"ZellerG_2014","CRC","FRA",16650614,"ERR480774;ERR480773;ERR480772;ERR480775;ERR479277;ERR479276;ERR479279;ERR479278"
"CCIS71301801ST-4-0",1,"ZellerG_2014","CRC","FRA",95671668,"ERR480781;ERR480780;ERR479285;ERR479284"
"CCIS72607085ST-4-0",1,"ZellerG_2014","CRC","FRA",46481994,"ERR480789;ERR480788;ERR480787;ERR480786;ERR479290;ERR479293;ERR479292;ERR479291"
"CCIS76845094ST-20-0",1,"ZellerG_2014","CRC","FRA",153432400,"ERR480798;ERR480799;ERR479303;ERR479302"
"CCIS77252613ST-4-0",1,"ZellerG_2014","CRC","FRA",89494083,"ERR480807;ERR480806;ERR480805;ERR480804;ERR479311;ERR479310;ERR479309;ERR479308"
"CCIS78318719ST-4-0",1,"ZellerG_2014","CRC","FRA",59124409,"ERR480813;ERR480814;ERR480812;ERR479318;ERR479317;ERR479316"
"CCIS81887263ST-4-0",1,"ZellerG_2014","CRC","FRA",89976522,"ERR480830;ERR480829;ERR480828;ERR480827;ERR479334;ERR479333;ERR479332;ERR479331"
"CCIS82146115ST-4-0",1,"ZellerG_2014","CRC","FRA",96243432,"ERR480834;ERR480833;ERR480832;ERR480831;ERR479338;ERR479337;ERR479336;ERR479335"
"CCIS83870198ST-4-0",1,"ZellerG_2014","CRC","FRA",75224196,"ERR480846;ERR480845;ERR480844;ERR479349;ERR479348;ERR479350"
"CCIS84543192ST-4-0",1,"ZellerG_2014","CRC","FRA",35125765,"ERR480848;ERR480847;ERR479351;ERR479352"
"CCIS85214191ST-3-0",1,"ZellerG_2014","CRC","FRA",60695192,"ERR480850;ERR480849;ERR479354;ERR479353"
"CCIS87116798ST-4-0",1,"ZellerG_2014","CRC","FRA",50624818,"ERR480852;ERR480851;ERR479356;ERR479355"
"CCIS87167916ST-4-0",1,"ZellerG_2014","CRC","FRA",50204707,"ERR480854;ERR480853;ERR479358;ERR479357"
"CCIS87252800ST-4-0",1,"ZellerG_2014","CRC","FRA",26015120,"ERR480857;ERR480856;ERR480855;ERR479361;ERR479359;ERR479360"
"CCIS87605453ST-4-0",1,"ZellerG_2014","CRC","FRA",83221305,"ERR480865;ERR480864;ERR480863;ERR480862;ERR479369;ERR479368;ERR479367;ERR479366"
"CCIS91228662ST-4-0",1,"ZellerG_2014","CRC","FRA",94076829,"ERR480885;ERR480886;ERR479390;ERR479389"
"CCIS98512455ST-4-0",1,"ZellerG_2014","CRC","FRA",46052438,"ERR480911;ERR480912;ERR479416;ERR479415"
"CCIS98832363ST-4-0",1,"ZellerG_2014","CRC","FRA",69793122,"ERR480914;ERR480913;ERR479418;ERR479417"
