model,sample_id,cohort,y_true,y_prob
mechanism_only,SID31004,FengQ_2015,1,0.4710403941502568
mechanism_only,SID31009,FengQ_2015,0,0.4710403941502568
mechanism_only,SID31021,FengQ_2015,0,0.4710403941502568
mechanism_only,SID31071,FengQ_2015,0,0.4710403941502568
mechanism_only,SID31112,FengQ_2015,0,0.5588401826495624
mechanism_only,SID31129,FengQ_2015,0,0.4710403941502568
mechanism_only,SID31159,FengQ_2015,1,0.4710403941502568
mechanism_only,SID31160,FengQ_2015,0,0.4710403941502568
mechanism_only,SID31188,FengQ_2015,1,0.5370335923008003
mechanism_only,SID31219,FengQ_2015,0,0.4710403941502568
mechanism_only,SID31223,FengQ_2015,1,0.5660070872778035
mechanism_only,SID31236,FengQ_2015,0,0.4710403941502568
mechanism_only,SID31237,FengQ_2015,1,0.4710403941502568
mechanism_only,SID31267,FengQ_2015,0,0.4710403941502568
mechanism_only,SID31276,FengQ_2015,1,0.4710403941502568
mechanism_only,SID31285,FengQ_2015,1,0.47837124153557203
mechanism_only,SID31300,FengQ_2015,0,0.4710403941502568
mechanism_only,SID31328,FengQ_2015,0,0.4710403941502568
mechanism_only,SID31333,FengQ_2015,0,0.4710403941502568
mechanism_only,SID31343,FengQ_2015,0,0.4710403941502568
mechanism_only,SID31360,FengQ_2015,0,0.4710403941502568
mechanism_only,SID31367,FengQ_2015,1,0.6607607636769988
mechanism_only,SID31379,FengQ_2015,0,0.5032014785494934
mechanism_only,SID31416,FengQ_2015,0,0.4710403941502568
mechanism_only,SID31428,FengQ_2015,0,0.4710403941502568
mechanism_only,SID31446,FengQ_2015,1,0.5658571901668527
mechanism_only,SID31450,FengQ_2015,0,0.49457780500012943
mechanism_only,SID31452,FengQ_2015,0,0.4710403941502568
mechanism_only,SID31489,FengQ_2015,1,0.4710403941502568
mechanism_only,SID31493,FengQ_2015,1,0.4710403941502568
mechanism_only,SID31512,FengQ_2015,0,0.4710403941502568
mechanism_only,SID31519,FengQ_2015,0,0.4710403941502568
mechanism_only,SID31537,FengQ_2015,0,0.7399343296030284
mechanism_only,SID31549,FengQ_2015,1,0.4710403941502568
mechanism_only,SID31557,FengQ_2015,0,0.5587434702716312
mechanism_only,SID31637,FengQ_2015,0,0.5037893599411472
mechanism_only,SID31685,FengQ_2015,1,0.4710403941502568
mechanism_only,SID31700,FengQ_2015,0,0.4710403941502568
mechanism_only,SID31711,FengQ_2015,0,0.4710403941502568
mechanism_only,SID31714,FengQ_2015,0,0.4710403941502568
mechanism_only,SID31723,FengQ_2015,0,0.4710403941502568
mechanism_only,SID31749,FengQ_2015,0,0.5643096911416194
mechanism_only,SID31750,FengQ_2015,0,0.4710403941502568
mechanism_only,SID31766,FengQ_2015,0,0.4710403941502568
mechanism_only,SID31865,FengQ_2015,1,0.5883193655224433
mechanism_only,SID31866,FengQ_2015,1,0.6558705923438923
mechanism_only,SID31868,FengQ_2015,1,0.5600166738400358
mechanism_only,SID31870,FengQ_2015,1,0.4710403941502568
mechanism_only,SID31871,FengQ_2015,1,0.4710403941502568
mechanism_only,SID31872,FengQ_2015,1,0.6043881582023053
mechanism_only,SID31873,FengQ_2015,1,0.4710403941502568
mechanism_only,SID31874,FengQ_2015,1,0.4710403941502568
mechanism_only,SID31875,FengQ_2015,1,0.4710403941502568
mechanism_only,SID31876,FengQ_2015,1,0.4710403941502568
mechanism_only,SID31877,FengQ_2015,1,0.4710403941502568
mechanism_only,SID31878,FengQ_2015,1,0.4710403941502568
mechanism_only,SID31879,FengQ_2015,1,0.4710403941502568
mechanism_only,SID31880,FengQ_2015,1,0.5988222614810728
mechanism_only,SID31881,FengQ_2015,1,0.4710403941502568
mechanism_only,SID31883,FengQ_2015,1,0.7388925519370622
mechanism_only,SID31884,FengQ_2015,1,0.4710403941502568
mechanism_only,SID530050,FengQ_2015,0,0.4710403941502568
mechanism_only,SID530052,FengQ_2015,0,0.4710403941502568
mechanism_only,SID530055,FengQ_2015,0,0.4710403941502568
mechanism_only,SID530074,FengQ_2015,0,0.4710403941502568
mechanism_only,SID530075,FengQ_2015,0,0.4710403941502568
mechanism_only,SID530119,FengQ_2015,0,0.4710403941502568
mechanism_only,SID530154,FengQ_2015,0,0.5654559782142807
mechanism_only,SID530163,FengQ_2015,0,0.6146700186802746
mechanism_only,SID530167,FengQ_2015,0,0.4710403941502568
mechanism_only,SID530177,FengQ_2015,0,0.4710403941502568
mechanism_only,SID530215,FengQ_2015,0,0.5297192971895718
mechanism_only,SID530227,FengQ_2015,0,0.6235561732271184
mechanism_only,SID530251,FengQ_2015,0,0.4710403941502568
mechanism_only,SID530258,FengQ_2015,0,0.4710403941502568
mechanism_only,SID530295,FengQ_2015,0,0.4710403941502568
mechanism_only,SID530315,FengQ_2015,0,0.4710403941502568
mechanism_only,SID530331,FengQ_2015,0,0.4710403941502568
mechanism_only,SID530364,FengQ_2015,0,0.5049621445481709
mechanism_only,SID530368,FengQ_2015,0,0.629857341461539
mechanism_only,SID530373,FengQ_2015,1,0.46243094234121607
mechanism_only,SID530394,FengQ_2015,0,0.5427781011847154
mechanism_only,SID530444,FengQ_2015,0,0.4710403941502568
mechanism_only,SID530451,FengQ_2015,0,0.4710403941502568
mechanism_only,SID530890,FengQ_2015,1,0.4710403941502568
mechanism_only,SID531128,FengQ_2015,1,0.4710403941502568
mechanism_only,SID531155,FengQ_2015,1,0.5225506320727502
mechanism_only,SID531248,FengQ_2015,1,0.4710403941502568
mechanism_only,SID531274,FengQ_2015,1,0.5647889135027601
mechanism_only,SID531277,FengQ_2015,1,0.4710403941502568
mechanism_only,SID531281,FengQ_2015,1,0.4710403941502568
mechanism_only,SID531333,FengQ_2015,1,0.705597545586402
mechanism_only,SID531352,FengQ_2015,1,0.4710403941502568
mechanism_only,SID531361,FengQ_2015,1,0.4710403941502568
mechanism_only,SID531382,FengQ_2015,1,0.4710403941502568
mechanism_only,SID531414,FengQ_2015,0,0.4710403941502568
mechanism_only,SID531416,FengQ_2015,1,0.5498469184962227
mechanism_only,SID531424,FengQ_2015,0,0.4710403941502568
mechanism_only,SID531469,FengQ_2015,1,0.5516190349887713
mechanism_only,SID531766,FengQ_2015,1,0.5516470654313809
mechanism_only,SID531775,FengQ_2015,1,0.5273818289458027
mechanism_only,SID532749,FengQ_2015,0,0.4898428724147434
mechanism_only,SID532779,FengQ_2015,0,0.4710403941502568
mechanism_only,SID532796,FengQ_2015,0,0.5224413270099457
mechanism_only,SID532802,FengQ_2015,0,0.4710403941502568
mechanism_only,SID532826,FengQ_2015,0,0.6883725047692587
mechanism_only,SID532915,FengQ_2015,0,0.4710403941502568
mechanism_only,GupDM_JP,GuptaA_2019,1,0.46827713644425234
mechanism_only,GupDM_JG,GuptaA_2019,1,0.46827713644425234
mechanism_only,GupDM_A4,GuptaA_2019,1,0.46827713644425234
mechanism_only,GupDM_JM,GuptaA_2019,1,0.46827713644425234
mechanism_only,GupDM_A13,GuptaA_2019,1,0.5362516889801074
mechanism_only,GupDM_JK,GuptaA_2019,1,0.46827713644425234
mechanism_only,GupDM_JI,GuptaA_2019,1,0.46827713644425234
mechanism_only,GupDM_A7,GuptaA_2019,1,0.4757697807463665
mechanism_only,GupDM_A2,GuptaA_2019,1,0.46827713644425234
mechanism_only,GupDM_A_11,GuptaA_2019,1,0.46827713644425234
mechanism_only,GupDM_JC,GuptaA_2019,1,0.46827713644425234
mechanism_only,GupDM_JN,GuptaA_2019,1,0.46827713644425234
mechanism_only,GupDM_JJ,GuptaA_2019,1,0.46827713644425234
mechanism_only,GupDM_JO,GuptaA_2019,1,0.46827713644425234
mechanism_only,GupDM_A1,GuptaA_2019,1,0.5515808704597274
mechanism_only,GupDM_JE,GuptaA_2019,1,0.46827713644425234
mechanism_only,GupDM_A12,GuptaA_2019,1,0.48321504082777267
mechanism_only,GupDM_JL,GuptaA_2019,1,0.46827713644425234
mechanism_only,GupDM_A14,GuptaA_2019,1,0.46827713644425234
mechanism_only,GupDM_A8,GuptaA_2019,1,0.46827713644425234
mechanism_only,GupDM_A3,GuptaA_2019,1,0.6748052958532695
mechanism_only,GupDM_A10,GuptaA_2019,1,0.4758277000187987
mechanism_only,GupDM_A5,GuptaA_2019,1,0.46827713644425234
mechanism_only,GupDM_A_15,GuptaA_2019,1,0.46827713644425234
mechanism_only,GupDM_JH,GuptaA_2019,1,0.46827713644425234
mechanism_only,GupDM_JD,GuptaA_2019,1,0.46827713644425234
mechanism_only,GupDM_A9,GuptaA_2019,1,0.46827713644425234
mechanism_only,GupDM_A6,GuptaA_2019,1,0.5014110521813083
mechanism_only,GupDM_JB,GuptaA_2019,1,0.46827713644425234
mechanism_only,GupDM_JA,GuptaA_2019,1,0.46827713644425234
mechanism_only,GupDM_HAK,GuptaA_2019,0,0.46827713644425234
mechanism_only,GupDM_HAJ,GuptaA_2019,0,0.46827713644425234
mechanism_only,GupDM_HAI,GuptaA_2019,0,0.46827713644425234
mechanism_only,GupDM_HAH,GuptaA_2019,0,0.46827713644425234
mechanism_only,GupDM_HAG,GuptaA_2019,0,0.46827713644425234
mechanism_only,GupDM_HAL,GuptaA_2019,0,0.46827713644425234
mechanism_only,GupDM_HAM,GuptaA_2019,0,0.46827713644425234
mechanism_only,GupDM_HAN,GuptaA_2019,0,0.46827713644425234
mechanism_only,GupDM_HAO,GuptaA_2019,0,0.46827713644425234
mechanism_only,GupDM_HAP,GuptaA_2019,0,0.46827713644425234
mechanism_only,GupDM_HAR,GuptaA_2019,0,0.46827713644425234
mechanism_only,GupDM_HAT,GuptaA_2019,0,0.46827713644425234
mechanism_only,GupDM_HDF,GuptaA_2019,0,0.46827713644425234
mechanism_only,GupDM_HDB,GuptaA_2019,0,0.46827713644425234
mechanism_only,GupDM_HCY,GuptaA_2019,0,0.46827713644425234
mechanism_only,GupDM_HCL,GuptaA_2019,0,0.46827713644425234
mechanism_only,GupDM_HCU,GuptaA_2019,0,0.475704059219699
mechanism_only,GupDM_HCV,GuptaA_2019,0,0.46827713644425234
mechanism_only,GupDM_HCQ,GuptaA_2019,0,0.46827713644425234
mechanism_only,GupDM_HCR,GuptaA_2019,0,0.46827713644425234
mechanism_only,GupDM_HCS,GuptaA_2019,0,0.46827713644425234
mechanism_only,GupDM_HCT,GuptaA_2019,0,0.47581103815904224
mechanism_only,GupDM_HCM,GuptaA_2019,0,0.46827713644425234
mechanism_only,GupDM_HCN,GuptaA_2019,0,0.46827713644425234
mechanism_only,GupDM_HCO,GuptaA_2019,0,0.46827713644425234
mechanism_only,GupDM_HCP,GuptaA_2019,0,0.46827713644425234
mechanism_only,GupDM_HP,GuptaA_2019,0,0.46827713644425234
mechanism_only,GupDM_HS,GuptaA_2019,0,0.46827713644425234
mechanism_only,GupDM_HR,GuptaA_2019,0,0.46827713644425234
mechanism_only,GupDM_HBR,GuptaA_2019,0,0.46827713644425234
mechanism_only,LILT_GF06_16,ThomasAM_2018a,0,0.46922966355654877
mechanism_only,LILT_GF15_16,ThomasAM_2018a,1,0.46922966355654877
mechanism_only,LILT_VF00TL_16,ThomasAM_2018a,0,0.46922966355654877
mechanism_only,LILT_VF06_16,ThomasAM_2018a,0,0.46922966355654877
mechanism_only,LILT_VF100_T016,ThomasAM_2018a,1,0.46922966355654877
mechanism_only,LILT_VF107_16,ThomasAM_2018a,1,0.5505312821213584
mechanism_only,LILT_VF114_T017,ThomasAM_2018a,1,0.475472956158893
mechanism_only,LILT_VF120_16,ThomasAM_2018a,1,0.46922966355654877
mechanism_only,LILT_VF145_T017,ThomasAM_2018a,1,0.46922966355654877
mechanism_only,LILT_VF154_T017,ThomasAM_2018a,1,0.46922966355654877
mechanism_only,LILT_VF166_T017,ThomasAM_2018a,1,0.46922966355654877
mechanism_only,LILT_VF174_T017,ThomasAM_2018a,1,0.46922966355654877
mechanism_only,LILT_VF176_T017,ThomasAM_2018a,1,0.46922966355654877
mechanism_only,LILT_VF192_T017,ThomasAM_2018a,1,0.46922966355654877
mechanism_only,LILT_VF29_16,ThomasAM_2018a,1,0.46922966355654877
mechanism_only,LILT_VF31_16,ThomasAM_2018a,0,0.46922966355654877
mechanism_only,LILT_VF40_16,ThomasAM_2018a,0,0.46922966355654877
mechanism_only,LILT_VF43_16,ThomasAM_2018a,0,0.46922966355654877
mechanism_only,LILT_VF65_16,ThomasAM_2018a,1,0.46922966355654877
mechanism_only,LILT_VF71_16,ThomasAM_2018a,1,0.7008266960577764
mechanism_only,LILT_VF73_16,ThomasAM_2018a,1,0.46922966355654877
mechanism_only,LILT_VF77_16,ThomasAM_2018a,1,0.46922966355654877
mechanism_only,LILT_VF84_16,ThomasAM_2018a,0,0.46922966355654877
mechanism_only,LILT_VF95_16,ThomasAM_2018a,1,0.46922966355654877
mechanism_only,LILT_VF270_T017,ThomasAM_2018a,1,0.46922966355654877
mechanism_only,LILT_VF207_T017,ThomasAM_2018a,1,0.5527360797289974
mechanism_only,LILT_VF234_T017,ThomasAM_2018a,1,0.46922966355654877
mechanism_only,LILT_VF217_T017,ThomasAM_2018a,1,0.46922966355654877
mechanism_only,LILT_VF273_T017,ThomasAM_2018a,1,0.48947957792271235
mechanism_only,LILT_VF208_T017,ThomasAM_2018a,1,0.46922966355654877
mechanism_only,LILT_VF281_T017,ThomasAM_2018a,1,0.5497226376404318
mechanism_only,LILT_VF216_T017,ThomasAM_2018a,1,0.4753399783773791
mechanism_only,LILT_VF232_T017,ThomasAM_2018a,1,0.46922966355654877
mechanism_only,LILT_VF264_T017,ThomasAM_2018a,1,0.46922966355654877
mechanism_only,LILT_VF251_T017,ThomasAM_2018a,1,0.46922966355654877
mechanism_only,LILT_VF259_T016,ThomasAM_2018a,0,0.46922966355654877
mechanism_only,LILT_VF255_T016,ThomasAM_2018a,0,0.46922966355654877
mechanism_only,LILT_VF170_T016,ThomasAM_2018a,0,0.46922966355654877
mechanism_only,LILT_VF206_T016,ThomasAM_2018a,0,0.46922966355654877
mechanism_only,LILT_VF212_T016,ThomasAM_2018a,0,0.46922966355654877
mechanism_only,LILT_VF261_T016,ThomasAM_2018a,0,0.46922966355654877
mechanism_only,LILT_VF262_T016,ThomasAM_2018a,0,0.46922966355654877
mechanism_only,LILT_VF263_T016,ThomasAM_2018a,0,0.46922966355654877
mechanism_only,LILT_VF265_T016,ThomasAM_2018a,0,0.46922966355654877
mechanism_only,LILT_VF279_T016,ThomasAM_2018a,0,0.46922966355654877
mechanism_only,LILT_VF300_T016,ThomasAM_2018a,1,0.5487446415286417
mechanism_only,LILT_VF10_T016,ThomasAM_2018a,0,0.46922966355654877
mechanism_only,LILT_VF140_T016,ThomasAM_2018a,0,0.5584004283023196
mechanism_only,LILT_VF171_T016,ThomasAM_2018a,0,0.4752908672266378
mechanism_only,LILT_VF18_T016,ThomasAM_2018a,0,0.46922966355654877
mechanism_only,LILT_VF189_T016,ThomasAM_2018a,0,0.5486917965313195
mechanism_only,LILT_VF28_T016,ThomasAM_2018a,0,0.5582158625505044
mechanism_only,LILT_VF82_T016,ThomasAM_2018a,0,0.46922966355654877
mechanism_only,CRC_MR_SBJ01C_17,ThomasAM_2018b,1,0.5185977557734175
mechanism_only,CRC_MR_SBJ02C_17,ThomasAM_2018b,1,0.46922966355654877
mechanism_only,CRC_MR_SBJ03H_17,ThomasAM_2018b,0,0.5363846301796508
mechanism_only,CRC_MR_SBJ04C_17,ThomasAM_2018b,1,0.46922966355654877
mechanism_only,CRC_MR_SBJ05C_17,ThomasAM_2018b,1,0.46922966355654877
mechanism_only,CRC_MR_SBJ06C_17,ThomasAM_2018b,1,0.47537267606609
mechanism_only,CRC_MR_SBJ07C_17,ThomasAM_2018b,1,0.5873826288912493
mechanism_only,CRC_MR_SBJ10C_17,ThomasAM_2018b,1,0.4753131433506203
mechanism_only,CRC_MR_SBJ11C_17,ThomasAM_2018b,1,0.5917438334865068
mechanism_only,CRC_MR_SBJ12C_17,ThomasAM_2018b,1,0.46922966355654877
mechanism_only,CRC_MR_SBJ16H_17,ThomasAM_2018b,0,0.46922966355654877
mechanism_only,CRC_MR_SBJ17H_17,ThomasAM_2018b,0,0.46922966355654877
mechanism_only,CRC_MR_SBJ18H_17,ThomasAM_2018b,0,0.46922966355654877
mechanism_only,CRC_MR_SBJ20C_17,ThomasAM_2018b,1,0.632121441591008
mechanism_only,CRC_MR_SBJ21H_17,ThomasAM_2018b,0,0.46922966355654877
mechanism_only,CRC_MR_SBJ22C_17,ThomasAM_2018b,1,0.6523847746787246
mechanism_only,CRC_MR_SBJ24H_17,ThomasAM_2018b,0,0.5918022172934574
mechanism_only,CRC_MR_SBJ25C_17,ThomasAM_2018b,1,0.46922966355654877
mechanism_only,CRC_MR_SBJ26C_17,ThomasAM_2018b,1,0.46922966355654877
mechanism_only,CRC_MR_SBJ27C_17,ThomasAM_2018b,1,0.46922966355654877
mechanism_only,CRC_MR_SBJ29C_17,ThomasAM_2018b,1,0.46922966355654877
mechanism_only,CRC_MR_SBJ31C_17,ThomasAM_2018b,1,0.46922966355654877
mechanism_only,CRC_MR_SBJ32C_17,ThomasAM_2018b,1,0.46922966355654877
mechanism_only,CRC_MR_SBJ33C_17,ThomasAM_2018b,1,0.46922966355654877
mechanism_only,CRC_MR_SBJ34H_17,ThomasAM_2018b,0,0.45578967771011314
mechanism_only,CRC_MR_SBJ35C_17,ThomasAM_2018b,1,0.46922966355654877
mechanism_only,CRC_MR_SBJ36C_17,ThomasAM_2018b,1,0.5504090188552947
mechanism_only,CRC_MR_SBJ37H_17,ThomasAM_2018b,0,0.46922966355654877
mechanism_only,CRC_MR_SBJ39C_17,ThomasAM_2018b,1,0.6082835528264375
mechanism_only,CRC_MR_SBJ40C_17,ThomasAM_2018b,1,0.46922966355654877
mechanism_only,CRC_MR_SBJ42C_17,ThomasAM_2018b,1,0.5467616580891852
mechanism_only,CRC_MR_SBJ45H_17,ThomasAM_2018b,0,0.46922966355654877
mechanism_only,CRC_MR_SBJ46H_17,ThomasAM_2018b,0,0.46922966355654877
mechanism_only,CRC_MR_SBJ47C_17,ThomasAM_2018b,1,0.46922966355654877
mechanism_only,CRC_MR_SBJ49C_17,ThomasAM_2018b,1,0.46922966355654877
mechanism_only,CRC_MR_SBJ50C_17,ThomasAM_2018b,1,0.46922966355654877
mechanism_only,CRC_MR_SBJ51C_17,ThomasAM_2018b,1,0.46922966355654877
mechanism_only,CRC_MR_SBJ52C_17,ThomasAM_2018b,1,0.46922966355654877
mechanism_only,CRC_MR_SBJ53C_17,ThomasAM_2018b,1,0.46922966355654877
mechanism_only,CRC_MR_SBJ55C_17,ThomasAM_2018b,1,0.46922966355654877
mechanism_only,CRC_MR_SBJ57H_17,ThomasAM_2018b,0,0.46922966355654877
mechanism_only,CRC_MR_SBJ60H_17,ThomasAM_2018b,0,0.46922966355654877
mechanism_only,CRC_MR_SBJ61C_17,ThomasAM_2018b,1,0.5724233542045681
mechanism_only,CRC_MR_SBJ63H_17,ThomasAM_2018b,0,0.5849697231730616
mechanism_only,CRC_MR_SBJ64C_17,ThomasAM_2018b,1,0.46922966355654877
mechanism_only,CRC_MR_SBJ65H_17,ThomasAM_2018b,0,0.46922966355654877
mechanism_only,CRC_MR_SBJ67H_17,ThomasAM_2018b,0,0.4753558841226187
mechanism_only,CRC_MR_SBJ68H_17,ThomasAM_2018b,0,0.46922966355654877
mechanism_only,CRC_MR_SBJ69H_17,ThomasAM_2018b,0,0.46922966355654877
mechanism_only,CRC_MR_SBJ73H_17,ThomasAM_2018b,0,0.46922966355654877
mechanism_only,CRC_MR_SBJ74H_17,ThomasAM_2018b,0,0.46922966355654877
mechanism_only,CRC_MR_SBJ75H_17,ThomasAM_2018b,0,0.46922966355654877
mechanism_only,CRC_MR_SBJ77H_17,ThomasAM_2018b,0,0.46922966355654877
mechanism_only,CRC_MR_SBJ78H_17,ThomasAM_2018b,0,0.45160262083892
mechanism_only,CRC_MR_SBJ79H_17,ThomasAM_2018b,0,0.6419326804362491
mechanism_only,CRC_MR_SBJ80H_17,ThomasAM_2018b,0,0.4899524032233296
mechanism_only,CRC_MR_SBJ81H_17,ThomasAM_2018b,0,0.7261806602297398
mechanism_only,CRC_MR_SBJ82H_17,ThomasAM_2018b,0,0.5061453497782407
mechanism_only,CRC_MR_SBJ83H_17,ThomasAM_2018b,0,0.46922966355654877
mechanism_only,CRC_MR_SBJ84H_17,ThomasAM_2018b,0,0.46922966355654877
mechanism_only,mix1_N702-N505_CGTACTAG-GTAAGGAG,ThomasAM_2019_c,0,0.7078202126448134
mechanism_only,mix3_N707-N505_CTCTCTAC-GTAAGGAG,ThomasAM_2019_c,0,0.43599044635997813
mechanism_only,mix3_N705-N506_GGACTCCT-ACTGCATA,ThomasAM_2019_c,1,0.6853350762566685
mechanism_only,mix3_N706-N506_TAGGCATG-ACTGCATA,ThomasAM_2019_c,0,0.4618375234392401
mechanism_only,mix2_N707-N503_CTCTCTAC-TATCCTCT,ThomasAM_2019_c,0,0.4618375234392401
mechanism_only,mix6_N707-N504_CTCTCTAC-AGAGTAGA,ThomasAM_2019_c,1,0.6479279235637856
mechanism_only,mix2_N708-N504_CAGAGAGG-AGAGTAGA,ThomasAM_2019_c,0,0.6672207682751287
mechanism_only,mix2_N711-N504_AAGAGGCA-AGAGTAGA,ThomasAM_2019_c,1,0.6276453767760245
mechanism_only,AHCT5GADXX.N703-S501_AGGCAGAA-TAGATCGC,ThomasAM_2019_c,1,0.5100763577902634
mechanism_only,BHCNG3ADXX.N705-S502_GGACTCCT-CTCTCTAT,ThomasAM_2019_c,0,0.4618375234392401
mechanism_only,BHCNG3ADXX.N708-S502_CAGAGAGG-CTCTCTAT,ThomasAM_2019_c,1,0.4618375234392401
mechanism_only,HGKT5ADXX_PG0662_09A0202_H2,ThomasAM_2019_c,0,0.4618375234392401
mechanism_only,BHCNG3ADXX.N709-S502_GCTACGCT-CTCTCTAT,ThomasAM_2019_c,1,0.4618375234392401
mechanism_only,BHCNG3ADXX.N711-S502_AAGAGGCA-CTCTCTAT,ThomasAM_2019_c,1,0.4618375234392401
mechanism_only,mix20-N702-S501_CGTACTAG-TAGATCGC,ThomasAM_2019_c,0,0.4781001531183477
mechanism_only,BHCNG3ADXX.N701-S503_TAAGGCGA-TATCCTCT,ThomasAM_2019_c,1,0.6036382258250905
mechanism_only,BHCNJJADXX.N703-S503_AGGCAGAA-TATCCTCT,ThomasAM_2019_c,1,0.4618375234392401
mechanism_only,BHCNJJADXX.N705-S503_GGACTCCT-TATCCTCT,ThomasAM_2019_c,1,0.6549825194091802
mechanism_only,BHCNJJADXX.N708-S503_CAGAGAGG-TATCCTCT,ThomasAM_2019_c,0,0.6697670367007027
mechanism_only,mix21_mix22-N705-S502_GGACTCCT-CTCTCTAT,ThomasAM_2019_c,0,0.4618375234392401
mechanism_only,AHCNC2ADXX.N708_CAGAGAGG,ThomasAM_2019_c,1,0.4618375234392401
mechanism_only,AHCNC2ADXX.N710_CGAGGCTG,ThomasAM_2019_c,1,0.5409143304641931
mechanism_only,mix23_mix24-N703-S503_AGGCAGAA-TATCCTCT,ThomasAM_2019_c,0,0.4618375234392401
mechanism_only,BHCTGKADXX.N707-S505_CTCTCTAC-GTAAGGAG,ThomasAM_2019_c,0,0.4618375234392401
mechanism_only,BHCNFHADXX.N710-S505_CGAGGCTG-GTAAGGAG,ThomasAM_2019_c,1,0.898271981500914
mechanism_only,BHCNK3ADXX.N711-S506_AAGAGGCA-ACTGCATA,ThomasAM_2019_c,0,0.6539282975004544
mechanism_only,BHCNK3ADXX.N712-S506_GTAGAGGA-ACTGCATA,ThomasAM_2019_c,1,0.4618375234392401
mechanism_only,mix29_mix30-N710_CGAGGCTG,ThomasAM_2019_c,0,0.4618375234392401
mechanism_only,BHCNK3ADXX.N706-S507_TAGGCATG-AAGGAGTA,ThomasAM_2019_c,0,0.6355936483625945
mechanism_only,mix31_mix32-N702-S506_CGTACTAG-ACTGCATA,ThomasAM_2019_c,0,0.4618375234392401
mechanism_only,AHCNMFADXX.N709-S507_GCTACGCT-AAGGAGTA,ThomasAM_2019_c,1,0.4618375234392401
mechanism_only,AHCNMFADXX.N712-S507_GTAGAGGA-AAGGAGTA,ThomasAM_2019_c,0,0.4618375234392401
mechanism_only,AHCNMFADXX.N703-S508_AGGCAGAA-CTAAGCCT,ThomasAM_2019_c,1,0.6167114194285979
mechanism_only,mix31_mix32-N705-S506_GGACTCCT-ACTGCATA,ThomasAM_2019_c,0,0.4618375234392401
mechanism_only,BHCNM7ADXX.N712-S508_GTAGAGGA-CTAAGCCT,ThomasAM_2019_c,0,0.4618375234392401
mechanism_only,BHCNM7ADXX.N701-S511_TAAGGCGA-TCTCTCCG,ThomasAM_2019_c,0,0.4618375234392401
mechanism_only,mix33_mix34-N711-S506_AAGAGGCA-ACTGCATA,ThomasAM_2019_c,0,0.4618375234392401
mechanism_only,mix33_mix34-N712-S506_GTAGAGGA-ACTGCATA,ThomasAM_2019_c,0,0.4618375234392401
mechanism_only,mix35_mix36-N712-S507_GTAGAGGA-AAGGAGTA,ThomasAM_2019_c,1,0.4618375234392401
mechanism_only,HGK7MADXX_PG0662_19A0305_H3_L001,ThomasAM_2019_c,1,0.6675405609195634
mechanism_only,HGK7MADXX_PG0662_87A0503_H3_L002,ThomasAM_2019_c,1,0.6106257781278407
mechanism_only,HGKMWADXX_PG0662_92A0617_H3_L001,ThomasAM_2019_c,1,0.4618375234392401
mechanism_only,HGKMWADXX_PG0662_95A0604_H3_L002,ThomasAM_2019_c,0,0.4618375234392401
mechanism_only,HGKYVADXX_PG0662_98A0607_H3_L001,ThomasAM_2019_c,0,0.4618375234392401
mechanism_only,HGKYVADXX_PG0662_104A0704_H3_L001,ThomasAM_2019_c,0,0.4618375234392401
mechanism_only,HGKMWADXX_PG0662_166A0807_H3_L002,ThomasAM_2019_c,1,0.4618375234392401
mechanism_only,HGKFCADXX_PG0662_168A0902_H3_L001,ThomasAM_2019_c,0,0.5185544475507318
mechanism_only,HGK52ADXX_PG0662_172A0906_H3_L001,ThomasAM_2019_c,1,0.4618375234392401
mechanism_only,HGKY7ADXX_PG0662_178A0104_H1_L002,ThomasAM_2019_c,0,0.4804328552301929
mechanism_only,HGKY7ADXX_PG0662_179A0105_H1_L002,ThomasAM_2019_c,0,0.4618375234392401
mechanism_only,HGKY7ADXX_PG0662_182A0217_H1_L002,ThomasAM_2019_c,1,0.4618375234392401
mechanism_only,HGKY7ADXX_PG0662_239A0206_H1_L001,ThomasAM_2019_c,1,0.4618375234392401
mechanism_only,HGKYWADXX_PG0662_245A0305_H1_L002,ThomasAM_2019_c,1,0.4618375234392401
mechanism_only,HGKYWADXX_PG0662_249A0402_H1_L002,ThomasAM_2019_c,0,0.4618375234392401
mechanism_only,HGKYWADXX_PG0662_255A0407_H1_L001,ThomasAM_2019_c,1,0.5121884284427182
mechanism_only,HGKYWADXX_PG0662_259A0504_H1_L001,ThomasAM_2019_c,1,0.685614004378963
mechanism_only,HGKYVADXX_PG0662_320A0604_H1_L002,ThomasAM_2019_c,0,0.4952485578650447
mechanism_only,HGKY5ADXX_PG0662_332A0817_H1_L001,ThomasAM_2019_c,1,0.4618375234392401
mechanism_only,HJK7MADXX_PG0783_04A0104_H1_L002,ThomasAM_2019_c,1,0.4618375234392401
mechanism_only,HJKJJADXX_PG0783_14A0207_H1_L001,ThomasAM_2019_c,0,0.4618375234392401
mechanism_only,HJKJ2ADXX_PG0783_19A0305_H1_L001,ThomasAM_2019_c,0,0.4618375234392401
mechanism_only,HJK7VADXX_PG0783_22A0417_H1_L001,ThomasAM_2019_c,1,0.4618375234392401
mechanism_only,HJK7VADXX_PG0783_23A0402_H1_L002,ThomasAM_2019_c,1,0.478365477941551
mechanism_only,HJK7MADXX_PG0783_24A0403_H1_L001,ThomasAM_2019_c,0,0.47539287710388
mechanism_only,HJKJ2ADXX_PG0783_27A0405_H1_L001,ThomasAM_2019_c,1,0.4618375234392401
mechanism_only,HJK7VADXX_PG0783_31A0502_H1_L002,ThomasAM_2019_c,0,0.4785510344508129
mechanism_only,HJKHTADXX_PG0783_55A0104_H1_L001,ThomasAM_2019_c,0,0.6278549102813442
mechanism_only,HJKHTADXX_PG0783_65A0205_H1_L002,ThomasAM_2019_c,1,0.5585852476253518
mechanism_only,HJKNLADXX_PG0783_67A0207_H1_L002,ThomasAM_2019_c,0,0.4618375234392401
mechanism_only,HJKHJADXX_PG0783_75A0417_H1_L001,ThomasAM_2019_c,1,0.4618375234392401
mechanism_only,HJKNLADXX_PG0783_82A0407_H1_L002,ThomasAM_2019_c,0,0.671368043872687
mechanism_only,HJKNLADXX_PG0783_89A0507_H1_L002,ThomasAM_2019_c,1,0.6514758347845404
mechanism_only,HJKJJADXX_PG0783_92A0603_H1_L002,ThomasAM_2019_c,1,0.7307730321406315
mechanism_only,HJKHJADXX_PG0783_98A0717_H1_L001,ThomasAM_2019_c,1,0.4618375234392401
mechanism_only,HJK7NADXX_PG0783_110A0106_H1_L002,ThomasAM_2019_c,0,0.4618375234392401
mechanism_only,HJKTNADXX_PG0783_113A0203_H1_L001,ThomasAM_2019_c,0,0.4618375234392401
mechanism_only,HJK7NADXX_PG0783_128A0406_H1_L002,ThomasAM_2019_c,1,0.48413336608653523
mechanism_only,HJKTNADXX_PG0783_132A0504_H1_L002,ThomasAM_2019_c,1,0.4618375234392401
mechanism_only,HJKTNADXX_PG0783_145A0703_H1_L001,ThomasAM_2019_c,1,0.4618375234392401
mechanism_only,HJKTNADXX_PG0783_147A0704_H1_L002,ThomasAM_2019_c,0,0.4618375234392401
mechanism_only,MMRS11288076ST-27-0-0,VogtmannE_2016,0,0.468768852952192
mechanism_only,MMRS11932626ST-27-0-0,VogtmannE_2016,0,0.468768852952192
mechanism_only,MMRS12272136ST-27-0-0,VogtmannE_2016,1,0.468768852952192
mechanism_only,MMRS14379078ST-27-0-0,VogtmannE_2016,1,0.45813497933529856
mechanism_only,MMRS14602194ST-27-0-0,VogtmannE_2016,1,0.468768852952192
mechanism_only,MMRS15137911ST-27-0-0,VogtmannE_2016,1,0.512919138745931
mechanism_only,MMRS16644320ST-27-0-0,VogtmannE_2016,1,0.468768852952192
mechanism_only,MMRS17603756ST-27-0-0,VogtmannE_2016,0,0.468768852952192
mechanism_only,MMRS17963147ST-27-0-0,VogtmannE_2016,0,0.468768852952192
mechanism_only,MMRS18295921ST-27-0-0,VogtmannE_2016,1,0.468768852952192
mechanism_only,MMRS20257302ST-27-0-0,VogtmannE_2016,0,0.468768852952192
mechanism_only,MMRS21365932ST-27-0-0,VogtmannE_2016,0,0.49942923766122327
mechanism_only,MMRS24340226ST-27-0-0,VogtmannE_2016,1,0.546149069315893
mechanism_only,MMRS25211151ST-27-0-0,VogtmannE_2016,0,0.468768852952192
mechanism_only,MMRS25641480ST-27-0-0,VogtmannE_2016,1,0.6029868852149425
mechanism_only,MMRS29805707ST-27-0-0,VogtmannE_2016,0,0.4583633339582942
mechanism_only,MMRS31306426ST-27-0-0,VogtmannE_2016,1,0.43599810844762926
mechanism_only,MMRS32573774ST-27-0-0,VogtmannE_2016,0,0.45267680938294413
mechanism_only,MMRS33294861ST-27-0-0,VogtmannE_2016,0,0.468768852952192
mechanism_only,MMRS34525504ST-27-0-0,VogtmannE_2016,1,0.468768852952192
mechanism_only,MMRS34569532ST-27-0-0,VogtmannE_2016,0,0.468768852952192
mechanism_only,MMRS35808664ST-27-0-0,VogtmannE_2016,0,0.47681768341210756
mechanism_only,MMRS36405092ST-27-0-0,VogtmannE_2016,0,0.4361042986973449
mechanism_only,MMRS38861560ST-27-0-0,VogtmannE_2016,0,0.468768852952192
mechanism_only,MMRS38954404ST-27-0-0,VogtmannE_2016,0,0.468768852952192
mechanism_only,MMRS39415781ST-27-0-0,VogtmannE_2016,0,0.468768852952192
mechanism_only,MMRS39582183ST-27-0-0,VogtmannE_2016,0,0.468768852952192
mechanism_only,MMRS40913371ST-27-0-0,VogtmannE_2016,0,0.468768852952192
mechanism_only,MMRS41266697ST-27-0-0,VogtmannE_2016,1,0.468768852952192
mechanism_only,MMRS41711735ST-27-0-0,VogtmannE_2016,1,0.468768852952192
mechanism_only,MMRS42780924ST-27-0-0,VogtmannE_2016,1,0.468768852952192
mechanism_only,MMRS43563715ST-27-0-0,VogtmannE_2016,1,0.5035740283074138
mechanism_only,MMRS43939546ST-27-0-0,VogtmannE_2016,1,0.5730162841148045
mechanism_only,MMRS44197125ST-27-0-0,VogtmannE_2016,1,0.468768852952192
mechanism_only,MMRS44203591ST-27-0-0,VogtmannE_2016,1,0.5956705273743782
mechanism_only,MMRS44587603ST-27-0-0,VogtmannE_2016,1,0.468768852952192
mechanism_only,MMRS47662059ST-27-0-0,VogtmannE_2016,1,0.4768790798193852
mechanism_only,MMRS47685461ST-27-0-0,VogtmannE_2016,1,0.6048682297080143
mechanism_only,MMRS51307502ST-27-0-0,VogtmannE_2016,0,0.468768852952192
mechanism_only,MMRS51410669ST-27-0-0,VogtmannE_2016,1,0.468768852952192
mechanism_only,MMRS51728985ST-27-0-0,VogtmannE_2016,1,0.468768852952192
mechanism_only,MMRS51737257ST-27-0-0,VogtmannE_2016,0,0.44356698589520144
mechanism_only,MMRS54246132ST-27-0-0,VogtmannE_2016,0,0.468768852952192
mechanism_only,MMRS54316675ST-27-0-0,VogtmannE_2016,1,0.468768852952192
mechanism_only,MMRS55294627ST-27-0-0,VogtmannE_2016,1,0.468768852952192
mechanism_only,MMRS56137463ST-27-0-0,VogtmannE_2016,0,0.468768852952192
mechanism_only,MMRS57276462ST-27-0-0,VogtmannE_2016,0,0.468768852952192
mechanism_only,MMRS57569834ST-27-0-0,VogtmannE_2016,0,0.468768852952192
mechanism_only,MMRS59699117ST-27-0-0,VogtmannE_2016,1,0.468768852952192
mechanism_only,MMRS61683006ST-27-0-0,VogtmannE_2016,0,0.44420003337489045
mechanism_only,MMRS62192467ST-27-0-0,VogtmannE_2016,0,0.468768852952192
mechanism_only,MMRS62376181ST-27-0-0,VogtmannE_2016,1,0.468768852952192
mechanism_only,MMRS62666492ST-27-0-0,VogtmannE_2016,0,0.468768852952192
mechanism_only,MMRS64281211ST-27-0-0,VogtmannE_2016,1,0.468768852952192
mechanism_only,MMRS64281551ST-27-0-0,VogtmannE_2016,0,0.468768852952192
mechanism_only,MMRS65205033ST-27-0-0,VogtmannE_2016,1,0.5009548431770778
mechanism_only,MMRS65742083ST-27-0-0,VogtmannE_2016,0,0.5807707699281975
mechanism_only,MMRS65862658ST-27-0-0,VogtmannE_2016,0,0.468768852952192
mechanism_only,MMRS65945127ST-27-0-0,VogtmannE_2016,1,0.49950487164608914
mechanism_only,MMRS66868025ST-27-0-0,VogtmannE_2016,0,0.468768852952192
mechanism_only,MMRS67096717ST-27-0-0,VogtmannE_2016,0,0.525235149840716
mechanism_only,MMRS67247116ST-27-0-0,VogtmannE_2016,1,0.468768852952192
mechanism_only,MMRS68630931ST-27-0-0,VogtmannE_2016,0,0.468768852952192
mechanism_only,MMRS68910755ST-27-0-0,VogtmannE_2016,1,0.468768852952192
mechanism_only,MMRS71762412ST-27-0-0,VogtmannE_2016,1,0.468768852952192
mechanism_only,MMRS72802364ST-27-0-0,VogtmannE_2016,1,0.468768852952192
mechanism_only,MMRS72980899ST-27-0-0,VogtmannE_2016,1,0.516450783688927
mechanism_only,MMRS73787048ST-27-0-0,VogtmannE_2016,0,0.5651815457330692
mechanism_only,MMRS77018926ST-27-0-0,VogtmannE_2016,1,0.468768852952192
mechanism_only,MMRS77321055ST-27-0-0,VogtmannE_2016,1,0.476805969351159
mechanism_only,MMRS77487595ST-27-0-0,VogtmannE_2016,1,0.468768852952192
mechanism_only,MMRS78791111ST-27-0-0,VogtmannE_2016,1,0.468768852952192
mechanism_only,MMRS79893829ST-27-0-0,VogtmannE_2016,0,0.468768852952192
mechanism_only,MMRS80093644ST-27-0-0,VogtmannE_2016,1,0.468768852952192
mechanism_only,MMRS81130264ST-27-0-0,VogtmannE_2016,0,0.468768852952192
mechanism_only,MMRS81135225ST-27-0-0,VogtmannE_2016,0,0.468768852952192
mechanism_only,MMRS81194191ST-27-0-0,VogtmannE_2016,1,0.4466965361304465
mechanism_only,MMRS81671217ST-27-0-0,VogtmannE_2016,1,0.468768852952192
mechanism_only,MMRS84085284ST-27-0-0,VogtmannE_2016,0,0.6238753863354185
mechanism_only,MMRS84159866ST-27-0-0,VogtmannE_2016,0,0.468768852952192
mechanism_only,MMRS84954772ST-27-0-0,VogtmannE_2016,1,0.468768852952192
mechanism_only,MMRS85382779ST-27-0-0,VogtmannE_2016,1,0.5731686525812236
mechanism_only,MMRS85438660ST-27-0-0,VogtmannE_2016,0,0.468768852952192
mechanism_only,MMRS85548821ST-27-0-0,VogtmannE_2016,0,0.468768852952192
mechanism_only,MMRS86168210ST-27-0-0,VogtmannE_2016,0,0.468768852952192
mechanism_only,MMRS86178473ST-27-0-0,VogtmannE_2016,1,0.5028446918287945
mechanism_only,MMRS86958796ST-27-0-0,VogtmannE_2016,1,0.468768852952192
mechanism_only,MMRS87723283ST-27-0-0,VogtmannE_2016,0,0.468768852952192
mechanism_only,MMRS88581325ST-27-0-0,VogtmannE_2016,0,0.468768852952192
mechanism_only,MMRS90191266ST-27-0-0,VogtmannE_2016,1,0.468768852952192
mechanism_only,MMRS91297590ST-27-0-0,VogtmannE_2016,0,0.468768852952192
mechanism_only,MMRS92544445ST-27-0-0,VogtmannE_2016,1,0.5397707586303476
mechanism_only,MMRS92546335ST-27-0-0,VogtmannE_2016,0,0.5946194613793956
mechanism_only,MMRS93508324ST-27-0-0,VogtmannE_2016,1,0.468768852952192
mechanism_only,MMRS93621581ST-27-0-0,VogtmannE_2016,0,0.468768852952192
mechanism_only,MMRS94549160ST-27-0-0,VogtmannE_2016,0,0.468768852952192
mechanism_only,MMRS95277876ST-27-0-0,VogtmannE_2016,0,0.5251567216340239
mechanism_only,MMRS95479054ST-27-0-0,VogtmannE_2016,0,0.468768852952192
mechanism_only,MMRS95674036ST-27-0-0,VogtmannE_2016,0,0.4853388022561983
mechanism_only,MMRS96422329ST-27-0-0,VogtmannE_2016,1,0.45863197432154407
mechanism_only,MMRS97052561ST-27-0-0,VogtmannE_2016,1,0.5160733419918158
mechanism_only,MMRS97307143ST-27-0-0,VogtmannE_2016,0,0.468768852952192
mechanism_only,MMRS97327636ST-27-0-0,VogtmannE_2016,1,0.9617386880479847
mechanism_only,MMRS99045180ST-27-0-0,VogtmannE_2016,1,0.468768852952192
mechanism_only,CCMD11006829ST-21-0,WirbelJ_2018,1,0.625679129119327
mechanism_only,CCMD12232071ST-21-0,WirbelJ_2018,1,0.4873383866571194
mechanism_only,CCMD13071240ST-21-0,WirbelJ_2018,1,0.4713294007452489
mechanism_only,CCMD13934959ST-21-0,WirbelJ_2018,1,0.5607552114905097
mechanism_only,CCMD14479708ST-21-0,WirbelJ_2018,1,0.4713294007452489
mechanism_only,CCMD18872694ST-21-0,WirbelJ_2018,1,0.4713294007452489
mechanism_only,CCMD19497912ST-21-0,WirbelJ_2018,1,0.5443822606949842
mechanism_only,CCMD23101338ST-21-0,WirbelJ_2018,1,0.4713294007452489
mechanism_only,CCMD25511638ST-21-0,WirbelJ_2018,1,0.4713294007452489
mechanism_only,CCMD25963797ST-21-0,WirbelJ_2018,1,0.4713294007452489
mechanism_only,CCMD26709089ST-21-0,WirbelJ_2018,1,0.4713294007452489
mechanism_only,CCMD26925580ST-21-0,WirbelJ_2018,1,0.4713294007452489
mechanism_only,CCMD34381688ST-21-0,WirbelJ_2018,1,0.4713294007452489
mechanism_only,CCMD35802077ST-21-0,WirbelJ_2018,1,0.4713294007452489
mechanism_only,CCMD40701343ST-21-0,WirbelJ_2018,1,0.4713294007452489
mechanism_only,CCMD42428553ST-21-0,WirbelJ_2018,1,0.4713294007452489
mechanism_only,CCMD45988061ST-21-0,WirbelJ_2018,1,0.4713294007452489
mechanism_only,CCMD46222674ST-21-0,WirbelJ_2018,1,0.4713294007452489
mechanism_only,CCMD46947453ST-21-0,WirbelJ_2018,1,0.4713294007452489
mechanism_only,CCMD48236717ST-21-0,WirbelJ_2018,1,0.4713294007452489
mechanism_only,CCMD50071957ST-21-0,WirbelJ_2018,1,0.4713294007452489
mechanism_only,CCMD51864103ST-21-0,WirbelJ_2018,1,0.4347322292599826
mechanism_only,CCMD60079086ST-21-0,WirbelJ_2018,1,0.4893066626419366
mechanism_only,CCMD63399960ST-21-0,WirbelJ_2018,1,0.4713294007452489
mechanism_only,CCMD64503764ST-21-0,WirbelJ_2018,1,0.4713294007452489
mechanism_only,CCMD64776337ST-21-0,WirbelJ_2018,1,0.4713294007452489
mechanism_only,CCMD72895164ST-21-0,WirbelJ_2018,1,0.4713294007452489
mechanism_only,CCMD74930188ST-21-0,WirbelJ_2018,1,0.4713294007452489
mechanism_only,CCMD79987997ST-21-0,WirbelJ_2018,1,0.5669990222874313
mechanism_only,CCMD82866709ST-21-0,WirbelJ_2018,1,0.5614990921720685
mechanism_only,CCMD86114146ST-21-0,WirbelJ_2018,1,0.4713294007452489
mechanism_only,CCMD86707194ST-21-0,WirbelJ_2018,1,0.4713294007452489
mechanism_only,CCMD87156761ST-21-0,WirbelJ_2018,1,0.4713294007452489
mechanism_only,CCMD88272491ST-21-0,WirbelJ_2018,1,0.609661970739518
mechanism_only,CCMD90311071ST-21-0,WirbelJ_2018,1,0.4713294007452489
mechanism_only,CCMD93344354ST-21-0,WirbelJ_2018,1,0.4713294007452489
mechanism_only,CCMD95433940ST-21-0,WirbelJ_2018,1,0.4713294007452489
mechanism_only,CCMD96553385ST-21-0,WirbelJ_2018,1,0.4713294007452489
mechanism_only,MMPU29365221ST,WirbelJ_2018,0,0.4713294007452489
mechanism_only,MMPU68403337ST,WirbelJ_2018,0,0.5018346320436868
mechanism_only,MMPU72854103ST,WirbelJ_2018,0,0.4713294007452489
mechanism_only,MMPU84450604ST,WirbelJ_2018,0,0.4713294007452489
mechanism_only,MMPU99077057ST,WirbelJ_2018,0,0.4713294007452489
mechanism_only,CCMD10032470ST-11-0,WirbelJ_2018,0,0.4713294007452489
mechanism_only,CCMD10191450ST-11-0,WirbelJ_2018,0,0.4713294007452489
mechanism_only,CCMD15562448ST-11-0,WirbelJ_2018,0,0.47829287869838644
mechanism_only,CCMD17410933ST-11-0,WirbelJ_2018,0,0.4713294007452489
mechanism_only,CCMD18579000ST-11-0,WirbelJ_2018,0,0.4713294007452489
mechanism_only,CCMD18829815ST-11-0,WirbelJ_2018,0,0.4713294007452489
mechanism_only,CCMD19168690ST-11-0,WirbelJ_2018,1,0.4713294007452489
mechanism_only,CCMD21593359ST-11-0,WirbelJ_2018,1,0.6064015349023433
mechanism_only,CCMD21703880ST-11-0,WirbelJ_2018,1,0.4713294007452489
mechanism_only,CCMD22852639ST-11-0,WirbelJ_2018,0,0.4713294007452489
mechanism_only,CCMD23541216ST-11-0,WirbelJ_2018,0,0.4713294007452489
mechanism_only,CCMD25475945ST-11-0,WirbelJ_2018,0,0.4880937178153322
mechanism_only,CCMD26625622ST-11-0,WirbelJ_2018,0,0.4713294007452489
mechanism_only,CCMD27463710ST-11-0,WirbelJ_2018,1,0.5479610439986075
mechanism_only,CCMD27867141ST-11-0,WirbelJ_2018,0,0.4713294007452489
mechanism_only,CCMD28738636ST-11-0,WirbelJ_2018,0,0.4713294007452489
mechanism_only,CCMD29706695ST-11-0,WirbelJ_2018,0,0.4713294007452489
mechanism_only,CCMD30626189ST-11-0,WirbelJ_2018,0,0.4713294007452489
mechanism_only,CCMD30627121ST-11-0,WirbelJ_2018,0,0.4713294007452489
mechanism_only,CCMD31009081ST-11-0,WirbelJ_2018,0,0.4713294007452489
mechanism_only,CCMD31134579ST-11-0,WirbelJ_2018,0,0.4713294007452489
mechanism_only,CCMD32288175ST-11-0,WirbelJ_2018,0,0.4713294007452489
mechanism_only,CCMD32965613ST-11-0,WirbelJ_2018,0,0.4713294007452489
mechanism_only,CCMD35081859ST-11-0,WirbelJ_2018,0,0.49923033233723685
mechanism_only,CCMD35633353ST-11-0,WirbelJ_2018,1,0.4713294007452489
mechanism_only,CCMD35801800ST-11-0,WirbelJ_2018,0,0.5478929008440265
mechanism_only,CCMD37575804ST-11-0,WirbelJ_2018,0,0.4713294007452489
mechanism_only,CCMD38158721ST-11-0,WirbelJ_2018,0,0.4713294007452489
mechanism_only,CCMD39157124ST-11-0,WirbelJ_2018,0,0.4713294007452489
mechanism_only,CCMD39882286ST-11-0,WirbelJ_2018,0,0.5340888808640584
mechanism_only,CCMD41202658ST-11-0,WirbelJ_2018,0,0.4713294007452489
mechanism_only,CCMD41521570ST-11-0,WirbelJ_2018,0,0.4713294007452489
mechanism_only,CCMD42956136ST-11-0,WirbelJ_2018,1,0.4713294007452489
mechanism_only,CCMD45004878ST-11-0,WirbelJ_2018,0,0.4713294007452489
mechanism_only,CCMD45812507ST-11-0,WirbelJ_2018,0,0.4713294007452489
mechanism_only,CCMD46727384ST-11-0,WirbelJ_2018,0,0.6025182434014918
mechanism_only,CCMD49025643ST-11-0,WirbelJ_2018,0,0.4713294007452489
mechanism_only,CCMD49461418ST-11-0,WirbelJ_2018,1,0.4713294007452489
mechanism_only,CCMD49942357ST-11-0,WirbelJ_2018,0,0.4713294007452489
mechanism_only,CCMD50300306ST-11-0,WirbelJ_2018,0,0.4713294007452489
mechanism_only,CCMD50529145ST-11-0,WirbelJ_2018,0,0.47829353873280334
mechanism_only,CCMD50538120ST-11-0,WirbelJ_2018,0,0.4713294007452489
mechanism_only,CCMD51154251ST-11-0,WirbelJ_2018,0,0.4713294007452489
mechanism_only,CCMD51228890ST-11-0,WirbelJ_2018,0,0.4713294007452489
mechanism_only,CCMD52117727ST-11-0,WirbelJ_2018,1,0.4713294007452489
mechanism_only,CCMD52145360ST-11-0,WirbelJ_2018,1,0.41712608078492525
mechanism_only,CCMD53508245ST-11-0,WirbelJ_2018,0,0.43908228493272144
mechanism_only,CCMD53522274ST-11-0,WirbelJ_2018,0,0.4713294007452489
mechanism_only,CCMD54057834ST-11-0,WirbelJ_2018,0,0.4713294007452489
mechanism_only,CCMD56948710ST-11-0,WirbelJ_2018,0,0.4713294007452489
mechanism_only,CCMD59540613ST-11-0,WirbelJ_2018,0,0.4713294007452489
mechanism_only,CCMD59583015ST-11-0,WirbelJ_2018,1,0.4713294007452489
mechanism_only,CCMD65222621ST-11-0,WirbelJ_2018,1,0.48641173212536293
mechanism_only,CCMD65406197ST-11-0,WirbelJ_2018,1,0.5602919275599846
mechanism_only,CCMD66848156ST-11-0,WirbelJ_2018,0,0.47828979304614966
mechanism_only,CCMD67373733ST-11-0,WirbelJ_2018,0,0.4713294007452489
mechanism_only,CCMD68973846ST-11-0,WirbelJ_2018,0,0.4713294007452489
mechanism_only,CCMD71242853ST-11-0,WirbelJ_2018,1,0.4713294007452489
mechanism_only,CCMD71915439ST-11-0,WirbelJ_2018,1,0.4713294007452489
mechanism_only,CCMD72666896ST-11-0,WirbelJ_2018,0,0.4713294007452489
mechanism_only,CCMD72690923ST-11-0,WirbelJ_2018,1,0.4713294007452489
mechanism_only,CCMD73128545ST-11-0,WirbelJ_2018,0,0.4713294007452489
mechanism_only,CCMD74592084ST-11-0,WirbelJ_2018,0,0.4713294007452489
mechanism_only,CCMD75147712ST-11-0,WirbelJ_2018,0,0.4713294007452489
mechanism_only,CCMD76222476ST-11-0,WirbelJ_2018,1,0.4713294007452489
mechanism_only,CCMD76409700ST-11-0,WirbelJ_2018,0,0.4713294007452489
mechanism_only,CCMD79349503ST-11-0,WirbelJ_2018,1,0.4713294007452489
mechanism_only,CCMD85481373ST-11-0,WirbelJ_2018,0,0.47827708898256305
mechanism_only,CCMD85661207ST-11-0,WirbelJ_2018,0,0.4713294007452489
mechanism_only,CCMD89107682ST-11-0,WirbelJ_2018,0,0.4713294007452489
mechanism_only,CCMD89306485ST-11-0,WirbelJ_2018,1,0.4713294007452489
mechanism_only,CCMD89643949ST-11-0,WirbelJ_2018,0,0.4713294007452489
mechanism_only,CCMD89967135ST-11-0,WirbelJ_2018,0,0.4713294007452489
mechanism_only,CCMD92404903ST-11-0,WirbelJ_2018,1,0.7895775228297137
mechanism_only,CCMD93755960ST-11-0,WirbelJ_2018,0,0.4713294007452489
mechanism_only,CCMD95431029ST-11-0,WirbelJ_2018,1,0.4713294007452489
mechanism_only,CCMD95676152ST-11-0,WirbelJ_2018,1,0.619128451886695
mechanism_only,CCMD98198513ST-11-0,WirbelJ_2018,0,0.42197688914126796
mechanism_only,CCMD98531134ST-11-0,WirbelJ_2018,1,0.4389028361042054
mechanism_only,CCMD98702133ST-11-0,WirbelJ_2018,0,0.4713294007452489
mechanism_only,CCMD99440714ST-11-0,WirbelJ_2018,0,0.4713294007452489
mechanism_only,CCMD99929634ST-11-0,WirbelJ_2018,0,0.4713294007452489
mechanism_only,SAMD00115014,YachidaS_2019,1,0.6686263629755266
mechanism_only,SAMD00115015,YachidaS_2019,0,0.4618375234392401
mechanism_only,SAMD00115025,YachidaS_2019,0,0.4618375234392401
mechanism_only,SAMD00115027,YachidaS_2019,0,0.4618375234392401
mechanism_only,SAMD00114971,YachidaS_2019,0,0.47843235309731863
mechanism_only,SAMD00114972,YachidaS_2019,1,0.4618375234392401
mechanism_only,SAMD00114968,YachidaS_2019,0,0.6665394233337881
mechanism_only,SAMD00114970,YachidaS_2019,0,0.6981326869169103
mechanism_only,SAMD00115016,YachidaS_2019,0,0.481271459606071
mechanism_only,SAMD00115017,YachidaS_2019,0,0.4618375234392401
mechanism_only,SAMD00115019,YachidaS_2019,0,0.4618375234392401
mechanism_only,SAMD00115021,YachidaS_2019,1,0.4618375234392401
mechanism_only,SAMD00115023,YachidaS_2019,0,0.43508672582339586
mechanism_only,SAMD00114973,YachidaS_2019,0,0.4618375234392401
mechanism_only,SAMD00114969,YachidaS_2019,1,0.4966024884967135
mechanism_only,SAMD00115018,YachidaS_2019,0,0.4618375234392401
mechanism_only,SAMD00115020,YachidaS_2019,1,0.6852426701304187
mechanism_only,SAMD00115022,YachidaS_2019,0,0.4618375234392401
mechanism_only,SAMD00115029,YachidaS_2019,1,0.4618375234392401
mechanism_only,SAMD00115026,YachidaS_2019,1,0.4953641194807435
mechanism_only,SAMD00115028,YachidaS_2019,1,0.4618375234392401
mechanism_only,SAMD00114997,YachidaS_2019,0,0.4618375234392401
mechanism_only,SAMD00115030,YachidaS_2019,1,0.4618375234392401
mechanism_only,SAMD00115031,YachidaS_2019,1,0.5904676363075526
mechanism_only,SAMD00115032,YachidaS_2019,0,0.6474966455023149
mechanism_only,SAMD00115034,YachidaS_2019,1,0.4618375234392401
mechanism_only,SAMD00115035,YachidaS_2019,1,0.656476553321976
mechanism_only,SAMD00114998,YachidaS_2019,0,0.6675630824906819
mechanism_only,SAMD00115000,YachidaS_2019,1,0.6259269609422696
mechanism_only,SAMD00114995,YachidaS_2019,0,0.4618375234392401
mechanism_only,SAMD00114996,YachidaS_2019,0,0.6703581102181834
mechanism_only,SAMD00115033,YachidaS_2019,0,0.4618375234392401
mechanism_only,SAMD00114736,YachidaS_2019,0,0.6651127061006312
mechanism_only,SAMD00114737,YachidaS_2019,1,0.5104465219504352
mechanism_only,SAMD00114738,YachidaS_2019,1,0.6177890900551313
mechanism_only,SAMD00114739,YachidaS_2019,1,0.6014338332577438
mechanism_only,SAMD00114744,YachidaS_2019,1,0.4618375234392401
mechanism_only,SAMD00114745,YachidaS_2019,0,0.6572823148674902
mechanism_only,SAMD00114746,YachidaS_2019,1,0.4618375234392401
mechanism_only,SAMD00114747,YachidaS_2019,0,0.4618375234392401
mechanism_only,SAMD00114748,YachidaS_2019,1,0.44083082240489596
mechanism_only,SAMD00114832,YachidaS_2019,0,0.4618375234392401
mechanism_only,SAMD00114740,YachidaS_2019,1,0.4618375234392401
mechanism_only,SAMD00114741,YachidaS_2019,0,0.4618375234392401
mechanism_only,SAMD00114833,YachidaS_2019,0,0.4618375234392401
mechanism_only,SAMD00114742,YachidaS_2019,1,0.4618375234392401
mechanism_only,SAMD00114743,YachidaS_2019,1,0.4618375234392401
mechanism_only,SAMD00114757,YachidaS_2019,0,0.4618375234392401
mechanism_only,SAMD00114759,YachidaS_2019,1,0.478533160976313
mechanism_only,SAMD00114760,YachidaS_2019,1,0.4618375234392401
mechanism_only,SAMD00114834,YachidaS_2019,0,0.4618375234392401
mechanism_only,SAMD00114761,YachidaS_2019,1,0.4618375234392401
mechanism_only,SAMD00114762,YachidaS_2019,1,0.4618375234392401
mechanism_only,SAMD00114763,YachidaS_2019,1,0.4618375234392401
mechanism_only,SAMD00114815,YachidaS_2019,0,0.4618375234392401
mechanism_only,SAMD00114764,YachidaS_2019,1,0.4618375234392401
mechanism_only,SAMD00114974,YachidaS_2019,0,0.47787372790074706
mechanism_only,SAMD00114755,YachidaS_2019,1,0.6021957390884097
mechanism_only,SAMD00114765,YachidaS_2019,1,0.4618375234392401
mechanism_only,SAMD00114978,YachidaS_2019,1,0.8335857922882581
mechanism_only,SAMD00114766,YachidaS_2019,1,0.8425528431705877
mechanism_only,SAMD00114979,YachidaS_2019,0,0.5285471725703896
mechanism_only,SAMD00114767,YachidaS_2019,1,0.670002342817704
mechanism_only,SAMD00114768,YachidaS_2019,1,0.4618375234392401
mechanism_only,SAMD00114769,YachidaS_2019,0,0.4618375234392401
mechanism_only,SAMD00114770,YachidaS_2019,0,0.6697668492972249
mechanism_only,SAMD00114771,YachidaS_2019,0,0.47854937872646774
mechanism_only,SAMD00114975,YachidaS_2019,0,0.4618375234392401
mechanism_only,SAMD00114772,YachidaS_2019,1,0.4618375234392401
mechanism_only,SAMD00114773,YachidaS_2019,0,0.4618375234392401
mechanism_only,SAMD00114718,YachidaS_2019,0,0.6696391066418688
mechanism_only,SAMD00114976,YachidaS_2019,0,0.4618375234392401
mechanism_only,SAMD00114977,YachidaS_2019,0,0.4618375234392401
mechanism_only,SAMD00114719,YachidaS_2019,0,0.47855046567803006
mechanism_only,SAMD00114720,YachidaS_2019,0,0.4618375234392401
mechanism_only,SAMD00114721,YachidaS_2019,0,0.4618375234392401
mechanism_only,SAMD00114722,YachidaS_2019,1,0.4618375234392401
mechanism_only,SAMD00114984,YachidaS_2019,0,0.4618375234392401
mechanism_only,SAMD00114723,YachidaS_2019,1,0.5119072301816349
mechanism_only,SAMD00114724,YachidaS_2019,1,0.5388276327710833
mechanism_only,SAMD00114800,YachidaS_2019,0,0.556881778001553
mechanism_only,SAMD00114982,YachidaS_2019,0,0.4618375234392401
mechanism_only,SAMD00114793,YachidaS_2019,1,0.4618375234392401
mechanism_only,SAMD00114794,YachidaS_2019,1,0.4618375234392401
mechanism_only,SAMD00114795,YachidaS_2019,0,0.7737906998905865
mechanism_only,SAMD00114986,YachidaS_2019,0,0.4618375234392401
mechanism_only,SAMD00114796,YachidaS_2019,0,0.4618375234392401
mechanism_only,SAMD00114987,YachidaS_2019,0,0.4618375234392401
mechanism_only,SAMD00114797,YachidaS_2019,1,0.4618375234392401
mechanism_only,SAMD00114798,YachidaS_2019,0,0.4618375234392401
mechanism_only,SAMD00114799,YachidaS_2019,1,0.4618375234392401
mechanism_only,SAMD00114753,YachidaS_2019,1,0.8622951180976327
mechanism_only,SAMD00114754,YachidaS_2019,1,0.4618375234392401
mechanism_only,SAMD00114989,YachidaS_2019,0,0.4618375234392401
mechanism_only,SAMD00114990,YachidaS_2019,0,0.658546956213428
mechanism_only,SAMD00114991,YachidaS_2019,0,0.4618375234392401
mechanism_only,SAMD00114992,YachidaS_2019,0,0.4618375234392401
mechanism_only,SAMD00114749,YachidaS_2019,1,0.4618375234392401
mechanism_only,SAMD00114750,YachidaS_2019,1,0.4618375234392401
mechanism_only,SAMD00114780,YachidaS_2019,0,0.4618375234392401
mechanism_only,SAMD00114781,YachidaS_2019,0,0.6534492762480861
mechanism_only,SAMD00114782,YachidaS_2019,1,0.4618375234392401
mechanism_only,SAMD00114994,YachidaS_2019,0,0.4618375234392401
mechanism_only,SAMD00114774,YachidaS_2019,1,0.6681050256984858
mechanism_only,SAMD00114775,YachidaS_2019,1,0.4618375234392401
mechanism_only,SAMD00114776,YachidaS_2019,1,0.4618375234392401
mechanism_only,SAMD00114777,YachidaS_2019,1,0.6397417428165134
mechanism_only,SAMD00114778,YachidaS_2019,0,0.630944896234602
mechanism_only,SAMD00114779,YachidaS_2019,0,0.4618375234392401
mechanism_only,SAMD00114730,YachidaS_2019,0,0.4618375234392401
mechanism_only,SAMD00115001,YachidaS_2019,0,0.4618375234392401
mechanism_only,SAMD00114731,YachidaS_2019,1,0.4618375234392401
mechanism_only,SAMD00114732,YachidaS_2019,1,0.4618375234392401
mechanism_only,SAMD00114733,YachidaS_2019,1,0.5194449687144286
mechanism_only,SAMD00114734,YachidaS_2019,0,0.4618375234392401
mechanism_only,SAMD00114726,YachidaS_2019,1,0.6546648811694855
mechanism_only,SAMD00114727,YachidaS_2019,1,0.6148569765800885
mechanism_only,SAMD00114728,YachidaS_2019,1,0.5861826136375883
mechanism_only,SAMD00114729,YachidaS_2019,1,0.4618375234392401
mechanism_only,SAMD00115002,YachidaS_2019,0,0.4618375234392401
mechanism_only,SAMD00114788,YachidaS_2019,1,0.4618375234392401
mechanism_only,SAMD00115003,YachidaS_2019,0,0.5627738121944076
mechanism_only,SAMD00115004,YachidaS_2019,0,0.4618375234392401
mechanism_only,SAMD00114789,YachidaS_2019,0,0.478002489361219
mechanism_only,SAMD00114790,YachidaS_2019,1,0.4618375234392401
mechanism_only,SAMD00114791,YachidaS_2019,0,0.4618375234392401
mechanism_only,SAMD00114792,YachidaS_2019,0,0.4618375234392401
mechanism_only,SAMD00114783,YachidaS_2019,0,0.4618375234392401
mechanism_only,SAMD00114784,YachidaS_2019,0,0.4618375234392401
mechanism_only,SAMD00115008,YachidaS_2019,0,0.4618375234392401
mechanism_only,SAMD00114785,YachidaS_2019,0,0.4618375234392401
mechanism_only,SAMD00114786,YachidaS_2019,1,0.4618375234392401
mechanism_only,SAMD00115009,YachidaS_2019,0,0.4618375234392401
mechanism_only,SAMD00115005,YachidaS_2019,0,0.4953972654603658
mechanism_only,SAMD00115006,YachidaS_2019,1,0.6328670338923535
mechanism_only,SAMD00115007,YachidaS_2019,1,0.5004044660015465
mechanism_only,SAMD00115011,YachidaS_2019,1,0.49519407418047084
mechanism_only,SAMD00115012,YachidaS_2019,0,0.4618375234392401
mechanism_only,SAMD00115013,YachidaS_2019,1,0.4618375234392401
mechanism_only,SAMD00115010,YachidaS_2019,1,0.47823231909987757
mechanism_only,SAMD00114816,YachidaS_2019,1,0.4618375234392401
mechanism_only,SAMD00114819,YachidaS_2019,0,0.5636376768862441
mechanism_only,SAMD00114804,YachidaS_2019,1,0.6693198173058428
mechanism_only,SAMD00114805,YachidaS_2019,1,0.6677882125347759
mechanism_only,SAMD00114806,YachidaS_2019,1,0.639636354282326
mechanism_only,SAMD00114807,YachidaS_2019,0,0.536797020597043
mechanism_only,SAMD00114808,YachidaS_2019,1,0.6163106081510318
mechanism_only,SAMD00114809,YachidaS_2019,0,0.4618375234392401
mechanism_only,SAMD00114810,YachidaS_2019,1,0.4618375234392401
mechanism_only,SAMD00114811,YachidaS_2019,1,0.4618375234392401
mechanism_only,SAMD00114812,YachidaS_2019,0,0.622373029013639
mechanism_only,SAMD00114813,YachidaS_2019,1,0.6107433357244528
mechanism_only,SAMD00114814,YachidaS_2019,1,0.4618375234392401
mechanism_only,SAMD00114826,YachidaS_2019,1,0.4618375234392401
mechanism_only,SAMD00114829,YachidaS_2019,0,0.4618375234392401
mechanism_only,SAMD00114830,YachidaS_2019,0,0.4618375234392401
mechanism_only,SAMD00114862,YachidaS_2019,0,0.4618375234392401
mechanism_only,SAMD00114822,YachidaS_2019,1,0.4618375234392401
mechanism_only,SAMD00114823,YachidaS_2019,1,0.8166465276887256
mechanism_only,SAMD00114857,YachidaS_2019,1,0.4618375234392401
mechanism_only,SAMD00114858,YachidaS_2019,0,0.5154770308292351
mechanism_only,SAMD00114824,YachidaS_2019,0,0.4618375234392401
mechanism_only,SAMD00114825,YachidaS_2019,1,0.4618375234392401
mechanism_only,SAMD00114817,YachidaS_2019,1,0.4618375234392401
mechanism_only,SAMD00114818,YachidaS_2019,0,0.6546550776727378
mechanism_only,SAMD00114835,YachidaS_2019,1,0.4618375234392401
mechanism_only,SAMD00114836,YachidaS_2019,1,0.4618375234392401
mechanism_only,SAMD00114803,YachidaS_2019,1,0.4618375234392401
mechanism_only,SAMD00114841,YachidaS_2019,1,0.6533615915423848
mechanism_only,SAMD00114842,YachidaS_2019,0,0.48015578158037336
mechanism_only,SAMD00114843,YachidaS_2019,0,0.4618375234392401
mechanism_only,SAMD00114844,YachidaS_2019,1,0.4618375234392401
mechanism_only,SAMD00114845,YachidaS_2019,0,0.5859649966030647
mechanism_only,SAMD00114846,YachidaS_2019,1,0.7256970042422852
mechanism_only,SAMD00114848,YachidaS_2019,1,0.4618375234392401
mechanism_only,SAMD00114849,YachidaS_2019,1,0.4618375234392401
mechanism_only,SAMD00114850,YachidaS_2019,0,0.4618375234392401
mechanism_only,SAMD00114863,YachidaS_2019,1,0.4618375234392401
mechanism_only,SAMD00114865,YachidaS_2019,0,0.4618375234392401
mechanism_only,SAMD00114852,YachidaS_2019,1,0.4618375234392401
mechanism_only,SAMD00114867,YachidaS_2019,0,0.4618375234392401
mechanism_only,SAMD00114868,YachidaS_2019,1,0.4618375234392401
mechanism_only,SAMD00114869,YachidaS_2019,0,0.5982134698900837
mechanism_only,SAMD00114854,YachidaS_2019,0,0.4618375234392401
mechanism_only,SAMD00114859,YachidaS_2019,0,0.49513810937789043
mechanism_only,SAMD00114837,YachidaS_2019,0,0.4618375234392401
mechanism_only,SAMD00114838,YachidaS_2019,0,0.47843437762632884
mechanism_only,SAMD00114860,YachidaS_2019,0,0.4618375234392401
mechanism_only,SAMD00114839,YachidaS_2019,1,0.4618375234392401
mechanism_only,SAMD00114840,YachidaS_2019,1,0.4618375234392401
mechanism_only,SAMD00114856,YachidaS_2019,1,0.6353254929502345
mechanism_only,SAMD00114870,YachidaS_2019,1,0.6507386445207416
mechanism_only,SAMD00114871,YachidaS_2019,1,0.4618375234392401
mechanism_only,SAMD00114926,YachidaS_2019,0,0.4405184782077138
mechanism_only,SAMD00114888,YachidaS_2019,0,0.4618375234392401
mechanism_only,SAMD00114889,YachidaS_2019,0,0.4618375234392401
mechanism_only,SAMD00114872,YachidaS_2019,0,0.4618375234392401
mechanism_only,SAMD00114873,YachidaS_2019,0,0.4618375234392401
mechanism_only,SAMD00114927,YachidaS_2019,1,0.4618375234392401
mechanism_only,SAMD00114938,YachidaS_2019,0,0.4618375234392401
mechanism_only,SAMD00114891,YachidaS_2019,1,0.4768270485478409
mechanism_only,SAMD00114929,YachidaS_2019,0,0.4618375234392401
mechanism_only,SAMD00114939,YachidaS_2019,1,0.4618375234392401
mechanism_only,SAMD00114892,YachidaS_2019,1,0.4618375234392401
mechanism_only,SAMD00114893,YachidaS_2019,1,0.47843035468142886
mechanism_only,SAMD00114874,YachidaS_2019,0,0.4712402342769003
mechanism_only,SAMD00114875,YachidaS_2019,1,0.4618375234392401
mechanism_only,SAMD00114931,YachidaS_2019,1,0.4618375234392401
mechanism_only,SAMD00114932,YachidaS_2019,0,0.656595533929257
mechanism_only,SAMD00114940,YachidaS_2019,0,0.4618375234392401
mechanism_only,SAMD00114894,YachidaS_2019,1,0.5120524752484483
mechanism_only,SAMD00114895,YachidaS_2019,0,0.47853319116932497
mechanism_only,SAMD00114876,YachidaS_2019,0,0.4618375234392401
mechanism_only,SAMD00114933,YachidaS_2019,1,0.6541149816842963
mechanism_only,SAMD00114941,YachidaS_2019,1,0.4618375234392401
mechanism_only,SAMD00114896,YachidaS_2019,1,0.545491120904304
mechanism_only,SAMD00114897,YachidaS_2019,1,0.4618375234392401
mechanism_only,SAMD00114877,YachidaS_2019,1,0.4618375234392401
mechanism_only,SAMD00114878,YachidaS_2019,1,0.5380554665017668
mechanism_only,SAMD00114934,YachidaS_2019,1,0.5136646514943756
mechanism_only,SAMD00114942,YachidaS_2019,0,0.5878416712623482
mechanism_only,SAMD00114898,YachidaS_2019,0,0.4618375234392401
mechanism_only,SAMD00114935,YachidaS_2019,1,0.44837127808877497
mechanism_only,SAMD00114943,YachidaS_2019,1,0.4618375234392401
mechanism_only,SAMD00114908,YachidaS_2019,0,0.6495343451164306
mechanism_only,SAMD00114944,YachidaS_2019,1,0.4618375234392401
mechanism_only,SAMD00114918,YachidaS_2019,0,0.6260678267421941
mechanism_only,SAMD00114909,YachidaS_2019,1,0.4618375234392401
mechanism_only,SAMD00114919,YachidaS_2019,1,0.5714016112225461
mechanism_only,SAMD00114920,YachidaS_2019,1,0.559452729958467
mechanism_only,SAMD00114949,YachidaS_2019,1,0.6285151951769002
mechanism_only,SAMD00114950,YachidaS_2019,0,0.4618375234392401
mechanism_only,SAMD00114910,YachidaS_2019,1,0.4618375234392401
mechanism_only,SAMD00114911,YachidaS_2019,1,0.821717990087431
mechanism_only,SAMD00114921,YachidaS_2019,1,0.4618375234392401
mechanism_only,SAMD00114922,YachidaS_2019,1,0.6185687602840648
mechanism_only,SAMD00114951,YachidaS_2019,1,0.4618375234392401
mechanism_only,SAMD00114912,YachidaS_2019,1,0.4618375234392401
mechanism_only,SAMD00114913,YachidaS_2019,0,0.4618375234392401
mechanism_only,SAMD00114952,YachidaS_2019,1,0.4980287036586252
mechanism_only,SAMD00114953,YachidaS_2019,0,0.6713955307106545
mechanism_only,SAMD00114945,YachidaS_2019,0,0.4618375234392401
mechanism_only,SAMD00114924,YachidaS_2019,1,0.4618375234392401
mechanism_only,SAMD00114954,YachidaS_2019,1,0.6532275318838915
mechanism_only,SAMD00114914,YachidaS_2019,1,0.5764476156371845
mechanism_only,SAMD00114946,YachidaS_2019,1,0.7549406940235356
mechanism_only,SAMD00114925,YachidaS_2019,1,0.5209450153051349
mechanism_only,SAMD00114956,YachidaS_2019,1,0.4618375234392401
mechanism_only,SAMD00114915,YachidaS_2019,1,0.4618375234392401
mechanism_only,SAMD00114916,YachidaS_2019,1,0.5135334695094139
mechanism_only,SAMD00114917,YachidaS_2019,1,0.4618375234392401
mechanism_only,SAMD00114948,YachidaS_2019,1,0.4618375234392401
mechanism_only,SAMD00114957,YachidaS_2019,1,0.4618375234392401
mechanism_only,SAMD00114958,YachidaS_2019,1,0.6594929499290343
mechanism_only,SAMD00114879,YachidaS_2019,1,0.6288284899053896
mechanism_only,SAMD00114880,YachidaS_2019,0,0.4618375234392401
mechanism_only,SAMD00114959,YachidaS_2019,0,0.4618375234392401
mechanism_only,SAMD00114960,YachidaS_2019,1,0.4618375234392401
mechanism_only,SAMD00114899,YachidaS_2019,0,0.4801652597054106
mechanism_only,SAMD00114881,YachidaS_2019,0,0.7094861278745528
mechanism_only,SAMD00114882,YachidaS_2019,0,0.4618375234392401
mechanism_only,SAMD00114900,YachidaS_2019,0,0.4618375234392401
mechanism_only,SAMD00114901,YachidaS_2019,0,0.4784957894920265
mechanism_only,SAMD00114883,YachidaS_2019,1,0.44147789836313295
mechanism_only,SAMD00114884,YachidaS_2019,1,0.4849515641125485
mechanism_only,SAMD00114902,YachidaS_2019,1,0.4782026622085331
mechanism_only,SAMD00114903,YachidaS_2019,1,0.4618375234392401
mechanism_only,SAMD00114963,YachidaS_2019,0,0.49537660060619854
mechanism_only,SAMD00114964,YachidaS_2019,1,0.4618375234392401
mechanism_only,SAMD00114905,YachidaS_2019,1,0.4618375234392401
mechanism_only,SAMD00114965,YachidaS_2019,1,0.4618375234392401
mechanism_only,SAMD00114885,YachidaS_2019,0,0.4618375234392401
mechanism_only,SAMD00114906,YachidaS_2019,0,0.4618375234392401
mechanism_only,SAMD00114907,YachidaS_2019,1,0.4618375234392401
mechanism_only,SAMD00114966,YachidaS_2019,1,0.4618375234392401
mechanism_only,SAMD00114967,YachidaS_2019,0,0.4618375234392401
mechanism_only,SAMD00114886,YachidaS_2019,1,0.4618375234392401
mechanism_only,SAMD00164694,YachidaS_2019,1,0.24435600470130306
mechanism_only,SAMD00164695,YachidaS_2019,1,0.49930820121851965
mechanism_only,SAMD00136653,YachidaS_2019,0,0.625878882766677
mechanism_only,SAMD00164721,YachidaS_2019,1,0.8324429371520052
mechanism_only,SAMD00164727,YachidaS_2019,0,0.4618375234392401
mechanism_only,SAMD00164729,YachidaS_2019,0,0.7905030539001038
mechanism_only,SAMD00164745,YachidaS_2019,1,0.48029102434435667
mechanism_only,SAMD00164748,YachidaS_2019,0,0.7634983438659534
mechanism_only,SAMD00154991,YachidaS_2019,0,0.4618375234392401
mechanism_only,SAMD00164756,YachidaS_2019,0,0.4618375234392401
mechanism_only,SAMD00164758,YachidaS_2019,0,0.46932437385192194
mechanism_only,SAMD00154992,YachidaS_2019,0,0.5093973874542433
mechanism_only,SAMD00154993,YachidaS_2019,1,0.4618375234392401
mechanism_only,SAMD00136648,YachidaS_2019,0,0.6230214988595023
mechanism_only,SAMD00164767,YachidaS_2019,1,0.4618375234392401
mechanism_only,SAMD00164769,YachidaS_2019,1,0.6108009684141467
mechanism_only,SAMD00154994,YachidaS_2019,1,0.5121656263910679
mechanism_only,SAMD00164771,YachidaS_2019,1,0.4618375234392401
mechanism_only,SAMD00154995,YachidaS_2019,1,0.6763955680531323
mechanism_only,SAMD00164773,YachidaS_2019,0,0.4618375234392401
mechanism_only,SAMD00164774,YachidaS_2019,0,0.47286311185599333
mechanism_only,SAMD00164776,YachidaS_2019,1,0.4618375234392401
mechanism_only,SAMD00164778,YachidaS_2019,1,0.5181646699337114
mechanism_only,SAMD00164779,YachidaS_2019,1,0.47768370921154557
mechanism_only,SAMD00164780,YachidaS_2019,1,0.4618375234392401
mechanism_only,SAMD00164803,YachidaS_2019,0,0.6710071080070441
mechanism_only,SAMD00164805,YachidaS_2019,0,0.4618375234392401
mechanism_only,SAMD00164806,YachidaS_2019,0,0.4810999103545317
mechanism_only,SAMD00164809,YachidaS_2019,0,0.5785417356586515
mechanism_only,SAMD00164812,YachidaS_2019,1,0.4618375234392401
mechanism_only,SAMD00164814,YachidaS_2019,0,0.43483505230579583
mechanism_only,SAMD00164817,YachidaS_2019,1,0.4618375234392401
mechanism_only,SAMD00164818,YachidaS_2019,1,0.4618375234392401
mechanism_only,SAMD00164819,YachidaS_2019,0,0.4784022063856326
mechanism_only,SAMD00164820,YachidaS_2019,1,0.7508390906559059
mechanism_only,SAMD00164821,YachidaS_2019,1,0.6514218730648077
mechanism_only,SAMD00164822,YachidaS_2019,1,0.538105685420197
mechanism_only,SAMD00164823,YachidaS_2019,0,0.4618375234392401
mechanism_only,SAMD00164824,YachidaS_2019,0,0.4618375234392401
mechanism_only,SAMD00164825,YachidaS_2019,0,0.599248079236184
mechanism_only,SAMD00164826,YachidaS_2019,1,0.4618375234392401
mechanism_only,SAMD00164827,YachidaS_2019,0,0.4618375234392401
mechanism_only,SAMD00164828,YachidaS_2019,0,0.5916775109994276
mechanism_only,SAMD00164829,YachidaS_2019,1,0.49153580657851303
mechanism_only,SAMD00164830,YachidaS_2019,1,0.4618375234392401
mechanism_only,SAMD00164831,YachidaS_2019,1,0.4618375234392401
mechanism_only,SAMD00164832,YachidaS_2019,1,0.4618375234392401
mechanism_only,SAMD00164833,YachidaS_2019,0,0.4618375234392401
mechanism_only,SAMD00164834,YachidaS_2019,1,0.4785565614236623
mechanism_only,SAMD00164835,YachidaS_2019,0,0.4618375234392401
mechanism_only,SAMD00164836,YachidaS_2019,1,0.4618375234392401
mechanism_only,SAMD00164837,YachidaS_2019,0,0.7698841634596534
mechanism_only,SAMD00164838,YachidaS_2019,1,0.4779431683350787
mechanism_only,SAMD00164839,YachidaS_2019,1,0.4618375234392401
mechanism_only,SAMD00164840,YachidaS_2019,0,0.4618375234392401
mechanism_only,SAMD00164841,YachidaS_2019,1,0.4618375234392401
mechanism_only,SAMD00164842,YachidaS_2019,1,0.5287913513411551
mechanism_only,SAMD00164843,YachidaS_2019,1,0.5438437291929645
mechanism_only,SAMD00164844,YachidaS_2019,1,0.4618375234392401
mechanism_only,SAMD00164845,YachidaS_2019,1,0.5509921116099703
mechanism_only,SAMD00164846,YachidaS_2019,1,0.6557911536359274
mechanism_only,SAMD00164847,YachidaS_2019,1,0.4618375234392401
mechanism_only,SAMD00164848,YachidaS_2019,0,0.4618375234392401
mechanism_only,SAMD00164849,YachidaS_2019,0,0.4618375234392401
mechanism_only,SAMD00164850,YachidaS_2019,1,0.4618375234392401
mechanism_only,SAMD00164851,YachidaS_2019,1,0.4780476965415726
mechanism_only,SAMD00164852,YachidaS_2019,1,0.6599443596031024
mechanism_only,SAMD00164853,YachidaS_2019,0,0.4618375234392401
mechanism_only,SAMD00164854,YachidaS_2019,1,0.4618375234392401
mechanism_only,SAMD00164855,YachidaS_2019,0,0.6666301677012085
mechanism_only,SAMD00164856,YachidaS_2019,0,0.4618375234392401
mechanism_only,SAMD00164858,YachidaS_2019,1,0.4618375234392401
mechanism_only,SAMD00164859,YachidaS_2019,1,0.4618375234392401
mechanism_only,SAMD00164860,YachidaS_2019,1,0.6148134441046552
mechanism_only,SAMD00164861,YachidaS_2019,1,0.6629773245504234
mechanism_only,SAMD00164862,YachidaS_2019,0,0.4618375234392401
mechanism_only,SAMD00164863,YachidaS_2019,1,0.4618375234392401
mechanism_only,SAMD00164864,YachidaS_2019,1,0.4614291943096568
mechanism_only,SAMD00164865,YachidaS_2019,0,0.6411013674732295
mechanism_only,SAMD00164866,YachidaS_2019,1,0.4996557732019053
mechanism_only,SAMD00164867,YachidaS_2019,1,0.4618375234392401
mechanism_only,SAMD00164868,YachidaS_2019,1,0.4618375234392401
mechanism_only,SAMD00164869,YachidaS_2019,1,0.5121143051262275
mechanism_only,SAMD00164870,YachidaS_2019,0,0.7529892027911305
mechanism_only,SAMD00164871,YachidaS_2019,1,0.4618375234392401
mechanism_only,SAMD00164872,YachidaS_2019,0,0.4618375234392401
mechanism_only,SAMD00164873,YachidaS_2019,0,0.6126635123732295
mechanism_only,SAMD00164874,YachidaS_2019,0,0.4618375234392401
mechanism_only,SAMD00164875,YachidaS_2019,0,0.4618375234392401
mechanism_only,SAMD00164876,YachidaS_2019,0,0.4618375234392401
mechanism_only,SAMD00164877,YachidaS_2019,0,0.4618375234392401
mechanism_only,SAMD00164878,YachidaS_2019,0,0.4618375234392401
mechanism_only,SAMD00164879,YachidaS_2019,0,0.4618375234392401
mechanism_only,SAMD00164880,YachidaS_2019,1,0.5311747181084285
mechanism_only,SAMD00164881,YachidaS_2019,0,0.4618375234392401
mechanism_only,SAMD00164882,YachidaS_2019,0,0.4618375234392401
mechanism_only,SAMD00164883,YachidaS_2019,1,0.6326963593071407
mechanism_only,SAMD00164884,YachidaS_2019,1,0.4618375234392401
mechanism_only,SAMD00164885,YachidaS_2019,1,0.6240429866935389
mechanism_only,SAMD00164888,YachidaS_2019,0,0.4618375234392401
mechanism_only,SAMD00164889,YachidaS_2019,1,0.4618375234392401
mechanism_only,SAMD00164890,YachidaS_2019,0,0.4618375234392401
mechanism_only,SAMD00164891,YachidaS_2019,0,0.6878495248463194
mechanism_only,SAMD00164892,YachidaS_2019,0,0.4618375234392401
mechanism_only,SAMD00164895,YachidaS_2019,0,0.4618375234392401
mechanism_only,SAMD00164896,YachidaS_2019,0,0.4618375234392401
mechanism_only,SAMD00164897,YachidaS_2019,0,0.6539803546104864
mechanism_only,SAMD00164898,YachidaS_2019,0,0.4618375234392401
mechanism_only,SAMD00164899,YachidaS_2019,0,0.4618375234392401
mechanism_only,SAMD00164901,YachidaS_2019,0,0.4618375234392401
mechanism_only,SAMD00164902,YachidaS_2019,0,0.6570170793212843
mechanism_only,SAMD00164903,YachidaS_2019,1,0.4618375234392401
mechanism_only,SAMD00164904,YachidaS_2019,0,0.4618375234392401
mechanism_only,SAMD00164905,YachidaS_2019,1,0.4406938085906622
mechanism_only,SAMD00164907,YachidaS_2019,1,0.4618375234392401
mechanism_only,SAMD00164908,YachidaS_2019,0,0.4785931740587685
mechanism_only,SAMD00164909,YachidaS_2019,0,0.4618375234392401
mechanism_only,SAMD00164910,YachidaS_2019,1,0.4618375234392401
mechanism_only,SAMD00164911,YachidaS_2019,0,0.4618375234392401
mechanism_only,SAMD00164912,YachidaS_2019,1,0.6211234757410982
mechanism_only,SAMD00164913,YachidaS_2019,1,0.4618375234392401
mechanism_only,SAMD00164914,YachidaS_2019,0,0.4618375234392401
mechanism_only,SAMD00164915,YachidaS_2019,0,0.4442807263945734
mechanism_only,SAMD00164916,YachidaS_2019,0,0.4995912316106591
mechanism_only,SAMD00164917,YachidaS_2019,0,0.4618375234392401
mechanism_only,SAMD00164918,YachidaS_2019,0,0.6566694309020794
mechanism_only,SAMD00164919,YachidaS_2019,1,0.48146140410585936
mechanism_only,SAMD00164920,YachidaS_2019,0,0.4618375234392401
mechanism_only,SAMD00164923,YachidaS_2019,0,0.4618375234392401
mechanism_only,SAMD00164926,YachidaS_2019,0,0.4618375234392401
mechanism_only,SAMD00164927,YachidaS_2019,0,0.4618375234392401
mechanism_only,SAMD00164928,YachidaS_2019,1,0.7163857413653871
mechanism_only,SAMD00164929,YachidaS_2019,0,0.4618375234392401
mechanism_only,SAMD00164930,YachidaS_2019,0,0.4618375234392401
mechanism_only,SAMD00164931,YachidaS_2019,0,0.6522229798392862
mechanism_only,SAMD00164932,YachidaS_2019,1,0.656929515941848
mechanism_only,SAMD00164933,YachidaS_2019,0,0.4618375234392401
mechanism_only,SAMD00164934,YachidaS_2019,0,0.6705121310091521
mechanism_only,SAMD00164935,YachidaS_2019,0,0.5179698520899529
mechanism_only,SAMD00164936,YachidaS_2019,0,0.4618375234392401
mechanism_only,SAMD00164937,YachidaS_2019,1,0.5120968571599411
mechanism_only,SAMD00164938,YachidaS_2019,0,0.6708011129780667
mechanism_only,SAMD00164939,YachidaS_2019,0,0.4618375234392401
mechanism_only,SAMD00164940,YachidaS_2019,1,0.4802657911146998
mechanism_only,SAMD00164941,YachidaS_2019,0,0.4618375234392401
mechanism_only,SAMD00164944,YachidaS_2019,1,0.6133228917382364
mechanism_only,SAMD00164946,YachidaS_2019,1,0.46942781931556177
mechanism_only,SAMD00164947,YachidaS_2019,0,0.4618375234392401
mechanism_only,SAMD00164949,YachidaS_2019,0,0.6714547118394465
mechanism_only,SAMD00164950,YachidaS_2019,0,0.4383971966024268
mechanism_only,SAMD00164951,YachidaS_2019,0,0.4618375234392401
mechanism_only,SAMD00164952,YachidaS_2019,0,0.4618375234392401
mechanism_only,SAMD00164953,YachidaS_2019,0,0.4618375234392401
mechanism_only,SAMD00164954,YachidaS_2019,0,0.6597074571578125
mechanism_only,SAMD00164955,YachidaS_2019,0,0.4618375234392401
mechanism_only,SAMD00164956,YachidaS_2019,0,0.5995513342899056
mechanism_only,SAMD00164957,YachidaS_2019,0,0.45653483852950616
mechanism_only,SAMD00164958,YachidaS_2019,0,0.4618375234392401
mechanism_only,SAMD00164960,YachidaS_2019,0,0.4618375234392401
mechanism_only,SAMD00164961,YachidaS_2019,0,0.4618375234392401
mechanism_only,SAMD00164962,YachidaS_2019,0,0.4370994506420053
mechanism_only,SAMD00164963,YachidaS_2019,0,0.4618375234392401
mechanism_only,SAMD00164964,YachidaS_2019,0,0.5405006719898808
mechanism_only,SAMD00164965,YachidaS_2019,0,0.4618375234392401
mechanism_only,SAMD00164966,YachidaS_2019,0,0.4618375234392401
mechanism_only,SAMD00164967,YachidaS_2019,0,0.4618375234392401
mechanism_only,SAMD00164968,YachidaS_2019,1,0.4808897575382869
mechanism_only,SAMD00164969,YachidaS_2019,0,0.4618375234392401
mechanism_only,SAMD00164970,YachidaS_2019,1,0.4618375234392401
mechanism_only,SAMD00164971,YachidaS_2019,1,0.48153628329355236
mechanism_only,SAMD00164972,YachidaS_2019,0,0.4618375234392401
mechanism_only,SAMD00164973,YachidaS_2019,0,0.4618375234392401
mechanism_only,SAMD00164974,YachidaS_2019,1,0.4618375234392401
mechanism_only,SAMD00164975,YachidaS_2019,1,0.5019252398623505
mechanism_only,SAMD00164976,YachidaS_2019,1,0.4618375234392401
mechanism_only,SAMD00164977,YachidaS_2019,1,0.4618375234392401
mechanism_only,SAMD00164978,YachidaS_2019,1,0.6695485790937031
mechanism_only,SAMD00164979,YachidaS_2019,1,0.4618375234392401
mechanism_only,SAMD00164980,YachidaS_2019,1,0.500923746087091
mechanism_only,SAMD00164981,YachidaS_2019,1,0.6739738390074457
mechanism_only,SAMD00164982,YachidaS_2019,1,0.4618375234392401
mechanism_only,SAMD00164983,YachidaS_2019,0,0.47818003347955473
mechanism_only,SAMD00164984,YachidaS_2019,1,0.6212099687848432
mechanism_only,SAMD00164985,YachidaS_2019,1,0.4618375234392401
mechanism_only,SAMD00164986,YachidaS_2019,0,0.6422224636686231
mechanism_only,SAMD00164987,YachidaS_2019,1,0.4618375234392401
mechanism_only,SAMD00164988,YachidaS_2019,1,0.4618375234392401
mechanism_only,SAMD00164989,YachidaS_2019,1,0.4618375234392401
mechanism_only,SAMD00164990,YachidaS_2019,1,0.6633542256765532
mechanism_only,SAMD00164991,YachidaS_2019,1,0.6322802779569936
mechanism_only,SAMD00164992,YachidaS_2019,1,0.5007810989796965
mechanism_only,SAMD00164993,YachidaS_2019,1,0.47858608565002736
mechanism_only,SAMD00164994,YachidaS_2019,1,0.4803094741000335
mechanism_only,SAMD00164995,YachidaS_2019,1,0.4618375234392401
mechanism_only,SAMD00164996,YachidaS_2019,0,0.4618375234392401
mechanism_only,SAMD00164997,YachidaS_2019,1,0.4618375234392401
mechanism_only,SAMD00164998,YachidaS_2019,1,0.6622182114399987
mechanism_only,SAMD00164999,YachidaS_2019,0,0.6039669335759444
mechanism_only,SAMD00165000,YachidaS_2019,1,0.4618375234392401
mechanism_only,SAMD00165001,YachidaS_2019,0,0.5544150042389463
mechanism_only,SAMD00165002,YachidaS_2019,1,0.528642630779575
mechanism_only,SAMD00165003,YachidaS_2019,1,0.5670760471945615
mechanism_only,SAMD00165004,YachidaS_2019,0,0.633392054959383
mechanism_only,SAMD00165005,YachidaS_2019,1,0.6557566677536264
mechanism_only,SAMD00165006,YachidaS_2019,1,0.6548226348136038
mechanism_only,SAMD00165007,YachidaS_2019,1,0.4618375234392401
mechanism_only,SAMD00165008,YachidaS_2019,0,0.4618375234392401
mechanism_only,SAMD00165009,YachidaS_2019,1,0.6367147737141852
mechanism_only,SAMD00165010,YachidaS_2019,0,0.4618375234392401
mechanism_only,SAMD00165011,YachidaS_2019,1,0.4364547365969701
mechanism_only,SAMD00165012,YachidaS_2019,1,0.4618375234392401
mechanism_only,SAMD00165014,YachidaS_2019,1,0.4618375234392401
mechanism_only,SAMD00165015,YachidaS_2019,0,0.6668326823172089
mechanism_only,SAMD00165016,YachidaS_2019,1,0.4618375234392401
mechanism_only,SAMD00165017,YachidaS_2019,1,0.4618375234392401
mechanism_only,SAMD00165018,YachidaS_2019,1,0.4618375234392401
mechanism_only,SAMD00165019,YachidaS_2019,1,0.4618375234392401
mechanism_only,SAMD00165020,YachidaS_2019,0,0.625427979031486
mechanism_only,SAMD00165021,YachidaS_2019,0,0.4618375234392401
mechanism_only,SAMD00165022,YachidaS_2019,0,0.4618375234392401
mechanism_only,SAMD00165023,YachidaS_2019,0,0.6039728717236242
mechanism_only,SAMD00165024,YachidaS_2019,0,0.47855875001823067
mechanism_only,SAMD00165025,YachidaS_2019,0,0.478574002472506
mechanism_only,SAMD00165026,YachidaS_2019,0,0.6310693477136892
mechanism_only,SAMD00165027,YachidaS_2019,0,0.4618375234392401
mechanism_only,SAMD00165028,YachidaS_2019,0,0.4618375234392401
mechanism_only,SAMD00165029,YachidaS_2019,0,0.4618375234392401
mechanism_only,SAMD00165030,YachidaS_2019,0,0.4544616770862722
mechanism_only,SAMD00165031,YachidaS_2019,0,0.5188991190314876
mechanism_only,SAMD00165032,YachidaS_2019,0,0.4618375234392401
mechanism_only,SAMD00165033,YachidaS_2019,0,0.6677636149993842
mechanism_only,SZAXPI003409-8,YuJ_2015,1,0.4718257178851424
mechanism_only,SZAXPI003410-3,YuJ_2015,1,0.5796958607211627
mechanism_only,SZAXPI003411-6,YuJ_2015,1,0.4718257178851424
mechanism_only,SZAXPI003412-1,YuJ_2015,1,0.48752219219816467
mechanism_only,SZAXPI003413-4,YuJ_2015,1,0.529501462977456
mechanism_only,SZAXPI003414-3,YuJ_2015,1,0.4718257178851424
mechanism_only,SZAXPI003415-12,YuJ_2015,1,0.6283757165719678
mechanism_only,SZAXPI003416-4,YuJ_2015,1,0.4718257178851424
mechanism_only,SZAXPI003417-4,YuJ_2015,0,0.4718257178851424
mechanism_only,SZAXPI003418-8,YuJ_2015,1,0.4718257178851424
mechanism_only,SZAXPI003419-6,YuJ_2015,0,0.4718257178851424
mechanism_only,SZAXPI003420-4,YuJ_2015,1,0.4718257178851424
mechanism_only,SZAXPI003421-5,YuJ_2015,1,0.4718257178851424
mechanism_only,SZAXPI003422-11,YuJ_2015,1,0.7729822315723012
mechanism_only,SZAXPI003423-8,YuJ_2015,1,0.4718257178851424
mechanism_only,SZAXPI003424-12,YuJ_2015,1,0.6429738284193933
mechanism_only,SZAXPI003425-1,YuJ_2015,1,0.4877994403828753
mechanism_only,SZAXPI003426-11,YuJ_2015,1,0.4812378031731367
mechanism_only,SZAXPI003427-1,YuJ_2015,0,0.4910489091883459
mechanism_only,SZAXPI003428-6,YuJ_2015,1,0.6427890876115969
mechanism_only,SZAXPI003429-3,YuJ_2015,0,0.4718257178851424
mechanism_only,SZAXPI003430-5,YuJ_2015,1,0.4718257178851424
mechanism_only,SZAXPI003431-1,YuJ_2015,1,0.6173824469925449
mechanism_only,SZAXPI003432-12,YuJ_2015,1,0.4718257178851424
mechanism_only,SZAXPI003433-7,YuJ_2015,0,0.4718257178851424
mechanism_only,SZAXPI003434-7,YuJ_2015,1,0.6034106320056053
mechanism_only,SZAXPI003435-11,YuJ_2015,1,0.5006532089402816
mechanism_only,SZAXPI003436-7,YuJ_2015,1,0.4718257178851424
mechanism_only,SZAXPI003437-3,YuJ_2015,1,0.5671428090955553
mechanism_only,SZAXPI015209-133,YuJ_2015,1,0.4718257178851424
mechanism_only,SZAXPI015210-17,YuJ_2015,1,0.4718257178851424
mechanism_only,SZAXPI015211-166,YuJ_2015,1,0.632212158550932
mechanism_only,SZAXPI015212-113,YuJ_2015,0,0.4718257178851424
mechanism_only,SZAXPI015213-15,YuJ_2015,1,0.4718257178851424
mechanism_only,SZAXPI015214-19,YuJ_2015,1,0.7059925266013625
mechanism_only,SZAXPI015215-20,YuJ_2015,1,0.4718257178851424
mechanism_only,SZAXPI015216-169,YuJ_2015,1,0.5406515181449302
mechanism_only,SZAXPI015217-140,YuJ_2015,1,0.4718257178851424
mechanism_only,SZAXPI015218-16,YuJ_2015,1,0.4718257178851424
mechanism_only,SZAXPI015219-129,YuJ_2015,1,0.5924340629209538
mechanism_only,SZAXPI015220-136,YuJ_2015,1,0.4718257178851424
mechanism_only,SZAXPI015221-142,YuJ_2015,1,0.5986551643912699
mechanism_only,SZAXPI015222-123,YuJ_2015,1,0.5198474739807092
mechanism_only,SZAXPI015223-158,YuJ_2015,1,0.4718257178851424
mechanism_only,SZAXPI015224-13,YuJ_2015,1,0.5942242571906302
mechanism_only,SZAXPI015225-18,YuJ_2015,1,0.4718257178851424
mechanism_only,SZAXPI015226-14,YuJ_2015,1,0.48142338665653794
mechanism_only,SZAXPI015227-13,YuJ_2015,0,0.4718257178851424
mechanism_only,SZAXPI015228-14,YuJ_2015,0,0.4718257178851424
mechanism_only,SZAXPI015229-15,YuJ_2015,0,0.4787723149658604
mechanism_only,SZAXPI015230-16,YuJ_2015,0,0.5032053917328059
mechanism_only,SZAXPI015231-17,YuJ_2015,0,0.5948931317890515
mechanism_only,SZAXPI015232-18,YuJ_2015,0,0.576720482099187
mechanism_only,SZAXPI015233-19,YuJ_2015,0,0.7335123869836688
mechanism_only,SZAXPI015234-20,YuJ_2015,0,0.4718257178851424
mechanism_only,SZAXPI015235-21,YuJ_2015,0,0.594751302430771
mechanism_only,SZAXPI015237-23,YuJ_2015,1,0.4718257178851424
mechanism_only,SZAXPI015238-24,YuJ_2015,0,0.4788459140872482
mechanism_only,SZAXPI015239-25,YuJ_2015,0,0.4718257178851424
mechanism_only,SZAXPI015240-26,YuJ_2015,0,0.4718257178851424
mechanism_only,SZAXPI015241-27,YuJ_2015,0,0.5936604815165033
mechanism_only,SZAXPI015242-30,YuJ_2015,0,0.5858392580920371
mechanism_only,SZAXPI015243-31,YuJ_2015,0,0.4718257178851424
mechanism_only,SZAXPI015244-32,YuJ_2015,0,0.4718257178851424
mechanism_only,SZAXPI015245-33,YuJ_2015,0,0.4718257178851424
mechanism_only,SZAXPI015246-34,YuJ_2015,0,0.6137834053366752
mechanism_only,SZAXPI015247-35,YuJ_2015,0,0.48109581334465895
mechanism_only,SZAXPI015248-36,YuJ_2015,0,0.4909869490402222
mechanism_only,SZAXPI015249-37,YuJ_2015,0,0.4718257178851424
mechanism_only,SZAXPI015250-39,YuJ_2015,0,0.4813827588727653
mechanism_only,SZAXPI015251-41,YuJ_2015,0,0.4718257178851424
mechanism_only,SZAXPI015252-43,YuJ_2015,0,0.4718257178851424
mechanism_only,SZAXPI015253-44,YuJ_2015,0,0.4718257178851424
mechanism_only,SZAXPI015254-45,YuJ_2015,0,0.4877495548767268
mechanism_only,SZAXPI015255-46,YuJ_2015,0,0.48119551276244416
mechanism_only,SZAXPI015256-47,YuJ_2015,0,0.4718257178851424
mechanism_only,SZAXPI015257-56,YuJ_2015,0,0.4718257178851424
mechanism_only,SZAXPI015258-57,YuJ_2015,0,0.4718257178851424
mechanism_only,SZAXPI015259-62,YuJ_2015,0,0.48140688749080207
mechanism_only,SZAXPI015260-74,YuJ_2015,0,0.4718257178851424
mechanism_only,SZAXPI015261-75,YuJ_2015,0,0.4718257178851424
mechanism_only,SZAXPI015262-79,YuJ_2015,0,0.4718257178851424
mechanism_only,SZAXPI015263-84,YuJ_2015,0,0.4718257178851424
mechanism_only,SZAXPI015264-87,YuJ_2015,0,0.4718257178851424
mechanism_only,SZAXPI015265-88,YuJ_2015,0,0.4718257178851424
mechanism_only,SZAXPI015266-89,YuJ_2015,0,0.4718257178851424
mechanism_only,SZAXPI015267-102,YuJ_2015,0,0.4718257178851424
mechanism_only,SZAXPI015268-109,YuJ_2015,0,0.4718257178851424
mechanism_only,SZAXPI015269-94,YuJ_2015,0,0.4718257178851424
mechanism_only,SZAXPI015270-90,YuJ_2015,0,0.4718257178851424
mechanism_only,SZAXPI015271-93,YuJ_2015,0,0.4718257178851424
mechanism_only,SZAXPI015272-108,YuJ_2015,0,0.4718257178851424
mechanism_only,SZAXPI015273-95,YuJ_2015,0,0.4718257178851424
mechanism_only,SZAXPI015274-111,YuJ_2015,0,0.4718257178851424
mechanism_only,SZAXPI017451-16,YuJ_2015,1,0.48141225185520303
mechanism_only,SZAXPI017452-17,YuJ_2015,1,0.6160179649329716
mechanism_only,SZAXPI017453-19,YuJ_2015,1,0.4718257178851424
mechanism_only,SZAXPI017454-20,YuJ_2015,1,0.6298378505313882
mechanism_only,SZAXPI017455-21,YuJ_2015,1,0.4718257178851424
mechanism_only,SZAXPI017456-23,YuJ_2015,1,0.6179854647983222
mechanism_only,SZAXPI017457-24,YuJ_2015,1,0.6157335732116545
mechanism_only,SZAXPI017458-25,YuJ_2015,1,0.4718257178851424
mechanism_only,SZAXPI017459-26,YuJ_2015,1,0.6272273702209047
mechanism_only,SZAXPI017460-27,YuJ_2015,1,0.4881685118192257
mechanism_only,SZAXPI017461-32,YuJ_2015,1,0.4718257178851424
mechanism_only,SZAXPI017462-33,YuJ_2015,1,0.515813736864336
mechanism_only,SZAXPI017463-36,YuJ_2015,1,0.6081810834645953
mechanism_only,SZAXPI017464-37,YuJ_2015,1,0.4718257178851424
mechanism_only,SZAXPI017465-43,YuJ_2015,1,0.4718257178851424
mechanism_only,SZAXPI017466-84,YuJ_2015,1,0.5716718340274713
mechanism_only,SZAXPI017467-87,YuJ_2015,1,0.4718257178851424
mechanism_only,SZAXPI017468-88,YuJ_2015,1,0.4718257178851424
mechanism_only,SZAXPI017580-90,YuJ_2015,1,0.4718257178851424
mechanism_only,SZAXPI017581-93,YuJ_2015,1,0.5971499192737724
mechanism_only,SZAXPI017582-94,YuJ_2015,1,0.4718257178851424
mechanism_only,SZAXPI017583-102,YuJ_2015,1,0.4718257178851424
mechanism_only,SZAXPI017584-108,YuJ_2015,1,0.4718257178851424
mechanism_only,SZAXPI017585-109,YuJ_2015,1,0.57849331509102
mechanism_only,SZAXPI017586-111,YuJ_2015,1,0.5005562837363622
mechanism_only,SZAXPI017587-113,YuJ_2015,1,0.4718257178851424
mechanism_only,SZAXPI017588-123,YuJ_2015,1,0.4718257178851424
mechanism_only,SZAXPI017589-133,YuJ_2015,1,0.491002305198403
mechanism_only,SZAXPI017590-136,YuJ_2015,1,0.423321291348653
mechanism_only,SZAXPI017591-140,YuJ_2015,0,0.4718257178851424
mechanism_only,SZAXPI017592-142,YuJ_2015,0,0.6103048954649997
mechanism_only,SZAXPI017593-158,YuJ_2015,1,0.4718257178851424
mechanism_only,SZAXPI017594-166,YuJ_2015,1,0.4718257178851424
mechanism_only,SZAXPI017595-169,YuJ_2015,1,0.6590170652539835
mechanism_only,CCIS00146684ST-4-0,ZellerG_2014,0,0.4658731139860253
mechanism_only,CCIS00281083ST-3-0,ZellerG_2014,0,0.4658731139860253
mechanism_only,CCIS02124300ST-4-0,ZellerG_2014,0,0.4658731139860253
mechanism_only,CCIS02379307ST-4-0,ZellerG_2014,1,0.4658731139860253
mechanism_only,CCIS02856720ST-4-0,ZellerG_2014,0,0.5619718312567972
mechanism_only,CCIS03473770ST-4-0,ZellerG_2014,0,0.4658731139860253
mechanism_only,CCIS03857607ST-4-0,ZellerG_2014,0,0.4658731139860253
mechanism_only,CCIS05314658ST-4-0,ZellerG_2014,0,0.4658731139860253
mechanism_only,CCIS06260551ST-3-0,ZellerG_2014,1,0.5561820625400612
mechanism_only,CCIS07277498ST-4-0,ZellerG_2014,0,0.4658731139860253
mechanism_only,CCIS07539127ST-4-0,ZellerG_2014,0,0.4658731139860253
mechanism_only,CCIS07648107ST-4-0,ZellerG_2014,0,0.4658731139860253
mechanism_only,CCIS09568613ST-4-0,ZellerG_2014,0,0.5766961443265732
mechanism_only,CCIS10706551ST-3-0,ZellerG_2014,0,0.4658731139860253
mechanism_only,CCIS11015875ST-4-0,ZellerG_2014,1,0.4658731139860253
mechanism_only,CCIS11354283ST-4-0,ZellerG_2014,0,0.4918515353478671
mechanism_only,CCIS11362406ST-4-0,ZellerG_2014,0,0.4658731139860253
mechanism_only,CCIS11558985ST-4-0,ZellerG_2014,0,0.4658731139860253
mechanism_only,CCIS12370844ST-4-0,ZellerG_2014,1,0.4658731139860253
mechanism_only,CCIS12656533ST-4-0,ZellerG_2014,1,0.4658731139860253
mechanism_only,CCIS13047523ST-4-0,ZellerG_2014,0,0.7633965516952217
mechanism_only,CCIS14449628ST-4-0,ZellerG_2014,1,0.5310862103768165
mechanism_only,CCIS15704761ST-4-0,ZellerG_2014,1,0.4658731139860253
mechanism_only,CCIS15794887ST-4-0,ZellerG_2014,0,0.4658731139860253
mechanism_only,CCIS16326685ST-4-0,ZellerG_2014,0,0.4658731139860253
mechanism_only,CCIS16383318ST-4-0,ZellerG_2014,0,0.4658731139860253
mechanism_only,CCIS16561622ST-4-0,ZellerG_2014,0,0.4658731139860253
mechanism_only,CCIS17669415ST-4-0,ZellerG_2014,1,0.4658731139860253
mechanism_only,CCIS20795251ST-4-0,ZellerG_2014,0,0.4658731139860253
mechanism_only,CCIS21126322ST-4-0,ZellerG_2014,0,0.4658731139860253
mechanism_only,CCIS21278152ST-4-0,ZellerG_2014,1,0.4658731139860253
mechanism_only,CCIS22416007ST-4-0,ZellerG_2014,1,0.4658731139860253
mechanism_only,CCIS22958137ST-20-0,ZellerG_2014,1,0.4658731139860253
mechanism_only,CCIS23164343ST-4-0,ZellerG_2014,0,0.4478812501831317
mechanism_only,CCIS24254057ST-4-0,ZellerG_2014,1,0.7208402224313959
mechanism_only,CCIS27304052ST-3-0,ZellerG_2014,0,0.4658731139860253
mechanism_only,CCIS27927933ST-4-0,ZellerG_2014,0,0.4658731139860253
mechanism_only,CCIS29210128ST-4-0,ZellerG_2014,0,0.4658731139860253
mechanism_only,CCIS29688262ST-20-0,ZellerG_2014,0,0.6427053881838253
mechanism_only,CCIS32452666ST-4-0,ZellerG_2014,0,0.4658731139860253
mechanism_only,CCIS33816588ST-4-0,ZellerG_2014,1,0.49187427721121013
mechanism_only,CCIS34055159ST-4-0,ZellerG_2014,1,0.5745336448635018
mechanism_only,CCIS34604008ST-4-0,ZellerG_2014,0,0.4658731139860253
mechanism_only,CCIS35100175ST-4-0,ZellerG_2014,1,0.4723441047121412
mechanism_only,CCIS36699628ST-4-0,ZellerG_2014,0,0.7401485906147638
mechanism_only,CCIS36797902ST-4-0,ZellerG_2014,0,0.6598471085904841
mechanism_only,CCIS38765456ST-20-0,ZellerG_2014,1,0.543557246894147
mechanism_only,CCIS40244499ST-3-0,ZellerG_2014,1,0.5294979404781411
mechanism_only,CCIS41222843ST-4-0,ZellerG_2014,1,0.4658731139860253
mechanism_only,CCIS41288781ST-4-0,ZellerG_2014,1,0.6609733081252074
mechanism_only,CCIS41548810ST-4-0,ZellerG_2014,1,0.4658731139860253
mechanism_only,CCIS41692898ST-4-0,ZellerG_2014,0,0.5744687648809019
mechanism_only,CCIS44093303ST-4-0,ZellerG_2014,0,0.4658731139860253
mechanism_only,CCIS44757994ST-4-0,ZellerG_2014,1,0.4658731139860253
mechanism_only,CCIS45571137ST-3-0,ZellerG_2014,0,0.4658731139860253
mechanism_only,CCIS45793747ST-4-0,ZellerG_2014,0,0.5534978913965706
mechanism_only,CCIS46047672ST-4-0,ZellerG_2014,1,0.4658731139860253
mechanism_only,CCIS46467422ST-4-0,ZellerG_2014,1,0.4658731139860253
mechanism_only,CCIS47284573ST-4-0,ZellerG_2014,1,0.4658731139860253
mechanism_only,CCIS48174381ST-4-0,ZellerG_2014,0,0.7260634960614114
mechanism_only,CCIS48725289ST-4-0,ZellerG_2014,1,0.4658731139860253
mechanism_only,CCIS50003399ST-4-0,ZellerG_2014,0,0.4658731139860253
mechanism_only,CCIS50148151ST-4-0,ZellerG_2014,1,0.4658731139860253
mechanism_only,CCIS50471204ST-4-0,ZellerG_2014,0,0.5101659510773635
mechanism_only,CCIS51595129ST-4-0,ZellerG_2014,0,0.4658731139860253
mechanism_only,CCIS52370277ST-4-0,ZellerG_2014,1,0.7030707369123703
mechanism_only,CCIS53043478ST-4-0,ZellerG_2014,1,0.4658731139860253
mechanism_only,CCIS53355328ST-4-0,ZellerG_2014,1,0.4658731139860253
mechanism_only,CCIS55230578ST-4-0,ZellerG_2014,1,0.4658731139860253
mechanism_only,CCIS58234805ST-4-0,ZellerG_2014,1,0.47250938861249286
mechanism_only,CCIS59132091ST-4-0,ZellerG_2014,1,0.4658731139860253
mechanism_only,CCIS61287323ST-4-0,ZellerG_2014,1,0.47233761381275613
mechanism_only,CCIS62605362ST-3-0,ZellerG_2014,1,0.5112770712333659
mechanism_only,CCIS62794166ST-4-0,ZellerG_2014,1,0.4658731139860253
mechanism_only,CCIS63448910ST-4-0,ZellerG_2014,0,0.4658731139860253
mechanism_only,CCIS63468405ST-4-0,ZellerG_2014,0,0.4658731139860253
mechanism_only,CCIS63910149ST-4-0,ZellerG_2014,0,0.4658731139860253
mechanism_only,CCIS64773582ST-4-0,ZellerG_2014,0,0.45690710222051667
mechanism_only,CCIS64785924ST-20-0,ZellerG_2014,0,0.4658731139860253
mechanism_only,CCIS65479369ST-4-0,ZellerG_2014,1,0.4924779713076362
mechanism_only,CCIS71301801ST-4-0,ZellerG_2014,1,0.4658731139860253
mechanism_only,CCIS71578391ST-4-0,ZellerG_2014,0,0.4495784343573442
mechanism_only,CCIS72607085ST-4-0,ZellerG_2014,1,0.5557815237941156
mechanism_only,CCIS74239020ST-4-0,ZellerG_2014,0,0.4658731139860253
mechanism_only,CCIS76845094ST-20-0,ZellerG_2014,1,0.4899176199471159
mechanism_only,CCIS77252613ST-4-0,ZellerG_2014,1,0.5500364283773064
mechanism_only,CCIS78100604ST-4-0,ZellerG_2014,0,0.4658731139860253
mechanism_only,CCIS78318719ST-4-0,ZellerG_2014,1,0.4658731139860253
mechanism_only,CCIS79210440ST-3-0,ZellerG_2014,0,0.4658731139860253
mechanism_only,CCIS80834637ST-4-0,ZellerG_2014,0,0.4658731139860253
mechanism_only,CCIS81139242ST-4-0,ZellerG_2014,0,0.4658731139860253
mechanism_only,CCIS81887263ST-4-0,ZellerG_2014,1,0.5510986190920742
mechanism_only,CCIS82146115ST-4-0,ZellerG_2014,1,0.4658731139860253
mechanism_only,CCIS82507866ST-3-0,ZellerG_2014,0,0.4658731139860253
mechanism_only,CCIS82944710ST-20-0,ZellerG_2014,0,0.4658731139860253
mechanism_only,CCIS83870198ST-4-0,ZellerG_2014,1,0.49830358007517433
mechanism_only,CCIS84543192ST-4-0,ZellerG_2014,1,0.4658731139860253
mechanism_only,CCIS85214191ST-3-0,ZellerG_2014,1,0.4658731139860253
mechanism_only,CCIS87116798ST-4-0,ZellerG_2014,1,0.4658731139860253
mechanism_only,CCIS87167916ST-4-0,ZellerG_2014,1,0.4658731139860253
mechanism_only,CCIS87252800ST-4-0,ZellerG_2014,1,0.47888359607008774
mechanism_only,CCIS87605453ST-4-0,ZellerG_2014,1,0.4658731139860253
mechanism_only,CCIS88007743ST-4-0,ZellerG_2014,0,0.7345942419787205
mechanism_only,CCIS88317640ST-4-0,ZellerG_2014,0,0.4658731139860253
mechanism_only,CCIS90164298ST-4-0,ZellerG_2014,0,0.4658731139860253
mechanism_only,CCIS91228662ST-4-0,ZellerG_2014,1,0.5453180173538593
mechanism_only,CCIS93040568ST-20-0,ZellerG_2014,0,0.5180474768006997
mechanism_only,CCIS94417875ST-3-0,ZellerG_2014,0,0.4658731139860253
mechanism_only,CCIS94603952ST-4-0,ZellerG_2014,0,0.5528989305759145
mechanism_only,CCIS95097901ST-4-0,ZellerG_2014,0,0.44741311423855085
mechanism_only,CCIS95409808ST-4-0,ZellerG_2014,0,0.4487832297524037
mechanism_only,CCIS98482370ST-3-0,ZellerG_2014,0,0.4658731139860253
mechanism_only,CCIS98512455ST-4-0,ZellerG_2014,1,0.5561535087746876
mechanism_only,CCIS98832363ST-4-0,ZellerG_2014,1,0.4658731139860253
parent_species_only,SID31004,FengQ_2015,1,0.354152915425679
parent_species_only,SID31009,FengQ_2015,0,0.4210389168208848
parent_species_only,SID31021,FengQ_2015,0,0.5475300271695914
parent_species_only,SID31071,FengQ_2015,0,0.4500071985053844
parent_species_only,SID31112,FengQ_2015,0,0.5086759346775358
parent_species_only,SID31129,FengQ_2015,0,0.5449430202115878
parent_species_only,SID31159,FengQ_2015,1,0.4964008003172313
parent_species_only,SID31160,FengQ_2015,0,0.354152915425679
parent_species_only,SID31188,FengQ_2015,1,0.4405661712447734
parent_species_only,SID31219,FengQ_2015,0,0.5953000949623511
parent_species_only,SID31223,FengQ_2015,1,0.45570776056598233
parent_species_only,SID31236,FengQ_2015,0,0.3980993744261937
parent_species_only,SID31237,FengQ_2015,1,0.39373780379962653
parent_species_only,SID31267,FengQ_2015,0,0.4098675083175564
parent_species_only,SID31276,FengQ_2015,1,0.4405308352372196
parent_species_only,SID31285,FengQ_2015,1,0.4334917810983044
parent_species_only,SID31300,FengQ_2015,0,0.45497019534808353
parent_species_only,SID31328,FengQ_2015,0,0.4338068152212838
parent_species_only,SID31333,FengQ_2015,0,0.354152915425679
parent_species_only,SID31343,FengQ_2015,0,0.4609956916422522
parent_species_only,SID31360,FengQ_2015,0,0.53595618016721
parent_species_only,SID31367,FengQ_2015,1,0.6789297238470151
parent_species_only,SID31379,FengQ_2015,0,0.4215522222293009
parent_species_only,SID31416,FengQ_2015,0,0.5044150376574444
parent_species_only,SID31428,FengQ_2015,0,0.354152915425679
parent_species_only,SID31446,FengQ_2015,1,0.6437757857519061
parent_species_only,SID31450,FengQ_2015,0,0.5263086657315491
parent_species_only,SID31452,FengQ_2015,0,0.529829790957167
parent_species_only,SID31489,FengQ_2015,1,0.5197231891708616
parent_species_only,SID31493,FengQ_2015,1,0.6022834663174383
parent_species_only,SID31512,FengQ_2015,0,0.423790344115866
parent_species_only,SID31519,FengQ_2015,0,0.44236666387372897
parent_species_only,SID31537,FengQ_2015,0,0.5670811940784023
parent_species_only,SID31549,FengQ_2015,1,0.5168008528847284
parent_species_only,SID31557,FengQ_2015,0,0.476860112526249
parent_species_only,SID31637,FengQ_2015,0,0.5951141780175934
parent_species_only,SID31685,FengQ_2015,1,0.4982690529791916
parent_species_only,SID31700,FengQ_2015,0,0.48315338259398355
parent_species_only,SID31711,FengQ_2015,0,0.4584412065012027
parent_species_only,SID31714,FengQ_2015,0,0.48804505513547414
parent_species_only,SID31723,FengQ_2015,0,0.6063045400852395
parent_species_only,SID31749,FengQ_2015,0,0.5531608961597009
parent_species_only,SID31750,FengQ_2015,0,0.5384721435948855
parent_species_only,SID31766,FengQ_2015,0,0.354152915425679
parent_species_only,SID31865,FengQ_2015,1,0.6908808888888984
parent_species_only,SID31866,FengQ_2015,1,0.6412337978775946
parent_species_only,SID31868,FengQ_2015,1,0.6795622308162119
parent_species_only,SID31870,FengQ_2015,1,0.544428958130158
parent_species_only,SID31871,FengQ_2015,1,0.38291299143078733
parent_species_only,SID31872,FengQ_2015,1,0.6249278997077685
parent_species_only,SID31873,FengQ_2015,1,0.46479098407151864
parent_species_only,SID31874,FengQ_2015,1,0.5847278468972192
parent_species_only,SID31875,FengQ_2015,1,0.4670131328977309
parent_species_only,SID31876,FengQ_2015,1,0.6142844391413483
parent_species_only,SID31877,FengQ_2015,1,0.5798224123163357
parent_species_only,SID31878,FengQ_2015,1,0.3978584355892043
parent_species_only,SID31879,FengQ_2015,1,0.5742393002331595
parent_species_only,SID31880,FengQ_2015,1,0.6342482237370924
parent_species_only,SID31881,FengQ_2015,1,0.46965098403254935
parent_species_only,SID31883,FengQ_2015,1,0.7043044559001453
parent_species_only,SID31884,FengQ_2015,1,0.5815784432050067
parent_species_only,SID530050,FengQ_2015,0,0.5625639798493218
parent_species_only,SID530052,FengQ_2015,0,0.40210736703523503
parent_species_only,SID530055,FengQ_2015,0,0.45234864591597745
parent_species_only,SID530074,FengQ_2015,0,0.354152915425679
parent_species_only,SID530075,FengQ_2015,0,0.5062258970369645
parent_species_only,SID530119,FengQ_2015,0,0.4077753862013939
parent_species_only,SID530154,FengQ_2015,0,0.46360604203819833
parent_species_only,SID530163,FengQ_2015,0,0.7095524084786614
parent_species_only,SID530167,FengQ_2015,0,0.5405437466823099
parent_species_only,SID530177,FengQ_2015,0,0.4208998636230053
parent_species_only,SID530215,FengQ_2015,0,0.5525932342711243
parent_species_only,SID530227,FengQ_2015,0,0.4350445781267932
parent_species_only,SID530251,FengQ_2015,0,0.4579311741951376
parent_species_only,SID530258,FengQ_2015,0,0.354152915425679
parent_species_only,SID530295,FengQ_2015,0,0.4122791413664063
parent_species_only,SID530315,FengQ_2015,0,0.49153684642577894
parent_species_only,SID530331,FengQ_2015,0,0.553848154865666
parent_species_only,SID530364,FengQ_2015,0,0.566423774947891
parent_species_only,SID530368,FengQ_2015,0,0.5943184516038269
parent_species_only,SID530373,FengQ_2015,1,0.584507184611186
parent_species_only,SID530394,FengQ_2015,0,0.5684858166619458
parent_species_only,SID530444,FengQ_2015,0,0.4376512828067713
parent_species_only,SID530451,FengQ_2015,0,0.4896925112599951
parent_species_only,SID530890,FengQ_2015,1,0.5168181757049923
parent_species_only,SID531128,FengQ_2015,1,0.5345385636903938
parent_species_only,SID531155,FengQ_2015,1,0.5309325584183751
parent_species_only,SID531248,FengQ_2015,1,0.354152915425679
parent_species_only,SID531274,FengQ_2015,1,0.609366925715322
parent_species_only,SID531277,FengQ_2015,1,0.4506156185562306
parent_species_only,SID531281,FengQ_2015,1,0.47438301773443414
parent_species_only,SID531333,FengQ_2015,1,0.6898226635782331
parent_species_only,SID531352,FengQ_2015,1,0.631798303673033
parent_species_only,SID531361,FengQ_2015,1,0.43626579378202696
parent_species_only,SID531382,FengQ_2015,1,0.6353017647323074
parent_species_only,SID531414,FengQ_2015,0,0.354152915425679
parent_species_only,SID531416,FengQ_2015,1,0.5798595166154776
parent_species_only,SID531424,FengQ_2015,0,0.3909380685854384
parent_species_only,SID531469,FengQ_2015,1,0.4422918648669939
parent_species_only,SID531766,FengQ_2015,1,0.4387860533487455
parent_species_only,SID531775,FengQ_2015,1,0.6432434924702503
parent_species_only,SID532749,FengQ_2015,0,0.42534807658792023
parent_species_only,SID532779,FengQ_2015,0,0.48484989682278107
parent_species_only,SID532796,FengQ_2015,0,0.5382075343222195
parent_species_only,SID532802,FengQ_2015,0,0.5400564590283707
parent_species_only,SID532826,FengQ_2015,0,0.6403850790699448
parent_species_only,SID532915,FengQ_2015,0,0.45093606469531644
parent_species_only,GupDM_JP,GuptaA_2019,1,0.5862133651557845
parent_species_only,GupDM_JG,GuptaA_2019,1,0.6042253317459934
parent_species_only,GupDM_A4,GuptaA_2019,1,0.5457317252457418
parent_species_only,GupDM_JM,GuptaA_2019,1,0.6272567979520236
parent_species_only,GupDM_A13,GuptaA_2019,1,0.5094837281673819
parent_species_only,GupDM_JK,GuptaA_2019,1,0.5801605074652177
parent_species_only,GupDM_JI,GuptaA_2019,1,0.6337499187314504
parent_species_only,GupDM_A7,GuptaA_2019,1,0.49351043566722597
parent_species_only,GupDM_A2,GuptaA_2019,1,0.6195248347019325
parent_species_only,GupDM_A_11,GuptaA_2019,1,0.6434814168257091
parent_species_only,GupDM_JC,GuptaA_2019,1,0.6397184883248985
parent_species_only,GupDM_JN,GuptaA_2019,1,0.6296219268012669
parent_species_only,GupDM_JJ,GuptaA_2019,1,0.6373895453354369
parent_species_only,GupDM_JO,GuptaA_2019,1,0.6325989461641998
parent_species_only,GupDM_A1,GuptaA_2019,1,0.6444830395490633
parent_species_only,GupDM_JE,GuptaA_2019,1,0.4728829524171392
parent_species_only,GupDM_A12,GuptaA_2019,1,0.5841611371970757
parent_species_only,GupDM_JL,GuptaA_2019,1,0.5898662561251627
parent_species_only,GupDM_A14,GuptaA_2019,1,0.6098504333841845
parent_species_only,GupDM_A8,GuptaA_2019,1,0.6006891973367664
parent_species_only,GupDM_A3,GuptaA_2019,1,0.3582333108820268
parent_species_only,GupDM_A10,GuptaA_2019,1,0.6205460927859746
parent_species_only,GupDM_A5,GuptaA_2019,1,0.5995763833151321
parent_species_only,GupDM_A_15,GuptaA_2019,1,0.603624896526867
parent_species_only,GupDM_JH,GuptaA_2019,1,0.5849385613863827
parent_species_only,GupDM_JD,GuptaA_2019,1,0.6458443065993031
parent_species_only,GupDM_A9,GuptaA_2019,1,0.520803262488593
parent_species_only,GupDM_A6,GuptaA_2019,1,0.3582333108820268
parent_species_only,GupDM_JB,GuptaA_2019,1,0.5774162231084746
parent_species_only,GupDM_JA,GuptaA_2019,1,0.3582333108820268
parent_species_only,GupDM_HAK,GuptaA_2019,0,0.4558655605701608
parent_species_only,GupDM_HAJ,GuptaA_2019,0,0.5143450632267816
parent_species_only,GupDM_HAI,GuptaA_2019,0,0.4250836531151048
parent_species_only,GupDM_HAH,GuptaA_2019,0,0.5469775169935873
parent_species_only,GupDM_HAG,GuptaA_2019,0,0.4684880103527807
parent_species_only,GupDM_HAL,GuptaA_2019,0,0.48767999601989487
parent_species_only,GupDM_HAM,GuptaA_2019,0,0.5744250139423769
parent_species_only,GupDM_HAN,GuptaA_2019,0,0.45451440519377706
parent_species_only,GupDM_HAO,GuptaA_2019,0,0.4484567870476115
parent_species_only,GupDM_HAP,GuptaA_2019,0,0.5531572892261788
parent_species_only,GupDM_HAR,GuptaA_2019,0,0.41688418449090153
parent_species_only,GupDM_HAT,GuptaA_2019,0,0.4910564294575144
parent_species_only,GupDM_HDF,GuptaA_2019,0,0.5120173387037357
parent_species_only,GupDM_HDB,GuptaA_2019,0,0.3582333108820268
parent_species_only,GupDM_HCY,GuptaA_2019,0,0.6530786778502374
parent_species_only,GupDM_HCL,GuptaA_2019,0,0.3582333108820268
parent_species_only,GupDM_HCU,GuptaA_2019,0,0.4945493609344644
parent_species_only,GupDM_HCV,GuptaA_2019,0,0.43670726867155046
parent_species_only,GupDM_HCQ,GuptaA_2019,0,0.43607634520815164
parent_species_only,GupDM_HCR,GuptaA_2019,0,0.4900459379197829
parent_species_only,GupDM_HCS,GuptaA_2019,0,0.3582333108820268
parent_species_only,GupDM_HCT,GuptaA_2019,0,0.45069627675846113
parent_species_only,GupDM_HCM,GuptaA_2019,0,0.476324318821693
parent_species_only,GupDM_HCN,GuptaA_2019,0,0.617035700357324
parent_species_only,GupDM_HCO,GuptaA_2019,0,0.3582333108820268
parent_species_only,GupDM_HCP,GuptaA_2019,0,0.4917457439047718
parent_species_only,GupDM_HP,GuptaA_2019,0,0.46266349492010356
parent_species_only,GupDM_HS,GuptaA_2019,0,0.4549985140575601
parent_species_only,GupDM_HR,GuptaA_2019,0,0.43247449209070044
parent_species_only,GupDM_HBR,GuptaA_2019,0,0.3582333108820268
parent_species_only,LILT_GF06_16,ThomasAM_2018a,0,0.4801787023954579
parent_species_only,LILT_GF15_16,ThomasAM_2018a,1,0.4062281802390476
parent_species_only,LILT_VF00TL_16,ThomasAM_2018a,0,0.47879566011770525
parent_species_only,LILT_VF06_16,ThomasAM_2018a,0,0.6021246506246626
parent_species_only,LILT_VF100_T016,ThomasAM_2018a,1,0.5679029405658871
parent_species_only,LILT_VF107_16,ThomasAM_2018a,1,0.4723954791726929
parent_species_only,LILT_VF114_T017,ThomasAM_2018a,1,0.46756324950163825
parent_species_only,LILT_VF120_16,ThomasAM_2018a,1,0.5396006293841829
parent_species_only,LILT_VF145_T017,ThomasAM_2018a,1,0.5535665613725209
parent_species_only,LILT_VF154_T017,ThomasAM_2018a,1,0.49678630381566774
parent_species_only,LILT_VF166_T017,ThomasAM_2018a,1,0.6203021642629587
parent_species_only,LILT_VF174_T017,ThomasAM_2018a,1,0.4646557008412105
parent_species_only,LILT_VF176_T017,ThomasAM_2018a,1,0.5569509715333455
parent_species_only,LILT_VF192_T017,ThomasAM_2018a,1,0.6057164381293929
parent_species_only,LILT_VF29_16,ThomasAM_2018a,1,0.5048377251356543
parent_species_only,LILT_VF31_16,ThomasAM_2018a,0,0.4065008931917301
parent_species_only,LILT_VF40_16,ThomasAM_2018a,0,0.3612414941740765
parent_species_only,LILT_VF43_16,ThomasAM_2018a,0,0.4642929831628276
parent_species_only,LILT_VF65_16,ThomasAM_2018a,1,0.5813893948727028
parent_species_only,LILT_VF71_16,ThomasAM_2018a,1,0.7688368062844867
parent_species_only,LILT_VF73_16,ThomasAM_2018a,1,0.5761443566475538
parent_species_only,LILT_VF77_16,ThomasAM_2018a,1,0.4325576264140186
parent_species_only,LILT_VF84_16,ThomasAM_2018a,0,0.5569045134697617
parent_species_only,LILT_VF95_16,ThomasAM_2018a,1,0.6329912188219279
parent_species_only,LILT_VF270_T017,ThomasAM_2018a,1,0.5714660400888123
parent_species_only,LILT_VF207_T017,ThomasAM_2018a,1,0.46511186150250333
parent_species_only,LILT_VF234_T017,ThomasAM_2018a,1,0.6424239934288413
parent_species_only,LILT_VF217_T017,ThomasAM_2018a,1,0.48069175960582194
parent_species_only,LILT_VF273_T017,ThomasAM_2018a,1,0.7983598961772311
parent_species_only,LILT_VF208_T017,ThomasAM_2018a,1,0.46361608407511556
parent_species_only,LILT_VF281_T017,ThomasAM_2018a,1,0.596431856944856
parent_species_only,LILT_VF216_T017,ThomasAM_2018a,1,0.4967077081698602
parent_species_only,LILT_VF232_T017,ThomasAM_2018a,1,0.5441255638577721
parent_species_only,LILT_VF264_T017,ThomasAM_2018a,1,0.38561423056141847
parent_species_only,LILT_VF251_T017,ThomasAM_2018a,1,0.40691527997631727
parent_species_only,LILT_VF259_T016,ThomasAM_2018a,0,0.6026534100832386
parent_species_only,LILT_VF255_T016,ThomasAM_2018a,0,0.45048912958011417
parent_species_only,LILT_VF170_T016,ThomasAM_2018a,0,0.3612414941740765
parent_species_only,LILT_VF206_T016,ThomasAM_2018a,0,0.3612414941740765
parent_species_only,LILT_VF212_T016,ThomasAM_2018a,0,0.4192061261923762
parent_species_only,LILT_VF261_T016,ThomasAM_2018a,0,0.5900941573166232
parent_species_only,LILT_VF262_T016,ThomasAM_2018a,0,0.3881433735329269
parent_species_only,LILT_VF263_T016,ThomasAM_2018a,0,0.3612414941740765
parent_species_only,LILT_VF265_T016,ThomasAM_2018a,0,0.3612414941740765
parent_species_only,LILT_VF279_T016,ThomasAM_2018a,0,0.5526892693686108
parent_species_only,LILT_VF300_T016,ThomasAM_2018a,1,0.4508563329401006
parent_species_only,LILT_VF10_T016,ThomasAM_2018a,0,0.5879591191421137
parent_species_only,LILT_VF140_T016,ThomasAM_2018a,0,0.5055079597188015
parent_species_only,LILT_VF171_T016,ThomasAM_2018a,0,0.5510927141283579
parent_species_only,LILT_VF18_T016,ThomasAM_2018a,0,0.38553614989374446
parent_species_only,LILT_VF189_T016,ThomasAM_2018a,0,0.4426278920039691
parent_species_only,LILT_VF28_T016,ThomasAM_2018a,0,0.518846610507375
parent_species_only,LILT_VF82_T016,ThomasAM_2018a,0,0.39667881815319445
parent_species_only,CRC_MR_SBJ01C_17,ThomasAM_2018b,1,0.5717966738255624
parent_species_only,CRC_MR_SBJ02C_17,ThomasAM_2018b,1,0.5555129376698217
parent_species_only,CRC_MR_SBJ03H_17,ThomasAM_2018b,0,0.4362493902755597
parent_species_only,CRC_MR_SBJ04C_17,ThomasAM_2018b,1,0.47420559232922493
parent_species_only,CRC_MR_SBJ05C_17,ThomasAM_2018b,1,0.3612414941740765
parent_species_only,CRC_MR_SBJ06C_17,ThomasAM_2018b,1,0.4650189985675072
parent_species_only,CRC_MR_SBJ07C_17,ThomasAM_2018b,1,0.6004632782967442
parent_species_only,CRC_MR_SBJ10C_17,ThomasAM_2018b,1,0.5538147845937713
parent_species_only,CRC_MR_SBJ11C_17,ThomasAM_2018b,1,0.5590311248006288
parent_species_only,CRC_MR_SBJ12C_17,ThomasAM_2018b,1,0.44277396555209086
parent_species_only,CRC_MR_SBJ16H_17,ThomasAM_2018b,0,0.400293332298815
parent_species_only,CRC_MR_SBJ17H_17,ThomasAM_2018b,0,0.43616546267947137
parent_species_only,CRC_MR_SBJ18H_17,ThomasAM_2018b,0,0.3612414941740765
parent_species_only,CRC_MR_SBJ20C_17,ThomasAM_2018b,1,0.7187415112344436
parent_species_only,CRC_MR_SBJ21H_17,ThomasAM_2018b,0,0.4381217674465591
parent_species_only,CRC_MR_SBJ22C_17,ThomasAM_2018b,1,0.574387150167842
parent_species_only,CRC_MR_SBJ24H_17,ThomasAM_2018b,0,0.5602096694285791
parent_species_only,CRC_MR_SBJ25C_17,ThomasAM_2018b,1,0.5650696369313926
parent_species_only,CRC_MR_SBJ26C_17,ThomasAM_2018b,1,0.5085376837261627
parent_species_only,CRC_MR_SBJ27C_17,ThomasAM_2018b,1,0.5408062085495227
parent_species_only,CRC_MR_SBJ29C_17,ThomasAM_2018b,1,0.5175794145286122
parent_species_only,CRC_MR_SBJ31C_17,ThomasAM_2018b,1,0.39923537647538865
parent_species_only,CRC_MR_SBJ32C_17,ThomasAM_2018b,1,0.5070386636714953
parent_species_only,CRC_MR_SBJ33C_17,ThomasAM_2018b,1,0.44386860769974484
parent_species_only,CRC_MR_SBJ34H_17,ThomasAM_2018b,0,0.500959811217952
parent_species_only,CRC_MR_SBJ35C_17,ThomasAM_2018b,1,0.3881432272093203
parent_species_only,CRC_MR_SBJ36C_17,ThomasAM_2018b,1,0.4578542985749165
parent_species_only,CRC_MR_SBJ37H_17,ThomasAM_2018b,0,0.4353577729346452
parent_species_only,CRC_MR_SBJ39C_17,ThomasAM_2018b,1,0.5934786528734259
parent_species_only,CRC_MR_SBJ40C_17,ThomasAM_2018b,1,0.4389963355904076
parent_species_only,CRC_MR_SBJ42C_17,ThomasAM_2018b,1,0.6082718299016578
parent_species_only,CRC_MR_SBJ45H_17,ThomasAM_2018b,0,0.5425593844677505
parent_species_only,CRC_MR_SBJ46H_17,ThomasAM_2018b,0,0.46431784333112097
parent_species_only,CRC_MR_SBJ47C_17,ThomasAM_2018b,1,0.4951159567619023
parent_species_only,CRC_MR_SBJ49C_17,ThomasAM_2018b,1,0.42386412744432894
parent_species_only,CRC_MR_SBJ50C_17,ThomasAM_2018b,1,0.6487013278710781
parent_species_only,CRC_MR_SBJ51C_17,ThomasAM_2018b,1,0.5597491010416658
parent_species_only,CRC_MR_SBJ52C_17,ThomasAM_2018b,1,0.5075059003619975
parent_species_only,CRC_MR_SBJ53C_17,ThomasAM_2018b,1,0.4080640017268127
parent_species_only,CRC_MR_SBJ55C_17,ThomasAM_2018b,1,0.48463652472717744
parent_species_only,CRC_MR_SBJ57H_17,ThomasAM_2018b,0,0.3612414941740765
parent_species_only,CRC_MR_SBJ60H_17,ThomasAM_2018b,0,0.43997739571673206
parent_species_only,CRC_MR_SBJ61C_17,ThomasAM_2018b,1,0.6119592508670145
parent_species_only,CRC_MR_SBJ63H_17,ThomasAM_2018b,0,0.5251918120601491
parent_species_only,CRC_MR_SBJ64C_17,ThomasAM_2018b,1,0.5495781222125353
parent_species_only,CRC_MR_SBJ65H_17,ThomasAM_2018b,0,0.3612414941740765
parent_species_only,CRC_MR_SBJ67H_17,ThomasAM_2018b,0,0.43844937017987234
parent_species_only,CRC_MR_SBJ68H_17,ThomasAM_2018b,0,0.45284657809591217
parent_species_only,CRC_MR_SBJ69H_17,ThomasAM_2018b,0,0.4501489631672888
parent_species_only,CRC_MR_SBJ73H_17,ThomasAM_2018b,0,0.44190555885117355
parent_species_only,CRC_MR_SBJ74H_17,ThomasAM_2018b,0,0.42651592240442154
parent_species_only,CRC_MR_SBJ75H_17,ThomasAM_2018b,0,0.536164468291821
parent_species_only,CRC_MR_SBJ77H_17,ThomasAM_2018b,0,0.5021217196410557
parent_species_only,CRC_MR_SBJ78H_17,ThomasAM_2018b,0,0.49629813767845843
parent_species_only,CRC_MR_SBJ79H_17,ThomasAM_2018b,0,0.6196767949216822
parent_species_only,CRC_MR_SBJ80H_17,ThomasAM_2018b,0,0.4936344363690974
parent_species_only,CRC_MR_SBJ81H_17,ThomasAM_2018b,0,0.6595077551401335
parent_species_only,CRC_MR_SBJ82H_17,ThomasAM_2018b,0,0.477401108538124
parent_species_only,CRC_MR_SBJ83H_17,ThomasAM_2018b,0,0.43477451018898755
parent_species_only,CRC_MR_SBJ84H_17,ThomasAM_2018b,0,0.3612414941740765
parent_species_only,mix1_N702-N505_CGTACTAG-GTAAGGAG,ThomasAM_2019_c,0,0.6423536783215459
parent_species_only,mix3_N707-N505_CTCTCTAC-GTAAGGAG,ThomasAM_2019_c,0,0.4539251913012839
parent_species_only,mix3_N705-N506_GGACTCCT-ACTGCATA,ThomasAM_2019_c,1,0.5512765394091872
parent_species_only,mix3_N706-N506_TAGGCATG-ACTGCATA,ThomasAM_2019_c,0,0.5510468593761667
parent_species_only,mix2_N707-N503_CTCTCTAC-TATCCTCT,ThomasAM_2019_c,0,0.5806567320546685
parent_species_only,mix6_N707-N504_CTCTCTAC-AGAGTAGA,ThomasAM_2019_c,1,0.31612633452975364
parent_species_only,mix2_N708-N504_CAGAGAGG-AGAGTAGA,ThomasAM_2019_c,0,0.6562991702251334
parent_species_only,mix2_N711-N504_AAGAGGCA-AGAGTAGA,ThomasAM_2019_c,1,0.7084617889078164
parent_species_only,AHCT5GADXX.N703-S501_AGGCAGAA-TAGATCGC,ThomasAM_2019_c,1,0.5610881707552179
parent_species_only,BHCNG3ADXX.N705-S502_GGACTCCT-CTCTCTAT,ThomasAM_2019_c,0,0.20546296990738008
parent_species_only,BHCNG3ADXX.N708-S502_CAGAGAGG-CTCTCTAT,ThomasAM_2019_c,1,0.6084938354303121
parent_species_only,HGKT5ADXX_PG0662_09A0202_H2,ThomasAM_2019_c,0,0.20546296990738008
parent_species_only,BHCNG3ADXX.N709-S502_GCTACGCT-CTCTCTAT,ThomasAM_2019_c,1,0.20546296990738008
parent_species_only,BHCNG3ADXX.N711-S502_AAGAGGCA-CTCTCTAT,ThomasAM_2019_c,1,0.40428601944371717
parent_species_only,mix20-N702-S501_CGTACTAG-TAGATCGC,ThomasAM_2019_c,0,0.6632812337952995
parent_species_only,BHCNG3ADXX.N701-S503_TAAGGCGA-TATCCTCT,ThomasAM_2019_c,1,0.5319244925348746
parent_species_only,BHCNJJADXX.N703-S503_AGGCAGAA-TATCCTCT,ThomasAM_2019_c,1,0.2642801003723914
parent_species_only,BHCNJJADXX.N705-S503_GGACTCCT-TATCCTCT,ThomasAM_2019_c,1,0.6840070018999925
parent_species_only,BHCNJJADXX.N708-S503_CAGAGAGG-TATCCTCT,ThomasAM_2019_c,0,0.5101074042255956
parent_species_only,mix21_mix22-N705-S502_GGACTCCT-CTCTCTAT,ThomasAM_2019_c,0,0.6672332988077536
parent_species_only,AHCNC2ADXX.N708_CAGAGAGG,ThomasAM_2019_c,1,0.5073782504287262
parent_species_only,AHCNC2ADXX.N710_CGAGGCTG,ThomasAM_2019_c,1,0.4762379623740184
parent_species_only,mix23_mix24-N703-S503_AGGCAGAA-TATCCTCT,ThomasAM_2019_c,0,0.4673815645371165
parent_species_only,BHCTGKADXX.N707-S505_CTCTCTAC-GTAAGGAG,ThomasAM_2019_c,0,0.584309648159301
parent_species_only,BHCNFHADXX.N710-S505_CGAGGCTG-GTAAGGAG,ThomasAM_2019_c,1,0.6850787925342328
parent_species_only,BHCNK3ADXX.N711-S506_AAGAGGCA-ACTGCATA,ThomasAM_2019_c,0,0.4266001547487886
parent_species_only,BHCNK3ADXX.N712-S506_GTAGAGGA-ACTGCATA,ThomasAM_2019_c,1,0.5876496423792514
parent_species_only,mix29_mix30-N710_CGAGGCTG,ThomasAM_2019_c,0,0.3448994028904119
parent_species_only,BHCNK3ADXX.N706-S507_TAGGCATG-AAGGAGTA,ThomasAM_2019_c,0,0.5683001368001115
parent_species_only,mix31_mix32-N702-S506_CGTACTAG-ACTGCATA,ThomasAM_2019_c,0,0.46616906610568376
parent_species_only,AHCNMFADXX.N709-S507_GCTACGCT-AAGGAGTA,ThomasAM_2019_c,1,0.5331968673340296
parent_species_only,AHCNMFADXX.N712-S507_GTAGAGGA-AAGGAGTA,ThomasAM_2019_c,0,0.32641083748530203
parent_species_only,AHCNMFADXX.N703-S508_AGGCAGAA-CTAAGCCT,ThomasAM_2019_c,1,0.33430745627340763
parent_species_only,mix31_mix32-N705-S506_GGACTCCT-ACTGCATA,ThomasAM_2019_c,0,0.7238110288725904
parent_species_only,BHCNM7ADXX.N712-S508_GTAGAGGA-CTAAGCCT,ThomasAM_2019_c,0,0.20546296990738008
parent_species_only,BHCNM7ADXX.N701-S511_TAAGGCGA-TCTCTCCG,ThomasAM_2019_c,0,0.45563766411802087
parent_species_only,mix33_mix34-N711-S506_AAGAGGCA-ACTGCATA,ThomasAM_2019_c,0,0.20546296990738008
parent_species_only,mix33_mix34-N712-S506_GTAGAGGA-ACTGCATA,ThomasAM_2019_c,0,0.20546296990738008
parent_species_only,mix35_mix36-N712-S507_GTAGAGGA-AAGGAGTA,ThomasAM_2019_c,1,0.3235976481809084
parent_species_only,HGK7MADXX_PG0662_19A0305_H3_L001,ThomasAM_2019_c,1,0.20546296990738008
parent_species_only,HGK7MADXX_PG0662_87A0503_H3_L002,ThomasAM_2019_c,1,0.7803362961989102
parent_species_only,HGKMWADXX_PG0662_92A0617_H3_L001,ThomasAM_2019_c,1,0.20546296990738008
parent_species_only,HGKMWADXX_PG0662_95A0604_H3_L002,ThomasAM_2019_c,0,0.36318901930739067
parent_species_only,HGKYVADXX_PG0662_98A0607_H3_L001,ThomasAM_2019_c,0,0.20546296990738008
parent_species_only,HGKYVADXX_PG0662_104A0704_H3_L001,ThomasAM_2019_c,0,0.5386674504236052
parent_species_only,HGKMWADXX_PG0662_166A0807_H3_L002,ThomasAM_2019_c,1,0.426024195736846
parent_species_only,HGKFCADXX_PG0662_168A0902_H3_L001,ThomasAM_2019_c,0,0.690062309349162
parent_species_only,HGK52ADXX_PG0662_172A0906_H3_L001,ThomasAM_2019_c,1,0.6371377250144515
parent_species_only,HGKY7ADXX_PG0662_178A0104_H1_L002,ThomasAM_2019_c,0,0.20546296990738008
parent_species_only,HGKY7ADXX_PG0662_179A0105_H1_L002,ThomasAM_2019_c,0,0.35440717793308574
parent_species_only,HGKY7ADXX_PG0662_182A0217_H1_L002,ThomasAM_2019_c,1,0.4146545258200766
parent_species_only,HGKY7ADXX_PG0662_239A0206_H1_L001,ThomasAM_2019_c,1,0.20546296990738008
parent_species_only,HGKYWADXX_PG0662_245A0305_H1_L002,ThomasAM_2019_c,1,0.3560283541243501
parent_species_only,HGKYWADXX_PG0662_249A0402_H1_L002,ThomasAM_2019_c,0,0.48461388827307506
parent_species_only,HGKYWADXX_PG0662_255A0407_H1_L001,ThomasAM_2019_c,1,0.623429768796291
parent_species_only,HGKYWADXX_PG0662_259A0504_H1_L001,ThomasAM_2019_c,1,0.4895091763153597
parent_species_only,HGKYVADXX_PG0662_320A0604_H1_L002,ThomasAM_2019_c,0,0.344327638298269
parent_species_only,HGKY5ADXX_PG0662_332A0817_H1_L001,ThomasAM_2019_c,1,0.5126807158691031
parent_species_only,HJK7MADXX_PG0783_04A0104_H1_L002,ThomasAM_2019_c,1,0.2991673936091231
parent_species_only,HJKJJADXX_PG0783_14A0207_H1_L001,ThomasAM_2019_c,0,0.6049167400067648
parent_species_only,HJKJ2ADXX_PG0783_19A0305_H1_L001,ThomasAM_2019_c,0,0.20546296990738008
parent_species_only,HJK7VADXX_PG0783_22A0417_H1_L001,ThomasAM_2019_c,1,0.33177398096664706
parent_species_only,HJK7VADXX_PG0783_23A0402_H1_L002,ThomasAM_2019_c,1,0.7283042403958786
parent_species_only,HJK7MADXX_PG0783_24A0403_H1_L001,ThomasAM_2019_c,0,0.6086327993642443
parent_species_only,HJKJ2ADXX_PG0783_27A0405_H1_L001,ThomasAM_2019_c,1,0.28808908896416485
parent_species_only,HJK7VADXX_PG0783_31A0502_H1_L002,ThomasAM_2019_c,0,0.3440872389310973
parent_species_only,HJKHTADXX_PG0783_55A0104_H1_L001,ThomasAM_2019_c,0,0.6042539322081836
parent_species_only,HJKHTADXX_PG0783_65A0205_H1_L002,ThomasAM_2019_c,1,0.4964373336002853
parent_species_only,HJKNLADXX_PG0783_67A0207_H1_L002,ThomasAM_2019_c,0,0.3416142071671242
parent_species_only,HJKHJADXX_PG0783_75A0417_H1_L001,ThomasAM_2019_c,1,0.33537482586483325
parent_species_only,HJKNLADXX_PG0783_82A0407_H1_L002,ThomasAM_2019_c,0,0.6893790299706368
parent_species_only,HJKNLADXX_PG0783_89A0507_H1_L002,ThomasAM_2019_c,1,0.45961925277437554
parent_species_only,HJKJJADXX_PG0783_92A0603_H1_L002,ThomasAM_2019_c,1,0.5175303077360593
parent_species_only,HJKHJADXX_PG0783_98A0717_H1_L001,ThomasAM_2019_c,1,0.7157793945807586
parent_species_only,HJK7NADXX_PG0783_110A0106_H1_L002,ThomasAM_2019_c,0,0.3743598721672052
parent_species_only,HJKTNADXX_PG0783_113A0203_H1_L001,ThomasAM_2019_c,0,0.40723860368826253
parent_species_only,HJK7NADXX_PG0783_128A0406_H1_L002,ThomasAM_2019_c,1,0.3847271992883765
parent_species_only,HJKTNADXX_PG0783_132A0504_H1_L002,ThomasAM_2019_c,1,0.5356426099672056
parent_species_only,HJKTNADXX_PG0783_145A0703_H1_L001,ThomasAM_2019_c,1,0.4431036474494259
parent_species_only,HJKTNADXX_PG0783_147A0704_H1_L002,ThomasAM_2019_c,0,0.47252812697022345
parent_species_only,MMRS11288076ST-27-0-0,VogtmannE_2016,0,0.4787630928443122
parent_species_only,MMRS11932626ST-27-0-0,VogtmannE_2016,0,0.586358183079884
parent_species_only,MMRS12272136ST-27-0-0,VogtmannE_2016,1,0.48180518121660176
parent_species_only,MMRS14379078ST-27-0-0,VogtmannE_2016,1,0.5351776330247638
parent_species_only,MMRS14602194ST-27-0-0,VogtmannE_2016,1,0.5116230756532875
parent_species_only,MMRS15137911ST-27-0-0,VogtmannE_2016,1,0.6687732496952452
parent_species_only,MMRS16644320ST-27-0-0,VogtmannE_2016,1,0.558754926142982
parent_species_only,MMRS17603756ST-27-0-0,VogtmannE_2016,0,0.3597529004166758
parent_species_only,MMRS17963147ST-27-0-0,VogtmannE_2016,0,0.42253969952677417
parent_species_only,MMRS18295921ST-27-0-0,VogtmannE_2016,1,0.44725665504725726
parent_species_only,MMRS20257302ST-27-0-0,VogtmannE_2016,0,0.4484697149945475
parent_species_only,MMRS21365932ST-27-0-0,VogtmannE_2016,0,0.6092539381021809
parent_species_only,MMRS24340226ST-27-0-0,VogtmannE_2016,1,0.564916250882958
parent_species_only,MMRS25211151ST-27-0-0,VogtmannE_2016,0,0.44585682045861996
parent_species_only,MMRS25641480ST-27-0-0,VogtmannE_2016,1,0.6475077298109375
parent_species_only,MMRS29805707ST-27-0-0,VogtmannE_2016,0,0.5660023800529795
parent_species_only,MMRS31306426ST-27-0-0,VogtmannE_2016,1,0.5254068897641749
parent_species_only,MMRS32573774ST-27-0-0,VogtmannE_2016,0,0.5950529044048836
parent_species_only,MMRS33294861ST-27-0-0,VogtmannE_2016,0,0.5821787878354908
parent_species_only,MMRS34525504ST-27-0-0,VogtmannE_2016,1,0.5522320735687944
parent_species_only,MMRS34569532ST-27-0-0,VogtmannE_2016,0,0.5421906381438583
parent_species_only,MMRS35808664ST-27-0-0,VogtmannE_2016,0,0.4854549296475583
parent_species_only,MMRS36405092ST-27-0-0,VogtmannE_2016,0,0.5228947056345724
parent_species_only,MMRS38861560ST-27-0-0,VogtmannE_2016,0,0.5689099610887318
parent_species_only,MMRS38954404ST-27-0-0,VogtmannE_2016,0,0.4704699742875957
parent_species_only,MMRS39415781ST-27-0-0,VogtmannE_2016,0,0.3597529004166758
parent_species_only,MMRS39582183ST-27-0-0,VogtmannE_2016,0,0.3597529004166758
parent_species_only,MMRS40913371ST-27-0-0,VogtmannE_2016,0,0.4243752380717218
parent_species_only,MMRS41266697ST-27-0-0,VogtmannE_2016,1,0.6358727322788714
parent_species_only,MMRS41711735ST-27-0-0,VogtmannE_2016,1,0.6302662241250041
parent_species_only,MMRS42780924ST-27-0-0,VogtmannE_2016,1,0.526038211095603
parent_species_only,MMRS43563715ST-27-0-0,VogtmannE_2016,1,0.5662432508876968
parent_species_only,MMRS43939546ST-27-0-0,VogtmannE_2016,1,0.598274920631889
parent_species_only,MMRS44197125ST-27-0-0,VogtmannE_2016,1,0.5003868403152473
parent_species_only,MMRS44203591ST-27-0-0,VogtmannE_2016,1,0.6940149988757285
parent_species_only,MMRS44587603ST-27-0-0,VogtmannE_2016,1,0.4014258188427048
parent_species_only,MMRS47662059ST-27-0-0,VogtmannE_2016,1,0.551591664187251
parent_species_only,MMRS47685461ST-27-0-0,VogtmannE_2016,1,0.649317609580097
parent_species_only,MMRS51307502ST-27-0-0,VogtmannE_2016,0,0.398923553934551
parent_species_only,MMRS51410669ST-27-0-0,VogtmannE_2016,1,0.5045807556512588
parent_species_only,MMRS51728985ST-27-0-0,VogtmannE_2016,1,0.5088093980746076
parent_species_only,MMRS51737257ST-27-0-0,VogtmannE_2016,0,0.5818795064849874
parent_species_only,MMRS54246132ST-27-0-0,VogtmannE_2016,0,0.4400698317313657
parent_species_only,MMRS54316675ST-27-0-0,VogtmannE_2016,1,0.6032198746713967
parent_species_only,MMRS55294627ST-27-0-0,VogtmannE_2016,1,0.5368667568382132
parent_species_only,MMRS56137463ST-27-0-0,VogtmannE_2016,0,0.6361150865863016
parent_species_only,MMRS57276462ST-27-0-0,VogtmannE_2016,0,0.45864011985200387
parent_species_only,MMRS57569834ST-27-0-0,VogtmannE_2016,0,0.4976407774091581
parent_species_only,MMRS59699117ST-27-0-0,VogtmannE_2016,1,0.6079733402925745
parent_species_only,MMRS61683006ST-27-0-0,VogtmannE_2016,0,0.4974256223727416
parent_species_only,MMRS62192467ST-27-0-0,VogtmannE_2016,0,0.5936149437304141
parent_species_only,MMRS62376181ST-27-0-0,VogtmannE_2016,1,0.5198224541989079
parent_species_only,MMRS62666492ST-27-0-0,VogtmannE_2016,0,0.5310443889469589
parent_species_only,MMRS64281211ST-27-0-0,VogtmannE_2016,1,0.6701048254482594
parent_species_only,MMRS64281551ST-27-0-0,VogtmannE_2016,0,0.5821665122347336
parent_species_only,MMRS65205033ST-27-0-0,VogtmannE_2016,1,0.5785810519939208
parent_species_only,MMRS65742083ST-27-0-0,VogtmannE_2016,0,0.5115011759438998
parent_species_only,MMRS65862658ST-27-0-0,VogtmannE_2016,0,0.3597529004166758
parent_species_only,MMRS65945127ST-27-0-0,VogtmannE_2016,1,0.6855849984478902
parent_species_only,MMRS66868025ST-27-0-0,VogtmannE_2016,0,0.47047162204874443
parent_species_only,MMRS67096717ST-27-0-0,VogtmannE_2016,0,0.6050439341514771
parent_species_only,MMRS67247116ST-27-0-0,VogtmannE_2016,1,0.42465973379771355
parent_species_only,MMRS68630931ST-27-0-0,VogtmannE_2016,0,0.45390783413156643
parent_species_only,MMRS68910755ST-27-0-0,VogtmannE_2016,1,0.5744272553386546
parent_species_only,MMRS71762412ST-27-0-0,VogtmannE_2016,1,0.5946958573424551
parent_species_only,MMRS72802364ST-27-0-0,VogtmannE_2016,1,0.6533412043898763
parent_species_only,MMRS72980899ST-27-0-0,VogtmannE_2016,1,0.6595623400980822
parent_species_only,MMRS73787048ST-27-0-0,VogtmannE_2016,0,0.5737031968616608
parent_species_only,MMRS77018926ST-27-0-0,VogtmannE_2016,1,0.5030128382652829
parent_species_only,MMRS77321055ST-27-0-0,VogtmannE_2016,1,0.6071165430325457
parent_species_only,MMRS77487595ST-27-0-0,VogtmannE_2016,1,0.6450255418445072
parent_species_only,MMRS78791111ST-27-0-0,VogtmannE_2016,1,0.47164393590091974
parent_species_only,MMRS79893829ST-27-0-0,VogtmannE_2016,0,0.5492583528213417
parent_species_only,MMRS80093644ST-27-0-0,VogtmannE_2016,1,0.5833826863463591
parent_species_only,MMRS81130264ST-27-0-0,VogtmannE_2016,0,0.5685421723053897
parent_species_only,MMRS81135225ST-27-0-0,VogtmannE_2016,0,0.3597529004166758
parent_species_only,MMRS81194191ST-27-0-0,VogtmannE_2016,1,0.5818948834199561
parent_species_only,MMRS81671217ST-27-0-0,VogtmannE_2016,1,0.5290723624760141
parent_species_only,MMRS84085284ST-27-0-0,VogtmannE_2016,0,0.5085135084481441
parent_species_only,MMRS84159866ST-27-0-0,VogtmannE_2016,0,0.3597529004166758
parent_species_only,MMRS84954772ST-27-0-0,VogtmannE_2016,1,0.5549720439010675
parent_species_only,MMRS85382779ST-27-0-0,VogtmannE_2016,1,0.6212421698345297
parent_species_only,MMRS85438660ST-27-0-0,VogtmannE_2016,0,0.3597529004166758
parent_species_only,MMRS85548821ST-27-0-0,VogtmannE_2016,0,0.5342615163497656
parent_species_only,MMRS86168210ST-27-0-0,VogtmannE_2016,0,0.5464999175559923
parent_species_only,MMRS86178473ST-27-0-0,VogtmannE_2016,1,0.4895775755652476
parent_species_only,MMRS86958796ST-27-0-0,VogtmannE_2016,1,0.5673513692674848
parent_species_only,MMRS87723283ST-27-0-0,VogtmannE_2016,0,0.48486453075557845
parent_species_only,MMRS88581325ST-27-0-0,VogtmannE_2016,0,0.5563978950221252
parent_species_only,MMRS90191266ST-27-0-0,VogtmannE_2016,1,0.5105172749041768
parent_species_only,MMRS91297590ST-27-0-0,VogtmannE_2016,0,0.5726202025991168
parent_species_only,MMRS92544445ST-27-0-0,VogtmannE_2016,1,0.6922232104243283
parent_species_only,MMRS92546335ST-27-0-0,VogtmannE_2016,0,0.5901747688333385
parent_species_only,MMRS93508324ST-27-0-0,VogtmannE_2016,1,0.4294183376805835
parent_species_only,MMRS93621581ST-27-0-0,VogtmannE_2016,0,0.5409924944782515
parent_species_only,MMRS94549160ST-27-0-0,VogtmannE_2016,0,0.599927074935222
parent_species_only,MMRS95277876ST-27-0-0,VogtmannE_2016,0,0.556707911076392
parent_species_only,MMRS95479054ST-27-0-0,VogtmannE_2016,0,0.3597529004166758
parent_species_only,MMRS95674036ST-27-0-0,VogtmannE_2016,0,0.3597529004166758
parent_species_only,MMRS96422329ST-27-0-0,VogtmannE_2016,1,0.5366229444943109
parent_species_only,MMRS97052561ST-27-0-0,VogtmannE_2016,1,0.6045758016709064
parent_species_only,MMRS97307143ST-27-0-0,VogtmannE_2016,0,0.49669761225521947
parent_species_only,MMRS97327636ST-27-0-0,VogtmannE_2016,1,0.7922690492072209
parent_species_only,MMRS99045180ST-27-0-0,VogtmannE_2016,1,0.4227976252026579
parent_species_only,CCMD11006829ST-21-0,WirbelJ_2018,1,0.6542761795609914
parent_species_only,CCMD12232071ST-21-0,WirbelJ_2018,1,0.5631383977172985
parent_species_only,CCMD13071240ST-21-0,WirbelJ_2018,1,0.5639743796684017
parent_species_only,CCMD13934959ST-21-0,WirbelJ_2018,1,0.45374001608565084
parent_species_only,CCMD14479708ST-21-0,WirbelJ_2018,1,0.5060949255896074
parent_species_only,CCMD18872694ST-21-0,WirbelJ_2018,1,0.5308230545379033
parent_species_only,CCMD19497912ST-21-0,WirbelJ_2018,1,0.5571500992801014
parent_species_only,CCMD23101338ST-21-0,WirbelJ_2018,1,0.4474300802452897
parent_species_only,CCMD25511638ST-21-0,WirbelJ_2018,1,0.41959295209195263
parent_species_only,CCMD25963797ST-21-0,WirbelJ_2018,1,0.3496896581825207
parent_species_only,CCMD26709089ST-21-0,WirbelJ_2018,1,0.3496896581825207
parent_species_only,CCMD26925580ST-21-0,WirbelJ_2018,1,0.4027287865894682
parent_species_only,CCMD34381688ST-21-0,WirbelJ_2018,1,0.4379110272576119
parent_species_only,CCMD35802077ST-21-0,WirbelJ_2018,1,0.5274871856181268
parent_species_only,CCMD40701343ST-21-0,WirbelJ_2018,1,0.3496896581825207
parent_species_only,CCMD42428553ST-21-0,WirbelJ_2018,1,0.43730387976143925
parent_species_only,CCMD45988061ST-21-0,WirbelJ_2018,1,0.5749983816940926
parent_species_only,CCMD46222674ST-21-0,WirbelJ_2018,1,0.3496896581825207
parent_species_only,CCMD46947453ST-21-0,WirbelJ_2018,1,0.5247243805768386
parent_species_only,CCMD48236717ST-21-0,WirbelJ_2018,1,0.43157635472835004
parent_species_only,CCMD50071957ST-21-0,WirbelJ_2018,1,0.60497253444018
parent_species_only,CCMD51864103ST-21-0,WirbelJ_2018,1,0.5215841255948809
parent_species_only,CCMD60079086ST-21-0,WirbelJ_2018,1,0.6801103162593273
parent_species_only,CCMD63399960ST-21-0,WirbelJ_2018,1,0.46507505428625
parent_species_only,CCMD64503764ST-21-0,WirbelJ_2018,1,0.6106900344104221
parent_species_only,CCMD64776337ST-21-0,WirbelJ_2018,1,0.4704750237555438
parent_species_only,CCMD72895164ST-21-0,WirbelJ_2018,1,0.5537923042589576
parent_species_only,CCMD74930188ST-21-0,WirbelJ_2018,1,0.6011044263590474
parent_species_only,CCMD79987997ST-21-0,WirbelJ_2018,1,0.5331533421431269
parent_species_only,CCMD82866709ST-21-0,WirbelJ_2018,1,0.6048609023914234
parent_species_only,CCMD86114146ST-21-0,WirbelJ_2018,1,0.4442857241141272
parent_species_only,CCMD86707194ST-21-0,WirbelJ_2018,1,0.5159642358540214
parent_species_only,CCMD87156761ST-21-0,WirbelJ_2018,1,0.4184581640024526
parent_species_only,CCMD88272491ST-21-0,WirbelJ_2018,1,0.5607859985564327
parent_species_only,CCMD90311071ST-21-0,WirbelJ_2018,1,0.3496896581825207
parent_species_only,CCMD93344354ST-21-0,WirbelJ_2018,1,0.5377357718131238
parent_species_only,CCMD95433940ST-21-0,WirbelJ_2018,1,0.42211609650819254
parent_species_only,CCMD96553385ST-21-0,WirbelJ_2018,1,0.4157709622937991
parent_species_only,MMPU29365221ST,WirbelJ_2018,0,0.3714508764396297
parent_species_only,MMPU68403337ST,WirbelJ_2018,0,0.4657727187186165
parent_species_only,MMPU72854103ST,WirbelJ_2018,0,0.5339356526881185
parent_species_only,MMPU84450604ST,WirbelJ_2018,0,0.5065712671753517
parent_species_only,MMPU99077057ST,WirbelJ_2018,0,0.42137724493497003
parent_species_only,CCMD10032470ST-11-0,WirbelJ_2018,0,0.3922201625309796
parent_species_only,CCMD10191450ST-11-0,WirbelJ_2018,0,0.4739304416426484
parent_species_only,CCMD15562448ST-11-0,WirbelJ_2018,0,0.49787029426313634
parent_species_only,CCMD17410933ST-11-0,WirbelJ_2018,0,0.49063526483005454
parent_species_only,CCMD18579000ST-11-0,WirbelJ_2018,0,0.44922356681397946
parent_species_only,CCMD18829815ST-11-0,WirbelJ_2018,0,0.47148072463042273
parent_species_only,CCMD19168690ST-11-0,WirbelJ_2018,1,0.41052219930546224
parent_species_only,CCMD21593359ST-11-0,WirbelJ_2018,1,0.7339849832037998
parent_species_only,CCMD21703880ST-11-0,WirbelJ_2018,1,0.5289690267364344
parent_species_only,CCMD22852639ST-11-0,WirbelJ_2018,0,0.39315407892598325
parent_species_only,CCMD23541216ST-11-0,WirbelJ_2018,0,0.49178920175709034
parent_species_only,CCMD25475945ST-11-0,WirbelJ_2018,0,0.4951385507820537
parent_species_only,CCMD26625622ST-11-0,WirbelJ_2018,0,0.4282089172073456
parent_species_only,CCMD27463710ST-11-0,WirbelJ_2018,1,0.5512913613494153
parent_species_only,CCMD27867141ST-11-0,WirbelJ_2018,0,0.41196737412180356
parent_species_only,CCMD28738636ST-11-0,WirbelJ_2018,0,0.5107674740435635
parent_species_only,CCMD29706695ST-11-0,WirbelJ_2018,0,0.43960449948775454
parent_species_only,CCMD30626189ST-11-0,WirbelJ_2018,0,0.3496896581825207
parent_species_only,CCMD30627121ST-11-0,WirbelJ_2018,0,0.42858302798730463
parent_species_only,CCMD31009081ST-11-0,WirbelJ_2018,0,0.3496896581825207
parent_species_only,CCMD31134579ST-11-0,WirbelJ_2018,0,0.43094381436187995
parent_species_only,CCMD32288175ST-11-0,WirbelJ_2018,0,0.4810276098869995
parent_species_only,CCMD32965613ST-11-0,WirbelJ_2018,0,0.45632847449824887
parent_species_only,CCMD35081859ST-11-0,WirbelJ_2018,0,0.5677063847870912
parent_species_only,CCMD35633353ST-11-0,WirbelJ_2018,1,0.5292835325956353
parent_species_only,CCMD35801800ST-11-0,WirbelJ_2018,0,0.42879536031927173
parent_species_only,CCMD37575804ST-11-0,WirbelJ_2018,0,0.4497929549356206
parent_species_only,CCMD38158721ST-11-0,WirbelJ_2018,0,0.47459539520627364
parent_species_only,CCMD39157124ST-11-0,WirbelJ_2018,0,0.4214904426944198
parent_species_only,CCMD39882286ST-11-0,WirbelJ_2018,0,0.3496896581825207
parent_species_only,CCMD41202658ST-11-0,WirbelJ_2018,0,0.4671033199766331
parent_species_only,CCMD41521570ST-11-0,WirbelJ_2018,0,0.4491865215276542
parent_species_only,CCMD42956136ST-11-0,WirbelJ_2018,1,0.6045525624945765
parent_species_only,CCMD45004878ST-11-0,WirbelJ_2018,0,0.44123307649627724
parent_species_only,CCMD45812507ST-11-0,WirbelJ_2018,0,0.4788971676828719
parent_species_only,CCMD46727384ST-11-0,WirbelJ_2018,0,0.6244316654200444
parent_species_only,CCMD49025643ST-11-0,WirbelJ_2018,0,0.4675890136023026
parent_species_only,CCMD49461418ST-11-0,WirbelJ_2018,1,0.48275706809935925
parent_species_only,CCMD49942357ST-11-0,WirbelJ_2018,0,0.4524649623269782
parent_species_only,CCMD50300306ST-11-0,WirbelJ_2018,0,0.5269667093437677
parent_species_only,CCMD50529145ST-11-0,WirbelJ_2018,0,0.52028808836926
parent_species_only,CCMD50538120ST-11-0,WirbelJ_2018,0,0.3496896581825207
parent_species_only,CCMD51154251ST-11-0,WirbelJ_2018,0,0.399003258290396
parent_species_only,CCMD51228890ST-11-0,WirbelJ_2018,0,0.4070245147299708
parent_species_only,CCMD52117727ST-11-0,WirbelJ_2018,1,0.5934073719357599
parent_species_only,CCMD52145360ST-11-0,WirbelJ_2018,1,0.5461557188549137
parent_species_only,CCMD53508245ST-11-0,WirbelJ_2018,0,0.6034599841689842
parent_species_only,CCMD53522274ST-11-0,WirbelJ_2018,0,0.3496896581825207
parent_species_only,CCMD54057834ST-11-0,WirbelJ_2018,0,0.44413056550999896
parent_species_only,CCMD56948710ST-11-0,WirbelJ_2018,0,0.493720278946876
parent_species_only,CCMD59540613ST-11-0,WirbelJ_2018,0,0.43043103207295336
parent_species_only,CCMD59583015ST-11-0,WirbelJ_2018,1,0.5065339054428171
parent_species_only,CCMD65222621ST-11-0,WirbelJ_2018,1,0.4937670112728336
parent_species_only,CCMD65406197ST-11-0,WirbelJ_2018,1,0.46310270907574597
parent_species_only,CCMD66848156ST-11-0,WirbelJ_2018,0,0.4336322041672197
parent_species_only,CCMD67373733ST-11-0,WirbelJ_2018,0,0.4230703069627913
parent_species_only,CCMD68973846ST-11-0,WirbelJ_2018,0,0.3496896581825207
parent_species_only,CCMD71242853ST-11-0,WirbelJ_2018,1,0.3496896581825207
parent_species_only,CCMD71915439ST-11-0,WirbelJ_2018,1,0.3496896581825207
parent_species_only,CCMD72666896ST-11-0,WirbelJ_2018,0,0.4774622305589108
parent_species_only,CCMD72690923ST-11-0,WirbelJ_2018,1,0.3885555141487971
parent_species_only,CCMD73128545ST-11-0,WirbelJ_2018,0,0.423283887688487
parent_species_only,CCMD74592084ST-11-0,WirbelJ_2018,0,0.547390668468028
parent_species_only,CCMD75147712ST-11-0,WirbelJ_2018,0,0.3496896581825207
parent_species_only,CCMD76222476ST-11-0,WirbelJ_2018,1,0.5733605166944495
parent_species_only,CCMD76409700ST-11-0,WirbelJ_2018,0,0.40561020107923157
parent_species_only,CCMD79349503ST-11-0,WirbelJ_2018,1,0.3496896581825207
parent_species_only,CCMD85481373ST-11-0,WirbelJ_2018,0,0.624788952134629
parent_species_only,CCMD85661207ST-11-0,WirbelJ_2018,0,0.5564017933709886
parent_species_only,CCMD89107682ST-11-0,WirbelJ_2018,0,0.4053156649838011
parent_species_only,CCMD89306485ST-11-0,WirbelJ_2018,1,0.3496896581825207
parent_species_only,CCMD89643949ST-11-0,WirbelJ_2018,0,0.40416128305764065
parent_species_only,CCMD89967135ST-11-0,WirbelJ_2018,0,0.4330206176862575
parent_species_only,CCMD92404903ST-11-0,WirbelJ_2018,1,0.7675551164034897
parent_species_only,CCMD93755960ST-11-0,WirbelJ_2018,0,0.4098660851087065
parent_species_only,CCMD95431029ST-11-0,WirbelJ_2018,1,0.5578850561931905
parent_species_only,CCMD95676152ST-11-0,WirbelJ_2018,1,0.6425497734581957
parent_species_only,CCMD98198513ST-11-0,WirbelJ_2018,0,0.46928719867489943
parent_species_only,CCMD98531134ST-11-0,WirbelJ_2018,1,0.5283797407765193
parent_species_only,CCMD98702133ST-11-0,WirbelJ_2018,0,0.5056919492490474
parent_species_only,CCMD99440714ST-11-0,WirbelJ_2018,0,0.49115877524839124
parent_species_only,CCMD99929634ST-11-0,WirbelJ_2018,0,0.40532822509364375
parent_species_only,SAMD00115014,YachidaS_2019,1,0.40272411669795366
parent_species_only,SAMD00115015,YachidaS_2019,0,0.5234147567322393
parent_species_only,SAMD00115025,YachidaS_2019,0,0.20546296990738008
parent_species_only,SAMD00115027,YachidaS_2019,0,0.20546296990738008
parent_species_only,SAMD00114971,YachidaS_2019,0,0.20546296990738008
parent_species_only,SAMD00114972,YachidaS_2019,1,0.20546296990738008
parent_species_only,SAMD00114968,YachidaS_2019,0,0.5238194854917012
parent_species_only,SAMD00114970,YachidaS_2019,0,0.6444712732816125
parent_species_only,SAMD00115016,YachidaS_2019,0,0.7648742504795867
parent_species_only,SAMD00115017,YachidaS_2019,0,0.44840558596564806
parent_species_only,SAMD00115019,YachidaS_2019,0,0.33772956793239006
parent_species_only,SAMD00115021,YachidaS_2019,1,0.20546296990738008
parent_species_only,SAMD00115023,YachidaS_2019,0,0.4571703624269328
parent_species_only,SAMD00114973,YachidaS_2019,0,0.344175673953061
parent_species_only,SAMD00114969,YachidaS_2019,1,0.28225312591935325
parent_species_only,SAMD00115018,YachidaS_2019,0,0.36093352237729953
parent_species_only,SAMD00115020,YachidaS_2019,1,0.5525099938647801
parent_species_only,SAMD00115022,YachidaS_2019,0,0.5505933065817915
parent_species_only,SAMD00115029,YachidaS_2019,1,0.30265113498841284
parent_species_only,SAMD00115026,YachidaS_2019,1,0.32952133515887044
parent_species_only,SAMD00115028,YachidaS_2019,1,0.20546296990738008
parent_species_only,SAMD00114997,YachidaS_2019,0,0.5795098361491727
parent_species_only,SAMD00115030,YachidaS_2019,1,0.20546296990738008
parent_species_only,SAMD00115031,YachidaS_2019,1,0.3998137447070128
parent_species_only,SAMD00115032,YachidaS_2019,0,0.675541848723135
parent_species_only,SAMD00115034,YachidaS_2019,1,0.25664514281902007
parent_species_only,SAMD00115035,YachidaS_2019,1,0.3135422082109273
parent_species_only,SAMD00114998,YachidaS_2019,0,0.6548079949199616
parent_species_only,SAMD00115000,YachidaS_2019,1,0.7023643066520866
parent_species_only,SAMD00114995,YachidaS_2019,0,0.20546296990738008
parent_species_only,SAMD00114996,YachidaS_2019,0,0.38045624849278653
parent_species_only,SAMD00115033,YachidaS_2019,0,0.20546296990738008
parent_species_only,SAMD00114736,YachidaS_2019,0,0.6930007006265393
parent_species_only,SAMD00114737,YachidaS_2019,1,0.5624607270879777
parent_species_only,SAMD00114738,YachidaS_2019,1,0.613920401961056
parent_species_only,SAMD00114739,YachidaS_2019,1,0.7959700179730058
parent_species_only,SAMD00114744,YachidaS_2019,1,0.398824374190476
parent_species_only,SAMD00114745,YachidaS_2019,0,0.43838669646663475
parent_species_only,SAMD00114746,YachidaS_2019,1,0.40145841457032994
parent_species_only,SAMD00114747,YachidaS_2019,0,0.450515283648537
parent_species_only,SAMD00114748,YachidaS_2019,1,0.38036891729697614
parent_species_only,SAMD00114832,YachidaS_2019,0,0.20546296990738008
parent_species_only,SAMD00114740,YachidaS_2019,1,0.3834481696471691
parent_species_only,SAMD00114741,YachidaS_2019,0,0.3897411503390708
parent_species_only,SAMD00114833,YachidaS_2019,0,0.40556949252063657
parent_species_only,SAMD00114742,YachidaS_2019,1,0.7129992420770815
parent_species_only,SAMD00114743,YachidaS_2019,1,0.7233317966041989
parent_species_only,SAMD00114757,YachidaS_2019,0,0.20546296990738008
parent_species_only,SAMD00114759,YachidaS_2019,1,0.3160567443188264
parent_species_only,SAMD00114760,YachidaS_2019,1,0.6092792670140269
parent_species_only,SAMD00114834,YachidaS_2019,0,0.20546296990738008
parent_species_only,SAMD00114761,YachidaS_2019,1,0.20546296990738008
parent_species_only,SAMD00114762,YachidaS_2019,1,0.4312543231643623
parent_species_only,SAMD00114763,YachidaS_2019,1,0.4030516917400124
parent_species_only,SAMD00114815,YachidaS_2019,0,0.7980755084309239
parent_species_only,SAMD00114764,YachidaS_2019,1,0.3576428708933388
parent_species_only,SAMD00114974,YachidaS_2019,0,0.6625828679419954
parent_species_only,SAMD00114755,YachidaS_2019,1,0.5245130337770937
parent_species_only,SAMD00114765,YachidaS_2019,1,0.2510727152355457
parent_species_only,SAMD00114978,YachidaS_2019,1,0.7033349306347859
parent_species_only,SAMD00114766,YachidaS_2019,1,0.7651666078557352
parent_species_only,SAMD00114979,YachidaS_2019,0,0.6674148674863691
parent_species_only,SAMD00114767,YachidaS_2019,1,0.6839514719918234
parent_species_only,SAMD00114768,YachidaS_2019,1,0.2631706317344146
parent_species_only,SAMD00114769,YachidaS_2019,0,0.28243027964138
parent_species_only,SAMD00114770,YachidaS_2019,0,0.5105664092768362
parent_species_only,SAMD00114771,YachidaS_2019,0,0.436024687564005
parent_species_only,SAMD00114975,YachidaS_2019,0,0.33238730073520206
parent_species_only,SAMD00114772,YachidaS_2019,1,0.20546296990738008
parent_species_only,SAMD00114773,YachidaS_2019,0,0.5200339293307574
parent_species_only,SAMD00114718,YachidaS_2019,0,0.4405941377277113
parent_species_only,SAMD00114976,YachidaS_2019,0,0.6913101052011409
parent_species_only,SAMD00114977,YachidaS_2019,0,0.6676715395073093
parent_species_only,SAMD00114719,YachidaS_2019,0,0.2535546243832507
parent_species_only,SAMD00114720,YachidaS_2019,0,0.29220470036046636
parent_species_only,SAMD00114721,YachidaS_2019,0,0.7450498103976566
parent_species_only,SAMD00114722,YachidaS_2019,1,0.5072322108379591
parent_species_only,SAMD00114984,YachidaS_2019,0,0.6126003639452254
parent_species_only,SAMD00114723,YachidaS_2019,1,0.5187926101377498
parent_species_only,SAMD00114724,YachidaS_2019,1,0.47597280048691126
parent_species_only,SAMD00114800,YachidaS_2019,0,0.3709568456501001
parent_species_only,SAMD00114982,YachidaS_2019,0,0.4666685801965063
parent_species_only,SAMD00114793,YachidaS_2019,1,0.3476429363020242
parent_species_only,SAMD00114794,YachidaS_2019,1,0.5687616984533282
parent_species_only,SAMD00114795,YachidaS_2019,0,0.52907060526127
parent_species_only,SAMD00114986,YachidaS_2019,0,0.20546296990738008
parent_species_only,SAMD00114796,YachidaS_2019,0,0.47205767338671817
parent_species_only,SAMD00114987,YachidaS_2019,0,0.4159801256499041
parent_species_only,SAMD00114797,YachidaS_2019,1,0.20546296990738008
parent_species_only,SAMD00114798,YachidaS_2019,0,0.5835117965753934
parent_species_only,SAMD00114799,YachidaS_2019,1,0.20546296990738008
parent_species_only,SAMD00114753,YachidaS_2019,1,0.6837453764803161
parent_species_only,SAMD00114754,YachidaS_2019,1,0.20546296990738008
parent_species_only,SAMD00114989,YachidaS_2019,0,0.5139694749546125
parent_species_only,SAMD00114990,YachidaS_2019,0,0.4892651766538103
parent_species_only,SAMD00114991,YachidaS_2019,0,0.3352581593447881
parent_species_only,SAMD00114992,YachidaS_2019,0,0.3965473318500025
parent_species_only,SAMD00114749,YachidaS_2019,1,0.38895010274488573
parent_species_only,SAMD00114750,YachidaS_2019,1,0.27523318661230967
parent_species_only,SAMD00114780,YachidaS_2019,0,0.6819280962393827
parent_species_only,SAMD00114781,YachidaS_2019,0,0.4259926660902217
parent_species_only,SAMD00114782,YachidaS_2019,1,0.5919842562379571
parent_species_only,SAMD00114994,YachidaS_2019,0,0.3442784891708107
parent_species_only,SAMD00114774,YachidaS_2019,1,0.5888805724095804
parent_species_only,SAMD00114775,YachidaS_2019,1,0.20546296990738008
parent_species_only,SAMD00114776,YachidaS_2019,1,0.20546296990738008
parent_species_only,SAMD00114777,YachidaS_2019,1,0.6229289908516302
parent_species_only,SAMD00114778,YachidaS_2019,0,0.5696144747688088
parent_species_only,SAMD00114779,YachidaS_2019,0,0.36182350975668226
parent_species_only,SAMD00114730,YachidaS_2019,0,0.20546296990738008
parent_species_only,SAMD00115001,YachidaS_2019,0,0.4663580298789131
parent_species_only,SAMD00114731,YachidaS_2019,1,0.5285442674829669
parent_species_only,SAMD00114732,YachidaS_2019,1,0.5085977820910619
parent_species_only,SAMD00114733,YachidaS_2019,1,0.6595694625901863
parent_species_only,SAMD00114734,YachidaS_2019,0,0.3277105816928967
parent_species_only,SAMD00114726,YachidaS_2019,1,0.6812178904366584
parent_species_only,SAMD00114727,YachidaS_2019,1,0.3308203608990599
parent_species_only,SAMD00114728,YachidaS_2019,1,0.5825825803627136
parent_species_only,SAMD00114729,YachidaS_2019,1,0.346355673239143
parent_species_only,SAMD00115002,YachidaS_2019,0,0.7237773642686963
parent_species_only,SAMD00114788,YachidaS_2019,1,0.20546296990738008
parent_species_only,SAMD00115003,YachidaS_2019,0,0.3717656081081739
parent_species_only,SAMD00115004,YachidaS_2019,0,0.20546296990738008
parent_species_only,SAMD00114789,YachidaS_2019,0,0.4184873234313283
parent_species_only,SAMD00114790,YachidaS_2019,1,0.20546296990738008
parent_species_only,SAMD00114791,YachidaS_2019,0,0.20546296990738008
parent_species_only,SAMD00114792,YachidaS_2019,0,0.20546296990738008
parent_species_only,SAMD00114783,YachidaS_2019,0,0.4553199736261427
parent_species_only,SAMD00114784,YachidaS_2019,0,0.7460959570169201
parent_species_only,SAMD00115008,YachidaS_2019,0,0.20546296990738008
parent_species_only,SAMD00114785,YachidaS_2019,0,0.41350997457734867
parent_species_only,SAMD00114786,YachidaS_2019,1,0.3543065222455701
parent_species_only,SAMD00115009,YachidaS_2019,0,0.20546296990738008
parent_species_only,SAMD00115005,YachidaS_2019,0,0.20546296990738008
parent_species_only,SAMD00115006,YachidaS_2019,1,0.7756540775303408
parent_species_only,SAMD00115007,YachidaS_2019,1,0.20546296990738008
parent_species_only,SAMD00115011,YachidaS_2019,1,0.5425460509289624
parent_species_only,SAMD00115012,YachidaS_2019,0,0.35539962408005293
parent_species_only,SAMD00115013,YachidaS_2019,1,0.325498107041064
parent_species_only,SAMD00115010,YachidaS_2019,1,0.4898778878043708
parent_species_only,SAMD00114816,YachidaS_2019,1,0.20546296990738008
parent_species_only,SAMD00114819,YachidaS_2019,0,0.6190786098752306
parent_species_only,SAMD00114804,YachidaS_2019,1,0.39000610071170766
parent_species_only,SAMD00114805,YachidaS_2019,1,0.20546296990738008
parent_species_only,SAMD00114806,YachidaS_2019,1,0.7955230958425837
parent_species_only,SAMD00114807,YachidaS_2019,0,0.5529012354745217
parent_species_only,SAMD00114808,YachidaS_2019,1,0.7263188942574027
parent_species_only,SAMD00114809,YachidaS_2019,0,0.20546296990738008
parent_species_only,SAMD00114810,YachidaS_2019,1,0.4187859238225393
parent_species_only,SAMD00114811,YachidaS_2019,1,0.4746999538771304
parent_species_only,SAMD00114812,YachidaS_2019,0,0.6213304987400868
parent_species_only,SAMD00114813,YachidaS_2019,1,0.7803239984154104
parent_species_only,SAMD00114814,YachidaS_2019,1,0.29512171715861707
parent_species_only,SAMD00114826,YachidaS_2019,1,0.20546296990738008
parent_species_only,SAMD00114829,YachidaS_2019,0,0.3637195701089524
parent_species_only,SAMD00114830,YachidaS_2019,0,0.4627635313156654
parent_species_only,SAMD00114862,YachidaS_2019,0,0.20546296990738008
parent_species_only,SAMD00114822,YachidaS_2019,1,0.6388860648186929
parent_species_only,SAMD00114823,YachidaS_2019,1,0.6461304551297794
parent_species_only,SAMD00114857,YachidaS_2019,1,0.623487916356263
parent_species_only,SAMD00114858,YachidaS_2019,0,0.6978965482822992
parent_species_only,SAMD00114824,YachidaS_2019,0,0.46084774105710186
parent_species_only,SAMD00114825,YachidaS_2019,1,0.4259342587100062
parent_species_only,SAMD00114817,YachidaS_2019,1,0.6426180262816655
parent_species_only,SAMD00114818,YachidaS_2019,0,0.38128387606683045
parent_species_only,SAMD00114835,YachidaS_2019,1,0.45168458954244467
parent_species_only,SAMD00114836,YachidaS_2019,1,0.20546296990738008
parent_species_only,SAMD00114803,YachidaS_2019,1,0.6375879152387954
parent_species_only,SAMD00114841,YachidaS_2019,1,0.5832074541544382
parent_species_only,SAMD00114842,YachidaS_2019,0,0.20546296990738008
parent_species_only,SAMD00114843,YachidaS_2019,0,0.36043293846561775
parent_species_only,SAMD00114844,YachidaS_2019,1,0.7267286792351151
parent_species_only,SAMD00114845,YachidaS_2019,0,0.20546296990738008
parent_species_only,SAMD00114846,YachidaS_2019,1,0.4092542289144334
parent_species_only,SAMD00114848,YachidaS_2019,1,0.6555783268713886
parent_species_only,SAMD00114849,YachidaS_2019,1,0.20546296990738008
parent_species_only,SAMD00114850,YachidaS_2019,0,0.3110696215992007
parent_species_only,SAMD00114863,YachidaS_2019,1,0.3560525777358929
parent_species_only,SAMD00114865,YachidaS_2019,0,0.48450421217016126
parent_species_only,SAMD00114852,YachidaS_2019,1,0.376981426969742
parent_species_only,SAMD00114867,YachidaS_2019,0,0.20546296990738008
parent_species_only,SAMD00114868,YachidaS_2019,1,0.20546296990738008
parent_species_only,SAMD00114869,YachidaS_2019,0,0.5575589012734967
parent_species_only,SAMD00114854,YachidaS_2019,0,0.7660390135538522
parent_species_only,SAMD00114859,YachidaS_2019,0,0.35130362395956993
parent_species_only,SAMD00114837,YachidaS_2019,0,0.378883262908459
parent_species_only,SAMD00114838,YachidaS_2019,0,0.6966404938254686
parent_species_only,SAMD00114860,YachidaS_2019,0,0.20546296990738008
parent_species_only,SAMD00114839,YachidaS_2019,1,0.307420121019376
parent_species_only,SAMD00114840,YachidaS_2019,1,0.5128079134133331
parent_species_only,SAMD00114856,YachidaS_2019,1,0.4491011514583417
parent_species_only,SAMD00114870,YachidaS_2019,1,0.4520637740442653
parent_species_only,SAMD00114871,YachidaS_2019,1,0.29944143106161825
parent_species_only,SAMD00114926,YachidaS_2019,0,0.7505229659283628
parent_species_only,SAMD00114888,YachidaS_2019,0,0.3142008562544371
parent_species_only,SAMD00114889,YachidaS_2019,0,0.466156063262814
parent_species_only,SAMD00114872,YachidaS_2019,0,0.581079301512015
parent_species_only,SAMD00114873,YachidaS_2019,0,0.40883214696709436
parent_species_only,SAMD00114927,YachidaS_2019,1,0.20546296990738008
parent_species_only,SAMD00114938,YachidaS_2019,0,0.6049403523353558
parent_species_only,SAMD00114891,YachidaS_2019,1,0.42037241075904824
parent_species_only,SAMD00114929,YachidaS_2019,0,0.20546296990738008
parent_species_only,SAMD00114939,YachidaS_2019,1,0.6254653893708737
parent_species_only,SAMD00114892,YachidaS_2019,1,0.332330795095404
parent_species_only,SAMD00114893,YachidaS_2019,1,0.7282975103619157
parent_species_only,SAMD00114874,YachidaS_2019,0,0.6068503862779357
parent_species_only,SAMD00114875,YachidaS_2019,1,0.46514186941443936
parent_species_only,SAMD00114931,YachidaS_2019,1,0.20546296990738008
parent_species_only,SAMD00114932,YachidaS_2019,0,0.38174887249145667
parent_species_only,SAMD00114940,YachidaS_2019,0,0.20546296990738008
parent_species_only,SAMD00114894,YachidaS_2019,1,0.566200063624299
parent_species_only,SAMD00114895,YachidaS_2019,0,0.3428722081865743
parent_species_only,SAMD00114876,YachidaS_2019,0,0.20546296990738008
parent_species_only,SAMD00114933,YachidaS_2019,1,0.3582606329045292
parent_species_only,SAMD00114941,YachidaS_2019,1,0.4047456276779201
parent_species_only,SAMD00114896,YachidaS_2019,1,0.3639797130673737
parent_species_only,SAMD00114897,YachidaS_2019,1,0.43408749310465355
parent_species_only,SAMD00114877,YachidaS_2019,1,0.710787481425372
parent_species_only,SAMD00114878,YachidaS_2019,1,0.20546296990738008
parent_species_only,SAMD00114934,YachidaS_2019,1,0.5368229523593616
parent_species_only,SAMD00114942,YachidaS_2019,0,0.5911939246571828
parent_species_only,SAMD00114898,YachidaS_2019,0,0.20546296990738008
parent_species_only,SAMD00114935,YachidaS_2019,1,0.38903126105801544
parent_species_only,SAMD00114943,YachidaS_2019,1,0.20546296990738008
parent_species_only,SAMD00114908,YachidaS_2019,0,0.20546296990738008
parent_species_only,SAMD00114944,YachidaS_2019,1,0.52804082068209
parent_species_only,SAMD00114918,YachidaS_2019,0,0.6038864455632169
parent_species_only,SAMD00114909,YachidaS_2019,1,0.4586055830083622
parent_species_only,SAMD00114919,YachidaS_2019,1,0.6285913041240568
parent_species_only,SAMD00114920,YachidaS_2019,1,0.5002419709326364
parent_species_only,SAMD00114949,YachidaS_2019,1,0.5890785882120847
parent_species_only,SAMD00114950,YachidaS_2019,0,0.3418256170051704
parent_species_only,SAMD00114910,YachidaS_2019,1,0.4199944930192212
parent_species_only,SAMD00114911,YachidaS_2019,1,0.7627759188244757
parent_species_only,SAMD00114921,YachidaS_2019,1,0.5102457218901241
parent_species_only,SAMD00114922,YachidaS_2019,1,0.3847833635477147
parent_species_only,SAMD00114951,YachidaS_2019,1,0.33225532709977296
parent_species_only,SAMD00114912,YachidaS_2019,1,0.3356105993155126
parent_species_only,SAMD00114913,YachidaS_2019,0,0.2213330836202391
parent_species_only,SAMD00114952,YachidaS_2019,1,0.28266672107055135
parent_species_only,SAMD00114953,YachidaS_2019,0,0.6897520632405638
parent_species_only,SAMD00114945,YachidaS_2019,0,0.20546296990738008
parent_species_only,SAMD00114924,YachidaS_2019,1,0.20546296990738008
parent_species_only,SAMD00114954,YachidaS_2019,1,0.459597329830604
parent_species_only,SAMD00114914,YachidaS_2019,1,0.5368928460731324
parent_species_only,SAMD00114946,YachidaS_2019,1,0.5188434093311418
parent_species_only,SAMD00114925,YachidaS_2019,1,0.38118754496796425
parent_species_only,SAMD00114956,YachidaS_2019,1,0.3591262836448193
parent_species_only,SAMD00114915,YachidaS_2019,1,0.7158132377858899
parent_species_only,SAMD00114916,YachidaS_2019,1,0.3806806787051086
parent_species_only,SAMD00114917,YachidaS_2019,1,0.4312102616523109
parent_species_only,SAMD00114948,YachidaS_2019,1,0.3705894490091976
parent_species_only,SAMD00114957,YachidaS_2019,1,0.26774669693908737
parent_species_only,SAMD00114958,YachidaS_2019,1,0.43269409349651616
parent_species_only,SAMD00114879,YachidaS_2019,1,0.655148027133024
parent_species_only,SAMD00114880,YachidaS_2019,0,0.3742860178414631
parent_species_only,SAMD00114959,YachidaS_2019,0,0.4051494690755254
parent_species_only,SAMD00114960,YachidaS_2019,1,0.2845316370400864
parent_species_only,SAMD00114899,YachidaS_2019,0,0.20546296990738008
parent_species_only,SAMD00114881,YachidaS_2019,0,0.5037565757573488
parent_species_only,SAMD00114882,YachidaS_2019,0,0.6172771673531438
parent_species_only,SAMD00114900,YachidaS_2019,0,0.28303800672725155
parent_species_only,SAMD00114901,YachidaS_2019,0,0.7509714013141866
parent_species_only,SAMD00114883,YachidaS_2019,1,0.3772267018346389
parent_species_only,SAMD00114884,YachidaS_2019,1,0.3851776908528996
parent_species_only,SAMD00114902,YachidaS_2019,1,0.5589681051574055
parent_species_only,SAMD00114903,YachidaS_2019,1,0.5937021520531786
parent_species_only,SAMD00114963,YachidaS_2019,0,0.5098724422274861
parent_species_only,SAMD00114964,YachidaS_2019,1,0.5357658105878256
parent_species_only,SAMD00114905,YachidaS_2019,1,0.20546296990738008
parent_species_only,SAMD00114965,YachidaS_2019,1,0.34351282453061743
parent_species_only,SAMD00114885,YachidaS_2019,0,0.3903789079952295
parent_species_only,SAMD00114906,YachidaS_2019,0,0.20546296990738008
parent_species_only,SAMD00114907,YachidaS_2019,1,0.36495000607455697
parent_species_only,SAMD00114966,YachidaS_2019,1,0.44355262504576976
parent_species_only,SAMD00114967,YachidaS_2019,0,0.47278802283278343
parent_species_only,SAMD00114886,YachidaS_2019,1,0.41273797758362835
parent_species_only,SAMD00164694,YachidaS_2019,1,0.4810397904954701
parent_species_only,SAMD00164695,YachidaS_2019,1,0.2834064624883294
parent_species_only,SAMD00136653,YachidaS_2019,0,0.5705554432690705
parent_species_only,SAMD00164721,YachidaS_2019,1,0.6184878904983548
parent_species_only,SAMD00164727,YachidaS_2019,0,0.6450311973296666
parent_species_only,SAMD00164729,YachidaS_2019,0,0.2726969224627912
parent_species_only,SAMD00164745,YachidaS_2019,1,0.4139206210500881
parent_species_only,SAMD00164748,YachidaS_2019,0,0.6736446180218698
parent_species_only,SAMD00154991,YachidaS_2019,0,0.538888753598386
parent_species_only,SAMD00164756,YachidaS_2019,0,0.4694656335876861
parent_species_only,SAMD00164758,YachidaS_2019,0,0.7357192139007525
parent_species_only,SAMD00154992,YachidaS_2019,0,0.6900853494200432
parent_species_only,SAMD00154993,YachidaS_2019,1,0.414820125904456
parent_species_only,SAMD00136648,YachidaS_2019,0,0.5054489830169215
parent_species_only,SAMD00164767,YachidaS_2019,1,0.20546296990738008
parent_species_only,SAMD00164769,YachidaS_2019,1,0.5201926326634975
parent_species_only,SAMD00154994,YachidaS_2019,1,0.6229102606001778
parent_species_only,SAMD00164771,YachidaS_2019,1,0.35805422639738005
parent_species_only,SAMD00154995,YachidaS_2019,1,0.4952797085876178
parent_species_only,SAMD00164773,YachidaS_2019,0,0.20546296990738008
parent_species_only,SAMD00164774,YachidaS_2019,0,0.20546296990738008
parent_species_only,SAMD00164776,YachidaS_2019,1,0.43702761504449816
parent_species_only,SAMD00164778,YachidaS_2019,1,0.47872828089715186
parent_species_only,SAMD00164779,YachidaS_2019,1,0.5866462202262056
parent_species_only,SAMD00164780,YachidaS_2019,1,0.4092799504245099
parent_species_only,SAMD00164803,YachidaS_2019,0,0.5033943253286808
parent_species_only,SAMD00164805,YachidaS_2019,0,0.20546296990738008
parent_species_only,SAMD00164806,YachidaS_2019,0,0.35057450498725723
parent_species_only,SAMD00164809,YachidaS_2019,0,0.6570341798881978
parent_species_only,SAMD00164812,YachidaS_2019,1,0.311453167541133
parent_species_only,SAMD00164814,YachidaS_2019,0,0.5202277729471487
parent_species_only,SAMD00164817,YachidaS_2019,1,0.3574178564941991
parent_species_only,SAMD00164818,YachidaS_2019,1,0.29879059827235493
parent_species_only,SAMD00164819,YachidaS_2019,0,0.3172668979140932
parent_species_only,SAMD00164820,YachidaS_2019,1,0.4109575663785562
parent_species_only,SAMD00164821,YachidaS_2019,1,0.7416115294780431
parent_species_only,SAMD00164822,YachidaS_2019,1,0.6994504614944967
parent_species_only,SAMD00164823,YachidaS_2019,0,0.501763680974235
parent_species_only,SAMD00164824,YachidaS_2019,0,0.20546296990738008
parent_species_only,SAMD00164825,YachidaS_2019,0,0.20546296990738008
parent_species_only,SAMD00164826,YachidaS_2019,1,0.44293552853910323
parent_species_only,SAMD00164827,YachidaS_2019,0,0.20546296990738008
parent_species_only,SAMD00164828,YachidaS_2019,0,0.46026268095250616
parent_species_only,SAMD00164829,YachidaS_2019,1,0.6522457596373247
parent_species_only,SAMD00164830,YachidaS_2019,1,0.20546296990738008
parent_species_only,SAMD00164831,YachidaS_2019,1,0.4153445947784067
parent_species_only,SAMD00164832,YachidaS_2019,1,0.20546296990738008
parent_species_only,SAMD00164833,YachidaS_2019,0,0.45246174289144186
parent_species_only,SAMD00164834,YachidaS_2019,1,0.5367256898818625
parent_species_only,SAMD00164835,YachidaS_2019,0,0.20546296990738008
parent_species_only,SAMD00164836,YachidaS_2019,1,0.45590247276312074
parent_species_only,SAMD00164837,YachidaS_2019,0,0.39331799821077534
parent_species_only,SAMD00164838,YachidaS_2019,1,0.34014939067695327
parent_species_only,SAMD00164839,YachidaS_2019,1,0.20546296990738008
parent_species_only,SAMD00164840,YachidaS_2019,0,0.4240462625165133
parent_species_only,SAMD00164841,YachidaS_2019,1,0.20546296990738008
parent_species_only,SAMD00164842,YachidaS_2019,1,0.47938399755720235
parent_species_only,SAMD00164843,YachidaS_2019,1,0.3819785627197489
parent_species_only,SAMD00164844,YachidaS_2019,1,0.3757054489190642
parent_species_only,SAMD00164845,YachidaS_2019,1,0.3435305119603147
parent_species_only,SAMD00164846,YachidaS_2019,1,0.20546296990738008
parent_species_only,SAMD00164847,YachidaS_2019,1,0.3921287084366578
parent_species_only,SAMD00164848,YachidaS_2019,0,0.27154974040965946
parent_species_only,SAMD00164849,YachidaS_2019,0,0.713333824121408
parent_species_only,SAMD00164850,YachidaS_2019,1,0.20546296990738008
parent_species_only,SAMD00164851,YachidaS_2019,1,0.4313654100600265
parent_species_only,SAMD00164852,YachidaS_2019,1,0.4276215556448622
parent_species_only,SAMD00164853,YachidaS_2019,0,0.5347537079523562
parent_species_only,SAMD00164854,YachidaS_2019,1,0.4167375733964645
parent_species_only,SAMD00164855,YachidaS_2019,0,0.6640277878677608
parent_species_only,SAMD00164856,YachidaS_2019,0,0.27393732335696225
parent_species_only,SAMD00164858,YachidaS_2019,1,0.20546296990738008
parent_species_only,SAMD00164859,YachidaS_2019,1,0.4461284407718383
parent_species_only,SAMD00164860,YachidaS_2019,1,0.32662682200905224
parent_species_only,SAMD00164861,YachidaS_2019,1,0.5535029448048776
parent_species_only,SAMD00164862,YachidaS_2019,0,0.2776423371144551
parent_species_only,SAMD00164863,YachidaS_2019,1,0.5690031720770768
parent_species_only,SAMD00164864,YachidaS_2019,1,0.6062435737791425
parent_species_only,SAMD00164865,YachidaS_2019,0,0.3679896392931039
parent_species_only,SAMD00164866,YachidaS_2019,1,0.5169268603150923
parent_species_only,SAMD00164867,YachidaS_2019,1,0.33286589614276874
parent_species_only,SAMD00164868,YachidaS_2019,1,0.7817782506130616
parent_species_only,SAMD00164869,YachidaS_2019,1,0.3085545983017044
parent_species_only,SAMD00164870,YachidaS_2019,0,0.7771556571991615
parent_species_only,SAMD00164871,YachidaS_2019,1,0.20546296990738008
parent_species_only,SAMD00164872,YachidaS_2019,0,0.20546296990738008
parent_species_only,SAMD00164873,YachidaS_2019,0,0.8373201163171496
parent_species_only,SAMD00164874,YachidaS_2019,0,0.20546296990738008
parent_species_only,SAMD00164875,YachidaS_2019,0,0.315041244387415
parent_species_only,SAMD00164876,YachidaS_2019,0,0.39932196288695393
parent_species_only,SAMD00164877,YachidaS_2019,0,0.20546296990738008
parent_species_only,SAMD00164878,YachidaS_2019,0,0.36349163843663546
parent_species_only,SAMD00164879,YachidaS_2019,0,0.36000001674943183
parent_species_only,SAMD00164880,YachidaS_2019,1,0.4385558553443761
parent_species_only,SAMD00164881,YachidaS_2019,0,0.4912341414684614
parent_species_only,SAMD00164882,YachidaS_2019,0,0.5220012941315011
parent_species_only,SAMD00164883,YachidaS_2019,1,0.4576689597506237
parent_species_only,SAMD00164884,YachidaS_2019,1,0.34374118354990446
parent_species_only,SAMD00164885,YachidaS_2019,1,0.4331691307064519
parent_species_only,SAMD00164888,YachidaS_2019,0,0.4650673401066016
parent_species_only,SAMD00164889,YachidaS_2019,1,0.20546296990738008
parent_species_only,SAMD00164890,YachidaS_2019,0,0.4742270368162512
parent_species_only,SAMD00164891,YachidaS_2019,0,0.8300870751424739
parent_species_only,SAMD00164892,YachidaS_2019,0,0.3112577374857742
parent_species_only,SAMD00164895,YachidaS_2019,0,0.5604217555004292
parent_species_only,SAMD00164896,YachidaS_2019,0,0.20546296990738008
parent_species_only,SAMD00164897,YachidaS_2019,0,0.6073420172492218
parent_species_only,SAMD00164898,YachidaS_2019,0,0.6223541861198276
parent_species_only,SAMD00164899,YachidaS_2019,0,0.4437762352218705
parent_species_only,SAMD00164901,YachidaS_2019,0,0.31410960109332214
parent_species_only,SAMD00164902,YachidaS_2019,0,0.3573937197259774
parent_species_only,SAMD00164903,YachidaS_2019,1,0.20546296990738008
parent_species_only,SAMD00164904,YachidaS_2019,0,0.20546296990738008
parent_species_only,SAMD00164905,YachidaS_2019,1,0.47960196583802417
parent_species_only,SAMD00164907,YachidaS_2019,1,0.20546296990738008
parent_species_only,SAMD00164908,YachidaS_2019,0,0.20546296990738008
parent_species_only,SAMD00164909,YachidaS_2019,0,0.3432656651286872
parent_species_only,SAMD00164910,YachidaS_2019,1,0.4174682600562094
parent_species_only,SAMD00164911,YachidaS_2019,0,0.40472771320662965
parent_species_only,SAMD00164912,YachidaS_2019,1,0.6476441646363631
parent_species_only,SAMD00164913,YachidaS_2019,1,0.20546296990738008
parent_species_only,SAMD00164914,YachidaS_2019,0,0.3454146161886132
parent_species_only,SAMD00164915,YachidaS_2019,0,0.3545883918571186
parent_species_only,SAMD00164916,YachidaS_2019,0,0.20546296990738008
parent_species_only,SAMD00164917,YachidaS_2019,0,0.3213071857997937
parent_species_only,SAMD00164918,YachidaS_2019,0,0.40272731171139725
parent_species_only,SAMD00164919,YachidaS_2019,1,0.47241838387422086
parent_species_only,SAMD00164920,YachidaS_2019,0,0.20546296990738008
parent_species_only,SAMD00164923,YachidaS_2019,0,0.20546296990738008
parent_species_only,SAMD00164926,YachidaS_2019,0,0.3845818871907422
parent_species_only,SAMD00164927,YachidaS_2019,0,0.20546296990738008
parent_species_only,SAMD00164928,YachidaS_2019,1,0.47045149953403165
parent_species_only,SAMD00164929,YachidaS_2019,0,0.20546296990738008
parent_species_only,SAMD00164930,YachidaS_2019,0,0.4169966608396011
parent_species_only,SAMD00164931,YachidaS_2019,0,0.45809473779371995
parent_species_only,SAMD00164932,YachidaS_2019,1,0.44379346826891886
parent_species_only,SAMD00164933,YachidaS_2019,0,0.2947955185185816
parent_species_only,SAMD00164934,YachidaS_2019,0,0.49140749590475996
parent_species_only,SAMD00164935,YachidaS_2019,0,0.40120884440687304
parent_species_only,SAMD00164936,YachidaS_2019,0,0.5624755263009071
parent_species_only,SAMD00164937,YachidaS_2019,1,0.4923102870048098
parent_species_only,SAMD00164938,YachidaS_2019,0,0.3910639525241696
parent_species_only,SAMD00164939,YachidaS_2019,0,0.3649512542289231
parent_species_only,SAMD00164940,YachidaS_2019,1,0.20546296990738008
parent_species_only,SAMD00164941,YachidaS_2019,0,0.3658648981503182
parent_species_only,SAMD00164944,YachidaS_2019,1,0.47536870465804126
parent_species_only,SAMD00164946,YachidaS_2019,1,0.42281360097313697
parent_species_only,SAMD00164947,YachidaS_2019,0,0.20546296990738008
parent_species_only,SAMD00164949,YachidaS_2019,0,0.5771285346447236
parent_species_only,SAMD00164950,YachidaS_2019,0,0.6946572841739344
parent_species_only,SAMD00164951,YachidaS_2019,0,0.20546296990738008
parent_species_only,SAMD00164952,YachidaS_2019,0,0.45636508380468455
parent_species_only,SAMD00164953,YachidaS_2019,0,0.3949377746939685
parent_species_only,SAMD00164954,YachidaS_2019,0,0.4421524989786168
parent_species_only,SAMD00164955,YachidaS_2019,0,0.4072102498888528
parent_species_only,SAMD00164956,YachidaS_2019,0,0.41161490569521964
parent_species_only,SAMD00164957,YachidaS_2019,0,0.40230832504849867
parent_species_only,SAMD00164958,YachidaS_2019,0,0.6904671930534921
parent_species_only,SAMD00164960,YachidaS_2019,0,0.3970562898471897
parent_species_only,SAMD00164961,YachidaS_2019,0,0.36658110418755296
parent_species_only,SAMD00164962,YachidaS_2019,0,0.6489020609840535
parent_species_only,SAMD00164963,YachidaS_2019,0,0.5160031396757342
parent_species_only,SAMD00164964,YachidaS_2019,0,0.45968763660530215
parent_species_only,SAMD00164965,YachidaS_2019,0,0.4884780192503675
parent_species_only,SAMD00164966,YachidaS_2019,0,0.20546296990738008
parent_species_only,SAMD00164967,YachidaS_2019,0,0.36331080652221104
parent_species_only,SAMD00164968,YachidaS_2019,1,0.36469595551802836
parent_species_only,SAMD00164969,YachidaS_2019,0,0.520033061993351
parent_species_only,SAMD00164970,YachidaS_2019,1,0.4164855150156031
parent_species_only,SAMD00164971,YachidaS_2019,1,0.3410140647380527
parent_species_only,SAMD00164972,YachidaS_2019,0,0.20546296990738008
parent_species_only,SAMD00164973,YachidaS_2019,0,0.5045393533358657
parent_species_only,SAMD00164974,YachidaS_2019,1,0.4598866250667236
parent_species_only,SAMD00164975,YachidaS_2019,1,0.20546296990738008
parent_species_only,SAMD00164976,YachidaS_2019,1,0.20546296990738008
parent_species_only,SAMD00164977,YachidaS_2019,1,0.20546296990738008
parent_species_only,SAMD00164978,YachidaS_2019,1,0.6736633880796817
parent_species_only,SAMD00164979,YachidaS_2019,1,0.37640128598004463
parent_species_only,SAMD00164980,YachidaS_2019,1,0.5872470812860132
parent_species_only,SAMD00164981,YachidaS_2019,1,0.6088242424207807
parent_species_only,SAMD00164982,YachidaS_2019,1,0.27776650227083216
parent_species_only,SAMD00164983,YachidaS_2019,0,0.4893934419157153
parent_species_only,SAMD00164984,YachidaS_2019,1,0.5925979112710505
parent_species_only,SAMD00164985,YachidaS_2019,1,0.28489541746137137
parent_species_only,SAMD00164986,YachidaS_2019,0,0.41875484956523695
parent_species_only,SAMD00164987,YachidaS_2019,1,0.4715332643748934
parent_species_only,SAMD00164988,YachidaS_2019,1,0.36365569499947525
parent_species_only,SAMD00164989,YachidaS_2019,1,0.3483002194157562
parent_species_only,SAMD00164990,YachidaS_2019,1,0.4568644026479425
parent_species_only,SAMD00164991,YachidaS_2019,1,0.6076952482903876
parent_species_only,SAMD00164992,YachidaS_2019,1,0.505594056679495
parent_species_only,SAMD00164993,YachidaS_2019,1,0.5650734023017409
parent_species_only,SAMD00164994,YachidaS_2019,1,0.3071776665460984
parent_species_only,SAMD00164995,YachidaS_2019,1,0.5289579035302275
parent_species_only,SAMD00164996,YachidaS_2019,0,0.4212625641013483
parent_species_only,SAMD00164997,YachidaS_2019,1,0.6450362885410289
parent_species_only,SAMD00164998,YachidaS_2019,1,0.35064905742403546
parent_species_only,SAMD00164999,YachidaS_2019,0,0.2923437635161337
parent_species_only,SAMD00165000,YachidaS_2019,1,0.39157132714100057
parent_species_only,SAMD00165001,YachidaS_2019,0,0.31789578109989086
parent_species_only,SAMD00165002,YachidaS_2019,1,0.5805488949304849
parent_species_only,SAMD00165003,YachidaS_2019,1,0.6085738375243112
parent_species_only,SAMD00165004,YachidaS_2019,0,0.5320909575857602
parent_species_only,SAMD00165005,YachidaS_2019,1,0.46238827365702206
parent_species_only,SAMD00165006,YachidaS_2019,1,0.4540839155873204
parent_species_only,SAMD00165007,YachidaS_2019,1,0.20546296990738008
parent_species_only,SAMD00165008,YachidaS_2019,0,0.20546296990738008
parent_species_only,SAMD00165009,YachidaS_2019,1,0.6891564599196317
parent_species_only,SAMD00165010,YachidaS_2019,0,0.34797946961480763
parent_species_only,SAMD00165011,YachidaS_2019,1,0.30573184664359565
parent_species_only,SAMD00165012,YachidaS_2019,1,0.20546296990738008
parent_species_only,SAMD00165014,YachidaS_2019,1,0.20546296990738008
parent_species_only,SAMD00165015,YachidaS_2019,0,0.35730792951367546
parent_species_only,SAMD00165016,YachidaS_2019,1,0.20546296990738008
parent_species_only,SAMD00165017,YachidaS_2019,1,0.505478034864326
parent_species_only,SAMD00165018,YachidaS_2019,1,0.5515806939475032
parent_species_only,SAMD00165019,YachidaS_2019,1,0.3949713368871056
parent_species_only,SAMD00165020,YachidaS_2019,0,0.37893225129412017
parent_species_only,SAMD00165021,YachidaS_2019,0,0.20546296990738008
parent_species_only,SAMD00165022,YachidaS_2019,0,0.6449414476476961
parent_species_only,SAMD00165023,YachidaS_2019,0,0.4598047132274288
parent_species_only,SAMD00165024,YachidaS_2019,0,0.35325955418505417
parent_species_only,SAMD00165025,YachidaS_2019,0,0.3456850576687005
parent_species_only,SAMD00165026,YachidaS_2019,0,0.3127512329591891
parent_species_only,SAMD00165027,YachidaS_2019,0,0.5639032092615193
parent_species_only,SAMD00165028,YachidaS_2019,0,0.20546296990738008
parent_species_only,SAMD00165029,YachidaS_2019,0,0.20546296990738008
parent_species_only,SAMD00165030,YachidaS_2019,0,0.3794905145977827
parent_species_only,SAMD00165031,YachidaS_2019,0,0.4593127484825982
parent_species_only,SAMD00165032,YachidaS_2019,0,0.36076732905941983
parent_species_only,SAMD00165033,YachidaS_2019,0,0.47467919047825413
parent_species_only,SZAXPI003409-8,YuJ_2015,1,0.6396789344801087
parent_species_only,SZAXPI003410-3,YuJ_2015,1,0.5658503329898188
parent_species_only,SZAXPI003411-6,YuJ_2015,1,0.604376379231977
parent_species_only,SZAXPI003412-1,YuJ_2015,1,0.6390040793265868
parent_species_only,SZAXPI003413-4,YuJ_2015,1,0.5932522398163056
parent_species_only,SZAXPI003414-3,YuJ_2015,1,0.6042303607734283
parent_species_only,SZAXPI003415-12,YuJ_2015,1,0.6670173275108673
parent_species_only,SZAXPI003416-4,YuJ_2015,1,0.6331763631995926
parent_species_only,SZAXPI003417-4,YuJ_2015,0,0.5956648821739944
parent_species_only,SZAXPI003418-8,YuJ_2015,1,0.6375251339987474
parent_species_only,SZAXPI003419-6,YuJ_2015,0,0.48237157604247477
parent_species_only,SZAXPI003420-4,YuJ_2015,1,0.5224320932260541
parent_species_only,SZAXPI003421-5,YuJ_2015,1,0.496056244341209
parent_species_only,SZAXPI003422-11,YuJ_2015,1,0.7854507837149768
parent_species_only,SZAXPI003423-8,YuJ_2015,1,0.5965333780425035
parent_species_only,SZAXPI003424-12,YuJ_2015,1,0.5797769614428809
parent_species_only,SZAXPI003425-1,YuJ_2015,1,0.6958404848964689
parent_species_only,SZAXPI003426-11,YuJ_2015,1,0.5283506731837181
parent_species_only,SZAXPI003427-1,YuJ_2015,0,0.5689364475096391
parent_species_only,SZAXPI003428-6,YuJ_2015,1,0.6168118820762064
parent_species_only,SZAXPI003429-3,YuJ_2015,0,0.5734879108078501
parent_species_only,SZAXPI003430-5,YuJ_2015,1,0.5312082369643576
parent_species_only,SZAXPI003431-1,YuJ_2015,1,0.6220788911084683
parent_species_only,SZAXPI003432-12,YuJ_2015,1,0.6104351635707895
parent_species_only,SZAXPI003433-7,YuJ_2015,0,0.603320056024226
parent_species_only,SZAXPI003434-7,YuJ_2015,1,0.62388894416282
parent_species_only,SZAXPI003435-11,YuJ_2015,1,0.6221184478734201
parent_species_only,SZAXPI003436-7,YuJ_2015,1,0.5899741432694144
parent_species_only,SZAXPI003437-3,YuJ_2015,1,0.5564450776428944
parent_species_only,SZAXPI015209-133,YuJ_2015,1,0.4553208573265657
parent_species_only,SZAXPI015210-17,YuJ_2015,1,0.6281560972295799
parent_species_only,SZAXPI015211-166,YuJ_2015,1,0.7222310863601075
parent_species_only,SZAXPI015212-113,YuJ_2015,0,0.5480307536188481
parent_species_only,SZAXPI015213-15,YuJ_2015,1,0.5617884659759013
parent_species_only,SZAXPI015214-19,YuJ_2015,1,0.6731516203119369
parent_species_only,SZAXPI015215-20,YuJ_2015,1,0.5447176931643163
parent_species_only,SZAXPI015216-169,YuJ_2015,1,0.586154029779899
parent_species_only,SZAXPI015217-140,YuJ_2015,1,0.5957107768627284
parent_species_only,SZAXPI015218-16,YuJ_2015,1,0.5560099736276944
parent_species_only,SZAXPI015219-129,YuJ_2015,1,0.5710147252181471
parent_species_only,SZAXPI015220-136,YuJ_2015,1,0.5265466053646047
parent_species_only,SZAXPI015221-142,YuJ_2015,1,0.6726131221308089
parent_species_only,SZAXPI015222-123,YuJ_2015,1,0.4726177630951745
parent_species_only,SZAXPI015223-158,YuJ_2015,1,0.4167772967685401
parent_species_only,SZAXPI015224-13,YuJ_2015,1,0.5344840469473323
parent_species_only,SZAXPI015225-18,YuJ_2015,1,0.5244550941560508
parent_species_only,SZAXPI015226-14,YuJ_2015,1,0.6104367795185704
parent_species_only,SZAXPI015227-13,YuJ_2015,0,0.49003664762055854
parent_species_only,SZAXPI015228-14,YuJ_2015,0,0.6047791867840339
parent_species_only,SZAXPI015229-15,YuJ_2015,0,0.5899650907608364
parent_species_only,SZAXPI015230-16,YuJ_2015,0,0.42974738128881257
parent_species_only,SZAXPI015231-17,YuJ_2015,0,0.5595142473977276
parent_species_only,SZAXPI015232-18,YuJ_2015,0,0.6923937312624753
parent_species_only,SZAXPI015233-19,YuJ_2015,0,0.6372116952239832
parent_species_only,SZAXPI015234-20,YuJ_2015,0,0.5825132481619096
parent_species_only,SZAXPI015235-21,YuJ_2015,0,0.4818849031675533
parent_species_only,SZAXPI015237-23,YuJ_2015,1,0.6471866922411679
parent_species_only,SZAXPI015238-24,YuJ_2015,0,0.6575022212170196
parent_species_only,SZAXPI015239-25,YuJ_2015,0,0.5825615133085115
parent_species_only,SZAXPI015240-26,YuJ_2015,0,0.5952213684362104
parent_species_only,SZAXPI015241-27,YuJ_2015,0,0.5608021923055295
parent_species_only,SZAXPI015242-30,YuJ_2015,0,0.48525289057378673
parent_species_only,SZAXPI015243-31,YuJ_2015,0,0.643171868083308
parent_species_only,SZAXPI015244-32,YuJ_2015,0,0.5046704139747628
parent_species_only,SZAXPI015245-33,YuJ_2015,0,0.3562394918025541
parent_species_only,SZAXPI015246-34,YuJ_2015,0,0.5425185076505906
parent_species_only,SZAXPI015247-35,YuJ_2015,0,0.5839907245300882
parent_species_only,SZAXPI015248-36,YuJ_2015,0,0.476810941591562
parent_species_only,SZAXPI015249-37,YuJ_2015,0,0.554682414609867
parent_species_only,SZAXPI015250-39,YuJ_2015,0,0.5971154531005481
parent_species_only,SZAXPI015251-41,YuJ_2015,0,0.4924342575230363
parent_species_only,SZAXPI015252-43,YuJ_2015,0,0.5631996794948568
parent_species_only,SZAXPI015253-44,YuJ_2015,0,0.5417836719033434
parent_species_only,SZAXPI015254-45,YuJ_2015,0,0.7102206467385683
parent_species_only,SZAXPI015255-46,YuJ_2015,0,0.600325784289751
parent_species_only,SZAXPI015256-47,YuJ_2015,0,0.5006650086886405
parent_species_only,SZAXPI015257-56,YuJ_2015,0,0.47360844466718366
parent_species_only,SZAXPI015258-57,YuJ_2015,0,0.5244176665504153
parent_species_only,SZAXPI015259-62,YuJ_2015,0,0.5511173463185599
parent_species_only,SZAXPI015260-74,YuJ_2015,0,0.5324668540202342
parent_species_only,SZAXPI015261-75,YuJ_2015,0,0.47654460605735977
parent_species_only,SZAXPI015262-79,YuJ_2015,0,0.5334951328304767
parent_species_only,SZAXPI015263-84,YuJ_2015,0,0.5457351801340578
parent_species_only,SZAXPI015264-87,YuJ_2015,0,0.3562394918025541
parent_species_only,SZAXPI015265-88,YuJ_2015,0,0.44060665388795794
parent_species_only,SZAXPI015266-89,YuJ_2015,0,0.4058953000259328
parent_species_only,SZAXPI015267-102,YuJ_2015,0,0.6320014576029448
parent_species_only,SZAXPI015268-109,YuJ_2015,0,0.5903501466681325
parent_species_only,SZAXPI015269-94,YuJ_2015,0,0.46988767741685566
parent_species_only,SZAXPI015270-90,YuJ_2015,0,0.5310257758602476
parent_species_only,SZAXPI015271-93,YuJ_2015,0,0.42800060917759986
parent_species_only,SZAXPI015272-108,YuJ_2015,0,0.5214767175211048
parent_species_only,SZAXPI015273-95,YuJ_2015,0,0.44938605758491096
parent_species_only,SZAXPI015274-111,YuJ_2015,0,0.5678439592406667
parent_species_only,SZAXPI017451-16,YuJ_2015,1,0.7033177157947378
parent_species_only,SZAXPI017452-17,YuJ_2015,1,0.7191270295250578
parent_species_only,SZAXPI017453-19,YuJ_2015,1,0.661822808592778
parent_species_only,SZAXPI017454-20,YuJ_2015,1,0.5380142205688961
parent_species_only,SZAXPI017455-21,YuJ_2015,1,0.5742036493015243
parent_species_only,SZAXPI017456-23,YuJ_2015,1,0.7417465101739895
parent_species_only,SZAXPI017457-24,YuJ_2015,1,0.685553615564
parent_species_only,SZAXPI017458-25,YuJ_2015,1,0.5659009139417934
parent_species_only,SZAXPI017459-26,YuJ_2015,1,0.6166542960554491
parent_species_only,SZAXPI017460-27,YuJ_2015,1,0.3562394918025541
parent_species_only,SZAXPI017461-32,YuJ_2015,1,0.5759884201929463
parent_species_only,SZAXPI017462-33,YuJ_2015,1,0.5745839746863474
parent_species_only,SZAXPI017463-36,YuJ_2015,1,0.6330562528787363
parent_species_only,SZAXPI017464-37,YuJ_2015,1,0.5673681125913261
parent_species_only,SZAXPI017465-43,YuJ_2015,1,0.5888737842046449
parent_species_only,SZAXPI017466-84,YuJ_2015,1,0.6731889607423595
parent_species_only,SZAXPI017467-87,YuJ_2015,1,0.5275655186823893
parent_species_only,SZAXPI017468-88,YuJ_2015,1,0.49305934373867005
parent_species_only,SZAXPI017580-90,YuJ_2015,1,0.3562394918025541
parent_species_only,SZAXPI017581-93,YuJ_2015,1,0.56451542834476
parent_species_only,SZAXPI017582-94,YuJ_2015,1,0.6382931619651524
parent_species_only,SZAXPI017583-102,YuJ_2015,1,0.6018304161979202
parent_species_only,SZAXPI017584-108,YuJ_2015,1,0.6066376141706802
parent_species_only,SZAXPI017585-109,YuJ_2015,1,0.5736552822121425
parent_species_only,SZAXPI017586-111,YuJ_2015,1,0.4657064507215663
parent_species_only,SZAXPI017587-113,YuJ_2015,1,0.5856834627874875
parent_species_only,SZAXPI017588-123,YuJ_2015,1,0.6332095169815485
parent_species_only,SZAXPI017589-133,YuJ_2015,1,0.5606400118852225
parent_species_only,SZAXPI017590-136,YuJ_2015,1,0.5517540429086104
parent_species_only,SZAXPI017591-140,YuJ_2015,0,0.4441545362614596
parent_species_only,SZAXPI017592-142,YuJ_2015,0,0.711143707352714
parent_species_only,SZAXPI017593-158,YuJ_2015,1,0.4585692359936989
parent_species_only,SZAXPI017594-166,YuJ_2015,1,0.535578426835373
parent_species_only,SZAXPI017595-169,YuJ_2015,1,0.6571737512768221
parent_species_only,CCIS00146684ST-4-0,ZellerG_2014,0,0.524323173947534
parent_species_only,CCIS00281083ST-3-0,ZellerG_2014,0,0.3836153248555268
parent_species_only,CCIS02124300ST-4-0,ZellerG_2014,0,0.5264887796907549
parent_species_only,CCIS02379307ST-4-0,ZellerG_2014,1,0.5796435542487852
parent_species_only,CCIS02856720ST-4-0,ZellerG_2014,0,0.6165516924877842
parent_species_only,CCIS03473770ST-4-0,ZellerG_2014,0,0.5719013681000384
parent_species_only,CCIS03857607ST-4-0,ZellerG_2014,0,0.40379141181195094
parent_species_only,CCIS05314658ST-4-0,ZellerG_2014,0,0.4533093804254411
parent_species_only,CCIS06260551ST-3-0,ZellerG_2014,1,0.5611203773716034
parent_species_only,CCIS07277498ST-4-0,ZellerG_2014,0,0.348498508667313
parent_species_only,CCIS07539127ST-4-0,ZellerG_2014,0,0.5263753903851611
parent_species_only,CCIS07648107ST-4-0,ZellerG_2014,0,0.348498508667313
parent_species_only,CCIS09568613ST-4-0,ZellerG_2014,0,0.6420591776435853
parent_species_only,CCIS10706551ST-3-0,ZellerG_2014,0,0.348498508667313
parent_species_only,CCIS11015875ST-4-0,ZellerG_2014,1,0.5956423963884353
parent_species_only,CCIS11354283ST-4-0,ZellerG_2014,0,0.570601851731628
parent_species_only,CCIS11362406ST-4-0,ZellerG_2014,0,0.538925565369744
parent_species_only,CCIS11558985ST-4-0,ZellerG_2014,0,0.348498508667313
parent_species_only,CCIS12370844ST-4-0,ZellerG_2014,1,0.348498508667313
parent_species_only,CCIS12656533ST-4-0,ZellerG_2014,1,0.5844974001547086
parent_species_only,CCIS13047523ST-4-0,ZellerG_2014,0,0.7056148302671963
parent_species_only,CCIS14449628ST-4-0,ZellerG_2014,1,0.604698644714475
parent_species_only,CCIS15704761ST-4-0,ZellerG_2014,1,0.46208590050899173
parent_species_only,CCIS15794887ST-4-0,ZellerG_2014,0,0.45962110865655426
parent_species_only,CCIS16326685ST-4-0,ZellerG_2014,0,0.4989008471310206
parent_species_only,CCIS16383318ST-4-0,ZellerG_2014,0,0.4670472710852418
parent_species_only,CCIS16561622ST-4-0,ZellerG_2014,0,0.46092896206625245
parent_species_only,CCIS17669415ST-4-0,ZellerG_2014,1,0.5096652150160964
parent_species_only,CCIS20795251ST-4-0,ZellerG_2014,0,0.52829857421071
parent_species_only,CCIS21126322ST-4-0,ZellerG_2014,0,0.348498508667313
parent_species_only,CCIS21278152ST-4-0,ZellerG_2014,1,0.4224437455308132
parent_species_only,CCIS22416007ST-4-0,ZellerG_2014,1,0.46321476029383446
parent_species_only,CCIS22958137ST-20-0,ZellerG_2014,1,0.5830908690049859
parent_species_only,CCIS23164343ST-4-0,ZellerG_2014,0,0.5671320650838251
parent_species_only,CCIS24254057ST-4-0,ZellerG_2014,1,0.6517929733526767
parent_species_only,CCIS27304052ST-3-0,ZellerG_2014,0,0.4412600079654681
parent_species_only,CCIS27927933ST-4-0,ZellerG_2014,0,0.38583566835460087
parent_species_only,CCIS29210128ST-4-0,ZellerG_2014,0,0.47009769329918705
parent_species_only,CCIS29688262ST-20-0,ZellerG_2014,0,0.5554412504683136
parent_species_only,CCIS32452666ST-4-0,ZellerG_2014,0,0.4500879367848282
parent_species_only,CCIS33816588ST-4-0,ZellerG_2014,1,0.6035167347252663
parent_species_only,CCIS34055159ST-4-0,ZellerG_2014,1,0.7124875118702001
parent_species_only,CCIS34604008ST-4-0,ZellerG_2014,0,0.47402327173954356
parent_species_only,CCIS35100175ST-4-0,ZellerG_2014,1,0.5907356029712401
parent_species_only,CCIS36699628ST-4-0,ZellerG_2014,0,0.7012596046536776
parent_species_only,CCIS36797902ST-4-0,ZellerG_2014,0,0.6075501676324644
parent_species_only,CCIS38765456ST-20-0,ZellerG_2014,1,0.5987667832647674
parent_species_only,CCIS40244499ST-3-0,ZellerG_2014,1,0.5541853734941277
parent_species_only,CCIS41222843ST-4-0,ZellerG_2014,1,0.5002844820014154
parent_species_only,CCIS41288781ST-4-0,ZellerG_2014,1,0.8129740943034323
parent_species_only,CCIS41548810ST-4-0,ZellerG_2014,1,0.43869157840698014
parent_species_only,CCIS41692898ST-4-0,ZellerG_2014,0,0.5989175503683738
parent_species_only,CCIS44093303ST-4-0,ZellerG_2014,0,0.4927777803735568
parent_species_only,CCIS44757994ST-4-0,ZellerG_2014,1,0.615076926062866
parent_species_only,CCIS45571137ST-3-0,ZellerG_2014,0,0.39954909317237086
parent_species_only,CCIS45793747ST-4-0,ZellerG_2014,0,0.592303913676573
parent_species_only,CCIS46047672ST-4-0,ZellerG_2014,1,0.4674595632896219
parent_species_only,CCIS46467422ST-4-0,ZellerG_2014,1,0.5908555401926368
parent_species_only,CCIS47284573ST-4-0,ZellerG_2014,1,0.5328972542165011
parent_species_only,CCIS48174381ST-4-0,ZellerG_2014,0,0.6509524260715016
parent_species_only,CCIS48725289ST-4-0,ZellerG_2014,1,0.5026206261512665
parent_species_only,CCIS50003399ST-4-0,ZellerG_2014,0,0.348498508667313
parent_species_only,CCIS50148151ST-4-0,ZellerG_2014,1,0.5162809649503434
parent_species_only,CCIS50471204ST-4-0,ZellerG_2014,0,0.5662411263952168
parent_species_only,CCIS51595129ST-4-0,ZellerG_2014,0,0.539557233524706
parent_species_only,CCIS52370277ST-4-0,ZellerG_2014,1,0.742710743773047
parent_species_only,CCIS53043478ST-4-0,ZellerG_2014,1,0.5245701751886661
parent_species_only,CCIS53355328ST-4-0,ZellerG_2014,1,0.4208925900487592
parent_species_only,CCIS55230578ST-4-0,ZellerG_2014,1,0.6196088507441551
parent_species_only,CCIS58234805ST-4-0,ZellerG_2014,1,0.6352947242946815
parent_species_only,CCIS59132091ST-4-0,ZellerG_2014,1,0.4004811564716564
parent_species_only,CCIS61287323ST-4-0,ZellerG_2014,1,0.6045737125194616
parent_species_only,CCIS62605362ST-3-0,ZellerG_2014,1,0.5473930291666013
parent_species_only,CCIS62794166ST-4-0,ZellerG_2014,1,0.47449887240592814
parent_species_only,CCIS63448910ST-4-0,ZellerG_2014,0,0.5973067720322008
parent_species_only,CCIS63468405ST-4-0,ZellerG_2014,0,0.4656985051250317
parent_species_only,CCIS63910149ST-4-0,ZellerG_2014,0,0.348498508667313
parent_species_only,CCIS64773582ST-4-0,ZellerG_2014,0,0.5972399169251666
parent_species_only,CCIS64785924ST-20-0,ZellerG_2014,0,0.348498508667313
parent_species_only,CCIS65479369ST-4-0,ZellerG_2014,1,0.6323957755630548
parent_species_only,CCIS71301801ST-4-0,ZellerG_2014,1,0.5113511899330073
parent_species_only,CCIS71578391ST-4-0,ZellerG_2014,0,0.541588557607363
parent_species_only,CCIS72607085ST-4-0,ZellerG_2014,1,0.4673334841968756
parent_species_only,CCIS74239020ST-4-0,ZellerG_2014,0,0.5132189085826379
parent_species_only,CCIS76845094ST-20-0,ZellerG_2014,1,0.6055089551761056
parent_species_only,CCIS77252613ST-4-0,ZellerG_2014,1,0.4319256997165688
parent_species_only,CCIS78100604ST-4-0,ZellerG_2014,0,0.5750543712983089
parent_species_only,CCIS78318719ST-4-0,ZellerG_2014,1,0.5621002683758617
parent_species_only,CCIS79210440ST-3-0,ZellerG_2014,0,0.4758914902190624
parent_species_only,CCIS80834637ST-4-0,ZellerG_2014,0,0.6445966577017498
parent_species_only,CCIS81139242ST-4-0,ZellerG_2014,0,0.6134864301689905
parent_species_only,CCIS81887263ST-4-0,ZellerG_2014,1,0.5933202303095564
parent_species_only,CCIS82146115ST-4-0,ZellerG_2014,1,0.3989643277187652
parent_species_only,CCIS82507866ST-3-0,ZellerG_2014,0,0.4148443192425202
parent_species_only,CCIS82944710ST-20-0,ZellerG_2014,0,0.4768482302321926
parent_species_only,CCIS83870198ST-4-0,ZellerG_2014,1,0.5765266795298042
parent_species_only,CCIS84543192ST-4-0,ZellerG_2014,1,0.6000712850349007
parent_species_only,CCIS85214191ST-3-0,ZellerG_2014,1,0.4682433937472022
parent_species_only,CCIS87116798ST-4-0,ZellerG_2014,1,0.4397874774420425
parent_species_only,CCIS87167916ST-4-0,ZellerG_2014,1,0.5927030717351529
parent_species_only,CCIS87252800ST-4-0,ZellerG_2014,1,0.5462276557405525
parent_species_only,CCIS87605453ST-4-0,ZellerG_2014,1,0.348498508667313
parent_species_only,CCIS88007743ST-4-0,ZellerG_2014,0,0.8180863821357731
parent_species_only,CCIS88317640ST-4-0,ZellerG_2014,0,0.6176685608962049
parent_species_only,CCIS90164298ST-4-0,ZellerG_2014,0,0.4288757666212529
parent_species_only,CCIS91228662ST-4-0,ZellerG_2014,1,0.5821989989758226
parent_species_only,CCIS93040568ST-20-0,ZellerG_2014,0,0.5574005151636486
parent_species_only,CCIS94417875ST-3-0,ZellerG_2014,0,0.4005362764772473
parent_species_only,CCIS94603952ST-4-0,ZellerG_2014,0,0.5560753387981849
parent_species_only,CCIS95097901ST-4-0,ZellerG_2014,0,0.6584623608216038
parent_species_only,CCIS95409808ST-4-0,ZellerG_2014,0,0.5785210421894303
parent_species_only,CCIS98482370ST-3-0,ZellerG_2014,0,0.348498508667313
parent_species_only,CCIS98512455ST-4-0,ZellerG_2014,1,0.46498131643388063
parent_species_only,CCIS98832363ST-4-0,ZellerG_2014,1,0.5171296841831102
mechanism_plus_parent,SID31004,FengQ_2015,1,0.354199839808207
mechanism_plus_parent,SID31009,FengQ_2015,0,0.41183337063452163
mechanism_plus_parent,SID31021,FengQ_2015,0,0.48060276235029903
mechanism_plus_parent,SID31071,FengQ_2015,0,0.4480635300976197
mechanism_plus_parent,SID31112,FengQ_2015,0,0.5602695464983329
mechanism_plus_parent,SID31129,FengQ_2015,0,0.5388027224034655
mechanism_plus_parent,SID31159,FengQ_2015,1,0.4766907699029191
mechanism_plus_parent,SID31160,FengQ_2015,0,0.354199839808207
mechanism_plus_parent,SID31188,FengQ_2015,1,0.4705873997476395
mechanism_plus_parent,SID31219,FengQ_2015,0,0.5851111336322496
mechanism_plus_parent,SID31223,FengQ_2015,1,0.5024189615524728
mechanism_plus_parent,SID31236,FengQ_2015,0,0.39210502850249424
mechanism_plus_parent,SID31237,FengQ_2015,1,0.38835104272417575
mechanism_plus_parent,SID31267,FengQ_2015,0,0.4022284167774569
mechanism_plus_parent,SID31276,FengQ_2015,1,0.42858795810882616
mechanism_plus_parent,SID31285,FengQ_2015,1,0.42716173522038425
mechanism_plus_parent,SID31300,FengQ_2015,0,0.4641084151884811
mechanism_plus_parent,SID31328,FengQ_2015,0,0.4228082001972299
mechanism_plus_parent,SID31333,FengQ_2015,0,0.354199839808207
mechanism_plus_parent,SID31343,FengQ_2015,0,0.4461856501599191
mechanism_plus_parent,SID31360,FengQ_2015,0,0.534463806380723
mechanism_plus_parent,SID31367,FengQ_2015,1,0.7338771944908192
mechanism_plus_parent,SID31379,FengQ_2015,0,0.4547859492493936
mechanism_plus_parent,SID31416,FengQ_2015,0,0.5045053357133514
mechanism_plus_parent,SID31428,FengQ_2015,0,0.354199839808207
mechanism_plus_parent,SID31446,FengQ_2015,1,0.693571894673884
mechanism_plus_parent,SID31450,FengQ_2015,0,0.4548202068865645
mechanism_plus_parent,SID31452,FengQ_2015,0,0.5326394620312658
mechanism_plus_parent,SID31489,FengQ_2015,1,0.5192809850479555
mechanism_plus_parent,SID31493,FengQ_2015,1,0.5909552740230423
mechanism_plus_parent,SID31512,FengQ_2015,0,0.430095084477055
mechanism_plus_parent,SID31519,FengQ_2015,0,0.43016608287451324
mechanism_plus_parent,SID31537,FengQ_2015,0,0.6411356088550523
mechanism_plus_parent,SID31549,FengQ_2015,1,0.5141522978475757
mechanism_plus_parent,SID31557,FengQ_2015,0,0.524710710428011
mechanism_plus_parent,SID31637,FengQ_2015,0,0.522645674220462
mechanism_plus_parent,SID31685,FengQ_2015,1,0.4961497399166981
mechanism_plus_parent,SID31700,FengQ_2015,0,0.4652641526307359
mechanism_plus_parent,SID31711,FengQ_2015,0,0.44629903061624854
mechanism_plus_parent,SID31714,FengQ_2015,0,0.4694814063915832
mechanism_plus_parent,SID31723,FengQ_2015,0,0.5285179066080983
mechanism_plus_parent,SID31749,FengQ_2015,0,0.5996857387401997
mechanism_plus_parent,SID31750,FengQ_2015,0,0.5328320291033118
mechanism_plus_parent,SID31766,FengQ_2015,0,0.354199839808207
mechanism_plus_parent,SID31865,FengQ_2015,1,0.6378525362859911
mechanism_plus_parent,SID31866,FengQ_2015,1,0.6905704530424773
mechanism_plus_parent,SID31868,FengQ_2015,1,0.6721998550020899
mechanism_plus_parent,SID31870,FengQ_2015,1,0.5397547824557398
mechanism_plus_parent,SID31871,FengQ_2015,1,0.3790280952616801
mechanism_plus_parent,SID31872,FengQ_2015,1,0.6576917855925728
mechanism_plus_parent,SID31873,FengQ_2015,1,0.46555079504748936
mechanism_plus_parent,SID31874,FengQ_2015,1,0.5856395064911799
mechanism_plus_parent,SID31875,FengQ_2015,1,0.4772346904631862
mechanism_plus_parent,SID31876,FengQ_2015,1,0.6059775624242687
mechanism_plus_parent,SID31877,FengQ_2015,1,0.5796594385466364
mechanism_plus_parent,SID31878,FengQ_2015,1,0.3918976854128885
mechanism_plus_parent,SID31879,FengQ_2015,1,0.5612589093992663
mechanism_plus_parent,SID31880,FengQ_2015,1,0.5888557073763406
mechanism_plus_parent,SID31881,FengQ_2015,1,0.4614612945601579
mechanism_plus_parent,SID31883,FengQ_2015,1,0.780429264923981
mechanism_plus_parent,SID31884,FengQ_2015,1,0.5736386684916929
mechanism_plus_parent,SID530050,FengQ_2015,0,0.5574517984481799
mechanism_plus_parent,SID530052,FengQ_2015,0,0.39555365592325004
mechanism_plus_parent,SID530055,FengQ_2015,0,0.46124992779229257
mechanism_plus_parent,SID530074,FengQ_2015,0,0.354199839808207
mechanism_plus_parent,SID530075,FengQ_2015,0,0.4851781904848506
mechanism_plus_parent,SID530119,FengQ_2015,0,0.40042918175625847
mechanism_plus_parent,SID530154,FengQ_2015,0,0.5077006747002116
mechanism_plus_parent,SID530163,FengQ_2015,0,0.6876791039786212
mechanism_plus_parent,SID530167,FengQ_2015,0,0.5287148751439738
mechanism_plus_parent,SID530177,FengQ_2015,0,0.4269410697994422
mechanism_plus_parent,SID530215,FengQ_2015,0,0.5901130266323824
mechanism_plus_parent,SID530227,FengQ_2015,0,0.4986844165000196
mechanism_plus_parent,SID530251,FengQ_2015,0,0.4435494518319243
mechanism_plus_parent,SID530258,FengQ_2015,0,0.354199839808207
mechanism_plus_parent,SID530295,FengQ_2015,0,0.40430221944457845
mechanism_plus_parent,SID530315,FengQ_2015,0,0.4724932292742034
mechanism_plus_parent,SID530331,FengQ_2015,0,0.5516475423665046
mechanism_plus_parent,SID530364,FengQ_2015,0,0.588921284215019
mechanism_plus_parent,SID530368,FengQ_2015,0,0.6221204705347497
mechanism_plus_parent,SID530373,FengQ_2015,1,0.5002797238494707
mechanism_plus_parent,SID530394,FengQ_2015,0,0.6226068686792358
mechanism_plus_parent,SID530444,FengQ_2015,0,0.43837283946554517
mechanism_plus_parent,SID530451,FengQ_2015,0,0.4709022533648154
mechanism_plus_parent,SID530890,FengQ_2015,1,0.5085886851084176
mechanism_plus_parent,SID531128,FengQ_2015,1,0.5322727549263612
mechanism_plus_parent,SID531155,FengQ_2015,1,0.48708832646300276
mechanism_plus_parent,SID531248,FengQ_2015,1,0.354199839808207
mechanism_plus_parent,SID531274,FengQ_2015,1,0.6504129423302178
mechanism_plus_parent,SID531277,FengQ_2015,1,0.43725805677635815
mechanism_plus_parent,SID531281,FengQ_2015,1,0.46883403615446567
mechanism_plus_parent,SID531333,FengQ_2015,1,0.6898599673808873
mechanism_plus_parent,SID531352,FengQ_2015,1,0.6288068060230761
mechanism_plus_parent,SID531361,FengQ_2015,1,0.4249218112903784
mechanism_plus_parent,SID531382,FengQ_2015,1,0.5747491256510945
mechanism_plus_parent,SID531414,FengQ_2015,0,0.354199839808207
mechanism_plus_parent,SID531416,FengQ_2015,1,0.640252158543369
mechanism_plus_parent,SID531424,FengQ_2015,0,0.3859406325786882
mechanism_plus_parent,SID531469,FengQ_2015,1,0.4815450005669542
mechanism_plus_parent,SID531766,FengQ_2015,1,0.4785539961305362
mechanism_plus_parent,SID531775,FengQ_2015,1,0.644264424034007
mechanism_plus_parent,SID532749,FengQ_2015,0,0.43141304521450374
mechanism_plus_parent,SID532779,FengQ_2015,0,0.4966559496068143
mechanism_plus_parent,SID532796,FengQ_2015,0,0.5249809653378634
mechanism_plus_parent,SID532802,FengQ_2015,0,0.5390693512221425
mechanism_plus_parent,SID532826,FengQ_2015,0,0.6630145449824646
mechanism_plus_parent,SID532915,FengQ_2015,0,0.4375335980755896
mechanism_plus_parent,GupDM_JP,GuptaA_2019,1,0.5738274154384018
mechanism_plus_parent,GupDM_JG,GuptaA_2019,1,0.5912351264473283
mechanism_plus_parent,GupDM_A4,GuptaA_2019,1,0.546599439650179
mechanism_plus_parent,GupDM_JM,GuptaA_2019,1,0.6221266310865463
mechanism_plus_parent,GupDM_A13,GuptaA_2019,1,0.5309003845073318
mechanism_plus_parent,GupDM_JK,GuptaA_2019,1,0.5723316511190202
mechanism_plus_parent,GupDM_JI,GuptaA_2019,1,0.6263779069133192
mechanism_plus_parent,GupDM_A7,GuptaA_2019,1,0.4803302245323305
mechanism_plus_parent,GupDM_A2,GuptaA_2019,1,0.6104485955541477
mechanism_plus_parent,GupDM_A_11,GuptaA_2019,1,0.6324648523873921
mechanism_plus_parent,GupDM_JC,GuptaA_2019,1,0.6345853137479126
mechanism_plus_parent,GupDM_JN,GuptaA_2019,1,0.6241218451187801
mechanism_plus_parent,GupDM_JJ,GuptaA_2019,1,0.6300023568829095
mechanism_plus_parent,GupDM_JO,GuptaA_2019,1,0.6250996641472961
mechanism_plus_parent,GupDM_A1,GuptaA_2019,1,0.6798422660206638
mechanism_plus_parent,GupDM_JE,GuptaA_2019,1,0.4579274638535681
mechanism_plus_parent,GupDM_A12,GuptaA_2019,1,0.5845611797475873
mechanism_plus_parent,GupDM_JL,GuptaA_2019,1,0.585098306089563
mechanism_plus_parent,GupDM_A14,GuptaA_2019,1,0.6003300538906611
mechanism_plus_parent,GupDM_A8,GuptaA_2019,1,0.5852395017184766
mechanism_plus_parent,GupDM_A3,GuptaA_2019,1,0.519726964503863
mechanism_plus_parent,GupDM_A10,GuptaA_2019,1,0.6118019416939201
mechanism_plus_parent,GupDM_A5,GuptaA_2019,1,0.5901224720890346
mechanism_plus_parent,GupDM_A_15,GuptaA_2019,1,0.5883295212708664
mechanism_plus_parent,GupDM_JH,GuptaA_2019,1,0.5782977688077177
mechanism_plus_parent,GupDM_JD,GuptaA_2019,1,0.6383773978208294
mechanism_plus_parent,GupDM_A9,GuptaA_2019,1,0.5121258407863798
mechanism_plus_parent,GupDM_A6,GuptaA_2019,1,0.3823916419265389
mechanism_plus_parent,GupDM_JB,GuptaA_2019,1,0.5681684223237542
mechanism_plus_parent,GupDM_JA,GuptaA_2019,1,0.35818493620932174
mechanism_plus_parent,GupDM_HAK,GuptaA_2019,0,0.443128715877182
mechanism_plus_parent,GupDM_HAJ,GuptaA_2019,0,0.5239566025645346
mechanism_plus_parent,GupDM_HAI,GuptaA_2019,0,0.4163829541583373
mechanism_plus_parent,GupDM_HAH,GuptaA_2019,0,0.5427591828847562
mechanism_plus_parent,GupDM_HAG,GuptaA_2019,0,0.45410397505029637
mechanism_plus_parent,GupDM_HAL,GuptaA_2019,0,0.4708108978263925
mechanism_plus_parent,GupDM_HAM,GuptaA_2019,0,0.5608928521026435
mechanism_plus_parent,GupDM_HAN,GuptaA_2019,0,0.44195430898468413
mechanism_plus_parent,GupDM_HAO,GuptaA_2019,0,0.4366898691932329
mechanism_plus_parent,GupDM_HAP,GuptaA_2019,0,0.5470536155470657
mechanism_plus_parent,GupDM_HAR,GuptaA_2019,0,0.409258546871602
mechanism_plus_parent,GupDM_HAT,GuptaA_2019,0,0.47375330486617195
mechanism_plus_parent,GupDM_HDF,GuptaA_2019,0,0.503665794526506
mechanism_plus_parent,GupDM_HDB,GuptaA_2019,0,0.35818493620932174
mechanism_plus_parent,GupDM_HCY,GuptaA_2019,0,0.6453229505866986
mechanism_plus_parent,GupDM_HCL,GuptaA_2019,0,0.35818493620932174
mechanism_plus_parent,GupDM_HCU,GuptaA_2019,0,0.48107126667268674
mechanism_plus_parent,GupDM_HCV,GuptaA_2019,0,0.42648125978057955
mechanism_plus_parent,GupDM_HCQ,GuptaA_2019,0,0.4259331303136058
mechanism_plus_parent,GupDM_HCR,GuptaA_2019,0,0.4728725940601003
mechanism_plus_parent,GupDM_HCS,GuptaA_2019,0,0.35818493620932174
mechanism_plus_parent,GupDM_HCT,GuptaA_2019,0,0.44312260336626913
mechanism_plus_parent,GupDM_HCM,GuptaA_2019,0,0.4609222665525325
mechanism_plus_parent,GupDM_HCN,GuptaA_2019,0,0.6111879284366806
mechanism_plus_parent,GupDM_HCO,GuptaA_2019,0,0.35818493620932174
mechanism_plus_parent,GupDM_HCP,GuptaA_2019,0,0.4743541454669515
mechanism_plus_parent,GupDM_HP,GuptaA_2019,0,0.4490385557898759
mechanism_plus_parent,GupDM_HS,GuptaA_2019,0,0.4423750822758266
mechanism_plus_parent,GupDM_HR,GuptaA_2019,0,0.42280396626091565
mechanism_plus_parent,GupDM_HBR,GuptaA_2019,0,0.35818493620932174
mechanism_plus_parent,LILT_GF06_16,ThomasAM_2018a,0,0.4610264983372557
mechanism_plus_parent,LILT_GF15_16,ThomasAM_2018a,1,0.3985295090115442
mechanism_plus_parent,LILT_VF00TL_16,ThomasAM_2018a,0,0.47222881441463693
mechanism_plus_parent,LILT_VF06_16,ThomasAM_2018a,0,0.5962885498408869
mechanism_plus_parent,LILT_VF100_T016,ThomasAM_2018a,1,0.5657273827765168
mechanism_plus_parent,LILT_VF107_16,ThomasAM_2018a,1,0.5030102459045008
mechanism_plus_parent,LILT_VF114_T017,ThomasAM_2018a,1,0.4540598682703585
mechanism_plus_parent,LILT_VF120_16,ThomasAM_2018a,1,0.5294507385891407
mechanism_plus_parent,LILT_VF145_T017,ThomasAM_2018a,1,0.548476709627831
mechanism_plus_parent,LILT_VF154_T017,ThomasAM_2018a,1,0.4751025383921229
mechanism_plus_parent,LILT_VF166_T017,ThomasAM_2018a,1,0.6216666170866926
mechanism_plus_parent,LILT_VF174_T017,ThomasAM_2018a,1,0.46057892129809497
mechanism_plus_parent,LILT_VF176_T017,ThomasAM_2018a,1,0.5558434172542106
mechanism_plus_parent,LILT_VF192_T017,ThomasAM_2018a,1,0.6040100211246359
mechanism_plus_parent,LILT_VF29_16,ThomasAM_2018a,1,0.3978778213451976
mechanism_plus_parent,LILT_VF31_16,ThomasAM_2018a,0,0.3987600217526329
mechanism_plus_parent,LILT_VF40_16,ThomasAM_2018a,0,0.36041963286312506
mechanism_plus_parent,LILT_VF43_16,ThomasAM_2018a,0,0.4475857578139539
mechanism_plus_parent,LILT_VF65_16,ThomasAM_2018a,1,0.5727625037563874
mechanism_plus_parent,LILT_VF71_16,ThomasAM_2018a,1,0.8245835110374615
mechanism_plus_parent,LILT_VF73_16,ThomasAM_2018a,1,0.567935812523005
mechanism_plus_parent,LILT_VF77_16,ThomasAM_2018a,1,0.42077279069504236
mechanism_plus_parent,LILT_VF84_16,ThomasAM_2018a,0,0.5494131193341556
mechanism_plus_parent,LILT_VF95_16,ThomasAM_2018a,1,0.6287772415833353
mechanism_plus_parent,LILT_VF270_T017,ThomasAM_2018a,1,0.5641242794573992
mechanism_plus_parent,LILT_VF207_T017,ThomasAM_2018a,1,0.4976904681511691
mechanism_plus_parent,LILT_VF234_T017,ThomasAM_2018a,1,0.6378991365396539
mechanism_plus_parent,LILT_VF217_T017,ThomasAM_2018a,1,0.46146093024672596
mechanism_plus_parent,LILT_VF273_T017,ThomasAM_2018a,1,0.6712973742696297
mechanism_plus_parent,LILT_VF208_T017,ThomasAM_2018a,1,0.4470134326693009
mechanism_plus_parent,LILT_VF281_T017,ThomasAM_2018a,1,0.5815398090634972
mechanism_plus_parent,LILT_VF216_T017,ThomasAM_2018a,1,0.47871700938268064
mechanism_plus_parent,LILT_VF232_T017,ThomasAM_2018a,1,0.5384085101226687
mechanism_plus_parent,LILT_VF264_T017,ThomasAM_2018a,1,0.38109117692937083
mechanism_plus_parent,LILT_VF251_T017,ThomasAM_2018a,1,0.39911027804416277
mechanism_plus_parent,LILT_VF259_T016,ThomasAM_2018a,0,0.6010617992226216
mechanism_plus_parent,LILT_VF255_T016,ThomasAM_2018a,0,0.43591909398954753
mechanism_plus_parent,LILT_VF170_T016,ThomasAM_2018a,0,0.36041963286312506
mechanism_plus_parent,LILT_VF206_T016,ThomasAM_2018a,0,0.36041963286312506
mechanism_plus_parent,LILT_VF212_T016,ThomasAM_2018a,0,0.4094956346291103
mechanism_plus_parent,LILT_VF261_T016,ThomasAM_2018a,0,0.588273694978873
mechanism_plus_parent,LILT_VF262_T016,ThomasAM_2018a,0,0.3832324996357641
mechanism_plus_parent,LILT_VF263_T016,ThomasAM_2018a,0,0.36041963286312506
mechanism_plus_parent,LILT_VF265_T016,ThomasAM_2018a,0,0.36041963286312506
mechanism_plus_parent,LILT_VF279_T016,ThomasAM_2018a,0,0.5540488812298263
mechanism_plus_parent,LILT_VF300_T016,ThomasAM_2018a,1,0.4838554390586004
mechanism_plus_parent,LILT_VF10_T016,ThomasAM_2018a,0,0.586411637386186
mechanism_plus_parent,LILT_VF140_T016,ThomasAM_2018a,0,0.5896089502097536
mechanism_plus_parent,LILT_VF171_T016,ThomasAM_2018a,0,0.5472052747604866
mechanism_plus_parent,LILT_VF18_T016,ThomasAM_2018a,0,0.38102505973364403
mechanism_plus_parent,LILT_VF189_T016,ThomasAM_2018a,0,0.47676571758814235
mechanism_plus_parent,LILT_VF28_T016,ThomasAM_2018a,0,0.4901831421944846
mechanism_plus_parent,LILT_VF82_T016,ThomasAM_2018a,0,0.39045508974996934
mechanism_plus_parent,CRC_MR_SBJ01C_17,ThomasAM_2018b,1,0.5103305949672904
mechanism_plus_parent,CRC_MR_SBJ02C_17,ThomasAM_2018b,1,0.5506474804662637
mechanism_plus_parent,CRC_MR_SBJ03H_17,ThomasAM_2018b,0,0.4638715663159072
mechanism_plus_parent,CRC_MR_SBJ04C_17,ThomasAM_2018b,1,0.4821237356787093
mechanism_plus_parent,CRC_MR_SBJ05C_17,ThomasAM_2018b,1,0.36041963286312506
mechanism_plus_parent,CRC_MR_SBJ06C_17,ThomasAM_2018b,1,0.4518649484670283
mechanism_plus_parent,CRC_MR_SBJ07C_17,ThomasAM_2018b,1,0.6013198828285309
mechanism_plus_parent,CRC_MR_SBJ10C_17,ThomasAM_2018b,1,0.41836236023315276
mechanism_plus_parent,CRC_MR_SBJ11C_17,ThomasAM_2018b,1,0.5840233412167697
mechanism_plus_parent,CRC_MR_SBJ12C_17,ThomasAM_2018b,1,0.4294015850211726
mechanism_plus_parent,CRC_MR_SBJ16H_17,ThomasAM_2018b,0,0.3935119988127464
mechanism_plus_parent,CRC_MR_SBJ17H_17,ThomasAM_2018b,0,0.4238198937372522
mechanism_plus_parent,CRC_MR_SBJ18H_17,ThomasAM_2018b,0,0.36041963286312506
mechanism_plus_parent,CRC_MR_SBJ20C_17,ThomasAM_2018b,1,0.7197009595000347
mechanism_plus_parent,CRC_MR_SBJ21H_17,ThomasAM_2018b,0,0.4254721779759512
mechanism_plus_parent,CRC_MR_SBJ22C_17,ThomasAM_2018b,1,0.5917345274263048
mechanism_plus_parent,CRC_MR_SBJ24H_17,ThomasAM_2018b,0,0.610704708948859
mechanism_plus_parent,CRC_MR_SBJ25C_17,ThomasAM_2018b,1,0.557282265023771
mechanism_plus_parent,CRC_MR_SBJ26C_17,ThomasAM_2018b,1,0.5020396497134615
mechanism_plus_parent,CRC_MR_SBJ27C_17,ThomasAM_2018b,1,0.5374243754122171
mechanism_plus_parent,CRC_MR_SBJ29C_17,ThomasAM_2018b,1,0.5067619443561383
mechanism_plus_parent,CRC_MR_SBJ31C_17,ThomasAM_2018b,1,0.3926173433724721
mechanism_plus_parent,CRC_MR_SBJ32C_17,ThomasAM_2018b,1,0.49966261790028205
mechanism_plus_parent,CRC_MR_SBJ33C_17,ThomasAM_2018b,1,0.4303262111709813
mechanism_plus_parent,CRC_MR_SBJ34H_17,ThomasAM_2018b,0,0.4236769070260333
mechanism_plus_parent,CRC_MR_SBJ35C_17,ThomasAM_2018b,1,0.38323237576637054
mechanism_plus_parent,CRC_MR_SBJ36C_17,ThomasAM_2018b,1,0.490531955963144
mechanism_plus_parent,CRC_MR_SBJ37H_17,ThomasAM_2018b,0,0.4231377316217235
mechanism_plus_parent,CRC_MR_SBJ39C_17,ThomasAM_2018b,1,0.5305425777492268
mechanism_plus_parent,CRC_MR_SBJ40C_17,ThomasAM_2018b,1,0.4262108454038367
mechanism_plus_parent,CRC_MR_SBJ42C_17,ThomasAM_2018b,1,0.5717063117323284
mechanism_plus_parent,CRC_MR_SBJ45H_17,ThomasAM_2018b,0,0.5377023164887506
mechanism_plus_parent,CRC_MR_SBJ46H_17,ThomasAM_2018b,0,0.46153352552597404
mechanism_plus_parent,CRC_MR_SBJ47C_17,ThomasAM_2018b,1,0.49490068967357026
mechanism_plus_parent,CRC_MR_SBJ49C_17,ThomasAM_2018b,1,0.4134302470052969
mechanism_plus_parent,CRC_MR_SBJ50C_17,ThomasAM_2018b,1,0.553945162262178
mechanism_plus_parent,CRC_MR_SBJ51C_17,ThomasAM_2018b,1,0.5515909216453738
mechanism_plus_parent,CRC_MR_SBJ52C_17,ThomasAM_2018b,1,0.5050440948570822
mechanism_plus_parent,CRC_MR_SBJ53C_17,ThomasAM_2018b,1,0.40008117834662665
mechanism_plus_parent,CRC_MR_SBJ55C_17,ThomasAM_2018b,1,0.4821306412408618
mechanism_plus_parent,CRC_MR_SBJ57H_17,ThomasAM_2018b,0,0.36041963286312506
mechanism_plus_parent,CRC_MR_SBJ60H_17,ThomasAM_2018b,0,0.44523168432199617
mechanism_plus_parent,CRC_MR_SBJ61C_17,ThomasAM_2018b,1,0.657626288231601
mechanism_plus_parent,CRC_MR_SBJ63H_17,ThomasAM_2018b,0,0.5134195684180841
mechanism_plus_parent,CRC_MR_SBJ64C_17,ThomasAM_2018b,1,0.5463811405153615
mechanism_plus_parent,CRC_MR_SBJ65H_17,ThomasAM_2018b,0,0.36041963286312506
mechanism_plus_parent,CRC_MR_SBJ67H_17,ThomasAM_2018b,0,0.42936678413139495
mechanism_plus_parent,CRC_MR_SBJ68H_17,ThomasAM_2018b,0,0.4379109507762679
mechanism_plus_parent,CRC_MR_SBJ69H_17,ThomasAM_2018b,0,0.45619856098418343
mechanism_plus_parent,CRC_MR_SBJ73H_17,ThomasAM_2018b,0,0.4286680728141583
mechanism_plus_parent,CRC_MR_SBJ74H_17,ThomasAM_2018b,0,0.430716363483329
mechanism_plus_parent,CRC_MR_SBJ75H_17,ThomasAM_2018b,0,0.40571368629807203
mechanism_plus_parent,CRC_MR_SBJ77H_17,ThomasAM_2018b,0,0.5121658005953794
mechanism_plus_parent,CRC_MR_SBJ78H_17,ThomasAM_2018b,0,0.4157912753506164
mechanism_plus_parent,CRC_MR_SBJ79H_17,ThomasAM_2018b,0,0.6108690803711004
mechanism_plus_parent,CRC_MR_SBJ80H_17,ThomasAM_2018b,0,0.5254779967347125
mechanism_plus_parent,CRC_MR_SBJ81H_17,ThomasAM_2018b,0,0.6841724202210372
mechanism_plus_parent,CRC_MR_SBJ82H_17,ThomasAM_2018b,0,0.3864326090413553
mechanism_plus_parent,CRC_MR_SBJ83H_17,ThomasAM_2018b,0,0.42264511914165975
mechanism_plus_parent,CRC_MR_SBJ84H_17,ThomasAM_2018b,0,0.36041963286312506
mechanism_plus_parent,mix1_N702-N505_CGTACTAG-GTAAGGAG,ThomasAM_2019_c,0,0.6879097933204736
mechanism_plus_parent,mix3_N707-N505_CTCTCTAC-GTAAGGAG,ThomasAM_2019_c,0,0.3311032564250688
mechanism_plus_parent,mix3_N705-N506_GGACTCCT-ACTGCATA,ThomasAM_2019_c,1,0.5861782708229213
mechanism_plus_parent,mix3_N706-N506_TAGGCATG-ACTGCATA,ThomasAM_2019_c,0,0.4477976741663777
mechanism_plus_parent,mix2_N707-N503_CTCTCTAC-TATCCTCT,ThomasAM_2019_c,0,0.5704049832859808
mechanism_plus_parent,mix6_N707-N504_CTCTCTAC-AGAGTAGA,ThomasAM_2019_c,1,0.3306749450170964
mechanism_plus_parent,mix2_N708-N504_CAGAGAGG-AGAGTAGA,ThomasAM_2019_c,0,0.7583319484997397
mechanism_plus_parent,mix2_N711-N504_AAGAGGCA-AGAGTAGA,ThomasAM_2019_c,1,0.6638191051140631
mechanism_plus_parent,AHCT5GADXX.N703-S501_AGGCAGAA-TAGATCGC,ThomasAM_2019_c,1,0.5908680374370918
mechanism_plus_parent,BHCNG3ADXX.N705-S502_GGACTCCT-CTCTCTAT,ThomasAM_2019_c,0,0.2066051163992423
mechanism_plus_parent,BHCNG3ADXX.N708-S502_CAGAGAGG-CTCTCTAT,ThomasAM_2019_c,1,0.5973429484674684
mechanism_plus_parent,HGKT5ADXX_PG0662_09A0202_H2,ThomasAM_2019_c,0,0.2066051163992423
mechanism_plus_parent,BHCNG3ADXX.N709-S502_GCTACGCT-CTCTCTAT,ThomasAM_2019_c,1,0.2066051163992423
mechanism_plus_parent,BHCNG3ADXX.N711-S502_AAGAGGCA-CTCTCTAT,ThomasAM_2019_c,1,0.3910063295136401
mechanism_plus_parent,mix20-N702-S501_CGTACTAG-TAGATCGC,ThomasAM_2019_c,0,0.6727457774834401
mechanism_plus_parent,BHCNG3ADXX.N701-S503_TAAGGCGA-TATCCTCT,ThomasAM_2019_c,1,0.4985515516596533
mechanism_plus_parent,BHCNJJADXX.N703-S503_AGGCAGAA-TATCCTCT,ThomasAM_2019_c,1,0.26151242545677644
mechanism_plus_parent,BHCNJJADXX.N705-S503_GGACTCCT-TATCCTCT,ThomasAM_2019_c,1,0.7775414570385005
mechanism_plus_parent,BHCNJJADXX.N708-S503_CAGAGAGG-TATCCTCT,ThomasAM_2019_c,0,0.6256698768591372
mechanism_plus_parent,mix21_mix22-N705-S502_GGACTCCT-CTCTCTAT,ThomasAM_2019_c,0,0.6688639874348619
mechanism_plus_parent,AHCNC2ADXX.N708_CAGAGAGG,ThomasAM_2019_c,1,0.4867726933061833
mechanism_plus_parent,AHCNC2ADXX.N710_CGAGGCTG,ThomasAM_2019_c,1,0.48132401804534386
mechanism_plus_parent,mix23_mix24-N703-S503_AGGCAGAA-TATCCTCT,ThomasAM_2019_c,0,0.44948977633792986
mechanism_plus_parent,BHCTGKADXX.N707-S505_CTCTCTAC-GTAAGGAG,ThomasAM_2019_c,0,0.5813849719197273
mechanism_plus_parent,BHCNFHADXX.N710-S505_CGAGGCTG-GTAAGGAG,ThomasAM_2019_c,1,0.859558293578551
mechanism_plus_parent,BHCNK3ADXX.N711-S506_AAGAGGCA-ACTGCATA,ThomasAM_2019_c,0,0.5255729621654937
mechanism_plus_parent,BHCNK3ADXX.N712-S506_GTAGAGGA-ACTGCATA,ThomasAM_2019_c,1,0.5943546530119583
mechanism_plus_parent,mix29_mix30-N710_CGAGGCTG,ThomasAM_2019_c,0,0.33613758192421955
mechanism_plus_parent,BHCNK3ADXX.N706-S507_TAGGCATG-AAGGAGTA,ThomasAM_2019_c,0,0.5861773930229655
mechanism_plus_parent,mix31_mix32-N702-S506_CGTACTAG-ACTGCATA,ThomasAM_2019_c,0,0.44836258460018624
mechanism_plus_parent,AHCNMFADXX.N709-S507_GCTACGCT-AAGGAGTA,ThomasAM_2019_c,1,0.5311435046160929
mechanism_plus_parent,AHCNMFADXX.N712-S507_GTAGAGGA-AAGGAGTA,ThomasAM_2019_c,0,0.3190553704999444
mechanism_plus_parent,AHCNMFADXX.N703-S508_AGGCAGAA-CTAAGCCT,ThomasAM_2019_c,1,0.29395049605768736
mechanism_plus_parent,mix31_mix32-N705-S506_GGACTCCT-ACTGCATA,ThomasAM_2019_c,0,0.7266512950559926
mechanism_plus_parent,BHCNM7ADXX.N712-S508_GTAGAGGA-CTAAGCCT,ThomasAM_2019_c,0,0.2066051163992423
mechanism_plus_parent,BHCNM7ADXX.N701-S511_TAAGGCGA-TCTCTCCG,ThomasAM_2019_c,0,0.4385786300256692
mechanism_plus_parent,mix33_mix34-N711-S506_AAGAGGCA-ACTGCATA,ThomasAM_2019_c,0,0.2066051163992423
mechanism_plus_parent,mix33_mix34-N712-S506_GTAGAGGA-ACTGCATA,ThomasAM_2019_c,0,0.2066051163992423
mechanism_plus_parent,mix35_mix36-N712-S507_GTAGAGGA-AAGGAGTA,ThomasAM_2019_c,1,0.33291173952085196
mechanism_plus_parent,HGK7MADXX_PG0662_19A0305_H3_L001,ThomasAM_2019_c,1,0.2985604593309764
mechanism_plus_parent,HGK7MADXX_PG0662_87A0503_H3_L002,ThomasAM_2019_c,1,0.8321242007497838
mechanism_plus_parent,HGKMWADXX_PG0662_92A0617_H3_L001,ThomasAM_2019_c,1,0.2066051163992423
mechanism_plus_parent,HGKMWADXX_PG0662_95A0604_H3_L002,ThomasAM_2019_c,0,0.3753728901397997
mechanism_plus_parent,HGKYVADXX_PG0662_98A0607_H3_L001,ThomasAM_2019_c,0,0.2066051163992423
mechanism_plus_parent,HGKYVADXX_PG0662_104A0704_H3_L001,ThomasAM_2019_c,0,0.5339638752551416
mechanism_plus_parent,HGKMWADXX_PG0662_166A0807_H3_L002,ThomasAM_2019_c,1,0.4111215124955583
mechanism_plus_parent,HGKFCADXX_PG0662_168A0902_H3_L001,ThomasAM_2019_c,0,0.6195471739802246
mechanism_plus_parent,HGK52ADXX_PG0662_172A0906_H3_L001,ThomasAM_2019_c,1,0.6296294332343987
mechanism_plus_parent,HGKY7ADXX_PG0662_178A0104_H1_L002,ThomasAM_2019_c,0,0.2093378213303026
mechanism_plus_parent,HGKY7ADXX_PG0662_179A0105_H1_L002,ThomasAM_2019_c,0,0.34491967341786983
mechanism_plus_parent,HGKY7ADXX_PG0662_182A0217_H1_L002,ThomasAM_2019_c,1,0.430449695811561
mechanism_plus_parent,HGKY7ADXX_PG0662_239A0206_H1_L001,ThomasAM_2019_c,1,0.2066051163992423
mechanism_plus_parent,HGKYWADXX_PG0662_245A0305_H1_L002,ThomasAM_2019_c,1,0.36769641816786625
mechanism_plus_parent,HGKYWADXX_PG0662_249A0402_H1_L002,ThomasAM_2019_c,0,0.46552787345213276
mechanism_plus_parent,HGKYWADXX_PG0662_255A0407_H1_L001,ThomasAM_2019_c,1,0.6546535121194652
mechanism_plus_parent,HGKYWADXX_PG0662_259A0504_H1_L001,ThomasAM_2019_c,1,0.5653403342916492
mechanism_plus_parent,HGKYVADXX_PG0662_320A0604_H1_L002,ThomasAM_2019_c,0,0.35359398772495015
mechanism_plus_parent,HGKY5ADXX_PG0662_332A0817_H1_L001,ThomasAM_2019_c,1,0.5120437242622792
mechanism_plus_parent,HJK7MADXX_PG0783_04A0104_H1_L002,ThomasAM_2019_c,1,0.29385913404941066
mechanism_plus_parent,HJKJJADXX_PG0783_14A0207_H1_L001,ThomasAM_2019_c,0,0.597943336588353
mechanism_plus_parent,HJKJ2ADXX_PG0783_19A0305_H1_L001,ThomasAM_2019_c,0,0.2066051163992423
mechanism_plus_parent,HJK7VADXX_PG0783_22A0417_H1_L001,ThomasAM_2019_c,1,0.3416830197635218
mechanism_plus_parent,HJK7VADXX_PG0783_23A0402_H1_L002,ThomasAM_2019_c,1,0.7339237014076433
mechanism_plus_parent,HJK7MADXX_PG0783_24A0403_H1_L001,ThomasAM_2019_c,0,0.5084847849012836
mechanism_plus_parent,HJKJ2ADXX_PG0783_27A0405_H1_L001,ThomasAM_2019_c,1,0.28359972426259117
mechanism_plus_parent,HJK7VADXX_PG0783_31A0502_H1_L002,ThomasAM_2019_c,0,0.34435818589578265
mechanism_plus_parent,HJKHTADXX_PG0783_55A0104_H1_L001,ThomasAM_2019_c,0,0.5857579824308323
mechanism_plus_parent,HJKHTADXX_PG0783_65A0205_H1_L002,ThomasAM_2019_c,1,0.4968385983017862
mechanism_plus_parent,HJKNLADXX_PG0783_67A0207_H1_L002,ThomasAM_2019_c,0,0.35223848861765333
mechanism_plus_parent,HJKHJADXX_PG0783_75A0417_H1_L001,ThomasAM_2019_c,1,0.34554574922781134
mechanism_plus_parent,HJKNLADXX_PG0783_82A0407_H1_L002,ThomasAM_2019_c,0,0.7914371406708332
mechanism_plus_parent,HJKNLADXX_PG0783_89A0507_H1_L002,ThomasAM_2019_c,1,0.5418758084982771
mechanism_plus_parent,HJKJJADXX_PG0783_92A0603_H1_L002,ThomasAM_2019_c,1,0.5624798438723602
mechanism_plus_parent,HJKHJADXX_PG0783_98A0717_H1_L001,ThomasAM_2019_c,1,0.7212157120950242
mechanism_plus_parent,HJK7NADXX_PG0783_110A0106_H1_L002,ThomasAM_2019_c,0,0.3633492864637836
mechanism_plus_parent,HJKTNADXX_PG0783_113A0203_H1_L001,ThomasAM_2019_c,0,0.3937369175927653
mechanism_plus_parent,HJK7NADXX_PG0783_128A0406_H1_L002,ThomasAM_2019_c,1,0.40793631377596806
mechanism_plus_parent,HJKTNADXX_PG0783_132A0504_H1_L002,ThomasAM_2019_c,1,0.5132582355077177
mechanism_plus_parent,HJKTNADXX_PG0783_145A0703_H1_L001,ThomasAM_2019_c,1,0.4269482606378545
mechanism_plus_parent,HJKTNADXX_PG0783_147A0704_H1_L002,ThomasAM_2019_c,0,0.45427605455831177
mechanism_plus_parent,MMRS11288076ST-27-0-0,VogtmannE_2016,0,0.47247587219662246
mechanism_plus_parent,MMRS11932626ST-27-0-0,VogtmannE_2016,0,0.5840475347208189
mechanism_plus_parent,MMRS12272136ST-27-0-0,VogtmannE_2016,1,0.48965732230373954
mechanism_plus_parent,MMRS14379078ST-27-0-0,VogtmannE_2016,1,0.4523318833842194
mechanism_plus_parent,MMRS14602194ST-27-0-0,VogtmannE_2016,1,0.49722226773360395
mechanism_plus_parent,MMRS15137911ST-27-0-0,VogtmannE_2016,1,0.5676144897047255
mechanism_plus_parent,MMRS16644320ST-27-0-0,VogtmannE_2016,1,0.5498685214237525
mechanism_plus_parent,MMRS17603756ST-27-0-0,VogtmannE_2016,0,0.3586132506038663
mechanism_plus_parent,MMRS17963147ST-27-0-0,VogtmannE_2016,0,0.42599066688785425
mechanism_plus_parent,MMRS18295921ST-27-0-0,VogtmannE_2016,1,0.4525518859799858
mechanism_plus_parent,MMRS20257302ST-27-0-0,VogtmannE_2016,0,0.43235801160450826
mechanism_plus_parent,MMRS21365932ST-27-0-0,VogtmannE_2016,0,0.5299400707186596
mechanism_plus_parent,MMRS24340226ST-27-0-0,VogtmannE_2016,1,0.5388982939346731
mechanism_plus_parent,MMRS25211151ST-27-0-0,VogtmannE_2016,0,0.43018942636063356
mechanism_plus_parent,MMRS25641480ST-27-0-0,VogtmannE_2016,1,0.6983342137092308
mechanism_plus_parent,MMRS29805707ST-27-0-0,VogtmannE_2016,0,0.48164025585328046
mechanism_plus_parent,MMRS31306426ST-27-0-0,VogtmannE_2016,1,0.41908285022914776
mechanism_plus_parent,MMRS32573774ST-27-0-0,VogtmannE_2016,0,0.5012375821929892
mechanism_plus_parent,MMRS33294861ST-27-0-0,VogtmannE_2016,0,0.5794752163763665
mechanism_plus_parent,MMRS34525504ST-27-0-0,VogtmannE_2016,1,0.5473403388234659
mechanism_plus_parent,MMRS34569532ST-27-0-0,VogtmannE_2016,0,0.5426043039244218
mechanism_plus_parent,MMRS35808664ST-27-0-0,VogtmannE_2016,0,0.4686010121617113
mechanism_plus_parent,MMRS36405092ST-27-0-0,VogtmannE_2016,0,0.42135847805513266
mechanism_plus_parent,MMRS38861560ST-27-0-0,VogtmannE_2016,0,0.5691828633787578
mechanism_plus_parent,MMRS38954404ST-27-0-0,VogtmannE_2016,0,0.46570476571946695
mechanism_plus_parent,MMRS39415781ST-27-0-0,VogtmannE_2016,0,0.3586132506038663
mechanism_plus_parent,MMRS39582183ST-27-0-0,VogtmannE_2016,0,0.3586132506038663
mechanism_plus_parent,MMRS40913371ST-27-0-0,VogtmannE_2016,0,0.42796306329672273
mechanism_plus_parent,MMRS41266697ST-27-0-0,VogtmannE_2016,1,0.6263555759631836
mechanism_plus_parent,MMRS41711735ST-27-0-0,VogtmannE_2016,1,0.616373744838115
mechanism_plus_parent,MMRS42780924ST-27-0-0,VogtmannE_2016,1,0.48634958431887115
mechanism_plus_parent,MMRS43563715ST-27-0-0,VogtmannE_2016,1,0.5687790231149166
mechanism_plus_parent,MMRS43939546ST-27-0-0,VogtmannE_2016,1,0.6597096154473691
mechanism_plus_parent,MMRS44197125ST-27-0-0,VogtmannE_2016,1,0.5095874447146665
mechanism_plus_parent,MMRS44203591ST-27-0-0,VogtmannE_2016,1,0.7088234205709554
mechanism_plus_parent,MMRS44587603ST-27-0-0,VogtmannE_2016,1,0.39331346125972144
mechanism_plus_parent,MMRS47662059ST-27-0-0,VogtmannE_2016,1,0.5423634800557754
mechanism_plus_parent,MMRS47685461ST-27-0-0,VogtmannE_2016,1,0.6558248669506109
mechanism_plus_parent,MMRS51307502ST-27-0-0,VogtmannE_2016,0,0.3912346378392487
mechanism_plus_parent,MMRS51410669ST-27-0-0,VogtmannE_2016,1,0.507842897830501
mechanism_plus_parent,MMRS51728985ST-27-0-0,VogtmannE_2016,1,0.48257575217455156
mechanism_plus_parent,MMRS51737257ST-27-0-0,VogtmannE_2016,0,0.4803977400820377
mechanism_plus_parent,MMRS54246132ST-27-0-0,VogtmannE_2016,0,0.4363289848007886
mechanism_plus_parent,MMRS54316675ST-27-0-0,VogtmannE_2016,1,0.593434176963251
mechanism_plus_parent,MMRS55294627ST-27-0-0,VogtmannE_2016,1,0.5376517941145091
mechanism_plus_parent,MMRS56137463ST-27-0-0,VogtmannE_2016,0,0.5786388070612363
mechanism_plus_parent,MMRS57276462ST-27-0-0,VogtmannE_2016,0,0.46478260812068234
mechanism_plus_parent,MMRS57569834ST-27-0-0,VogtmannE_2016,0,0.5066437484560361
mechanism_plus_parent,MMRS59699117ST-27-0-0,VogtmannE_2016,1,0.5088655902496668
mechanism_plus_parent,MMRS61683006ST-27-0-0,VogtmannE_2016,0,0.41103681028448114
mechanism_plus_parent,MMRS62192467ST-27-0-0,VogtmannE_2016,0,0.6017126367212297
mechanism_plus_parent,MMRS62376181ST-27-0-0,VogtmannE_2016,1,0.5205678685434603
mechanism_plus_parent,MMRS62666492ST-27-0-0,VogtmannE_2016,0,0.5305485311876467
mechanism_plus_parent,MMRS64281211ST-27-0-0,VogtmannE_2016,1,0.6637887173188315
mechanism_plus_parent,MMRS64281551ST-27-0-0,VogtmannE_2016,0,0.5739417292155196
mechanism_plus_parent,MMRS65205033ST-27-0-0,VogtmannE_2016,1,0.5958727276567645
mechanism_plus_parent,MMRS65742083ST-27-0-0,VogtmannE_2016,0,0.580701273675764
mechanism_plus_parent,MMRS65862658ST-27-0-0,VogtmannE_2016,0,0.3586132506038663
mechanism_plus_parent,MMRS65945127ST-27-0-0,VogtmannE_2016,1,0.5212221831050234
mechanism_plus_parent,MMRS66868025ST-27-0-0,VogtmannE_2016,0,0.4666597652795524
mechanism_plus_parent,MMRS67096717ST-27-0-0,VogtmannE_2016,0,0.5606571844545732
mechanism_plus_parent,MMRS67247116ST-27-0-0,VogtmannE_2016,1,0.4126007970636549
mechanism_plus_parent,MMRS68630931ST-27-0-0,VogtmannE_2016,0,0.44761370905726805
mechanism_plus_parent,MMRS68910755ST-27-0-0,VogtmannE_2016,1,0.5827743506183958
mechanism_plus_parent,MMRS71762412ST-27-0-0,VogtmannE_2016,1,0.589089877421254
mechanism_plus_parent,MMRS72802364ST-27-0-0,VogtmannE_2016,1,0.5604197146004789
mechanism_plus_parent,MMRS72980899ST-27-0-0,VogtmannE_2016,1,0.6380339169900925
mechanism_plus_parent,MMRS73787048ST-27-0-0,VogtmannE_2016,0,0.6304462285513864
mechanism_plus_parent,MMRS77018926ST-27-0-0,VogtmannE_2016,1,0.5124018369654448
mechanism_plus_parent,MMRS77321055ST-27-0-0,VogtmannE_2016,1,0.613785122808448
mechanism_plus_parent,MMRS77487595ST-27-0-0,VogtmannE_2016,1,0.6369487250584746
mechanism_plus_parent,MMRS78791111ST-27-0-0,VogtmannE_2016,1,0.47874923564714633
mechanism_plus_parent,MMRS79893829ST-27-0-0,VogtmannE_2016,0,0.5509372755367558
mechanism_plus_parent,MMRS80093644ST-27-0-0,VogtmannE_2016,1,0.5720111686173007
mechanism_plus_parent,MMRS81130264ST-27-0-0,VogtmannE_2016,0,0.5705982075553346
mechanism_plus_parent,MMRS81135225ST-27-0-0,VogtmannE_2016,0,0.3586132506038663
mechanism_plus_parent,MMRS81194191ST-27-0-0,VogtmannE_2016,1,0.48332379653905794
mechanism_plus_parent,MMRS81671217ST-27-0-0,VogtmannE_2016,1,0.520630616674448
mechanism_plus_parent,MMRS84085284ST-27-0-0,VogtmannE_2016,0,0.5021739934299441
mechanism_plus_parent,MMRS84159866ST-27-0-0,VogtmannE_2016,0,0.3586132506038663
mechanism_plus_parent,MMRS84954772ST-27-0-0,VogtmannE_2016,1,0.5542383506678439
mechanism_plus_parent,MMRS85382779ST-27-0-0,VogtmannE_2016,1,0.6779280313769341
mechanism_plus_parent,MMRS85438660ST-27-0-0,VogtmannE_2016,0,0.3586132506038663
mechanism_plus_parent,MMRS85548821ST-27-0-0,VogtmannE_2016,0,0.5399436277211921
mechanism_plus_parent,MMRS86168210ST-27-0-0,VogtmannE_2016,0,0.5417559244990164
mechanism_plus_parent,MMRS86178473ST-27-0-0,VogtmannE_2016,1,0.4288868573873639
mechanism_plus_parent,MMRS86958796ST-27-0-0,VogtmannE_2016,1,0.564921334576544
mechanism_plus_parent,MMRS87723283ST-27-0-0,VogtmannE_2016,0,0.4929403572537823
mechanism_plus_parent,MMRS88581325ST-27-0-0,VogtmannE_2016,0,0.5521785544742295
mechanism_plus_parent,MMRS90191266ST-27-0-0,VogtmannE_2016,1,0.5086173120103658
mechanism_plus_parent,MMRS91297590ST-27-0-0,VogtmannE_2016,0,0.5758982936158282
mechanism_plus_parent,MMRS92544445ST-27-0-0,VogtmannE_2016,1,0.6313594484519687
mechanism_plus_parent,MMRS92546335ST-27-0-0,VogtmannE_2016,0,0.5781657252687676
mechanism_plus_parent,MMRS93508324ST-27-0-0,VogtmannE_2016,1,0.4165492175667098
mechanism_plus_parent,MMRS93621581ST-27-0-0,VogtmannE_2016,0,0.5338555402490716
mechanism_plus_parent,MMRS94549160ST-27-0-0,VogtmannE_2016,0,0.5904355904912021
mechanism_plus_parent,MMRS95277876ST-27-0-0,VogtmannE_2016,0,0.5892102492329395
mechanism_plus_parent,MMRS95479054ST-27-0-0,VogtmannE_2016,0,0.3586132506038663
mechanism_plus_parent,MMRS95674036ST-27-0-0,VogtmannE_2016,0,0.376811503259372
mechanism_plus_parent,MMRS96422329ST-27-0-0,VogtmannE_2016,1,0.45155594830740337
mechanism_plus_parent,MMRS97052561ST-27-0-0,VogtmannE_2016,1,0.5643969918836502
mechanism_plus_parent,MMRS97307143ST-27-0-0,VogtmannE_2016,0,0.5056325611433456
mechanism_plus_parent,MMRS97327636ST-27-0-0,VogtmannE_2016,1,0.933294963673042
mechanism_plus_parent,MMRS99045180ST-27-0-0,VogtmannE_2016,1,0.3442083220417581
mechanism_plus_parent,CCMD11006829ST-21-0,WirbelJ_2018,1,0.659961207401246
mechanism_plus_parent,CCMD12232071ST-21-0,WirbelJ_2018,1,0.5828136582582174
mechanism_plus_parent,CCMD13071240ST-21-0,WirbelJ_2018,1,0.5656999334383727
mechanism_plus_parent,CCMD13934959ST-21-0,WirbelJ_2018,1,0.49314120579392745
mechanism_plus_parent,CCMD14479708ST-21-0,WirbelJ_2018,1,0.5005725696194792
mechanism_plus_parent,CCMD18872694ST-21-0,WirbelJ_2018,1,0.5303802691350272
mechanism_plus_parent,CCMD19497912ST-21-0,WirbelJ_2018,1,0.6327128932067994
mechanism_plus_parent,CCMD23101338ST-21-0,WirbelJ_2018,1,0.43460680871640106
mechanism_plus_parent,CCMD25511638ST-21-0,WirbelJ_2018,1,0.4102987749216836
mechanism_plus_parent,CCMD25963797ST-21-0,WirbelJ_2018,1,0.3491357414204724
mechanism_plus_parent,CCMD26709089ST-21-0,WirbelJ_2018,1,0.3491357414204724
mechanism_plus_parent,CCMD26925580ST-21-0,WirbelJ_2018,1,0.3955706135149568
mechanism_plus_parent,CCMD34381688ST-21-0,WirbelJ_2018,1,0.42629330684287503
mechanism_plus_parent,CCMD35802077ST-21-0,WirbelJ_2018,1,0.5307751065418497
mechanism_plus_parent,CCMD40701343ST-21-0,WirbelJ_2018,1,0.3491357414204724
mechanism_plus_parent,CCMD42428553ST-21-0,WirbelJ_2018,1,0.42576312583856685
mechanism_plus_parent,CCMD45988061ST-21-0,WirbelJ_2018,1,0.5808603806519042
mechanism_plus_parent,CCMD46222674ST-21-0,WirbelJ_2018,1,0.3491357414204724
mechanism_plus_parent,CCMD46947453ST-21-0,WirbelJ_2018,1,0.5228711327512575
mechanism_plus_parent,CCMD48236717ST-21-0,WirbelJ_2018,1,0.4380994906088416
mechanism_plus_parent,CCMD50071957ST-21-0,WirbelJ_2018,1,0.60234128139407
mechanism_plus_parent,CCMD51864103ST-21-0,WirbelJ_2018,1,0.4174709998365115
mechanism_plus_parent,CCMD60079086ST-21-0,WirbelJ_2018,1,0.6247776933158602
mechanism_plus_parent,CCMD63399960ST-21-0,WirbelJ_2018,1,0.45002646902966326
mechanism_plus_parent,CCMD64503764ST-21-0,WirbelJ_2018,1,0.5739258497627118
mechanism_plus_parent,CCMD64776337ST-21-0,WirbelJ_2018,1,0.45474893938292765
mechanism_plus_parent,CCMD72895164ST-21-0,WirbelJ_2018,1,0.5571274925886864
mechanism_plus_parent,CCMD74930188ST-21-0,WirbelJ_2018,1,0.5952247157412695
mechanism_plus_parent,CCMD79987997ST-21-0,WirbelJ_2018,1,0.4914697119439169
mechanism_plus_parent,CCMD82866709ST-21-0,WirbelJ_2018,1,0.6567168946844897
mechanism_plus_parent,CCMD86114146ST-21-0,WirbelJ_2018,1,0.4318603949295104
mechanism_plus_parent,CCMD86707194ST-21-0,WirbelJ_2018,1,0.5072238956634083
mechanism_plus_parent,CCMD87156761ST-21-0,WirbelJ_2018,1,0.409307909169283
mechanism_plus_parent,CCMD88272491ST-21-0,WirbelJ_2018,1,0.576446047551171
mechanism_plus_parent,CCMD90311071ST-21-0,WirbelJ_2018,1,0.3491357414204724
mechanism_plus_parent,CCMD93344354ST-21-0,WirbelJ_2018,1,0.5403636986921614
mechanism_plus_parent,CCMD95433940ST-21-0,WirbelJ_2018,1,0.4125018668186116
mechanism_plus_parent,CCMD96553385ST-21-0,WirbelJ_2018,1,0.4069614464429352
mechanism_plus_parent,MMPU29365221ST,WirbelJ_2018,0,0.36821793332184616
mechanism_plus_parent,MMPU68403337ST,WirbelJ_2018,0,0.49271201741782694
mechanism_plus_parent,MMPU72854103ST,WirbelJ_2018,0,0.533648826237401
mechanism_plus_parent,MMPU84450604ST,WirbelJ_2018,0,0.5098531190628532
mechanism_plus_parent,MMPU99077057ST,WirbelJ_2018,0,0.41185674196502214
mechanism_plus_parent,CCMD10032470ST-11-0,WirbelJ_2018,0,0.3863877847493623
mechanism_plus_parent,CCMD10191450ST-11-0,WirbelJ_2018,0,0.4841403435853815
mechanism_plus_parent,CCMD15562448ST-11-0,WirbelJ_2018,0,0.48304898443503363
mechanism_plus_parent,CCMD17410933ST-11-0,WirbelJ_2018,0,0.49235475318587235
mechanism_plus_parent,CCMD18579000ST-11-0,WirbelJ_2018,0,0.436173465962263
mechanism_plus_parent,CCMD18829815ST-11-0,WirbelJ_2018,0,0.47168037749982067
mechanism_plus_parent,CCMD19168690ST-11-0,WirbelJ_2018,1,0.40237783169714403
mechanism_plus_parent,CCMD21593359ST-11-0,WirbelJ_2018,1,0.7291566122895179
mechanism_plus_parent,CCMD21703880ST-11-0,WirbelJ_2018,1,0.5279547970882963
mechanism_plus_parent,CCMD22852639ST-11-0,WirbelJ_2018,0,0.38720410602994837
mechanism_plus_parent,CCMD23541216ST-11-0,WirbelJ_2018,0,0.5035188151605505
mechanism_plus_parent,CCMD25475945ST-11-0,WirbelJ_2018,0,0.49417045229727385
mechanism_plus_parent,CCMD26625622ST-11-0,WirbelJ_2018,0,0.41782170044249234
mechanism_plus_parent,CCMD27463710ST-11-0,WirbelJ_2018,1,0.5961697059891633
mechanism_plus_parent,CCMD27867141ST-11-0,WirbelJ_2018,0,0.416769321599365
mechanism_plus_parent,CCMD28738636ST-11-0,WirbelJ_2018,0,0.5240754062819792
mechanism_plus_parent,CCMD29706695ST-11-0,WirbelJ_2018,0,0.4277721403843313
mechanism_plus_parent,CCMD30626189ST-11-0,WirbelJ_2018,0,0.3491357414204724
mechanism_plus_parent,CCMD30627121ST-11-0,WirbelJ_2018,0,0.41814834825339264
mechanism_plus_parent,CCMD31009081ST-11-0,WirbelJ_2018,0,0.3491357414204724
mechanism_plus_parent,CCMD31134579ST-11-0,WirbelJ_2018,0,0.4202096401100829
mechanism_plus_parent,CCMD32288175ST-11-0,WirbelJ_2018,0,0.4639838494797606
mechanism_plus_parent,CCMD32965613ST-11-0,WirbelJ_2018,0,0.4423810661004289
mechanism_plus_parent,CCMD35081859ST-11-0,WirbelJ_2018,0,0.5860812259325764
mechanism_plus_parent,CCMD35633353ST-11-0,WirbelJ_2018,1,0.5319240059122669
mechanism_plus_parent,CCMD35801800ST-11-0,WirbelJ_2018,0,0.46492718569757896
mechanism_plus_parent,CCMD37575804ST-11-0,WirbelJ_2018,0,0.4579112917333429
mechanism_plus_parent,CCMD38158721ST-11-0,WirbelJ_2018,0,0.4848623777053748
mechanism_plus_parent,CCMD39157124ST-11-0,WirbelJ_2018,0,0.4119555803445803
mechanism_plus_parent,CCMD39882286ST-11-0,WirbelJ_2018,0,0.3852017303398197
mechanism_plus_parent,CCMD41202658ST-11-0,WirbelJ_2018,0,0.4518000315211607
mechanism_plus_parent,CCMD41521570ST-11-0,WirbelJ_2018,0,0.4572519166310194
mechanism_plus_parent,CCMD42956136ST-11-0,WirbelJ_2018,1,0.6063438832500964
mechanism_plus_parent,CCMD45004878ST-11-0,WirbelJ_2018,0,0.4486029261192395
mechanism_plus_parent,CCMD45812507ST-11-0,WirbelJ_2018,0,0.48953256385694227
mechanism_plus_parent,CCMD46727384ST-11-0,WirbelJ_2018,0,0.6719250062272214
mechanism_plus_parent,CCMD49025643ST-11-0,WirbelJ_2018,0,0.45222477336965683
mechanism_plus_parent,CCMD49461418ST-11-0,WirbelJ_2018,1,0.4937217017069174
mechanism_plus_parent,CCMD49942357ST-11-0,WirbelJ_2018,0,0.4608163845778092
mechanism_plus_parent,CCMD50300306ST-11-0,WirbelJ_2018,0,0.5328314259205025
mechanism_plus_parent,CCMD50529145ST-11-0,WirbelJ_2018,0,0.5213236077947302
mechanism_plus_parent,CCMD50538120ST-11-0,WirbelJ_2018,0,0.3491357414204724
mechanism_plus_parent,CCMD51154251ST-11-0,WirbelJ_2018,0,0.39231571523364733
mechanism_plus_parent,CCMD51228890ST-11-0,WirbelJ_2018,0,0.39932299911315944
mechanism_plus_parent,CCMD52117727ST-11-0,WirbelJ_2018,1,0.5939145151701485
mechanism_plus_parent,CCMD52145360ST-11-0,WirbelJ_2018,1,0.42723781152834045
mechanism_plus_parent,CCMD53508245ST-11-0,WirbelJ_2018,0,0.4978238984629502
mechanism_plus_parent,CCMD53522274ST-11-0,WirbelJ_2018,0,0.3491357414204724
mechanism_plus_parent,CCMD54057834ST-11-0,WirbelJ_2018,0,0.4517540452503504
mechanism_plus_parent,CCMD56948710ST-11-0,WirbelJ_2018,0,0.5056123789437569
mechanism_plus_parent,CCMD59540613ST-11-0,WirbelJ_2018,0,0.4197619076454008
mechanism_plus_parent,CCMD59583015ST-11-0,WirbelJ_2018,1,0.5082092179494132
mechanism_plus_parent,CCMD65222621ST-11-0,WirbelJ_2018,1,0.5125973146484821
mechanism_plus_parent,CCMD65406197ST-11-0,WirbelJ_2018,1,0.5001421838329928
mechanism_plus_parent,CCMD66848156ST-11-0,WirbelJ_2018,0,0.4267614451658287
mechanism_plus_parent,CCMD67373733ST-11-0,WirbelJ_2018,0,0.41333502569396663
mechanism_plus_parent,CCMD68973846ST-11-0,WirbelJ_2018,0,0.3491357414204724
mechanism_plus_parent,CCMD71242853ST-11-0,WirbelJ_2018,1,0.3491357414204724
mechanism_plus_parent,CCMD71915439ST-11-0,WirbelJ_2018,1,0.3491357414204724
mechanism_plus_parent,CCMD72666896ST-11-0,WirbelJ_2018,0,0.4879749040220135
mechanism_plus_parent,CCMD72690923ST-11-0,WirbelJ_2018,1,0.38318407113585773
mechanism_plus_parent,CCMD73128545ST-11-0,WirbelJ_2018,0,0.4290790035769279
mechanism_plus_parent,CCMD74592084ST-11-0,WirbelJ_2018,0,0.5510523703759688
mechanism_plus_parent,CCMD75147712ST-11-0,WirbelJ_2018,0,0.3491357414204724
mechanism_plus_parent,CCMD76222476ST-11-0,WirbelJ_2018,1,0.5738949168053615
mechanism_plus_parent,CCMD76409700ST-11-0,WirbelJ_2018,0,0.39808764696265453
mechanism_plus_parent,CCMD79349503ST-11-0,WirbelJ_2018,1,0.3491357414204724
mechanism_plus_parent,CCMD85481373ST-11-0,WirbelJ_2018,0,0.6217280995122533
mechanism_plus_parent,CCMD85661207ST-11-0,WirbelJ_2018,0,0.5544189674636062
mechanism_plus_parent,CCMD89107682ST-11-0,WirbelJ_2018,0,0.409534865686041
mechanism_plus_parent,CCMD89306485ST-11-0,WirbelJ_2018,1,0.3491357414204724
mechanism_plus_parent,CCMD89643949ST-11-0,WirbelJ_2018,0,0.39682199661873097
mechanism_plus_parent,CCMD89967135ST-11-0,WirbelJ_2018,0,0.4220230099893756
mechanism_plus_parent,CCMD92404903ST-11-0,WirbelJ_2018,1,0.8163045095585729
mechanism_plus_parent,CCMD93755960ST-11-0,WirbelJ_2018,0,0.40180481698141335
mechanism_plus_parent,CCMD95431029ST-11-0,WirbelJ_2018,1,0.5602989917903989
mechanism_plus_parent,CCMD95676152ST-11-0,WirbelJ_2018,1,0.711773716476495
mechanism_plus_parent,CCMD98198513ST-11-0,WirbelJ_2018,0,0.36255698888622895
mechanism_plus_parent,CCMD98531134ST-11-0,WirbelJ_2018,1,0.42790200317760974
mechanism_plus_parent,CCMD98702133ST-11-0,WirbelJ_2018,0,0.509823749508909
mechanism_plus_parent,CCMD99440714ST-11-0,WirbelJ_2018,0,0.502835257917353
mechanism_plus_parent,CCMD99929634ST-11-0,WirbelJ_2018,0,0.3978413428702577
mechanism_plus_parent,SAMD00115014,YachidaS_2019,1,0.5121124933424617
mechanism_plus_parent,SAMD00115015,YachidaS_2019,0,0.5325782028356996
mechanism_plus_parent,SAMD00115025,YachidaS_2019,0,0.2066051163992423
mechanism_plus_parent,SAMD00115027,YachidaS_2019,0,0.2066051163992423
mechanism_plus_parent,SAMD00114971,YachidaS_2019,0,0.2131344572541621
mechanism_plus_parent,SAMD00114972,YachidaS_2019,1,0.2066051163992423
mechanism_plus_parent,SAMD00114968,YachidaS_2019,0,0.6340732568056654
mechanism_plus_parent,SAMD00114970,YachidaS_2019,0,0.6728896896288395
mechanism_plus_parent,SAMD00115016,YachidaS_2019,0,0.7171937349232067
mechanism_plus_parent,SAMD00115017,YachidaS_2019,0,0.446798960590983
mechanism_plus_parent,SAMD00115019,YachidaS_2019,0,0.34807166323748423
mechanism_plus_parent,SAMD00115021,YachidaS_2019,1,0.2066051163992423
mechanism_plus_parent,SAMD00115023,YachidaS_2019,0,0.33345563997184613
mechanism_plus_parent,SAMD00114973,YachidaS_2019,0,0.35498585913086256
mechanism_plus_parent,SAMD00114969,YachidaS_2019,1,0.24780836005087792
mechanism_plus_parent,SAMD00115018,YachidaS_2019,0,0.350947603635976
mechanism_plus_parent,SAMD00115020,YachidaS_2019,1,0.5862775993952168
mechanism_plus_parent,SAMD00115022,YachidaS_2019,0,0.4475139637745487
mechanism_plus_parent,SAMD00115029,YachidaS_2019,1,0.2970834768024374
mechanism_plus_parent,SAMD00115026,YachidaS_2019,1,0.3396887211494294
mechanism_plus_parent,SAMD00115028,YachidaS_2019,1,0.2066051163992423
mechanism_plus_parent,SAMD00114997,YachidaS_2019,0,0.5691721675763736
mechanism_plus_parent,SAMD00115030,YachidaS_2019,1,0.2066051163992423
mechanism_plus_parent,SAMD00115031,YachidaS_2019,1,0.40207233466352654
mechanism_plus_parent,SAMD00115032,YachidaS_2019,0,0.6296474312476388
mechanism_plus_parent,SAMD00115034,YachidaS_2019,1,0.2544160229133237
mechanism_plus_parent,SAMD00115035,YachidaS_2019,1,0.3424875866829619
mechanism_plus_parent,SAMD00114998,YachidaS_2019,0,0.757542850230386
mechanism_plus_parent,SAMD00115000,YachidaS_2019,1,0.6558057324885568
mechanism_plus_parent,SAMD00114995,YachidaS_2019,0,0.2066051163992423
mechanism_plus_parent,SAMD00114996,YachidaS_2019,0,0.5191317264885373
mechanism_plus_parent,SAMD00115033,YachidaS_2019,0,0.2066051163992423
mechanism_plus_parent,SAMD00114736,YachidaS_2019,0,0.7853118337352992
mechanism_plus_parent,SAMD00114737,YachidaS_2019,1,0.5926958051861885
mechanism_plus_parent,SAMD00114738,YachidaS_2019,1,0.5934165419837806
mechanism_plus_parent,SAMD00114739,YachidaS_2019,1,0.7860279770554565
mechanism_plus_parent,SAMD00114744,YachidaS_2019,1,0.4135312142430127
mechanism_plus_parent,SAMD00114745,YachidaS_2019,0,0.5300773817716237
mechanism_plus_parent,SAMD00114746,YachidaS_2019,1,0.38839171512307236
mechanism_plus_parent,SAMD00114747,YachidaS_2019,0,0.4686731941891122
mechanism_plus_parent,SAMD00114748,YachidaS_2019,1,0.2789808106748381
mechanism_plus_parent,SAMD00114832,YachidaS_2019,0,0.2066051163992423
mechanism_plus_parent,SAMD00114740,YachidaS_2019,1,0.3970769897790686
mechanism_plus_parent,SAMD00114741,YachidaS_2019,0,0.3345012151173803
mechanism_plus_parent,SAMD00114833,YachidaS_2019,0,0.42074297603596983
mechanism_plus_parent,SAMD00114742,YachidaS_2019,1,0.713041872856039
mechanism_plus_parent,SAMD00114743,YachidaS_2019,1,0.7270766203961071
mechanism_plus_parent,SAMD00114757,YachidaS_2019,0,0.2066051163992423
mechanism_plus_parent,SAMD00114759,YachidaS_2019,1,0.3180735931106189
mechanism_plus_parent,SAMD00114760,YachidaS_2019,1,0.5982011514096389
mechanism_plus_parent,SAMD00114834,YachidaS_2019,0,0.2066051163992423
mechanism_plus_parent,SAMD00114761,YachidaS_2019,1,0.2066051163992423
mechanism_plus_parent,SAMD00114762,YachidaS_2019,1,0.43492236974481047
mechanism_plus_parent,SAMD00114763,YachidaS_2019,1,0.3898649323540884
mechanism_plus_parent,SAMD00114815,YachidaS_2019,0,0.7995677430629384
mechanism_plus_parent,SAMD00114764,YachidaS_2019,1,0.36942742071744944
mechanism_plus_parent,SAMD00114974,YachidaS_2019,0,0.6720288740582951
mechanism_plus_parent,SAMD00114755,YachidaS_2019,1,0.49261979668974254
mechanism_plus_parent,SAMD00114765,YachidaS_2019,1,0.2492318026210855
mechanism_plus_parent,SAMD00114978,YachidaS_2019,1,0.8577222650902085
mechanism_plus_parent,SAMD00114766,YachidaS_2019,1,0.8968238950602839
mechanism_plus_parent,SAMD00114979,YachidaS_2019,0,0.7019291410096129
mechanism_plus_parent,SAMD00114767,YachidaS_2019,1,0.7843837065411225
mechanism_plus_parent,SAMD00114768,YachidaS_2019,1,0.2604816712478352
mechanism_plus_parent,SAMD00114769,YachidaS_2019,0,0.2887667550692204
mechanism_plus_parent,SAMD00114770,YachidaS_2019,0,0.6257213397358179
mechanism_plus_parent,SAMD00114771,YachidaS_2019,0,0.463171217436208
mechanism_plus_parent,SAMD00114975,YachidaS_2019,0,0.3245782353095992
mechanism_plus_parent,SAMD00114772,YachidaS_2019,1,0.2066051163992423
mechanism_plus_parent,SAMD00114773,YachidaS_2019,0,0.49861597700099003
mechanism_plus_parent,SAMD00114718,YachidaS_2019,0,0.5497433966616772
mechanism_plus_parent,SAMD00114976,YachidaS_2019,0,0.6873135533684908
mechanism_plus_parent,SAMD00114977,YachidaS_2019,0,0.6693042332992203
mechanism_plus_parent,SAMD00114719,YachidaS_2019,0,0.2591433820518237
mechanism_plus_parent,SAMD00114720,YachidaS_2019,0,0.28741224644326663
mechanism_plus_parent,SAMD00114721,YachidaS_2019,0,0.739760390327256
mechanism_plus_parent,SAMD00114722,YachidaS_2019,1,0.4866361702086024
mechanism_plus_parent,SAMD00114984,YachidaS_2019,0,0.6065598081991868
mechanism_plus_parent,SAMD00114723,YachidaS_2019,1,0.5515724519580365
mechanism_plus_parent,SAMD00114724,YachidaS_2019,1,0.4778435829279907
mechanism_plus_parent,SAMD00114800,YachidaS_2019,0,0.3825425693363935
mechanism_plus_parent,SAMD00114982,YachidaS_2019,0,0.44882693547263997
mechanism_plus_parent,SAMD00114793,YachidaS_2019,1,0.3386718113816912
mechanism_plus_parent,SAMD00114794,YachidaS_2019,1,0.5366958384581204
mechanism_plus_parent,SAMD00114795,YachidaS_2019,0,0.588031780314674
mechanism_plus_parent,SAMD00114986,YachidaS_2019,0,0.2066051163992423
mechanism_plus_parent,SAMD00114796,YachidaS_2019,0,0.47939849263053563
mechanism_plus_parent,SAMD00114987,YachidaS_2019,0,0.42426809245788055
mechanism_plus_parent,SAMD00114797,YachidaS_2019,1,0.2066051163992423
mechanism_plus_parent,SAMD00114798,YachidaS_2019,0,0.5804200109631419
mechanism_plus_parent,SAMD00114799,YachidaS_2019,1,0.2066051163992423
mechanism_plus_parent,SAMD00114753,YachidaS_2019,1,0.8295055372506749
mechanism_plus_parent,SAMD00114754,YachidaS_2019,1,0.2066051163992423
mechanism_plus_parent,SAMD00114989,YachidaS_2019,0,0.512968239857959
mechanism_plus_parent,SAMD00114990,YachidaS_2019,0,0.6029891430892445
mechanism_plus_parent,SAMD00114991,YachidaS_2019,0,0.3272308129325571
mechanism_plus_parent,SAMD00114992,YachidaS_2019,0,0.3838514032193958
mechanism_plus_parent,SAMD00114749,YachidaS_2019,1,0.3768295987449252
mechanism_plus_parent,SAMD00114750,YachidaS_2019,1,0.2716807538063895
mechanism_plus_parent,SAMD00114780,YachidaS_2019,0,0.6700129627587543
mechanism_plus_parent,SAMD00114781,YachidaS_2019,0,0.5243186062562213
mechanism_plus_parent,SAMD00114782,YachidaS_2019,1,0.5983948004103392
mechanism_plus_parent,SAMD00114994,YachidaS_2019,0,0.3355640227823846
mechanism_plus_parent,SAMD00114774,YachidaS_2019,1,0.6992924429106308
mechanism_plus_parent,SAMD00114775,YachidaS_2019,1,0.2066051163992423
mechanism_plus_parent,SAMD00114776,YachidaS_2019,1,0.2066051163992423
mechanism_plus_parent,SAMD00114777,YachidaS_2019,1,0.6904220587699935
mechanism_plus_parent,SAMD00114778,YachidaS_2019,0,0.5787934547165324
mechanism_plus_parent,SAMD00114779,YachidaS_2019,0,0.3517696253178109
mechanism_plus_parent,SAMD00114730,YachidaS_2019,0,0.2066051163992423
mechanism_plus_parent,SAMD00115001,YachidaS_2019,0,0.44853824312002805
mechanism_plus_parent,SAMD00114731,YachidaS_2019,1,0.5261360251076447
mechanism_plus_parent,SAMD00114732,YachidaS_2019,1,0.48791287896991
mechanism_plus_parent,SAMD00114733,YachidaS_2019,1,0.6725157025522014
mechanism_plus_parent,SAMD00114734,YachidaS_2019,0,0.32025656981412287
mechanism_plus_parent,SAMD00114726,YachidaS_2019,1,0.7547763819194473
mechanism_plus_parent,SAMD00114727,YachidaS_2019,1,0.2900429117790125
mechanism_plus_parent,SAMD00114728,YachidaS_2019,1,0.5196208886914829
mechanism_plus_parent,SAMD00114729,YachidaS_2019,1,0.33748276614061895
mechanism_plus_parent,SAMD00115002,YachidaS_2019,0,0.7266622399572723
mechanism_plus_parent,SAMD00114788,YachidaS_2019,1,0.2066051163992423
mechanism_plus_parent,SAMD00115003,YachidaS_2019,0,0.29865751438203864
mechanism_plus_parent,SAMD00115004,YachidaS_2019,0,0.2066051163992423
mechanism_plus_parent,SAMD00114789,YachidaS_2019,0,0.44369766699520136
mechanism_plus_parent,SAMD00114790,YachidaS_2019,1,0.2066051163992423
mechanism_plus_parent,SAMD00114791,YachidaS_2019,0,0.2066051163992423
mechanism_plus_parent,SAMD00114792,YachidaS_2019,0,0.2066051163992423
mechanism_plus_parent,SAMD00114783,YachidaS_2019,0,0.43828366150599823
mechanism_plus_parent,SAMD00114784,YachidaS_2019,0,0.7413864675753132
mechanism_plus_parent,SAMD00115008,YachidaS_2019,0,0.2066051163992423
mechanism_plus_parent,SAMD00114785,YachidaS_2019,0,0.42922727905886765
mechanism_plus_parent,SAMD00114786,YachidaS_2019,1,0.34482670407787
mechanism_plus_parent,SAMD00115009,YachidaS_2019,0,0.2066051163992423
mechanism_plus_parent,SAMD00115005,YachidaS_2019,0,0.22009598226225768
mechanism_plus_parent,SAMD00115006,YachidaS_2019,1,0.7526771062360742
mechanism_plus_parent,SAMD00115007,YachidaS_2019,1,0.21346250878224846
mechanism_plus_parent,SAMD00115011,YachidaS_2019,1,0.5650882287615963
mechanism_plus_parent,SAMD00115012,YachidaS_2019,0,0.3670222986534765
mechanism_plus_parent,SAMD00115013,YachidaS_2019,1,0.33495049540203686
mechanism_plus_parent,SAMD00115010,YachidaS_2019,1,0.4988770100992968
mechanism_plus_parent,SAMD00114816,YachidaS_2019,1,0.2066051163992423
mechanism_plus_parent,SAMD00114819,YachidaS_2019,0,0.6213056003328532
mechanism_plus_parent,SAMD00114804,YachidaS_2019,1,0.5006863543492066
mechanism_plus_parent,SAMD00114805,YachidaS_2019,1,0.2988595354786395
mechanism_plus_parent,SAMD00114806,YachidaS_2019,1,0.7807577428045017
mechanism_plus_parent,SAMD00114807,YachidaS_2019,0,0.5376860599892643
mechanism_plus_parent,SAMD00114808,YachidaS_2019,1,0.6616173761542863
mechanism_plus_parent,SAMD00114809,YachidaS_2019,0,0.2066051163992423
mechanism_plus_parent,SAMD00114810,YachidaS_2019,1,0.40442051775826166
mechanism_plus_parent,SAMD00114811,YachidaS_2019,1,0.4562967428233817
mechanism_plus_parent,SAMD00114812,YachidaS_2019,0,0.6679818681725667
mechanism_plus_parent,SAMD00114813,YachidaS_2019,1,0.8321996505474721
mechanism_plus_parent,SAMD00114814,YachidaS_2019,1,0.29011361405573644
mechanism_plus_parent,SAMD00114826,YachidaS_2019,1,0.2066051163992423
mechanism_plus_parent,SAMD00114829,YachidaS_2019,0,0.3759415683061062
mechanism_plus_parent,SAMD00114830,YachidaS_2019,0,0.4816893558164317
mechanism_plus_parent,SAMD00114862,YachidaS_2019,0,0.2066051163992423
mechanism_plus_parent,SAMD00114822,YachidaS_2019,1,0.6450824980208627
mechanism_plus_parent,SAMD00114823,YachidaS_2019,1,0.7777635802339988
mechanism_plus_parent,SAMD00114857,YachidaS_2019,1,0.624935363089965
mechanism_plus_parent,SAMD00114858,YachidaS_2019,0,0.7192513099869523
mechanism_plus_parent,SAMD00114824,YachidaS_2019,0,0.4434175032452062
mechanism_plus_parent,SAMD00114825,YachidaS_2019,1,0.41103822973569465
mechanism_plus_parent,SAMD00114817,YachidaS_2019,1,0.6431235096113349
mechanism_plus_parent,SAMD00114818,YachidaS_2019,0,0.4825852147857517
mechanism_plus_parent,SAMD00114835,YachidaS_2019,1,0.46991675010507694
mechanism_plus_parent,SAMD00114836,YachidaS_2019,1,0.2066051163992423
mechanism_plus_parent,SAMD00114803,YachidaS_2019,1,0.6301406931595191
mechanism_plus_parent,SAMD00114841,YachidaS_2019,1,0.6260165022765459
mechanism_plus_parent,SAMD00114842,YachidaS_2019,0,0.20905470988690766
mechanism_plus_parent,SAMD00114843,YachidaS_2019,0,0.3504852488356534
mechanism_plus_parent,SAMD00114844,YachidaS_2019,1,0.7210884733808761
mechanism_plus_parent,SAMD00114845,YachidaS_2019,0,0.23773330079025834
mechanism_plus_parent,SAMD00114846,YachidaS_2019,1,0.5075024058772826
mechanism_plus_parent,SAMD00114848,YachidaS_2019,1,0.6450765733424438
mechanism_plus_parent,SAMD00114849,YachidaS_2019,1,0.2066051163992423
mechanism_plus_parent,SAMD00114850,YachidaS_2019,0,0.30487190924048047
mechanism_plus_parent,SAMD00114863,YachidaS_2019,1,0.3677223902374687
mechanism_plus_parent,SAMD00114865,YachidaS_2019,0,0.4654256851973626
mechanism_plus_parent,SAMD00114852,YachidaS_2019,1,0.3901516884633281
mechanism_plus_parent,SAMD00114867,YachidaS_2019,0,0.2066051163992423
mechanism_plus_parent,SAMD00114868,YachidaS_2019,1,0.2066051163992423
mechanism_plus_parent,SAMD00114869,YachidaS_2019,0,0.5443796991003821
mechanism_plus_parent,SAMD00114854,YachidaS_2019,0,0.7673396420170027
mechanism_plus_parent,SAMD00114859,YachidaS_2019,0,0.36006551307606327
mechanism_plus_parent,SAMD00114837,YachidaS_2019,0,0.39218867007188823
mechanism_plus_parent,SAMD00114838,YachidaS_2019,0,0.6947091980761348
mechanism_plus_parent,SAMD00114860,YachidaS_2019,0,0.2066051163992423
mechanism_plus_parent,SAMD00114839,YachidaS_2019,1,0.301496071143426
mechanism_plus_parent,SAMD00114840,YachidaS_2019,1,0.5121475025764113
mechanism_plus_parent,SAMD00114856,YachidaS_2019,1,0.518483212854946
mechanism_plus_parent,SAMD00114870,YachidaS_2019,1,0.5337625839299861
mechanism_plus_parent,SAMD00114871,YachidaS_2019,1,0.29411279718524924
mechanism_plus_parent,SAMD00114926,YachidaS_2019,0,0.4789841933155641
mechanism_plus_parent,SAMD00114888,YachidaS_2019,0,0.3077677528999547
mechanism_plus_parent,SAMD00114889,YachidaS_2019,0,0.4715834237404943
mechanism_plus_parent,SAMD00114872,YachidaS_2019,0,0.5494500749088291
mechanism_plus_parent,SAMD00114873,YachidaS_2019,0,0.39521082929928103
mechanism_plus_parent,SAMD00114927,YachidaS_2019,1,0.2066051163992423
mechanism_plus_parent,SAMD00114938,YachidaS_2019,0,0.5979602880107531
mechanism_plus_parent,SAMD00114891,YachidaS_2019,1,0.336610395648201
mechanism_plus_parent,SAMD00114929,YachidaS_2019,0,0.2066051163992423
mechanism_plus_parent,SAMD00114939,YachidaS_2019,1,0.6247283022454619
mechanism_plus_parent,SAMD00114892,YachidaS_2019,1,0.3422803385855434
mechanism_plus_parent,SAMD00114893,YachidaS_2019,1,0.7340034978293852
mechanism_plus_parent,SAMD00114874,YachidaS_2019,0,0.5040345100436359
mechanism_plus_parent,SAMD00114875,YachidaS_2019,1,0.44740778186988134
mechanism_plus_parent,SAMD00114931,YachidaS_2019,1,0.2066051163992423
mechanism_plus_parent,SAMD00114932,YachidaS_2019,0,0.485791218310291
mechanism_plus_parent,SAMD00114940,YachidaS_2019,0,0.2066051163992423
mechanism_plus_parent,SAMD00114894,YachidaS_2019,1,0.6000724699765145
mechanism_plus_parent,SAMD00114895,YachidaS_2019,0,0.3432006631918874
mechanism_plus_parent,SAMD00114876,YachidaS_2019,0,0.2066051163992423
mechanism_plus_parent,SAMD00114933,YachidaS_2019,1,0.47075546573862403
mechanism_plus_parent,SAMD00114941,YachidaS_2019,1,0.39143135310009514
mechanism_plus_parent,SAMD00114896,YachidaS_2019,1,0.4006598154267137
mechanism_plus_parent,SAMD00114897,YachidaS_2019,1,0.45118266526949774
mechanism_plus_parent,SAMD00114877,YachidaS_2019,1,0.7017911648167118
mechanism_plus_parent,SAMD00114878,YachidaS_2019,1,0.21951431338714741
mechanism_plus_parent,SAMD00114934,YachidaS_2019,1,0.5598849299635368
mechanism_plus_parent,SAMD00114942,YachidaS_2019,0,0.5459142358429401
mechanism_plus_parent,SAMD00114898,YachidaS_2019,0,0.2066051163992423
mechanism_plus_parent,SAMD00114935,YachidaS_2019,1,0.2909303756058841
mechanism_plus_parent,SAMD00114943,YachidaS_2019,1,0.2066051163992423
mechanism_plus_parent,SAMD00114908,YachidaS_2019,0,0.2775574265402951
mechanism_plus_parent,SAMD00114944,YachidaS_2019,1,0.5375410240652982
mechanism_plus_parent,SAMD00114918,YachidaS_2019,0,0.5826808105558479
mechanism_plus_parent,SAMD00114909,YachidaS_2019,1,0.45757192567999705
mechanism_plus_parent,SAMD00114919,YachidaS_2019,1,0.5745198372293123
mechanism_plus_parent,SAMD00114920,YachidaS_2019,1,0.5015957381168369
mechanism_plus_parent,SAMD00114949,YachidaS_2019,1,0.5602029653126612
mechanism_plus_parent,SAMD00114950,YachidaS_2019,0,0.3524652473533675
mechanism_plus_parent,SAMD00114910,YachidaS_2019,1,0.4361511241757363
mechanism_plus_parent,SAMD00114911,YachidaS_2019,1,0.8591595796996405
mechanism_plus_parent,SAMD00114921,YachidaS_2019,1,0.5144844012663685
mechanism_plus_parent,SAMD00114922,YachidaS_2019,1,0.31671556949759294
mechanism_plus_parent,SAMD00114951,YachidaS_2019,1,0.32445629044026786
mechanism_plus_parent,SAMD00114912,YachidaS_2019,1,0.34579866506954937
mechanism_plus_parent,SAMD00114913,YachidaS_2019,0,0.22347802307978282
mechanism_plus_parent,SAMD00114952,YachidaS_2019,1,0.29113132448390505
mechanism_plus_parent,SAMD00114953,YachidaS_2019,0,0.7917287268278029
mechanism_plus_parent,SAMD00114945,YachidaS_2019,0,0.2066051163992423
mechanism_plus_parent,SAMD00114924,YachidaS_2019,1,0.2066051163992423
mechanism_plus_parent,SAMD00114954,YachidaS_2019,1,0.5443070234389017
mechanism_plus_parent,SAMD00114914,YachidaS_2019,1,0.5394440608937776
mechanism_plus_parent,SAMD00114946,YachidaS_2019,1,0.5778131448860409
mechanism_plus_parent,SAMD00114925,YachidaS_2019,1,0.3364997052755466
mechanism_plus_parent,SAMD00114956,YachidaS_2019,1,0.3492783842303056
mechanism_plus_parent,SAMD00114915,YachidaS_2019,1,0.7212471344725198
mechanism_plus_parent,SAMD00114916,YachidaS_2019,1,0.2560921507342041
mechanism_plus_parent,SAMD00114917,YachidaS_2019,1,0.44811572902372926
mechanism_plus_parent,SAMD00114948,YachidaS_2019,1,0.3833038758457633
mechanism_plus_parent,SAMD00114957,YachidaS_2019,1,0.26473212433044485
mechanism_plus_parent,SAMD00114958,YachidaS_2019,1,0.5278138621278939
mechanism_plus_parent,SAMD00114879,YachidaS_2019,1,0.635509982519105
mechanism_plus_parent,SAMD00114880,YachidaS_2019,0,0.3632810624449367
mechanism_plus_parent,SAMD00114959,YachidaS_2019,0,0.391804814613603
mechanism_plus_parent,SAMD00114960,YachidaS_2019,1,0.28030308701381473
mechanism_plus_parent,SAMD00114899,YachidaS_2019,0,0.20906439010270214
mechanism_plus_parent,SAMD00114881,YachidaS_2019,0,0.5116433617235264
mechanism_plus_parent,SAMD00114882,YachidaS_2019,0,0.6229451483078113
mechanism_plus_parent,SAMD00114900,YachidaS_2019,0,0.2789186228751911
mechanism_plus_parent,SAMD00114901,YachidaS_2019,0,0.7538278310252419
mechanism_plus_parent,SAMD00114883,YachidaS_2019,1,0.27649269957338807
mechanism_plus_parent,SAMD00114884,YachidaS_2019,1,0.40964313346742104
mechanism_plus_parent,SAMD00114902,YachidaS_2019,1,0.5447091457863061
mechanism_plus_parent,SAMD00114903,YachidaS_2019,1,0.596610288857093
mechanism_plus_parent,SAMD00114963,YachidaS_2019,0,0.5313505706897168
mechanism_plus_parent,SAMD00114964,YachidaS_2019,1,0.5133739732372385
mechanism_plus_parent,SAMD00114905,YachidaS_2019,1,0.2066051163992423
mechanism_plus_parent,SAMD00114965,YachidaS_2019,1,0.35427491614876183
mechanism_plus_parent,SAMD00114885,YachidaS_2019,0,0.3781500284958034
mechanism_plus_parent,SAMD00114906,YachidaS_2019,0,0.2066051163992423
mechanism_plus_parent,SAMD00114907,YachidaS_2019,1,0.37726037640708254
mechanism_plus_parent,SAMD00114966,YachidaS_2019,1,0.42736462457252605
mechanism_plus_parent,SAMD00114967,YachidaS_2019,0,0.45451783556600345
mechanism_plus_parent,SAMD00114886,YachidaS_2019,1,0.39882400933973206
mechanism_plus_parent,SAMD00164694,YachidaS_2019,1,0.13703051150613144
mechanism_plus_parent,SAMD00164695,YachidaS_2019,1,0.2447954216898777
mechanism_plus_parent,SAMD00136653,YachidaS_2019,0,0.6599639220450942
mechanism_plus_parent,SAMD00164721,YachidaS_2019,1,0.767767664933586
mechanism_plus_parent,SAMD00164727,YachidaS_2019,0,0.6462915065872521
mechanism_plus_parent,SAMD00164729,YachidaS_2019,0,0.42028932823797055
mechanism_plus_parent,SAMD00164745,YachidaS_2019,1,0.4036952347663655
mechanism_plus_parent,SAMD00164748,YachidaS_2019,0,0.7354441649301677
mechanism_plus_parent,SAMD00154991,YachidaS_2019,0,0.5342454686363993
mechanism_plus_parent,SAMD00164756,YachidaS_2019,0,0.4514275945419
mechanism_plus_parent,SAMD00164758,YachidaS_2019,0,0.6330371356764488
mechanism_plus_parent,SAMD00154992,YachidaS_2019,0,0.613890783490881
mechanism_plus_parent,SAMD00154993,YachidaS_2019,1,0.4306265506779822
mechanism_plus_parent,SAMD00136648,YachidaS_2019,0,0.40132290105786156
mechanism_plus_parent,SAMD00164767,YachidaS_2019,1,0.2066051163992423
mechanism_plus_parent,SAMD00164769,YachidaS_2019,1,0.6078308736645047
mechanism_plus_parent,SAMD00154994,YachidaS_2019,1,0.6541597247129824
mechanism_plus_parent,SAMD00164771,YachidaS_2019,1,0.36986843858600643
mechanism_plus_parent,SAMD00154995,YachidaS_2019,1,0.5549390930134488
mechanism_plus_parent,SAMD00164773,YachidaS_2019,0,0.2066051163992423
mechanism_plus_parent,SAMD00164774,YachidaS_2019,0,0.20838328162793485
mechanism_plus_parent,SAMD00164776,YachidaS_2019,1,0.4345116396199144
mechanism_plus_parent,SAMD00164778,YachidaS_2019,1,0.48810064821338595
mechanism_plus_parent,SAMD00164779,YachidaS_2019,1,0.6039443828736913
mechanism_plus_parent,SAMD00164780,YachidaS_2019,1,0.39562503870869276
mechanism_plus_parent,SAMD00164803,YachidaS_2019,0,0.6238352426392263
mechanism_plus_parent,SAMD00164805,YachidaS_2019,0,0.2066051163992423
mechanism_plus_parent,SAMD00164806,YachidaS_2019,0,0.36664415313141535
mechanism_plus_parent,SAMD00164809,YachidaS_2019,0,0.7173428839844198
mechanism_plus_parent,SAMD00164812,YachidaS_2019,1,0.3198841088114397
mechanism_plus_parent,SAMD00164814,YachidaS_2019,0,0.38949713885442566
mechanism_plus_parent,SAMD00164817,YachidaS_2019,1,0.3477004325560373
mechanism_plus_parent,SAMD00164818,YachidaS_2019,1,0.3063037339024012
mechanism_plus_parent,SAMD00164819,YachidaS_2019,0,0.31906335860399465
mechanism_plus_parent,SAMD00164820,YachidaS_2019,1,0.5512903013043285
mechanism_plus_parent,SAMD00164821,YachidaS_2019,1,0.7701151602696916
mechanism_plus_parent,SAMD00164822,YachidaS_2019,1,0.5654991014550049
mechanism_plus_parent,SAMD00164823,YachidaS_2019,0,0.48152622985426413
mechanism_plus_parent,SAMD00164824,YachidaS_2019,0,0.2066051163992423
mechanism_plus_parent,SAMD00164825,YachidaS_2019,0,0.23526840169049085
mechanism_plus_parent,SAMD00164826,YachidaS_2019,1,0.4267923583191487
mechanism_plus_parent,SAMD00164827,YachidaS_2019,0,0.2066051163992423
mechanism_plus_parent,SAMD00164828,YachidaS_2019,0,0.43607155061571745
mechanism_plus_parent,SAMD00164829,YachidaS_2019,1,0.5634146818772862
mechanism_plus_parent,SAMD00164830,YachidaS_2019,1,0.2066051163992423
mechanism_plus_parent,SAMD00164831,YachidaS_2019,1,0.4012357953281392
mechanism_plus_parent,SAMD00164832,YachidaS_2019,1,0.2066051163992423
mechanism_plus_parent,SAMD00164833,YachidaS_2019,0,0.47074314496865133
mechanism_plus_parent,SAMD00164834,YachidaS_2019,1,0.49225130637307424
mechanism_plus_parent,SAMD00164835,YachidaS_2019,0,0.2066051163992423
mechanism_plus_parent,SAMD00164836,YachidaS_2019,1,0.4744008435997858
mechanism_plus_parent,SAMD00164837,YachidaS_2019,0,0.5404624026946233
mechanism_plus_parent,SAMD00164838,YachidaS_2019,1,0.3399734830131277
mechanism_plus_parent,SAMD00164839,YachidaS_2019,1,0.2066051163992423
mechanism_plus_parent,SAMD00164840,YachidaS_2019,0,0.40929005090312115
mechanism_plus_parent,SAMD00164841,YachidaS_2019,1,0.2066051163992423
mechanism_plus_parent,SAMD00164842,YachidaS_2019,1,0.5005115968442645
mechanism_plus_parent,SAMD00164843,YachidaS_2019,1,0.41599888598191115
mechanism_plus_parent,SAMD00164844,YachidaS_2019,1,0.38878491099880325
mechanism_plus_parent,SAMD00164845,YachidaS_2019,1,0.3232809390864762
mechanism_plus_parent,SAMD00164846,YachidaS_2019,1,0.28469227506423206
mechanism_plus_parent,SAMD00164847,YachidaS_2019,1,0.3797671999625621
mechanism_plus_parent,SAMD00164848,YachidaS_2019,0,0.2771123131911988
mechanism_plus_parent,SAMD00164849,YachidaS_2019,0,0.7122675540785879
mechanism_plus_parent,SAMD00164850,YachidaS_2019,1,0.2066051163992423
mechanism_plus_parent,SAMD00164851,YachidaS_2019,1,0.4251840409548919
mechanism_plus_parent,SAMD00164852,YachidaS_2019,1,0.5236292444673143
mechanism_plus_parent,SAMD00164853,YachidaS_2019,0,0.5394785049992316
mechanism_plus_parent,SAMD00164854,YachidaS_2019,1,0.4326741057400665
mechanism_plus_parent,SAMD00164855,YachidaS_2019,0,0.7618758488505061
mechanism_plus_parent,SAMD00164856,YachidaS_2019,0,0.23476791851907639
mechanism_plus_parent,SAMD00164858,YachidaS_2019,1,0.2066051163992423
mechanism_plus_parent,SAMD00164859,YachidaS_2019,1,0.45157809264888854
mechanism_plus_parent,SAMD00164860,YachidaS_2019,1,0.28828948597390985
mechanism_plus_parent,SAMD00164861,YachidaS_2019,1,0.5411760031095229
mechanism_plus_parent,SAMD00164862,YachidaS_2019,0,0.28363725123432526
mechanism_plus_parent,SAMD00164863,YachidaS_2019,1,0.5714644769281054
mechanism_plus_parent,SAMD00164864,YachidaS_2019,1,0.48091505064538903
mechanism_plus_parent,SAMD00164865,YachidaS_2019,0,0.4618433143067127
mechanism_plus_parent,SAMD00164866,YachidaS_2019,1,0.48749340118125334
mechanism_plus_parent,SAMD00164867,YachidaS_2019,1,0.32502045763858955
mechanism_plus_parent,SAMD00164868,YachidaS_2019,1,0.7833573749944175
mechanism_plus_parent,SAMD00164869,YachidaS_2019,1,0.3433222667225251
mechanism_plus_parent,SAMD00164870,YachidaS_2019,0,0.771380827740361
mechanism_plus_parent,SAMD00164871,YachidaS_2019,1,0.2066051163992423
mechanism_plus_parent,SAMD00164872,YachidaS_2019,0,0.2066051163992423
mechanism_plus_parent,SAMD00164873,YachidaS_2019,0,0.8182174668325173
mechanism_plus_parent,SAMD00164874,YachidaS_2019,0,0.2066051163992423
mechanism_plus_parent,SAMD00164875,YachidaS_2019,0,0.3085448771284385
mechanism_plus_parent,SAMD00164876,YachidaS_2019,0,0.41406336659346316
mechanism_plus_parent,SAMD00164877,YachidaS_2019,0,0.2066051163992423
mechanism_plus_parent,SAMD00164878,YachidaS_2019,0,0.35331037245981367
mechanism_plus_parent,SAMD00164879,YachidaS_2019,0,0.37195444302349323
mechanism_plus_parent,SAMD00164880,YachidaS_2019,1,0.38752477381083683
mechanism_plus_parent,SAMD00164881,YachidaS_2019,0,0.4990740637597388
mechanism_plus_parent,SAMD00164882,YachidaS_2019,0,0.5202169130604016
mechanism_plus_parent,SAMD00164883,YachidaS_2019,1,0.4744752910446563
mechanism_plus_parent,SAMD00164884,YachidaS_2019,1,0.33506769039601797
mechanism_plus_parent,SAMD00164885,YachidaS_2019,1,0.42652930761857705
mechanism_plus_parent,SAMD00164888,YachidaS_2019,0,0.46253365818213427
mechanism_plus_parent,SAMD00164889,YachidaS_2019,1,0.2066051163992423
mechanism_plus_parent,SAMD00164890,YachidaS_2019,0,0.47912853025795865
mechanism_plus_parent,SAMD00164891,YachidaS_2019,0,0.834013657614273
mechanism_plus_parent,SAMD00164892,YachidaS_2019,0,0.30504589846099733
mechanism_plus_parent,SAMD00164895,YachidaS_2019,0,0.5625201658519274
mechanism_plus_parent,SAMD00164896,YachidaS_2019,0,0.2066051163992423
mechanism_plus_parent,SAMD00164897,YachidaS_2019,0,0.7088732117024478
mechanism_plus_parent,SAMD00164898,YachidaS_2019,0,0.6141056342467862
mechanism_plus_parent,SAMD00164899,YachidaS_2019,0,0.4275719982274222
mechanism_plus_parent,SAMD00164901,YachidaS_2019,0,0.30768336519394546
mechanism_plus_parent,SAMD00164902,YachidaS_2019,0,0.4620095392288017
mechanism_plus_parent,SAMD00164903,YachidaS_2019,1,0.2066051163992423
mechanism_plus_parent,SAMD00164904,YachidaS_2019,0,0.2066051163992423
mechanism_plus_parent,SAMD00164905,YachidaS_2019,1,0.360873455880239
mechanism_plus_parent,SAMD00164907,YachidaS_2019,1,0.2066051163992423
mechanism_plus_parent,SAMD00164908,YachidaS_2019,0,0.21327274721421427
mechanism_plus_parent,SAMD00164909,YachidaS_2019,0,0.3346284295773518
mechanism_plus_parent,SAMD00164910,YachidaS_2019,1,0.4032010222249359
mechanism_plus_parent,SAMD00164911,YachidaS_2019,0,0.41984318787419145
mechanism_plus_parent,SAMD00164912,YachidaS_2019,1,0.6585210697102631
mechanism_plus_parent,SAMD00164913,YachidaS_2019,1,0.2066051163992423
mechanism_plus_parent,SAMD00164914,YachidaS_2019,0,0.35631466553525787
mechanism_plus_parent,SAMD00164915,YachidaS_2019,0,0.2577512182701761
mechanism_plus_parent,SAMD00164916,YachidaS_2019,0,0.21262170079771953
mechanism_plus_parent,SAMD00164917,YachidaS_2019,0,0.3143380481534237
mechanism_plus_parent,SAMD00164918,YachidaS_2019,0,0.5064725262300013
mechanism_plus_parent,SAMD00164919,YachidaS_2019,1,0.48252776666939023
mechanism_plus_parent,SAMD00164920,YachidaS_2019,0,0.2066051163992423
mechanism_plus_parent,SAMD00164923,YachidaS_2019,0,0.2066051163992423
mechanism_plus_parent,SAMD00164926,YachidaS_2019,0,0.372793110213289
mechanism_plus_parent,SAMD00164927,YachidaS_2019,0,0.2066051163992423
mechanism_plus_parent,SAMD00164928,YachidaS_2019,1,0.5001730293302955
mechanism_plus_parent,SAMD00164929,YachidaS_2019,0,0.2066051163992423
mechanism_plus_parent,SAMD00164930,YachidaS_2019,0,0.4329507436945487
mechanism_plus_parent,SAMD00164931,YachidaS_2019,0,0.5414957034116689
mechanism_plus_parent,SAMD00164932,YachidaS_2019,1,0.5346853963347492
mechanism_plus_parent,SAMD00164933,YachidaS_2019,0,0.2898115634894054
mechanism_plus_parent,SAMD00164934,YachidaS_2019,0,0.5976876475885592
mechanism_plus_parent,SAMD00164935,YachidaS_2019,0,0.4003931997368825
mechanism_plus_parent,SAMD00164936,YachidaS_2019,0,0.5600471853553721
mechanism_plus_parent,SAMD00164937,YachidaS_2019,1,0.524291943410193
mechanism_plus_parent,SAMD00164938,YachidaS_2019,0,0.5038681992101156
mechanism_plus_parent,SAMD00164939,YachidaS_2019,0,0.35465854156789656
mechanism_plus_parent,SAMD00164940,YachidaS_2019,1,0.20916708442462217
mechanism_plus_parent,SAMD00164941,YachidaS_2019,0,0.3629977592397474
mechanism_plus_parent,SAMD00164944,YachidaS_2019,1,0.5042483230425726
mechanism_plus_parent,SAMD00164946,YachidaS_2019,1,0.33464460086816256
mechanism_plus_parent,SAMD00164947,YachidaS_2019,0,0.2066051163992423
mechanism_plus_parent,SAMD00164949,YachidaS_2019,0,0.5743191265160957
mechanism_plus_parent,SAMD00164950,YachidaS_2019,0,0.5671763369204212
mechanism_plus_parent,SAMD00164951,YachidaS_2019,0,0.2066051163992423
mechanism_plus_parent,SAMD00164952,YachidaS_2019,0,0.4572949878466539
mechanism_plus_parent,SAMD00164953,YachidaS_2019,0,0.4093739119588646
mechanism_plus_parent,SAMD00164954,YachidaS_2019,0,0.5370674801552525
mechanism_plus_parent,SAMD00164955,YachidaS_2019,0,0.3937106935686809
mechanism_plus_parent,SAMD00164956,YachidaS_2019,0,0.40395381245596274
mechanism_plus_parent,SAMD00164957,YachidaS_2019,0,0.3077585107744337
mechanism_plus_parent,SAMD00164958,YachidaS_2019,0,0.6561364805952417
mechanism_plus_parent,SAMD00164960,YachidaS_2019,0,0.41164014138579996
mechanism_plus_parent,SAMD00164961,YachidaS_2019,0,0.35616396486771945
mechanism_plus_parent,SAMD00164962,YachidaS_2019,0,0.5163010017071256
mechanism_plus_parent,SAMD00164963,YachidaS_2019,0,0.5204658366407796
mechanism_plus_parent,SAMD00164964,YachidaS_2019,0,0.43173971435062886
mechanism_plus_parent,SAMD00164965,YachidaS_2019,0,0.4953310500077253
mechanism_plus_parent,SAMD00164966,YachidaS_2019,0,0.2066051163992423
mechanism_plus_parent,SAMD00164967,YachidaS_2019,0,0.3531433485693502
mechanism_plus_parent,SAMD00164968,YachidaS_2019,1,0.35887681986875564
mechanism_plus_parent,SAMD00164969,YachidaS_2019,0,0.5270359712946867
mechanism_plus_parent,SAMD00164970,YachidaS_2019,1,0.4022915623775976
mechanism_plus_parent,SAMD00164971,YachidaS_2019,1,0.26482007602764784
mechanism_plus_parent,SAMD00164972,YachidaS_2019,0,0.2066051163992423
mechanism_plus_parent,SAMD00164973,YachidaS_2019,0,0.49532356987331305
mechanism_plus_parent,SAMD00164974,YachidaS_2019,1,0.44252465792469636
mechanism_plus_parent,SAMD00164975,YachidaS_2019,1,0.215041349531397
mechanism_plus_parent,SAMD00164976,YachidaS_2019,1,0.2066051163992423
mechanism_plus_parent,SAMD00164977,YachidaS_2019,1,0.2066051163992423
mechanism_plus_parent,SAMD00164978,YachidaS_2019,1,0.7763483469275426
mechanism_plus_parent,SAMD00164979,YachidaS_2019,1,0.36523511090901256
mechanism_plus_parent,SAMD00164980,YachidaS_2019,1,0.53492766430174
mechanism_plus_parent,SAMD00164981,YachidaS_2019,1,0.7186658114743202
mechanism_plus_parent,SAMD00164982,YachidaS_2019,1,0.28377025498562575
mechanism_plus_parent,SAMD00164983,YachidaS_2019,0,0.4794790203272911
mechanism_plus_parent,SAMD00164984,YachidaS_2019,1,0.5660025394155365
mechanism_plus_parent,SAMD00164985,YachidaS_2019,1,0.29140830656823585
mechanism_plus_parent,SAMD00164986,YachidaS_2019,0,0.520705892795558
mechanism_plus_parent,SAMD00164987,YachidaS_2019,1,0.4646313329833666
mechanism_plus_parent,SAMD00164988,YachidaS_2019,1,0.3758731035946203
mechanism_plus_parent,SAMD00164989,YachidaS_2019,1,0.3392789361839161
mechanism_plus_parent,SAMD00164990,YachidaS_2019,1,0.5560108491324315
mechanism_plus_parent,SAMD00164991,YachidaS_2019,1,0.595654307646752
mechanism_plus_parent,SAMD00164992,YachidaS_2019,1,0.5257651109240769
mechanism_plus_parent,SAMD00164993,YachidaS_2019,1,0.5783099508290319
mechanism_plus_parent,SAMD00164994,YachidaS_2019,1,0.3187252563147462
mechanism_plus_parent,SAMD00164995,YachidaS_2019,1,0.5395733100419561
mechanism_plus_parent,SAMD00164996,YachidaS_2019,0,0.43750457779077806
mechanism_plus_parent,SAMD00164997,YachidaS_2019,1,0.6485738901959376
mechanism_plus_parent,SAMD00164998,YachidaS_2019,1,0.4511433220103686
mechanism_plus_parent,SAMD00164999,YachidaS_2019,0,0.2798612763031179
mechanism_plus_parent,SAMD00165000,YachidaS_2019,1,0.3792520547425535
mechanism_plus_parent,SAMD00165001,YachidaS_2019,0,0.2670584612478393
mechanism_plus_parent,SAMD00165002,YachidaS_2019,1,0.6198008659390033
mechanism_plus_parent,SAMD00165003,YachidaS_2019,1,0.6520787318990077
mechanism_plus_parent,SAMD00165004,YachidaS_2019,0,0.551103937264728
mechanism_plus_parent,SAMD00165005,YachidaS_2019,1,0.5702128414441329
mechanism_plus_parent,SAMD00165006,YachidaS_2019,1,0.5413875155874578
mechanism_plus_parent,SAMD00165007,YachidaS_2019,1,0.2066051163992423
mechanism_plus_parent,SAMD00165008,YachidaS_2019,0,0.2066051163992423
mechanism_plus_parent,SAMD00165009,YachidaS_2019,1,0.6633578887710353
mechanism_plus_parent,SAMD00165010,YachidaS_2019,0,0.3590654294357314
mechanism_plus_parent,SAMD00165011,YachidaS_2019,1,0.2120949356402986
mechanism_plus_parent,SAMD00165012,YachidaS_2019,1,0.2066051163992423
mechanism_plus_parent,SAMD00165014,YachidaS_2019,1,0.2066051163992423
mechanism_plus_parent,SAMD00165015,YachidaS_2019,0,0.4682732680327667
mechanism_plus_parent,SAMD00165016,YachidaS_2019,1,0.2066051163992423
mechanism_plus_parent,SAMD00165017,YachidaS_2019,1,0.5136046484550856
mechanism_plus_parent,SAMD00165018,YachidaS_2019,1,0.5479909303910316
mechanism_plus_parent,SAMD00165019,YachidaS_2019,1,0.4094098172113943
mechanism_plus_parent,SAMD00165020,YachidaS_2019,0,0.3241673019109015
mechanism_plus_parent,SAMD00165021,YachidaS_2019,0,0.2066051163992423
mechanism_plus_parent,SAMD00165022,YachidaS_2019,0,0.6471643382794845
mechanism_plus_parent,SAMD00165023,YachidaS_2019,0,0.45693912630292755
mechanism_plus_parent,SAMD00165024,YachidaS_2019,0,0.37405082222860425
mechanism_plus_parent,SAMD00165025,YachidaS_2019,0,0.3458797098805108
mechanism_plus_parent,SAMD00165026,YachidaS_2019,0,0.3047702552350647
mechanism_plus_parent,SAMD00165027,YachidaS_2019,0,0.5681817176125215
mechanism_plus_parent,SAMD00165028,YachidaS_2019,0,0.2066051163992423
mechanism_plus_parent,SAMD00165029,YachidaS_2019,0,0.2066051163992423
mechanism_plus_parent,SAMD00165030,YachidaS_2019,0,0.28548150306518777
mechanism_plus_parent,SAMD00165031,YachidaS_2019,0,0.46902221950257317
mechanism_plus_parent,SAMD00165032,YachidaS_2019,0,0.35079410227239166
mechanism_plus_parent,SAMD00165033,YachidaS_2019,0,0.5786654193351629
mechanism_plus_parent,SZAXPI003409-8,YuJ_2015,1,0.6290242392652148
mechanism_plus_parent,SZAXPI003410-3,YuJ_2015,1,0.6162866861374998
mechanism_plus_parent,SZAXPI003411-6,YuJ_2015,1,0.5662203062610305
mechanism_plus_parent,SZAXPI003412-1,YuJ_2015,1,0.6197717768836662
mechanism_plus_parent,SZAXPI003413-4,YuJ_2015,1,0.6255843954140312
mechanism_plus_parent,SZAXPI003414-3,YuJ_2015,1,0.5964781349899361
mechanism_plus_parent,SZAXPI003415-12,YuJ_2015,1,0.7329833110354569
mechanism_plus_parent,SZAXPI003416-4,YuJ_2015,1,0.6309550783167295
mechanism_plus_parent,SZAXPI003417-4,YuJ_2015,0,0.5796222697829966
mechanism_plus_parent,SZAXPI003418-8,YuJ_2015,1,0.6295305402784526
mechanism_plus_parent,SZAXPI003419-6,YuJ_2015,0,0.47911844728407876
mechanism_plus_parent,SZAXPI003420-4,YuJ_2015,1,0.5137986771409467
mechanism_plus_parent,SZAXPI003421-5,YuJ_2015,1,0.47817140659607926
mechanism_plus_parent,SZAXPI003422-11,YuJ_2015,1,0.8675982577215943
mechanism_plus_parent,SZAXPI003423-8,YuJ_2015,1,0.5930677218761594
mechanism_plus_parent,SZAXPI003424-12,YuJ_2015,1,0.6317882358214549
mechanism_plus_parent,SZAXPI003425-1,YuJ_2015,1,0.6367704313573951
mechanism_plus_parent,SZAXPI003426-11,YuJ_2015,1,0.5127310932905174
mechanism_plus_parent,SZAXPI003427-1,YuJ_2015,0,0.5721514412401917
mechanism_plus_parent,SZAXPI003428-6,YuJ_2015,1,0.6642813528602179
mechanism_plus_parent,SZAXPI003429-3,YuJ_2015,0,0.5668614060189453
mechanism_plus_parent,SZAXPI003430-5,YuJ_2015,1,0.5224036451219058
mechanism_plus_parent,SZAXPI003431-1,YuJ_2015,1,0.6500195290460462
mechanism_plus_parent,SZAXPI003432-12,YuJ_2015,1,0.5937109569656471
mechanism_plus_parent,SZAXPI003433-7,YuJ_2015,0,0.5973170266448189
mechanism_plus_parent,SZAXPI003434-7,YuJ_2015,1,0.6003366678151468
mechanism_plus_parent,SZAXPI003435-11,YuJ_2015,1,0.6364460954575042
mechanism_plus_parent,SZAXPI003436-7,YuJ_2015,1,0.582531216056094
mechanism_plus_parent,SZAXPI003437-3,YuJ_2015,1,0.5834410332880134
mechanism_plus_parent,SZAXPI015209-133,YuJ_2015,1,0.44218635150035357
mechanism_plus_parent,SZAXPI015210-17,YuJ_2015,1,0.6235085501127409
mechanism_plus_parent,SZAXPI015211-166,YuJ_2015,1,0.757311463415649
mechanism_plus_parent,SZAXPI015212-113,YuJ_2015,0,0.5407608487730414
mechanism_plus_parent,SZAXPI015213-15,YuJ_2015,1,0.5616398283196272
mechanism_plus_parent,SZAXPI015214-19,YuJ_2015,1,0.7798642897430721
mechanism_plus_parent,SZAXPI015215-20,YuJ_2015,1,0.5334901959474844
mechanism_plus_parent,SZAXPI015216-169,YuJ_2015,1,0.6390019595744015
mechanism_plus_parent,SZAXPI015217-140,YuJ_2015,1,0.5925035299172235
mechanism_plus_parent,SZAXPI015218-16,YuJ_2015,1,0.5449760616924465
mechanism_plus_parent,SZAXPI015219-129,YuJ_2015,1,0.6316628860617571
mechanism_plus_parent,SZAXPI015220-136,YuJ_2015,1,0.5270411269584381
mechanism_plus_parent,SZAXPI015221-142,YuJ_2015,1,0.6985705997747423
mechanism_plus_parent,SZAXPI015222-123,YuJ_2015,1,0.48803725907063494
mechanism_plus_parent,SZAXPI015223-158,YuJ_2015,1,0.40821071652502544
mechanism_plus_parent,SZAXPI015224-13,YuJ_2015,1,0.601129834568799
mechanism_plus_parent,SZAXPI015225-18,YuJ_2015,1,0.5149520829064045
mechanism_plus_parent,SZAXPI015226-14,YuJ_2015,1,0.6125157321051028
mechanism_plus_parent,SZAXPI015227-13,YuJ_2015,0,0.4728448647396649
mechanism_plus_parent,SZAXPI015228-14,YuJ_2015,0,0.6037386556706182
mechanism_plus_parent,SZAXPI015229-15,YuJ_2015,0,0.5756357596086034
mechanism_plus_parent,SZAXPI015230-16,YuJ_2015,0,0.4454313107796288
mechanism_plus_parent,SZAXPI015231-17,YuJ_2015,0,0.6249786358489662
mechanism_plus_parent,SZAXPI015232-18,YuJ_2015,0,0.7429530205883877
mechanism_plus_parent,SZAXPI015233-19,YuJ_2015,0,0.7472991407180252
mechanism_plus_parent,SZAXPI015234-20,YuJ_2015,0,0.5702881840767101
mechanism_plus_parent,SZAXPI015235-21,YuJ_2015,0,0.5441799507836094
mechanism_plus_parent,SZAXPI015237-23,YuJ_2015,1,0.6433114918098566
mechanism_plus_parent,SZAXPI015238-24,YuJ_2015,0,0.5824375424519761
mechanism_plus_parent,SZAXPI015239-25,YuJ_2015,0,0.5797200941101401
mechanism_plus_parent,SZAXPI015240-26,YuJ_2015,0,0.5905783175859279
mechanism_plus_parent,SZAXPI015241-27,YuJ_2015,0,0.621881350865314
mechanism_plus_parent,SZAXPI015242-30,YuJ_2015,0,0.535527494450343
mechanism_plus_parent,SZAXPI015243-31,YuJ_2015,0,0.6307516282111072
mechanism_plus_parent,SZAXPI015244-32,YuJ_2015,0,0.4858007643093026
mechanism_plus_parent,SZAXPI015245-33,YuJ_2015,0,0.3547709332281984
mechanism_plus_parent,SZAXPI015246-34,YuJ_2015,0,0.5825121259509034
mechanism_plus_parent,SZAXPI015247-35,YuJ_2015,0,0.5826797403767207
mechanism_plus_parent,SZAXPI015248-36,YuJ_2015,0,0.4733319405183923
mechanism_plus_parent,SZAXPI015249-37,YuJ_2015,0,0.5460497375230159
mechanism_plus_parent,SZAXPI015250-39,YuJ_2015,0,0.6008661564504809
mechanism_plus_parent,SZAXPI015251-41,YuJ_2015,0,0.47496597774792354
mechanism_plus_parent,SZAXPI015252-43,YuJ_2015,0,0.5590262694644407
mechanism_plus_parent,SZAXPI015253-44,YuJ_2015,0,0.4843164521272873
mechanism_plus_parent,SZAXPI015254-45,YuJ_2015,0,0.6456314947743442
mechanism_plus_parent,SZAXPI015255-46,YuJ_2015,0,0.6000115532312711
mechanism_plus_parent,SZAXPI015256-47,YuJ_2015,0,0.49309665925926965
mechanism_plus_parent,SZAXPI015257-56,YuJ_2015,0,0.45832554377745316
mechanism_plus_parent,SZAXPI015258-57,YuJ_2015,0,0.5178229467371032
mechanism_plus_parent,SZAXPI015259-62,YuJ_2015,0,0.5459070542005614
mechanism_plus_parent,SZAXPI015260-74,YuJ_2015,0,0.5104863332258577
mechanism_plus_parent,SZAXPI015261-75,YuJ_2015,0,0.4609188587129737
mechanism_plus_parent,SZAXPI015262-79,YuJ_2015,0,0.5346960324687253
mechanism_plus_parent,SZAXPI015263-84,YuJ_2015,0,0.537841928817616
mechanism_plus_parent,SZAXPI015264-87,YuJ_2015,0,0.3547709332281984
mechanism_plus_parent,SZAXPI015265-88,YuJ_2015,0,0.42921257068996244
mechanism_plus_parent,SZAXPI015266-89,YuJ_2015,0,0.3986187259925224
mechanism_plus_parent,SZAXPI015267-102,YuJ_2015,0,0.6175721016863509
mechanism_plus_parent,SZAXPI015268-109,YuJ_2015,0,0.585739568105235
mechanism_plus_parent,SZAXPI015269-94,YuJ_2015,0,0.45504016111051593
mechanism_plus_parent,SZAXPI015270-90,YuJ_2015,0,0.5356107740205667
mechanism_plus_parent,SZAXPI015271-93,YuJ_2015,0,0.4181019420763909
mechanism_plus_parent,SZAXPI015272-108,YuJ_2015,0,0.5230689978642307
mechanism_plus_parent,SZAXPI015273-95,YuJ_2015,0,0.4369525851225855
mechanism_plus_parent,SZAXPI015274-111,YuJ_2015,0,0.553010727696981
mechanism_plus_parent,SZAXPI017451-16,YuJ_2015,1,0.7030962891150024
mechanism_plus_parent,SZAXPI017452-17,YuJ_2015,1,0.7123284929472863
mechanism_plus_parent,SZAXPI017453-19,YuJ_2015,1,0.6553271499564063
mechanism_plus_parent,SZAXPI017454-20,YuJ_2015,1,0.577954417815738
mechanism_plus_parent,SZAXPI017455-21,YuJ_2015,1,0.5700349386668094
mechanism_plus_parent,SZAXPI017456-23,YuJ_2015,1,0.7548130410027927
mechanism_plus_parent,SZAXPI017457-24,YuJ_2015,1,0.6982540570809269
mechanism_plus_parent,SZAXPI017458-25,YuJ_2015,1,0.5559049196833815
mechanism_plus_parent,SZAXPI017459-26,YuJ_2015,1,0.6705772925137565
mechanism_plus_parent,SZAXPI017460-27,YuJ_2015,1,0.3677529152351382
mechanism_plus_parent,SZAXPI017461-32,YuJ_2015,1,0.5677421233069457
mechanism_plus_parent,SZAXPI017462-33,YuJ_2015,1,0.5345086089035577
mechanism_plus_parent,SZAXPI017463-36,YuJ_2015,1,0.6691735155899685
mechanism_plus_parent,SZAXPI017464-37,YuJ_2015,1,0.5699489807267328
mechanism_plus_parent,SZAXPI017465-43,YuJ_2015,1,0.5842076263537264
mechanism_plus_parent,SZAXPI017466-84,YuJ_2015,1,0.6670788033482646
mechanism_plus_parent,SZAXPI017467-87,YuJ_2015,1,0.5215692653730591
mechanism_plus_parent,SZAXPI017468-88,YuJ_2015,1,0.5024921226911226
mechanism_plus_parent,SZAXPI017580-90,YuJ_2015,1,0.3547709332281984
mechanism_plus_parent,SZAXPI017581-93,YuJ_2015,1,0.6027573115918456
mechanism_plus_parent,SZAXPI017582-94,YuJ_2015,1,0.6352361872854274
mechanism_plus_parent,SZAXPI017583-102,YuJ_2015,1,0.6020657752232398
mechanism_plus_parent,SZAXPI017584-108,YuJ_2015,1,0.600744914647292
mechanism_plus_parent,SZAXPI017585-109,YuJ_2015,1,0.6015812932068574
mechanism_plus_parent,SZAXPI017586-111,YuJ_2015,1,0.46954761655945404
mechanism_plus_parent,SZAXPI017587-113,YuJ_2015,1,0.5742169906267522
mechanism_plus_parent,SZAXPI017588-123,YuJ_2015,1,0.6246602952956506
mechanism_plus_parent,SZAXPI017589-133,YuJ_2015,1,0.5712098497764387
mechanism_plus_parent,SZAXPI017590-136,YuJ_2015,1,0.3922341438106881
mechanism_plus_parent,SZAXPI017591-140,YuJ_2015,0,0.43234013748899697
mechanism_plus_parent,SZAXPI017592-142,YuJ_2015,0,0.7266714865710013
mechanism_plus_parent,SZAXPI017593-158,YuJ_2015,1,0.4450517023045085
mechanism_plus_parent,SZAXPI017594-166,YuJ_2015,1,0.5303078041799523
mechanism_plus_parent,SZAXPI017595-169,YuJ_2015,1,0.7087346023898315
mechanism_plus_parent,CCIS00146684ST-4-0,ZellerG_2014,0,0.5192098683227715
mechanism_plus_parent,CCIS00281083ST-3-0,ZellerG_2014,0,0.3786954625380564
mechanism_plus_parent,CCIS02124300ST-4-0,ZellerG_2014,0,0.5255128269236597
mechanism_plus_parent,CCIS02379307ST-4-0,ZellerG_2014,1,0.5728976174221727
mechanism_plus_parent,CCIS02856720ST-4-0,ZellerG_2014,0,0.6610410789382356
mechanism_plus_parent,CCIS03473770ST-4-0,ZellerG_2014,0,0.562067166826791
mechanism_plus_parent,CCIS03857607ST-4-0,ZellerG_2014,0,0.39652974760796206
mechanism_plus_parent,CCIS05314658ST-4-0,ZellerG_2014,0,0.44027297242958396
mechanism_plus_parent,CCIS06260551ST-3-0,ZellerG_2014,1,0.6015917917816382
mechanism_plus_parent,CCIS07277498ST-4-0,ZellerG_2014,0,0.3475840415274618
mechanism_plus_parent,CCIS07539127ST-4-0,ZellerG_2014,0,0.5213145746472584
mechanism_plus_parent,CCIS07648107ST-4-0,ZellerG_2014,0,0.3475840415274618
mechanism_plus_parent,CCIS09568613ST-4-0,ZellerG_2014,0,0.691504330822069
mechanism_plus_parent,CCIS10706551ST-3-0,ZellerG_2014,0,0.3475840415274618
mechanism_plus_parent,CCIS11015875ST-4-0,ZellerG_2014,1,0.5850466376254317
mechanism_plus_parent,CCIS11354283ST-4-0,ZellerG_2014,0,0.5779022189434478
mechanism_plus_parent,CCIS11362406ST-4-0,ZellerG_2014,0,0.5253573005148519
mechanism_plus_parent,CCIS11558985ST-4-0,ZellerG_2014,0,0.3475840415274618
mechanism_plus_parent,CCIS12370844ST-4-0,ZellerG_2014,1,0.3475840415274618
mechanism_plus_parent,CCIS12656533ST-4-0,ZellerG_2014,1,0.5790544263593155
mechanism_plus_parent,CCIS13047523ST-4-0,ZellerG_2014,0,0.7664041845745588
mechanism_plus_parent,CCIS14449628ST-4-0,ZellerG_2014,1,0.6358197009251297
mechanism_plus_parent,CCIS15704761ST-4-0,ZellerG_2014,1,0.44803234461882174
mechanism_plus_parent,CCIS15794887ST-4-0,ZellerG_2014,0,0.46232652875478314
mechanism_plus_parent,CCIS16326685ST-4-0,ZellerG_2014,0,0.44685326317383556
mechanism_plus_parent,CCIS16383318ST-4-0,ZellerG_2014,0,0.45242066298244876
mechanism_plus_parent,CCIS16561622ST-4-0,ZellerG_2014,0,0.4636775882504567
mechanism_plus_parent,CCIS17669415ST-4-0,ZellerG_2014,1,0.49930777082454886
mechanism_plus_parent,CCIS20795251ST-4-0,ZellerG_2014,0,0.5267392887247944
mechanism_plus_parent,CCIS21126322ST-4-0,ZellerG_2014,0,0.3475840415274618
mechanism_plus_parent,CCIS21278152ST-4-0,ZellerG_2014,1,0.41300554828687447
mechanism_plus_parent,CCIS22416007ST-4-0,ZellerG_2014,1,0.46603884513091354
mechanism_plus_parent,CCIS22958137ST-20-0,ZellerG_2014,1,0.5747451117158606
mechanism_plus_parent,CCIS23164343ST-4-0,ZellerG_2014,0,0.47729978527371275
mechanism_plus_parent,CCIS24254057ST-4-0,ZellerG_2014,1,0.6794247340914729
mechanism_plus_parent,CCIS27304052ST-3-0,ZellerG_2014,0,0.42962557088623166
mechanism_plus_parent,CCIS27927933ST-4-0,ZellerG_2014,0,0.3806591261261004
mechanism_plus_parent,CCIS29210128ST-4-0,ZellerG_2014,0,0.4731485167994801
mechanism_plus_parent,CCIS29688262ST-20-0,ZellerG_2014,0,0.5740383544617212
mechanism_plus_parent,CCIS32452666ST-4-0,ZellerG_2014,0,0.4374258116283915
mechanism_plus_parent,CCIS33816588ST-4-0,ZellerG_2014,1,0.6114384861445886
mechanism_plus_parent,CCIS34055159ST-4-0,ZellerG_2014,1,0.7081863009744931
mechanism_plus_parent,CCIS34604008ST-4-0,ZellerG_2014,0,0.471714944030636
mechanism_plus_parent,CCIS35100175ST-4-0,ZellerG_2014,1,0.5895937825932316
mechanism_plus_parent,CCIS36699628ST-4-0,ZellerG_2014,0,0.7748798273905386
mechanism_plus_parent,CCIS36797902ST-4-0,ZellerG_2014,0,0.637752719984289
mechanism_plus_parent,CCIS38765456ST-20-0,ZellerG_2014,1,0.5706819465664951
mechanism_plus_parent,CCIS40244499ST-3-0,ZellerG_2014,1,0.5342875489663027
mechanism_plus_parent,CCIS41222843ST-4-0,ZellerG_2014,1,0.5043172221185885
mechanism_plus_parent,CCIS41288781ST-4-0,ZellerG_2014,1,0.8077928285943526
mechanism_plus_parent,CCIS41548810ST-4-0,ZellerG_2014,1,0.4273565870869095
mechanism_plus_parent,CCIS41692898ST-4-0,ZellerG_2014,0,0.6069200201681835
mechanism_plus_parent,CCIS44093303ST-4-0,ZellerG_2014,0,0.48259104434881367
mechanism_plus_parent,CCIS44757994ST-4-0,ZellerG_2014,1,0.6016559329587962
mechanism_plus_parent,CCIS45571137ST-3-0,ZellerG_2014,0,0.3927813233879221
mechanism_plus_parent,CCIS45793747ST-4-0,ZellerG_2014,0,0.6350836298322058
mechanism_plus_parent,CCIS46047672ST-4-0,ZellerG_2014,1,0.4527854052844566
mechanism_plus_parent,CCIS46467422ST-4-0,ZellerG_2014,1,0.586350210074876
mechanism_plus_parent,CCIS47284573ST-4-0,ZellerG_2014,1,0.5245037038616921
mechanism_plus_parent,CCIS48174381ST-4-0,ZellerG_2014,0,0.6885017530580178
mechanism_plus_parent,CCIS48725289ST-4-0,ZellerG_2014,1,0.5067282379792157
mechanism_plus_parent,CCIS50003399ST-4-0,ZellerG_2014,0,0.3475840415274618
mechanism_plus_parent,CCIS50148151ST-4-0,ZellerG_2014,1,0.5208222582730568
mechanism_plus_parent,CCIS50471204ST-4-0,ZellerG_2014,0,0.5902180405150015
mechanism_plus_parent,CCIS51595129ST-4-0,ZellerG_2014,0,0.5343009844665124
mechanism_plus_parent,CCIS52370277ST-4-0,ZellerG_2014,1,0.7874988457493436
mechanism_plus_parent,CCIS53043478ST-4-0,ZellerG_2014,1,0.5162687902733307
mechanism_plus_parent,CCIS53355328ST-4-0,ZellerG_2014,1,0.41163555859367146
mechanism_plus_parent,CCIS55230578ST-4-0,ZellerG_2014,1,0.6098726824072326
mechanism_plus_parent,CCIS58234805ST-4-0,ZellerG_2014,1,0.6334174170545606
mechanism_plus_parent,CCIS59132091ST-4-0,ZellerG_2014,1,0.39360492928969426
mechanism_plus_parent,CCIS61287323ST-4-0,ZellerG_2014,1,0.5951878673194148
mechanism_plus_parent,CCIS62605362ST-3-0,ZellerG_2014,1,0.563748006689611
mechanism_plus_parent,CCIS62794166ST-4-0,ZellerG_2014,1,0.4590147112241799
mechanism_plus_parent,CCIS63448910ST-4-0,ZellerG_2014,0,0.5882243727505929
mechanism_plus_parent,CCIS63468405ST-4-0,ZellerG_2014,0,0.45122752927084603
mechanism_plus_parent,CCIS63910149ST-4-0,ZellerG_2014,0,0.3475840415274618
mechanism_plus_parent,CCIS64773582ST-4-0,ZellerG_2014,0,0.5179203932403129
mechanism_plus_parent,CCIS64785924ST-20-0,ZellerG_2014,0,0.3475840415274618
mechanism_plus_parent,CCIS65479369ST-4-0,ZellerG_2014,1,0.6419774784405641
mechanism_plus_parent,CCIS71301801ST-4-0,ZellerG_2014,1,0.5157368299024789
mechanism_plus_parent,CCIS71578391ST-4-0,ZellerG_2014,0,0.4572470776723942
mechanism_plus_parent,CCIS72607085ST-4-0,ZellerG_2014,1,0.507617778755965
mechanism_plus_parent,CCIS74239020ST-4-0,ZellerG_2014,0,0.5068157977588847
mechanism_plus_parent,CCIS76845094ST-20-0,ZellerG_2014,1,0.5504663733858446
mechanism_plus_parent,CCIS77252613ST-4-0,ZellerG_2014,1,0.47240838081404357
mechanism_plus_parent,CCIS78100604ST-4-0,ZellerG_2014,0,0.5688744437001703
mechanism_plus_parent,CCIS78318719ST-4-0,ZellerG_2014,1,0.5538100464795009
mechanism_plus_parent,CCIS79210440ST-3-0,ZellerG_2014,0,0.46024752146786346
mechanism_plus_parent,CCIS80834637ST-4-0,ZellerG_2014,0,0.5718207005388023
mechanism_plus_parent,CCIS81139242ST-4-0,ZellerG_2014,0,0.5421201004449139
mechanism_plus_parent,CCIS81887263ST-4-0,ZellerG_2014,1,0.6349859772422637
mechanism_plus_parent,CCIS82146115ST-4-0,ZellerG_2014,1,0.3922645860816215
mechanism_plus_parent,CCIS82507866ST-3-0,ZellerG_2014,0,0.40629354230871617
mechanism_plus_parent,CCIS82944710ST-20-0,ZellerG_2014,0,0.48012059753478353
mechanism_plus_parent,CCIS83870198ST-4-0,ZellerG_2014,1,0.588329209245041
mechanism_plus_parent,CCIS84543192ST-4-0,ZellerG_2014,1,0.5942397452767395
mechanism_plus_parent,CCIS85214191ST-3-0,ZellerG_2014,1,0.4534788676108817
mechanism_plus_parent,CCIS87116798ST-4-0,ZellerG_2014,1,0.4283246980403498
mechanism_plus_parent,CCIS87167916ST-4-0,ZellerG_2014,1,0.578772217557215
mechanism_plus_parent,CCIS87252800ST-4-0,ZellerG_2014,1,0.5466180051119628
mechanism_plus_parent,CCIS87605453ST-4-0,ZellerG_2014,1,0.3475840415274618
mechanism_plus_parent,CCIS88007743ST-4-0,ZellerG_2014,0,0.8405228687491741
mechanism_plus_parent,CCIS88317640ST-4-0,ZellerG_2014,0,0.6092113472467796
mechanism_plus_parent,CCIS90164298ST-4-0,ZellerG_2014,0,0.41868636946481713
mechanism_plus_parent,CCIS91228662ST-4-0,ZellerG_2014,1,0.5593561377889364
mechanism_plus_parent,CCIS93040568ST-20-0,ZellerG_2014,0,0.45245831546418164
mechanism_plus_parent,CCIS94417875ST-3-0,ZellerG_2014,0,0.39365363437912726
mechanism_plus_parent,CCIS94603952ST-4-0,ZellerG_2014,0,0.5984697689229804
mechanism_plus_parent,CCIS95097901ST-4-0,ZellerG_2014,0,0.4950001580693799
mechanism_plus_parent,CCIS95409808ST-4-0,ZellerG_2014,0,0.49091170982824744
mechanism_plus_parent,CCIS98482370ST-3-0,ZellerG_2014,0,0.3475840415274618
mechanism_plus_parent,CCIS98512455ST-4-0,ZellerG_2014,1,0.5057400395285901
mechanism_plus_parent,CCIS98832363ST-4-0,ZellerG_2014,1,0.5140642553721421
