cohort,rf_auc,xgb_auc
FengQ_2015,0.82679971489665,0.8385602280826799
ThomasAM_2018a,0.7974137931034483,0.7887931034482759
ThomasAM_2018b,0.7957589285714285,0.78125
ThomasAM_2019_c,0.7575000000000001,0.8224999999999999
VogtmannE_2016,0.7167159763313609,0.713387573964497
YuJ_2015,0.7532532532532533,0.7805305305305306
ZellerG_2014,0.8366841942468296,0.8063717909062791
