comparison,mean_a,mean_b,mean_diff,ci_low,ci_high,t_stat,t_pvalue,wilcoxon_stat,wilcoxon_pvalue,n_folds
Species RF vs Joint RF,0.8028571428571428,0.779157715509304,0.023699427347838697,-0.010290623967016585,0.05625608041451698,1.2992864870643999,0.2415344186477248,6.0,0.21875,7
Species RF vs Joint XGB,0.8028571428571428,0.7829614128710114,0.019895729986131507,0.002976788209853143,0.0381654560809807,2.0899617578795904,0.08160259322039845,4.0,0.109375,7
Joint XGB vs Joint RF,0.7829614128710114,0.779157715509304,0.0038036973617071907,-0.021651845352188576,0.03163570293702002,0.2579491565274599,0.8050657147833999,13.0,0.9375,7
