comparison,mean_a,mean_b,mean_diff,ci_low,ci_high,t_stat,t_pvalue,wilcoxon_stat,wilcoxon_pvalue,n_folds
Species RF vs Joint RF,0.8029190793889661,0.7834465514861387,0.01947252790282748,-0.0182392688565404,0.059852893345234484,0.8923727218070847,0.4065565474084784,9.0,0.46875,7
Species RF vs Joint XGB,0.8029190793889661,0.7901990324188947,0.012720046970071517,-0.016011586677267813,0.04387687545278353,0.8095544940451169,0.4491015487244535,7.0,0.296875,7
Joint XGB vs Joint RF,0.7901990324188947,0.7834465514861387,0.006752480932755965,-0.012833034665709191,0.03016479578361909,0.5648150593789975,0.5926729317052358,13.0,0.9375,7
